[
    {
        "client_msg_id": "28c16bb1-6788-4e31-b348-7228c5980156",
        "type": "message",
        "text": "Just started a mini storm on opensource ultrasound : <https:\/\/twitter.com\/RealSexyCyborg\/status\/1382655095448371207?s=19|https:\/\/twitter.com\/RealSexyCyborg\/status\/1382655095448371207?s=19> :\/ Such an interesting debate :)",
        "user": "U5M5PLH9S",
        "ts": "1618498977.005800",
        "team": "T5M5PLH8U",
        "user_team": "T5M5PLH8U",
        "source_team": "T5M5PLH8U",
        "user_profile": {
            "avatar_hash": "e4fb6ae9f526",
            "image_72": "https:\/\/avatars.slack-edge.com\/2017-06-01\/191144530514_e4fb6ae9f526531fd41c_72.jpg",
            "first_name": "",
            "real_name": "kelu",
            "display_name": "",
            "team": "T5M5PLH8U",
            "name": "kelu",
            "is_restricted": false,
            "is_ultra_restricted": false
        },
        "blocks": [
            {
                "type": "rich_text",
                "block_id": "WeA",
                "elements": [
                    {
                        "type": "rich_text_section",
                        "elements": [
                            {
                                "type": "text",
                                "text": "Just started a mini storm on opensource ultrasound : "
                            },
                            {
                                "type": "link",
                                "url": "https:\/\/twitter.com\/RealSexyCyborg\/status\/1382655095448371207?s=19",
                                "text": "https:\/\/twitter.com\/RealSexyCyborg\/status\/1382655095448371207?s=19"
                            },
                            {
                                "type": "text",
                                "text": " :\/ Such an interesting debate :)"
                            }
                        ]
                    }
                ]
            }
        ],
        "reactions": [
            {
                "name": "open_mouth",
                "users": [
                    "U8Z3VB1T2",
                    "U01N3PNAHS9"
                ],
                "count": 2
            }
        ]
    }
]