[
    {
        "client_msg_id": "6f9742e7-87fa-4871-b602-a024b92229da",
        "type": "message",
        "text": "I think you just summed up Twitter in under 280 characters !",
        "user": "U01N3PNAHS9",
        "ts": "1618664625.007000",
        "team": "T5M5PLH8U",
        "user_team": "T5M5PLH8U",
        "source_team": "T5M5PLH8U",
        "user_profile": {
            "avatar_hash": "96f2f41bd32d",
            "image_72": "https:\/\/avatars.slack-edge.com\/2021-02-15\/1761057808980_96f2f41bd32d3c2b97ec_72.jpg",
            "first_name": "",
            "real_name": "lewis mcfadyen",
            "display_name": "lewis mcfadyen",
            "team": "T5M5PLH8U",
            "name": "lewismcfadyen",
            "is_restricted": false,
            "is_ultra_restricted": false
        },
        "blocks": [
            {
                "type": "rich_text",
                "block_id": "o640H",
                "elements": [
                    {
                        "type": "rich_text_section",
                        "elements": [
                            {
                                "type": "text",
                                "text": "I think you just summed up Twitter in under 280 characters !"
                            }
                        ]
                    }
                ]
            }
        ],
        "thread_ts": "1618562414.006100",
        "parent_user_id": "U01N3PNAHS9",
        "reactions": [
            {
                "name": "sweat_smile",
                "users": [
                    "U5M5PLH9S"
                ],
                "count": 1
            }
        ]
    }
]