[
    {
        "client_msg_id": "68a46f98-69fc-4466-b09c-f8b92196954d",
        "type": "message",
        "text": "<https:\/\/www.exo.inc\/technology\/> Nice !",
        "user": "U5M5PLH9S",
        "ts": "1618429264.005300",
        "team": "T5M5PLH8U",
        "user_team": "T5M5PLH8U",
        "source_team": "T5M5PLH8U",
        "user_profile": {
            "avatar_hash": "e4fb6ae9f526",
            "image_72": "https:\/\/avatars.slack-edge.com\/2017-06-01\/191144530514_e4fb6ae9f526531fd41c_72.jpg",
            "first_name": "",
            "real_name": "kelu",
            "display_name": "",
            "team": "T5M5PLH8U",
            "name": "kelu",
            "is_restricted": false,
            "is_ultra_restricted": false
        },
        "attachments": [
            {
                "title": "Exo | Exo Cello™",
                "title_link": "https:\/\/www.exo.inc\/technology\/",
                "text": "Exo Cello™ is the most advanced ultrasound silicon in the world — designed to deliver an ultra-wideband pMUT transducer with unprecedented performance.",
                "fallback": "Exo | Exo Cello™",
                "image_url": "https:\/\/images.ctfassets.net\/ofxr6aa043ks\/2zjDOXsD6vyKPNOWcRyJnE\/1a744d6384d5ea7e8b63a3630536ef18\/exo-cello.jpg",
                "image_width": 478,
                "image_height": 250,
                "from_url": "https:\/\/www.exo.inc\/technology\/",
                "image_bytes": 80597,
                "service_icon": "https:\/\/www.exo.inc\/favicons\/apple-touch-icon-57x57.png",
                "service_name": "exo.inc",
                "id": 1,
                "original_url": "https:\/\/www.exo.inc\/technology\/"
            }
        ],
        "blocks": [
            {
                "type": "rich_text",
                "block_id": "oJ65",
                "elements": [
                    {
                        "type": "rich_text_section",
                        "elements": [
                            {
                                "type": "link",
                                "url": "https:\/\/www.exo.inc\/technology\/"
                            },
                            {
                                "type": "text",
                                "text": " Nice !"
                            }
                        ]
                    }
                ]
            }
        ],
        "thread_ts": "1618429264.005300",
        "reply_count": 1,
        "reply_users_count": 1,
        "latest_reply": "1618434920.005600",
        "reply_users": [
            "U8Z3VB1T2"
        ],
        "replies": [
            {
                "user": "U8Z3VB1T2",
                "ts": "1618434920.005600"
            }
        ],
        "is_locked": false,
        "subscribed": true,
        "last_read": "1618434920.005600",
        "reactions": [
            {
                "name": "raised_hands",
                "users": [
                    "U8Z3VB1T2"
                ],
                "count": 1
            }
        ]
    },
    {
        "client_msg_id": "f2c44d57-557e-4e17-8ecb-9489c9442fb8",
        "type": "message",
        "text": "woah really cool!!",
        "user": "U8Z3VB1T2",
        "ts": "1618434920.005600",
        "team": "T5M5PLH8U",
        "user_team": "T5M5PLH8U",
        "source_team": "T5M5PLH8U",
        "user_profile": {
            "avatar_hash": "g49ad52d7df8",
            "image_72": "https:\/\/secure.gravatar.com\/avatar\/449ad52d7df89ecbe8ebe0fd87d3f63f.jpg?s=72&d=https%3A%2F%2Fa.slack-edge.com%2Fdf10d%2Fimg%2Favatars%2Fava_0026-72.png",
            "first_name": "",
            "real_name": "William Meng",
            "display_name": "",
            "team": "T5M5PLH8U",
            "name": "wlmeng11",
            "is_restricted": false,
            "is_ultra_restricted": false
        },
        "blocks": [
            {
                "type": "rich_text",
                "block_id": "\/aeI",
                "elements": [
                    {
                        "type": "rich_text_section",
                        "elements": [
                            {
                                "type": "text",
                                "text": "woah really cool!!"
                            }
                        ]
                    }
                ]
            }
        ],
        "thread_ts": "1618429264.005300",
        "parent_user_id": "U5M5PLH9S"
    }
]