[
    {
        "type": "message",
        "text": "Have you tried that?",
        "files": [
            {
                "id": "F025D0KS6G6",
                "created": 1624099265,
                "timestamp": 1624099265,
                "name": "20210619_124053.jpg",
                "title": "20210619_124053.jpg",
                "mimetype": "image\/jpeg",
                "filetype": "jpg",
                "pretty_type": "JPEG",
                "user": "U5M5PLH9S",
                "editable": false,
                "size": 100391,
                "mode": "hosted",
                "is_external": false,
                "external_type": "",
                "is_public": true,
                "public_url_shared": false,
                "display_as_bot": false,
                "username": "",
                "url_private": "https:\/\/files.slack.com\/files-pri\/T5M5PLH8U-F025D0KS6G6\/20210619_124053.jpg?t=xoxe-191193697300-2381439834979-2387440767812-d973f70d679d3caabfeb15fb25f95fa2",
                "url_private_download": "https:\/\/files.slack.com\/files-pri\/T5M5PLH8U-F025D0KS6G6\/download\/20210619_124053.jpg?t=xoxe-191193697300-2381439834979-2387440767812-d973f70d679d3caabfeb15fb25f95fa2",
                "media_display_type": "unknown",
                "thumb_64": "https:\/\/files.slack.com\/files-tmb\/T5M5PLH8U-F025D0KS6G6-264bf56b94\/20210619_124053_64.jpg?t=xoxe-191193697300-2381439834979-2387440767812-d973f70d679d3caabfeb15fb25f95fa2",
                "thumb_80": "https:\/\/files.slack.com\/files-tmb\/T5M5PLH8U-F025D0KS6G6-264bf56b94\/20210619_124053_80.jpg?t=xoxe-191193697300-2381439834979-2387440767812-d973f70d679d3caabfeb15fb25f95fa2",
                "thumb_360": "https:\/\/files.slack.com\/files-tmb\/T5M5PLH8U-F025D0KS6G6-264bf56b94\/20210619_124053_360.jpg?t=xoxe-191193697300-2381439834979-2387440767812-d973f70d679d3caabfeb15fb25f95fa2",
                "thumb_360_w": 360,
                "thumb_360_h": 305,
                "thumb_480": "https:\/\/files.slack.com\/files-tmb\/T5M5PLH8U-F025D0KS6G6-264bf56b94\/20210619_124053_480.jpg?t=xoxe-191193697300-2381439834979-2387440767812-d973f70d679d3caabfeb15fb25f95fa2",
                "thumb_480_w": 480,
                "thumb_480_h": 406,
                "thumb_160": "https:\/\/files.slack.com\/files-tmb\/T5M5PLH8U-F025D0KS6G6-264bf56b94\/20210619_124053_160.jpg?t=xoxe-191193697300-2381439834979-2387440767812-d973f70d679d3caabfeb15fb25f95fa2",
                "thumb_720": "https:\/\/files.slack.com\/files-tmb\/T5M5PLH8U-F025D0KS6G6-264bf56b94\/20210619_124053_720.jpg?t=xoxe-191193697300-2381439834979-2387440767812-d973f70d679d3caabfeb15fb25f95fa2",
                "thumb_720_w": 720,
                "thumb_720_h": 609,
                "thumb_800": "https:\/\/files.slack.com\/files-tmb\/T5M5PLH8U-F025D0KS6G6-264bf56b94\/20210619_124053_800.jpg?t=xoxe-191193697300-2381439834979-2387440767812-d973f70d679d3caabfeb15fb25f95fa2",
                "thumb_800_w": 800,
                "thumb_800_h": 677,
                "thumb_960": "https:\/\/files.slack.com\/files-tmb\/T5M5PLH8U-F025D0KS6G6-264bf56b94\/20210619_124053_960.jpg?t=xoxe-191193697300-2381439834979-2387440767812-d973f70d679d3caabfeb15fb25f95fa2",
                "thumb_960_w": 960,
                "thumb_960_h": 812,
                "thumb_1024": "https:\/\/files.slack.com\/files-tmb\/T5M5PLH8U-F025D0KS6G6-264bf56b94\/20210619_124053_1024.jpg?t=xoxe-191193697300-2381439834979-2387440767812-d973f70d679d3caabfeb15fb25f95fa2",
                "thumb_1024_w": 1024,
                "thumb_1024_h": 867,
                "original_w": 1242,
                "original_h": 1051,
                "thumb_tiny": "AwAoADC91Ygdf96lIbnjr\/tVlQ3U7SKrSPycU66nmifCTOQRnmgDT2t\/lqNrdOcf71ZD3UoiRluWLHqvpTBeXB\/5bNQBubRjqfzoCgdz+JrF+2TYGJmzQLq5Of3zCgCW1jAXzD1BI\/SruBnoOv8Ae9qrwjaojOD1OQfarHGT8w6\/3famttCXvqNIBOMDP19qCFAyUH6elH3l+Ygc\/wB32o74+XHrt9qYhHVQM+WOvt6VRu18tg6nhySBjpV5lyuMr\/3z7VTZ0kjG\/IK5otoPqMjtmZsCTHvjipDZsCQZm49qlt\/9T+JqeTv\/ALx\/lTSBvcpi0z\/y2bHrij7IN2PObP06\/rVlP9WPr\/Smf8tl+g\/lQBAbXA4lc8+n\/wBeq7xgYIJwe9Xx2+g\/lVKT\/j2T\/eNFtB3P\/9k=",
                "permalink": "https:\/\/usdevkit.slack.com\/files\/U5M5PLH9S\/F025D0KS6G6\/20210619_124053.jpg",
                "permalink_public": "https:\/\/slack-files.com\/T5M5PLH8U-F025D0KS6G6-03151ded4c",
                "is_starred": false,
                "has_rich_preview": false
            }
        ],
        "upload": false,
        "blocks": [
            {
                "type": "rich_text",
                "block_id": "H40v",
                "elements": [
                    {
                        "type": "rich_text_section",
                        "elements": [
                            {
                                "type": "text",
                                "text": "Have you tried that?"
                            }
                        ]
                    }
                ]
            }
        ],
        "user": "U5M5PLH9S",
        "display_as_bot": false,
        "ts": "1624099273.003300",
        "client_msg_id": "7533b27a-d90a-4d68-8029-b555b1c3f6b7",
        "thread_ts": "1620592890.009100",
        "parent_user_id": "U8Z3VB1T2",
        "subtype": "thread_broadcast",
        "root": {
            "type": "message",
            "text": "<@U5M5PLH9S> A fascinating read for you! :smile:",
            "files": [
                {
                    "id": "F020X72KQVD",
                    "created": 1620592853,
                    "timestamp": 1620592853,
                    "name": "image.png",
                    "title": "image.png",
                    "mimetype": "image\/png",
                    "filetype": "png",
                    "pretty_type": "PNG",
                    "user": "U8Z3VB1T2",
                    "editable": false,
                    "size": 839161,
                    "mode": "hosted",
                    "is_external": false,
                    "external_type": "",
                    "is_public": true,
                    "public_url_shared": false,
                    "display_as_bot": false,
                    "username": "",
                    "url_private": "https:\/\/files.slack.com\/files-pri\/T5M5PLH8U-F020X72KQVD\/image.png?t=xoxe-191193697300-2381439834979-2387440767812-d973f70d679d3caabfeb15fb25f95fa2",
                    "url_private_download": "https:\/\/files.slack.com\/files-pri\/T5M5PLH8U-F020X72KQVD\/download\/image.png?t=xoxe-191193697300-2381439834979-2387440767812-d973f70d679d3caabfeb15fb25f95fa2",
                    "media_display_type": "unknown",
                    "thumb_64": "https:\/\/files.slack.com\/files-tmb\/T5M5PLH8U-F020X72KQVD-e994c4f17f\/image_64.png?t=xoxe-191193697300-2381439834979-2387440767812-d973f70d679d3caabfeb15fb25f95fa2",
                    "thumb_80": "https:\/\/files.slack.com\/files-tmb\/T5M5PLH8U-F020X72KQVD-e994c4f17f\/image_80.png?t=xoxe-191193697300-2381439834979-2387440767812-d973f70d679d3caabfeb15fb25f95fa2",
                    "thumb_360": "https:\/\/files.slack.com\/files-tmb\/T5M5PLH8U-F020X72KQVD-e994c4f17f\/image_360.png?t=xoxe-191193697300-2381439834979-2387440767812-d973f70d679d3caabfeb15fb25f95fa2",
                    "thumb_360_w": 283,
                    "thumb_360_h": 360,
                    "thumb_480": "https:\/\/files.slack.com\/files-tmb\/T5M5PLH8U-F020X72KQVD-e994c4f17f\/image_480.png?t=xoxe-191193697300-2381439834979-2387440767812-d973f70d679d3caabfeb15fb25f95fa2",
                    "thumb_480_w": 377,
                    "thumb_480_h": 480,
                    "thumb_160": "https:\/\/files.slack.com\/files-tmb\/T5M5PLH8U-F020X72KQVD-e994c4f17f\/image_160.png?t=xoxe-191193697300-2381439834979-2387440767812-d973f70d679d3caabfeb15fb25f95fa2",
                    "thumb_720": "https:\/\/files.slack.com\/files-tmb\/T5M5PLH8U-F020X72KQVD-e994c4f17f\/image_720.png?t=xoxe-191193697300-2381439834979-2387440767812-d973f70d679d3caabfeb15fb25f95fa2",
                    "thumb_720_w": 566,
                    "thumb_720_h": 720,
                    "thumb_800": "https:\/\/files.slack.com\/files-tmb\/T5M5PLH8U-F020X72KQVD-e994c4f17f\/image_800.png?t=xoxe-191193697300-2381439834979-2387440767812-d973f70d679d3caabfeb15fb25f95fa2",
                    "thumb_800_w": 629,
                    "thumb_800_h": 800,
                    "original_w": 720,
                    "original_h": 916,
                    "thumb_tiny": "AwAwACW8T8x60F8DpSH7xqNjUlAz89KTd7U00lMB4alyKYKWgB7v8xAqPnvSkgE+tMzmkgFopKKYhw9xS8elNGPWl49RQMYfvGigAlzxTmGKSAbRSUUxDgaXdTRjvRx60Af\/2Q==",
                    "permalink": "https:\/\/usdevkit.slack.com\/files\/U8Z3VB1T2\/F020X72KQVD\/image.png",
                    "permalink_public": "https:\/\/slack-files.com\/T5M5PLH8U-F020X72KQVD-25b909bad3",
                    "is_starred": false,
                    "has_rich_preview": false
                }
            ],
            "upload": false,
            "blocks": [
                {
                    "type": "rich_text",
                    "block_id": "TiLsv",
                    "elements": [
                        {
                            "type": "rich_text_section",
                            "elements": [
                                {
                                    "type": "user",
                                    "user_id": "U5M5PLH9S"
                                },
                                {
                                    "type": "text",
                                    "text": " A fascinating read for you! "
                                },
                                {
                                    "type": "emoji",
                                    "name": "smile"
                                }
                            ]
                        }
                    ]
                }
            ],
            "user": "U8Z3VB1T2",
            "display_as_bot": false,
            "ts": "1620592890.009100",
            "thread_ts": "1620592890.009100",
            "reply_count": 1,
            "reply_users_count": 1,
            "latest_reply": "1624099273.003300",
            "reply_users": [
                "U5M5PLH9S"
            ],
            "replies": [
                {
                    "user": "U5M5PLH9S",
                    "ts": "1624099273.003300"
                }
            ],
            "is_locked": false,
            "subscribed": true,
            "last_read": "1624099273.003300"
        },
        "reactions": [
            {
                "name": "joy",
                "users": [
                    "U8Z3VB1T2",
                    "U022UQHMNAG"
                ],
                "count": 2
            }
        ]
    }
]