[
    {
        "client_msg_id": "78ad387d-059f-4675-bd0c-a3714d6c509a",
        "type": "message",
        "text": "Getting fast ADCs on PiW: <https:\/\/iosoft.blog\/2020\/07\/16\/raspberry-pi-smi\/> .. 41Msps seems to work. SMI does seem interesting, ping <@UFPCMHBA6>",
        "user": "U5M5PLH9S",
        "ts": "1616346291.000900",
        "team": "T5M5PLH8U",
        "user_team": "T5M5PLH8U",
        "source_team": "T5M5PLH8U",
        "user_profile": {
            "avatar_hash": "e4fb6ae9f526",
            "image_72": "https:\/\/avatars.slack-edge.com\/2017-06-01\/191144530514_e4fb6ae9f526531fd41c_72.jpg",
            "first_name": "",
            "real_name": "kelu",
            "display_name": "",
            "team": "T5M5PLH8U",
            "name": "kelu",
            "is_restricted": false,
            "is_ultra_restricted": false
        },
        "attachments": [
            {
                "service_name": "Lean2",
                "service_url": "http:\/\/iosoft.blog",
                "title": "Raspberry Pi Secondary Memory Interface (SMI)",
                "title_link": "https:\/\/iosoft.blog\/2020\/07\/16\/raspberry-pi-smi\/",
                "author_name": "iosoftcode",
                "author_link": "https:\/\/iosoft.blog\/author\/iosoftcode\/",
                "thumb_url": "https:\/\/iosoftblog.files.wordpress.com\/2020\/07\/smi_25_pi4a.png?fit=200%2C150",
                "thumb_width": 200,
                "thumb_height": 110,
                "text": "Colour video signal captured at 25 MS\/sThe Secondary Memory Interface (SMI) is a parallel I\/O interface that is included in all the Raspberry Pi versions. It is rarely used due to the acute lack of publicly-available documentation; the only information I can find is in the source code to an external memory device driver here, and an experimental IDE interface here.\n\n\n\nHowever, it is a very useful general-purpose high-speed parallel interface, that deserves wider usage; in this post I&rsquo;m testing it with digital-to-analogue and analogue-to-digital converters (DAC and ADC) but there are many other parallel-bus devices that would be suitable.\n\n\n\nTo take advantage of the high data rates, I&rsquo;ll be using the C language, and Direct Memory Access (DMA); if you are unfamiliar with DMA on the RPi, I suggest you read my previous 2 posts on the subject, here and here.\n\n\n\nParallel interface\n\n\n\nRaspberry Pi SMI signalsThe SMI interface has up to 18 bits of data, 6 address lines, read &amp; write select lines. Transfers can be initiated internally, or externally via read &amp; write request lines, which can take over the uppermost 2 bits of the data bus. Transfer data widths are 8, 9, 16 or 18 bits, and are fully supported by First In First Out (FIFO) buffers, and DMA; this makes for efficient memory usage when driving an 8-bit peripheral, since a single 32-bit DMA transfer can automatically be converted into four 8-bit accesses.\n\n\n\nIf you have ever worked with the classic bus-interfaces of the original microprocessors, you&rsquo;ll feel quite at home with SMI, but no need to worry about timing problems, because the setup, strobe &amp; hold times are fully programmable with 4 nanosecond resolution; what luxury!\n\n\n\nThe SMI functions are assigned to specific GPIO pins:\n\n\n\nThe GPIO pins to be included in the parallel interface are selected by setting their mode to ALT1; there is no requirement to set all the SMI pins in this way, so the I2C, SPI and PWM interfaces are still quite usable.\n\n\n\nParallel DAC\n\n\n\nHardware\n\n\n\nThe simplest device to drive from the parallel bus is a digital-to-analogue converter (DAC), using resistors from each data line to a common output. This arrangement is commonly known as an R-2R ladder, due to the resistor values needed.\n\n\n\nI&rsquo;ve used a pre-built device from Digilent (details here, or newer version here) but it is easy to make your own using discrete resistors; the least-significant is connected to GPIO8 (SD0), and the most-significant to GPIO15 (SD7).\n\n\n\nSoftware\n\n\n\nI&rsquo;ll be making extensive use of the dma_utils functions that were created for my previous DMA projects, but before diving into the complication of SMI, it is helpful to test the hardware using simpler GPIO commands:\n\n\n\n#define DAC_D0_PIN      8\n#define DAC_NPINS       8\n\nextern MEM_MAP gpio_regs;\nmap_periph(&amp;gpio_regs, (void *)GPIO_BASE, PAGE_SIZE);\n\n\/\/ Output value to resistor DAC (without SMI)\nvoid dac_ladder_write(int val)\n{\n    *REG32(gpio_regs, GPIO_SET0) = (val &amp; 0xff) \n\n\nThis is less-than-ideal because we have to use one command to set some I\/O pins to 1, and another command to clear the rest to 0, so in the gap between them the I\/O state will be incorrect; also we won&rsquo;t get accurate timing with the usleep command.\n\n\n\nTo my surprise, when I ran this code on a Pi Zero, and viewed the output on an oscilloscope, it didn&rsquo;t look too bad; however, as soon as I moved the mouse, there were very significant gaps in the output, so clearly we need to do better.\n\n\n\nSMI register definitions\n\n\n\nTo use SMI, we first need to define the control registers, and the bit-values within them. The primary reference is bcm2835_smi.h from the Broadcom external memory driver, but I found this difficult to use in my code, so converted the definitions into C bitfields; this makes the code a bit less portable, but a lot simpler and easier to read.\n\n\n\nAlso, when learning about a new peripheral, it is helpful if the bitfield values can be printed on the console. This normally requires the tedious copying of register field names into string constants, but with a small amount of macro processing, this can be done with a single definition, for example the SMI CS register:\n\n\n\n#define REG_DEF(name, fields) typedef union {struct {volatile uint32_t fields;}; volatile uint32_t value;} name\n\n#define SMI_CS_FIELDS \\\n    enable:1, done:1, active:1, start:1, clear:1, write:1, _x1:2,\\\n    teen:1, intd:1, intt:1, intr:1, pvmode:1, seterr:1, pxldat:1, edreq:1,\\\n    _x2:8, _x3:1, aferr:1, txw:1, rxr:1, txd:1, rxd:1, txe:1, rxf:1  \nREG_DEF(SMI_CS_REG, SMI_CS_FIELDS);\n\nvolatile SMI_CS_REG  *smi_cs;\n\nsmi_cs  = (SMI_CS_REG *) REG32(smi_regs, SMI_CS);\n\n\n\nThe last bit of code is needed so that smi_cs points to the register in virtual memory; if you don&rsquo;t understand why, I suggest you read my post on RPi DMA programming here. Anyway, the upshot of all this code is that we can access the whole 32-bit value of the register as smi_cs-&gt;value, and also individual bits such as smi_cs-&gt;enable, smi_cs-&gt;done, etc.\n\n\n\nTo print out the bit values, we use macros to convert the register definition to a string, then have a simple C parser:\n\n\n\n#define STRS(x)     STRS_(x) \",\"\n#define STRS_(...)  #__VA_ARGS__\n\nchar *smi_cs_regstrs = STRS(SMI_CS_FIELDS);\n\n\/\/ Display bit values in register\nvoid disp_reg_fields(char *regstrs, char *name, uint32_t val)\n{\n    char *p=regstrs, *q, *r=regstrs;\n    uint32_t nbits, v;\n    \n    printf(\"%s %08X\", name, val);\n    while ((q = strchr(p, ':')) != 0)\n    {\n        p = q + 1;\n        nbits = 0;\n        while (*p&gt;='0' &amp;&amp; *p&gt;= nbits;\n        if (v &amp;&amp; *r!='_')\n            printf(\" %.*s=%X\", q-r, r, v);\n        while (*p==',' || *p==' ')\n            p = r = p + 1;\n    }\n    printf(\"\\n\");\n}\n\n\n\nNow we can display all the non-zero bit values using:\n\n\n\ndisp_reg_fields(smi_cs_regstrs, \"CS\", *REG32(smi_regs, SMI_CS));\n\n\n\n..which produces a display like..\n\n\n\nCS 54000025 enable=1 active=1 write=1 txw=1 txd=1 txe=1\n\n\n\nSMI registers\n\n\n\nThe SMI registers are:\n\n\n\nCS:  control and status\nL:   data length (number of transfers)\nA:   address and device number\nD:   data FIFO\nDMC: DMA control\nDSR: device settings for read\nDSW: device settings for write\nDCS: direct control and status\nDCA: direct control address and device number\nDCD: direct control data\n\n\n\nYou can specify up to 4 unique timing settings for read &amp; write, making 8 settings in total. The settings are specified by giving a 2-bit device number for each transaction; this selects 1 of the 4 descriptors for read or write. I&rsquo;ve only used one pair of settings, and the ADC &amp; DAC don&rsquo;t have address lines, so the address &amp; device register remains at zero.\n\n\n\nDirect mode is a simple way of doing accesses using the appropriate timings, but without DMA; it has separate address, data and control registers.\n\n\n\nSome notable fields in the control &amp; status register are:\n\n\n\nEnable: it is obvious that this bit must be set for SMI to work, but it is less obvious when that should be done. Initially, I assumed it was necessary to enable the interface before any other initialisation, but then it responded with the &lsquo;settings error&rsquo; bit set. So now I do most of the configuration with the device disabled, then enable it before clearing the FIFOs and enabling DMA, otherwise the transfers go through immediately.\n\n\n\nStart: set this bit to start the transfer; the SMI controller will perform the number of transfers in the length register, using the timing parameters specified in DSR (for read) or DSW (for write). If there is a backlog of data (FIFO is full) the transaction may stall.\n\n\n\nPxldat: when this &lsquo;pixel data&rsquo; bit is set, the 8- or 16-bit data is packed into 32-bit words.\n\n\n\nPvmode: I have no idea what this &lsquo;pixel valve&rsquo; mode should do; any information would be gratefully received.\n\n\n\nDirect Mode\n\n\n\nAs the name implies, SMI Direct Mode allows you …",
                "fallback": "Lean2 Link: Raspberry Pi Secondary Memory Interface&nbsp;(SMI)",
                "from_url": "https:\/\/iosoft.blog\/2020\/07\/16\/raspberry-pi-smi\/",
                "service_icon": "https:\/\/s2.wp.com\/i\/webclip.png",
                "id": 1,
                "original_url": "https:\/\/iosoft.blog\/2020\/07\/16\/raspberry-pi-smi\/"
            }
        ],
        "blocks": [
            {
                "type": "rich_text",
                "block_id": "C8Y7",
                "elements": [
                    {
                        "type": "rich_text_section",
                        "elements": [
                            {
                                "type": "text",
                                "text": "Getting fast ADCs on PiW: "
                            },
                            {
                                "type": "link",
                                "url": "https:\/\/iosoft.blog\/2020\/07\/16\/raspberry-pi-smi\/"
                            },
                            {
                                "type": "text",
                                "text": " .. 41Msps seems to work. SMI does seem interesting, ping "
                            },
                            {
                                "type": "user",
                                "user_id": "UFPCMHBA6"
                            }
                        ]
                    }
                ]
            }
        ],
        "thread_ts": "1616346291.000900",
        "reply_count": 1,
        "reply_users_count": 1,
        "latest_reply": "1624030055.002500",
        "reply_users": [
            "U5M5PLH9S"
        ],
        "replies": [
            {
                "user": "U5M5PLH9S",
                "ts": "1624030055.002500"
            }
        ],
        "is_locked": false,
        "subscribed": true,
        "last_read": "1624030055.002500",
        "reactions": [
            {
                "name": "star-struck",
                "users": [
                    "UFPCMHBA6",
                    "U8Z3VB1T2",
                    "UGJ8GJGNR"
                ],
                "count": 3
            }
        ]
    }
]