[
    {
        "client_msg_id": "16f52cca-8784-41ed-95b0-1db03f4d8158",
        "type": "message",
        "text": "The Raspberry Pi Pico ARM Cortex M0+ microcontroller was just announced, for only $4, a price range previously occupied only by sketchy \"knockoff\" microcontrollers! <https:\/\/www.raspberrypi.org\/blog\/raspberry-pi-silicon-pico-now-on-sale\/>",
        "user": "U8Z3VB1T2",
        "ts": "1611216580.000200",
        "team": "T5M5PLH8U",
        "user_team": "T5M5PLH8U",
        "source_team": "T5M5PLH8U",
        "user_profile": {
            "avatar_hash": "g49ad52d7df8",
            "image_72": "https:\/\/secure.gravatar.com\/avatar\/449ad52d7df89ecbe8ebe0fd87d3f63f.jpg?s=72&d=https%3A%2F%2Fa.slack-edge.com%2Fdf10d%2Fimg%2Favatars%2Fava_0026-72.png",
            "first_name": "",
            "real_name": "William Meng",
            "display_name": "",
            "team": "T5M5PLH8U",
            "name": "wlmeng11",
            "is_restricted": false,
            "is_ultra_restricted": false
        },
        "attachments": [
            {
                "service_name": "Raspberry Pi",
                "title": "Meet Raspberry Silicon: Raspberry Pi Pico now on sale at $4 - Raspberry Pi",
                "title_link": "https:\/\/www.raspberrypi.org\/blog\/raspberry-pi-silicon-pico-now-on-sale\/",
                "text": "Today, we’re launching our first microcontroller-class product: Raspberry Pi Pico. Priced at just $4, it is built on RP2040, a brand-new chip developed right here at Raspberry Pi. Whether you’re looking for a standalone board for deep-embedded development or a companion to your Raspberry Pi computer, or you’re taking your first steps with a microcontroller,…",
                "fallback": "Raspberry Pi: Meet Raspberry Silicon: Raspberry Pi Pico now on sale at $4 - Raspberry Pi",
                "image_url": "https:\/\/www.raspberrypi.org\/app\/uploads\/2021\/01\/Raspberry-Pi-Pico-at-an-angle-500x357.png",
                "image_width": 350,
                "image_height": 250,
                "fields": [
                    {
                        "title": "Written by",
                        "value": "James Adams",
                        "short": true
                    },
                    {
                        "title": "Est. reading time",
                        "value": "11 minutes",
                        "short": true
                    }
                ],
                "ts": 1611212346,
                "from_url": "https:\/\/www.raspberrypi.org\/blog\/raspberry-pi-silicon-pico-now-on-sale\/",
                "image_bytes": 144252,
                "service_icon": "https:\/\/www.raspberrypi.org\/app\/uploads\/2020\/06\/cropped-raspberrry_pi_logo-180x180.png",
                "id": 1,
                "original_url": "https:\/\/www.raspberrypi.org\/blog\/raspberry-pi-silicon-pico-now-on-sale\/"
            }
        ],
        "blocks": [
            {
                "type": "rich_text",
                "block_id": "6sH",
                "elements": [
                    {
                        "type": "rich_text_section",
                        "elements": [
                            {
                                "type": "text",
                                "text": "The Raspberry Pi Pico ARM Cortex M0+ microcontroller was just announced, for only $4, a price range previously occupied only by sketchy \"knockoff\" microcontrollers! "
                            },
                            {
                                "type": "link",
                                "url": "https:\/\/www.raspberrypi.org\/blog\/raspberry-pi-silicon-pico-now-on-sale\/"
                            }
                        ]
                    }
                ]
            }
        ],
        "thread_ts": "1611216580.000200",
        "reply_count": 5,
        "reply_users_count": 1,
        "latest_reply": "1611217333.001200",
        "reply_users": [
            "U5M5PLH9S"
        ],
        "replies": [
            {
                "user": "U5M5PLH9S",
                "ts": "1611217062.000400"
            },
            {
                "user": "U5M5PLH9S",
                "ts": "1611217112.000600"
            },
            {
                "user": "U5M5PLH9S",
                "ts": "1611217233.000800"
            },
            {
                "user": "U5M5PLH9S",
                "ts": "1611217324.001000"
            },
            {
                "user": "U5M5PLH9S",
                "ts": "1611217333.001200"
            }
        ],
        "is_locked": false,
        "subscribed": true,
        "last_read": "1611217333.001200"
    },
    {
        "client_msg_id": "25c2d98a-6aa9-4052-8de9-33d32718c357",
        "type": "message",
        "text": "Just got that in the mail this morning too :smiley:\nInteresting development.",
        "user": "U5M5PLH9S",
        "ts": "1611217062.000400",
        "team": "T5M5PLH8U",
        "user_team": "T5M5PLH8U",
        "source_team": "T5M5PLH8U",
        "user_profile": {
            "avatar_hash": "e4fb6ae9f526",
            "image_72": "https:\/\/avatars.slack-edge.com\/2017-06-01\/191144530514_e4fb6ae9f526531fd41c_72.jpg",
            "first_name": "",
            "real_name": "kelu",
            "display_name": "",
            "team": "T5M5PLH8U",
            "name": "kelu",
            "is_restricted": false,
            "is_ultra_restricted": false
        },
        "blocks": [
            {
                "type": "rich_text",
                "block_id": "0RHD",
                "elements": [
                    {
                        "type": "rich_text_section",
                        "elements": [
                            {
                                "type": "text",
                                "text": "Just got that in the mail this morning too "
                            },
                            {
                                "type": "emoji",
                                "name": "smiley"
                            },
                            {
                                "type": "text",
                                "text": "\nInteresting development."
                            }
                        ]
                    }
                ]
            }
        ],
        "thread_ts": "1611216580.000200",
        "parent_user_id": "U8Z3VB1T2"
    },
    {
        "client_msg_id": "87aab804-bf0d-41e5-b64c-a8ea3218148a",
        "type": "message",
        "text": "I like a M0, usb, loads of IOs, castellated edges, unsure about what it brings more. Like some small logic unit inside, or flexible IOs.. need to go deeper :smiley:",
        "user": "U5M5PLH9S",
        "ts": "1611217112.000600",
        "team": "T5M5PLH8U",
        "user_team": "T5M5PLH8U",
        "source_team": "T5M5PLH8U",
        "user_profile": {
            "avatar_hash": "e4fb6ae9f526",
            "image_72": "https:\/\/avatars.slack-edge.com\/2017-06-01\/191144530514_e4fb6ae9f526531fd41c_72.jpg",
            "first_name": "",
            "real_name": "kelu",
            "display_name": "",
            "team": "T5M5PLH8U",
            "name": "kelu",
            "is_restricted": false,
            "is_ultra_restricted": false
        },
        "blocks": [
            {
                "type": "rich_text",
                "block_id": "oTNr",
                "elements": [
                    {
                        "type": "rich_text_section",
                        "elements": [
                            {
                                "type": "text",
                                "text": "I like a M0, usb, loads of IOs, castellated edges, unsure about what it brings more. Like some small logic unit inside, or flexible IOs.. need to go deeper "
                            },
                            {
                                "type": "emoji",
                                "name": "smiley"
                            }
                        ]
                    }
                ]
            }
        ],
        "thread_ts": "1611216580.000200",
        "parent_user_id": "U8Z3VB1T2"
    },
    {
        "client_msg_id": "6b3556ae-08b3-4d8c-8250-d961e323c368",
        "type": "message",
        "text": "• 8 × Raspberry Pi Programmable I\/O (PIO) state machines\n• USB mass-storage boot mode with UF2 support, for drag-and-drop programming",
        "user": "U5M5PLH9S",
        "ts": "1611217233.000800",
        "team": "T5M5PLH8U",
        "user_team": "T5M5PLH8U",
        "source_team": "T5M5PLH8U",
        "user_profile": {
            "avatar_hash": "e4fb6ae9f526",
            "image_72": "https:\/\/avatars.slack-edge.com\/2017-06-01\/191144530514_e4fb6ae9f526531fd41c_72.jpg",
            "first_name": "",
            "real_name": "kelu",
            "display_name": "",
            "team": "T5M5PLH8U",
            "name": "kelu",
            "is_restricted": false,
            "is_ultra_restricted": false
        },
        "blocks": [
            {
                "type": "rich_text",
                "block_id": "Wbi0D",
                "elements": [
                    {
                        "type": "rich_text_list",
                        "elements": [
                            {
                                "type": "rich_text_section",
                                "elements": [
                                    {
                                        "type": "text",
                                        "text": "8 × Raspberry Pi Programmable I\/O (PIO) state machines"
                                    }
                                ]
                            },
                            {
                                "type": "rich_text_section",
                                "elements": [
                                    {
                                        "type": "text",
                                        "text": "USB mass-storage boot mode with UF2 support, for drag-and-drop programming"
                                    }
                                ]
                            }
                        ],
                        "style": "bullet",
                        "indent": 0
                    }
                ]
            }
        ],
        "thread_ts": "1611216580.000200",
        "parent_user_id": "U8Z3VB1T2"
    },
    {
        "client_msg_id": "eabb812e-7f44-4e38-a38d-20d4c2e132fa",
        "type": "message",
        "text": "Interestingly, they already have ItsyBitsy and Feather form factors :stuck_out_tongue:\nAnd a Arduino Nano RP2040 Connect w\/ BT\/wifi\nA MicroMod M.2 device\nSmaller: SparkFun Pro Micro – RP2040",
        "user": "U5M5PLH9S",
        "ts": "1611217324.001000",
        "team": "T5M5PLH8U",
        "user_team": "T5M5PLH8U",
        "source_team": "T5M5PLH8U",
        "user_profile": {
            "avatar_hash": "e4fb6ae9f526",
            "image_72": "https:\/\/avatars.slack-edge.com\/2017-06-01\/191144530514_e4fb6ae9f526531fd41c_72.jpg",
            "first_name": "",
            "real_name": "kelu",
            "display_name": "",
            "team": "T5M5PLH8U",
            "name": "kelu",
            "is_restricted": false,
            "is_ultra_restricted": false
        },
        "blocks": [
            {
                "type": "rich_text",
                "block_id": "Z+26",
                "elements": [
                    {
                        "type": "rich_text_section",
                        "elements": [
                            {
                                "type": "text",
                                "text": "Interestingly, they already have ItsyBitsy and Feather form factors "
                            },
                            {
                                "type": "emoji",
                                "name": "stuck_out_tongue"
                            },
                            {
                                "type": "text",
                                "text": "\nAnd a Arduino Nano RP2040 Connect w\/ BT\/wifi\nA MicroMod M.2 device\nSmaller: SparkFun Pro Micro – RP2040"
                            }
                        ]
                    }
                ]
            }
        ],
        "thread_ts": "1611216580.000200",
        "parent_user_id": "U8Z3VB1T2"
    },
    {
        "client_msg_id": "34f5c2d5-0575-47ea-a49a-86d6b600b0f8",
        "type": "message",
        "text": "Wow they did let partners work on a lot of things too",
        "user": "U5M5PLH9S",
        "ts": "1611217333.001200",
        "team": "T5M5PLH8U",
        "user_team": "T5M5PLH8U",
        "source_team": "T5M5PLH8U",
        "user_profile": {
            "avatar_hash": "e4fb6ae9f526",
            "image_72": "https:\/\/avatars.slack-edge.com\/2017-06-01\/191144530514_e4fb6ae9f526531fd41c_72.jpg",
            "first_name": "",
            "real_name": "kelu",
            "display_name": "",
            "team": "T5M5PLH8U",
            "name": "kelu",
            "is_restricted": false,
            "is_ultra_restricted": false
        },
        "blocks": [
            {
                "type": "rich_text",
                "block_id": "OEoW",
                "elements": [
                    {
                        "type": "rich_text_section",
                        "elements": [
                            {
                                "type": "text",
                                "text": "Wow they did let partners work on a lot of things too"
                            }
                        ]
                    }
                ]
            }
        ],
        "thread_ts": "1611216580.000200",
        "parent_user_id": "U8Z3VB1T2"
    },
    {
        "client_msg_id": "942ec859-6db6-4957-9204-1417d4de006b",
        "type": "message",
        "text": "The PIO still is interesting for some \"simple\" state machines \/ smaller scale PRUs",
        "user": "U5M5PLH9S",
        "ts": "1611231718.001800",
        "team": "T5M5PLH8U",
        "user_team": "T5M5PLH8U",
        "source_team": "T5M5PLH8U",
        "user_profile": {
            "avatar_hash": "e4fb6ae9f526",
            "image_72": "https:\/\/avatars.slack-edge.com\/2017-06-01\/191144530514_e4fb6ae9f526531fd41c_72.jpg",
            "first_name": "",
            "real_name": "kelu",
            "display_name": "",
            "team": "T5M5PLH8U",
            "name": "kelu",
            "is_restricted": false,
            "is_ultra_restricted": false
        },
        "blocks": [
            {
                "type": "rich_text",
                "block_id": "HGm=Z",
                "elements": [
                    {
                        "type": "rich_text_section",
                        "elements": [
                            {
                                "type": "text",
                                "text": "The PIO still is interesting for some \"simple\" state machines \/ smaller scale PRUs"
                            }
                        ]
                    }
                ]
            }
        ]
    }
]