[
    {
        "client_msg_id": "d6f9c94a-b93c-4289-babc-db53f15814e0",
        "type": "message",
        "text": "1kEur clarius on sales : <https:\/\/www.ebay.fr\/itm\/Clarius-L7-Premium-Ultrasound-Scanner\/333908262532>",
        "user": "U5M5PLH9S",
        "ts": "1617032833.003000",
        "team": "T5M5PLH8U",
        "user_team": "T5M5PLH8U",
        "source_team": "T5M5PLH8U",
        "user_profile": {
            "avatar_hash": "e4fb6ae9f526",
            "image_72": "https:\/\/avatars.slack-edge.com\/2017-06-01\/191144530514_e4fb6ae9f526531fd41c_72.jpg",
            "first_name": "",
            "real_name": "kelu",
            "display_name": "",
            "team": "T5M5PLH8U",
            "name": "kelu",
            "is_restricted": false,
            "is_ultra_restricted": false
        },
        "blocks": [
            {
                "type": "rich_text",
                "block_id": "nzV",
                "elements": [
                    {
                        "type": "rich_text_section",
                        "elements": [
                            {
                                "type": "text",
                                "text": "1kEur clarius on sales : "
                            },
                            {
                                "type": "link",
                                "url": "https:\/\/www.ebay.fr\/itm\/Clarius-L7-Premium-Ultrasound-Scanner\/333908262532"
                            }
                        ]
                    }
                ]
            }
        ]
    }
]