[
    {
        "client_msg_id": "1A2594DE-AD66-44D2-8E29-A6D2FA3601B3",
        "type": "message",
        "text": "Wow this new PlayStation looks great! :joy:",
        "user": "U8Z3VB1T2",
        "ts": "1612079639.001200",
        "team": "T5M5PLH8U",
        "user_team": "T5M5PLH8U",
        "source_team": "T5M5PLH8U",
        "user_profile": {
            "avatar_hash": "g49ad52d7df8",
            "image_72": "https:\/\/secure.gravatar.com\/avatar\/449ad52d7df89ecbe8ebe0fd87d3f63f.jpg?s=72&d=https%3A%2F%2Fa.slack-edge.com%2Fdf10d%2Fimg%2Favatars%2Fava_0026-72.png",
            "first_name": "",
            "real_name": "William Meng",
            "display_name": "",
            "team": "T5M5PLH8U",
            "name": "wlmeng11",
            "is_restricted": false,
            "is_ultra_restricted": false
        },
        "blocks": [
            {
                "type": "rich_text",
                "block_id": "7hu",
                "elements": [
                    {
                        "type": "rich_text_section",
                        "elements": [
                            {
                                "type": "text",
                                "text": "Wow this new PlayStation looks great! "
                            },
                            {
                                "type": "emoji",
                                "name": "joy"
                            }
                        ]
                    }
                ]
            }
        ],
        "thread_ts": "1611866976.000300",
        "parent_user_id": "U5M5PLH9S",
        "reactions": [
            {
                "name": "stuck_out_tongue",
                "users": [
                    "U5M5PLH9S"
                ],
                "count": 1
            }
        ]
    }
]