[
    {
        "type": "message",
        "subtype": "thread_broadcast",
        "text": "Now this classic is in 4k! <https:\/\/twitter.com\/MIT_CSAIL\/status\/1363172815315214336?s=19|https:\/\/twitter.com\/MIT_CSAIL\/status\/1363172815315214336?s=19>",
        "user": "U5M5PLH9S",
        "ts": "1617986034.004200",
        "thread_ts": "1595875347.000300",
        "root": {
            "client_msg_id": "5f283df1-7cb8-4c28-86be-68224cd45057",
            "type": "message",
            "text": "On July 27th, 1987, *a* *world*-*changing* single was released.\n*A* dance-pop song from *a* 21-year-old singer\/songwriter under the tutelage of producing trio Stock Aitken Waterman, it would go on to top the charts in 25 countries.\n33 years ago today...\n\n<https:\/\/www.youtube.com\/watch?v=dQw4w9WgXcQ>",
            "user": "U5M5PLH9S",
            "ts": "1595875347.000300",
            "team": "T5M5PLH8U",
            "blocks": [
                {
                    "type": "rich_text",
                    "block_id": "3F\/",
                    "elements": [
                        {
                            "type": "rich_text_section",
                            "elements": [
                                {
                                    "type": "text",
                                    "text": "On July 27th, 1987, "
                                },
                                {
                                    "type": "text",
                                    "text": "a",
                                    "style": {
                                        "bold": true
                                    }
                                },
                                {
                                    "type": "text",
                                    "text": " "
                                },
                                {
                                    "type": "text",
                                    "text": "world",
                                    "style": {
                                        "bold": true
                                    }
                                },
                                {
                                    "type": "text",
                                    "text": "-"
                                },
                                {
                                    "type": "text",
                                    "text": "changing",
                                    "style": {
                                        "bold": true
                                    }
                                },
                                {
                                    "type": "text",
                                    "text": " single was released.\n"
                                },
                                {
                                    "type": "text",
                                    "text": "A",
                                    "style": {
                                        "bold": true
                                    }
                                },
                                {
                                    "type": "text",
                                    "text": " dance-pop song from "
                                },
                                {
                                    "type": "text",
                                    "text": "a",
                                    "style": {
                                        "bold": true
                                    }
                                },
                                {
                                    "type": "text",
                                    "text": " 21-year-old singer\/songwriter under the tutelage of producing trio Stock Aitken Waterman, it would go on to top the charts in 25 countries.\n33 years ago today...\n\n"
                                },
                                {
                                    "type": "link",
                                    "url": "https:\/\/www.youtube.com\/watch?v=dQw4w9WgXcQ"
                                }
                            ]
                        }
                    ]
                }
            ],
            "thread_ts": "1595875347.000300",
            "reply_count": 4,
            "reply_users_count": 2,
            "latest_reply": "1617987405.004600",
            "reply_users": [
                "U8Z3VB1T2",
                "U5M5PLH9S"
            ],
            "replies": [
                {
                    "user": "U8Z3VB1T2",
                    "ts": "1595881302.000700"
                },
                {
                    "user": "U5M5PLH9S",
                    "ts": "1595922373.000900"
                },
                {
                    "user": "U5M5PLH9S",
                    "ts": "1617986034.004200"
                },
                {
                    "user": "U8Z3VB1T2",
                    "ts": "1617987405.004600"
                }
            ],
            "is_locked": false,
            "subscribed": true,
            "last_read": "1617987405.004600"
        },
        "blocks": [
            {
                "type": "rich_text",
                "block_id": "fCAS",
                "elements": [
                    {
                        "type": "rich_text_section",
                        "elements": [
                            {
                                "type": "text",
                                "text": "Now this classic is in 4k! "
                            },
                            {
                                "type": "link",
                                "url": "https:\/\/twitter.com\/MIT_CSAIL\/status\/1363172815315214336?s=19",
                                "text": "https:\/\/twitter.com\/MIT_CSAIL\/status\/1363172815315214336?s=19"
                            }
                        ]
                    }
                ]
            }
        ],
        "client_msg_id": "cfd8bc4a-92df-4d52-b68f-f54145fee7d1",
        "reactions": [
            {
                "name": "joy",
                "users": [
                    "U8Z3VB1T2",
                    "U01S78SVBHD"
                ],
                "count": 2
            }
        ]
    },
    {
        "client_msg_id": "728e9369-ad87-484b-972a-a5e6689c0c9b",
        "type": "message",
        "text": "Got me again.... :sweat_smile:",
        "user": "U8Z3VB1T2",
        "ts": "1617987405.004600",
        "team": "T5M5PLH8U",
        "user_team": "T5M5PLH8U",
        "source_team": "T5M5PLH8U",
        "user_profile": {
            "avatar_hash": "g49ad52d7df8",
            "image_72": "https:\/\/secure.gravatar.com\/avatar\/449ad52d7df89ecbe8ebe0fd87d3f63f.jpg?s=72&d=https%3A%2F%2Fa.slack-edge.com%2Fdf10d%2Fimg%2Favatars%2Fava_0026-72.png",
            "first_name": "",
            "real_name": "William Meng",
            "display_name": "",
            "team": "T5M5PLH8U",
            "name": "wlmeng11",
            "is_restricted": false,
            "is_ultra_restricted": false
        },
        "blocks": [
            {
                "type": "rich_text",
                "block_id": "sm7+S",
                "elements": [
                    {
                        "type": "rich_text_section",
                        "elements": [
                            {
                                "type": "text",
                                "text": "Got me again.... "
                            },
                            {
                                "type": "emoji",
                                "name": "sweat_smile"
                            }
                        ]
                    }
                ]
            }
        ],
        "thread_ts": "1595875347.000300",
        "parent_user_id": "U5M5PLH9S",
        "reactions": [
            {
                "name": "smiley",
                "users": [
                    "U5M5PLH9S"
                ],
                "count": 1
            }
        ]
    }
]