[
    {
        "type": "message",
        "text": "Guess what this will be?  :wink:",
        "files": [
            {
                "id": "F0241VDRMSM",
                "created": 1622573011,
                "timestamp": 1622573011,
                "name": "image.png",
                "title": "image.png",
                "mimetype": "image\/png",
                "filetype": "png",
                "pretty_type": "PNG",
                "user": "U5M5PLH9S",
                "editable": false,
                "size": 19708126,
                "mode": "hosted",
                "is_external": false,
                "external_type": "",
                "is_public": true,
                "public_url_shared": false,
                "display_as_bot": false,
                "username": "",
                "url_private": "https:\/\/files.slack.com\/files-pri\/T5M5PLH8U-F0241VDRMSM\/image.png?t=xoxe-191193697300-2381439834979-2387440767812-d973f70d679d3caabfeb15fb25f95fa2",
                "url_private_download": "https:\/\/files.slack.com\/files-pri\/T5M5PLH8U-F0241VDRMSM\/download\/image.png?t=xoxe-191193697300-2381439834979-2387440767812-d973f70d679d3caabfeb15fb25f95fa2",
                "media_display_type": "unknown",
                "thumb_64": "https:\/\/files.slack.com\/files-tmb\/T5M5PLH8U-F0241VDRMSM-52dd5eee10\/image_64.png?t=xoxe-191193697300-2381439834979-2387440767812-d973f70d679d3caabfeb15fb25f95fa2",
                "thumb_80": "https:\/\/files.slack.com\/files-tmb\/T5M5PLH8U-F0241VDRMSM-52dd5eee10\/image_80.png?t=xoxe-191193697300-2381439834979-2387440767812-d973f70d679d3caabfeb15fb25f95fa2",
                "thumb_360": "https:\/\/files.slack.com\/files-tmb\/T5M5PLH8U-F0241VDRMSM-52dd5eee10\/image_360.png?t=xoxe-191193697300-2381439834979-2387440767812-d973f70d679d3caabfeb15fb25f95fa2",
                "thumb_360_w": 360,
                "thumb_360_h": 203,
                "thumb_480": "https:\/\/files.slack.com\/files-tmb\/T5M5PLH8U-F0241VDRMSM-52dd5eee10\/image_480.png?t=xoxe-191193697300-2381439834979-2387440767812-d973f70d679d3caabfeb15fb25f95fa2",
                "thumb_480_w": 480,
                "thumb_480_h": 270,
                "thumb_160": "https:\/\/files.slack.com\/files-tmb\/T5M5PLH8U-F0241VDRMSM-52dd5eee10\/image_160.png?t=xoxe-191193697300-2381439834979-2387440767812-d973f70d679d3caabfeb15fb25f95fa2",
                "thumb_720": "https:\/\/files.slack.com\/files-tmb\/T5M5PLH8U-F0241VDRMSM-52dd5eee10\/image_720.png?t=xoxe-191193697300-2381439834979-2387440767812-d973f70d679d3caabfeb15fb25f95fa2",
                "thumb_720_w": 720,
                "thumb_720_h": 405,
                "thumb_800": "https:\/\/files.slack.com\/files-tmb\/T5M5PLH8U-F0241VDRMSM-52dd5eee10\/image_800.png?t=xoxe-191193697300-2381439834979-2387440767812-d973f70d679d3caabfeb15fb25f95fa2",
                "thumb_800_w": 800,
                "thumb_800_h": 450,
                "thumb_960": "https:\/\/files.slack.com\/files-tmb\/T5M5PLH8U-F0241VDRMSM-52dd5eee10\/image_960.png?t=xoxe-191193697300-2381439834979-2387440767812-d973f70d679d3caabfeb15fb25f95fa2",
                "thumb_960_w": 960,
                "thumb_960_h": 540,
                "thumb_1024": "https:\/\/files.slack.com\/files-tmb\/T5M5PLH8U-F0241VDRMSM-52dd5eee10\/image_1024.png?t=xoxe-191193697300-2381439834979-2387440767812-d973f70d679d3caabfeb15fb25f95fa2",
                "thumb_1024_w": 1024,
                "thumb_1024_h": 576,
                "original_w": 4032,
                "original_h": 2268,
                "thumb_tiny": "AwAbADCCYtvILZHamRIZGIGPxqSY+Y\/AAA4zTCpXhcfWkVbqLsQMAZACfQE0\/wAtB\/Ex\/IVGCWIAwMd6eWZR0zQIQxqOU3Z96RnGMAYPoalDDA3fL9aHjDj+opXGK8J\/5aDb6Y5zTkg25zzmoPNkEW0OcZq3CxZRk5oYIYIQBwMVGYG83np2q5ilAB6ikmFirIpGRww9+1JsUKeCGHerBAEgAHBqMkg\/jTEf\/9k=",
                "permalink": "https:\/\/usdevkit.slack.com\/files\/U5M5PLH9S\/F0241VDRMSM\/image.png",
                "permalink_public": "https:\/\/slack-files.com\/T5M5PLH8U-F0241VDRMSM-7c89217635",
                "is_starred": false,
                "has_rich_preview": false
            }
        ],
        "upload": false,
        "blocks": [
            {
                "type": "rich_text",
                "block_id": "2z36",
                "elements": [
                    {
                        "type": "rich_text_section",
                        "elements": [
                            {
                                "type": "text",
                                "text": "Guess what this will be?  "
                            },
                            {
                                "type": "emoji",
                                "name": "wink"
                            }
                        ]
                    }
                ]
            }
        ],
        "user": "U5M5PLH9S",
        "display_as_bot": false,
        "ts": "1622573020.000700",
        "edited": {
            "user": "U5M5PLH9S",
            "ts": "1622573027.000000"
        }
    }
]