[
    {
        "client_msg_id": "d02c6864-2566-4298-9b97-95138b1ff024",
        "type": "message",
        "text": "Releasing a ft600 board on pmods <https:\/\/github.com\/kelu124\/ft600|https:\/\/github.com\/kelu124\/ft600>",
        "user": "U5M5PLH9S",
        "ts": "1616697279.002000",
        "team": "T5M5PLH8U",
        "user_team": "T5M5PLH8U",
        "source_team": "T5M5PLH8U",
        "user_profile": {
            "avatar_hash": "e4fb6ae9f526",
            "image_72": "https:\/\/avatars.slack-edge.com\/2017-06-01\/191144530514_e4fb6ae9f526531fd41c_72.jpg",
            "first_name": "",
            "real_name": "kelu",
            "display_name": "",
            "team": "T5M5PLH8U",
            "name": "kelu",
            "is_restricted": false,
            "is_ultra_restricted": false
        },
        "blocks": [
            {
                "type": "rich_text",
                "block_id": "VgxC",
                "elements": [
                    {
                        "type": "rich_text_section",
                        "elements": [
                            {
                                "type": "text",
                                "text": "Releasing a ft600 board on pmods "
                            },
                            {
                                "type": "link",
                                "url": "https:\/\/github.com\/kelu124\/ft600",
                                "text": "https:\/\/github.com\/kelu124\/ft600"
                            }
                        ]
                    }
                ]
            }
        ]
    },
    {
        "client_msg_id": "10ddde7c-9317-49dd-b0fc-8df02e08fba7",
        "type": "message",
        "text": "<https:\/\/github.com\/kelu124\/ft600\/blob\/main\/images\/20210323_210219.jpg|https:\/\/github.com\/kelu124\/ft600\/blob\/main\/images\/20210323_210219.jpg>",
        "user": "U5M5PLH9S",
        "ts": "1616697302.002100",
        "team": "T5M5PLH8U",
        "user_team": "T5M5PLH8U",
        "source_team": "T5M5PLH8U",
        "user_profile": {
            "avatar_hash": "e4fb6ae9f526",
            "image_72": "https:\/\/avatars.slack-edge.com\/2017-06-01\/191144530514_e4fb6ae9f526531fd41c_72.jpg",
            "first_name": "",
            "real_name": "kelu",
            "display_name": "",
            "team": "T5M5PLH8U",
            "name": "kelu",
            "is_restricted": false,
            "is_ultra_restricted": false
        },
        "edited": {
            "user": "U5M5PLH9S",
            "ts": "1616697322.000000"
        },
        "blocks": [
            {
                "type": "rich_text",
                "block_id": "kMlw",
                "elements": [
                    {
                        "type": "rich_text_section",
                        "elements": [
                            {
                                "type": "link",
                                "url": "https:\/\/github.com\/kelu124\/ft600\/blob\/main\/images\/20210323_210219.jpg",
                                "text": "https:\/\/github.com\/kelu124\/ft600\/blob\/main\/images\/20210323_210219.jpg"
                            }
                        ]
                    }
                ]
            }
        ]
    },
    {
        "client_msg_id": "33a50675-5ee9-46ca-b59c-32ebe67069ae",
        "type": "message",
        "text": "Why a bit usb3 plug and not à usbc? Glad you asked ;) <https:\/\/twitter.com\/mifune\/status\/1373564866443759617?s=19|https:\/\/twitter.com\/mifune\/status\/1373564866443759617?s=19>",
        "user": "U5M5PLH9S",
        "ts": "1616697513.002300",
        "team": "T5M5PLH8U",
        "user_team": "T5M5PLH8U",
        "source_team": "T5M5PLH8U",
        "user_profile": {
            "avatar_hash": "e4fb6ae9f526",
            "image_72": "https:\/\/avatars.slack-edge.com\/2017-06-01\/191144530514_e4fb6ae9f526531fd41c_72.jpg",
            "first_name": "",
            "real_name": "kelu",
            "display_name": "",
            "team": "T5M5PLH8U",
            "name": "kelu",
            "is_restricted": false,
            "is_ultra_restricted": false
        },
        "blocks": [
            {
                "type": "rich_text",
                "block_id": "nQq",
                "elements": [
                    {
                        "type": "rich_text_section",
                        "elements": [
                            {
                                "type": "text",
                                "text": "Why a bit usb3 plug and not à usbc? Glad you asked ;) "
                            },
                            {
                                "type": "link",
                                "url": "https:\/\/twitter.com\/mifune\/status\/1373564866443759617?s=19",
                                "text": "https:\/\/twitter.com\/mifune\/status\/1373564866443759617?s=19"
                            }
                        ]
                    }
                ]
            }
        ]
    }
]