[
    {
        "client_msg_id": "294fcb02-57b7-4348-bdf3-70c0493355bb",
        "type": "message",
        "text": "Other <@UFPCMHBA6> ping - we were discussing cheap Zynq 7000+ boards: <https:\/\/www.aliexpress.com\/item\/1005001754190244.html>",
        "user": "U5M5PLH9S",
        "ts": "1616405318.001700",
        "team": "T5M5PLH8U",
        "user_team": "T5M5PLH8U",
        "source_team": "T5M5PLH8U",
        "user_profile": {
            "avatar_hash": "e4fb6ae9f526",
            "image_72": "https:\/\/avatars.slack-edge.com\/2017-06-01\/191144530514_e4fb6ae9f526531fd41c_72.jpg",
            "first_name": "",
            "real_name": "kelu",
            "display_name": "",
            "team": "T5M5PLH8U",
            "name": "kelu",
            "is_restricted": false,
            "is_ultra_restricted": false
        },
        "attachments": [
            {
                "service_name": "aliexpress.com",
                "title": "13.5US $ |ZYNQ 7000 Development Board|Air Conditioner Parts|   - AliExpress",
                "title_link": "https:\/\/www.aliexpress.com\/item\/1005001754190244.html",
                "text": "Smarter Shopping, Better Living! <http:\/\/Aliexpress.com|Aliexpress.com>",
                "fallback": "aliexpress.com: 13.5US $ |ZYNQ 7000 Development Board|Air Conditioner Parts|   - AliExpress",
                "thumb_url": "https:\/\/ae01.alicdn.com\/kf\/H01a2e163428343bca2a4906ce9b67edcQ\/ZYNQ-7000-Development-Board.jpg",
                "from_url": "https:\/\/www.aliexpress.com\/item\/1005001754190244.html",
                "thumb_width": 800,
                "thumb_height": 800,
                "service_icon": "http:\/\/ae01.alicdn.com\/images\/eng\/wholesale\/icon\/aliexpress.ico",
                "id": 1,
                "original_url": "https:\/\/www.aliexpress.com\/item\/1005001754190244.html"
            }
        ],
        "blocks": [
            {
                "type": "rich_text",
                "block_id": "nTu",
                "elements": [
                    {
                        "type": "rich_text_section",
                        "elements": [
                            {
                                "type": "text",
                                "text": "Other "
                            },
                            {
                                "type": "user",
                                "user_id": "UFPCMHBA6"
                            },
                            {
                                "type": "text",
                                "text": " ping - we were discussing cheap Zynq 7000+ boards: "
                            },
                            {
                                "type": "link",
                                "url": "https:\/\/www.aliexpress.com\/item\/1005001754190244.html"
                            }
                        ]
                    }
                ]
            }
        ]
    }
]