[
    {
        "client_msg_id": "5157af6e-9855-4b13-abe9-e0730c82936c",
        "type": "message",
        "text": "I had no idea Naomi was opinionated so on twitter!",
        "user": "U01N3PNAHS9",
        "ts": "1618562414.006100",
        "team": "T5M5PLH8U",
        "user_team": "T5M5PLH8U",
        "source_team": "T5M5PLH8U",
        "user_profile": {
            "avatar_hash": "96f2f41bd32d",
            "image_72": "https:\/\/avatars.slack-edge.com\/2021-02-15\/1761057808980_96f2f41bd32d3c2b97ec_72.jpg",
            "first_name": "",
            "real_name": "lewis mcfadyen",
            "display_name": "lewis mcfadyen",
            "team": "T5M5PLH8U",
            "name": "lewismcfadyen",
            "is_restricted": false,
            "is_ultra_restricted": false
        },
        "blocks": [
            {
                "type": "rich_text",
                "block_id": "wF1",
                "elements": [
                    {
                        "type": "rich_text_section",
                        "elements": [
                            {
                                "type": "text",
                                "text": "I had no idea Naomi was opinionated so on twitter!"
                            }
                        ]
                    }
                ]
            }
        ],
        "thread_ts": "1618562414.006100",
        "reply_count": 2,
        "reply_users_count": 2,
        "latest_reply": "1618664625.007000",
        "reply_users": [
            "U5M5PLH9S",
            "U01N3PNAHS9"
        ],
        "replies": [
            {
                "user": "U5M5PLH9S",
                "ts": "1618563578.006700"
            },
            {
                "user": "U01N3PNAHS9",
                "ts": "1618664625.007000"
            }
        ],
        "is_locked": false,
        "subscribed": true,
        "last_read": "1618664625.007000"
    },
    {
        "type": "message",
        "text": "Better hit the books too <@U8Z3VB1T2>!",
        "files": [
            {
                "id": "F01UQ9J2X0U",
                "created": 1618562424,
                "timestamp": 1618562424,
                "name": "20210416_163303.jpg",
                "title": "20210416_163303.jpg",
                "mimetype": "image\/jpeg",
                "filetype": "jpg",
                "pretty_type": "JPEG",
                "user": "U01N3PNAHS9",
                "editable": false,
                "size": 823720,
                "mode": "hosted",
                "is_external": false,
                "external_type": "",
                "is_public": true,
                "public_url_shared": false,
                "display_as_bot": false,
                "username": "",
                "url_private": "https:\/\/files.slack.com\/files-pri\/T5M5PLH8U-F01UQ9J2X0U\/20210416_163303.jpg?t=xoxe-191193697300-2381439834979-2387440767812-d973f70d679d3caabfeb15fb25f95fa2",
                "url_private_download": "https:\/\/files.slack.com\/files-pri\/T5M5PLH8U-F01UQ9J2X0U\/download\/20210416_163303.jpg?t=xoxe-191193697300-2381439834979-2387440767812-d973f70d679d3caabfeb15fb25f95fa2",
                "media_display_type": "unknown",
                "thumb_64": "https:\/\/files.slack.com\/files-tmb\/T5M5PLH8U-F01UQ9J2X0U-fae75f0ab6\/20210416_163303_64.jpg?t=xoxe-191193697300-2381439834979-2387440767812-d973f70d679d3caabfeb15fb25f95fa2",
                "thumb_80": "https:\/\/files.slack.com\/files-tmb\/T5M5PLH8U-F01UQ9J2X0U-fae75f0ab6\/20210416_163303_80.jpg?t=xoxe-191193697300-2381439834979-2387440767812-d973f70d679d3caabfeb15fb25f95fa2",
                "thumb_360": "https:\/\/files.slack.com\/files-tmb\/T5M5PLH8U-F01UQ9J2X0U-fae75f0ab6\/20210416_163303_360.jpg?t=xoxe-191193697300-2381439834979-2387440767812-d973f70d679d3caabfeb15fb25f95fa2",
                "thumb_360_w": 270,
                "thumb_360_h": 360,
                "thumb_480": "https:\/\/files.slack.com\/files-tmb\/T5M5PLH8U-F01UQ9J2X0U-fae75f0ab6\/20210416_163303_480.jpg?t=xoxe-191193697300-2381439834979-2387440767812-d973f70d679d3caabfeb15fb25f95fa2",
                "thumb_480_w": 360,
                "thumb_480_h": 480,
                "thumb_160": "https:\/\/files.slack.com\/files-tmb\/T5M5PLH8U-F01UQ9J2X0U-fae75f0ab6\/20210416_163303_160.jpg?t=xoxe-191193697300-2381439834979-2387440767812-d973f70d679d3caabfeb15fb25f95fa2",
                "thumb_720": "https:\/\/files.slack.com\/files-tmb\/T5M5PLH8U-F01UQ9J2X0U-fae75f0ab6\/20210416_163303_720.jpg?t=xoxe-191193697300-2381439834979-2387440767812-d973f70d679d3caabfeb15fb25f95fa2",
                "thumb_720_w": 540,
                "thumb_720_h": 720,
                "thumb_800": "https:\/\/files.slack.com\/files-tmb\/T5M5PLH8U-F01UQ9J2X0U-fae75f0ab6\/20210416_163303_800.jpg?t=xoxe-191193697300-2381439834979-2387440767812-d973f70d679d3caabfeb15fb25f95fa2",
                "thumb_800_w": 800,
                "thumb_800_h": 1067,
                "thumb_960": "https:\/\/files.slack.com\/files-tmb\/T5M5PLH8U-F01UQ9J2X0U-fae75f0ab6\/20210416_163303_960.jpg?t=xoxe-191193697300-2381439834979-2387440767812-d973f70d679d3caabfeb15fb25f95fa2",
                "thumb_960_w": 720,
                "thumb_960_h": 960,
                "thumb_1024": "https:\/\/files.slack.com\/files-tmb\/T5M5PLH8U-F01UQ9J2X0U-fae75f0ab6\/20210416_163303_1024.jpg?t=xoxe-191193697300-2381439834979-2387440767812-d973f70d679d3caabfeb15fb25f95fa2",
                "thumb_1024_w": 768,
                "thumb_1024_h": 1024,
                "original_w": 3024,
                "original_h": 4032,
                "thumb_tiny": "AwAwACSQU6oMkjPcUgJBI2mlcdiZpI1+86j8aRZo3barZNQlQTkoB7miEATr06Gi4WLOKMUtFMkgj\/rTWUBzxkepNJFIN7A9BSgh85GalloT5e4XH1p0WPOXHTn+VNAGBx+lOjGJ1pLcLFiig0VoQZ6jALYzQJWBxt5\/lUiKGXg8U4QpnOOamxdxuSFySB9DSRO7TocHbnrUwjT0pQigg46dOaEhXJc0maTNJmqEf\/\/Z",
                "permalink": "https:\/\/usdevkit.slack.com\/files\/U01N3PNAHS9\/F01UQ9J2X0U\/20210416_163303.jpg",
                "permalink_public": "https:\/\/slack-files.com\/T5M5PLH8U-F01UQ9J2X0U-500221e206",
                "is_starred": false,
                "has_rich_preview": false
            }
        ],
        "upload": false,
        "blocks": [
            {
                "type": "rich_text",
                "block_id": "2dxW",
                "elements": [
                    {
                        "type": "rich_text_section",
                        "elements": [
                            {
                                "type": "text",
                                "text": "Better hit the books too "
                            },
                            {
                                "type": "user",
                                "user_id": "U8Z3VB1T2"
                            },
                            {
                                "type": "text",
                                "text": "!"
                            }
                        ]
                    }
                ]
            }
        ],
        "user": "U01N3PNAHS9",
        "display_as_bot": false,
        "ts": "1618562434.006200",
        "edited": {
            "user": "U01N3PNAHS9",
            "ts": "1618562486.000000"
        },
        "client_msg_id": "5d9046b4-2695-4d13-ac94-0e647ec614f7",
        "reactions": [
            {
                "name": "smiley",
                "users": [
                    "U5M5PLH9S",
                    "U8Z3VB1T2"
                ],
                "count": 2
            }
        ]
    },
    {
        "client_msg_id": "13db1a15-9920-4730-93db-bd3fd71d141b",
        "type": "message",
        "text": "That could lead to an interesting discussion but it felt like it wouldnt have been a discussion :\/",
        "user": "U5M5PLH9S",
        "ts": "1618563578.006700",
        "team": "T5M5PLH8U",
        "user_team": "T5M5PLH8U",
        "source_team": "T5M5PLH8U",
        "user_profile": {
            "avatar_hash": "e4fb6ae9f526",
            "image_72": "https:\/\/avatars.slack-edge.com\/2017-06-01\/191144530514_e4fb6ae9f526531fd41c_72.jpg",
            "first_name": "",
            "real_name": "kelu",
            "display_name": "",
            "team": "T5M5PLH8U",
            "name": "kelu",
            "is_restricted": false,
            "is_ultra_restricted": false
        },
        "blocks": [
            {
                "type": "rich_text",
                "block_id": "TgLFn",
                "elements": [
                    {
                        "type": "rich_text_section",
                        "elements": [
                            {
                                "type": "text",
                                "text": "That could lead to an interesting discussion but it felt like it wouldnt have been a discussion :\/"
                            }
                        ]
                    }
                ]
            }
        ],
        "thread_ts": "1618562414.006100",
        "parent_user_id": "U01N3PNAHS9"
    }
]