[
    {
        "client_msg_id": "46d97321-5833-4bb2-ac82-3f25b65db456",
        "type": "message",
        "text": "Worth reading ?",
        "user": "U01N3PNAHS9",
        "ts": "1617280155.003900",
        "team": "T5M5PLH8U",
        "user_team": "T5M5PLH8U",
        "source_team": "T5M5PLH8U",
        "user_profile": {
            "avatar_hash": "96f2f41bd32d",
            "image_72": "https:\/\/avatars.slack-edge.com\/2021-02-15\/1761057808980_96f2f41bd32d3c2b97ec_72.jpg",
            "first_name": "",
            "real_name": "lewis mcfadyen",
            "display_name": "lewis mcfadyen",
            "team": "T5M5PLH8U",
            "name": "lewismcfadyen",
            "is_restricted": false,
            "is_ultra_restricted": false
        },
        "blocks": [
            {
                "type": "rich_text",
                "block_id": "F3N",
                "elements": [
                    {
                        "type": "rich_text_section",
                        "elements": [
                            {
                                "type": "text",
                                "text": "Worth reading ?"
                            }
                        ]
                    }
                ]
            }
        ]
    }
]