[
    {
        "client_msg_id": "85f0ef36-11dc-48d2-8030-b3c32634bd2c",
        "type": "message",
        "text": "Heya <!channel>, releasing the subscription for overleaf (not cheap), but don't hesitate to have a last look before the subscription ends (in a week or so) if you want to have a final edit.",
        "user": "U5M5PLH9S",
        "ts": "1612023974.001100",
        "team": "T5M5PLH8U",
        "user_team": "T5M5PLH8U",
        "source_team": "T5M5PLH8U",
        "user_profile": {
            "avatar_hash": "e4fb6ae9f526",
            "image_72": "https:\/\/avatars.slack-edge.com\/2017-06-01\/191144530514_e4fb6ae9f526531fd41c_72.jpg",
            "first_name": "",
            "real_name": "kelu",
            "display_name": "",
            "team": "T5M5PLH8U",
            "name": "kelu",
            "is_restricted": false,
            "is_ultra_restricted": false
        },
        "blocks": [
            {
                "type": "rich_text",
                "block_id": "jbQ",
                "elements": [
                    {
                        "type": "rich_text_section",
                        "elements": [
                            {
                                "type": "text",
                                "text": "Heya "
                            },
                            {
                                "type": "broadcast",
                                "range": "channel"
                            },
                            {
                                "type": "text",
                                "text": ", releasing the subscription for overleaf (not cheap), but don't hesitate to have a last look before the subscription ends (in a week or so) if you want to have a final edit."
                            }
                        ]
                    }
                ]
            }
        ],
        "reactions": [
            {
                "name": "+1",
                "users": [
                    "U8Z3VB1T2",
                    "U6E49CNV6"
                ],
                "count": 2
            }
        ]
    }
]