[
    {
        "client_msg_id": "6b4f25c9-9d9d-44a4-99a9-1e47da6cd3a1",
        "type": "message",
        "text": "Superb, thanks <@U8Z3VB1T2> :wink: Never easy to have this dense an output, maybe worth to have several paper (but several times the ovead too!)\nFor the others, the subscription ends on friday, so don't hesitate if you want to get a last check !",
        "user": "U5M5PLH9S",
        "ts": "1612696612.001300",
        "team": "T5M5PLH8U",
        "user_team": "T5M5PLH8U",
        "source_team": "T5M5PLH8U",
        "user_profile": {
            "avatar_hash": "e4fb6ae9f526",
            "image_72": "https:\/\/avatars.slack-edge.com\/2017-06-01\/191144530514_e4fb6ae9f526531fd41c_72.jpg",
            "first_name": "",
            "real_name": "kelu",
            "display_name": "",
            "team": "T5M5PLH8U",
            "name": "kelu",
            "is_restricted": false,
            "is_ultra_restricted": false
        },
        "blocks": [
            {
                "type": "rich_text",
                "block_id": "fye",
                "elements": [
                    {
                        "type": "rich_text_section",
                        "elements": [
                            {
                                "type": "text",
                                "text": "Superb, thanks "
                            },
                            {
                                "type": "user",
                                "user_id": "U8Z3VB1T2"
                            },
                            {
                                "type": "text",
                                "text": " "
                            },
                            {
                                "type": "emoji",
                                "name": "wink"
                            },
                            {
                                "type": "text",
                                "text": " Never easy to have this dense an output, maybe worth to have several paper (but several times the ovead too!)\nFor the others, the subscription ends on friday, so don't hesitate if you want to get a last check !"
                            }
                        ]
                    }
                ]
            }
        ]
    },
    {
        "client_msg_id": "367c5ce8-abcd-4c42-93c1-b43f92742e7b",
        "type": "message",
        "text": "Especially on the outtro :smiley:",
        "user": "U5M5PLH9S",
        "ts": "1612696690.001600",
        "team": "T5M5PLH8U",
        "user_team": "T5M5PLH8U",
        "source_team": "T5M5PLH8U",
        "user_profile": {
            "avatar_hash": "e4fb6ae9f526",
            "image_72": "https:\/\/avatars.slack-edge.com\/2017-06-01\/191144530514_e4fb6ae9f526531fd41c_72.jpg",
            "first_name": "",
            "real_name": "kelu",
            "display_name": "",
            "team": "T5M5PLH8U",
            "name": "kelu",
            "is_restricted": false,
            "is_ultra_restricted": false
        },
        "blocks": [
            {
                "type": "rich_text",
                "block_id": "=ET",
                "elements": [
                    {
                        "type": "rich_text_section",
                        "elements": [
                            {
                                "type": "text",
                                "text": "Especially on the outtro "
                            },
                            {
                                "type": "emoji",
                                "name": "smiley"
                            }
                        ]
                    }
                ]
            }
        ]
    }
]