[
    {
        "client_msg_id": "cff28f49-8e1b-4152-8e9a-2616f01d5fe5",
        "type": "message",
        "text": "Still in the review of the article to integrate comments :smiley:",
        "user": "U5M5PLH9S",
        "ts": "1611345442.000300",
        "team": "T5M5PLH8U",
        "user_team": "T5M5PLH8U",
        "source_team": "T5M5PLH8U",
        "user_profile": {
            "avatar_hash": "e4fb6ae9f526",
            "image_72": "https:\/\/avatars.slack-edge.com\/2017-06-01\/191144530514_e4fb6ae9f526531fd41c_72.jpg",
            "first_name": "",
            "real_name": "kelu",
            "display_name": "",
            "team": "T5M5PLH8U",
            "name": "kelu",
            "is_restricted": false,
            "is_ultra_restricted": false
        },
        "blocks": [
            {
                "type": "rich_text",
                "block_id": "ymZO",
                "elements": [
                    {
                        "type": "rich_text_section",
                        "elements": [
                            {
                                "type": "text",
                                "text": "Still in the review of the article to integrate comments "
                            },
                            {
                                "type": "emoji",
                                "name": "smiley"
                            }
                        ]
                    }
                ]
            }
        ]
    },
    {
        "client_msg_id": "ada19c40-5f78-42bc-b04c-14e27fa8b8fc",
        "type": "message",
        "text": "in the meanwhile, i got a mail from IUS2021 for a call for abstracts - <https:\/\/2021.ieee-ius.org\/abstract-submission-instructions> .\n<@U8Z3VB1T2>, opportunity to sell SDR in US ? :wink:\n<@UGJ8GJGNR>, mixed modalities tomography?",
        "user": "U5M5PLH9S",
        "ts": "1611345502.001400",
        "team": "T5M5PLH8U",
        "user_team": "T5M5PLH8U",
        "source_team": "T5M5PLH8U",
        "user_profile": {
            "avatar_hash": "e4fb6ae9f526",
            "image_72": "https:\/\/avatars.slack-edge.com\/2017-06-01\/191144530514_e4fb6ae9f526531fd41c_72.jpg",
            "first_name": "",
            "real_name": "kelu",
            "display_name": "",
            "team": "T5M5PLH8U",
            "name": "kelu",
            "is_restricted": false,
            "is_ultra_restricted": false
        },
        "blocks": [
            {
                "type": "rich_text",
                "block_id": "FihS",
                "elements": [
                    {
                        "type": "rich_text_section",
                        "elements": [
                            {
                                "type": "text",
                                "text": "in the meanwhile, i got a mail from IUS2021 for a call for abstracts - "
                            },
                            {
                                "type": "link",
                                "url": "https:\/\/2021.ieee-ius.org\/abstract-submission-instructions"
                            },
                            {
                                "type": "text",
                                "text": " .\n"
                            },
                            {
                                "type": "user",
                                "user_id": "U8Z3VB1T2"
                            },
                            {
                                "type": "text",
                                "text": ", opportunity to sell SDR in US ? "
                            },
                            {
                                "type": "emoji",
                                "name": "wink"
                            },
                            {
                                "type": "text",
                                "text": "\n"
                            },
                            {
                                "type": "user",
                                "user_id": "UGJ8GJGNR"
                            },
                            {
                                "type": "text",
                                "text": ", mixed modalities tomography?"
                            }
                        ]
                    }
                ]
            }
        ],
        "reactions": [
            {
                "name": "open_mouth",
                "users": [
                    "U8Z3VB1T2"
                ],
                "count": 1
            }
        ]
    }
]