[
    {
        "type": "message",
        "text": "With the latest version. Crossing fingers to get it out soon :slightly_smiling_face:",
        "files": [
            {
                "id": "F01T1S7A6U9",
                "created": 1617009020,
                "timestamp": 1617009020,
                "name": "SUSS_Hardware_metaReview.pdf",
                "title": "SUSS_Hardware_metaReview.pdf",
                "mimetype": "application\/pdf",
                "filetype": "pdf",
                "pretty_type": "PDF",
                "user": "U5M5PLH9S",
                "editable": false,
                "size": 327152,
                "mode": "hosted",
                "is_external": false,
                "external_type": "",
                "is_public": true,
                "public_url_shared": false,
                "display_as_bot": false,
                "username": "",
                "url_private": "https:\/\/files.slack.com\/files-pri\/T5M5PLH8U-F01T1S7A6U9\/suss_hardware_metareview.pdf?t=xoxe-191193697300-2381439834979-2387440767812-d973f70d679d3caabfeb15fb25f95fa2",
                "url_private_download": "https:\/\/files.slack.com\/files-pri\/T5M5PLH8U-F01T1S7A6U9\/download\/suss_hardware_metareview.pdf?t=xoxe-191193697300-2381439834979-2387440767812-d973f70d679d3caabfeb15fb25f95fa2",
                "media_display_type": "unknown",
                "thumb_pdf": "https:\/\/files.slack.com\/files-tmb\/T5M5PLH8U-F01T1S7A6U9-63f4c2aa8e\/suss_hardware_metareview_thumb_pdf.png?t=xoxe-191193697300-2381439834979-2387440767812-d973f70d679d3caabfeb15fb25f95fa2",
                "thumb_pdf_w": 935,
                "thumb_pdf_h": 1210,
                "permalink": "https:\/\/usdevkit.slack.com\/files\/U5M5PLH9S\/F01T1S7A6U9\/suss_hardware_metareview.pdf",
                "permalink_public": "https:\/\/slack-files.com\/T5M5PLH8U-F01T1S7A6U9-224a62e3d0",
                "is_starred": false,
                "has_rich_preview": false
            }
        ],
        "upload": false,
        "blocks": [
            {
                "type": "rich_text",
                "block_id": "Hqo=F",
                "elements": [
                    {
                        "type": "rich_text_section",
                        "elements": [
                            {
                                "type": "text",
                                "text": "With the latest version. Crossing fingers to get it out soon "
                            },
                            {
                                "type": "emoji",
                                "name": "slightly_smiling_face"
                            }
                        ]
                    }
                ]
            }
        ],
        "user": "U5M5PLH9S",
        "display_as_bot": false,
        "ts": "1617009028.000100",
        "thread_ts": "1614185979.001200",
        "parent_user_id": "U5M5PLH9S",
        "reactions": [
            {
                "name": "raised_hands",
                "users": [
                    "U8Z3VB1T2"
                ],
                "count": 1
            }
        ]
    }
]