[
    {
        "client_msg_id": "91fa4f6c-a37b-4588-b2c4-e4b0ad60eb9c",
        "type": "message",
        "text": "Merci <@U8Z3VB1T2> for the comments and adjusments again ! Got some comments from the editor, <https:\/\/gist.github.com\/kelu124\/305fdb92ac9eec89688c6b6b6fd0b785>, have tried and restructure the paper a bit. I need to put a bit more flesh on the pulser\/amp part, but I guess we're making progress on a different paper structure :wink:",
        "user": "U5M5PLH9S",
        "ts": "1614185979.001200",
        "team": "T5M5PLH8U",
        "user_team": "T5M5PLH8U",
        "source_team": "T5M5PLH8U",
        "user_profile": {
            "avatar_hash": "e4fb6ae9f526",
            "image_72": "https:\/\/avatars.slack-edge.com\/2017-06-01\/191144530514_e4fb6ae9f526531fd41c_72.jpg",
            "first_name": "",
            "real_name": "kelu",
            "display_name": "",
            "team": "T5M5PLH8U",
            "name": "kelu",
            "is_restricted": false,
            "is_ultra_restricted": false
        },
        "blocks": [
            {
                "type": "rich_text",
                "block_id": "Gho=o",
                "elements": [
                    {
                        "type": "rich_text_section",
                        "elements": [
                            {
                                "type": "text",
                                "text": "Merci "
                            },
                            {
                                "type": "user",
                                "user_id": "U8Z3VB1T2"
                            },
                            {
                                "type": "text",
                                "text": " for the comments and adjusments again ! Got some comments from the editor, "
                            },
                            {
                                "type": "link",
                                "url": "https:\/\/gist.github.com\/kelu124\/305fdb92ac9eec89688c6b6b6fd0b785"
                            },
                            {
                                "type": "text",
                                "text": ", have tried and restructure the paper a bit. I need to put a bit more flesh on the pulser\/amp part, but I guess we're making progress on a different paper structure "
                            },
                            {
                                "type": "emoji",
                                "name": "wink"
                            }
                        ]
                    }
                ]
            }
        ],
        "thread_ts": "1614185979.001200",
        "reply_count": 1,
        "reply_users_count": 1,
        "latest_reply": "1617009028.000100",
        "reply_users": [
            "U5M5PLH9S"
        ],
        "replies": [
            {
                "user": "U5M5PLH9S",
                "ts": "1617009028.000100"
            }
        ],
        "is_locked": false,
        "subscribed": true,
        "last_read": "1617009028.000100"
    }
]