"First Name"	"City"	"Postal/Zip Code"	"Country"
"Ryota"	"Oota-ku"	"143-0015"	"Japan"
"Marco Antonio"	"Miami"	"33172"	"United States of America"
"SUSA René"	"Medley"	"33195"	"United States of America"
"Jorge Luiz"	"Prague"	"12000"	"Czechia"
"Jonathan"	"Albertson"	"11507-1205"	"United States of America"
"Minyeong"	"Seoul"	"06247"	"South Korea"
"Yijie"	"Singapore"	"117282"	"Singapore"
"Mark"	"Haifa"	"3271301"	"Israel"
"Ajit"	"Pune"	"411007"	"India"
"John"	"Snohomish"	"98296-8399"	"United States of America"
"Heye"	"Berlin"	"13125"	"Germany"
"Florian"	"Cuxhaven"	"27478"	"Germany"
"Hampton"	"Denver"	"80210"	"United States of America"
"Jon"	"Bournemouth"	"BH4 8HY"	"United Kingdom"
"Phanindra"	"Provo"	"84604"	"United States of America"
"Craig"	"URBANA"	"61801"	"United States of America"
"Manivannan"	"Singapore"	"487372"	"Singapore"
"Ruben"	"Bielefeld"	"33615"	"Germany"
"AuST"	"West Valley City"	"84119"	"United States of America"
"zhenzhu"	"Ningbo"	"315000"	"China"
"jacob"	"Hörby"	"24295"	"Sweden"
"Surya"	"Troy"	"48084"	"United States of America"
"Gowri"	"Carlisle"	"01741"	"United States of America"
"Suvan"	"San Francisco"	"94107"	"United States of America"
"Josue"	"Sharpsburg"	"30277"	"United States of America"
"Elias Illeris"	"Roskilde"	"4000"	"Denmark"
"Tamir"	"Lyon"	"69003"	"France"
"Marius"	"Stavanger"	"4014"	"Norway"
"Zaira"	"Adolfo López Mateos"	"52929"	"Mexico"
"Massimo"	"Pisa"	"56121"	"Italy"
