[
    {
        "type": "message",
        "text": "",
        "user": "U5M5PLH9S",
        "ts": "1534285533.000100",
        "team": "T5M5PLH8U",
        "user_team": "T5M5PLH8U",
        "source_team": "T5M5PLH8U",
        "user_profile": {
            "avatar_hash": "e4fb6ae9f526",
            "image_72": "https:\/\/avatars.slack-edge.com\/2017-06-01\/191144530514_e4fb6ae9f526531fd41c_72.jpg",
            "first_name": "",
            "real_name": "kelu",
            "display_name": "",
            "team": "T5M5PLH8U",
            "name": "kelu",
            "is_restricted": false,
            "is_ultra_restricted": false
        },
        "attachments": [
            {
                "fallback": "[August 14th, 2018 11:48 PM] kelu: Breaking the wall of sound! un0rick can sample at 64Msps but ... one can offset the start of an acquisition by half a cycle. In practice, it means one can do two acquisitions, with one delayed by half a cycle, and interleave the two series. In practice: getting 128Msps acquisition speed! Proof in image below :slightly_smiling_face: And notebook at <https:\/\/github.com\/kelu124\/echomods\/blob\/master\/matty\/20180814a\/20180814a-Server.ipynb> . Some improvement on the lib too, not perfect yet but someday better!",
                "ts": "1534283329.000100",
                "author_id": "U5M5PLH9S",
                "author_subname": "kelu",
                "channel_id": "C5M71F0DT",
                "channel_name": "general",
                "is_msg_unfurl": true,
                "text": "Breaking the wall of sound! un0rick can sample at 64Msps but ... one can offset the start of an acquisition by half a cycle. In practice, it means one can do two acquisitions, with one delayed by half a cycle, and interleave the two series. In practice: getting 128Msps acquisition speed! Proof in image below :slightly_smiling_face: And notebook at <https:\/\/github.com\/kelu124\/echomods\/blob\/master\/matty\/20180814a\/20180814a-Server.ipynb> . Some improvement on the lib too, not perfect yet but someday better!",
                "author_name": "kelu",
                "author_link": "https:\/\/usdevkit.slack.com\/team\/U5M5PLH9S",
                "author_icon": "https:\/\/avatars.slack-edge.com\/2017-06-01\/191144530514_e4fb6ae9f526531fd41c_48.jpg",
                "mrkdwn_in": [
                    "text"
                ],
                "files": [
                    {
                        "id": "FCA0NCR0W",
                        "created": 1534283326,
                        "timestamp": 1534283326,
                        "name": "128Msps_20180813a-9-detail.jpg",
                        "title": "128Msps_20180813a-9-detail.jpg",
                        "mimetype": "image\/jpeg",
                        "filetype": "jpg",
                        "pretty_type": "JPEG",
                        "user": "U5M5PLH9S",
                        "editable": false,
                        "size": 52702,
                        "mode": "hosted",
                        "is_external": false,
                        "external_type": "",
                        "is_public": true,
                        "public_url_shared": false,
                        "display_as_bot": false,
                        "username": "",
                        "url_private": "https:\/\/files.slack.com\/files-pri\/T5M5PLH8U-FCA0NCR0W\/128msps_20180813a-9-detail.jpg",
                        "url_private_download": "https:\/\/files.slack.com\/files-pri\/T5M5PLH8U-FCA0NCR0W\/download\/128msps_20180813a-9-detail.jpg",
                        "thumb_64": "https:\/\/files.slack.com\/files-tmb\/T5M5PLH8U-FCA0NCR0W-f71b31e779\/128msps_20180813a-9-detail_64.jpg",
                        "thumb_80": "https:\/\/files.slack.com\/files-tmb\/T5M5PLH8U-FCA0NCR0W-f71b31e779\/128msps_20180813a-9-detail_80.jpg",
                        "thumb_360": "https:\/\/files.slack.com\/files-tmb\/T5M5PLH8U-FCA0NCR0W-f71b31e779\/128msps_20180813a-9-detail_360.jpg",
                        "thumb_360_w": 360,
                        "thumb_360_h": 120,
                        "thumb_480": "https:\/\/files.slack.com\/files-tmb\/T5M5PLH8U-FCA0NCR0W-f71b31e779\/128msps_20180813a-9-detail_480.jpg",
                        "thumb_480_w": 480,
                        "thumb_480_h": 160,
                        "thumb_160": "https:\/\/files.slack.com\/files-tmb\/T5M5PLH8U-FCA0NCR0W-f71b31e779\/128msps_20180813a-9-detail_160.jpg",
                        "thumb_720": "https:\/\/files.slack.com\/files-tmb\/T5M5PLH8U-FCA0NCR0W-f71b31e779\/128msps_20180813a-9-detail_720.jpg",
                        "thumb_720_w": 720,
                        "thumb_720_h": 240,
                        "thumb_800": "https:\/\/files.slack.com\/files-tmb\/T5M5PLH8U-FCA0NCR0W-f71b31e779\/128msps_20180813a-9-detail_800.jpg",
                        "thumb_800_w": 800,
                        "thumb_800_h": 267,
                        "thumb_960": "https:\/\/files.slack.com\/files-tmb\/T5M5PLH8U-FCA0NCR0W-f71b31e779\/128msps_20180813a-9-detail_960.jpg",
                        "thumb_960_w": 960,
                        "thumb_960_h": 320,
                        "thumb_1024": "https:\/\/files.slack.com\/files-tmb\/T5M5PLH8U-FCA0NCR0W-f71b31e779\/128msps_20180813a-9-detail_1024.jpg",
                        "thumb_1024_w": 1024,
                        "thumb_1024_h": 341,
                        "image_exif_rotation": 1,
                        "original_w": 1080,
                        "original_h": 360,
                        "permalink": "https:\/\/usdevkit.slack.com\/files\/U5M5PLH9S\/FCA0NCR0W\/128msps_20180813a-9-detail.jpg",
                        "permalink_public": "https:\/\/slack-files.com\/T5M5PLH8U-FCA0NCR0W-a878b69840",
                        "is_starred": false
                    }
                ],
                "color": "D0D0D0",
                "from_url": "https:\/\/usdevkit.slack.com\/archives\/C5M71F0DT\/p1534283329000100",
                "is_share": true,
                "footer": "Posted in #general"
            }
        ]
    }
]