[
    {
        "type": "message",
        "text": "An example with the ice40 and the probe",
        "files": [
            {
                "id": "F9MSU3S1Y",
                "created": 1520715449,
                "timestamp": 1520715449,
                "name": "probe.jpg",
                "title": "probe.jpg",
                "mimetype": "image\/jpeg",
                "filetype": "jpg",
                "pretty_type": "JPEG",
                "user": "U5M5PLH9S",
                "editable": false,
                "size": 55883,
                "mode": "hosted",
                "is_external": false,
                "external_type": "",
                "is_public": true,
                "public_url_shared": false,
                "display_as_bot": false,
                "username": "",
                "url_private": "https:\/\/files.slack.com\/files-pri\/T5M5PLH8U-F9MSU3S1Y\/probe.jpg?t=xoxe-191193697300-1655641665238-1662624174259-9d4966033b52bec8bbd54ad611c52557",
                "url_private_download": "https:\/\/files.slack.com\/files-pri\/T5M5PLH8U-F9MSU3S1Y\/download\/probe.jpg?t=xoxe-191193697300-1655641665238-1662624174259-9d4966033b52bec8bbd54ad611c52557",
                "thumb_64": "https:\/\/files.slack.com\/files-tmb\/T5M5PLH8U-F9MSU3S1Y-3b1382ef8c\/probe_64.jpg?t=xoxe-191193697300-1655641665238-1662624174259-9d4966033b52bec8bbd54ad611c52557",
                "thumb_80": "https:\/\/files.slack.com\/files-tmb\/T5M5PLH8U-F9MSU3S1Y-3b1382ef8c\/probe_80.jpg?t=xoxe-191193697300-1655641665238-1662624174259-9d4966033b52bec8bbd54ad611c52557",
                "thumb_360": "https:\/\/files.slack.com\/files-tmb\/T5M5PLH8U-F9MSU3S1Y-3b1382ef8c\/probe_360.jpg?t=xoxe-191193697300-1655641665238-1662624174259-9d4966033b52bec8bbd54ad611c52557",
                "thumb_360_w": 360,
                "thumb_360_h": 235,
                "thumb_480": "https:\/\/files.slack.com\/files-tmb\/T5M5PLH8U-F9MSU3S1Y-3b1382ef8c\/probe_480.jpg?t=xoxe-191193697300-1655641665238-1662624174259-9d4966033b52bec8bbd54ad611c52557",
                "thumb_480_w": 480,
                "thumb_480_h": 313,
                "thumb_160": "https:\/\/files.slack.com\/files-tmb\/T5M5PLH8U-F9MSU3S1Y-3b1382ef8c\/probe_160.jpg?t=xoxe-191193697300-1655641665238-1662624174259-9d4966033b52bec8bbd54ad611c52557",
                "image_exif_rotation": 1,
                "original_w": 601,
                "original_h": 392,
                "permalink": "https:\/\/usdevkit.slack.com\/files\/U5M5PLH9S\/F9MSU3S1Y\/probe.jpg",
                "permalink_public": "https:\/\/slack-files.com\/T5M5PLH8U-F9MSU3S1Y-f93fb578b1",
                "is_starred": false,
                "has_rich_preview": false
            }
        ],
        "upload": true,
        "user": "U5M5PLH9S",
        "display_as_bot": false,
        "ts": "1520715451.000081"
    },
    {
        "type": "message",
        "text": "And details from one line :)",
        "files": [
            {
                "id": "F9NNB1M7Y",
                "created": 1520715482,
                "timestamp": 1520715482,
                "name": "line70.jpg",
                "title": "line70.jpg",
                "mimetype": "image\/jpeg",
                "filetype": "jpg",
                "pretty_type": "JPEG",
                "user": "U5M5PLH9S",
                "editable": false,
                "size": 71024,
                "mode": "hosted",
                "is_external": false,
                "external_type": "",
                "is_public": true,
                "public_url_shared": false,
                "display_as_bot": false,
                "username": "",
                "url_private": "https:\/\/files.slack.com\/files-pri\/T5M5PLH8U-F9NNB1M7Y\/line70.jpg?t=xoxe-191193697300-1655641665238-1662624174259-9d4966033b52bec8bbd54ad611c52557",
                "url_private_download": "https:\/\/files.slack.com\/files-pri\/T5M5PLH8U-F9NNB1M7Y\/download\/line70.jpg?t=xoxe-191193697300-1655641665238-1662624174259-9d4966033b52bec8bbd54ad611c52557",
                "thumb_64": "https:\/\/files.slack.com\/files-tmb\/T5M5PLH8U-F9NNB1M7Y-8fc8da4232\/line70_64.jpg?t=xoxe-191193697300-1655641665238-1662624174259-9d4966033b52bec8bbd54ad611c52557",
                "thumb_80": "https:\/\/files.slack.com\/files-tmb\/T5M5PLH8U-F9NNB1M7Y-8fc8da4232\/line70_80.jpg?t=xoxe-191193697300-1655641665238-1662624174259-9d4966033b52bec8bbd54ad611c52557",
                "thumb_360": "https:\/\/files.slack.com\/files-tmb\/T5M5PLH8U-F9NNB1M7Y-8fc8da4232\/line70_360.jpg?t=xoxe-191193697300-1655641665238-1662624174259-9d4966033b52bec8bbd54ad611c52557",
                "thumb_360_w": 360,
                "thumb_360_h": 143,
                "thumb_480": "https:\/\/files.slack.com\/files-tmb\/T5M5PLH8U-F9NNB1M7Y-8fc8da4232\/line70_480.jpg?t=xoxe-191193697300-1655641665238-1662624174259-9d4966033b52bec8bbd54ad611c52557",
                "thumb_480_w": 480,
                "thumb_480_h": 191,
                "thumb_160": "https:\/\/files.slack.com\/files-tmb\/T5M5PLH8U-F9NNB1M7Y-8fc8da4232\/line70_160.jpg?t=xoxe-191193697300-1655641665238-1662624174259-9d4966033b52bec8bbd54ad611c52557",
                "thumb_720": "https:\/\/files.slack.com\/files-tmb\/T5M5PLH8U-F9NNB1M7Y-8fc8da4232\/line70_720.jpg?t=xoxe-191193697300-1655641665238-1662624174259-9d4966033b52bec8bbd54ad611c52557",
                "thumb_720_w": 720,
                "thumb_720_h": 286,
                "thumb_800": "https:\/\/files.slack.com\/files-tmb\/T5M5PLH8U-F9NNB1M7Y-8fc8da4232\/line70_800.jpg?t=xoxe-191193697300-1655641665238-1662624174259-9d4966033b52bec8bbd54ad611c52557",
                "thumb_800_w": 800,
                "thumb_800_h": 318,
                "image_exif_rotation": 1,
                "original_w": 889,
                "original_h": 353,
                "permalink": "https:\/\/usdevkit.slack.com\/files\/U5M5PLH9S\/F9NNB1M7Y\/line70.jpg",
                "permalink_public": "https:\/\/slack-files.com\/T5M5PLH8U-F9NNB1M7Y-04bb25ccbf",
                "is_starred": false,
                "has_rich_preview": false
            }
        ],
        "upload": true,
        "user": "U5M5PLH9S",
        "display_as_bot": false,
        "ts": "1520715484.000026"
    }
]