[
    {
        "type": "message",
        "text": "In the end, sensitivity of the board is higher, gain is better, SNR is around 10x better. The modules have for advantage to be excellent for debugs, discovering, robustness (ie one module gets magic smoke, you don't have to change the whole board), and easy interfacing, while the board is better for high-quality measurements, more for advanced users.",
        "user": "U5M5PLH9S",
        "ts": "1524298171.000048",
        "team": "T5M5PLH8U",
        "user_team": "T5M5PLH8U",
        "source_team": "T5M5PLH8U",
        "user_profile": {
            "avatar_hash": "e4fb6ae9f526",
            "image_72": "https:\/\/avatars.slack-edge.com\/2017-06-01\/191144530514_e4fb6ae9f526531fd41c_72.jpg",
            "first_name": "",
            "real_name": "kelu",
            "display_name": "",
            "team": "T5M5PLH8U",
            "name": "kelu",
            "is_restricted": false,
            "is_ultra_restricted": false
        }
    }
]