[
    {
        "type": "message",
        "subtype": "channel_join",
        "ts": "1531777513.000030",
        "user": "U8Z3VB1T2",
        "text": "<@U8Z3VB1T2> has joined the channel"
    },
    {
        "type": "message",
        "text": "Hi! I’m trying to view the un0rick .upv file in Upverter but it has this error when importing… anyone else having this issue?",
        "files": [
            {
                "id": "FBRRTB7LM",
                "created": 1531808484,
                "timestamp": 1531808484,
                "name": "image.png",
                "title": "upverter import error",
                "mimetype": "image\/png",
                "filetype": "png",
                "pretty_type": "PNG",
                "user": "U8Z3VB1T2",
                "editable": false,
                "size": 372184,
                "mode": "hosted",
                "is_external": false,
                "external_type": "",
                "is_public": true,
                "public_url_shared": false,
                "display_as_bot": false,
                "username": "",
                "url_private": "https:\/\/files.slack.com\/files-pri\/T5M5PLH8U-FBRRTB7LM\/image.png?t=xoxe-191193697300-1655641665238-1662624174259-9d4966033b52bec8bbd54ad611c52557",
                "url_private_download": "https:\/\/files.slack.com\/files-pri\/T5M5PLH8U-FBRRTB7LM\/download\/image.png?t=xoxe-191193697300-1655641665238-1662624174259-9d4966033b52bec8bbd54ad611c52557",
                "thumb_64": "https:\/\/files.slack.com\/files-tmb\/T5M5PLH8U-FBRRTB7LM-4488fb6d53\/image_64.png?t=xoxe-191193697300-1655641665238-1662624174259-9d4966033b52bec8bbd54ad611c52557",
                "thumb_80": "https:\/\/files.slack.com\/files-tmb\/T5M5PLH8U-FBRRTB7LM-4488fb6d53\/image_80.png?t=xoxe-191193697300-1655641665238-1662624174259-9d4966033b52bec8bbd54ad611c52557",
                "thumb_360": "https:\/\/files.slack.com\/files-tmb\/T5M5PLH8U-FBRRTB7LM-4488fb6d53\/image_360.png?t=xoxe-191193697300-1655641665238-1662624174259-9d4966033b52bec8bbd54ad611c52557",
                "thumb_360_w": 360,
                "thumb_360_h": 146,
                "thumb_480": "https:\/\/files.slack.com\/files-tmb\/T5M5PLH8U-FBRRTB7LM-4488fb6d53\/image_480.png?t=xoxe-191193697300-1655641665238-1662624174259-9d4966033b52bec8bbd54ad611c52557",
                "thumb_480_w": 480,
                "thumb_480_h": 194,
                "thumb_160": "https:\/\/files.slack.com\/files-tmb\/T5M5PLH8U-FBRRTB7LM-4488fb6d53\/image_160.png?t=xoxe-191193697300-1655641665238-1662624174259-9d4966033b52bec8bbd54ad611c52557",
                "thumb_720": "https:\/\/files.slack.com\/files-tmb\/T5M5PLH8U-FBRRTB7LM-4488fb6d53\/image_720.png?t=xoxe-191193697300-1655641665238-1662624174259-9d4966033b52bec8bbd54ad611c52557",
                "thumb_720_w": 720,
                "thumb_720_h": 291,
                "thumb_800": "https:\/\/files.slack.com\/files-tmb\/T5M5PLH8U-FBRRTB7LM-4488fb6d53\/image_800.png?t=xoxe-191193697300-1655641665238-1662624174259-9d4966033b52bec8bbd54ad611c52557",
                "thumb_800_w": 800,
                "thumb_800_h": 324,
                "thumb_960": "https:\/\/files.slack.com\/files-tmb\/T5M5PLH8U-FBRRTB7LM-4488fb6d53\/image_960.png?t=xoxe-191193697300-1655641665238-1662624174259-9d4966033b52bec8bbd54ad611c52557",
                "thumb_960_w": 960,
                "thumb_960_h": 388,
                "thumb_1024": "https:\/\/files.slack.com\/files-tmb\/T5M5PLH8U-FBRRTB7LM-4488fb6d53\/image_1024.png?t=xoxe-191193697300-1655641665238-1662624174259-9d4966033b52bec8bbd54ad611c52557",
                "thumb_1024_w": 1024,
                "thumb_1024_h": 414,
                "image_exif_rotation": 1,
                "original_w": 2486,
                "original_h": 1006,
                "permalink": "https:\/\/usdevkit.slack.com\/files\/U8Z3VB1T2\/FBRRTB7LM\/image.png",
                "permalink_public": "https:\/\/slack-files.com\/T5M5PLH8U-FBRRTB7LM-ffdf4aa5d8",
                "is_starred": false,
                "has_rich_preview": false
            }
        ],
        "upload": true,
        "user": "U8Z3VB1T2",
        "display_as_bot": false,
        "ts": "1531808489.000194"
    },
    {
        "client_msg_id": "2d4f26ba-d8f7-4d02-adde-1a9975df283f",
        "type": "message",
        "text": "Looks like a server error..",
        "user": "U5M5PLH9S",
        "ts": "1531808938.000085",
        "team": "T5M5PLH8U",
        "user_team": "T5M5PLH8U",
        "source_team": "T5M5PLH8U",
        "user_profile": {
            "avatar_hash": "e4fb6ae9f526",
            "image_72": "https:\/\/avatars.slack-edge.com\/2017-06-01\/191144530514_e4fb6ae9f526531fd41c_72.jpg",
            "first_name": "",
            "real_name": "kelu",
            "display_name": "",
            "team": "T5M5PLH8U",
            "name": "kelu",
            "is_restricted": false,
            "is_ultra_restricted": false
        },
        "edited": {
            "user": "U5M5PLH9S",
            "ts": "1531808964.000000"
        }
    },
    {
        "client_msg_id": "85acb965-35a9-47ae-9492-4f7030a60bc2",
        "type": "message",
        "text": "Let me have the design forkable",
        "user": "U5M5PLH9S",
        "ts": "1531808977.000210",
        "team": "T5M5PLH8U",
        "user_team": "T5M5PLH8U",
        "source_team": "T5M5PLH8U",
        "user_profile": {
            "avatar_hash": "e4fb6ae9f526",
            "image_72": "https:\/\/avatars.slack-edge.com\/2017-06-01\/191144530514_e4fb6ae9f526531fd41c_72.jpg",
            "first_name": "",
            "real_name": "kelu",
            "display_name": "",
            "team": "T5M5PLH8U",
            "name": "kelu",
            "is_restricted": false,
            "is_ultra_restricted": false
        }
    }
]