[
    {
        "type": "message",
        "text": "At last some block diagram there...\nping <@UAQ2TN5EU> - is that what you were looking for?",
        "files": [
            {
                "id": "FF2J8LZ33",
                "created": 1546021099,
                "timestamp": 1546021099,
                "name": "block-diag.png",
                "title": "block-diag.png",
                "mimetype": "image\/png",
                "filetype": "png",
                "pretty_type": "PNG",
                "user": "U5M5PLH9S",
                "editable": false,
                "size": 43681,
                "mode": "hosted",
                "is_external": false,
                "external_type": "",
                "is_public": true,
                "public_url_shared": false,
                "display_as_bot": false,
                "username": "",
                "url_private": "https:\/\/files.slack.com\/files-pri\/T5M5PLH8U-FF2J8LZ33\/block-diag.png?t=xoxe-191193697300-1655641665238-1662624174259-9d4966033b52bec8bbd54ad611c52557",
                "url_private_download": "https:\/\/files.slack.com\/files-pri\/T5M5PLH8U-FF2J8LZ33\/download\/block-diag.png?t=xoxe-191193697300-1655641665238-1662624174259-9d4966033b52bec8bbd54ad611c52557",
                "thumb_64": "https:\/\/files.slack.com\/files-tmb\/T5M5PLH8U-FF2J8LZ33-ae216ba200\/block-diag_64.png?t=xoxe-191193697300-1655641665238-1662624174259-9d4966033b52bec8bbd54ad611c52557",
                "thumb_80": "https:\/\/files.slack.com\/files-tmb\/T5M5PLH8U-FF2J8LZ33-ae216ba200\/block-diag_80.png?t=xoxe-191193697300-1655641665238-1662624174259-9d4966033b52bec8bbd54ad611c52557",
                "thumb_360": "https:\/\/files.slack.com\/files-tmb\/T5M5PLH8U-FF2J8LZ33-ae216ba200\/block-diag_360.png?t=xoxe-191193697300-1655641665238-1662624174259-9d4966033b52bec8bbd54ad611c52557",
                "thumb_360_w": 360,
                "thumb_360_h": 304,
                "thumb_480": "https:\/\/files.slack.com\/files-tmb\/T5M5PLH8U-FF2J8LZ33-ae216ba200\/block-diag_480.png?t=xoxe-191193697300-1655641665238-1662624174259-9d4966033b52bec8bbd54ad611c52557",
                "thumb_480_w": 480,
                "thumb_480_h": 406,
                "thumb_160": "https:\/\/files.slack.com\/files-tmb\/T5M5PLH8U-FF2J8LZ33-ae216ba200\/block-diag_160.png?t=xoxe-191193697300-1655641665238-1662624174259-9d4966033b52bec8bbd54ad611c52557",
                "image_exif_rotation": 1,
                "original_w": 619,
                "original_h": 523,
                "permalink": "https:\/\/usdevkit.slack.com\/files\/U5M5PLH9S\/FF2J8LZ33\/block-diag.png",
                "permalink_public": "https:\/\/slack-files.com\/T5M5PLH8U-FF2J8LZ33-9b71bdffc5",
                "is_starred": false,
                "has_rich_preview": false
            }
        ],
        "upload": true,
        "user": "U5M5PLH9S",
        "display_as_bot": false,
        "ts": "1546021102.000100"
    },
    {
        "type": "message",
        "subtype": "channel_join",
        "ts": "1546021110.000500",
        "user": "UAQ2TN5EU",
        "text": "<@UAQ2TN5EU> has joined the channel",
        "inviter": "U5M5PLH9S"
    },
    {
        "client_msg_id": "bd698759-fe1b-40cf-a8b6-a9013a705a5b",
        "type": "message",
        "text": "<@U5M5PLH9S> Yes! thank you!",
        "user": "UAQ2TN5EU",
        "ts": "1546021446.000700",
        "team": "T5M5PLH8U",
        "user_team": "T5M5PLH8U",
        "source_team": "T5M5PLH8U",
        "user_profile": {
            "avatar_hash": "g8cf163ed4ea",
            "image_72": "https:\/\/secure.gravatar.com\/avatar\/a8cf163ed4ea53fe8d0c25abb030772f.jpg?s=72&d=https%3A%2F%2Fa.slack-edge.com%2Fdf10d%2Fimg%2Favatars%2Fava_0015-72.png",
            "first_name": "Al",
            "real_name": "Al Mashal",
            "display_name": "al",
            "team": "T5M5PLH8U",
            "name": "amashal",
            "is_restricted": false,
            "is_ultra_restricted": false
        }
    }
]