[
    {
        "type": "message",
        "text": "",
        "files": [
            {
                "id": "FAUSTRR5F",
                "created": 1527154674,
                "timestamp": 1527154674,
                "name": "un0desc.png",
                "title": "un0desc.png",
                "mimetype": "image\/png",
                "filetype": "png",
                "pretty_type": "PNG",
                "user": "U5M5PLH9S",
                "editable": false,
                "size": 206132,
                "mode": "hosted",
                "is_external": false,
                "external_type": "",
                "is_public": true,
                "public_url_shared": false,
                "display_as_bot": false,
                "username": "",
                "url_private": "https:\/\/files.slack.com\/files-pri\/T5M5PLH8U-FAUSTRR5F\/un0desc.png?t=xoxe-191193697300-1655641665238-1662624174259-9d4966033b52bec8bbd54ad611c52557",
                "url_private_download": "https:\/\/files.slack.com\/files-pri\/T5M5PLH8U-FAUSTRR5F\/download\/un0desc.png?t=xoxe-191193697300-1655641665238-1662624174259-9d4966033b52bec8bbd54ad611c52557",
                "thumb_64": "https:\/\/files.slack.com\/files-tmb\/T5M5PLH8U-FAUSTRR5F-43db378ee4\/un0desc_64.png?t=xoxe-191193697300-1655641665238-1662624174259-9d4966033b52bec8bbd54ad611c52557",
                "thumb_80": "https:\/\/files.slack.com\/files-tmb\/T5M5PLH8U-FAUSTRR5F-43db378ee4\/un0desc_80.png?t=xoxe-191193697300-1655641665238-1662624174259-9d4966033b52bec8bbd54ad611c52557",
                "thumb_360": "https:\/\/files.slack.com\/files-tmb\/T5M5PLH8U-FAUSTRR5F-43db378ee4\/un0desc_360.png?t=xoxe-191193697300-1655641665238-1662624174259-9d4966033b52bec8bbd54ad611c52557",
                "thumb_360_w": 360,
                "thumb_360_h": 176,
                "thumb_480": "https:\/\/files.slack.com\/files-tmb\/T5M5PLH8U-FAUSTRR5F-43db378ee4\/un0desc_480.png?t=xoxe-191193697300-1655641665238-1662624174259-9d4966033b52bec8bbd54ad611c52557",
                "thumb_480_w": 480,
                "thumb_480_h": 234,
                "thumb_160": "https:\/\/files.slack.com\/files-tmb\/T5M5PLH8U-FAUSTRR5F-43db378ee4\/un0desc_160.png?t=xoxe-191193697300-1655641665238-1662624174259-9d4966033b52bec8bbd54ad611c52557",
                "thumb_720": "https:\/\/files.slack.com\/files-tmb\/T5M5PLH8U-FAUSTRR5F-43db378ee4\/un0desc_720.png?t=xoxe-191193697300-1655641665238-1662624174259-9d4966033b52bec8bbd54ad611c52557",
                "thumb_720_w": 720,
                "thumb_720_h": 351,
                "thumb_800": "https:\/\/files.slack.com\/files-tmb\/T5M5PLH8U-FAUSTRR5F-43db378ee4\/un0desc_800.png?t=xoxe-191193697300-1655641665238-1662624174259-9d4966033b52bec8bbd54ad611c52557",
                "thumb_800_w": 800,
                "thumb_800_h": 391,
                "thumb_960": "https:\/\/files.slack.com\/files-tmb\/T5M5PLH8U-FAUSTRR5F-43db378ee4\/un0desc_960.png?t=xoxe-191193697300-1655641665238-1662624174259-9d4966033b52bec8bbd54ad611c52557",
                "thumb_960_w": 960,
                "thumb_960_h": 469,
                "image_exif_rotation": 1,
                "original_w": 1012,
                "original_h": 494,
                "permalink": "https:\/\/usdevkit.slack.com\/files\/U5M5PLH9S\/FAUSTRR5F\/un0desc.png",
                "permalink_public": "https:\/\/slack-files.com\/T5M5PLH8U-FAUSTRR5F-cf695bad60",
                "is_starred": false,
                "has_rich_preview": false
            }
        ],
        "upload": true,
        "user": "U5M5PLH9S",
        "display_as_bot": false,
        "ts": "1527154676.000303"
    }
]