[
    {
        "type": "message",
        "subtype": "channel_join",
        "ts": "1519811377.000251",
        "user": "U5M5PLH9S",
        "text": "<@U5M5PLH9S> has joined the channel"
    },
    {
        "type": "message",
        "text": "Getting first results :)",
        "files": [
            {
                "id": "F9G3QTH5Y",
                "created": 1519811449,
                "timestamp": 1519811449,
                "name": "20180224a.jpg",
                "title": "20180224a.jpg",
                "mimetype": "image\/jpeg",
                "filetype": "jpg",
                "pretty_type": "JPEG",
                "user": "U5M5PLH9S",
                "editable": false,
                "size": 45306,
                "mode": "hosted",
                "is_external": false,
                "external_type": "",
                "is_public": true,
                "public_url_shared": false,
                "display_as_bot": false,
                "username": "",
                "url_private": "https:\/\/files.slack.com\/files-pri\/T5M5PLH8U-F9G3QTH5Y\/20180224a.jpg?t=xoxe-191193697300-1655641665238-1662624174259-9d4966033b52bec8bbd54ad611c52557",
                "url_private_download": "https:\/\/files.slack.com\/files-pri\/T5M5PLH8U-F9G3QTH5Y\/download\/20180224a.jpg?t=xoxe-191193697300-1655641665238-1662624174259-9d4966033b52bec8bbd54ad611c52557",
                "thumb_64": "https:\/\/files.slack.com\/files-tmb\/T5M5PLH8U-F9G3QTH5Y-12c4adcc37\/20180224a_64.jpg?t=xoxe-191193697300-1655641665238-1662624174259-9d4966033b52bec8bbd54ad611c52557",
                "thumb_80": "https:\/\/files.slack.com\/files-tmb\/T5M5PLH8U-F9G3QTH5Y-12c4adcc37\/20180224a_80.jpg?t=xoxe-191193697300-1655641665238-1662624174259-9d4966033b52bec8bbd54ad611c52557",
                "thumb_360": "https:\/\/files.slack.com\/files-tmb\/T5M5PLH8U-F9G3QTH5Y-12c4adcc37\/20180224a_360.jpg?t=xoxe-191193697300-1655641665238-1662624174259-9d4966033b52bec8bbd54ad611c52557",
                "thumb_360_w": 296,
                "thumb_360_h": 360,
                "thumb_480": "https:\/\/files.slack.com\/files-tmb\/T5M5PLH8U-F9G3QTH5Y-12c4adcc37\/20180224a_480.jpg?t=xoxe-191193697300-1655641665238-1662624174259-9d4966033b52bec8bbd54ad611c52557",
                "thumb_480_w": 395,
                "thumb_480_h": 480,
                "thumb_160": "https:\/\/files.slack.com\/files-tmb\/T5M5PLH8U-F9G3QTH5Y-12c4adcc37\/20180224a_160.jpg?t=xoxe-191193697300-1655641665238-1662624174259-9d4966033b52bec8bbd54ad611c52557",
                "thumb_720": "https:\/\/files.slack.com\/files-tmb\/T5M5PLH8U-F9G3QTH5Y-12c4adcc37\/20180224a_720.jpg?t=xoxe-191193697300-1655641665238-1662624174259-9d4966033b52bec8bbd54ad611c52557",
                "thumb_720_w": 592,
                "thumb_720_h": 720,
                "image_exif_rotation": 1,
                "original_w": 641,
                "original_h": 779,
                "permalink": "https:\/\/usdevkit.slack.com\/files\/U5M5PLH9S\/F9G3QTH5Y\/20180224a.jpg",
                "permalink_public": "https:\/\/slack-files.com\/T5M5PLH8U-F9G3QTH5Y-8a82b3de7e",
                "is_starred": false,
                "has_rich_preview": false
            }
        ],
        "upload": true,
        "user": "U5M5PLH9S",
        "display_as_bot": false,
        "ts": "1519811450.000483"
    },
    {
        "client_msg_id": "65163dfb-307d-48ee-87c1-0b3854f25138",
        "type": "message",
        "text": "More to come on hackaday at <https:\/\/hackaday.io\/project\/28375-un0rick-an-ice40-ultrasound-board> :) ",
        "user": "U5M5PLH9S",
        "ts": "1519811527.000137",
        "team": "T5M5PLH8U",
        "user_team": "T5M5PLH8U",
        "source_team": "T5M5PLH8U",
        "user_profile": {
            "avatar_hash": "e4fb6ae9f526",
            "image_72": "https:\/\/avatars.slack-edge.com\/2017-06-01\/191144530514_e4fb6ae9f526531fd41c_72.jpg",
            "first_name": "",
            "real_name": "kelu",
            "display_name": "",
            "team": "T5M5PLH8U",
            "name": "kelu",
            "is_restricted": false,
            "is_ultra_restricted": false
        },
        "attachments": [
            {
                "title": "un0rick - an ice40 ultrasound board",
                "title_link": "https:\/\/hackaday.io\/project\/28375-un0rick-an-ice40-ultrasound-board",
                "text": "Non destructive testing and imaging ultrasound modalities have been around since the &amp;apos;50s in . More and more ultrasound-based initiative are emerging, mostly focusing on image processing - while hardware has been left behind. Several teams have produced succesful designs for the different possible uses, mostly efforts from research laboratories. Most have been used on commercial US scanners, traditionaly used as experiment platforms, but they are not cheap, and yield very little in terms of data access and control. Others have been developped in labs, but, sadly, very few have been open-sourced. Let&amp;apos;s tackle this!",
                "fallback": "un0rick - an ice40 ultrasound board",
                "image_url": "https:\/\/cdn.hackaday.io\/images\/resize\/600x600\/761831516999450603.jpg",
                "from_url": "https:\/\/hackaday.io\/project\/28375-un0rick-an-ice40-ultrasound-board",
                "image_width": 250,
                "image_height": 250,
                "image_bytes": 47663,
                "service_icon": "https:\/\/hackaday.io\/apple-touch-icon.png",
                "service_name": "hackaday.io",
                "id": 1
            }
        ]
    },
    {
        "type": "message",
        "text": "Great capacity at 32\/64",
        "files": [
            {
                "id": "F9H0SK746",
                "created": 1519817897,
                "timestamp": 1519817897,
                "name": "32_64.jpg",
                "title": "32_64.jpg",
                "mimetype": "image\/jpeg",
                "filetype": "jpg",
                "pretty_type": "JPEG",
                "user": "U5M5PLH9S",
                "editable": false,
                "size": 87322,
                "mode": "hosted",
                "is_external": false,
                "external_type": "",
                "is_public": true,
                "public_url_shared": false,
                "display_as_bot": false,
                "username": "",
                "url_private": "https:\/\/files.slack.com\/files-pri\/T5M5PLH8U-F9H0SK746\/32_64.jpg?t=xoxe-191193697300-1655641665238-1662624174259-9d4966033b52bec8bbd54ad611c52557",
                "url_private_download": "https:\/\/files.slack.com\/files-pri\/T5M5PLH8U-F9H0SK746\/download\/32_64.jpg?t=xoxe-191193697300-1655641665238-1662624174259-9d4966033b52bec8bbd54ad611c52557",
                "thumb_64": "https:\/\/files.slack.com\/files-tmb\/T5M5PLH8U-F9H0SK746-7a3f9cddfa\/32_64_64.jpg?t=xoxe-191193697300-1655641665238-1662624174259-9d4966033b52bec8bbd54ad611c52557",
                "thumb_80": "https:\/\/files.slack.com\/files-tmb\/T5M5PLH8U-F9H0SK746-7a3f9cddfa\/32_64_80.jpg?t=xoxe-191193697300-1655641665238-1662624174259-9d4966033b52bec8bbd54ad611c52557",
                "thumb_360": "https:\/\/files.slack.com\/files-tmb\/T5M5PLH8U-F9H0SK746-7a3f9cddfa\/32_64_360.jpg?t=xoxe-191193697300-1655641665238-1662624174259-9d4966033b52bec8bbd54ad611c52557",
                "thumb_360_w": 360,
                "thumb_360_h": 143,
                "thumb_480": "https:\/\/files.slack.com\/files-tmb\/T5M5PLH8U-F9H0SK746-7a3f9cddfa\/32_64_480.jpg?t=xoxe-191193697300-1655641665238-1662624174259-9d4966033b52bec8bbd54ad611c52557",
                "thumb_480_w": 480,
                "thumb_480_h": 191,
                "thumb_160": "https:\/\/files.slack.com\/files-tmb\/T5M5PLH8U-F9H0SK746-7a3f9cddfa\/32_64_160.jpg?t=xoxe-191193697300-1655641665238-1662624174259-9d4966033b52bec8bbd54ad611c52557",
                "thumb_720": "https:\/\/files.slack.com\/files-tmb\/T5M5PLH8U-F9H0SK746-7a3f9cddfa\/32_64_720.jpg?t=xoxe-191193697300-1655641665238-1662624174259-9d4966033b52bec8bbd54ad611c52557",
                "thumb_720_w": 720,
                "thumb_720_h": 286,
                "thumb_800": "https:\/\/files.slack.com\/files-tmb\/T5M5PLH8U-F9H0SK746-7a3f9cddfa\/32_64_800.jpg?t=xoxe-191193697300-1655641665238-1662624174259-9d4966033b52bec8bbd54ad611c52557",
                "thumb_800_w": 800,
                "thumb_800_h": 318,
                "image_exif_rotation": 1,
                "original_w": 889,
                "original_h": 353,
                "permalink": "https:\/\/usdevkit.slack.com\/files\/U5M5PLH9S\/F9H0SK746\/32_64.jpg",
                "permalink_public": "https:\/\/slack-files.com\/T5M5PLH8U-F9H0SK746-afafc040d2",
                "is_starred": false,
                "has_rich_preview": false
            }
        ],
        "upload": true,
        "user": "U5M5PLH9S",
        "display_as_bot": false,
        "ts": "1519817899.000040"
    }
]