[
    {
        "type": "message",
        "text": "",
        "files": [
            {
                "id": "FA7VDAS6M",
                "created": 1523998041,
                "timestamp": 1523998041,
                "name": "comparing.jpg",
                "title": "BTW I just did a quick comparative between the one-board and modules.",
                "mimetype": "image\/jpeg",
                "filetype": "jpg",
                "pretty_type": "JPEG",
                "user": "U5M5PLH9S",
                "editable": false,
                "size": 40878,
                "mode": "hosted",
                "is_external": false,
                "external_type": "",
                "is_public": true,
                "public_url_shared": true,
                "display_as_bot": false,
                "username": "",
                "url_private": "https:\/\/files.slack.com\/files-pri\/T5M5PLH8U-FA7VDAS6M\/comparing.jpg?t=xoxe-191193697300-1655641665238-1662624174259-9d4966033b52bec8bbd54ad611c52557",
                "url_private_download": "https:\/\/files.slack.com\/files-pri\/T5M5PLH8U-FA7VDAS6M\/download\/comparing.jpg?t=xoxe-191193697300-1655641665238-1662624174259-9d4966033b52bec8bbd54ad611c52557",
                "thumb_64": "https:\/\/files.slack.com\/files-tmb\/T5M5PLH8U-FA7VDAS6M-8744e4917f\/comparing_64.jpg?t=xoxe-191193697300-1655641665238-1662624174259-9d4966033b52bec8bbd54ad611c52557",
                "thumb_80": "https:\/\/files.slack.com\/files-tmb\/T5M5PLH8U-FA7VDAS6M-8744e4917f\/comparing_80.jpg?t=xoxe-191193697300-1655641665238-1662624174259-9d4966033b52bec8bbd54ad611c52557",
                "thumb_360": "https:\/\/files.slack.com\/files-tmb\/T5M5PLH8U-FA7VDAS6M-8744e4917f\/comparing_360.jpg?t=xoxe-191193697300-1655641665238-1662624174259-9d4966033b52bec8bbd54ad611c52557",
                "thumb_360_w": 360,
                "thumb_360_h": 135,
                "thumb_480": "https:\/\/files.slack.com\/files-tmb\/T5M5PLH8U-FA7VDAS6M-8744e4917f\/comparing_480.jpg?t=xoxe-191193697300-1655641665238-1662624174259-9d4966033b52bec8bbd54ad611c52557",
                "thumb_480_w": 480,
                "thumb_480_h": 180,
                "thumb_160": "https:\/\/files.slack.com\/files-tmb\/T5M5PLH8U-FA7VDAS6M-8744e4917f\/comparing_160.jpg?t=xoxe-191193697300-1655641665238-1662624174259-9d4966033b52bec8bbd54ad611c52557",
                "thumb_720": "https:\/\/files.slack.com\/files-tmb\/T5M5PLH8U-FA7VDAS6M-8744e4917f\/comparing_720.jpg?t=xoxe-191193697300-1655641665238-1662624174259-9d4966033b52bec8bbd54ad611c52557",
                "thumb_720_w": 720,
                "thumb_720_h": 270,
                "thumb_800": "https:\/\/files.slack.com\/files-tmb\/T5M5PLH8U-FA7VDAS6M-8744e4917f\/comparing_800.jpg?t=xoxe-191193697300-1655641665238-1662624174259-9d4966033b52bec8bbd54ad611c52557",
                "thumb_800_w": 800,
                "thumb_800_h": 300,
                "image_exif_rotation": 1,
                "original_w": 889,
                "original_h": 333,
                "permalink": "https:\/\/usdevkit.slack.com\/files\/U5M5PLH9S\/FA7VDAS6M\/comparing.jpg",
                "permalink_public": "https:\/\/slack-files.com\/T5M5PLH8U-FA7VDAS6M-f7477d262d",
                "is_starred": false,
                "has_rich_preview": false
            }
        ],
        "upload": false,
        "user": "U5M5PLH9S",
        "display_as_bot": false,
        "ts": "1524000932.000026"
    },
    {
        "type": "message",
        "text": "",
        "files": [
            {
                "id": "FA7VDRGSV",
                "created": 1523998090,
                "timestamp": 1523998090,
                "name": "details.jpg",
                "title": "with details from the acqs.",
                "mimetype": "image\/jpeg",
                "filetype": "jpg",
                "pretty_type": "JPEG",
                "user": "U5M5PLH9S",
                "editable": false,
                "size": 199736,
                "mode": "hosted",
                "is_external": false,
                "external_type": "",
                "is_public": true,
                "public_url_shared": true,
                "display_as_bot": false,
                "username": "",
                "url_private": "https:\/\/files.slack.com\/files-pri\/T5M5PLH8U-FA7VDRGSV\/details.jpg?t=xoxe-191193697300-1655641665238-1662624174259-9d4966033b52bec8bbd54ad611c52557",
                "url_private_download": "https:\/\/files.slack.com\/files-pri\/T5M5PLH8U-FA7VDRGSV\/download\/details.jpg?t=xoxe-191193697300-1655641665238-1662624174259-9d4966033b52bec8bbd54ad611c52557",
                "thumb_64": "https:\/\/files.slack.com\/files-tmb\/T5M5PLH8U-FA7VDRGSV-bb1d269495\/details_64.jpg?t=xoxe-191193697300-1655641665238-1662624174259-9d4966033b52bec8bbd54ad611c52557",
                "thumb_80": "https:\/\/files.slack.com\/files-tmb\/T5M5PLH8U-FA7VDRGSV-bb1d269495\/details_80.jpg?t=xoxe-191193697300-1655641665238-1662624174259-9d4966033b52bec8bbd54ad611c52557",
                "thumb_360": "https:\/\/files.slack.com\/files-tmb\/T5M5PLH8U-FA7VDRGSV-bb1d269495\/details_360.jpg?t=xoxe-191193697300-1655641665238-1662624174259-9d4966033b52bec8bbd54ad611c52557",
                "thumb_360_w": 360,
                "thumb_360_h": 182,
                "thumb_480": "https:\/\/files.slack.com\/files-tmb\/T5M5PLH8U-FA7VDRGSV-bb1d269495\/details_480.jpg?t=xoxe-191193697300-1655641665238-1662624174259-9d4966033b52bec8bbd54ad611c52557",
                "thumb_480_w": 480,
                "thumb_480_h": 243,
                "thumb_160": "https:\/\/files.slack.com\/files-tmb\/T5M5PLH8U-FA7VDRGSV-bb1d269495\/details_160.jpg?t=xoxe-191193697300-1655641665238-1662624174259-9d4966033b52bec8bbd54ad611c52557",
                "thumb_720": "https:\/\/files.slack.com\/files-tmb\/T5M5PLH8U-FA7VDRGSV-bb1d269495\/details_720.jpg?t=xoxe-191193697300-1655641665238-1662624174259-9d4966033b52bec8bbd54ad611c52557",
                "thumb_720_w": 720,
                "thumb_720_h": 364,
                "thumb_800": "https:\/\/files.slack.com\/files-tmb\/T5M5PLH8U-FA7VDRGSV-bb1d269495\/details_800.jpg?t=xoxe-191193697300-1655641665238-1662624174259-9d4966033b52bec8bbd54ad611c52557",
                "thumb_800_w": 800,
                "thumb_800_h": 404,
                "thumb_960": "https:\/\/files.slack.com\/files-tmb\/T5M5PLH8U-FA7VDRGSV-bb1d269495\/details_960.jpg?t=xoxe-191193697300-1655641665238-1662624174259-9d4966033b52bec8bbd54ad611c52557",
                "thumb_960_w": 960,
                "thumb_960_h": 485,
                "thumb_1024": "https:\/\/files.slack.com\/files-tmb\/T5M5PLH8U-FA7VDRGSV-bb1d269495\/details_1024.jpg?t=xoxe-191193697300-1655641665238-1662624174259-9d4966033b52bec8bbd54ad611c52557",
                "thumb_1024_w": 1024,
                "thumb_1024_h": 518,
                "image_exif_rotation": 1,
                "original_w": 1432,
                "original_h": 724,
                "permalink": "https:\/\/usdevkit.slack.com\/files\/U5M5PLH9S\/FA7VDRGSV\/details.jpg",
                "permalink_public": "https:\/\/slack-files.com\/T5M5PLH8U-FA7VDRGSV-0eac5e041b",
                "is_starred": false,
                "has_rich_preview": false
            }
        ],
        "upload": false,
        "user": "U5M5PLH9S",
        "display_as_bot": false,
        "ts": "1524000941.000170"
    },
    {
        "type": "message",
        "subtype": "file_comment",
        "text": "<@U5M5PLH9S> commented on <@U5M5PLH9S>’s file <https:\/\/usdevkit.slack.com\/files\/U5M5PLH9S\/FA7VDAS6M\/comparing.jpg|BTW I just did a quick comparative between the one-board and modules.>: Indeed",
        "file": {
            "id": "FA7VDAS6M",
            "created": 1523998041,
            "timestamp": 1523998041,
            "name": "comparing.jpg",
            "title": "BTW I just did a quick comparative between the one-board and modules.",
            "mimetype": "image\/jpeg",
            "filetype": "jpg",
            "pretty_type": "JPEG",
            "user": "U5M5PLH9S",
            "editable": false,
            "size": 40878,
            "mode": "hosted",
            "is_external": false,
            "external_type": "",
            "is_public": true,
            "public_url_shared": true,
            "display_as_bot": false,
            "username": "",
            "url_private": "https:\/\/files.slack.com\/files-pri\/T5M5PLH8U-FA7VDAS6M\/comparing.jpg?t=xoxe-191193697300-1655641665238-1662624174259-9d4966033b52bec8bbd54ad611c52557",
            "url_private_download": "https:\/\/files.slack.com\/files-pri\/T5M5PLH8U-FA7VDAS6M\/download\/comparing.jpg?t=xoxe-191193697300-1655641665238-1662624174259-9d4966033b52bec8bbd54ad611c52557",
            "thumb_64": "https:\/\/files.slack.com\/files-tmb\/T5M5PLH8U-FA7VDAS6M-8744e4917f\/comparing_64.jpg?t=xoxe-191193697300-1655641665238-1662624174259-9d4966033b52bec8bbd54ad611c52557",
            "thumb_80": "https:\/\/files.slack.com\/files-tmb\/T5M5PLH8U-FA7VDAS6M-8744e4917f\/comparing_80.jpg?t=xoxe-191193697300-1655641665238-1662624174259-9d4966033b52bec8bbd54ad611c52557",
            "thumb_360": "https:\/\/files.slack.com\/files-tmb\/T5M5PLH8U-FA7VDAS6M-8744e4917f\/comparing_360.jpg?t=xoxe-191193697300-1655641665238-1662624174259-9d4966033b52bec8bbd54ad611c52557",
            "thumb_360_w": 360,
            "thumb_360_h": 135,
            "thumb_480": "https:\/\/files.slack.com\/files-tmb\/T5M5PLH8U-FA7VDAS6M-8744e4917f\/comparing_480.jpg?t=xoxe-191193697300-1655641665238-1662624174259-9d4966033b52bec8bbd54ad611c52557",
            "thumb_480_w": 480,
            "thumb_480_h": 180,
            "thumb_160": "https:\/\/files.slack.com\/files-tmb\/T5M5PLH8U-FA7VDAS6M-8744e4917f\/comparing_160.jpg?t=xoxe-191193697300-1655641665238-1662624174259-9d4966033b52bec8bbd54ad611c52557",
            "thumb_720": "https:\/\/files.slack.com\/files-tmb\/T5M5PLH8U-FA7VDAS6M-8744e4917f\/comparing_720.jpg?t=xoxe-191193697300-1655641665238-1662624174259-9d4966033b52bec8bbd54ad611c52557",
            "thumb_720_w": 720,
            "thumb_720_h": 270,
            "thumb_800": "https:\/\/files.slack.com\/files-tmb\/T5M5PLH8U-FA7VDAS6M-8744e4917f\/comparing_800.jpg?t=xoxe-191193697300-1655641665238-1662624174259-9d4966033b52bec8bbd54ad611c52557",
            "thumb_800_w": 800,
            "thumb_800_h": 300,
            "image_exif_rotation": 1,
            "original_w": 889,
            "original_h": 333,
            "permalink": "https:\/\/usdevkit.slack.com\/files\/U5M5PLH9S\/FA7VDAS6M\/comparing.jpg",
            "permalink_public": "https:\/\/slack-files.com\/T5M5PLH8U-FA7VDAS6M-f7477d262d",
            "is_starred": false,
            "has_rich_preview": false
        },
        "files": [
            {
                "id": "FA7VDAS6M",
                "created": 1523998041,
                "timestamp": 1523998041,
                "name": "comparing.jpg",
                "title": "BTW I just did a quick comparative between the one-board and modules.",
                "mimetype": "image\/jpeg",
                "filetype": "jpg",
                "pretty_type": "JPEG",
                "user": "U5M5PLH9S",
                "editable": false,
                "size": 40878,
                "mode": "hosted",
                "is_external": false,
                "external_type": "",
                "is_public": true,
                "public_url_shared": true,
                "display_as_bot": false,
                "username": "",
                "url_private": "https:\/\/files.slack.com\/files-pri\/T5M5PLH8U-FA7VDAS6M\/comparing.jpg?t=xoxe-191193697300-1655641665238-1662624174259-9d4966033b52bec8bbd54ad611c52557",
                "url_private_download": "https:\/\/files.slack.com\/files-pri\/T5M5PLH8U-FA7VDAS6M\/download\/comparing.jpg?t=xoxe-191193697300-1655641665238-1662624174259-9d4966033b52bec8bbd54ad611c52557",
                "thumb_64": "https:\/\/files.slack.com\/files-tmb\/T5M5PLH8U-FA7VDAS6M-8744e4917f\/comparing_64.jpg?t=xoxe-191193697300-1655641665238-1662624174259-9d4966033b52bec8bbd54ad611c52557",
                "thumb_80": "https:\/\/files.slack.com\/files-tmb\/T5M5PLH8U-FA7VDAS6M-8744e4917f\/comparing_80.jpg?t=xoxe-191193697300-1655641665238-1662624174259-9d4966033b52bec8bbd54ad611c52557",
                "thumb_360": "https:\/\/files.slack.com\/files-tmb\/T5M5PLH8U-FA7VDAS6M-8744e4917f\/comparing_360.jpg?t=xoxe-191193697300-1655641665238-1662624174259-9d4966033b52bec8bbd54ad611c52557",
                "thumb_360_w": 360,
                "thumb_360_h": 135,
                "thumb_480": "https:\/\/files.slack.com\/files-tmb\/T5M5PLH8U-FA7VDAS6M-8744e4917f\/comparing_480.jpg?t=xoxe-191193697300-1655641665238-1662624174259-9d4966033b52bec8bbd54ad611c52557",
                "thumb_480_w": 480,
                "thumb_480_h": 180,
                "thumb_160": "https:\/\/files.slack.com\/files-tmb\/T5M5PLH8U-FA7VDAS6M-8744e4917f\/comparing_160.jpg?t=xoxe-191193697300-1655641665238-1662624174259-9d4966033b52bec8bbd54ad611c52557",
                "thumb_720": "https:\/\/files.slack.com\/files-tmb\/T5M5PLH8U-FA7VDAS6M-8744e4917f\/comparing_720.jpg?t=xoxe-191193697300-1655641665238-1662624174259-9d4966033b52bec8bbd54ad611c52557",
                "thumb_720_w": 720,
                "thumb_720_h": 270,
                "thumb_800": "https:\/\/files.slack.com\/files-tmb\/T5M5PLH8U-FA7VDAS6M-8744e4917f\/comparing_800.jpg?t=xoxe-191193697300-1655641665238-1662624174259-9d4966033b52bec8bbd54ad611c52557",
                "thumb_800_w": 800,
                "thumb_800_h": 300,
                "image_exif_rotation": 1,
                "original_w": 889,
                "original_h": 333,
                "permalink": "https:\/\/usdevkit.slack.com\/files\/U5M5PLH9S\/FA7VDAS6M\/comparing.jpg",
                "permalink_public": "https:\/\/slack-files.com\/T5M5PLH8U-FA7VDAS6M-f7477d262d",
                "is_starred": false,
                "has_rich_preview": false
            }
        ],
        "comment": {
            "id": "FcA7RT8VCY",
            "created": 1524000983,
            "timestamp": 1524000983,
            "user": "U5M5PLH9S",
            "is_intro": false,
            "comment": "Indeed"
        },
        "is_intro": false,
        "ts": "1524000983.000068"
    }
]