[
    {
        "client_msg_id": "46871dda-7e9c-473a-baf4-48f1030c5edc",
        "type": "message",
        "text": "<@U8Z3VB1T2> - let me know if you can fork <https:\/\/tools.upverter.com\/eda\/#tool=schematic,designId=6dbe241ed469578e>  ?",
        "user": "U5M5PLH9S",
        "ts": "1531941154.000360",
        "team": "T5M5PLH8U",
        "user_team": "T5M5PLH8U",
        "source_team": "T5M5PLH8U",
        "user_profile": {
            "avatar_hash": "e4fb6ae9f526",
            "image_72": "https:\/\/avatars.slack-edge.com\/2017-06-01\/191144530514_e4fb6ae9f526531fd41c_72.jpg",
            "first_name": "",
            "real_name": "kelu",
            "display_name": "",
            "team": "T5M5PLH8U",
            "name": "kelu",
            "is_restricted": false,
            "is_ultra_restricted": false
        },
        "attachments": [
            {
                "title": "Untitled Document - Sketch",
                "title_link": "https:\/\/tools.upverter.com\/eda\/#tool=schematic,designId=6dbe241ed469578e",
                "text": "Sketch",
                "fallback": "Untitled Document - Sketch",
                "from_url": "https:\/\/tools.upverter.com\/eda\/#tool=schematic,designId=6dbe241ed469578e",
                "service_icon": "https:\/\/cdn.upverter.com\/static\/images\/touch-af271488.png",
                "service_name": "tools.upverter.com",
                "id": 1,
                "original_url": "https:\/\/tools.upverter.com\/eda\/#tool=schematic,designId=6dbe241ed469578e"
            }
        ]
    },
    {
        "client_msg_id": "a742eefd-de78-44d6-9126-ebbfb4f8c5bc",
        "type": "message",
        "text": "<@U5M5PLH9S> Thanks! I was able to fork it from this URL: <https:\/\/upverter.com\/kelu124\/6dbe241ed469578e\/un0rick\/>",
        "user": "U8Z3VB1T2",
        "ts": "1531966087.000044",
        "team": "T5M5PLH8U",
        "user_team": "T5M5PLH8U",
        "source_team": "T5M5PLH8U",
        "user_profile": {
            "avatar_hash": "g49ad52d7df8",
            "image_72": "https:\/\/secure.gravatar.com\/avatar\/449ad52d7df89ecbe8ebe0fd87d3f63f.jpg?s=72&d=https%3A%2F%2Fa.slack-edge.com%2Fdf10d%2Fimg%2Favatars%2Fava_0026-72.png",
            "first_name": "",
            "real_name": "William Meng",
            "display_name": "",
            "team": "T5M5PLH8U",
            "name": "wlmeng11",
            "is_restricted": false,
            "is_ultra_restricted": false
        },
        "edited": {
            "user": "U8Z3VB1T2",
            "ts": "1532624780.000000"
        }
    }
]