[
    {
        "client_msg_id": "18b662a2-5167-4e6a-bccd-315cd3d6ee6c",
        "type": "message",
        "text": "Just preparing the first release on github at <https:\/\/github.com\/kelu124\/un0rick>",
        "user": "U5M5PLH9S",
        "ts": "1520513774.000079",
        "team": "T5M5PLH8U",
        "user_team": "T5M5PLH8U",
        "source_team": "T5M5PLH8U",
        "user_profile": {
            "avatar_hash": "e4fb6ae9f526",
            "image_72": "https:\/\/avatars.slack-edge.com\/2017-06-01\/191144530514_e4fb6ae9f526531fd41c_72.jpg",
            "first_name": "",
            "real_name": "kelu",
            "display_name": "",
            "team": "T5M5PLH8U",
            "name": "kelu",
            "is_restricted": false,
            "is_ultra_restricted": false
        },
        "attachments": [
            {
                "service_name": "GitHub",
                "title": "kelu124\/un0rick",
                "title_link": "https:\/\/github.com\/kelu124\/un0rick",
                "text": "un0rick - smallish ultrasound hardware",
                "fallback": "GitHub: kelu124\/un0rick",
                "from_url": "https:\/\/github.com\/kelu124\/un0rick",
                "thumb_url": "https:\/\/avatars0.githubusercontent.com\/u\/2452634?s=400&v=4",
                "thumb_width": 250,
                "thumb_height": 250,
                "service_icon": "https:\/\/a.slack-edge.com\/bfaba\/img\/unfurl_icons\/github.png",
                "id": 1
            }
        ]
    },
    {
        "type": "message",
        "subtype": "channel_join",
        "ts": "1520514861.000137",
        "user": "U9LGLK3FD",
        "text": "<@U9LGLK3FD> has joined the channel"
    },
    {
        "type": "message",
        "text": "Perfect I am already reviewing the schematic, I think you can improve the presentation of it.\nPlace each stage on a particular sheet, this way it will be easier to understand",
        "user": "U9LGLK3FD",
        "ts": "1520516171.000041",
        "team": "T5M5PLH8U",
        "user_team": "T5M5PLH8U",
        "source_team": "T5M5PLH8U",
        "user_profile": {
            "avatar_hash": "gff8adacd853",
            "image_72": "https:\/\/secure.gravatar.com\/avatar\/fff8adacd8537b356da83167a501c779.jpg?s=72&d=https%3A%2F%2Fa.slack-edge.com%2Fdf10d%2Fimg%2Favatars%2Fava_0011-72.png",
            "first_name": "",
            "real_name": "ever quiñones",
            "display_name": "everq32",
            "team": "T5M5PLH8U",
            "name": "ever.q21",
            "is_restricted": false,
            "is_ultra_restricted": false
        },
        "reactions": [
            {
                "name": "+1",
                "users": [
                    "U5M5PLH9S"
                ],
                "count": 1
            }
        ]
    }
]