[
    {
        "client_msg_id": "9b2566e7-036f-477f-8d4d-80a661524ad4",
        "type": "message",
        "text": "In the basic installation document, I think the link of  \"Burn this _SD image_, and you should be all set. \" doesn't work properly... How can I get this image?",
        "user": "UCMBM5C6L",
        "ts": "1537419779.000100",
        "team": "T5M5PLH8U",
        "user_team": "T5M5PLH8U",
        "source_team": "T5M5PLH8U",
        "user_profile": {
            "avatar_hash": "g44cf2181b23",
            "image_72": "https:\/\/secure.gravatar.com\/avatar\/a44cf2181b23bc20da69fd976d4a2046.jpg?s=72&d=https%3A%2F%2Fa.slack-edge.com%2Fdf10d%2Fimg%2Favatars%2Fava_0001-72.png",
            "first_name": "",
            "real_name": "Taeyoung Lee",
            "display_name": "",
            "team": "T5M5PLH8U",
            "name": "tylee0325",
            "is_restricted": false,
            "is_ultra_restricted": false
        }
    },
    {
        "client_msg_id": "951f4c78-815a-4881-8eb6-f32c8141b65d",
        "type": "message",
        "text": "Thanks for raising this, will check and upload agaib",
        "user": "U5M5PLH9S",
        "ts": "1537421995.000100",
        "team": "T5M5PLH8U",
        "user_team": "T5M5PLH8U",
        "source_team": "T5M5PLH8U",
        "user_profile": {
            "avatar_hash": "e4fb6ae9f526",
            "image_72": "https:\/\/avatars.slack-edge.com\/2017-06-01\/191144530514_e4fb6ae9f526531fd41c_72.jpg",
            "first_name": "",
            "real_name": "kelu",
            "display_name": "",
            "team": "T5M5PLH8U",
            "name": "kelu",
            "is_restricted": false,
            "is_ultra_restricted": false
        }
    },
    {
        "client_msg_id": "412d19d3-1f7c-47cc-9362-83800847ace1",
        "type": "message",
        "text": "Yes, it is not listed in <http:\/\/kghosh.me\/img\/>",
        "user": "U5M5PLH9S",
        "ts": "1537424986.000100",
        "team": "T5M5PLH8U",
        "user_team": "T5M5PLH8U",
        "source_team": "T5M5PLH8U",
        "user_profile": {
            "avatar_hash": "e4fb6ae9f526",
            "image_72": "https:\/\/avatars.slack-edge.com\/2017-06-01\/191144530514_e4fb6ae9f526531fd41c_72.jpg",
            "first_name": "",
            "real_name": "kelu",
            "display_name": "",
            "team": "T5M5PLH8U",
            "name": "kelu",
            "is_restricted": false,
            "is_ultra_restricted": false
        }
    },
    {
        "client_msg_id": "2df53ac3-b4a2-47b9-828c-182366b6cfb9",
        "type": "message",
        "text": "Ill put the un0rick.img there as soon as I come home today",
        "user": "U5M5PLH9S",
        "ts": "1537425020.000100",
        "team": "T5M5PLH8U",
        "user_team": "T5M5PLH8U",
        "source_team": "T5M5PLH8U",
        "user_profile": {
            "avatar_hash": "e4fb6ae9f526",
            "image_72": "https:\/\/avatars.slack-edge.com\/2017-06-01\/191144530514_e4fb6ae9f526531fd41c_72.jpg",
            "first_name": "",
            "real_name": "kelu",
            "display_name": "",
            "team": "T5M5PLH8U",
            "name": "kelu",
            "is_restricted": false,
            "is_ultra_restricted": false
        }
    }
]