[
    {
        "client_msg_id": "a250fbb9-6aeb-4189-a0b0-0a17d1d04233",
        "type": "message",
        "text": "Some progress on the basics of un0rick setup .. <https:\/\/doc.un0rick.cc\/installation.html>",
        "user": "U5M5PLH9S",
        "ts": "1536219909.000200",
        "team": "T5M5PLH8U",
        "user_team": "T5M5PLH8U",
        "source_team": "T5M5PLH8U",
        "user_profile": {
            "avatar_hash": "e4fb6ae9f526",
            "image_72": "https:\/\/avatars.slack-edge.com\/2017-06-01\/191144530514_e4fb6ae9f526531fd41c_72.jpg",
            "first_name": "",
            "real_name": "kelu",
            "display_name": "",
            "team": "T5M5PLH8U",
            "name": "kelu",
            "is_restricted": false,
            "is_ultra_restricted": false
        }
    },
    {
        "type": "message",
        "text": "Hi <@UCMBM5C6L>, I trust discussion specifics to my board would fit here :)",
        "user": "U5M5PLH9S",
        "ts": "1536232177.000100",
        "team": "T5M5PLH8U",
        "user_team": "T5M5PLH8U",
        "source_team": "T5M5PLH8U",
        "user_profile": {
            "avatar_hash": "e4fb6ae9f526",
            "image_72": "https:\/\/avatars.slack-edge.com\/2017-06-01\/191144530514_e4fb6ae9f526531fd41c_72.jpg",
            "first_name": "",
            "real_name": "kelu",
            "display_name": "",
            "team": "T5M5PLH8U",
            "name": "kelu",
            "is_restricted": false,
            "is_ultra_restricted": false
        },
        "attachments": [
            {
                "fallback": "[September 6th, 2018 12:56 PM] tylee0325: guys, I'm little bit confused which probe should I buy.,..\nDo you think is it appropriate to connect board?\n<https:\/\/www.dotmed.com\/listing\/ultrasound-transducer\/atl\/5.0mhz\/1690870>\n\nOr could you give me some recomendataion?",
                "ts": "1536231389.000100",
                "author_id": "UCMBM5C6L",
                "author_subname": "Taeyoung Lee",
                "channel_id": "CCM3C9449",
                "channel_name": "lowcostimaging",
                "is_msg_unfurl": true,
                "text": "guys, I'm little bit confused which probe should I buy.,..\nDo you think is it appropriate to connect board?\n<https:\/\/www.dotmed.com\/listing\/ultrasound-transducer\/atl\/5.0mhz\/1690870>\n\nOr could you give me some recomendataion?",
                "author_name": "Taeyoung Lee",
                "author_link": "https:\/\/usdevkit.slack.com\/team\/UCMBM5C6L",
                "author_icon": "https:\/\/secure.gravatar.com\/avatar\/a44cf2181b23bc20da69fd976d4a2046.jpg?s=48&d=https%3A%2F%2Fa.slack-edge.com%2F0180%2Fimg%2Favatars%2Fava_0001-48.png",
                "mrkdwn_in": [
                    "text"
                ],
                "color": "D0D0D0",
                "from_url": "https:\/\/usdevkit.slack.com\/archives\/CCM3C9449\/p1536231389000100",
                "is_share": true,
                "footer": "Posted in #lowcostimaging"
            }
        ]
    },
    {
        "type": "message",
        "subtype": "channel_join",
        "ts": "1536232184.000200",
        "user": "UCMBM5C6L",
        "text": "<@UCMBM5C6L> has joined the channel",
        "inviter": "U5M5PLH9S"
    },
    {
        "client_msg_id": "c9f2f6cb-e752-487c-ad25-1f46c88115c4",
        "type": "message",
        "text": "In that sense, i guess the atl probe fits with un0rick",
        "user": "U5M5PLH9S",
        "ts": "1536232236.000100",
        "team": "T5M5PLH8U",
        "user_team": "T5M5PLH8U",
        "source_team": "T5M5PLH8U",
        "user_profile": {
            "avatar_hash": "e4fb6ae9f526",
            "image_72": "https:\/\/avatars.slack-edge.com\/2017-06-01\/191144530514_e4fb6ae9f526531fd41c_72.jpg",
            "first_name": "",
            "real_name": "kelu",
            "display_name": "",
            "team": "T5M5PLH8U",
            "name": "kelu",
            "is_restricted": false,
            "is_ultra_restricted": false
        },
        "edited": {
            "user": "U5M5PLH9S",
            "ts": "1536232244.000000"
        }
    },
    {
        "client_msg_id": "5a45a023-cf59-44be-8cbe-53b2ccc11d00",
        "type": "message",
        "text": "<https:\/\/github.com\/kelu124\/echomods\/blob\/master\/matty\/20180831c\/20180831c-Client.ipynb> for exemple uses this probe",
        "user": "U5M5PLH9S",
        "ts": "1536234246.000100",
        "team": "T5M5PLH8U",
        "user_team": "T5M5PLH8U",
        "source_team": "T5M5PLH8U",
        "user_profile": {
            "avatar_hash": "e4fb6ae9f526",
            "image_72": "https:\/\/avatars.slack-edge.com\/2017-06-01\/191144530514_e4fb6ae9f526531fd41c_72.jpg",
            "first_name": "",
            "real_name": "kelu",
            "display_name": "",
            "team": "T5M5PLH8U",
            "name": "kelu",
            "is_restricted": false,
            "is_ultra_restricted": false
        }
    },
    {
        "client_msg_id": "811f4ad4-2a10-479d-af30-462bff333aab",
        "type": "message",
        "text": "Oh thanks! I will see :)",
        "user": "UCMBM5C6L",
        "ts": "1536285877.000100",
        "team": "T5M5PLH8U",
        "user_team": "T5M5PLH8U",
        "source_team": "T5M5PLH8U",
        "user_profile": {
            "avatar_hash": "g44cf2181b23",
            "image_72": "https:\/\/secure.gravatar.com\/avatar\/a44cf2181b23bc20da69fd976d4a2046.jpg?s=72&d=https%3A%2F%2Fa.slack-edge.com%2Fdf10d%2Fimg%2Favatars%2Fava_0001-72.png",
            "first_name": "",
            "real_name": "Taeyoung Lee",
            "display_name": "",
            "team": "T5M5PLH8U",
            "name": "tylee0325",
            "is_restricted": false,
            "is_ultra_restricted": false
        }
    },
    {
        "type": "message",
        "subtype": "channel_join",
        "ts": "1536287373.000200",
        "user": "UCP4S66T1",
        "text": "<@UCP4S66T1> has joined the channel"
    }
]