[
    {
        "client_msg_id": "6568fd01-9ebf-4b2d-a830-f719630ee43d",
        "type": "message",
        "text": ":nerd_face: sweet!! ",
        "user": "U5M5PLH9S",
        "ts": "1531993655.000237",
        "team": "T5M5PLH8U",
        "user_team": "T5M5PLH8U",
        "source_team": "T5M5PLH8U",
        "user_profile": {
            "avatar_hash": "e4fb6ae9f526",
            "image_72": "https:\/\/avatars.slack-edge.com\/2017-06-01\/191144530514_e4fb6ae9f526531fd41c_72.jpg",
            "first_name": "",
            "real_name": "kelu",
            "display_name": "",
            "team": "T5M5PLH8U",
            "name": "kelu",
            "is_restricted": false,
            "is_ultra_restricted": false
        }
    }
]