[
    {
        "type": "message",
        "text": "",
        "user": "U5M5PLH9S",
        "ts": "1565533653.000100",
        "team": "T5M5PLH8U",
        "user_team": "T5M5PLH8U",
        "source_team": "T5M5PLH8U",
        "user_profile": {
            "avatar_hash": "e4fb6ae9f526",
            "image_72": "https:\/\/avatars.slack-edge.com\/2017-06-01\/191144530514_e4fb6ae9f526531fd41c_72.jpg",
            "first_name": "",
            "real_name": "kelu",
            "display_name": "",
            "team": "T5M5PLH8U",
            "name": "kelu",
            "is_restricted": false,
            "is_ultra_restricted": false
        },
        "attachments": [
            {
                "fallback": "[August 10th, 2019 12:54 PM] kelu: Hi <!channel>, been working on a fast 101 documentation of the un0rick board, see attached - would be glad to have some feedback with respect to it being easily understandable or not.\nAs a bonus, this PDF not only has the documentation.. but if you rename it as a zip file, it will become a zip that contains the hardware and software codes, as well as an acquisition example :smiley:",
                "ts": "1565434473.019700",
                "author_id": "U5M5PLH9S",
                "author_subname": "kelu",
                "channel_id": "C5M71F0DT",
                "channel_name": "general",
                "is_msg_unfurl": true,
                "text": "Hi <!channel>, been working on a fast 101 documentation of the un0rick board, see attached - would be glad to have some feedback with respect to it being easily understandable or not.\nAs a bonus, this PDF not only has the documentation.. but if you rename it as a zip file, it will become a zip that contains the hardware and software codes, as well as an acquisition example :smiley:",
                "author_name": "kelu",
                "author_link": "https:\/\/usdevkit.slack.com\/team\/U5M5PLH9S",
                "author_icon": "https:\/\/avatars.slack-edge.com\/2017-06-01\/191144530514_e4fb6ae9f526531fd41c_48.jpg",
                "mrkdwn_in": [
                    "text"
                ],
                "files": [
                    {
                        "id": "FM8G42UKX",
                        "created": 1565434472,
                        "timestamp": 1565434472,
                        "name": "un0poly.pdf",
                        "title": "un0poly.pdf",
                        "mimetype": "application\/pdf",
                        "filetype": "pdf",
                        "pretty_type": "PDF",
                        "user": "U5M5PLH9S",
                        "editable": false,
                        "size": 4441770,
                        "mode": "hosted",
                        "is_external": false,
                        "external_type": "",
                        "is_public": true,
                        "public_url_shared": false,
                        "display_as_bot": false,
                        "username": "",
                        "url_private": "https:\/\/files.slack.com\/files-pri\/T5M5PLH8U-FM8G42UKX\/un0poly.pdf",
                        "url_private_download": "https:\/\/files.slack.com\/files-pri\/T5M5PLH8U-FM8G42UKX\/download\/un0poly.pdf",
                        "thumb_pdf": "https:\/\/files.slack.com\/files-tmb\/T5M5PLH8U-FM8G42UKX-046c73e454\/un0poly_thumb_pdf.png",
                        "thumb_pdf_w": 935,
                        "thumb_pdf_h": 1210,
                        "permalink": "https:\/\/usdevkit.slack.com\/files\/U5M5PLH9S\/FM8G42UKX\/un0poly.pdf",
                        "permalink_public": "https:\/\/slack-files.com\/T5M5PLH8U-FM8G42UKX-aede312cf3",
                        "is_starred": false,
                        "has_rich_preview": false
                    }
                ],
                "color": "D0D0D0",
                "from_url": "https:\/\/usdevkit.slack.com\/archives\/C5M71F0DT\/p1565434473019700",
                "is_share": true,
                "footer": "Posted in #general"
            }
        ]
    }
]