[
    {
        "type": "message",
        "text": "#teaser - outlines of a pHAT extension for a single channel board. Space left on top is for the 2x40 header of a raspberry. Oh, and it's single face, with bipolar pulser, external HV possible, and onboard 0-40V source. And separate Tx\/Rx path if need be.",
        "files": [
            {
                "id": "FF6RSL2JV",
                "created": 1546762539,
                "timestamp": 1546762539,
                "name": "teaser.svg",
                "title": "teaser.svg",
                "mimetype": "image\/svg+xml",
                "filetype": "svg",
                "pretty_type": "SVG",
                "user": "U5M5PLH9S",
                "editable": false,
                "size": 72000,
                "mode": "hosted",
                "is_external": false,
                "external_type": "",
                "is_public": true,
                "public_url_shared": false,
                "display_as_bot": false,
                "username": "",
                "url_private": "https:\/\/files.slack.com\/files-pri\/T5M5PLH8U-FF6RSL2JV\/teaser.svg?t=xoxe-191193697300-1655641665238-1662624174259-9d4966033b52bec8bbd54ad611c52557",
                "url_private_download": "https:\/\/files.slack.com\/files-pri\/T5M5PLH8U-FF6RSL2JV\/download\/teaser.svg?t=xoxe-191193697300-1655641665238-1662624174259-9d4966033b52bec8bbd54ad611c52557",
                "permalink": "https:\/\/usdevkit.slack.com\/files\/U5M5PLH9S\/FF6RSL2JV\/teaser.svg",
                "permalink_public": "https:\/\/slack-files.com\/T5M5PLH8U-FF6RSL2JV-9edc0cc281",
                "is_starred": false,
                "has_rich_preview": false
            }
        ],
        "upload": true,
        "user": "U5M5PLH9S",
        "display_as_bot": false,
        "ts": "1546762540.001400"
    },
    {
        "type": "message",
        "subtype": "channel_join",
        "ts": "1546762947.001800",
        "user": "UF0SXEJ0M",
        "text": "<@UF0SXEJ0M> has joined the channel",
        "inviter": "U5M5PLH9S"
    },
    {
        "client_msg_id": "9cae7044-567e-4c70-a604-77c8520f8355",
        "type": "message",
        "text": "With a 24h viz : <https:\/\/beta.sharecad.org\/Viewer\/Shared?file=EAAAAHcXNJ%2bE2XjNklwXySVtl51IcCX%2bG9DQKgd6RHXZedPvJ%2fzIk7vqWlxZ2SqLBwk6xoU8wHYbvHw8EUz%2fQCbrEcwHiqqJagRXqJUu5IVMaZCXbkrTq6U7eSIPFP8L09SSSUqusv2jpT4nEdXDGpKAsF8kf5gXz5BAwhlUXZ%2b3QpUll0zPHBz9AOFIkeL1HU0dsw%3d%3d> :wink:",
        "user": "U5M5PLH9S",
        "ts": "1546765616.002000",
        "team": "T5M5PLH8U",
        "user_team": "T5M5PLH8U",
        "source_team": "T5M5PLH8U",
        "user_profile": {
            "avatar_hash": "e4fb6ae9f526",
            "image_72": "https:\/\/avatars.slack-edge.com\/2017-06-01\/191144530514_e4fb6ae9f526531fd41c_72.jpg",
            "first_name": "",
            "real_name": "kelu",
            "display_name": "",
            "team": "T5M5PLH8U",
            "name": "kelu",
            "is_restricted": false,
            "is_ultra_restricted": false
        }
    }
]