[
    {
        "bot_id": "BUBHYB40Y",
        "type": "message",
        "text": "",
        "user": "UUBJHMJBF",
        "ts": "1599399130.000100",
        "team": "T5M5PLH8U",
        "bot_profile": {
            "id": "BUBHYB40Y",
            "deleted": false,
            "name": "GitHub",
            "updated": 1582307738,
            "app_id": "A8GBNUWU8",
            "icons": {
                "image_36": "https:\/\/slack-files2.s3-us-west-2.amazonaws.com\/avatars\/2017-12-19\/288981919427_f45f04edd92902a96859_36.png",
                "image_48": "https:\/\/slack-files2.s3-us-west-2.amazonaws.com\/avatars\/2017-12-19\/288981919427_f45f04edd92902a96859_48.png",
                "image_72": "https:\/\/slack-files2.s3-us-west-2.amazonaws.com\/avatars\/2017-12-19\/288981919427_f45f04edd92902a96859_72.png"
            },
            "team_id": "T5M5PLH8U"
        },
        "attachments": [
            {
                "author_name": "kelu124",
                "fallback": "[kelu124\/un0rick] <https:\/\/github.com\/kelu124\/un0rick\/compare\/11e5a6a5de3e...36b0a26319c1|1 new commit> pushed to <https:\/\/github.com\/kelu124\/un0rick\/tree\/master|`master`>",
                "text": "*<https:\/\/github.com\/kelu124\/un0rick\/compare\/11e5a6a5de3e...36b0a26319c1|1 new commit> pushed to <https:\/\/github.com\/kelu124\/un0rick\/tree\/master|`master`>*\n<https:\/\/github.com\/kelu124\/un0rick\/commit\/36b0a26319c125b80e776d89059606c8dee27b24|`36b0a263`> - Adding vhdl",
                "footer": "<https:\/\/github.com\/kelu124\/un0rick|kelu124\/un0rick>",
                "id": 1,
                "author_link": "https:\/\/github.com\/kelu124",
                "author_icon": "https:\/\/avatars2.githubusercontent.com\/u\/2452634?v=4",
                "footer_icon": "https:\/\/github.githubassets.com\/favicon.ico",
                "color": "24292f",
                "mrkdwn_in": [
                    "text"
                ]
            }
        ]
    },
    {
        "bot_id": "BUBHYB40Y",
        "type": "message",
        "text": "",
        "user": "UUBJHMJBF",
        "ts": "1599399355.000200",
        "team": "T5M5PLH8U",
        "bot_profile": {
            "id": "BUBHYB40Y",
            "deleted": false,
            "name": "GitHub",
            "updated": 1582307738,
            "app_id": "A8GBNUWU8",
            "icons": {
                "image_36": "https:\/\/slack-files2.s3-us-west-2.amazonaws.com\/avatars\/2017-12-19\/288981919427_f45f04edd92902a96859_36.png",
                "image_48": "https:\/\/slack-files2.s3-us-west-2.amazonaws.com\/avatars\/2017-12-19\/288981919427_f45f04edd92902a96859_48.png",
                "image_72": "https:\/\/slack-files2.s3-us-west-2.amazonaws.com\/avatars\/2017-12-19\/288981919427_f45f04edd92902a96859_72.png"
            },
            "team_id": "T5M5PLH8U"
        },
        "attachments": [
            {
                "author_name": "kelu124",
                "fallback": "[kelu124\/un0rick] <https:\/\/github.com\/kelu124\/un0rick\/compare\/36b0a26319c1...c7d579ac1e53|1 new commit> pushed to <https:\/\/github.com\/kelu124\/un0rick\/tree\/master|`master`>",
                "text": "*<https:\/\/github.com\/kelu124\/un0rick\/compare\/36b0a26319c1...c7d579ac1e53|1 new commit> pushed to <https:\/\/github.com\/kelu124\/un0rick\/tree\/master|`master`>*\n<https:\/\/github.com\/kelu124\/un0rick\/commit\/c7d579ac1e53ca4aab0cb03cb1e072ced9502e4d|`c7d579ac`> - Clean",
                "footer": "<https:\/\/github.com\/kelu124\/un0rick|kelu124\/un0rick>",
                "id": 1,
                "author_link": "https:\/\/github.com\/kelu124",
                "author_icon": "https:\/\/avatars2.githubusercontent.com\/u\/2452634?v=4",
                "footer_icon": "https:\/\/github.githubassets.com\/favicon.ico",
                "color": "24292f",
                "mrkdwn_in": [
                    "text"
                ]
            }
        ]
    },
    {
        "bot_id": "BUBHYB40Y",
        "type": "message",
        "text": "",
        "user": "UUBJHMJBF",
        "ts": "1599399458.000300",
        "team": "T5M5PLH8U",
        "bot_profile": {
            "id": "BUBHYB40Y",
            "deleted": false,
            "name": "GitHub",
            "updated": 1582307738,
            "app_id": "A8GBNUWU8",
            "icons": {
                "image_36": "https:\/\/slack-files2.s3-us-west-2.amazonaws.com\/avatars\/2017-12-19\/288981919427_f45f04edd92902a96859_36.png",
                "image_48": "https:\/\/slack-files2.s3-us-west-2.amazonaws.com\/avatars\/2017-12-19\/288981919427_f45f04edd92902a96859_48.png",
                "image_72": "https:\/\/slack-files2.s3-us-west-2.amazonaws.com\/avatars\/2017-12-19\/288981919427_f45f04edd92902a96859_72.png"
            },
            "team_id": "T5M5PLH8U"
        },
        "attachments": [
            {
                "author_name": "kelu124",
                "fallback": "[kelu124\/un0rick] <https:\/\/github.com\/kelu124\/un0rick\/compare\/c7d579ac1e53...25ec8dcc095c|1 new commit> pushed to <https:\/\/github.com\/kelu124\/un0rick\/tree\/master|`master`>",
                "text": "*<https:\/\/github.com\/kelu124\/un0rick\/compare\/c7d579ac1e53...25ec8dcc095c|1 new commit> pushed to <https:\/\/github.com\/kelu124\/un0rick\/tree\/master|`master`>*\n<https:\/\/github.com\/kelu124\/un0rick\/commit\/25ec8dcc095c8b619122b897074ec5174d6553bd|`25ec8dcc`> - Mov archive",
                "footer": "<https:\/\/github.com\/kelu124\/un0rick|kelu124\/un0rick>",
                "id": 1,
                "author_link": "https:\/\/github.com\/kelu124",
                "author_icon": "https:\/\/avatars2.githubusercontent.com\/u\/2452634?v=4",
                "footer_icon": "https:\/\/github.githubassets.com\/favicon.ico",
                "color": "24292f",
                "mrkdwn_in": [
                    "text"
                ]
            }
        ]
    },
    {
        "bot_id": "BUBHYB40Y",
        "type": "message",
        "text": "",
        "user": "UUBJHMJBF",
        "ts": "1599406832.000100",
        "team": "T5M5PLH8U",
        "bot_profile": {
            "id": "BUBHYB40Y",
            "deleted": false,
            "name": "GitHub",
            "updated": 1582307738,
            "app_id": "A8GBNUWU8",
            "icons": {
                "image_36": "https:\/\/slack-files2.s3-us-west-2.amazonaws.com\/avatars\/2017-12-19\/288981919427_f45f04edd92902a96859_36.png",
                "image_48": "https:\/\/slack-files2.s3-us-west-2.amazonaws.com\/avatars\/2017-12-19\/288981919427_f45f04edd92902a96859_48.png",
                "image_72": "https:\/\/slack-files2.s3-us-west-2.amazonaws.com\/avatars\/2017-12-19\/288981919427_f45f04edd92902a96859_72.png"
            },
            "team_id": "T5M5PLH8U"
        },
        "attachments": [
            {
                "author_name": "kelu124",
                "fallback": "[kelu124\/un0rick] <https:\/\/github.com\/kelu124\/un0rick\/compare\/25ec8dcc095c...f3b95eeb772b|1 new commit> pushed to <https:\/\/github.com\/kelu124\/un0rick\/tree\/master|`master`>",
                "text": "*<https:\/\/github.com\/kelu124\/un0rick\/compare\/25ec8dcc095c...f3b95eeb772b|1 new commit> pushed to <https:\/\/github.com\/kelu124\/un0rick\/tree\/master|`master`>*\n<https:\/\/github.com\/kelu124\/un0rick\/commit\/f3b95eeb772be2b6395333ee6d674fb9492b9357|`f3b95eeb`> - clean vhdl",
                "footer": "<https:\/\/github.com\/kelu124\/un0rick|kelu124\/un0rick>",
                "id": 1,
                "author_link": "https:\/\/github.com\/kelu124",
                "author_icon": "https:\/\/avatars2.githubusercontent.com\/u\/2452634?v=4",
                "footer_icon": "https:\/\/github.githubassets.com\/favicon.ico",
                "color": "24292f",
                "mrkdwn_in": [
                    "text"
                ]
            }
        ]
    }
]