[
    {
        "client_msg_id": "2d178827-fea1-442b-9570-9aedc5faca93",
        "type": "message",
        "text": "Starting a thread here on the issues with RPi4 and existing pi3 lib.",
        "user": "U5M5PLH9S",
        "ts": "1584868411.000400",
        "team": "T5M5PLH8U",
        "user_team": "T5M5PLH8U",
        "source_team": "T5M5PLH8U",
        "user_profile": {
            "avatar_hash": "e4fb6ae9f526",
            "image_72": "https:\/\/avatars.slack-edge.com\/2017-06-01\/191144530514_e4fb6ae9f526531fd41c_72.jpg",
            "first_name": "",
            "real_name": "kelu",
            "display_name": "",
            "team": "T5M5PLH8U",
            "name": "kelu",
            "is_restricted": false,
            "is_ultra_restricted": false
        },
        "blocks": [
            {
                "type": "rich_text",
                "block_id": "Vnykp",
                "elements": [
                    {
                        "type": "rich_text_section",
                        "elements": [
                            {
                                "type": "text",
                                "text": "Starting a thread here on the issues with RPi4 and existing pi3 lib."
                            }
                        ]
                    }
                ]
            }
        ]
    }
]