[
    {
        "bot_id": "BUBHYB40Y",
        "type": "message",
        "text": "",
        "user": "UUBJHMJBF",
        "ts": "1608653484.000100",
        "team": "T5M5PLH8U",
        "bot_profile": {
            "id": "BUBHYB40Y",
            "deleted": false,
            "name": "GitHub",
            "updated": 1582307738,
            "app_id": "A8GBNUWU8",
            "icons": {
                "image_36": "https:\/\/slack-files2.s3-us-west-2.amazonaws.com\/avatars\/2017-12-19\/288981919427_f45f04edd92902a96859_36.png",
                "image_48": "https:\/\/slack-files2.s3-us-west-2.amazonaws.com\/avatars\/2017-12-19\/288981919427_f45f04edd92902a96859_48.png",
                "image_72": "https:\/\/slack-files2.s3-us-west-2.amazonaws.com\/avatars\/2017-12-19\/288981919427_f45f04edd92902a96859_72.png"
            },
            "team_id": "T5M5PLH8U"
        },
        "attachments": [
            {
                "author_name": "kelu124",
                "fallback": "[kelu124\/un0rick] <https:\/\/github.com\/kelu124\/un0rick\/compare\/7ac28b01e726...1a671a9872d4|1 new commit> pushed to <https:\/\/github.com\/kelu124\/un0rick\/tree\/master|`master`>",
                "text": "*<https:\/\/github.com\/kelu124\/un0rick\/compare\/7ac28b01e726...1a671a9872d4|1 new commit> pushed to <https:\/\/github.com\/kelu124\/un0rick\/tree\/master|`master`>*\n<https:\/\/github.com\/kelu124\/un0rick\/commit\/1a671a9872d4494d613388a1dc46ad39a4959959|`1a671a98`> - Adding extra bins",
                "footer": "<https:\/\/github.com\/kelu124\/un0rick|kelu124\/un0rick>",
                "id": 1,
                "author_link": "https:\/\/github.com\/kelu124",
                "author_icon": "https:\/\/avatars2.githubusercontent.com\/u\/2452634?v=4",
                "footer_icon": "https:\/\/github.githubassets.com\/favicon.ico",
                "color": "24292f",
                "mrkdwn_in": [
                    "text"
                ]
            }
        ]
    },
    {
        "bot_id": "BUBHYB40Y",
        "type": "message",
        "text": "",
        "user": "UUBJHMJBF",
        "ts": "1608655498.000200",
        "team": "T5M5PLH8U",
        "bot_profile": {
            "id": "BUBHYB40Y",
            "deleted": false,
            "name": "GitHub",
            "updated": 1582307738,
            "app_id": "A8GBNUWU8",
            "icons": {
                "image_36": "https:\/\/slack-files2.s3-us-west-2.amazonaws.com\/avatars\/2017-12-19\/288981919427_f45f04edd92902a96859_36.png",
                "image_48": "https:\/\/slack-files2.s3-us-west-2.amazonaws.com\/avatars\/2017-12-19\/288981919427_f45f04edd92902a96859_48.png",
                "image_72": "https:\/\/slack-files2.s3-us-west-2.amazonaws.com\/avatars\/2017-12-19\/288981919427_f45f04edd92902a96859_72.png"
            },
            "team_id": "T5M5PLH8U"
        },
        "attachments": [
            {
                "author_name": "kelu124",
                "fallback": "[kelu124\/un0rick] <https:\/\/github.com\/kelu124\/un0rick\/compare\/1a671a9872d4...7065540199c6|1 new commit> pushed to <https:\/\/github.com\/kelu124\/un0rick\/tree\/master|`master`>",
                "text": "*<https:\/\/github.com\/kelu124\/un0rick\/compare\/1a671a9872d4...7065540199c6|1 new commit> pushed to <https:\/\/github.com\/kelu124\/un0rick\/tree\/master|`master`>*\n<https:\/\/github.com\/kelu124\/un0rick\/commit\/7065540199c68d49b2c4ce30065a2e86329e5653|`70655401`> - Cleaning software",
                "footer": "<https:\/\/github.com\/kelu124\/un0rick|kelu124\/un0rick>",
                "id": 1,
                "author_link": "https:\/\/github.com\/kelu124",
                "author_icon": "https:\/\/avatars2.githubusercontent.com\/u\/2452634?v=4",
                "footer_icon": "https:\/\/github.githubassets.com\/favicon.ico",
                "color": "24292f",
                "mrkdwn_in": [
                    "text"
                ]
            }
        ]
    },
    {
        "bot_id": "BUBHYB40Y",
        "type": "message",
        "text": "",
        "user": "UUBJHMJBF",
        "ts": "1608656602.000300",
        "team": "T5M5PLH8U",
        "bot_profile": {
            "id": "BUBHYB40Y",
            "deleted": false,
            "name": "GitHub",
            "updated": 1582307738,
            "app_id": "A8GBNUWU8",
            "icons": {
                "image_36": "https:\/\/slack-files2.s3-us-west-2.amazonaws.com\/avatars\/2017-12-19\/288981919427_f45f04edd92902a96859_36.png",
                "image_48": "https:\/\/slack-files2.s3-us-west-2.amazonaws.com\/avatars\/2017-12-19\/288981919427_f45f04edd92902a96859_48.png",
                "image_72": "https:\/\/slack-files2.s3-us-west-2.amazonaws.com\/avatars\/2017-12-19\/288981919427_f45f04edd92902a96859_72.png"
            },
            "team_id": "T5M5PLH8U"
        },
        "attachments": [
            {
                "author_name": "kelu124",
                "fallback": "[kelu124\/un0rick] <https:\/\/github.com\/kelu124\/un0rick\/compare\/7065540199c6...fb09fede8695|2 new commits> pushed to <https:\/\/github.com\/kelu124\/un0rick\/tree\/master|`master`>",
                "text": "*<https:\/\/github.com\/kelu124\/un0rick\/compare\/7065540199c6...fb09fede8695|2 new commits> pushed to <https:\/\/github.com\/kelu124\/un0rick\/tree\/master|`master`>*\n<https:\/\/github.com\/kelu124\/un0rick\/commit\/b32852932c4c0603bbd98a3b144c3900522c5b81|`b3285293`> - New lib and images\n<https:\/\/github.com\/kelu124\/un0rick\/commit\/fb09fede8695568199d74207892511a7f6752c02|`fb09fede`> - Adding Readme",
                "footer": "<https:\/\/github.com\/kelu124\/un0rick|kelu124\/un0rick>",
                "id": 1,
                "author_link": "https:\/\/github.com\/kelu124",
                "author_icon": "https:\/\/avatars2.githubusercontent.com\/u\/2452634?v=4",
                "footer_icon": "https:\/\/github.githubassets.com\/favicon.ico",
                "color": "24292f",
                "mrkdwn_in": [
                    "text"
                ]
            }
        ]
    }
]