[
    {
        "bot_id": "BUBHYB40Y",
        "type": "message",
        "text": "",
        "user": "UUBJHMJBF",
        "ts": "1608379895.000100",
        "team": "T5M5PLH8U",
        "bot_profile": {
            "id": "BUBHYB40Y",
            "deleted": false,
            "name": "GitHub",
            "updated": 1582307738,
            "app_id": "A8GBNUWU8",
            "icons": {
                "image_36": "https:\/\/slack-files2.s3-us-west-2.amazonaws.com\/avatars\/2017-12-19\/288981919427_f45f04edd92902a96859_36.png",
                "image_48": "https:\/\/slack-files2.s3-us-west-2.amazonaws.com\/avatars\/2017-12-19\/288981919427_f45f04edd92902a96859_48.png",
                "image_72": "https:\/\/slack-files2.s3-us-west-2.amazonaws.com\/avatars\/2017-12-19\/288981919427_f45f04edd92902a96859_72.png"
            },
            "team_id": "T5M5PLH8U"
        },
        "attachments": [
            {
                "author_name": "kelu124",
                "fallback": "[kelu124\/un0rick] <https:\/\/github.com\/kelu124\/un0rick\/compare\/b5ccb0a82256...7ac28b01e726|1 new commit> pushed to <https:\/\/github.com\/kelu124\/un0rick\/tree\/master|`master`>",
                "text": "*<https:\/\/github.com\/kelu124\/un0rick\/compare\/b5ccb0a82256...7ac28b01e726|1 new commit> pushed to <https:\/\/github.com\/kelu124\/un0rick\/tree\/master|`master`>*\n<https:\/\/github.com\/kelu124\/un0rick\/commit\/7ac28b01e726c801025f03984a67bb35748a07cc|`7ac28b01`> - New un0rick pinout",
                "footer": "<https:\/\/github.com\/kelu124\/un0rick|kelu124\/un0rick>",
                "id": 1,
                "author_link": "https:\/\/github.com\/kelu124",
                "author_icon": "https:\/\/avatars2.githubusercontent.com\/u\/2452634?v=4",
                "footer_icon": "https:\/\/github.githubassets.com\/favicon.ico",
                "color": "24292f",
                "mrkdwn_in": [
                    "text"
                ]
            }
        ]
    },
    {
        "bot_id": "BUBHYB40Y",
        "type": "message",
        "text": "",
        "user": "UUBJHMJBF",
        "ts": "1608380024.000200",
        "team": "T5M5PLH8U",
        "bot_profile": {
            "id": "BUBHYB40Y",
            "deleted": false,
            "name": "GitHub",
            "updated": 1582307738,
            "app_id": "A8GBNUWU8",
            "icons": {
                "image_36": "https:\/\/slack-files2.s3-us-west-2.amazonaws.com\/avatars\/2017-12-19\/288981919427_f45f04edd92902a96859_36.png",
                "image_48": "https:\/\/slack-files2.s3-us-west-2.amazonaws.com\/avatars\/2017-12-19\/288981919427_f45f04edd92902a96859_48.png",
                "image_72": "https:\/\/slack-files2.s3-us-west-2.amazonaws.com\/avatars\/2017-12-19\/288981919427_f45f04edd92902a96859_72.png"
            },
            "team_id": "T5M5PLH8U"
        },
        "attachments": [
            {
                "author_name": "github-pages[bot]",
                "fallback": "[kelu124\/un0rick] Successfully deployed c0824e6 to github-pages",
                "text": "Successfully deployed <https:\/\/github.com\/kelu124\/un0rick\/commit\/c0824e6b4d83f0adef4146fb30c6978ab4da298e|`c0824e6`> to github-pages",
                "footer": "<https:\/\/github.com\/kelu124\/un0rick|kelu124\/un0rick>",
                "id": 1,
                "author_link": "https:\/\/github.com\/apps\/github-pages",
                "author_icon": "https:\/\/avatars1.githubusercontent.com\/u\/9919?v=4",
                "footer_icon": "https:\/\/github.githubassets.com\/favicon.ico",
                "color": "28a745",
                "mrkdwn_in": [
                    "text"
                ]
            }
        ]
    }
]