[
    {
        "bot_id": "BUB4LSAH2",
        "type": "message",
        "text": "",
        "user": "UUBJHMJBF",
        "ts": "1582307785.000300",
        "team": "T5M5PLH8U",
        "bot_profile": {
            "id": "BUB4LSAH2",
            "deleted": false,
            "name": "GitHub",
            "updated": 1582307738,
            "app_id": "A8GBNUWU8",
            "icons": {
                "image_36": "https:\/\/slack-files2.s3-us-west-2.amazonaws.com\/avatars\/2017-12-19\/288981919427_f45f04edd92902a96859_36.png",
                "image_48": "https:\/\/slack-files2.s3-us-west-2.amazonaws.com\/avatars\/2017-12-19\/288981919427_f45f04edd92902a96859_48.png",
                "image_72": "https:\/\/slack-files2.s3-us-west-2.amazonaws.com\/avatars\/2017-12-19\/288981919427_f45f04edd92902a96859_72.png"
            },
            "team_id": "T5M5PLH8U"
        },
        "attachments": [
            {
                "text": "Subscribed to <https:\/\/github.com\/kelu124\/un0rick|kelu124\/un0rick>",
                "id": 1,
                "color": "24292f",
                "fallback": "Subscribed to <https:\/\/github.com\/kelu124\/un0rick|kelu124\/un0rick>"
            }
        ]
    }
]