[
    {
        "type": "message",
        "text": "Soon there :)",
        "files": [
            {
                "id": "F01FG0X9DE1",
                "created": 1606335865,
                "timestamp": 1606335865,
                "name": "20201125_212405.jpg",
                "title": "20201125_212405.jpg",
                "mimetype": "image\/jpeg",
                "filetype": "jpg",
                "pretty_type": "JPEG",
                "user": "U5M5PLH9S",
                "editable": false,
                "size": 432026,
                "mode": "hosted",
                "is_external": false,
                "external_type": "",
                "is_public": true,
                "public_url_shared": false,
                "display_as_bot": false,
                "username": "",
                "url_private": "https:\/\/files.slack.com\/files-pri\/T5M5PLH8U-F01FG0X9DE1\/20201125_212405.jpg?t=xoxe-191193697300-1655641665238-1662624174259-9d4966033b52bec8bbd54ad611c52557",
                "url_private_download": "https:\/\/files.slack.com\/files-pri\/T5M5PLH8U-F01FG0X9DE1\/download\/20201125_212405.jpg?t=xoxe-191193697300-1655641665238-1662624174259-9d4966033b52bec8bbd54ad611c52557",
                "thumb_64": "https:\/\/files.slack.com\/files-tmb\/T5M5PLH8U-F01FG0X9DE1-e02e810115\/20201125_212405_64.jpg?t=xoxe-191193697300-1655641665238-1662624174259-9d4966033b52bec8bbd54ad611c52557",
                "thumb_80": "https:\/\/files.slack.com\/files-tmb\/T5M5PLH8U-F01FG0X9DE1-e02e810115\/20201125_212405_80.jpg?t=xoxe-191193697300-1655641665238-1662624174259-9d4966033b52bec8bbd54ad611c52557",
                "thumb_360": "https:\/\/files.slack.com\/files-tmb\/T5M5PLH8U-F01FG0X9DE1-e02e810115\/20201125_212405_360.jpg?t=xoxe-191193697300-1655641665238-1662624174259-9d4966033b52bec8bbd54ad611c52557",
                "thumb_360_w": 360,
                "thumb_360_h": 203,
                "thumb_480": "https:\/\/files.slack.com\/files-tmb\/T5M5PLH8U-F01FG0X9DE1-e02e810115\/20201125_212405_480.jpg?t=xoxe-191193697300-1655641665238-1662624174259-9d4966033b52bec8bbd54ad611c52557",
                "thumb_480_w": 480,
                "thumb_480_h": 270,
                "thumb_160": "https:\/\/files.slack.com\/files-tmb\/T5M5PLH8U-F01FG0X9DE1-e02e810115\/20201125_212405_160.jpg?t=xoxe-191193697300-1655641665238-1662624174259-9d4966033b52bec8bbd54ad611c52557",
                "thumb_720": "https:\/\/files.slack.com\/files-tmb\/T5M5PLH8U-F01FG0X9DE1-e02e810115\/20201125_212405_720.jpg?t=xoxe-191193697300-1655641665238-1662624174259-9d4966033b52bec8bbd54ad611c52557",
                "thumb_720_w": 720,
                "thumb_720_h": 405,
                "thumb_800": "https:\/\/files.slack.com\/files-tmb\/T5M5PLH8U-F01FG0X9DE1-e02e810115\/20201125_212405_800.jpg?t=xoxe-191193697300-1655641665238-1662624174259-9d4966033b52bec8bbd54ad611c52557",
                "thumb_800_w": 800,
                "thumb_800_h": 450,
                "thumb_960": "https:\/\/files.slack.com\/files-tmb\/T5M5PLH8U-F01FG0X9DE1-e02e810115\/20201125_212405_960.jpg?t=xoxe-191193697300-1655641665238-1662624174259-9d4966033b52bec8bbd54ad611c52557",
                "thumb_960_w": 960,
                "thumb_960_h": 540,
                "thumb_1024": "https:\/\/files.slack.com\/files-tmb\/T5M5PLH8U-F01FG0X9DE1-e02e810115\/20201125_212405_1024.jpg?t=xoxe-191193697300-1655641665238-1662624174259-9d4966033b52bec8bbd54ad611c52557",
                "thumb_1024_w": 1024,
                "thumb_1024_h": 576,
                "original_w": 4032,
                "original_h": 2268,
                "thumb_tiny": "AwAbADCo0jZyG4pPNf8AvGmkYyCCPSlyvv1pCbdxfMcjBagMxGB0pAVB6E07AGMocnpzQS5MQqyDqOfSmliBjNKcKudp69aYecEd6Co7Ekh+YA8AU35PVj9BRQQMigpq7FWRE5EZJ9SaGlLc4xj3pdo9KaeOlIXIhBkkemaCp5ORT4gGbB5qTAwOKbZSR\/\/Z",
                "permalink": "https:\/\/usdevkit.slack.com\/files\/U5M5PLH9S\/F01FG0X9DE1\/20201125_212405.jpg",
                "permalink_public": "https:\/\/slack-files.com\/T5M5PLH8U-F01FG0X9DE1-c060ac44a8",
                "is_starred": false,
                "has_rich_preview": false
            }
        ],
        "upload": false,
        "blocks": [
            {
                "type": "rich_text",
                "block_id": "KTR",
                "elements": [
                    {
                        "type": "rich_text_section",
                        "elements": [
                            {
                                "type": "text",
                                "text": "Soon there :)"
                            }
                        ]
                    }
                ]
            }
        ],
        "user": "U5M5PLH9S",
        "display_as_bot": false,
        "ts": "1606335872.000300",
        "client_msg_id": "a765b7a9-309b-4744-ad4f-30db99cb5c9c"
    }
]