[
    {
        "bot_id": "BUBHYB40Y",
        "type": "message",
        "text": "",
        "user": "UUBJHMJBF",
        "ts": "1606458483.000600",
        "team": "T5M5PLH8U",
        "bot_profile": {
            "id": "BUBHYB40Y",
            "deleted": false,
            "name": "GitHub",
            "updated": 1582307738,
            "app_id": "A8GBNUWU8",
            "icons": {
                "image_36": "https:\/\/slack-files2.s3-us-west-2.amazonaws.com\/avatars\/2017-12-19\/288981919427_f45f04edd92902a96859_36.png",
                "image_48": "https:\/\/slack-files2.s3-us-west-2.amazonaws.com\/avatars\/2017-12-19\/288981919427_f45f04edd92902a96859_48.png",
                "image_72": "https:\/\/slack-files2.s3-us-west-2.amazonaws.com\/avatars\/2017-12-19\/288981919427_f45f04edd92902a96859_72.png"
            },
            "team_id": "T5M5PLH8U"
        },
        "attachments": [
            {
                "author_name": "kelu124",
                "fallback": "[kelu124\/un0rick] <https:\/\/github.com\/kelu124\/un0rick\/compare\/7e1a86b8fea2...79ad099eb08a|1 new commit> pushed to <https:\/\/github.com\/kelu124\/un0rick\/tree\/master|`master`>",
                "text": "*<https:\/\/github.com\/kelu124\/un0rick\/compare\/7e1a86b8fea2...79ad099eb08a|1 new commit> pushed to <https:\/\/github.com\/kelu124\/un0rick\/tree\/master|`master`>*\n<https:\/\/github.com\/kelu124\/un0rick\/commit\/79ad099eb08aad8970729584e09d01b48cecabf6|`79ad099e`> - Update usb with vga debug",
                "footer": "<https:\/\/github.com\/kelu124\/un0rick|kelu124\/un0rick>",
                "id": 1,
                "author_link": "https:\/\/github.com\/kelu124",
                "author_icon": "https:\/\/avatars2.githubusercontent.com\/u\/2452634?v=4",
                "footer_icon": "https:\/\/github.githubassets.com\/favicon.ico",
                "color": "24292f",
                "mrkdwn_in": [
                    "text"
                ]
            }
        ]
    },
    {
        "bot_id": "BUBHYB40Y",
        "type": "message",
        "text": "",
        "user": "UUBJHMJBF",
        "ts": "1606458697.000700",
        "team": "T5M5PLH8U",
        "bot_profile": {
            "id": "BUBHYB40Y",
            "deleted": false,
            "name": "GitHub",
            "updated": 1582307738,
            "app_id": "A8GBNUWU8",
            "icons": {
                "image_36": "https:\/\/slack-files2.s3-us-west-2.amazonaws.com\/avatars\/2017-12-19\/288981919427_f45f04edd92902a96859_36.png",
                "image_48": "https:\/\/slack-files2.s3-us-west-2.amazonaws.com\/avatars\/2017-12-19\/288981919427_f45f04edd92902a96859_48.png",
                "image_72": "https:\/\/slack-files2.s3-us-west-2.amazonaws.com\/avatars\/2017-12-19\/288981919427_f45f04edd92902a96859_72.png"
            },
            "team_id": "T5M5PLH8U"
        },
        "attachments": [
            {
                "author_name": "kelu124",
                "fallback": "[kelu124\/un0rick] <https:\/\/github.com\/kelu124\/un0rick\/compare\/79ad099eb08a...b5ccb0a82256|3 new commits> pushed to <https:\/\/github.com\/kelu124\/un0rick\/tree\/master|`master`>",
                "text": "*<https:\/\/github.com\/kelu124\/un0rick\/compare\/79ad099eb08a...b5ccb0a82256|3 new commits> pushed to <https:\/\/github.com\/kelu124\/un0rick\/tree\/master|`master`>*\n<https:\/\/github.com\/kelu124\/un0rick\/commit\/c1bf3674f711674fbac0c3041bc0a6bc87982769|`c1bf3674`> - Adding python lib\n<https:\/\/github.com\/kelu124\/un0rick\/commit\/e0b6b5016fbca67107923bb17ade7e7d7ea231f2|`e0b6b501`> - Update bin\n<https:\/\/github.com\/kelu124\/un0rick\/commit\/b5ccb0a82256553c5b9737cf648ec770dc4694b4|`b5ccb0a8`> - Update bins",
                "footer": "<https:\/\/github.com\/kelu124\/un0rick|kelu124\/un0rick>",
                "id": 1,
                "author_link": "https:\/\/github.com\/kelu124",
                "author_icon": "https:\/\/avatars2.githubusercontent.com\/u\/2452634?v=4",
                "footer_icon": "https:\/\/github.githubassets.com\/favicon.ico",
                "color": "24292f",
                "mrkdwn_in": [
                    "text"
                ]
            }
        ]
    }
]