[
    {
        "client_msg_id": "d2ca76aa-6dd6-4025-977e-112f30f4ef55",
        "type": "message",
        "text": "Hey! Looks pretty nice! :wink:",
        "user": "UFCS7CKPD",
        "ts": "1590391270.000400",
        "team": "T5M5PLH8U",
        "user_team": "T5M5PLH8U",
        "source_team": "T5M5PLH8U",
        "user_profile": {
            "avatar_hash": "g1e384a0d103",
            "image_72": "https:\/\/secure.gravatar.com\/avatar\/b1e384a0d10360cda1cbae6e2b35ef69.jpg?s=72&d=https%3A%2F%2Fa.slack-edge.com%2Fdf10d%2Fimg%2Favatars%2Fava_0007-72.png",
            "first_name": "",
            "real_name": "Jorge Arija",
            "display_name": "",
            "team": "T5M5PLH8U",
            "name": "jarija",
            "is_restricted": false,
            "is_ultra_restricted": false
        },
        "blocks": [
            {
                "type": "rich_text",
                "block_id": "TLUd",
                "elements": [
                    {
                        "type": "rich_text_section",
                        "elements": [
                            {
                                "type": "text",
                                "text": "Hey! Looks pretty nice! "
                            },
                            {
                                "type": "emoji",
                                "name": "wink"
                            }
                        ]
                    }
                ]
            }
        ]
    },
    {
        "client_msg_id": "1f2b1e72-5bd5-4952-b0d6-aebe4cccef7b",
        "type": "message",
        "text": "It doesn't really go to 4460s per line ;)",
        "user": "U5M5PLH9S",
        "ts": "1590410699.000600",
        "team": "T5M5PLH8U",
        "user_team": "T5M5PLH8U",
        "source_team": "T5M5PLH8U",
        "user_profile": {
            "avatar_hash": "e4fb6ae9f526",
            "image_72": "https:\/\/avatars.slack-edge.com\/2017-06-01\/191144530514_e4fb6ae9f526531fd41c_72.jpg",
            "first_name": "",
            "real_name": "kelu",
            "display_name": "",
            "team": "T5M5PLH8U",
            "name": "kelu",
            "is_restricted": false,
            "is_ultra_restricted": false
        },
        "blocks": [
            {
                "type": "rich_text",
                "block_id": "WOdx",
                "elements": [
                    {
                        "type": "rich_text_section",
                        "elements": [
                            {
                                "type": "text",
                                "text": "It doesn't really go to 4460s per line ;)"
                            }
                        ]
                    }
                ]
            }
        ],
        "thread_ts": "1590329892.000700",
        "parent_user_id": "U5M5PLH9S"
    }
]