[
    {
        "type": "message",
        "text": "Hehe hopefully, this update pHAT will be an interesting one! Prototypes at the fab. The much delayed lit3rick v2.0 - <@UFCS7CKPD>, I'll keep you posted ;)",
        "files": [
            {
                "id": "F014WC61EBS",
                "created": 1590329563,
                "timestamp": 1590329563,
                "name": "li3rick_V2.0.png",
                "title": "li3rick_V2.0.png",
                "mimetype": "image\/png",
                "filetype": "png",
                "pretty_type": "PNG",
                "user": "U5M5PLH9S",
                "editable": false,
                "size": 202917,
                "mode": "hosted",
                "is_external": false,
                "external_type": "",
                "is_public": true,
                "public_url_shared": false,
                "display_as_bot": false,
                "username": "",
                "url_private": "https:\/\/files.slack.com\/files-pri\/T5M5PLH8U-F014WC61EBS\/li3rick_v2.0.png?t=xoxe-191193697300-1655641665238-1662624174259-9d4966033b52bec8bbd54ad611c52557",
                "url_private_download": "https:\/\/files.slack.com\/files-pri\/T5M5PLH8U-F014WC61EBS\/download\/li3rick_v2.0.png?t=xoxe-191193697300-1655641665238-1662624174259-9d4966033b52bec8bbd54ad611c52557",
                "thumb_64": "https:\/\/files.slack.com\/files-tmb\/T5M5PLH8U-F014WC61EBS-dd555c6934\/li3rick_v2.0_64.png?t=xoxe-191193697300-1655641665238-1662624174259-9d4966033b52bec8bbd54ad611c52557",
                "thumb_80": "https:\/\/files.slack.com\/files-tmb\/T5M5PLH8U-F014WC61EBS-dd555c6934\/li3rick_v2.0_80.png?t=xoxe-191193697300-1655641665238-1662624174259-9d4966033b52bec8bbd54ad611c52557",
                "thumb_360": "https:\/\/files.slack.com\/files-tmb\/T5M5PLH8U-F014WC61EBS-dd555c6934\/li3rick_v2.0_360.png?t=xoxe-191193697300-1655641665238-1662624174259-9d4966033b52bec8bbd54ad611c52557",
                "thumb_360_w": 360,
                "thumb_360_h": 176,
                "thumb_480": "https:\/\/files.slack.com\/files-tmb\/T5M5PLH8U-F014WC61EBS-dd555c6934\/li3rick_v2.0_480.png?t=xoxe-191193697300-1655641665238-1662624174259-9d4966033b52bec8bbd54ad611c52557",
                "thumb_480_w": 480,
                "thumb_480_h": 234,
                "thumb_160": "https:\/\/files.slack.com\/files-tmb\/T5M5PLH8U-F014WC61EBS-dd555c6934\/li3rick_v2.0_160.png?t=xoxe-191193697300-1655641665238-1662624174259-9d4966033b52bec8bbd54ad611c52557",
                "thumb_720": "https:\/\/files.slack.com\/files-tmb\/T5M5PLH8U-F014WC61EBS-dd555c6934\/li3rick_v2.0_720.png?t=xoxe-191193697300-1655641665238-1662624174259-9d4966033b52bec8bbd54ad611c52557",
                "thumb_720_w": 720,
                "thumb_720_h": 351,
                "thumb_800": "https:\/\/files.slack.com\/files-tmb\/T5M5PLH8U-F014WC61EBS-dd555c6934\/li3rick_v2.0_800.png?t=xoxe-191193697300-1655641665238-1662624174259-9d4966033b52bec8bbd54ad611c52557",
                "thumb_800_w": 800,
                "thumb_800_h": 390,
                "original_w": 935,
                "original_h": 456,
                "thumb_tiny": "AwAXADBZDlm55zTM+5\/OkkBJcZHJOKYilVPeoOgfvBOA3Ppmlz7mmKAPmK\/NzQCShbG0+\/aiwX7j8+5qe1P73APaq5b5QBjOcVJZHNywwOM9KEhSeg+S3fccAHmmfZZA+7H4Zq+etFVYz5mUhbSc\/L9OaU28hXBXPrzVygUWHzspfZnAGFHT1qaCEpKW2gD9anpR3osJybR\/\/9k=",
                "permalink": "https:\/\/usdevkit.slack.com\/files\/U5M5PLH9S\/F014WC61EBS\/li3rick_v2.0.png",
                "permalink_public": "https:\/\/slack-files.com\/T5M5PLH8U-F014WC61EBS-7c6c6e8bfd",
                "is_starred": false,
                "has_rich_preview": false
            }
        ],
        "upload": true,
        "blocks": [
            {
                "type": "rich_text",
                "block_id": "Kcbb",
                "elements": [
                    {
                        "type": "rich_text_section",
                        "elements": [
                            {
                                "type": "text",
                                "text": "Hehe hopefully, this update pHAT will be an interesting one! Prototypes at the fab. The much delayed lit3rick v2.0 - "
                            },
                            {
                                "type": "user",
                                "user_id": "UFCS7CKPD"
                            },
                            {
                                "type": "text",
                                "text": ", I'll keep you posted ;)"
                            }
                        ]
                    }
                ]
            }
        ],
        "user": "U5M5PLH9S",
        "display_as_bot": false,
        "ts": "1590329566.000100",
        "client_msg_id": "a9a0c070-960b-47ba-9e58-2a3789a41a82"
    },
    {
        "type": "message",
        "subtype": "channel_join",
        "ts": "1590329570.000500",
        "user": "UFCS7CKPD",
        "text": "<@UFCS7CKPD> has joined the channel",
        "inviter": "U5M5PLH9S"
    },
    {
        "type": "message",
        "text": "The fpga should be able to do the enveloppe detection with a light-weight DFT (first signal), downsample it (2Msps) and apply a signal compression to squeeze the 12bit signal on 8 bits while keeping something that makes sense to a user. Better than a log compression, better than a sqrt. And faster XD",
        "files": [
            {
                "id": "F014CNB37V2",
                "created": 1590329890,
                "timestamp": 1590329890,
                "name": "compression.png",
                "title": "compression.png",
                "mimetype": "image\/png",
                "filetype": "png",
                "pretty_type": "PNG",
                "user": "U5M5PLH9S",
                "editable": false,
                "size": 66913,
                "mode": "hosted",
                "is_external": false,
                "external_type": "",
                "is_public": true,
                "public_url_shared": false,
                "display_as_bot": false,
                "username": "",
                "url_private": "https:\/\/files.slack.com\/files-pri\/T5M5PLH8U-F014CNB37V2\/compression.png?t=xoxe-191193697300-1655641665238-1662624174259-9d4966033b52bec8bbd54ad611c52557",
                "url_private_download": "https:\/\/files.slack.com\/files-pri\/T5M5PLH8U-F014CNB37V2\/download\/compression.png?t=xoxe-191193697300-1655641665238-1662624174259-9d4966033b52bec8bbd54ad611c52557",
                "thumb_64": "https:\/\/files.slack.com\/files-tmb\/T5M5PLH8U-F014CNB37V2-bacb432c42\/compression_64.png?t=xoxe-191193697300-1655641665238-1662624174259-9d4966033b52bec8bbd54ad611c52557",
                "thumb_80": "https:\/\/files.slack.com\/files-tmb\/T5M5PLH8U-F014CNB37V2-bacb432c42\/compression_80.png?t=xoxe-191193697300-1655641665238-1662624174259-9d4966033b52bec8bbd54ad611c52557",
                "thumb_360": "https:\/\/files.slack.com\/files-tmb\/T5M5PLH8U-F014CNB37V2-bacb432c42\/compression_360.png?t=xoxe-191193697300-1655641665238-1662624174259-9d4966033b52bec8bbd54ad611c52557",
                "thumb_360_w": 360,
                "thumb_360_h": 203,
                "thumb_480": "https:\/\/files.slack.com\/files-tmb\/T5M5PLH8U-F014CNB37V2-bacb432c42\/compression_480.png?t=xoxe-191193697300-1655641665238-1662624174259-9d4966033b52bec8bbd54ad611c52557",
                "thumb_480_w": 480,
                "thumb_480_h": 271,
                "thumb_160": "https:\/\/files.slack.com\/files-tmb\/T5M5PLH8U-F014CNB37V2-bacb432c42\/compression_160.png?t=xoxe-191193697300-1655641665238-1662624174259-9d4966033b52bec8bbd54ad611c52557",
                "thumb_720": "https:\/\/files.slack.com\/files-tmb\/T5M5PLH8U-F014CNB37V2-bacb432c42\/compression_720.png?t=xoxe-191193697300-1655641665238-1662624174259-9d4966033b52bec8bbd54ad611c52557",
                "thumb_720_w": 720,
                "thumb_720_h": 407,
                "thumb_800": "https:\/\/files.slack.com\/files-tmb\/T5M5PLH8U-F014CNB37V2-bacb432c42\/compression_800.png?t=xoxe-191193697300-1655641665238-1662624174259-9d4966033b52bec8bbd54ad611c52557",
                "thumb_800_w": 800,
                "thumb_800_h": 452,
                "thumb_960": "https:\/\/files.slack.com\/files-tmb\/T5M5PLH8U-F014CNB37V2-bacb432c42\/compression_960.png?t=xoxe-191193697300-1655641665238-1662624174259-9d4966033b52bec8bbd54ad611c52557",
                "thumb_960_w": 960,
                "thumb_960_h": 542,
                "thumb_1024": "https:\/\/files.slack.com\/files-tmb\/T5M5PLH8U-F014CNB37V2-bacb432c42\/compression_1024.png?t=xoxe-191193697300-1655641665238-1662624174259-9d4966033b52bec8bbd54ad611c52557",
                "thumb_1024_w": 1024,
                "thumb_1024_h": 578,
                "original_w": 1300,
                "original_h": 734,
                "thumb_tiny": "AwAbADC39lj\/AOea\/nUVxHFBA0nlKcds1bBJ7VUv2zZyDDduo96AKX2yL\/n1X\/vo0fbIv+fVf++jVOigC59si\/59V\/76NOjuYnlVPsyjcQM7jVGpLb\/j5i\/3h\/OgDogMVU1H\/jyf8P51Pk4pJUWRCjjKntQBz1FbP2K3\/wCef6mj7Fb\/APPP9TQBjVJbf8fMX+8P51q\/Yrf\/AJ5\/qaVLOBXDCPBByOTQB\/\/Z",
                "permalink": "https:\/\/usdevkit.slack.com\/files\/U5M5PLH9S\/F014CNB37V2\/compression.png",
                "permalink_public": "https:\/\/slack-files.com\/T5M5PLH8U-F014CNB37V2-32cffb26de",
                "is_starred": false,
                "has_rich_preview": false
            }
        ],
        "upload": true,
        "blocks": [
            {
                "type": "rich_text",
                "block_id": "JxbL",
                "elements": [
                    {
                        "type": "rich_text_section",
                        "elements": [
                            {
                                "type": "text",
                                "text": "The fpga should be able to do the enveloppe detection with a light-weight DFT (first signal), downsample it (2Msps) and apply a signal compression to squeeze the 12bit signal on 8 bits while keeping something that makes sense to a user. Better than a log compression, better than a sqrt. And faster XD"
                            }
                        ]
                    }
                ]
            }
        ],
        "user": "U5M5PLH9S",
        "display_as_bot": false,
        "ts": "1590329892.000700",
        "client_msg_id": "b85d60c9-01a5-40d9-b0ea-2295e739cd32",
        "thread_ts": "1590329892.000700",
        "reply_count": 1,
        "reply_users_count": 1,
        "latest_reply": "1590410699.000600",
        "reply_users": [
            "U5M5PLH9S"
        ],
        "replies": [
            {
                "user": "U5M5PLH9S",
                "ts": "1590410699.000600"
            }
        ],
        "subscribed": true,
        "last_read": "1590410699.000600",
        "reactions": [
            {
                "name": "yum",
                "users": [
                    "UFPCMHBA6"
                ],
                "count": 1
            }
        ]
    }
]