[
    {
        "bot_id": "BUBHYB40Y",
        "type": "message",
        "text": "",
        "user": "UUBJHMJBF",
        "ts": "1610560856.000500",
        "team": "T5M5PLH8U",
        "bot_profile": {
            "id": "BUBHYB40Y",
            "deleted": false,
            "name": "GitHub",
            "updated": 1582307738,
            "app_id": "A8GBNUWU8",
            "icons": {
                "image_36": "https:\/\/slack-files2.s3-us-west-2.amazonaws.com\/avatars\/2017-12-19\/288981919427_f45f04edd92902a96859_36.png",
                "image_48": "https:\/\/slack-files2.s3-us-west-2.amazonaws.com\/avatars\/2017-12-19\/288981919427_f45f04edd92902a96859_48.png",
                "image_72": "https:\/\/slack-files2.s3-us-west-2.amazonaws.com\/avatars\/2017-12-19\/288981919427_f45f04edd92902a96859_72.png"
            },
            "team_id": "T5M5PLH8U"
        },
        "edited": {
            "user": "BUBHYB40Y",
            "ts": "1610560891.000000"
        },
        "attachments": [
            {
                "author_name": "kelu124",
                "fallback": "[kelu124\/un0rick] Issue opened by kelu124",
                "text": "On the un0rick, Pon is active high and Poff active low.. and the Poff was inverted.  \nTo be corrected",
                "pretext": "Issue opened by kelu124",
                "title": "#2 Pulse sequence wrong on Poff \/ damping",
                "footer": "<https:\/\/github.com\/kelu124\/un0rick|kelu124\/un0rick>",
                "id": 1,
                "title_link": "https:\/\/github.com\/kelu124\/un0rick\/issues\/2",
                "author_link": "https:\/\/github.com\/kelu124",
                "author_icon": "https:\/\/avatars2.githubusercontent.com\/u\/2452634?v=4",
                "footer_icon": "https:\/\/github.githubassets.com\/favicon.ico",
                "ts": 1610560854,
                "color": "cb2431",
                "mrkdwn_in": [
                    "text"
                ]
            }
        ]
    },
    {
        "bot_id": "BUBHYB40Y",
        "type": "message",
        "text": "",
        "user": "UUBJHMJBF",
        "ts": "1610560880.000600",
        "team": "T5M5PLH8U",
        "bot_profile": {
            "id": "BUBHYB40Y",
            "deleted": false,
            "name": "GitHub",
            "updated": 1582307738,
            "app_id": "A8GBNUWU8",
            "icons": {
                "image_36": "https:\/\/slack-files2.s3-us-west-2.amazonaws.com\/avatars\/2017-12-19\/288981919427_f45f04edd92902a96859_36.png",
                "image_48": "https:\/\/slack-files2.s3-us-west-2.amazonaws.com\/avatars\/2017-12-19\/288981919427_f45f04edd92902a96859_48.png",
                "image_72": "https:\/\/slack-files2.s3-us-west-2.amazonaws.com\/avatars\/2017-12-19\/288981919427_f45f04edd92902a96859_72.png"
            },
            "team_id": "T5M5PLH8U"
        },
        "attachments": [
            {
                "author_name": "kelu124",
                "fallback": "[kelu124\/un0rick] <https:\/\/github.com\/kelu124\/un0rick\/compare\/77e2a008cfa7...ee840bfbc1e3|1 new commit> pushed to <https:\/\/github.com\/kelu124\/un0rick\/tree\/master|`master`>",
                "text": "*<https:\/\/github.com\/kelu124\/un0rick\/compare\/77e2a008cfa7...ee840bfbc1e3|1 new commit> pushed to <https:\/\/github.com\/kelu124\/un0rick\/tree\/master|`master`>*\n<https:\/\/github.com\/kelu124\/un0rick\/commit\/ee840bfbc1e3dfda97da96dbd171d617eeebfc3f|`ee840bfb`> - Correcting pulse sequence on Poff #2",
                "footer": "<https:\/\/github.com\/kelu124\/un0rick|kelu124\/un0rick>",
                "id": 1,
                "author_link": "https:\/\/github.com\/kelu124",
                "author_icon": "https:\/\/avatars2.githubusercontent.com\/u\/2452634?v=4",
                "footer_icon": "https:\/\/github.githubassets.com\/favicon.ico",
                "color": "24292f",
                "mrkdwn_in": [
                    "text"
                ]
            }
        ]
    },
    {
        "bot_id": "BUBHYB40Y",
        "type": "message",
        "text": "",
        "user": "UUBJHMJBF",
        "ts": "1610560890.000700",
        "team": "T5M5PLH8U",
        "bot_profile": {
            "id": "BUBHYB40Y",
            "deleted": false,
            "name": "GitHub",
            "updated": 1582307738,
            "app_id": "A8GBNUWU8",
            "icons": {
                "image_36": "https:\/\/slack-files2.s3-us-west-2.amazonaws.com\/avatars\/2017-12-19\/288981919427_f45f04edd92902a96859_36.png",
                "image_48": "https:\/\/slack-files2.s3-us-west-2.amazonaws.com\/avatars\/2017-12-19\/288981919427_f45f04edd92902a96859_48.png",
                "image_72": "https:\/\/slack-files2.s3-us-west-2.amazonaws.com\/avatars\/2017-12-19\/288981919427_f45f04edd92902a96859_72.png"
            },
            "team_id": "T5M5PLH8U"
        },
        "attachments": [
            {
                "fallback": "[kelu124\/un0rick] Issue closed by kelu124",
                "pretext": "Issue closed by kelu124",
                "title": "#2 Pulse sequence wrong on Poff \/ damping",
                "footer": "<https:\/\/github.com\/kelu124\/un0rick|kelu124\/un0rick>",
                "id": 1,
                "title_link": "https:\/\/github.com\/kelu124\/un0rick\/issues\/2",
                "footer_icon": "https:\/\/github.githubassets.com\/favicon.ico",
                "ts": 1610560854,
                "color": "cb2431",
                "mrkdwn_in": [
                    "text"
                ]
            }
        ]
    }
]