[
    {
        "type": "message",
        "text": "",
        "user": "U5M5PLH9S",
        "ts": "1611004590.000500",
        "team": "T5M5PLH8U",
        "user_team": "T5M5PLH8U",
        "source_team": "T5M5PLH8U",
        "user_profile": {
            "avatar_hash": "e4fb6ae9f526",
            "image_72": "https:\/\/avatars.slack-edge.com\/2017-06-01\/191144530514_e4fb6ae9f526531fd41c_72.jpg",
            "first_name": "",
            "real_name": "kelu",
            "display_name": "",
            "team": "T5M5PLH8U",
            "name": "kelu",
            "is_restricted": false,
            "is_ultra_restricted": false
        },
        "attachments": [
            {
                "fallback": "[January 18th, 2021 10:15 PM] kelu: A few news on the <#C9H58ADJT|un0rick> : <http:\/\/un0rick.cc\/un0rick\/usb-setup|http:\/\/un0rick.cc\/un0rick\/usb-setup> has an update for the usb firmware.. Now outputting vga video.",
                "ts": "1611004530.005500",
                "author_id": "U5M5PLH9S",
                "author_subname": "kelu",
                "channel_id": "C5M71F0DT",
                "channel_name": "general",
                "is_msg_unfurl": true,
                "text": "A few news on the <#C9H58ADJT|un0rick> : <http:\/\/un0rick.cc\/un0rick\/usb-setup|http:\/\/un0rick.cc\/un0rick\/usb-setup> has an update for the usb firmware.. Now outputting vga video.",
                "author_name": "kelu",
                "author_link": "https:\/\/usdevkit.slack.com\/team\/U5M5PLH9S",
                "author_icon": "https:\/\/avatars.slack-edge.com\/2017-06-01\/191144530514_e4fb6ae9f526531fd41c_48.jpg",
                "mrkdwn_in": [
                    "text"
                ],
                "files": [
                    {
                        "id": "F01JVH65CMC",
                        "created": 1611004489,
                        "timestamp": 1611004489,
                        "name": "20210117_180634.gif",
                        "title": "20210117_180634.gif",
                        "mimetype": "image\/gif",
                        "filetype": "gif",
                        "pretty_type": "GIF",
                        "user": "U5M5PLH9S",
                        "editable": false,
                        "size": 18441480,
                        "mode": "hosted",
                        "is_external": false,
                        "external_type": "",
                        "is_public": true,
                        "public_url_shared": false,
                        "display_as_bot": false,
                        "username": "",
                        "url_private": "https:\/\/files.slack.com\/files-pri\/T5M5PLH8U-F01JVH65CMC\/20210117_180634.gif",
                        "url_private_download": "https:\/\/files.slack.com\/files-pri\/T5M5PLH8U-F01JVH65CMC\/download\/20210117_180634.gif",
                        "thumb_64": "https:\/\/files.slack.com\/files-tmb\/T5M5PLH8U-F01JVH65CMC-7010140f3b\/20210117_180634_64.png",
                        "thumb_80": "https:\/\/files.slack.com\/files-tmb\/T5M5PLH8U-F01JVH65CMC-7010140f3b\/20210117_180634_80.png",
                        "thumb_360": "https:\/\/files.slack.com\/files-tmb\/T5M5PLH8U-F01JVH65CMC-7010140f3b\/20210117_180634_360.png",
                        "thumb_360_w": 360,
                        "thumb_360_h": 202,
                        "thumb_480": "https:\/\/files.slack.com\/files-tmb\/T5M5PLH8U-F01JVH65CMC-7010140f3b\/20210117_180634_480.png",
                        "thumb_480_w": 480,
                        "thumb_480_h": 270,
                        "thumb_160": "https:\/\/files.slack.com\/files-tmb\/T5M5PLH8U-F01JVH65CMC-7010140f3b\/20210117_180634_160.png",
                        "thumb_360_gif": "https:\/\/files.slack.com\/files-tmb\/T5M5PLH8U-F01JVH65CMC-7010140f3b\/20210117_180634_360.gif",
                        "thumb_480_gif": "https:\/\/files.slack.com\/files-tmb\/T5M5PLH8U-F01JVH65CMC-7010140f3b\/20210117_180634_480.gif",
                        "original_w": 680,
                        "original_h": 382,
                        "deanimate": "https:\/\/files.slack.com\/files-tmb\/T5M5PLH8U-F01JVH65CMC-7010140f3b\/20210117_180634_deanimate.png",
                        "deanimate_gif": "https:\/\/files.slack.com\/files-tmb\/T5M5PLH8U-F01JVH65CMC-7010140f3b\/20210117_180634_deanimate_gif.png",
                        "thumb_tiny": "AwAaADCuZvMcs+QW6Y7GgsWXBxke\/SiYh181QAe6+hp8cuFAC4A680hWICzBuAD79aEduhOB64p+xZWdhzz64\/pSrGhcKB\/EATvzTsF2IX3DGQQOeBimgYX61q\/YLf8Aun\/vo1SvokgdVTOCueTmlYpMiYsw4GOe9IY3C5JySafCAVJIqb+GmJkAwqbSme5OaMJJGQiKslPb7wqReBxQBVKTL03j6NQJHV\/3gLD\/AGuoqeckJwcVVHNDY0j\/2Q==",
                        "permalink": "https:\/\/usdevkit.slack.com\/files\/U5M5PLH9S\/F01JVH65CMC\/20210117_180634.gif",
                        "permalink_public": "https:\/\/slack-files.com\/T5M5PLH8U-F01JVH65CMC-2a015a2f3a",
                        "is_starred": false,
                        "has_rich_preview": false
                    }
                ],
                "color": "D0D0D0",
                "from_url": "https:\/\/usdevkit.slack.com\/archives\/C5M71F0DT\/p1611004530005500",
                "is_share": true,
                "footer": "Posted in #general"
            }
        ],
        "blocks": [
            {
                "type": "rich_text",
                "block_id": "eU\/cI",
                "elements": [
                    {
                        "type": "rich_text_section",
                        "elements": []
                    }
                ]
            }
        ],
        "reactions": [
            {
                "name": "raised_hands",
                "users": [
                    "U8Z3VB1T2"
                ],
                "count": 1
            }
        ]
    },
    {
        "type": "message",
        "subtype": "channel_join",
        "ts": "1611020433.000800",
        "user": "U01KSKTHJUQ",
        "text": "<@U01KSKTHJUQ> has joined the channel"
    }
]