[
    {
        "type": "message",
        "subtype": "channel_join",
        "ts": "1536239282.000200",
        "user": "UCN4Q0E5A",
        "text": "<@UCN4Q0E5A> has joined the channel"
    },
    {
        "client_msg_id": "7eea4ce6-a0e6-4220-85fb-63e228270bb8",
        "type": "message",
        "text": "Hello world :slightly_smiling_face:",
        "user": "UCN4Q0E5A",
        "ts": "1536239371.000100",
        "team": "T5M5PLH8U",
        "user_team": "T5M5PLH8U",
        "source_team": "T5M5PLH8U",
        "user_profile": {
            "avatar_hash": "a4698e9c9845",
            "image_72": "https:\/\/avatars.slack-edge.com\/2018-09-06\/430164365908_a4698e9c984567aafa7a_72.jpg",
            "first_name": "Pantelis",
            "real_name": "Pantelis Goumas",
            "display_name": "Pantelis",
            "team": "T5M5PLH8U",
            "name": "pantelis.gkoumas",
            "is_restricted": false,
            "is_ultra_restricted": false
        },
        "thread_ts": "1536239371.000100",
        "reply_count": 6,
        "reply_users_count": 2,
        "latest_reply": "1536239999.000100",
        "reply_users": [
            "U5M5PLH9S",
            "UCN4Q0E5A"
        ],
        "replies": [
            {
                "user": "U5M5PLH9S",
                "ts": "1536239448.000100"
            },
            {
                "user": "UCN4Q0E5A",
                "ts": "1536239584.000100"
            },
            {
                "user": "UCN4Q0E5A",
                "ts": "1536239590.000100"
            },
            {
                "user": "U5M5PLH9S",
                "ts": "1536239794.000100"
            },
            {
                "user": "U5M5PLH9S",
                "ts": "1536239811.000100"
            },
            {
                "user": "UCN4Q0E5A",
                "ts": "1536239999.000100"
            }
        ],
        "subscribed": true,
        "last_read": "1536239999.000100"
    },
    {
        "client_msg_id": "a7764216-bed6-49df-b50c-d91e0fdfea2d",
        "type": "message",
        "text": "Hello and welcome! How can we help you?",
        "user": "U5M5PLH9S",
        "ts": "1536239448.000100",
        "team": "T5M5PLH8U",
        "user_team": "T5M5PLH8U",
        "source_team": "T5M5PLH8U",
        "user_profile": {
            "avatar_hash": "e4fb6ae9f526",
            "image_72": "https:\/\/avatars.slack-edge.com\/2017-06-01\/191144530514_e4fb6ae9f526531fd41c_72.jpg",
            "first_name": "",
            "real_name": "kelu",
            "display_name": "",
            "team": "T5M5PLH8U",
            "name": "kelu",
            "is_restricted": false,
            "is_ultra_restricted": false
        },
        "thread_ts": "1536239371.000100",
        "parent_user_id": "UCN4Q0E5A"
    },
    {
        "client_msg_id": "d89dbf88-9b7f-4290-9bbc-dd0787f6b592",
        "type": "message",
        "text": "My Name is Pantelis and I am an expert in C#. I know also java c++ and Python. I am a fun of arduino but with no professional experience. In case I can help you with any task please send me a message. Have fun whatever you do :slightly_smiling_face:",
        "user": "UCN4Q0E5A",
        "ts": "1536239568.000100",
        "team": "T5M5PLH8U",
        "user_team": "T5M5PLH8U",
        "source_team": "T5M5PLH8U",
        "user_profile": {
            "avatar_hash": "a4698e9c9845",
            "image_72": "https:\/\/avatars.slack-edge.com\/2018-09-06\/430164365908_a4698e9c984567aafa7a_72.jpg",
            "first_name": "Pantelis",
            "real_name": "Pantelis Goumas",
            "display_name": "Pantelis",
            "team": "T5M5PLH8U",
            "name": "pantelis.gkoumas",
            "is_restricted": false,
            "is_ultra_restricted": false
        },
        "thread_ts": "1536239568.000100",
        "reply_count": 2,
        "reply_users_count": 1,
        "latest_reply": "1536249840.000100",
        "reply_users": [
            "U5M5PLH9S"
        ],
        "replies": [
            {
                "user": "U5M5PLH9S",
                "ts": "1536249716.000100"
            },
            {
                "user": "U5M5PLH9S",
                "ts": "1536249840.000100"
            }
        ],
        "subscribed": true,
        "last_read": "1536249840.000100"
    },
    {
        "client_msg_id": "e289bdd7-a23a-452e-aa84-9868d75f7791",
        "type": "message",
        "text": "Hello Kelu :slightly_smiling_face:",
        "user": "UCN4Q0E5A",
        "ts": "1536239584.000100",
        "team": "T5M5PLH8U",
        "user_team": "T5M5PLH8U",
        "source_team": "T5M5PLH8U",
        "user_profile": {
            "avatar_hash": "a4698e9c9845",
            "image_72": "https:\/\/avatars.slack-edge.com\/2018-09-06\/430164365908_a4698e9c984567aafa7a_72.jpg",
            "first_name": "Pantelis",
            "real_name": "Pantelis Goumas",
            "display_name": "Pantelis",
            "team": "T5M5PLH8U",
            "name": "pantelis.gkoumas",
            "is_restricted": false,
            "is_ultra_restricted": false
        },
        "thread_ts": "1536239371.000100",
        "parent_user_id": "UCN4Q0E5A"
    },
    {
        "client_msg_id": "875413c6-e4ca-4522-803f-a62e956a28f2",
        "type": "message",
        "text": "need any help ?",
        "user": "UCN4Q0E5A",
        "ts": "1536239590.000100",
        "team": "T5M5PLH8U",
        "user_team": "T5M5PLH8U",
        "source_team": "T5M5PLH8U",
        "user_profile": {
            "avatar_hash": "a4698e9c9845",
            "image_72": "https:\/\/avatars.slack-edge.com\/2018-09-06\/430164365908_a4698e9c984567aafa7a_72.jpg",
            "first_name": "Pantelis",
            "real_name": "Pantelis Goumas",
            "display_name": "Pantelis",
            "team": "T5M5PLH8U",
            "name": "pantelis.gkoumas",
            "is_restricted": false,
            "is_ultra_restricted": false
        },
        "thread_ts": "1536239371.000100",
        "parent_user_id": "UCN4Q0E5A"
    },
    {
        "client_msg_id": "6f190602-8eef-4884-a599-7e897b632160",
        "type": "message",
        "text": "Nothing specific for me",
        "user": "U5M5PLH9S",
        "ts": "1536239794.000100",
        "team": "T5M5PLH8U",
        "user_team": "T5M5PLH8U",
        "source_team": "T5M5PLH8U",
        "user_profile": {
            "avatar_hash": "e4fb6ae9f526",
            "image_72": "https:\/\/avatars.slack-edge.com\/2017-06-01\/191144530514_e4fb6ae9f526531fd41c_72.jpg",
            "first_name": "",
            "real_name": "kelu",
            "display_name": "",
            "team": "T5M5PLH8U",
            "name": "kelu",
            "is_restricted": false,
            "is_ultra_restricted": false
        },
        "thread_ts": "1536239371.000100",
        "parent_user_id": "UCN4Q0E5A"
    },
    {
        "client_msg_id": "4f41c05e-c23a-4cf7-876c-f55d412ae406",
        "type": "message",
        "text": "Maybe for the channel? There are several projects here that may benefit from you :)",
        "user": "U5M5PLH9S",
        "ts": "1536239811.000100",
        "team": "T5M5PLH8U",
        "user_team": "T5M5PLH8U",
        "source_team": "T5M5PLH8U",
        "user_profile": {
            "avatar_hash": "e4fb6ae9f526",
            "image_72": "https:\/\/avatars.slack-edge.com\/2017-06-01\/191144530514_e4fb6ae9f526531fd41c_72.jpg",
            "first_name": "",
            "real_name": "kelu",
            "display_name": "",
            "team": "T5M5PLH8U",
            "name": "kelu",
            "is_restricted": false,
            "is_ultra_restricted": false
        },
        "edited": {
            "user": "U5M5PLH9S",
            "ts": "1536240029.000000"
        },
        "thread_ts": "1536239371.000100",
        "parent_user_id": "UCN4Q0E5A"
    },
    {
        "client_msg_id": "b5321196-00ba-4a87-9ede-2208c874d4d5",
        "type": "message",
        "text": "yes why not I have posted to the channel as well :slightly_smiling_face:",
        "user": "UCN4Q0E5A",
        "ts": "1536239999.000100",
        "team": "T5M5PLH8U",
        "user_team": "T5M5PLH8U",
        "source_team": "T5M5PLH8U",
        "user_profile": {
            "avatar_hash": "a4698e9c9845",
            "image_72": "https:\/\/avatars.slack-edge.com\/2018-09-06\/430164365908_a4698e9c984567aafa7a_72.jpg",
            "first_name": "Pantelis",
            "real_name": "Pantelis Goumas",
            "display_name": "Pantelis",
            "team": "T5M5PLH8U",
            "name": "pantelis.gkoumas",
            "is_restricted": false,
            "is_ultra_restricted": false
        },
        "thread_ts": "1536239371.000100",
        "parent_user_id": "UCN4Q0E5A"
    },
    {
        "client_msg_id": "d956cc38-c09b-415e-b281-1d97036962c1",
        "type": "message",
        "text": "Hey! Two things for which I m looking for some help, that are 1) accelerate spi transactions with raspberry (awfully slow today in python, possibly use ctypes?), and 2) I'm terrible at unit tests, need some on the board python library, would definitely be happy to have someone contribute there :grinning:",
        "user": "U5M5PLH9S",
        "ts": "1536249716.000100",
        "team": "T5M5PLH8U",
        "user_team": "T5M5PLH8U",
        "source_team": "T5M5PLH8U",
        "user_profile": {
            "avatar_hash": "e4fb6ae9f526",
            "image_72": "https:\/\/avatars.slack-edge.com\/2017-06-01\/191144530514_e4fb6ae9f526531fd41c_72.jpg",
            "first_name": "",
            "real_name": "kelu",
            "display_name": "",
            "team": "T5M5PLH8U",
            "name": "kelu",
            "is_restricted": false,
            "is_ultra_restricted": false
        },
        "thread_ts": "1536239568.000100",
        "parent_user_id": "UCN4Q0E5A"
    },
    {
        "client_msg_id": "cd4f16cc-ec9f-4bac-9947-7712514aba88",
        "type": "message",
        "text": "Latest code being at <https:\/\/github.com\/kelu124\/echomods\/blob\/master\/matty\/20180901a\/pyUn0.py> -- could benefit from someone serious in python :grinning:",
        "user": "U5M5PLH9S",
        "ts": "1536249840.000100",
        "team": "T5M5PLH8U",
        "user_team": "T5M5PLH8U",
        "source_team": "T5M5PLH8U",
        "user_profile": {
            "avatar_hash": "e4fb6ae9f526",
            "image_72": "https:\/\/avatars.slack-edge.com\/2017-06-01\/191144530514_e4fb6ae9f526531fd41c_72.jpg",
            "first_name": "",
            "real_name": "kelu",
            "display_name": "",
            "team": "T5M5PLH8U",
            "name": "kelu",
            "is_restricted": false,
            "is_ultra_restricted": false
        },
        "thread_ts": "1536239568.000100",
        "parent_user_id": "UCN4Q0E5A"
    },
    {
        "type": "message",
        "subtype": "channel_join",
        "ts": "1536303102.000200",
        "user": "UCN7FCH7A",
        "text": "<@UCN7FCH7A> has joined the channel"
    }
]