[
    {
        "client_msg_id": "92b2f864-4c49-4c50-80c3-af832c2b79fc",
        "type": "message",
        "text": "<@UCC8Q9FNK> power use I did not quantify... Probably <@U8DP2NWAD> could help you, he had mentioned that earlier in the chat.",
        "user": "U5M5PLH9S",
        "ts": "1535058216.000100",
        "team": "T5M5PLH8U",
        "user_team": "T5M5PLH8U",
        "source_team": "T5M5PLH8U",
        "user_profile": {
            "avatar_hash": "e4fb6ae9f526",
            "image_72": "https:\/\/avatars.slack-edge.com\/2017-06-01\/191144530514_e4fb6ae9f526531fd41c_72.jpg",
            "first_name": "",
            "real_name": "kelu",
            "display_name": "",
            "team": "T5M5PLH8U",
            "name": "kelu",
            "is_restricted": false,
            "is_ultra_restricted": false
        }
    },
    {
        "client_msg_id": "9b1c8f8f-58ef-4de0-a7ec-96fc974cbd4f",
        "type": "message",
        "text": "What about huuuge capas before if repeat time is not too short?",
        "user": "U5M5PLH9S",
        "ts": "1535059119.000100",
        "team": "T5M5PLH8U",
        "user_team": "T5M5PLH8U",
        "source_team": "T5M5PLH8U",
        "user_profile": {
            "avatar_hash": "e4fb6ae9f526",
            "image_72": "https:\/\/avatars.slack-edge.com\/2017-06-01\/191144530514_e4fb6ae9f526531fd41c_72.jpg",
            "first_name": "",
            "real_name": "kelu",
            "display_name": "",
            "team": "T5M5PLH8U",
            "name": "kelu",
            "is_restricted": false,
            "is_ultra_restricted": false
        }
    }
]