[
    {
        "type": "message",
        "text": "<!channel>, if of interest to you, I'm working on an article on single sensor imaging and uses, plento of info, a strong biblio so far, lots of benchmarks (in research).. but lots to process, I'll be happy to have coauthors is the subject is of interest :smiley: edit: that's on <#CCVBF8SEL|articlereviews> , join if of interest :smiley:",
        "user": "U5M5PLH9S",
        "ts": "1537295331.000100",
        "team": "T5M5PLH8U",
        "user_team": "T5M5PLH8U",
        "source_team": "T5M5PLH8U",
        "user_profile": {
            "avatar_hash": "e4fb6ae9f526",
            "image_72": "https:\/\/avatars.slack-edge.com\/2017-06-01\/191144530514_e4fb6ae9f526531fd41c_72.jpg",
            "first_name": "",
            "real_name": "kelu",
            "display_name": "",
            "team": "T5M5PLH8U",
            "name": "kelu",
            "is_restricted": false,
            "is_ultra_restricted": false
        },
        "edited": {
            "user": "U5M5PLH9S",
            "ts": "1537295364.000000"
        },
        "attachments": [
            {
                "fallback": "[September 18th, 2018 8:27 PM] kelu: Hi! The idea on this channel is to discuss an article I've been thinking of for a long time: a litterature review on simple, single element ultrasound imaging. I have a collected a 200+ article biblio, now is time to parse it. Subjects can range from principles of imaging, to design choices (piezos, materials, setups, ...), techn improvement (MSAS, time reversal, chaotic cavities, compressed sensing) and then showing open-source designs (such as <@U8Z3VB1T2>'s - possible <@U8DP2NWAD>'s ?). There's a bunch of info I guess useful to all.\nHappy to count you guys in the coauthors if you're willing to contribute and learn at the same time :smiley:\nBiblio and draft article at <https:\/\/github.com\/kelu124\/ssus> .",
                "ts": "1537295262.000100",
                "author_id": "U5M5PLH9S",
                "author_subname": "kelu",
                "channel_id": "CCVBF8SEL",
                "channel_name": "articlereviews",
                "is_msg_unfurl": true,
                "text": "Hi! The idea on this channel is to discuss an article I've been thinking of for a long time: a litterature review on simple, single element ultrasound imaging. I have a collected a 200+ article biblio, now is time to parse it. Subjects can range from principles of imaging, to design choices (piezos, materials, setups, ...), techn improvement (MSAS, time reversal, chaotic cavities, compressed sensing) and then showing open-source designs (such as <@U8Z3VB1T2>'s - possible <@U8DP2NWAD>'s ?). There's a bunch of info I guess useful to all.\nHappy to count you guys in the coauthors if you're willing to contribute and learn at the same time :smiley:\nBiblio and draft article at <https:\/\/github.com\/kelu124\/ssus> .",
                "author_name": "kelu",
                "author_link": "https:\/\/usdevkit.slack.com\/team\/U5M5PLH9S",
                "author_icon": "https:\/\/avatars.slack-edge.com\/2017-06-01\/191144530514_e4fb6ae9f526531fd41c_48.jpg",
                "mrkdwn_in": [
                    "text"
                ],
                "color": "D0D0D0",
                "from_url": "https:\/\/usdevkit.slack.com\/archives\/CCVBF8SEL\/p1537295262000100",
                "is_share": true,
                "footer": "Posted in #articlereviews"
            }
        ]
    },
    {
        "type": "message",
        "text": "I'm not sure what you mean, sorry mate! ",
        "user": "UBDQLMATZ",
        "ts": "1537306856.000100",
        "team": "T5M5PLH8U",
        "user_team": "T5M5PLH8U",
        "source_team": "T5M5PLH8U",
        "user_profile": {
            "avatar_hash": "g71feb6a11ea",
            "image_72": "https:\/\/secure.gravatar.com\/avatar\/a71feb6a11eac36ce6d5d960fc8ae078.jpg?s=72&d=https%3A%2F%2Fa.slack-edge.com%2Fdf10d%2Fimg%2Favatars%2Fava_0001-72.png",
            "first_name": "",
            "real_name": "Dean Panebianco",
            "display_name": "",
            "team": "T5M5PLH8U",
            "name": "dean",
            "is_restricted": false,
            "is_ultra_restricted": false
        },
        "thread_ts": "1537250484.000100",
        "parent_user_id": "UBDQLMATZ"
    }
]