[
    {
        "client_msg_id": "292de611-c4ee-4b08-8eba-4baeef657218",
        "type": "message",
        "text": "<http:\/\/www.latticesemi.com\/Products\/FPGAandCPLD\/ECP5>",
        "user": "UF0SXEJ0M",
        "ts": "1546108100.014400",
        "team": "T5M5PLH8U",
        "user_team": "T5M5PLH8U",
        "source_team": "T5M5PLH8U",
        "user_profile": {
            "avatar_hash": "caf9f1375af3",
            "image_72": "https:\/\/avatars.slack-edge.com\/2019-02-12\/549018718117_caf9f1375af3bfa9e7a6_72.jpg",
            "first_name": "Sterling",
            "real_name": "Sterling Cooley",
            "display_name": "Sterling",
            "team": "T5M5PLH8U",
            "name": "percyacct2020",
            "is_restricted": false,
            "is_ultra_restricted": false
        },
        "attachments": [
            {
                "title": "我正在看 ECP5 \/ ECP5-5G @latticesemi ，更多精彩内容等你发现！ http:\/\/t.cn\/RXUHWlF",
                "title_link": "http:\/\/www.latticesemi.com\/Products\/FPGAandCPLD\/ECP5",
                "text": "ECP5 FPGA family delivers a low cost, low power, small form factor solution for connectivity to ASICs and ASSPs",
                "fallback": "我正在看 ECP5 \/ ECP5-5G @latticesemi ，更多精彩内容等你发现！ http:\/\/t.cn\/RXUHWlF",
                "from_url": "http:\/\/www.latticesemi.com\/Products\/FPGAandCPLD\/ECP5",
                "service_icon": "http:\/\/www.latticesemi.com\/images\/favicon.ico",
                "service_name": "latticesemi.com",
                "id": 1,
                "original_url": "http:\/\/www.latticesemi.com\/Products\/FPGAandCPLD\/ECP5"
            }
        ],
        "thread_ts": "1545930762.011000",
        "parent_user_id": "UF0SXEJ0M"
    },
    {
        "client_msg_id": "55e6477c-c322-48a5-96b6-b01b7e46485c",
        "type": "message",
        "text": "<http:\/\/www.latticesemi.com\/Products\/FPGAandCPLD\/ECP5>",
        "user": "UF0SXEJ0M",
        "ts": "1546108107.014700",
        "team": "T5M5PLH8U",
        "user_team": "T5M5PLH8U",
        "source_team": "T5M5PLH8U",
        "user_profile": {
            "avatar_hash": "caf9f1375af3",
            "image_72": "https:\/\/avatars.slack-edge.com\/2019-02-12\/549018718117_caf9f1375af3bfa9e7a6_72.jpg",
            "first_name": "Sterling",
            "real_name": "Sterling Cooley",
            "display_name": "Sterling",
            "team": "T5M5PLH8U",
            "name": "percyacct2020",
            "is_restricted": false,
            "is_ultra_restricted": false
        },
        "thread_ts": "1545930762.011000",
        "parent_user_id": "UF0SXEJ0M"
    },
    {
        "client_msg_id": "f6206116-2ee0-49ec-bedc-4b441b35e068",
        "type": "message",
        "text": "Just had a thought... with so few channels of Ultrasound, couldn't you fit all of this onto on PCI-E card?",
        "user": "UF0SXEJ0M",
        "ts": "1546108135.014900",
        "team": "T5M5PLH8U",
        "user_team": "T5M5PLH8U",
        "source_team": "T5M5PLH8U",
        "user_profile": {
            "avatar_hash": "caf9f1375af3",
            "image_72": "https:\/\/avatars.slack-edge.com\/2019-02-12\/549018718117_caf9f1375af3bfa9e7a6_72.jpg",
            "first_name": "Sterling",
            "real_name": "Sterling Cooley",
            "display_name": "Sterling",
            "team": "T5M5PLH8U",
            "name": "percyacct2020",
            "is_restricted": false,
            "is_ultra_restricted": false
        },
        "thread_ts": "1545930762.011000",
        "parent_user_id": "UF0SXEJ0M"
    },
    {
        "client_msg_id": "8aa360cc-6fcc-4aa2-8147-d1f900e65bac",
        "type": "message",
        "text": "I would be absolutely happy to develop your Lattice design, as well as an Ultrasound board onto one PCI board, or maybe have two boards side by side, one for Lattice, and one for Ultrasound, and pull power directly from the PC itself",
        "user": "UF0SXEJ0M",
        "ts": "1546108221.015100",
        "team": "T5M5PLH8U",
        "user_team": "T5M5PLH8U",
        "source_team": "T5M5PLH8U",
        "user_profile": {
            "avatar_hash": "caf9f1375af3",
            "image_72": "https:\/\/avatars.slack-edge.com\/2019-02-12\/549018718117_caf9f1375af3bfa9e7a6_72.jpg",
            "first_name": "Sterling",
            "real_name": "Sterling Cooley",
            "display_name": "Sterling",
            "team": "T5M5PLH8U",
            "name": "percyacct2020",
            "is_restricted": false,
            "is_ultra_restricted": false
        },
        "thread_ts": "1545930762.011000",
        "parent_user_id": "UF0SXEJ0M"
    },
    {
        "client_msg_id": "70a992ed-1be5-4484-8e78-f17d8d744f3a",
        "type": "message",
        "text": "That's basically how Verasonics does it",
        "user": "UF0SXEJ0M",
        "ts": "1546108239.015300",
        "team": "T5M5PLH8U",
        "user_team": "T5M5PLH8U",
        "source_team": "T5M5PLH8U",
        "user_profile": {
            "avatar_hash": "caf9f1375af3",
            "image_72": "https:\/\/avatars.slack-edge.com\/2019-02-12\/549018718117_caf9f1375af3bfa9e7a6_72.jpg",
            "first_name": "Sterling",
            "real_name": "Sterling Cooley",
            "display_name": "Sterling",
            "team": "T5M5PLH8U",
            "name": "percyacct2020",
            "is_restricted": false,
            "is_ultra_restricted": false
        },
        "thread_ts": "1545930762.011000",
        "parent_user_id": "UF0SXEJ0M"
    },
    {
        "client_msg_id": "ea76436b-68f0-45c3-8d4f-d7d601932895",
        "type": "message",
        "text": "Happy to discuss this, definitely. I'm planning to have a ice40 up5k phat format, single channel, but there would be nothing against a PCI board with say a bigger ecp5 (it seems now working with the FOSS fpga toolchain). Do you have specs in mind?",
        "user": "U5M5PLH9S",
        "ts": "1546110152.015500",
        "team": "T5M5PLH8U",
        "user_team": "T5M5PLH8U",
        "source_team": "T5M5PLH8U",
        "user_profile": {
            "avatar_hash": "e4fb6ae9f526",
            "image_72": "https:\/\/avatars.slack-edge.com\/2017-06-01\/191144530514_e4fb6ae9f526531fd41c_72.jpg",
            "first_name": "",
            "real_name": "kelu",
            "display_name": "",
            "team": "T5M5PLH8U",
            "name": "kelu",
            "is_restricted": false,
            "is_ultra_restricted": false
        },
        "thread_ts": "1545930762.011000",
        "parent_user_id": "UF0SXEJ0M"
    },
    {
        "client_msg_id": "81a25c24-1564-4a12-ac29-da4118a6fe9d",
        "type": "message",
        "text": "Interesting high voltage part. Working good ? I wanted to try with a hv7360, as per an earlier design.",
        "user": "U5M5PLH9S",
        "ts": "1546110231.015700",
        "team": "T5M5PLH8U",
        "user_team": "T5M5PLH8U",
        "source_team": "T5M5PLH8U",
        "user_profile": {
            "avatar_hash": "e4fb6ae9f526",
            "image_72": "https:\/\/avatars.slack-edge.com\/2017-06-01\/191144530514_e4fb6ae9f526531fd41c_72.jpg",
            "first_name": "",
            "real_name": "kelu",
            "display_name": "",
            "team": "T5M5PLH8U",
            "name": "kelu",
            "is_restricted": false,
            "is_ultra_restricted": false
        },
        "thread_ts": "1546047976.013100",
        "parent_user_id": "UF0SXEJ0M"
    },
    {
        "type": "message",
        "text": "HV7361 19 Channel - SCH",
        "files": [
            {
                "id": "FF3PNNT0D",
                "created": 1546111714,
                "timestamp": 1546111714,
                "name": "C15067_SCH_041515.pdf",
                "title": "C15067_SCH_041515.pdf",
                "mimetype": "application\/pdf",
                "filetype": "pdf",
                "pretty_type": "PDF",
                "user": "UF0SXEJ0M",
                "editable": false,
                "size": 171116,
                "mode": "hosted",
                "is_external": false,
                "external_type": "",
                "is_public": true,
                "public_url_shared": false,
                "display_as_bot": false,
                "username": "",
                "url_private": "https:\/\/files.slack.com\/files-pri\/T5M5PLH8U-FF3PNNT0D\/c15067_sch_041515.pdf?t=xoxe-191193697300-1655641665238-1662624174259-9d4966033b52bec8bbd54ad611c52557",
                "url_private_download": "https:\/\/files.slack.com\/files-pri\/T5M5PLH8U-FF3PNNT0D\/download\/c15067_sch_041515.pdf?t=xoxe-191193697300-1655641665238-1662624174259-9d4966033b52bec8bbd54ad611c52557",
                "thumb_pdf": "https:\/\/files.slack.com\/files-tmb\/T5M5PLH8U-FF3PNNT0D-5c446202f1\/c15067_sch_041515_thumb_pdf.png?t=xoxe-191193697300-1655641665238-1662624174259-9d4966033b52bec8bbd54ad611c52557",
                "thumb_pdf_w": 1870,
                "thumb_pdf_h": 1210,
                "permalink": "https:\/\/usdevkit.slack.com\/files\/UF0SXEJ0M\/FF3PNNT0D\/c15067_sch_041515.pdf",
                "permalink_public": "https:\/\/slack-files.com\/T5M5PLH8U-FF3PNNT0D-182b3d8f0f",
                "is_starred": false,
                "has_rich_preview": false
            }
        ],
        "upload": true,
        "user": "UF0SXEJ0M",
        "display_as_bot": false,
        "ts": "1546111716.015900"
    },
    {
        "client_msg_id": "cb404881-d8b1-43d5-9dbc-b4e9b8f7c3df",
        "type": "message",
        "text": "How about this? lol :stuck_out_tongue:",
        "user": "UF0SXEJ0M",
        "ts": "1546111800.016400",
        "team": "T5M5PLH8U",
        "user_team": "T5M5PLH8U",
        "source_team": "T5M5PLH8U",
        "user_profile": {
            "avatar_hash": "caf9f1375af3",
            "image_72": "https:\/\/avatars.slack-edge.com\/2019-02-12\/549018718117_caf9f1375af3bfa9e7a6_72.jpg",
            "first_name": "Sterling",
            "real_name": "Sterling Cooley",
            "display_name": "Sterling",
            "team": "T5M5PLH8U",
            "name": "percyacct2020",
            "is_restricted": false,
            "is_ultra_restricted": false
        }
    },
    {
        "type": "message",
        "text": "HV7361 19 Channel - Board Layout Stackup",
        "files": [
            {
                "id": "FF3EP0K35",
                "created": 1546111801,
                "timestamp": 1546111801,
                "name": "C15067_PHO.pdf",
                "title": "C15067_PHO.pdf",
                "mimetype": "application\/pdf",
                "filetype": "pdf",
                "pretty_type": "PDF",
                "user": "UF0SXEJ0M",
                "editable": false,
                "size": 808421,
                "mode": "hosted",
                "is_external": false,
                "external_type": "",
                "is_public": true,
                "public_url_shared": false,
                "display_as_bot": false,
                "username": "",
                "url_private": "https:\/\/files.slack.com\/files-pri\/T5M5PLH8U-FF3EP0K35\/c15067_pho.pdf?t=xoxe-191193697300-1655641665238-1662624174259-9d4966033b52bec8bbd54ad611c52557",
                "url_private_download": "https:\/\/files.slack.com\/files-pri\/T5M5PLH8U-FF3EP0K35\/download\/c15067_pho.pdf?t=xoxe-191193697300-1655641665238-1662624174259-9d4966033b52bec8bbd54ad611c52557",
                "thumb_pdf": "https:\/\/files.slack.com\/files-tmb\/T5M5PLH8U-FF3EP0K35-e9d944c0cd\/c15067_pho_thumb_pdf.png?t=xoxe-191193697300-1655641665238-1662624174259-9d4966033b52bec8bbd54ad611c52557",
                "thumb_pdf_w": 1870,
                "thumb_pdf_h": 1210,
                "permalink": "https:\/\/usdevkit.slack.com\/files\/UF0SXEJ0M\/FF3EP0K35\/c15067_pho.pdf",
                "permalink_public": "https:\/\/slack-files.com\/T5M5PLH8U-FF3EP0K35-31898ebf43",
                "is_starred": false,
                "has_rich_preview": false
            }
        ],
        "upload": true,
        "user": "UF0SXEJ0M",
        "display_as_bot": false,
        "ts": "1546111803.016500"
    },
    {
        "client_msg_id": "6c208078-3a96-4384-9301-9afcf5d9b2b9",
        "type": "message",
        "text": "Correction it was a 288 pin",
        "user": "UF0SXEJ0M",
        "ts": "1546111889.016800",
        "team": "T5M5PLH8U",
        "user_team": "T5M5PLH8U",
        "source_team": "T5M5PLH8U",
        "user_profile": {
            "avatar_hash": "caf9f1375af3",
            "image_72": "https:\/\/avatars.slack-edge.com\/2019-02-12\/549018718117_caf9f1375af3bfa9e7a6_72.jpg",
            "first_name": "Sterling",
            "real_name": "Sterling Cooley",
            "display_name": "Sterling",
            "team": "T5M5PLH8U",
            "name": "percyacct2020",
            "is_restricted": false,
            "is_ultra_restricted": false
        },
        "thread_ts": "1546047976.013100",
        "parent_user_id": "UF0SXEJ0M"
    },
    {
        "type": "message",
        "text": "",
        "files": [
            {
                "id": "FF505SUA2",
                "created": 1546111936,
                "timestamp": 1546111936,
                "name": "C15037_PHO.pdf",
                "title": "C15037_PHO.pdf",
                "mimetype": "application\/pdf",
                "filetype": "pdf",
                "pretty_type": "PDF",
                "user": "UF0SXEJ0M",
                "editable": false,
                "size": 288249,
                "mode": "hosted",
                "is_external": false,
                "external_type": "",
                "is_public": true,
                "public_url_shared": false,
                "display_as_bot": false,
                "username": "",
                "url_private": "https:\/\/files.slack.com\/files-pri\/T5M5PLH8U-FF505SUA2\/c15037_pho.pdf?t=xoxe-191193697300-1655641665238-1662624174259-9d4966033b52bec8bbd54ad611c52557",
                "url_private_download": "https:\/\/files.slack.com\/files-pri\/T5M5PLH8U-FF505SUA2\/download\/c15037_pho.pdf?t=xoxe-191193697300-1655641665238-1662624174259-9d4966033b52bec8bbd54ad611c52557",
                "thumb_pdf": "https:\/\/files.slack.com\/files-tmb\/T5M5PLH8U-FF505SUA2-2c8035745e\/c15037_pho_thumb_pdf.png?t=xoxe-191193697300-1655641665238-1662624174259-9d4966033b52bec8bbd54ad611c52557",
                "thumb_pdf_w": 1870,
                "thumb_pdf_h": 1210,
                "permalink": "https:\/\/usdevkit.slack.com\/files\/UF0SXEJ0M\/FF505SUA2\/c15037_pho.pdf",
                "permalink_public": "https:\/\/slack-files.com\/T5M5PLH8U-FF505SUA2-23ff755aa4",
                "is_starred": false,
                "has_rich_preview": false
            }
        ],
        "upload": true,
        "user": "UF0SXEJ0M",
        "display_as_bot": false,
        "ts": "1546111938.017000",
        "thread_ts": "1546047976.013100",
        "parent_user_id": "UF0SXEJ0M"
    },
    {
        "type": "message",
        "text": "",
        "files": [
            {
                "id": "FF3PPG1L5",
                "created": 1546111941,
                "timestamp": 1546111941,
                "name": "C15037_SCH.pdf",
                "title": "C15037_SCH.pdf",
                "mimetype": "application\/pdf",
                "filetype": "pdf",
                "pretty_type": "PDF",
                "user": "UF0SXEJ0M",
                "editable": false,
                "size": 48468,
                "mode": "hosted",
                "is_external": false,
                "external_type": "",
                "is_public": true,
                "public_url_shared": false,
                "display_as_bot": false,
                "username": "",
                "url_private": "https:\/\/files.slack.com\/files-pri\/T5M5PLH8U-FF3PPG1L5\/c15037_sch.pdf?t=xoxe-191193697300-1655641665238-1662624174259-9d4966033b52bec8bbd54ad611c52557",
                "url_private_download": "https:\/\/files.slack.com\/files-pri\/T5M5PLH8U-FF3PPG1L5\/download\/c15037_sch.pdf?t=xoxe-191193697300-1655641665238-1662624174259-9d4966033b52bec8bbd54ad611c52557",
                "thumb_pdf": "https:\/\/files.slack.com\/files-tmb\/T5M5PLH8U-FF3PPG1L5-648aa9cc71\/c15037_sch_thumb_pdf.png?t=xoxe-191193697300-1655641665238-1662624174259-9d4966033b52bec8bbd54ad611c52557",
                "thumb_pdf_w": 1870,
                "thumb_pdf_h": 1210,
                "permalink": "https:\/\/usdevkit.slack.com\/files\/UF0SXEJ0M\/FF3PPG1L5\/c15037_sch.pdf",
                "permalink_public": "https:\/\/slack-files.com\/T5M5PLH8U-FF3PPG1L5-ba8e23d685",
                "is_starred": false,
                "has_rich_preview": false
            }
        ],
        "upload": true,
        "user": "UF0SXEJ0M",
        "display_as_bot": false,
        "ts": "1546111943.017400",
        "thread_ts": "1546047976.013100",
        "parent_user_id": "UF0SXEJ0M"
    },
    {
        "client_msg_id": "8c7e2e50-5a3f-478f-ac5d-d12b114495c5",
        "type": "message",
        "text": "Hehe just how many have you done ? ;) all under an arduino uno footprint ? Btw, why not using a raspberry directly, or even putting an atmega238 directly onboard?",
        "user": "U5M5PLH9S",
        "ts": "1546112008.019500",
        "team": "T5M5PLH8U",
        "user_team": "T5M5PLH8U",
        "source_team": "T5M5PLH8U",
        "user_profile": {
            "avatar_hash": "e4fb6ae9f526",
            "image_72": "https:\/\/avatars.slack-edge.com\/2017-06-01\/191144530514_e4fb6ae9f526531fd41c_72.jpg",
            "first_name": "",
            "real_name": "kelu",
            "display_name": "",
            "team": "T5M5PLH8U",
            "name": "kelu",
            "is_restricted": false,
            "is_ultra_restricted": false
        }
    },
    {
        "client_msg_id": "e2f40da5-105f-4798-80e2-ac4d020afdfb",
        "type": "message",
        "text": "The HV part was a part from Supertex",
        "user": "UF0SXEJ0M",
        "ts": "1546112030.019600",
        "team": "T5M5PLH8U",
        "user_team": "T5M5PLH8U",
        "source_team": "T5M5PLH8U",
        "user_profile": {
            "avatar_hash": "caf9f1375af3",
            "image_72": "https:\/\/avatars.slack-edge.com\/2019-02-12\/549018718117_caf9f1375af3bfa9e7a6_72.jpg",
            "first_name": "Sterling",
            "real_name": "Sterling Cooley",
            "display_name": "Sterling",
            "team": "T5M5PLH8U",
            "name": "percyacct2020",
            "is_restricted": false,
            "is_ultra_restricted": false
        },
        "thread_ts": "1546047976.013100",
        "parent_user_id": "UF0SXEJ0M"
    },
    {
        "client_msg_id": "aae69f72-6ce4-47c4-8c19-442411f2e9ce",
        "type": "message",
        "text": "<http:\/\/ww1.microchip.com\/downloads\/en\/AppNotes\/AN-H59.pdf>",
        "user": "UF0SXEJ0M",
        "ts": "1546112031.019800",
        "team": "T5M5PLH8U",
        "user_team": "T5M5PLH8U",
        "source_team": "T5M5PLH8U",
        "user_profile": {
            "avatar_hash": "caf9f1375af3",
            "image_72": "https:\/\/avatars.slack-edge.com\/2019-02-12\/549018718117_caf9f1375af3bfa9e7a6_72.jpg",
            "first_name": "Sterling",
            "real_name": "Sterling Cooley",
            "display_name": "Sterling",
            "team": "T5M5PLH8U",
            "name": "percyacct2020",
            "is_restricted": false,
            "is_ultra_restricted": false
        },
        "thread_ts": "1546047976.013100",
        "parent_user_id": "UF0SXEJ0M"
    },
    {
        "client_msg_id": "00d8b340-c2e2-43ee-acef-7a7c27ea8669",
        "type": "message",
        "text": "I have made a lot :smile:",
        "user": "UF0SXEJ0M",
        "ts": "1546112045.020200",
        "team": "T5M5PLH8U",
        "user_team": "T5M5PLH8U",
        "source_team": "T5M5PLH8U",
        "user_profile": {
            "avatar_hash": "caf9f1375af3",
            "image_72": "https:\/\/avatars.slack-edge.com\/2019-02-12\/549018718117_caf9f1375af3bfa9e7a6_72.jpg",
            "first_name": "Sterling",
            "real_name": "Sterling Cooley",
            "display_name": "Sterling",
            "team": "T5M5PLH8U",
            "name": "percyacct2020",
            "is_restricted": false,
            "is_ultra_restricted": false
        }
    },
    {
        "client_msg_id": "f94f7f5e-c8aa-4c5d-8ffe-c31c3961baf2",
        "type": "message",
        "text": "7 years worth basically",
        "user": "UF0SXEJ0M",
        "ts": "1546112053.020500",
        "team": "T5M5PLH8U",
        "user_team": "T5M5PLH8U",
        "source_team": "T5M5PLH8U",
        "user_profile": {
            "avatar_hash": "caf9f1375af3",
            "image_72": "https:\/\/avatars.slack-edge.com\/2019-02-12\/549018718117_caf9f1375af3bfa9e7a6_72.jpg",
            "first_name": "Sterling",
            "real_name": "Sterling Cooley",
            "display_name": "Sterling",
            "team": "T5M5PLH8U",
            "name": "percyacct2020",
            "is_restricted": false,
            "is_ultra_restricted": false
        },
        "reactions": [
            {
                "name": "+1",
                "users": [
                    "U5M5PLH9S"
                ],
                "count": 1
            }
        ]
    },
    {
        "client_msg_id": "6bbbdbf4-b497-456b-9b06-b6e431e0bb12",
        "type": "message",
        "text": "And I want to make another one in 2019, that really will be the icing on the cake, now that I have a much better understanding of how these things are used, and what the needs are in the market.",
        "user": "UF0SXEJ0M",
        "ts": "1546112114.021500",
        "team": "T5M5PLH8U",
        "user_team": "T5M5PLH8U",
        "source_team": "T5M5PLH8U",
        "user_profile": {
            "avatar_hash": "caf9f1375af3",
            "image_72": "https:\/\/avatars.slack-edge.com\/2019-02-12\/549018718117_caf9f1375af3bfa9e7a6_72.jpg",
            "first_name": "Sterling",
            "real_name": "Sterling Cooley",
            "display_name": "Sterling",
            "team": "T5M5PLH8U",
            "name": "percyacct2020",
            "is_restricted": false,
            "is_ultra_restricted": false
        },
        "reactions": [
            {
                "name": "smirk",
                "users": [
                    "U5M5PLH9S"
                ],
                "count": 1
            }
        ]
    },
    {
        "client_msg_id": "b9abd0a8-2b21-414b-adff-735a5ee62930",
        "type": "message",
        "text": "No, this was the last one I used the Arduino Uno on",
        "user": "UF0SXEJ0M",
        "ts": "1546112156.021900",
        "team": "T5M5PLH8U",
        "user_team": "T5M5PLH8U",
        "source_team": "T5M5PLH8U",
        "user_profile": {
            "avatar_hash": "caf9f1375af3",
            "image_72": "https:\/\/avatars.slack-edge.com\/2019-02-12\/549018718117_caf9f1375af3bfa9e7a6_72.jpg",
            "first_name": "Sterling",
            "real_name": "Sterling Cooley",
            "display_name": "Sterling",
            "team": "T5M5PLH8U",
            "name": "percyacct2020",
            "is_restricted": false,
            "is_ultra_restricted": false
        }
    },
    {
        "client_msg_id": "2d87d128-f56b-4f77-bea0-ba4700870a19",
        "type": "message",
        "text": "These weren't doing complex beamforming, they are used for very precise research on the brain",
        "user": "UF0SXEJ0M",
        "ts": "1546112192.022500",
        "team": "T5M5PLH8U",
        "user_team": "T5M5PLH8U",
        "source_team": "T5M5PLH8U",
        "user_profile": {
            "avatar_hash": "caf9f1375af3",
            "image_72": "https:\/\/avatars.slack-edge.com\/2019-02-12\/549018718117_caf9f1375af3bfa9e7a6_72.jpg",
            "first_name": "Sterling",
            "real_name": "Sterling Cooley",
            "display_name": "Sterling",
            "team": "T5M5PLH8U",
            "name": "percyacct2020",
            "is_restricted": false,
            "is_ultra_restricted": false
        }
    },
    {
        "client_msg_id": "c4a0262a-3de1-4300-b77b-df70cb0c5a11",
        "type": "message",
        "text": "Basically they are biomedical in nature",
        "user": "UF0SXEJ0M",
        "ts": "1546112208.022800",
        "team": "T5M5PLH8U",
        "user_team": "T5M5PLH8U",
        "source_team": "T5M5PLH8U",
        "user_profile": {
            "avatar_hash": "caf9f1375af3",
            "image_72": "https:\/\/avatars.slack-edge.com\/2019-02-12\/549018718117_caf9f1375af3bfa9e7a6_72.jpg",
            "first_name": "Sterling",
            "real_name": "Sterling Cooley",
            "display_name": "Sterling",
            "team": "T5M5PLH8U",
            "name": "percyacct2020",
            "is_restricted": false,
            "is_ultra_restricted": false
        }
    },
    {
        "client_msg_id": "fc77ac4e-b74e-45db-893a-86bf164b0f8e",
        "type": "message",
        "text": "But I like the work you've done, and have been preparing to do a new board, and would be happy to fund the manufacturing of a new development platform, if it could help both of us (which I really think it could) and be shared similarly to what you've been doing, I'm game for that",
        "user": "UF0SXEJ0M",
        "ts": "1546112308.024400",
        "team": "T5M5PLH8U",
        "user_team": "T5M5PLH8U",
        "source_team": "T5M5PLH8U",
        "user_profile": {
            "avatar_hash": "caf9f1375af3",
            "image_72": "https:\/\/avatars.slack-edge.com\/2019-02-12\/549018718117_caf9f1375af3bfa9e7a6_72.jpg",
            "first_name": "Sterling",
            "real_name": "Sterling Cooley",
            "display_name": "Sterling",
            "team": "T5M5PLH8U",
            "name": "percyacct2020",
            "is_restricted": false,
            "is_ultra_restricted": false
        },
        "reactions": [
            {
                "name": "sweat_smile",
                "users": [
                    "U5M5PLH9S"
                ],
                "count": 1
            },
            {
                "name": "stuck_out_tongue",
                "users": [
                    "U5M5PLH9S"
                ],
                "count": 1
            }
        ]
    },
    {
        "client_msg_id": "3226b79b-ff04-48be-bd39-f8a84b72806c",
        "type": "message",
        "text": "I mean essentially using my network in China to have a run of 3-5 boards manufactured and populated, that could have Lattice + HV7361 chips",
        "user": "UF0SXEJ0M",
        "ts": "1546112361.025300",
        "team": "T5M5PLH8U",
        "user_team": "T5M5PLH8U",
        "source_team": "T5M5PLH8U",
        "user_profile": {
            "avatar_hash": "caf9f1375af3",
            "image_72": "https:\/\/avatars.slack-edge.com\/2019-02-12\/549018718117_caf9f1375af3bfa9e7a6_72.jpg",
            "first_name": "Sterling",
            "real_name": "Sterling Cooley",
            "display_name": "Sterling",
            "team": "T5M5PLH8U",
            "name": "percyacct2020",
            "is_restricted": false,
            "is_ultra_restricted": false
        }
    },
    {
        "client_msg_id": "386fcf51-8c4f-4aa0-8fa4-d71782d891da",
        "type": "message",
        "text": "For me, I'm looking for 8 channels of TX, and one channel of RX, so I can perform a doppler type of measurement through tissue, not all of the channels need to be both RX and TX",
        "user": "UF0SXEJ0M",
        "ts": "1546112416.026300",
        "team": "T5M5PLH8U",
        "user_team": "T5M5PLH8U",
        "source_team": "T5M5PLH8U",
        "user_profile": {
            "avatar_hash": "caf9f1375af3",
            "image_72": "https:\/\/avatars.slack-edge.com\/2019-02-12\/549018718117_caf9f1375af3bfa9e7a6_72.jpg",
            "first_name": "Sterling",
            "real_name": "Sterling Cooley",
            "display_name": "Sterling",
            "team": "T5M5PLH8U",
            "name": "percyacct2020",
            "is_restricted": false,
            "is_ultra_restricted": false
        }
    },
    {
        "client_msg_id": "4f4300c9-32f6-4320-96d4-6dc5264968ff",
        "type": "message",
        "text": "Here's a rough sketch of what I saw this morning:",
        "user": "UF0SXEJ0M",
        "ts": "1546112484.026800",
        "team": "T5M5PLH8U",
        "user_team": "T5M5PLH8U",
        "source_team": "T5M5PLH8U",
        "user_profile": {
            "avatar_hash": "caf9f1375af3",
            "image_72": "https:\/\/avatars.slack-edge.com\/2019-02-12\/549018718117_caf9f1375af3bfa9e7a6_72.jpg",
            "first_name": "Sterling",
            "real_name": "Sterling Cooley",
            "display_name": "Sterling",
            "team": "T5M5PLH8U",
            "name": "percyacct2020",
            "is_restricted": false,
            "is_ultra_restricted": false
        }
    },
    {
        "type": "message",
        "text": "",
        "files": [
            {
                "id": "FF302ESTB",
                "created": 1546112490,
                "timestamp": 1546112490,
                "name": "IMG_6832.jpg",
                "title": "IMG_6832.jpg",
                "mimetype": "image\/jpeg",
                "filetype": "jpg",
                "pretty_type": "JPEG",
                "user": "UF0SXEJ0M",
                "editable": false,
                "size": 2256732,
                "mode": "hosted",
                "is_external": false,
                "external_type": "",
                "is_public": true,
                "public_url_shared": false,
                "display_as_bot": false,
                "username": "",
                "url_private": "https:\/\/files.slack.com\/files-pri\/T5M5PLH8U-FF302ESTB\/img_6832.jpg?t=xoxe-191193697300-1655641665238-1662624174259-9d4966033b52bec8bbd54ad611c52557",
                "url_private_download": "https:\/\/files.slack.com\/files-pri\/T5M5PLH8U-FF302ESTB\/download\/img_6832.jpg?t=xoxe-191193697300-1655641665238-1662624174259-9d4966033b52bec8bbd54ad611c52557",
                "thumb_64": "https:\/\/files.slack.com\/files-tmb\/T5M5PLH8U-FF302ESTB-fae61c08c9\/img_6832_64.jpg?t=xoxe-191193697300-1655641665238-1662624174259-9d4966033b52bec8bbd54ad611c52557",
                "thumb_80": "https:\/\/files.slack.com\/files-tmb\/T5M5PLH8U-FF302ESTB-fae61c08c9\/img_6832_80.jpg?t=xoxe-191193697300-1655641665238-1662624174259-9d4966033b52bec8bbd54ad611c52557",
                "thumb_360": "https:\/\/files.slack.com\/files-tmb\/T5M5PLH8U-FF302ESTB-fae61c08c9\/img_6832_360.jpg?t=xoxe-191193697300-1655641665238-1662624174259-9d4966033b52bec8bbd54ad611c52557",
                "thumb_360_w": 360,
                "thumb_360_h": 270,
                "thumb_480": "https:\/\/files.slack.com\/files-tmb\/T5M5PLH8U-FF302ESTB-fae61c08c9\/img_6832_480.jpg?t=xoxe-191193697300-1655641665238-1662624174259-9d4966033b52bec8bbd54ad611c52557",
                "thumb_480_w": 480,
                "thumb_480_h": 360,
                "thumb_160": "https:\/\/files.slack.com\/files-tmb\/T5M5PLH8U-FF302ESTB-fae61c08c9\/img_6832_160.jpg?t=xoxe-191193697300-1655641665238-1662624174259-9d4966033b52bec8bbd54ad611c52557",
                "thumb_720": "https:\/\/files.slack.com\/files-tmb\/T5M5PLH8U-FF302ESTB-fae61c08c9\/img_6832_720.jpg?t=xoxe-191193697300-1655641665238-1662624174259-9d4966033b52bec8bbd54ad611c52557",
                "thumb_720_w": 720,
                "thumb_720_h": 540,
                "thumb_800": "https:\/\/files.slack.com\/files-tmb\/T5M5PLH8U-FF302ESTB-fae61c08c9\/img_6832_800.jpg?t=xoxe-191193697300-1655641665238-1662624174259-9d4966033b52bec8bbd54ad611c52557",
                "thumb_800_w": 800,
                "thumb_800_h": 600,
                "thumb_960": "https:\/\/files.slack.com\/files-tmb\/T5M5PLH8U-FF302ESTB-fae61c08c9\/img_6832_960.jpg?t=xoxe-191193697300-1655641665238-1662624174259-9d4966033b52bec8bbd54ad611c52557",
                "thumb_960_w": 960,
                "thumb_960_h": 720,
                "thumb_1024": "https:\/\/files.slack.com\/files-tmb\/T5M5PLH8U-FF302ESTB-fae61c08c9\/img_6832_1024.jpg?t=xoxe-191193697300-1655641665238-1662624174259-9d4966033b52bec8bbd54ad611c52557",
                "thumb_1024_w": 1024,
                "thumb_1024_h": 768,
                "image_exif_rotation": 1,
                "original_w": 4032,
                "original_h": 3024,
                "permalink": "https:\/\/usdevkit.slack.com\/files\/UF0SXEJ0M\/FF302ESTB\/img_6832.jpg",
                "permalink_public": "https:\/\/slack-files.com\/T5M5PLH8U-FF302ESTB-3fe6fae394",
                "is_starred": false,
                "has_rich_preview": false
            }
        ],
        "upload": true,
        "user": "UF0SXEJ0M",
        "display_as_bot": false,
        "ts": "1546112496.026900",
        "thread_ts": "1546112496.026900",
        "reply_count": 13,
        "reply_users_count": 2,
        "latest_reply": "1546736431.057900",
        "reply_users": [
            "U5M5PLH9S",
            "UF0SXEJ0M"
        ],
        "replies": [
            {
                "user": "U5M5PLH9S",
                "ts": "1546463440.053800"
            },
            {
                "user": "UF0SXEJ0M",
                "ts": "1546491204.054000"
            },
            {
                "user": "UF0SXEJ0M",
                "ts": "1546491340.054200"
            },
            {
                "user": "UF0SXEJ0M",
                "ts": "1546491449.054500"
            },
            {
                "user": "U5M5PLH9S",
                "ts": "1546510522.054700"
            },
            {
                "user": "U5M5PLH9S",
                "ts": "1546510534.054900"
            },
            {
                "user": "U5M5PLH9S",
                "ts": "1546510616.055100"
            },
            {
                "user": "UF0SXEJ0M",
                "ts": "1546735995.056900"
            },
            {
                "user": "UF0SXEJ0M",
                "ts": "1546736037.057100"
            },
            {
                "user": "UF0SXEJ0M",
                "ts": "1546736149.057300"
            },
            {
                "user": "UF0SXEJ0M",
                "ts": "1546736300.057500"
            },
            {
                "user": "UF0SXEJ0M",
                "ts": "1546736408.057700"
            },
            {
                "user": "UF0SXEJ0M",
                "ts": "1546736431.057900"
            }
        ],
        "subscribed": true,
        "last_read": "1546761014.000000"
    },
    {
        "client_msg_id": "6e988d4f-fd78-4e92-a1a5-152f2a0c5b4e",
        "type": "message",
        "text": "I really want something clean, because I've done the whole, work desk covered with electronics thing, but wouldn't it be so nice to have this all contained inside of a Desktop environment? that would be a dream come true for me, probably for you, and even for people wanting to buy one",
        "user": "UF0SXEJ0M",
        "ts": "1546112557.028300",
        "team": "T5M5PLH8U",
        "user_team": "T5M5PLH8U",
        "source_team": "T5M5PLH8U",
        "user_profile": {
            "avatar_hash": "caf9f1375af3",
            "image_72": "https:\/\/avatars.slack-edge.com\/2019-02-12\/549018718117_caf9f1375af3bfa9e7a6_72.jpg",
            "first_name": "Sterling",
            "real_name": "Sterling Cooley",
            "display_name": "Sterling",
            "team": "T5M5PLH8U",
            "name": "percyacct2020",
            "is_restricted": false,
            "is_ultra_restricted": false
        },
        "thread_ts": "1546112557.028300",
        "reply_count": 6,
        "reply_users_count": 2,
        "latest_reply": "1546124517.035600",
        "reply_users": [
            "U5M5PLH9S",
            "UF0SXEJ0M"
        ],
        "replies": [
            {
                "user": "U5M5PLH9S",
                "ts": "1546114842.028800"
            },
            {
                "user": "UF0SXEJ0M",
                "ts": "1546115503.029500"
            },
            {
                "user": "UF0SXEJ0M",
                "ts": "1546119113.029700"
            },
            {
                "user": "U5M5PLH9S",
                "ts": "1546119531.029900"
            },
            {
                "user": "UF0SXEJ0M",
                "ts": "1546124475.035400"
            },
            {
                "user": "UF0SXEJ0M",
                "ts": "1546124517.035600"
            }
        ],
        "subscribed": true,
        "last_read": "1546208920.000064",
        "reactions": [
            {
                "name": "smiley",
                "users": [
                    "U5M5PLH9S"
                ],
                "count": 1
            },
            {
                "name": "+1",
                "users": [
                    "U5M5PLH9S"
                ],
                "count": 1
            }
        ]
    },
    {
        "client_msg_id": "4de915d9-7714-4390-b4fd-d8fd54e1e630",
        "type": "message",
        "text": "Agree. I have something a bit close to this, a 8channels tx rx to try basics of beamforming. Quite close as a design. Actually, the un0rick board was born because a motherboard with daughter cards and wires got a bit messy.. a single board is I believe the way to go.",
        "user": "U5M5PLH9S",
        "ts": "1546114842.028800",
        "team": "T5M5PLH8U",
        "user_team": "T5M5PLH8U",
        "source_team": "T5M5PLH8U",
        "user_profile": {
            "avatar_hash": "e4fb6ae9f526",
            "image_72": "https:\/\/avatars.slack-edge.com\/2017-06-01\/191144530514_e4fb6ae9f526531fd41c_72.jpg",
            "first_name": "",
            "real_name": "kelu",
            "display_name": "",
            "team": "T5M5PLH8U",
            "name": "kelu",
            "is_restricted": false,
            "is_ultra_restricted": false
        },
        "thread_ts": "1546112557.028300",
        "parent_user_id": "UF0SXEJ0M"
    },
    {
        "client_msg_id": "e6f300e1-0af7-4af7-90cb-98c3224e9b0a",
        "type": "message",
        "text": "<https:\/\/www.reddit.com\/r\/FPGA\/comments\/aaookf\/ecp55g_versa_development_kit_has_anyone\/>",
        "user": "UF0SXEJ0M",
        "ts": "1546115436.029300",
        "team": "T5M5PLH8U",
        "user_team": "T5M5PLH8U",
        "source_team": "T5M5PLH8U",
        "user_profile": {
            "avatar_hash": "caf9f1375af3",
            "image_72": "https:\/\/avatars.slack-edge.com\/2019-02-12\/549018718117_caf9f1375af3bfa9e7a6_72.jpg",
            "first_name": "Sterling",
            "real_name": "Sterling Cooley",
            "display_name": "Sterling",
            "team": "T5M5PLH8U",
            "name": "percyacct2020",
            "is_restricted": false,
            "is_ultra_restricted": false
        },
        "attachments": [
            {
                "service_name": "reddit",
                "title": "r\/FPGA - ECP5-5G Versa Development Kit - Has Anyone Successfully Implemented SERDES to a Desktop Application?",
                "title_link": "https:\/\/www.reddit.com\/r\/FPGA\/comments\/aaookf\/ecp55g_versa_development_kit_has_anyone\/",
                "text": "1 vote and 0 comments so far on Reddit",
                "fallback": "reddit: r\/FPGA - ECP5-5G Versa Development Kit - Has Anyone Successfully Implemented SERDES to a Desktop Application?",
                "from_url": "https:\/\/www.reddit.com\/r\/FPGA\/comments\/aaookf\/ecp55g_versa_development_kit_has_anyone\/",
                "service_icon": "https:\/\/www.redditstatic.com\/desktop2x\/img\/favicon\/apple-icon-57x57.png",
                "id": 1,
                "original_url": "https:\/\/www.reddit.com\/r\/FPGA\/comments\/aaookf\/ecp55g_versa_development_kit_has_anyone\/"
            }
        ]
    },
    {
        "client_msg_id": "7b5fcc07-db42-4ba5-9098-95cd3f62d2ea",
        "type": "message",
        "text": "Hell yeah, I have definitely enjoyed making these things. And a single board sounds like a good idea.\n\nI do think some modularity could be nice in the power supply department",
        "user": "UF0SXEJ0M",
        "ts": "1546115503.029500",
        "team": "T5M5PLH8U",
        "user_team": "T5M5PLH8U",
        "source_team": "T5M5PLH8U",
        "user_profile": {
            "avatar_hash": "caf9f1375af3",
            "image_72": "https:\/\/avatars.slack-edge.com\/2019-02-12\/549018718117_caf9f1375af3bfa9e7a6_72.jpg",
            "first_name": "Sterling",
            "real_name": "Sterling Cooley",
            "display_name": "Sterling",
            "team": "T5M5PLH8U",
            "name": "percyacct2020",
            "is_restricted": false,
            "is_ultra_restricted": false
        },
        "thread_ts": "1546112557.028300",
        "parent_user_id": "UF0SXEJ0M"
    },
    {
        "client_msg_id": "a11dfe15-d3ec-49f8-9c5d-8bab2c6bf422",
        "type": "message",
        "text": "Much like a PCB with the buck-boost circuity, that can be soldered on the the main board. I have a reference design from TI in Altium that would allow for (+ -) 100V at 25W(?), which also has floating regulators",
        "user": "UF0SXEJ0M",
        "ts": "1546119113.029700",
        "team": "T5M5PLH8U",
        "user_team": "T5M5PLH8U",
        "source_team": "T5M5PLH8U",
        "user_profile": {
            "avatar_hash": "caf9f1375af3",
            "image_72": "https:\/\/avatars.slack-edge.com\/2019-02-12\/549018718117_caf9f1375af3bfa9e7a6_72.jpg",
            "first_name": "Sterling",
            "real_name": "Sterling Cooley",
            "display_name": "Sterling",
            "team": "T5M5PLH8U",
            "name": "percyacct2020",
            "is_restricted": false,
            "is_ultra_restricted": false
        },
        "thread_ts": "1546112557.028300",
        "parent_user_id": "UF0SXEJ0M"
    },
    {
        "client_msg_id": "0320fb06-8acb-4e3c-8e40-9f02002e62a8",
        "type": "message",
        "text": "Yup, the only thing to keep modular for me would be the hv part. Partly keeping this on a separate board would be good for noise, also to work on the supply separately too, that's kind of a challenge in itself.",
        "user": "U5M5PLH9S",
        "ts": "1546119531.029900",
        "team": "T5M5PLH8U",
        "user_team": "T5M5PLH8U",
        "source_team": "T5M5PLH8U",
        "user_profile": {
            "avatar_hash": "e4fb6ae9f526",
            "image_72": "https:\/\/avatars.slack-edge.com\/2017-06-01\/191144530514_e4fb6ae9f526531fd41c_72.jpg",
            "first_name": "",
            "real_name": "kelu",
            "display_name": "",
            "team": "T5M5PLH8U",
            "name": "kelu",
            "is_restricted": false,
            "is_ultra_restricted": false
        },
        "thread_ts": "1546112557.028300",
        "parent_user_id": "UF0SXEJ0M"
    },
    {
        "client_msg_id": "cb82827f-d2ea-4795-b1e6-2af0a62190f8",
        "type": "message",
        "text": "Indeed, you may want to keep an eye on the FOSS fpga movement, there was a call for serdes applications on Twitter recently. Would be exciting. A bit more constraints on the design though.",
        "user": "U5M5PLH9S",
        "ts": "1546119626.032000",
        "team": "T5M5PLH8U",
        "user_team": "T5M5PLH8U",
        "source_team": "T5M5PLH8U",
        "user_profile": {
            "avatar_hash": "e4fb6ae9f526",
            "image_72": "https:\/\/avatars.slack-edge.com\/2017-06-01\/191144530514_e4fb6ae9f526531fd41c_72.jpg",
            "first_name": "",
            "real_name": "kelu",
            "display_name": "",
            "team": "T5M5PLH8U",
            "name": "kelu",
            "is_restricted": false,
            "is_ultra_restricted": false
        }
    },
    {
        "client_msg_id": "818b250f-500b-413b-8465-13ec4dbde2ea",
        "type": "message",
        "text": "Doesn't Lattice have IP for that over PCI-E?",
        "user": "UF0SXEJ0M",
        "ts": "1546123026.032500",
        "team": "T5M5PLH8U",
        "user_team": "T5M5PLH8U",
        "source_team": "T5M5PLH8U",
        "user_profile": {
            "avatar_hash": "caf9f1375af3",
            "image_72": "https:\/\/avatars.slack-edge.com\/2019-02-12\/549018718117_caf9f1375af3bfa9e7a6_72.jpg",
            "first_name": "Sterling",
            "real_name": "Sterling Cooley",
            "display_name": "Sterling",
            "team": "T5M5PLH8U",
            "name": "percyacct2020",
            "is_restricted": false,
            "is_ultra_restricted": false
        }
    },
    {
        "client_msg_id": "ef69e9fb-8b54-4f41-beae-a939f589e723",
        "type": "message",
        "text": "Honestly, PCI-E SERDES is probably not key for any of this stuff to work",
        "user": "UF0SXEJ0M",
        "ts": "1546123051.033100",
        "team": "T5M5PLH8U",
        "user_team": "T5M5PLH8U",
        "source_team": "T5M5PLH8U",
        "user_profile": {
            "avatar_hash": "caf9f1375af3",
            "image_72": "https:\/\/avatars.slack-edge.com\/2019-02-12\/549018718117_caf9f1375af3bfa9e7a6_72.jpg",
            "first_name": "Sterling",
            "real_name": "Sterling Cooley",
            "display_name": "Sterling",
            "team": "T5M5PLH8U",
            "name": "percyacct2020",
            "is_restricted": false,
            "is_ultra_restricted": false
        }
    },
    {
        "client_msg_id": "c5969cb8-360a-4e8b-8669-274538183615",
        "type": "message",
        "text": "But yeah, do you want to co-develop with the HV7361? I could do a modular board for that, and also keep the power modules separate, I have a great reference design for that type of power already.",
        "user": "UF0SXEJ0M",
        "ts": "1546123111.034200",
        "team": "T5M5PLH8U",
        "user_team": "T5M5PLH8U",
        "source_team": "T5M5PLH8U",
        "user_profile": {
            "avatar_hash": "caf9f1375af3",
            "image_72": "https:\/\/avatars.slack-edge.com\/2019-02-12\/549018718117_caf9f1375af3bfa9e7a6_72.jpg",
            "first_name": "Sterling",
            "real_name": "Sterling Cooley",
            "display_name": "Sterling",
            "team": "T5M5PLH8U",
            "name": "percyacct2020",
            "is_restricted": false,
            "is_ultra_restricted": false
        },
        "thread_ts": "1546123111.034200",
        "reply_count": 1,
        "reply_users_count": 1,
        "latest_reply": "1546193136.039800",
        "reply_users": [
            "U5M5PLH9S"
        ],
        "replies": [
            {
                "user": "U5M5PLH9S",
                "ts": "1546193136.039800"
            }
        ],
        "subscribed": true,
        "last_read": "1546193136.039800",
        "reactions": [
            {
                "name": "+1",
                "users": [
                    "U5M5PLH9S"
                ],
                "count": 1
            }
        ]
    },
    {
        "client_msg_id": "f415cddb-9ad8-45b4-81be-cac4d57c99e5",
        "type": "message",
        "text": "<https:\/\/numato.com\/product\/nereid-kintex-7-pci-express-fpga-development-board>",
        "user": "UF0SXEJ0M",
        "ts": "1546124017.034400",
        "team": "T5M5PLH8U",
        "user_team": "T5M5PLH8U",
        "source_team": "T5M5PLH8U",
        "user_profile": {
            "avatar_hash": "caf9f1375af3",
            "image_72": "https:\/\/avatars.slack-edge.com\/2019-02-12\/549018718117_caf9f1375af3bfa9e7a6_72.jpg",
            "first_name": "Sterling",
            "real_name": "Sterling Cooley",
            "display_name": "Sterling",
            "team": "T5M5PLH8U",
            "name": "percyacct2020",
            "is_restricted": false,
            "is_ultra_restricted": false
        },
        "edited": {
            "user": "UF0SXEJ0M",
            "ts": "1547322783.000000"
        }
    },
    {
        "client_msg_id": "669e6596-ac31-480a-8d8c-cca70ac43242",
        "type": "message",
        "text": "That looks interesting, notice it has a spot especially made for another board",
        "user": "UF0SXEJ0M",
        "ts": "1546124038.034900",
        "team": "T5M5PLH8U",
        "user_team": "T5M5PLH8U",
        "source_team": "T5M5PLH8U",
        "user_profile": {
            "avatar_hash": "caf9f1375af3",
            "image_72": "https:\/\/avatars.slack-edge.com\/2019-02-12\/549018718117_caf9f1375af3bfa9e7a6_72.jpg",
            "first_name": "Sterling",
            "real_name": "Sterling Cooley",
            "display_name": "Sterling",
            "team": "T5M5PLH8U",
            "name": "percyacct2020",
            "is_restricted": false,
            "is_ultra_restricted": false
        }
    },
    {
        "client_msg_id": "8587c220-240c-42c0-a799-9619a246f7d9",
        "type": "message",
        "text": "A design like this could be neat",
        "user": "UF0SXEJ0M",
        "ts": "1546124056.035300",
        "team": "T5M5PLH8U",
        "user_team": "T5M5PLH8U",
        "source_team": "T5M5PLH8U",
        "user_profile": {
            "avatar_hash": "caf9f1375af3",
            "image_72": "https:\/\/avatars.slack-edge.com\/2019-02-12\/549018718117_caf9f1375af3bfa9e7a6_72.jpg",
            "first_name": "Sterling",
            "real_name": "Sterling Cooley",
            "display_name": "Sterling",
            "team": "T5M5PLH8U",
            "name": "percyacct2020",
            "is_restricted": false,
            "is_ultra_restricted": false
        }
    },
    {
        "client_msg_id": "b9838ac5-5934-443e-b152-720664fdd343",
        "type": "message",
        "text": "The thing with the HV7360\/1 is the pads are notriously iffy in my experience",
        "user": "UF0SXEJ0M",
        "ts": "1546124475.035400",
        "team": "T5M5PLH8U",
        "user_team": "T5M5PLH8U",
        "source_team": "T5M5PLH8U",
        "user_profile": {
            "avatar_hash": "caf9f1375af3",
            "image_72": "https:\/\/avatars.slack-edge.com\/2019-02-12\/549018718117_caf9f1375af3bfa9e7a6_72.jpg",
            "first_name": "Sterling",
            "real_name": "Sterling Cooley",
            "display_name": "Sterling",
            "team": "T5M5PLH8U",
            "name": "percyacct2020",
            "is_restricted": false,
            "is_ultra_restricted": false
        },
        "thread_ts": "1546112557.028300",
        "parent_user_id": "UF0SXEJ0M"
    },
    {
        "client_msg_id": "84e9544d-f8b0-4919-9132-7255328f06f1",
        "type": "message",
        "text": "I would almost consider paying to have the \"Re-Balled\" if they haven't already started doing that, I had so many issues with those chips, so yeah modularity on HV part is a must",
        "user": "UF0SXEJ0M",
        "ts": "1546124517.035600",
        "team": "T5M5PLH8U",
        "user_team": "T5M5PLH8U",
        "source_team": "T5M5PLH8U",
        "user_profile": {
            "avatar_hash": "caf9f1375af3",
            "image_72": "https:\/\/avatars.slack-edge.com\/2019-02-12\/549018718117_caf9f1375af3bfa9e7a6_72.jpg",
            "first_name": "Sterling",
            "real_name": "Sterling Cooley",
            "display_name": "Sterling",
            "team": "T5M5PLH8U",
            "name": "percyacct2020",
            "is_restricted": false,
            "is_ultra_restricted": false
        },
        "thread_ts": "1546112557.028300",
        "parent_user_id": "UF0SXEJ0M"
    },
    {
        "client_msg_id": "ef9a7b2c-3559-41fb-92b2-1dfa71215d23",
        "type": "message",
        "text": "<https:\/\/www.abaco.com\/products\/fpga-mezzanine-cards-fmc>",
        "user": "UF0SXEJ0M",
        "ts": "1546126361.035900",
        "team": "T5M5PLH8U",
        "user_team": "T5M5PLH8U",
        "source_team": "T5M5PLH8U",
        "user_profile": {
            "avatar_hash": "caf9f1375af3",
            "image_72": "https:\/\/avatars.slack-edge.com\/2019-02-12\/549018718117_caf9f1375af3bfa9e7a6_72.jpg",
            "first_name": "Sterling",
            "real_name": "Sterling Cooley",
            "display_name": "Sterling",
            "team": "T5M5PLH8U",
            "name": "percyacct2020",
            "is_restricted": false,
            "is_ultra_restricted": false
        },
        "attachments": [
            {
                "service_name": "Abaco Systems",
                "title": "FPGA Mezzanine Cards (FMC)",
                "title_link": "https:\/\/www.abaco.com\/products\/fpga-mezzanine-cards-fmc",
                "text": "FMCs bring modularity to high performance I\/O - whether you need high bandwidth ADCs and DACs Gigabit Ethernet, or clock and trigger distribution.",
                "fallback": "Abaco Systems: FPGA Mezzanine Cards (FMC)",
                "from_url": "https:\/\/www.abaco.com\/products\/fpga-mezzanine-cards-fmc",
                "service_icon": "https:\/\/www.abaco.com\/sites\/default\/files\/favicon_0.ico",
                "id": 1,
                "original_url": "https:\/\/www.abaco.com\/products\/fpga-mezzanine-cards-fmc"
            }
        ]
    },
    {
        "client_msg_id": "5e14d025-8a3c-4f46-8de2-81a8d4ee9dd3",
        "type": "message",
        "text": "<https:\/\/fmchub.github.io\/#>",
        "user": "UF0SXEJ0M",
        "ts": "1546127705.036200",
        "team": "T5M5PLH8U",
        "user_team": "T5M5PLH8U",
        "source_team": "T5M5PLH8U",
        "user_profile": {
            "avatar_hash": "caf9f1375af3",
            "image_72": "https:\/\/avatars.slack-edge.com\/2019-02-12\/549018718117_caf9f1375af3bfa9e7a6_72.jpg",
            "first_name": "Sterling",
            "real_name": "Sterling Cooley",
            "display_name": "Sterling",
            "team": "T5M5PLH8U",
            "name": "percyacct2020",
            "is_restricted": false,
            "is_ultra_restricted": false
        },
        "attachments": [
            {
                "title": "FMCHUB - FPGA MEZZANINE CARDs",
                "title_link": "https:\/\/fmchub.github.io\/",
                "text": "An FMC is a daughter card for carrier boards containing a field-programmable gate array (FPGA). Standardized form factors, connectors, I\/O and power interfaces enable modular electronic designs.",
                "fallback": "FMCHUB - FPGA MEZZANINE CARDs",
                "from_url": "https:\/\/fmchub.github.io\/",
                "service_name": "fmchub.github.io",
                "id": 1,
                "original_url": "https:\/\/fmchub.github.io\/#"
            }
        ]
    },
    {
        "client_msg_id": "ca369129-543c-43d9-b911-ba94f6104565",
        "type": "message",
        "text": "Even found the Mezzanine card layouts for Altium here",
        "user": "UF0SXEJ0M",
        "ts": "1546127722.036700",
        "team": "T5M5PLH8U",
        "user_team": "T5M5PLH8U",
        "source_team": "T5M5PLH8U",
        "user_profile": {
            "avatar_hash": "caf9f1375af3",
            "image_72": "https:\/\/avatars.slack-edge.com\/2019-02-12\/549018718117_caf9f1375af3bfa9e7a6_72.jpg",
            "first_name": "Sterling",
            "real_name": "Sterling Cooley",
            "display_name": "Sterling",
            "team": "T5M5PLH8U",
            "name": "percyacct2020",
            "is_restricted": false,
            "is_ultra_restricted": false
        }
    },
    {
        "client_msg_id": "843e146b-97cf-4abd-824f-4501876a129f",
        "type": "message",
        "text": "That could be cool, I wonder if it could have a stack somewhere for the HV power supply",
        "user": "UF0SXEJ0M",
        "ts": "1546127751.037200",
        "team": "T5M5PLH8U",
        "user_team": "T5M5PLH8U",
        "source_team": "T5M5PLH8U",
        "user_profile": {
            "avatar_hash": "caf9f1375af3",
            "image_72": "https:\/\/avatars.slack-edge.com\/2019-02-12\/549018718117_caf9f1375af3bfa9e7a6_72.jpg",
            "first_name": "Sterling",
            "real_name": "Sterling Cooley",
            "display_name": "Sterling",
            "team": "T5M5PLH8U",
            "name": "percyacct2020",
            "is_restricted": false,
            "is_ultra_restricted": false
        }
    },
    {
        "client_msg_id": "f20a42d7-1096-450a-b698-961606904cdf",
        "type": "message",
        "text": "<https:\/\/www.mouser.com\/new\/Lattice-Semiconductor\/lattice-embedded-vision\/>",
        "user": "UF0SXEJ0M",
        "ts": "1546129138.037400",
        "team": "T5M5PLH8U",
        "user_team": "T5M5PLH8U",
        "source_team": "T5M5PLH8U",
        "user_profile": {
            "avatar_hash": "caf9f1375af3",
            "image_72": "https:\/\/avatars.slack-edge.com\/2019-02-12\/549018718117_caf9f1375af3bfa9e7a6_72.jpg",
            "first_name": "Sterling",
            "real_name": "Sterling Cooley",
            "display_name": "Sterling",
            "team": "T5M5PLH8U",
            "name": "percyacct2020",
            "is_restricted": false,
            "is_ultra_restricted": false
        }
    },
    {
        "client_msg_id": "652740ff-e959-487b-8898-444dee870145",
        "type": "message",
        "text": "Oh, here's an already stackable Lattice EPC5 for machine vision type of stuff",
        "user": "UF0SXEJ0M",
        "ts": "1546129158.037900",
        "team": "T5M5PLH8U",
        "user_team": "T5M5PLH8U",
        "source_team": "T5M5PLH8U",
        "user_profile": {
            "avatar_hash": "caf9f1375af3",
            "image_72": "https:\/\/avatars.slack-edge.com\/2019-02-12\/549018718117_caf9f1375af3bfa9e7a6_72.jpg",
            "first_name": "Sterling",
            "real_name": "Sterling Cooley",
            "display_name": "Sterling",
            "team": "T5M5PLH8U",
            "name": "percyacct2020",
            "is_restricted": false,
            "is_ultra_restricted": false
        },
        "reactions": [
            {
                "name": "+1",
                "users": [
                    "U5M5PLH9S"
                ],
                "count": 1
            }
        ]
    },
    {
        "client_msg_id": "52615aae-141a-4a43-ae0c-afafb28c8ebd",
        "type": "message",
        "text": "You are correct, the MKR Vidor is a very unsupported board, for sure, would no recommend it for the most part",
        "user": "UF0SXEJ0M",
        "ts": "1546129212.038000",
        "team": "T5M5PLH8U",
        "user_team": "T5M5PLH8U",
        "source_team": "T5M5PLH8U",
        "user_profile": {
            "avatar_hash": "caf9f1375af3",
            "image_72": "https:\/\/avatars.slack-edge.com\/2019-02-12\/549018718117_caf9f1375af3bfa9e7a6_72.jpg",
            "first_name": "Sterling",
            "real_name": "Sterling Cooley",
            "display_name": "Sterling",
            "team": "T5M5PLH8U",
            "name": "percyacct2020",
            "is_restricted": false,
            "is_ultra_restricted": false
        },
        "thread_ts": "1545929948.008000",
        "parent_user_id": "UF0SXEJ0M"
    },
    {
        "client_msg_id": "2eba06e6-8d6a-429c-9fe5-8c59167e5565",
        "type": "message",
        "text": "I think ICE40 is a pretty good system, I was looking at the yosys+nextpnr toolchain, and it says it's experimentally looking at the EPC5 chip",
        "user": "UF0SXEJ0M",
        "ts": "1546129271.038200",
        "team": "T5M5PLH8U",
        "user_team": "T5M5PLH8U",
        "source_team": "T5M5PLH8U",
        "user_profile": {
            "avatar_hash": "caf9f1375af3",
            "image_72": "https:\/\/avatars.slack-edge.com\/2019-02-12\/549018718117_caf9f1375af3bfa9e7a6_72.jpg",
            "first_name": "Sterling",
            "real_name": "Sterling Cooley",
            "display_name": "Sterling",
            "team": "T5M5PLH8U",
            "name": "percyacct2020",
            "is_restricted": false,
            "is_ultra_restricted": false
        },
        "thread_ts": "1545929948.008000",
        "parent_user_id": "UF0SXEJ0M",
        "reactions": [
            {
                "name": "+1",
                "users": [
                    "U5M5PLH9S"
                ],
                "count": 1
            }
        ]
    },
    {
        "client_msg_id": "6f51912f-86d5-4b1f-b39d-16b0b62ea422",
        "type": "message",
        "text": "The piezo I used in the past, has been lots of custom made systems, form 500khz - 5mhz. What I'm really stoked about is a Mi-NDT 3.5mhz and that is what I'm currently looking at. It's very tiny, and I can't argue with a premade solution, that only runs $120 a piece",
        "user": "UF0SXEJ0M",
        "ts": "1546129410.038400",
        "team": "T5M5PLH8U",
        "user_team": "T5M5PLH8U",
        "source_team": "T5M5PLH8U",
        "user_profile": {
            "avatar_hash": "caf9f1375af3",
            "image_72": "https:\/\/avatars.slack-edge.com\/2019-02-12\/549018718117_caf9f1375af3bfa9e7a6_72.jpg",
            "first_name": "Sterling",
            "real_name": "Sterling Cooley",
            "display_name": "Sterling",
            "team": "T5M5PLH8U",
            "name": "percyacct2020",
            "is_restricted": false,
            "is_ultra_restricted": false
        },
        "thread_ts": "1545929948.008000",
        "parent_user_id": "UF0SXEJ0M",
        "reactions": [
            {
                "name": "+1",
                "users": [
                    "U5M5PLH9S"
                ],
                "count": 1
            }
        ]
    },
    {
        "client_msg_id": "de6c71ea-cb61-4f5c-b3f4-a8a0d8278d05",
        "type": "message",
        "text": "<https:\/\/github.com\/YosysHQ\/nextpnr#nextpnr----a-portable-fpga-place-and-route-too>",
        "user": "UF0SXEJ0M",
        "ts": "1546129433.038600",
        "team": "T5M5PLH8U",
        "user_team": "T5M5PLH8U",
        "source_team": "T5M5PLH8U",
        "user_profile": {
            "avatar_hash": "caf9f1375af3",
            "image_72": "https:\/\/avatars.slack-edge.com\/2019-02-12\/549018718117_caf9f1375af3bfa9e7a6_72.jpg",
            "first_name": "Sterling",
            "real_name": "Sterling Cooley",
            "display_name": "Sterling",
            "team": "T5M5PLH8U",
            "name": "percyacct2020",
            "is_restricted": false,
            "is_ultra_restricted": false
        },
        "thread_ts": "1545929948.008000",
        "parent_user_id": "UF0SXEJ0M"
    },
    {
        "client_msg_id": "05c8f461-71f5-4d53-b614-90599556f0d1",
        "type": "message",
        "text": "<https:\/\/hackaday.io\/project\/97218-friscy-fpga-risc-v-digital-processing-board>",
        "user": "UF0SXEJ0M",
        "ts": "1546142850.038900",
        "team": "T5M5PLH8U",
        "user_team": "T5M5PLH8U",
        "source_team": "T5M5PLH8U",
        "user_profile": {
            "avatar_hash": "caf9f1375af3",
            "image_72": "https:\/\/avatars.slack-edge.com\/2019-02-12\/549018718117_caf9f1375af3bfa9e7a6_72.jpg",
            "first_name": "Sterling",
            "real_name": "Sterling Cooley",
            "display_name": "Sterling",
            "team": "T5M5PLH8U",
            "name": "percyacct2020",
            "is_restricted": false,
            "is_ultra_restricted": false
        }
    },
    {
        "client_msg_id": "583c37f8-0211-4c16-8201-fc6b7884434a",
        "type": "message",
        "text": "Speaking of... this looks pretty tasty",
        "user": "UF0SXEJ0M",
        "ts": "1546142857.039200",
        "team": "T5M5PLH8U",
        "user_team": "T5M5PLH8U",
        "source_team": "T5M5PLH8U",
        "user_profile": {
            "avatar_hash": "caf9f1375af3",
            "image_72": "https:\/\/avatars.slack-edge.com\/2019-02-12\/549018718117_caf9f1375af3bfa9e7a6_72.jpg",
            "first_name": "Sterling",
            "real_name": "Sterling Cooley",
            "display_name": "Sterling",
            "team": "T5M5PLH8U",
            "name": "percyacct2020",
            "is_restricted": false,
            "is_ultra_restricted": false
        }
    },
    {
        "client_msg_id": "c2ea22fe-bbc5-47a1-a505-f95743e7091a",
        "type": "message",
        "text": "I hadn't looked into Icestorm that much, but it looks awesome!",
        "user": "UF0SXEJ0M",
        "ts": "1546145733.039600",
        "team": "T5M5PLH8U",
        "user_team": "T5M5PLH8U",
        "source_team": "T5M5PLH8U",
        "user_profile": {
            "avatar_hash": "caf9f1375af3",
            "image_72": "https:\/\/avatars.slack-edge.com\/2019-02-12\/549018718117_caf9f1375af3bfa9e7a6_72.jpg",
            "first_name": "Sterling",
            "real_name": "Sterling Cooley",
            "display_name": "Sterling",
            "team": "T5M5PLH8U",
            "name": "percyacct2020",
            "is_restricted": false,
            "is_ultra_restricted": false
        }
    }
]