[
    {
        "client_msg_id": "2bbc2521-33b9-4a6d-817b-3130aa4a92a2",
        "type": "message",
        "text": "Yep. My work is in Transcranial Ultrasound stimulation",
        "user": "UF0SXEJ0M",
        "ts": "1545698246.005100",
        "team": "T5M5PLH8U",
        "user_team": "T5M5PLH8U",
        "source_team": "T5M5PLH8U",
        "user_profile": {
            "avatar_hash": "caf9f1375af3",
            "image_72": "https:\/\/avatars.slack-edge.com\/2019-02-12\/549018718117_caf9f1375af3bfa9e7a6_72.jpg",
            "first_name": "Sterling",
            "real_name": "Sterling Cooley",
            "display_name": "Sterling",
            "team": "T5M5PLH8U",
            "name": "percyacct2020",
            "is_restricted": false,
            "is_ultra_restricted": false
        },
        "thread_ts": "1545540011.003400",
        "parent_user_id": "UF0SXEJ0M",
        "reactions": [
            {
                "name": "smiley",
                "users": [
                    "U5M5PLH9S"
                ],
                "count": 1
            }
        ]
    },
    {
        "client_msg_id": "6e0ce5f4-3278-41fb-adc6-c3fff653267c",
        "type": "message",
        "text": "<http:\/\/reddit.com\/r\/unomod|reddit.com\/r\/unomod>",
        "user": "UF0SXEJ0M",
        "ts": "1545698260.005300",
        "team": "T5M5PLH8U",
        "user_team": "T5M5PLH8U",
        "source_team": "T5M5PLH8U",
        "user_profile": {
            "avatar_hash": "caf9f1375af3",
            "image_72": "https:\/\/avatars.slack-edge.com\/2019-02-12\/549018718117_caf9f1375af3bfa9e7a6_72.jpg",
            "first_name": "Sterling",
            "real_name": "Sterling Cooley",
            "display_name": "Sterling",
            "team": "T5M5PLH8U",
            "name": "percyacct2020",
            "is_restricted": false,
            "is_ultra_restricted": false
        },
        "thread_ts": "1545540011.003400",
        "parent_user_id": "UF0SXEJ0M"
    },
    {
        "client_msg_id": "c4e55be7-4f53-496b-9778-904632654270",
        "type": "message",
        "text": "That is the subreddit I setup with a colleague to post all of our work so far",
        "user": "UF0SXEJ0M",
        "ts": "1545698277.005500",
        "team": "T5M5PLH8U",
        "user_team": "T5M5PLH8U",
        "source_team": "T5M5PLH8U",
        "user_profile": {
            "avatar_hash": "caf9f1375af3",
            "image_72": "https:\/\/avatars.slack-edge.com\/2019-02-12\/549018718117_caf9f1375af3bfa9e7a6_72.jpg",
            "first_name": "Sterling",
            "real_name": "Sterling Cooley",
            "display_name": "Sterling",
            "team": "T5M5PLH8U",
            "name": "percyacct2020",
            "is_restricted": false,
            "is_ultra_restricted": false
        },
        "thread_ts": "1545540011.003400",
        "parent_user_id": "UF0SXEJ0M"
    },
    {
        "client_msg_id": "c32c9252-39f8-48e8-be73-94d104f44e88",
        "type": "message",
        "text": "I'm not really as open source as you guys, but I have a lot of experience building the Ultrasound equipment within my company, not sure it would be useful to upload it, as it's for very specific usage in clinical research, nor do I think it would help, since it does not do imaging whatsoever",
        "user": "UF0SXEJ0M",
        "ts": "1545698359.005700",
        "team": "T5M5PLH8U",
        "user_team": "T5M5PLH8U",
        "source_team": "T5M5PLH8U",
        "user_profile": {
            "avatar_hash": "caf9f1375af3",
            "image_72": "https:\/\/avatars.slack-edge.com\/2019-02-12\/549018718117_caf9f1375af3bfa9e7a6_72.jpg",
            "first_name": "Sterling",
            "real_name": "Sterling Cooley",
            "display_name": "Sterling",
            "team": "T5M5PLH8U",
            "name": "percyacct2020",
            "is_restricted": false,
            "is_ultra_restricted": false
        },
        "thread_ts": "1545540011.003400",
        "parent_user_id": "UF0SXEJ0M"
    }
]