[
    {
        "client_msg_id": "14025ebf-83b5-47bc-8433-7b5102c17bc3",
        "type": "message",
        "text": "Hi <@U923YT3B4> - I'm doing an update to the two boards (pulser \/ analog processing), this should be quick. For info, I'm also preparing an integrated board based on an open-source fpga (see <https:\/\/hackaday.io\/project\/28375-un0rick-an-ice40-ultrasound-board>), which I'm reviewing \/debugging at this time. ",
        "user": "U5M5PLH9S",
        "ts": "1517565321.000275",
        "team": "T5M5PLH8U",
        "user_team": "T5M5PLH8U",
        "source_team": "T5M5PLH8U",
        "user_profile": {
            "avatar_hash": "e4fb6ae9f526",
            "image_72": "https:\/\/avatars.slack-edge.com\/2017-06-01\/191144530514_e4fb6ae9f526531fd41c_72.jpg",
            "first_name": "",
            "real_name": "kelu",
            "display_name": "",
            "team": "T5M5PLH8U",
            "name": "kelu",
            "is_restricted": false,
            "is_ultra_restricted": false
        },
        "edited": {
            "user": "U5M5PLH9S",
            "ts": "1524298298.000000"
        },
        "reactions": [
            {
                "name": "+1",
                "users": [
                    "U923YT3B4"
                ],
                "count": 1
            }
        ]
    },
    {
        "client_msg_id": "db6644e7-9dc0-49ad-b0a9-6336c2a83b2f",
        "type": "message",
        "text": "Do you have deadlines \/ what would they be? ",
        "user": "U5M5PLH9S",
        "ts": "1517565343.000491",
        "team": "T5M5PLH8U",
        "user_team": "T5M5PLH8U",
        "source_team": "T5M5PLH8U",
        "user_profile": {
            "avatar_hash": "e4fb6ae9f526",
            "image_72": "https:\/\/avatars.slack-edge.com\/2017-06-01\/191144530514_e4fb6ae9f526531fd41c_72.jpg",
            "first_name": "",
            "real_name": "kelu",
            "display_name": "",
            "team": "T5M5PLH8U",
            "name": "kelu",
            "is_restricted": false,
            "is_ultra_restricted": false
        }
    }
]