[
    {
        "client_msg_id": "14afa7d5-2dee-4436-af37-d20613d23c9d",
        "type": "message",
        "text": "Thanks for the information",
        "user": "UE3JX8LUT",
        "ts": "1544501050.006900",
        "team": "T5M5PLH8U",
        "user_team": "T5M5PLH8U",
        "source_team": "T5M5PLH8U",
        "user_profile": {
            "avatar_hash": "a9159a929398",
            "image_72": "https:\/\/avatars.slack-edge.com\/2018-11-15\/479026488288_a9159a929398c4006149_72.jpg",
            "first_name": "Fadhli",
            "real_name": "Fadhli",
            "display_name": "Fadhli",
            "team": "T5M5PLH8U",
            "name": "fadhliazinnuddin",
            "is_restricted": false,
            "is_ultra_restricted": false
        },
        "thread_ts": "1544296670.006800",
        "parent_user_id": "U5M5PLH9S"
    }
]