[
    {
        "type": "message",
        "text": "Getting nice signals :smiley:",
        "files": [
            {
                "id": "F9DQARYBT",
                "created": 1519502206,
                "timestamp": 1519502206,
                "name": "20180224a.jpg",
                "title": "Making progress with the ice40 board",
                "mimetype": "image\/jpeg",
                "filetype": "jpg",
                "pretty_type": "JPEG",
                "user": "U5M5PLH9S",
                "editable": false,
                "size": 45306,
                "mode": "hosted",
                "is_external": false,
                "external_type": "",
                "is_public": true,
                "public_url_shared": false,
                "display_as_bot": false,
                "username": "",
                "url_private": "https:\/\/files.slack.com\/files-pri\/T5M5PLH8U-F9DQARYBT\/20180224a.jpg?t=xoxe-191193697300-1655641665238-1662624174259-9d4966033b52bec8bbd54ad611c52557",
                "url_private_download": "https:\/\/files.slack.com\/files-pri\/T5M5PLH8U-F9DQARYBT\/download\/20180224a.jpg?t=xoxe-191193697300-1655641665238-1662624174259-9d4966033b52bec8bbd54ad611c52557",
                "thumb_64": "https:\/\/files.slack.com\/files-tmb\/T5M5PLH8U-F9DQARYBT-bb8a67c192\/20180224a_64.jpg?t=xoxe-191193697300-1655641665238-1662624174259-9d4966033b52bec8bbd54ad611c52557",
                "thumb_80": "https:\/\/files.slack.com\/files-tmb\/T5M5PLH8U-F9DQARYBT-bb8a67c192\/20180224a_80.jpg?t=xoxe-191193697300-1655641665238-1662624174259-9d4966033b52bec8bbd54ad611c52557",
                "thumb_360": "https:\/\/files.slack.com\/files-tmb\/T5M5PLH8U-F9DQARYBT-bb8a67c192\/20180224a_360.jpg?t=xoxe-191193697300-1655641665238-1662624174259-9d4966033b52bec8bbd54ad611c52557",
                "thumb_360_w": 296,
                "thumb_360_h": 360,
                "thumb_480": "https:\/\/files.slack.com\/files-tmb\/T5M5PLH8U-F9DQARYBT-bb8a67c192\/20180224a_480.jpg?t=xoxe-191193697300-1655641665238-1662624174259-9d4966033b52bec8bbd54ad611c52557",
                "thumb_480_w": 395,
                "thumb_480_h": 480,
                "thumb_160": "https:\/\/files.slack.com\/files-tmb\/T5M5PLH8U-F9DQARYBT-bb8a67c192\/20180224a_160.jpg?t=xoxe-191193697300-1655641665238-1662624174259-9d4966033b52bec8bbd54ad611c52557",
                "thumb_720": "https:\/\/files.slack.com\/files-tmb\/T5M5PLH8U-F9DQARYBT-bb8a67c192\/20180224a_720.jpg?t=xoxe-191193697300-1655641665238-1662624174259-9d4966033b52bec8bbd54ad611c52557",
                "thumb_720_w": 592,
                "thumb_720_h": 720,
                "image_exif_rotation": 1,
                "original_w": 641,
                "original_h": 779,
                "permalink": "https:\/\/usdevkit.slack.com\/files\/U5M5PLH9S\/F9DQARYBT\/20180224a.jpg",
                "permalink_public": "https:\/\/slack-files.com\/T5M5PLH8U-F9DQARYBT-6b72db6cc6",
                "is_starred": false,
                "has_rich_preview": false
            }
        ],
        "upload": true,
        "user": "U5M5PLH9S",
        "display_as_bot": false,
        "ts": "1519502208.000069"
    }
]