[
    {
        "client_msg_id": "3fd000bb-6ffa-421e-82d0-b9c382af1cac",
        "type": "message",
        "text": "Can I request your sketch board fpga?",
        "user": "UE3JX8LUT",
        "ts": "1545444301.000100",
        "team": "T5M5PLH8U",
        "user_team": "T5M5PLH8U",
        "source_team": "T5M5PLH8U",
        "user_profile": {
            "avatar_hash": "a9159a929398",
            "image_72": "https:\/\/avatars.slack-edge.com\/2018-11-15\/479026488288_a9159a929398c4006149_72.jpg",
            "first_name": "Fadhli",
            "real_name": "Fadhli",
            "display_name": "Fadhli",
            "team": "T5M5PLH8U",
            "name": "fadhliazinnuddin",
            "is_restricted": false,
            "is_ultra_restricted": false
        },
        "thread_ts": "1543074507.006000",
        "parent_user_id": "U5M5PLH9S"
    },
    {
        "client_msg_id": "d9705b3e-56c7-4654-afff-09f76cfd3110",
        "type": "message",
        "text": "Do you mean the schematics ?",
        "user": "U5M5PLH9S",
        "ts": "1545465210.000300",
        "team": "T5M5PLH8U",
        "user_team": "T5M5PLH8U",
        "source_team": "T5M5PLH8U",
        "user_profile": {
            "avatar_hash": "e4fb6ae9f526",
            "image_72": "https:\/\/avatars.slack-edge.com\/2017-06-01\/191144530514_e4fb6ae9f526531fd41c_72.jpg",
            "first_name": "",
            "real_name": "kelu",
            "display_name": "",
            "team": "T5M5PLH8U",
            "name": "kelu",
            "is_restricted": false,
            "is_ultra_restricted": false
        },
        "edited": {
            "user": "U5M5PLH9S",
            "ts": "1545465226.000000"
        },
        "thread_ts": "1543074507.006000",
        "parent_user_id": "U5M5PLH9S"
    },
    {
        "client_msg_id": "ca9b3f2b-a8f5-4e94-86fb-e336e3370fdc",
        "type": "message",
        "text": "Description at <https:\/\/raw.githubusercontent.com\/kelu124\/un0rick\/master\/images\/un0desc.png>",
        "user": "U5M5PLH9S",
        "ts": "1545465262.000600",
        "team": "T5M5PLH8U",
        "user_team": "T5M5PLH8U",
        "source_team": "T5M5PLH8U",
        "user_profile": {
            "avatar_hash": "e4fb6ae9f526",
            "image_72": "https:\/\/avatars.slack-edge.com\/2017-06-01\/191144530514_e4fb6ae9f526531fd41c_72.jpg",
            "first_name": "",
            "real_name": "kelu",
            "display_name": "",
            "team": "T5M5PLH8U",
            "name": "kelu",
            "is_restricted": false,
            "is_ultra_restricted": false
        },
        "attachments": [
            {
                "fallback": "1012x494px image",
                "image_url": "https:\/\/raw.githubusercontent.com\/kelu124\/un0rick\/master\/images\/un0desc.png",
                "image_width": 1012,
                "image_height": 494,
                "image_bytes": 206454,
                "from_url": "https:\/\/raw.githubusercontent.com\/kelu124\/un0rick\/master\/images\/un0desc.png",
                "id": 1,
                "original_url": "https:\/\/raw.githubusercontent.com\/kelu124\/un0rick\/master\/images\/un0desc.png"
            }
        ],
        "thread_ts": "1543074507.006000",
        "parent_user_id": "U5M5PLH9S"
    },
    {
        "client_msg_id": "f156c0a7-5e4e-4b68-92a0-42a19ea63041",
        "type": "message",
        "text": "Schematics on <https:\/\/github.com\/kelu124\/un0rick\/blob\/master\/hardware\/schematics_v1.pdf.pdf> and from the online tool : <https:\/\/upverter.com\/kelu124\/c59550d3e0dcf944\/MATTY-V11\/>",
        "user": "U5M5PLH9S",
        "ts": "1545465397.000900",
        "team": "T5M5PLH8U",
        "user_team": "T5M5PLH8U",
        "source_team": "T5M5PLH8U",
        "user_profile": {
            "avatar_hash": "e4fb6ae9f526",
            "image_72": "https:\/\/avatars.slack-edge.com\/2017-06-01\/191144530514_e4fb6ae9f526531fd41c_72.jpg",
            "first_name": "",
            "real_name": "kelu",
            "display_name": "",
            "team": "T5M5PLH8U",
            "name": "kelu",
            "is_restricted": false,
            "is_ultra_restricted": false
        },
        "edited": {
            "user": "U5M5PLH9S",
            "ts": "1545465406.000000"
        },
        "thread_ts": "1543074507.006000",
        "parent_user_id": "U5M5PLH9S"
    }
]