[
    {
        "client_msg_id": "b1db4980-b2d8-4d11-a837-61619019f6a3",
        "type": "message",
        "text": "I guess it can be tested, but you need good and appropriate sensors to get a good image first. For example, as an analogy, you will not make good selfies with a macro lense or a fisheye :)",
        "user": "U5M5PLH9S",
        "ts": "1549878834.002100",
        "team": "T5M5PLH8U",
        "user_team": "T5M5PLH8U",
        "source_team": "T5M5PLH8U",
        "user_profile": {
            "avatar_hash": "e4fb6ae9f526",
            "image_72": "https:\/\/avatars.slack-edge.com\/2017-06-01\/191144530514_e4fb6ae9f526531fd41c_72.jpg",
            "first_name": "",
            "real_name": "kelu",
            "display_name": "",
            "team": "T5M5PLH8U",
            "name": "kelu",
            "is_restricted": false,
            "is_ultra_restricted": false
        }
    },
    {
        "client_msg_id": "a2d82eb6-c63d-4e55-9118-545c8d89ede9",
        "type": "message",
        "text": "First thing is to select good sensor, that is used for this type of sensing work.",
        "user": "U5M5PLH9S",
        "ts": "1549878875.003000",
        "team": "T5M5PLH8U",
        "user_team": "T5M5PLH8U",
        "source_team": "T5M5PLH8U",
        "user_profile": {
            "avatar_hash": "e4fb6ae9f526",
            "image_72": "https:\/\/avatars.slack-edge.com\/2017-06-01\/191144530514_e4fb6ae9f526531fd41c_72.jpg",
            "first_name": "",
            "real_name": "kelu",
            "display_name": "",
            "team": "T5M5PLH8U",
            "name": "kelu",
            "is_restricted": false,
            "is_ultra_restricted": false
        },
        "thread_ts": "1549878875.003000",
        "reply_count": 21,
        "reply_users_count": 3,
        "latest_reply": "1550153330.008800",
        "reply_users": [
            "UE3JX8LUT",
            "U5M5PLH9S",
            "UF0SXEJ0M"
        ],
        "replies": [
            {
                "user": "UE3JX8LUT",
                "ts": "1549887229.003100"
            },
            {
                "user": "UE3JX8LUT",
                "ts": "1549887234.003300"
            },
            {
                "user": "U5M5PLH9S",
                "ts": "1549888305.003600"
            },
            {
                "user": "UE3JX8LUT",
                "ts": "1549902788.004200"
            },
            {
                "user": "U5M5PLH9S",
                "ts": "1549903911.004800"
            },
            {
                "user": "UE3JX8LUT",
                "ts": "1549937233.005000"
            },
            {
                "user": "U5M5PLH9S",
                "ts": "1549982005.005200"
            },
            {
                "user": "UF0SXEJ0M",
                "ts": "1549983452.005400"
            },
            {
                "user": "UF0SXEJ0M",
                "ts": "1549983482.005700"
            },
            {
                "user": "UF0SXEJ0M",
                "ts": "1549983518.005900"
            },
            {
                "user": "UF0SXEJ0M",
                "ts": "1549983576.006100"
            },
            {
                "user": "UE3JX8LUT",
                "ts": "1550026171.006400"
            },
            {
                "user": "UE3JX8LUT",
                "ts": "1550026285.006600"
            },
            {
                "user": "UE3JX8LUT",
                "ts": "1550026358.006800"
            },
            {
                "user": "UE3JX8LUT",
                "ts": "1550027435.007000"
            },
            {
                "user": "UF0SXEJ0M",
                "ts": "1550111300.007400"
            },
            {
                "user": "UF0SXEJ0M",
                "ts": "1550111305.007600"
            },
            {
                "user": "UF0SXEJ0M",
                "ts": "1550111336.008000"
            },
            {
                "user": "UF0SXEJ0M",
                "ts": "1550111347.008200"
            },
            {
                "user": "UE3JX8LUT",
                "ts": "1550152661.008400"
            },
            {
                "user": "UE3JX8LUT",
                "ts": "1550153330.008800"
            }
        ],
        "subscribed": true,
        "last_read": "1550153330.008800"
    },
    {
        "client_msg_id": "bff1f233-974f-4145-b662-a6613850439b",
        "type": "message",
        "text": "Of course :+1::slightly_smiling_face:",
        "user": "UE3JX8LUT",
        "ts": "1549887229.003100",
        "team": "T5M5PLH8U",
        "user_team": "T5M5PLH8U",
        "source_team": "T5M5PLH8U",
        "user_profile": {
            "avatar_hash": "a9159a929398",
            "image_72": "https:\/\/avatars.slack-edge.com\/2018-11-15\/479026488288_a9159a929398c4006149_72.jpg",
            "first_name": "Fadhli",
            "real_name": "Fadhli",
            "display_name": "Fadhli",
            "team": "T5M5PLH8U",
            "name": "fadhliazinnuddin",
            "is_restricted": false,
            "is_ultra_restricted": false
        },
        "thread_ts": "1549878875.003000",
        "parent_user_id": "U5M5PLH9S",
        "reactions": [
            {
                "name": "+1",
                "users": [
                    "U5M5PLH9S"
                ],
                "count": 1
            }
        ]
    },
    {
        "client_msg_id": "13462d8b-f5a6-4582-a170-4b33d75e0e5d",
        "type": "message",
        "text": "Are you ever try ultrasound imaging using filtering image with example : propagation algorithm to make a image better",
        "user": "UE3JX8LUT",
        "ts": "1549887234.003300",
        "team": "T5M5PLH8U",
        "user_team": "T5M5PLH8U",
        "source_team": "T5M5PLH8U",
        "user_profile": {
            "avatar_hash": "a9159a929398",
            "image_72": "https:\/\/avatars.slack-edge.com\/2018-11-15\/479026488288_a9159a929398c4006149_72.jpg",
            "first_name": "Fadhli",
            "real_name": "Fadhli",
            "display_name": "Fadhli",
            "team": "T5M5PLH8U",
            "name": "fadhliazinnuddin",
            "is_restricted": false,
            "is_ultra_restricted": false
        },
        "thread_ts": "1549878875.003000",
        "parent_user_id": "U5M5PLH9S"
    },
    {
        "client_msg_id": "9a68c269-b485-45a2-9267-acc830ec7b05",
        "type": "message",
        "text": "Hum no, but I can share some raw signal if you think one can test :)",
        "user": "U5M5PLH9S",
        "ts": "1549888305.003600",
        "team": "T5M5PLH8U",
        "user_team": "T5M5PLH8U",
        "source_team": "T5M5PLH8U",
        "user_profile": {
            "avatar_hash": "e4fb6ae9f526",
            "image_72": "https:\/\/avatars.slack-edge.com\/2017-06-01\/191144530514_e4fb6ae9f526531fd41c_72.jpg",
            "first_name": "",
            "real_name": "kelu",
            "display_name": "",
            "team": "T5M5PLH8U",
            "name": "kelu",
            "is_restricted": false,
            "is_ultra_restricted": false
        },
        "thread_ts": "1549878875.003000",
        "parent_user_id": "U5M5PLH9S"
    },
    {
        "client_msg_id": "39281d67-ae28-4c8e-9708-0da1b38e3f38",
        "type": "message",
        "text": "So that first I am try some sample image of your ultrasound imaging to detection material and I am develop using propagation algorithm to make image ultrasound better",
        "user": "UE3JX8LUT",
        "ts": "1549902788.004200",
        "team": "T5M5PLH8U",
        "user_team": "T5M5PLH8U",
        "source_team": "T5M5PLH8U",
        "user_profile": {
            "avatar_hash": "a9159a929398",
            "image_72": "https:\/\/avatars.slack-edge.com\/2018-11-15\/479026488288_a9159a929398c4006149_72.jpg",
            "first_name": "Fadhli",
            "real_name": "Fadhli",
            "display_name": "Fadhli",
            "team": "T5M5PLH8U",
            "name": "fadhliazinnuddin",
            "is_restricted": false,
            "is_ultra_restricted": false
        },
        "thread_ts": "1549878875.003000",
        "parent_user_id": "U5M5PLH9S"
    },
    {
        "type": "message",
        "subtype": "channel_join",
        "ts": "1549902893.004500",
        "user": "UG3JFRCA0",
        "text": "<@UG3JFRCA0> has joined the channel"
    },
    {
        "client_msg_id": "97eddc67-294b-440b-9435-9eb2fb46bb25",
        "type": "message",
        "text": "If you want to test, I will share some ultrasound signal on which you can try better algorithms ?",
        "user": "U5M5PLH9S",
        "ts": "1549903911.004800",
        "team": "T5M5PLH8U",
        "user_team": "T5M5PLH8U",
        "source_team": "T5M5PLH8U",
        "user_profile": {
            "avatar_hash": "e4fb6ae9f526",
            "image_72": "https:\/\/avatars.slack-edge.com\/2017-06-01\/191144530514_e4fb6ae9f526531fd41c_72.jpg",
            "first_name": "",
            "real_name": "kelu",
            "display_name": "",
            "team": "T5M5PLH8U",
            "name": "kelu",
            "is_restricted": false,
            "is_ultra_restricted": false
        },
        "thread_ts": "1549878875.003000",
        "parent_user_id": "U5M5PLH9S"
    },
    {
        "client_msg_id": "f0332246-0088-4351-b35e-69a82fb63edc",
        "type": "message",
        "text": "I want using your project to my final project in my university",
        "user": "UE3JX8LUT",
        "ts": "1549937233.005000",
        "team": "T5M5PLH8U",
        "user_team": "T5M5PLH8U",
        "source_team": "T5M5PLH8U",
        "user_profile": {
            "avatar_hash": "a9159a929398",
            "image_72": "https:\/\/avatars.slack-edge.com\/2018-11-15\/479026488288_a9159a929398c4006149_72.jpg",
            "first_name": "Fadhli",
            "real_name": "Fadhli",
            "display_name": "Fadhli",
            "team": "T5M5PLH8U",
            "name": "fadhliazinnuddin",
            "is_restricted": false,
            "is_ultra_restricted": false
        },
        "thread_ts": "1549878875.003000",
        "parent_user_id": "U5M5PLH9S"
    }
]