[
    {
        "type": "message",
        "text": "Thank you very much for your help.\nI ran the test source according to the answer.\nThere was a problem like a picture.\nIs this the right way to proceed?",
        "files": [
            {
                "id": "FM10F2XED",
                "created": 1565335868,
                "timestamp": 1565335868,
                "name": "image.png",
                "title": "image.png",
                "mimetype": "image\/png",
                "filetype": "png",
                "pretty_type": "PNG",
                "user": "ULYB25AMS",
                "editable": false,
                "size": 162774,
                "mode": "hosted",
                "is_external": false,
                "external_type": "",
                "is_public": true,
                "public_url_shared": false,
                "display_as_bot": false,
                "username": "",
                "url_private": "https:\/\/files.slack.com\/files-pri\/T5M5PLH8U-FM10F2XED\/image.png?t=xoxe-191193697300-1655641665238-1662624174259-9d4966033b52bec8bbd54ad611c52557",
                "url_private_download": "https:\/\/files.slack.com\/files-pri\/T5M5PLH8U-FM10F2XED\/download\/image.png?t=xoxe-191193697300-1655641665238-1662624174259-9d4966033b52bec8bbd54ad611c52557",
                "thumb_64": "https:\/\/files.slack.com\/files-tmb\/T5M5PLH8U-FM10F2XED-e6788a1e88\/image_64.png?t=xoxe-191193697300-1655641665238-1662624174259-9d4966033b52bec8bbd54ad611c52557",
                "thumb_80": "https:\/\/files.slack.com\/files-tmb\/T5M5PLH8U-FM10F2XED-e6788a1e88\/image_80.png?t=xoxe-191193697300-1655641665238-1662624174259-9d4966033b52bec8bbd54ad611c52557",
                "thumb_360": "https:\/\/files.slack.com\/files-tmb\/T5M5PLH8U-FM10F2XED-e6788a1e88\/image_360.png?t=xoxe-191193697300-1655641665238-1662624174259-9d4966033b52bec8bbd54ad611c52557",
                "thumb_360_w": 360,
                "thumb_360_h": 181,
                "thumb_480": "https:\/\/files.slack.com\/files-tmb\/T5M5PLH8U-FM10F2XED-e6788a1e88\/image_480.png?t=xoxe-191193697300-1655641665238-1662624174259-9d4966033b52bec8bbd54ad611c52557",
                "thumb_480_w": 480,
                "thumb_480_h": 242,
                "thumb_160": "https:\/\/files.slack.com\/files-tmb\/T5M5PLH8U-FM10F2XED-e6788a1e88\/image_160.png?t=xoxe-191193697300-1655641665238-1662624174259-9d4966033b52bec8bbd54ad611c52557",
                "thumb_720": "https:\/\/files.slack.com\/files-tmb\/T5M5PLH8U-FM10F2XED-e6788a1e88\/image_720.png?t=xoxe-191193697300-1655641665238-1662624174259-9d4966033b52bec8bbd54ad611c52557",
                "thumb_720_w": 720,
                "thumb_720_h": 363,
                "thumb_800": "https:\/\/files.slack.com\/files-tmb\/T5M5PLH8U-FM10F2XED-e6788a1e88\/image_800.png?t=xoxe-191193697300-1655641665238-1662624174259-9d4966033b52bec8bbd54ad611c52557",
                "thumb_800_w": 800,
                "thumb_800_h": 403,
                "thumb_960": "https:\/\/files.slack.com\/files-tmb\/T5M5PLH8U-FM10F2XED-e6788a1e88\/image_960.png?t=xoxe-191193697300-1655641665238-1662624174259-9d4966033b52bec8bbd54ad611c52557",
                "thumb_960_w": 960,
                "thumb_960_h": 484,
                "thumb_1024": "https:\/\/files.slack.com\/files-tmb\/T5M5PLH8U-FM10F2XED-e6788a1e88\/image_1024.png?t=xoxe-191193697300-1655641665238-1662624174259-9d4966033b52bec8bbd54ad611c52557",
                "thumb_1024_w": 1024,
                "thumb_1024_h": 516,
                "image_exif_rotation": 1,
                "original_w": 2244,
                "original_h": 1131,
                "permalink": "https:\/\/usdevkit.slack.com\/files\/ULYB25AMS\/FM10F2XED\/image.png",
                "permalink_public": "https:\/\/slack-files.com\/T5M5PLH8U-FM10F2XED-e0660070fc",
                "is_starred": false,
                "has_rich_preview": false
            }
        ],
        "upload": true,
        "user": "ULYB25AMS",
        "display_as_bot": false,
        "ts": "1565335872.013400",
        "client_msg_id": "6f144b15-be44-4201-901f-856e49b4a678",
        "thread_ts": "1564903864.000900",
        "parent_user_id": "ULYB25AMS"
    },
    {
        "client_msg_id": "2bb98c84-5610-431c-8ea3-f6c82d2cfcfd",
        "type": "message",
        "text": "Also, I don't blink anything on the board.",
        "user": "ULYB25AMS",
        "ts": "1565335911.013800",
        "team": "T5M5PLH8U",
        "user_team": "T5M5PLH8U",
        "source_team": "T5M5PLH8U",
        "user_profile": {
            "avatar_hash": "gd49897152a4",
            "image_72": "https:\/\/secure.gravatar.com\/avatar\/bd49897152a4babe660efcb5e4f11c35.jpg?s=72&d=https%3A%2F%2Fa.slack-edge.com%2Fdf10d%2Fimg%2Favatars%2Fava_0002-72.png",
            "first_name": "Kim",
            "real_name": "Kim Jae Sik",
            "display_name": "Kim Jae Sik",
            "team": "T5M5PLH8U",
            "name": "wotlr6427",
            "is_restricted": false,
            "is_ultra_restricted": false
        },
        "thread_ts": "1564903864.000900",
        "parent_user_id": "ULYB25AMS"
    },
    {
        "client_msg_id": "5a642a3e-3259-4572-8d83-bf4990abaced",
        "type": "message",
        "text": "There is a real issue there, what is the version of the lib you use ?",
        "user": "U5M5PLH9S",
        "ts": "1565338084.014000",
        "team": "T5M5PLH8U",
        "user_team": "T5M5PLH8U",
        "source_team": "T5M5PLH8U",
        "user_profile": {
            "avatar_hash": "e4fb6ae9f526",
            "image_72": "https:\/\/avatars.slack-edge.com\/2017-06-01\/191144530514_e4fb6ae9f526531fd41c_72.jpg",
            "first_name": "",
            "real_name": "kelu",
            "display_name": "",
            "team": "T5M5PLH8U",
            "name": "kelu",
            "is_restricted": false,
            "is_ultra_restricted": false
        },
        "thread_ts": "1564903864.000900",
        "parent_user_id": "ULYB25AMS"
    },
    {
        "client_msg_id": "5228be0d-2a20-4b77-b0b5-86008432307b",
        "type": "message",
        "text": "if you open the pyUn0.py file in the same folder as the notebook, can you see if the test_spi function ?",
        "user": "U5M5PLH9S",
        "ts": "1565338152.014200",
        "team": "T5M5PLH8U",
        "user_team": "T5M5PLH8U",
        "source_team": "T5M5PLH8U",
        "user_profile": {
            "avatar_hash": "e4fb6ae9f526",
            "image_72": "https:\/\/avatars.slack-edge.com\/2017-06-01\/191144530514_e4fb6ae9f526531fd41c_72.jpg",
            "first_name": "",
            "real_name": "kelu",
            "display_name": "",
            "team": "T5M5PLH8U",
            "name": "kelu",
            "is_restricted": false,
            "is_ultra_restricted": false
        },
        "thread_ts": "1564903864.000900",
        "parent_user_id": "ULYB25AMS"
    },
    {
        "client_msg_id": "84c7b4a1-24c8-441e-913d-cac4bf1b5b06",
        "type": "message",
        "text": "you may want to download the <https:\/\/raw.githubusercontent.com\/kelu124\/echomods\/master\/matty\/20190804a\/pyUn0.py> file in the same folder as your notebook, then restart the notebook kernel to execute it",
        "user": "U5M5PLH9S",
        "ts": "1565338194.014400",
        "team": "T5M5PLH8U",
        "user_team": "T5M5PLH8U",
        "source_team": "T5M5PLH8U",
        "user_profile": {
            "avatar_hash": "e4fb6ae9f526",
            "image_72": "https:\/\/avatars.slack-edge.com\/2017-06-01\/191144530514_e4fb6ae9f526531fd41c_72.jpg",
            "first_name": "",
            "real_name": "kelu",
            "display_name": "",
            "team": "T5M5PLH8U",
            "name": "kelu",
            "is_restricted": false,
            "is_ultra_restricted": false
        },
        "thread_ts": "1564903864.000900",
        "parent_user_id": "ULYB25AMS"
    },
    {
        "client_msg_id": "d4bde989-f7a0-4f16-9455-6113604db17e",
        "type": "message",
        "text": "and before, to run the following:",
        "user": "U5M5PLH9S",
        "ts": "1565338221.014600",
        "team": "T5M5PLH8U",
        "user_team": "T5M5PLH8U",
        "source_team": "T5M5PLH8U",
        "user_profile": {
            "avatar_hash": "e4fb6ae9f526",
            "image_72": "https:\/\/avatars.slack-edge.com\/2017-06-01\/191144530514_e4fb6ae9f526531fd41c_72.jpg",
            "first_name": "",
            "real_name": "kelu",
            "display_name": "",
            "team": "T5M5PLH8U",
            "name": "kelu",
            "is_restricted": false,
            "is_ultra_restricted": false
        },
        "thread_ts": "1564903864.000900",
        "parent_user_id": "ULYB25AMS"
    },
    {
        "client_msg_id": "c609e50b-2199-4d7d-a8ab-5462b36a0b67",
        "type": "message",
        "text": "while i &lt; 3:\n            x.write_fpga(0xEB, 0x01)\n            time.sleep(0.5)\n            x.write_fpga(0xEB, 0x00)\n            time.sleep(0.5)\n            i = i+1",
        "user": "U5M5PLH9S",
        "ts": "1565338232.014800",
        "team": "T5M5PLH8U",
        "user_team": "T5M5PLH8U",
        "source_team": "T5M5PLH8U",
        "user_profile": {
            "avatar_hash": "e4fb6ae9f526",
            "image_72": "https:\/\/avatars.slack-edge.com\/2017-06-01\/191144530514_e4fb6ae9f526531fd41c_72.jpg",
            "first_name": "",
            "real_name": "kelu",
            "display_name": "",
            "team": "T5M5PLH8U",
            "name": "kelu",
            "is_restricted": false,
            "is_ultra_restricted": false
        },
        "thread_ts": "1564903864.000900",
        "parent_user_id": "ULYB25AMS"
    },
    {
        "client_msg_id": "4ff91c3f-0d24-4789-ab50-f510175ea0ee",
        "type": "message",
        "text": "It'll make a led blink",
        "user": "U5M5PLH9S",
        "ts": "1565338240.015000",
        "team": "T5M5PLH8U",
        "user_team": "T5M5PLH8U",
        "source_team": "T5M5PLH8U",
        "user_profile": {
            "avatar_hash": "e4fb6ae9f526",
            "image_72": "https:\/\/avatars.slack-edge.com\/2017-06-01\/191144530514_e4fb6ae9f526531fd41c_72.jpg",
            "first_name": "",
            "real_name": "kelu",
            "display_name": "",
            "team": "T5M5PLH8U",
            "name": "kelu",
            "is_restricted": false,
            "is_ultra_restricted": false
        },
        "thread_ts": "1564903864.000900",
        "parent_user_id": "ULYB25AMS"
    },
    {
        "client_msg_id": "bf7177ff-8a2a-4282-9441-7fac2d1fa88e",
        "type": "message",
        "text": "but the fact that there is no test_spi() means that you are using a wrong version of the pyUn0.py file",
        "user": "U5M5PLH9S",
        "ts": "1565338276.015200",
        "team": "T5M5PLH8U",
        "user_team": "T5M5PLH8U",
        "source_team": "T5M5PLH8U",
        "user_profile": {
            "avatar_hash": "e4fb6ae9f526",
            "image_72": "https:\/\/avatars.slack-edge.com\/2017-06-01\/191144530514_e4fb6ae9f526531fd41c_72.jpg",
            "first_name": "",
            "real_name": "kelu",
            "display_name": "",
            "team": "T5M5PLH8U",
            "name": "kelu",
            "is_restricted": false,
            "is_ultra_restricted": false
        },
        "thread_ts": "1564903864.000900",
        "parent_user_id": "ULYB25AMS"
    },
    {
        "type": "message",
        "text": "I confirmed that there is a test.",
        "files": [
            {
                "id": "FLVVCSHMH",
                "created": 1565339213,
                "timestamp": 1565339213,
                "name": "image.png",
                "title": "image.png",
                "mimetype": "image\/png",
                "filetype": "png",
                "pretty_type": "PNG",
                "user": "ULYB25AMS",
                "editable": false,
                "size": 325973,
                "mode": "hosted",
                "is_external": false,
                "external_type": "",
                "is_public": true,
                "public_url_shared": false,
                "display_as_bot": false,
                "username": "",
                "url_private": "https:\/\/files.slack.com\/files-pri\/T5M5PLH8U-FLVVCSHMH\/image.png?t=xoxe-191193697300-1655641665238-1662624174259-9d4966033b52bec8bbd54ad611c52557",
                "url_private_download": "https:\/\/files.slack.com\/files-pri\/T5M5PLH8U-FLVVCSHMH\/download\/image.png?t=xoxe-191193697300-1655641665238-1662624174259-9d4966033b52bec8bbd54ad611c52557",
                "thumb_64": "https:\/\/files.slack.com\/files-tmb\/T5M5PLH8U-FLVVCSHMH-42e4af1af8\/image_64.png?t=xoxe-191193697300-1655641665238-1662624174259-9d4966033b52bec8bbd54ad611c52557",
                "thumb_80": "https:\/\/files.slack.com\/files-tmb\/T5M5PLH8U-FLVVCSHMH-42e4af1af8\/image_80.png?t=xoxe-191193697300-1655641665238-1662624174259-9d4966033b52bec8bbd54ad611c52557",
                "thumb_360": "https:\/\/files.slack.com\/files-tmb\/T5M5PLH8U-FLVVCSHMH-42e4af1af8\/image_360.png?t=xoxe-191193697300-1655641665238-1662624174259-9d4966033b52bec8bbd54ad611c52557",
                "thumb_360_w": 360,
                "thumb_360_h": 206,
                "thumb_480": "https:\/\/files.slack.com\/files-tmb\/T5M5PLH8U-FLVVCSHMH-42e4af1af8\/image_480.png?t=xoxe-191193697300-1655641665238-1662624174259-9d4966033b52bec8bbd54ad611c52557",
                "thumb_480_w": 480,
                "thumb_480_h": 275,
                "thumb_160": "https:\/\/files.slack.com\/files-tmb\/T5M5PLH8U-FLVVCSHMH-42e4af1af8\/image_160.png?t=xoxe-191193697300-1655641665238-1662624174259-9d4966033b52bec8bbd54ad611c52557",
                "thumb_720": "https:\/\/files.slack.com\/files-tmb\/T5M5PLH8U-FLVVCSHMH-42e4af1af8\/image_720.png?t=xoxe-191193697300-1655641665238-1662624174259-9d4966033b52bec8bbd54ad611c52557",
                "thumb_720_w": 720,
                "thumb_720_h": 413,
                "thumb_800": "https:\/\/files.slack.com\/files-tmb\/T5M5PLH8U-FLVVCSHMH-42e4af1af8\/image_800.png?t=xoxe-191193697300-1655641665238-1662624174259-9d4966033b52bec8bbd54ad611c52557",
                "thumb_800_w": 800,
                "thumb_800_h": 458,
                "thumb_960": "https:\/\/files.slack.com\/files-tmb\/T5M5PLH8U-FLVVCSHMH-42e4af1af8\/image_960.png?t=xoxe-191193697300-1655641665238-1662624174259-9d4966033b52bec8bbd54ad611c52557",
                "thumb_960_w": 960,
                "thumb_960_h": 550,
                "thumb_1024": "https:\/\/files.slack.com\/files-tmb\/T5M5PLH8U-FLVVCSHMH-42e4af1af8\/image_1024.png?t=xoxe-191193697300-1655641665238-1662624174259-9d4966033b52bec8bbd54ad611c52557",
                "thumb_1024_w": 1024,
                "thumb_1024_h": 587,
                "image_exif_rotation": 1,
                "original_w": 2494,
                "original_h": 1429,
                "permalink": "https:\/\/usdevkit.slack.com\/files\/ULYB25AMS\/FLVVCSHMH\/image.png",
                "permalink_public": "https:\/\/slack-files.com\/T5M5PLH8U-FLVVCSHMH-90e3e162ac",
                "is_starred": false,
                "has_rich_preview": false
            }
        ],
        "upload": true,
        "user": "ULYB25AMS",
        "display_as_bot": false,
        "ts": "1565339217.015400",
        "client_msg_id": "fba38343-60c9-4304-b644-d20fe73a207f",
        "thread_ts": "1564903864.000900",
        "parent_user_id": "ULYB25AMS"
    },
    {
        "type": "message",
        "text": "The following source shows an error.",
        "files": [
            {
                "id": "FM7CZMCH3",
                "created": 1565339269,
                "timestamp": 1565339269,
                "name": "image.png",
                "title": "image.png",
                "mimetype": "image\/png",
                "filetype": "png",
                "pretty_type": "PNG",
                "user": "ULYB25AMS",
                "editable": false,
                "size": 88661,
                "mode": "hosted",
                "is_external": false,
                "external_type": "",
                "is_public": true,
                "public_url_shared": false,
                "display_as_bot": false,
                "username": "",
                "url_private": "https:\/\/files.slack.com\/files-pri\/T5M5PLH8U-FM7CZMCH3\/image.png?t=xoxe-191193697300-1655641665238-1662624174259-9d4966033b52bec8bbd54ad611c52557",
                "url_private_download": "https:\/\/files.slack.com\/files-pri\/T5M5PLH8U-FM7CZMCH3\/download\/image.png?t=xoxe-191193697300-1655641665238-1662624174259-9d4966033b52bec8bbd54ad611c52557",
                "thumb_64": "https:\/\/files.slack.com\/files-tmb\/T5M5PLH8U-FM7CZMCH3-493a37ff85\/image_64.png?t=xoxe-191193697300-1655641665238-1662624174259-9d4966033b52bec8bbd54ad611c52557",
                "thumb_80": "https:\/\/files.slack.com\/files-tmb\/T5M5PLH8U-FM7CZMCH3-493a37ff85\/image_80.png?t=xoxe-191193697300-1655641665238-1662624174259-9d4966033b52bec8bbd54ad611c52557",
                "thumb_360": "https:\/\/files.slack.com\/files-tmb\/T5M5PLH8U-FM7CZMCH3-493a37ff85\/image_360.png?t=xoxe-191193697300-1655641665238-1662624174259-9d4966033b52bec8bbd54ad611c52557",
                "thumb_360_w": 360,
                "thumb_360_h": 156,
                "thumb_480": "https:\/\/files.slack.com\/files-tmb\/T5M5PLH8U-FM7CZMCH3-493a37ff85\/image_480.png?t=xoxe-191193697300-1655641665238-1662624174259-9d4966033b52bec8bbd54ad611c52557",
                "thumb_480_w": 480,
                "thumb_480_h": 208,
                "thumb_160": "https:\/\/files.slack.com\/files-tmb\/T5M5PLH8U-FM7CZMCH3-493a37ff85\/image_160.png?t=xoxe-191193697300-1655641665238-1662624174259-9d4966033b52bec8bbd54ad611c52557",
                "thumb_720": "https:\/\/files.slack.com\/files-tmb\/T5M5PLH8U-FM7CZMCH3-493a37ff85\/image_720.png?t=xoxe-191193697300-1655641665238-1662624174259-9d4966033b52bec8bbd54ad611c52557",
                "thumb_720_w": 720,
                "thumb_720_h": 312,
                "thumb_800": "https:\/\/files.slack.com\/files-tmb\/T5M5PLH8U-FM7CZMCH3-493a37ff85\/image_800.png?t=xoxe-191193697300-1655641665238-1662624174259-9d4966033b52bec8bbd54ad611c52557",
                "thumb_800_w": 800,
                "thumb_800_h": 346,
                "thumb_960": "https:\/\/files.slack.com\/files-tmb\/T5M5PLH8U-FM7CZMCH3-493a37ff85\/image_960.png?t=xoxe-191193697300-1655641665238-1662624174259-9d4966033b52bec8bbd54ad611c52557",
                "thumb_960_w": 960,
                "thumb_960_h": 416,
                "thumb_1024": "https:\/\/files.slack.com\/files-tmb\/T5M5PLH8U-FM7CZMCH3-493a37ff85\/image_1024.png?t=xoxe-191193697300-1655641665238-1662624174259-9d4966033b52bec8bbd54ad611c52557",
                "thumb_1024_w": 1024,
                "thumb_1024_h": 443,
                "image_exif_rotation": 1,
                "original_w": 1457,
                "original_h": 631,
                "permalink": "https:\/\/usdevkit.slack.com\/files\/ULYB25AMS\/FM7CZMCH3\/image.png",
                "permalink_public": "https:\/\/slack-files.com\/T5M5PLH8U-FM7CZMCH3-7374b6bf09",
                "is_starred": false,
                "has_rich_preview": false
            }
        ],
        "upload": true,
        "user": "ULYB25AMS",
        "display_as_bot": false,
        "ts": "1565339272.015800",
        "client_msg_id": "641555f0-5d9f-42ed-bb17-c3bd1269b090",
        "thread_ts": "1564903864.000900",
        "parent_user_id": "ULYB25AMS"
    },
    {
        "client_msg_id": "0b4bdb04-5ffa-4521-bb8d-d419b830beb4",
        "type": "message",
        "text": "Haaaa",
        "user": "U5M5PLH9S",
        "ts": "1565339308.016200",
        "team": "T5M5PLH8U",
        "user_team": "T5M5PLH8U",
        "source_team": "T5M5PLH8U",
        "user_profile": {
            "avatar_hash": "e4fb6ae9f526",
            "image_72": "https:\/\/avatars.slack-edge.com\/2017-06-01\/191144530514_e4fb6ae9f526531fd41c_72.jpg",
            "first_name": "",
            "real_name": "kelu",
            "display_name": "",
            "team": "T5M5PLH8U",
            "name": "kelu",
            "is_restricted": false,
            "is_ultra_restricted": false
        },
        "thread_ts": "1564903864.000900",
        "parent_user_id": "ULYB25AMS"
    },
    {
        "client_msg_id": "b5ef4343-e499-49fa-9ae6-0421edc87006",
        "type": "message",
        "text": "Your lib is not pyUn0, its named pyUn01",
        "user": "U5M5PLH9S",
        "ts": "1565339330.016400",
        "team": "T5M5PLH8U",
        "user_team": "T5M5PLH8U",
        "source_team": "T5M5PLH8U",
        "user_profile": {
            "avatar_hash": "e4fb6ae9f526",
            "image_72": "https:\/\/avatars.slack-edge.com\/2017-06-01\/191144530514_e4fb6ae9f526531fd41c_72.jpg",
            "first_name": "",
            "real_name": "kelu",
            "display_name": "",
            "team": "T5M5PLH8U",
            "name": "kelu",
            "is_restricted": false,
            "is_ultra_restricted": false
        },
        "thread_ts": "1564903864.000900",
        "parent_user_id": "ULYB25AMS"
    },
    {
        "client_msg_id": "eafd9b1e-de3b-4d46-91f9-aad5c13d8daa",
        "type": "message",
        "text": "So replace the import pyun0 with import pyun01 :p",
        "user": "U5M5PLH9S",
        "ts": "1565339355.016600",
        "team": "T5M5PLH8U",
        "user_team": "T5M5PLH8U",
        "source_team": "T5M5PLH8U",
        "user_profile": {
            "avatar_hash": "e4fb6ae9f526",
            "image_72": "https:\/\/avatars.slack-edge.com\/2017-06-01\/191144530514_e4fb6ae9f526531fd41c_72.jpg",
            "first_name": "",
            "real_name": "kelu",
            "display_name": "",
            "team": "T5M5PLH8U",
            "name": "kelu",
            "is_restricted": false,
            "is_ultra_restricted": false
        },
        "thread_ts": "1564903864.000900",
        "parent_user_id": "ULYB25AMS"
    },
    {
        "client_msg_id": "6906e37d-fb89-41b1-99ce-68ba517b3338",
        "type": "message",
        "text": "And restart the kernel with original x.test_spi",
        "user": "U5M5PLH9S",
        "ts": "1565339401.016800",
        "team": "T5M5PLH8U",
        "user_team": "T5M5PLH8U",
        "source_team": "T5M5PLH8U",
        "user_profile": {
            "avatar_hash": "e4fb6ae9f526",
            "image_72": "https:\/\/avatars.slack-edge.com\/2017-06-01\/191144530514_e4fb6ae9f526531fd41c_72.jpg",
            "first_name": "",
            "real_name": "kelu",
            "display_name": "",
            "team": "T5M5PLH8U",
            "name": "kelu",
            "is_restricted": false,
            "is_ultra_restricted": false
        },
        "thread_ts": "1564903864.000900",
        "parent_user_id": "ULYB25AMS"
    },
    {
        "type": "message",
        "text": "Thank you for helping me. I did it with pyUn0 and I could see that it was flashing 3 times.\nExecute immediately after verification The following error occurred during the source process",
        "files": [
            {
                "id": "FM9A7UZ0F",
                "created": 1565342388,
                "timestamp": 1565342388,
                "name": "image.png",
                "title": "image.png",
                "mimetype": "image\/png",
                "filetype": "png",
                "pretty_type": "PNG",
                "user": "ULYB25AMS",
                "editable": false,
                "size": 107918,
                "mode": "hosted",
                "is_external": false,
                "external_type": "",
                "is_public": true,
                "public_url_shared": false,
                "display_as_bot": false,
                "username": "",
                "url_private": "https:\/\/files.slack.com\/files-pri\/T5M5PLH8U-FM9A7UZ0F\/image.png?t=xoxe-191193697300-1655641665238-1662624174259-9d4966033b52bec8bbd54ad611c52557",
                "url_private_download": "https:\/\/files.slack.com\/files-pri\/T5M5PLH8U-FM9A7UZ0F\/download\/image.png?t=xoxe-191193697300-1655641665238-1662624174259-9d4966033b52bec8bbd54ad611c52557",
                "thumb_64": "https:\/\/files.slack.com\/files-tmb\/T5M5PLH8U-FM9A7UZ0F-796a89799c\/image_64.png?t=xoxe-191193697300-1655641665238-1662624174259-9d4966033b52bec8bbd54ad611c52557",
                "thumb_80": "https:\/\/files.slack.com\/files-tmb\/T5M5PLH8U-FM9A7UZ0F-796a89799c\/image_80.png?t=xoxe-191193697300-1655641665238-1662624174259-9d4966033b52bec8bbd54ad611c52557",
                "thumb_360": "https:\/\/files.slack.com\/files-tmb\/T5M5PLH8U-FM9A7UZ0F-796a89799c\/image_360.png?t=xoxe-191193697300-1655641665238-1662624174259-9d4966033b52bec8bbd54ad611c52557",
                "thumb_360_w": 360,
                "thumb_360_h": 267,
                "thumb_480": "https:\/\/files.slack.com\/files-tmb\/T5M5PLH8U-FM9A7UZ0F-796a89799c\/image_480.png?t=xoxe-191193697300-1655641665238-1662624174259-9d4966033b52bec8bbd54ad611c52557",
                "thumb_480_w": 480,
                "thumb_480_h": 356,
                "thumb_160": "https:\/\/files.slack.com\/files-tmb\/T5M5PLH8U-FM9A7UZ0F-796a89799c\/image_160.png?t=xoxe-191193697300-1655641665238-1662624174259-9d4966033b52bec8bbd54ad611c52557",
                "thumb_720": "https:\/\/files.slack.com\/files-tmb\/T5M5PLH8U-FM9A7UZ0F-796a89799c\/image_720.png?t=xoxe-191193697300-1655641665238-1662624174259-9d4966033b52bec8bbd54ad611c52557",
                "thumb_720_w": 720,
                "thumb_720_h": 534,
                "thumb_800": "https:\/\/files.slack.com\/files-tmb\/T5M5PLH8U-FM9A7UZ0F-796a89799c\/image_800.png?t=xoxe-191193697300-1655641665238-1662624174259-9d4966033b52bec8bbd54ad611c52557",
                "thumb_800_w": 800,
                "thumb_800_h": 593,
                "thumb_960": "https:\/\/files.slack.com\/files-tmb\/T5M5PLH8U-FM9A7UZ0F-796a89799c\/image_960.png?t=xoxe-191193697300-1655641665238-1662624174259-9d4966033b52bec8bbd54ad611c52557",
                "thumb_960_w": 960,
                "thumb_960_h": 712,
                "thumb_1024": "https:\/\/files.slack.com\/files-tmb\/T5M5PLH8U-FM9A7UZ0F-796a89799c\/image_1024.png?t=xoxe-191193697300-1655641665238-1662624174259-9d4966033b52bec8bbd54ad611c52557",
                "thumb_1024_w": 1024,
                "thumb_1024_h": 759,
                "image_exif_rotation": 1,
                "original_w": 1954,
                "original_h": 1449,
                "permalink": "https:\/\/usdevkit.slack.com\/files\/ULYB25AMS\/FM9A7UZ0F\/image.png",
                "permalink_public": "https:\/\/slack-files.com\/T5M5PLH8U-FM9A7UZ0F-3f25165533",
                "is_starred": false,
                "has_rich_preview": false
            }
        ],
        "upload": true,
        "user": "ULYB25AMS",
        "display_as_bot": false,
        "ts": "1565342390.017000",
        "client_msg_id": "9c205549-70ac-4d26-8806-be09dda25799",
        "thread_ts": "1564903864.000900",
        "parent_user_id": "ULYB25AMS"
    },
    {
        "client_msg_id": "77f34ac8-b6b5-4697-9260-bfe894873c7b",
        "type": "message",
        "text": "Cool, if that's flashing then the communication works good",
        "user": "U5M5PLH9S",
        "ts": "1565342434.017400",
        "team": "T5M5PLH8U",
        "user_team": "T5M5PLH8U",
        "source_team": "T5M5PLH8U",
        "user_profile": {
            "avatar_hash": "e4fb6ae9f526",
            "image_72": "https:\/\/avatars.slack-edge.com\/2017-06-01\/191144530514_e4fb6ae9f526531fd41c_72.jpg",
            "first_name": "",
            "real_name": "kelu",
            "display_name": "",
            "team": "T5M5PLH8U",
            "name": "kelu",
            "is_restricted": false,
            "is_ultra_restricted": false
        },
        "thread_ts": "1564903864.000900",
        "parent_user_id": "ULYB25AMS"
    },
    {
        "client_msg_id": "76552b3d-f77d-4ef5-ab3e-6557629f2780",
        "type": "message",
        "text": "don't use this old code and lib",
        "user": "U5M5PLH9S",
        "ts": "1565342438.017600",
        "team": "T5M5PLH8U",
        "user_team": "T5M5PLH8U",
        "source_team": "T5M5PLH8U",
        "user_profile": {
            "avatar_hash": "e4fb6ae9f526",
            "image_72": "https:\/\/avatars.slack-edge.com\/2017-06-01\/191144530514_e4fb6ae9f526531fd41c_72.jpg",
            "first_name": "",
            "real_name": "kelu",
            "display_name": "",
            "team": "T5M5PLH8U",
            "name": "kelu",
            "is_restricted": false,
            "is_ultra_restricted": false
        },
        "thread_ts": "1564903864.000900",
        "parent_user_id": "ULYB25AMS"
    },
    {
        "client_msg_id": "31e3f172-d570-4635-98ac-17aee3795043",
        "type": "message",
        "text": "just take the new lib I've created (and from which you can reuse code)",
        "user": "U5M5PLH9S",
        "ts": "1565342451.017800",
        "team": "T5M5PLH8U",
        "user_team": "T5M5PLH8U",
        "source_team": "T5M5PLH8U",
        "user_profile": {
            "avatar_hash": "e4fb6ae9f526",
            "image_72": "https:\/\/avatars.slack-edge.com\/2017-06-01\/191144530514_e4fb6ae9f526531fd41c_72.jpg",
            "first_name": "",
            "real_name": "kelu",
            "display_name": "",
            "team": "T5M5PLH8U",
            "name": "kelu",
            "is_restricted": false,
            "is_ultra_restricted": false
        },
        "thread_ts": "1564903864.000900",
        "parent_user_id": "ULYB25AMS"
    },
    {
        "client_msg_id": "794e0060-0a53-492f-b150-6028dd667533",
        "type": "message",
        "text": "from the shell, with the right version of pyUn0, run the following:\npython pyUn0.py single\nit should produce a json. Then run\npython pyUn0.py process\nand that will create the images",
        "user": "U5M5PLH9S",
        "ts": "1565342495.018000",
        "team": "T5M5PLH8U",
        "user_team": "T5M5PLH8U",
        "source_team": "T5M5PLH8U",
        "user_profile": {
            "avatar_hash": "e4fb6ae9f526",
            "image_72": "https:\/\/avatars.slack-edge.com\/2017-06-01\/191144530514_e4fb6ae9f526531fd41c_72.jpg",
            "first_name": "",
            "real_name": "kelu",
            "display_name": "",
            "team": "T5M5PLH8U",
            "name": "kelu",
            "is_restricted": false,
            "is_ultra_restricted": false
        },
        "thread_ts": "1564903864.000900",
        "parent_user_id": "ULYB25AMS"
    },
    {
        "client_msg_id": "501fb419-c0bb-4e89-af34-7f81ed0dea83",
        "type": "message",
        "text": "Please do get inspiration from the pyUn0 lib - i've made efforts to streamline code and make it easier to use from the lib directly :smiley:",
        "user": "U5M5PLH9S",
        "ts": "1565342771.018200",
        "team": "T5M5PLH8U",
        "user_team": "T5M5PLH8U",
        "source_team": "T5M5PLH8U",
        "user_profile": {
            "avatar_hash": "e4fb6ae9f526",
            "image_72": "https:\/\/avatars.slack-edge.com\/2017-06-01\/191144530514_e4fb6ae9f526531fd41c_72.jpg",
            "first_name": "",
            "real_name": "kelu",
            "display_name": "",
            "team": "T5M5PLH8U",
            "name": "kelu",
            "is_restricted": false,
            "is_ultra_restricted": false
        },
        "thread_ts": "1564903864.000900",
        "parent_user_id": "ULYB25AMS"
    },
    {
        "client_msg_id": "cff858b3-ee01-4da7-961f-dfbad33bd6ef",
        "type": "message",
        "text": "It's works.\nThank you..",
        "user": "ULYB25AMS",
        "ts": "1565343079.018400",
        "team": "T5M5PLH8U",
        "user_team": "T5M5PLH8U",
        "source_team": "T5M5PLH8U",
        "user_profile": {
            "avatar_hash": "gd49897152a4",
            "image_72": "https:\/\/secure.gravatar.com\/avatar\/bd49897152a4babe660efcb5e4f11c35.jpg?s=72&d=https%3A%2F%2Fa.slack-edge.com%2Fdf10d%2Fimg%2Favatars%2Fava_0002-72.png",
            "first_name": "Kim",
            "real_name": "Kim Jae Sik",
            "display_name": "Kim Jae Sik",
            "team": "T5M5PLH8U",
            "name": "wotlr6427",
            "is_restricted": false,
            "is_ultra_restricted": false
        },
        "thread_ts": "1564903864.000900",
        "parent_user_id": "ULYB25AMS",
        "reactions": [
            {
                "name": "heart",
                "users": [
                    "U5M5PLH9S"
                ],
                "count": 1
            },
            {
                "name": "nerd_face",
                "users": [
                    "U5M5PLH9S"
                ],
                "count": 1
            },
            {
                "name": "star-struck",
                "users": [
                    "U5M5PLH9S"
                ],
                "count": 1
            }
        ]
    },
    {
        "client_msg_id": "cf94f094-a9c2-483e-91e2-0fe3d3691965",
        "type": "message",
        "text": "Hahaha thanks for your patience :)",
        "user": "U5M5PLH9S",
        "ts": "1565343954.018600",
        "team": "T5M5PLH8U",
        "user_team": "T5M5PLH8U",
        "source_team": "T5M5PLH8U",
        "user_profile": {
            "avatar_hash": "e4fb6ae9f526",
            "image_72": "https:\/\/avatars.slack-edge.com\/2017-06-01\/191144530514_e4fb6ae9f526531fd41c_72.jpg",
            "first_name": "",
            "real_name": "kelu",
            "display_name": "",
            "team": "T5M5PLH8U",
            "name": "kelu",
            "is_restricted": false,
            "is_ultra_restricted": false
        },
        "thread_ts": "1564903864.000900",
        "parent_user_id": "ULYB25AMS"
    },
    {
        "client_msg_id": "e69edec1-5563-4eac-bfd1-89cd40b211d3",
        "type": "message",
        "text": "Would mind sharing some images when you have ?",
        "user": "U5M5PLH9S",
        "ts": "1565343968.018800",
        "team": "T5M5PLH8U",
        "user_team": "T5M5PLH8U",
        "source_team": "T5M5PLH8U",
        "user_profile": {
            "avatar_hash": "e4fb6ae9f526",
            "image_72": "https:\/\/avatars.slack-edge.com\/2017-06-01\/191144530514_e4fb6ae9f526531fd41c_72.jpg",
            "first_name": "",
            "real_name": "kelu",
            "display_name": "",
            "team": "T5M5PLH8U",
            "name": "kelu",
            "is_restricted": false,
            "is_ultra_restricted": false
        },
        "thread_ts": "1564903864.000900",
        "parent_user_id": "ULYB25AMS"
    },
    {
        "client_msg_id": "f7d8615a-7a2c-4284-abd5-6c941382d353",
        "type": "message",
        "text": "Okay. I'll go to the lab next week and send the picture. Thanks a lot.",
        "user": "ULYB25AMS",
        "ts": "1565354147.019300",
        "team": "T5M5PLH8U",
        "user_team": "T5M5PLH8U",
        "source_team": "T5M5PLH8U",
        "user_profile": {
            "avatar_hash": "gd49897152a4",
            "image_72": "https:\/\/secure.gravatar.com\/avatar\/bd49897152a4babe660efcb5e4f11c35.jpg?s=72&d=https%3A%2F%2Fa.slack-edge.com%2Fdf10d%2Fimg%2Favatars%2Fava_0002-72.png",
            "first_name": "Kim",
            "real_name": "Kim Jae Sik",
            "display_name": "Kim Jae Sik",
            "team": "T5M5PLH8U",
            "name": "wotlr6427",
            "is_restricted": false,
            "is_ultra_restricted": false
        },
        "thread_ts": "1564903864.000900",
        "parent_user_id": "ULYB25AMS"
    },
    {
        "client_msg_id": "eb5fefc7-594d-4699-9f26-cc4db867d29e",
        "type": "message",
        "text": "Have a great weekend <@ULYB25AMS>",
        "user": "U5M5PLH9S",
        "ts": "1565360107.019500",
        "team": "T5M5PLH8U",
        "user_team": "T5M5PLH8U",
        "source_team": "T5M5PLH8U",
        "user_profile": {
            "avatar_hash": "e4fb6ae9f526",
            "image_72": "https:\/\/avatars.slack-edge.com\/2017-06-01\/191144530514_e4fb6ae9f526531fd41c_72.jpg",
            "first_name": "",
            "real_name": "kelu",
            "display_name": "",
            "team": "T5M5PLH8U",
            "name": "kelu",
            "is_restricted": false,
            "is_ultra_restricted": false
        },
        "thread_ts": "1564903864.000900",
        "parent_user_id": "ULYB25AMS"
    }
]