[
    {
        "client_msg_id": "1dbbe6e7-7bbb-4183-88e6-e3b0b7f415a1",
        "type": "message",
        "text": "Thank you for your kind reply.",
        "user": "ULYB25AMS",
        "ts": "1570438384.006400",
        "team": "T5M5PLH8U",
        "user_team": "T5M5PLH8U",
        "source_team": "T5M5PLH8U",
        "user_profile": {
            "avatar_hash": "gd49897152a4",
            "image_72": "https:\/\/secure.gravatar.com\/avatar\/bd49897152a4babe660efcb5e4f11c35.jpg?s=72&d=https%3A%2F%2Fa.slack-edge.com%2Fdf10d%2Fimg%2Favatars%2Fava_0002-72.png",
            "first_name": "Kim",
            "real_name": "Kim Jae Sik",
            "display_name": "Kim Jae Sik",
            "team": "T5M5PLH8U",
            "name": "wotlr6427",
            "is_restricted": false,
            "is_ultra_restricted": false
        },
        "thread_ts": "1564903864.000900",
        "parent_user_id": "ULYB25AMS"
    },
    {
        "type": "message",
        "text": "Error occurred during image creation process when trying new SD card again.\nI will attach the image together.\nCan you tell me what the problem is?",
        "files": [
            {
                "id": "FNSD3MLRZ",
                "created": 1570438400,
                "timestamp": 1570438400,
                "name": "image.png",
                "title": "image.png",
                "mimetype": "image\/png",
                "filetype": "png",
                "pretty_type": "PNG",
                "user": "ULYB25AMS",
                "editable": false,
                "size": 120043,
                "mode": "hosted",
                "is_external": false,
                "external_type": "",
                "is_public": true,
                "public_url_shared": false,
                "display_as_bot": false,
                "username": "",
                "url_private": "https:\/\/files.slack.com\/files-pri\/T5M5PLH8U-FNSD3MLRZ\/image.png?t=xoxe-191193697300-1655641665238-1662624174259-9d4966033b52bec8bbd54ad611c52557",
                "url_private_download": "https:\/\/files.slack.com\/files-pri\/T5M5PLH8U-FNSD3MLRZ\/download\/image.png?t=xoxe-191193697300-1655641665238-1662624174259-9d4966033b52bec8bbd54ad611c52557",
                "thumb_64": "https:\/\/files.slack.com\/files-tmb\/T5M5PLH8U-FNSD3MLRZ-ee5723b900\/image_64.png?t=xoxe-191193697300-1655641665238-1662624174259-9d4966033b52bec8bbd54ad611c52557",
                "thumb_80": "https:\/\/files.slack.com\/files-tmb\/T5M5PLH8U-FNSD3MLRZ-ee5723b900\/image_80.png?t=xoxe-191193697300-1655641665238-1662624174259-9d4966033b52bec8bbd54ad611c52557",
                "thumb_360": "https:\/\/files.slack.com\/files-tmb\/T5M5PLH8U-FNSD3MLRZ-ee5723b900\/image_360.png?t=xoxe-191193697300-1655641665238-1662624174259-9d4966033b52bec8bbd54ad611c52557",
                "thumb_360_w": 360,
                "thumb_360_h": 349,
                "thumb_480": "https:\/\/files.slack.com\/files-tmb\/T5M5PLH8U-FNSD3MLRZ-ee5723b900\/image_480.png?t=xoxe-191193697300-1655641665238-1662624174259-9d4966033b52bec8bbd54ad611c52557",
                "thumb_480_w": 480,
                "thumb_480_h": 466,
                "thumb_160": "https:\/\/files.slack.com\/files-tmb\/T5M5PLH8U-FNSD3MLRZ-ee5723b900\/image_160.png?t=xoxe-191193697300-1655641665238-1662624174259-9d4966033b52bec8bbd54ad611c52557",
                "thumb_720": "https:\/\/files.slack.com\/files-tmb\/T5M5PLH8U-FNSD3MLRZ-ee5723b900\/image_720.png?t=xoxe-191193697300-1655641665238-1662624174259-9d4966033b52bec8bbd54ad611c52557",
                "thumb_720_w": 720,
                "thumb_720_h": 698,
                "thumb_800": "https:\/\/files.slack.com\/files-tmb\/T5M5PLH8U-FNSD3MLRZ-ee5723b900\/image_800.png?t=xoxe-191193697300-1655641665238-1662624174259-9d4966033b52bec8bbd54ad611c52557",
                "thumb_800_w": 800,
                "thumb_800_h": 776,
                "thumb_960": "https:\/\/files.slack.com\/files-tmb\/T5M5PLH8U-FNSD3MLRZ-ee5723b900\/image_960.png?t=xoxe-191193697300-1655641665238-1662624174259-9d4966033b52bec8bbd54ad611c52557",
                "thumb_960_w": 960,
                "thumb_960_h": 931,
                "thumb_1024": "https:\/\/files.slack.com\/files-tmb\/T5M5PLH8U-FNSD3MLRZ-ee5723b900\/image_1024.png?t=xoxe-191193697300-1655641665238-1662624174259-9d4966033b52bec8bbd54ad611c52557",
                "thumb_1024_w": 1024,
                "thumb_1024_h": 993,
                "image_exif_rotation": 1,
                "original_w": 1725,
                "original_h": 1673,
                "thumb_tiny": "AwAuADDSI5oxSmk6UAFGKWigBMUYpaKAA0n1pT2pKAFopKWgAooooADSUppKAClpKUUAFFFFAH\/\/2Q==",
                "permalink": "https:\/\/usdevkit.slack.com\/files\/ULYB25AMS\/FNSD3MLRZ\/image.png",
                "permalink_public": "https:\/\/slack-files.com\/T5M5PLH8U-FNSD3MLRZ-3a4a93c084",
                "is_starred": false,
                "has_rich_preview": false
            }
        ],
        "upload": true,
        "user": "ULYB25AMS",
        "display_as_bot": false,
        "ts": "1570438404.006600",
        "client_msg_id": "2eded7ab-583a-465f-9d42-94478f107bde",
        "thread_ts": "1564903864.000900",
        "parent_user_id": "ULYB25AMS"
    },
    {
        "type": "message",
        "text": "Also, I will attach JSON file.",
        "files": [
            {
                "id": "FP3TEQJ3F",
                "created": 1570438475,
                "timestamp": 1570438475,
                "name": "20191007a-3.json",
                "title": "20191007a-3.json",
                "mimetype": "text\/plain",
                "filetype": "javascript",
                "pretty_type": "JavaScript\/JSON",
                "user": "ULYB25AMS",
                "editable": true,
                "size": 125808,
                "mode": "snippet",
                "is_external": false,
                "external_type": "",
                "is_public": true,
                "public_url_shared": false,
                "display_as_bot": false,
                "username": "",
                "url_private": "https:\/\/files.slack.com\/files-pri\/T5M5PLH8U-FP3TEQJ3F\/20191007a-3.json?t=xoxe-191193697300-1655641665238-1662624174259-9d4966033b52bec8bbd54ad611c52557",
                "url_private_download": "https:\/\/files.slack.com\/files-pri\/T5M5PLH8U-FP3TEQJ3F\/download\/20191007a-3.json?t=xoxe-191193697300-1655641665238-1662624174259-9d4966033b52bec8bbd54ad611c52557",
                "permalink": "https:\/\/usdevkit.slack.com\/files\/ULYB25AMS\/FP3TEQJ3F\/20191007a-3.json",
                "permalink_public": "https:\/\/slack-files.com\/T5M5PLH8U-FP3TEQJ3F-ea537b3f5d",
                "edit_link": "https:\/\/usdevkit.slack.com\/files\/ULYB25AMS\/FP3TEQJ3F\/20191007a-3.json\/edit",
                "is_starred": false,
                "has_rich_preview": false
            }
        ],
        "upload": true,
        "user": "ULYB25AMS",
        "display_as_bot": false,
        "ts": "1570438476.007000",
        "client_msg_id": "66de47cf-d374-4520-ade6-db301d0526f5",
        "thread_ts": "1564903864.000900",
        "parent_user_id": "ULYB25AMS"
    }
]