[
    {
        "type": "message",
        "subtype": "channel_join",
        "ts": "1566872649.035400",
        "user": "UMDJSHV8A",
        "text": "<@UMDJSHV8A> has joined the channel"
    },
    {
        "type": "message",
        "subtype": "channel_join",
        "ts": "1566872943.035600",
        "user": "UMR2MRB6C",
        "text": "<@UMR2MRB6C> has joined the channel"
    },
    {
        "type": "message",
        "subtype": "channel_join",
        "ts": "1566872945.035800",
        "user": "UMJLWHPLZ",
        "text": "<@UMJLWHPLZ> has joined the channel"
    }
]