[
    {
        "client_msg_id": "f8f83fc9-6217-4fd8-80e3-832ef5d852c8",
        "type": "message",
        "text": "Thanks for raising thism. It seems that you have not installed the pyexiv2 lib, it may have become retired.",
        "user": "U5M5PLH9S",
        "ts": "1570525286.007400",
        "team": "T5M5PLH8U",
        "user_team": "T5M5PLH8U",
        "source_team": "T5M5PLH8U",
        "user_profile": {
            "avatar_hash": "e4fb6ae9f526",
            "image_72": "https:\/\/avatars.slack-edge.com\/2017-06-01\/191144530514_e4fb6ae9f526531fd41c_72.jpg",
            "first_name": "",
            "real_name": "kelu",
            "display_name": "",
            "team": "T5M5PLH8U",
            "name": "kelu",
            "is_restricted": false,
            "is_ultra_restricted": false
        },
        "thread_ts": "1564903864.000900",
        "parent_user_id": "ULYB25AMS"
    }
]