[
    {
        "type": "message",
        "text": "The pHAT is coming :wink:",
        "files": [
            {
                "id": "FFK36172A",
                "created": 1547842957,
                "timestamp": 1547842957,
                "name": "lit3rick.png",
                "title": "lit3rick.png",
                "mimetype": "image\/png",
                "filetype": "png",
                "pretty_type": "PNG",
                "user": "U5M5PLH9S",
                "editable": false,
                "size": 176813,
                "mode": "hosted",
                "is_external": false,
                "external_type": "",
                "is_public": true,
                "public_url_shared": false,
                "display_as_bot": false,
                "username": "",
                "url_private": "https:\/\/files.slack.com\/files-pri\/T5M5PLH8U-FFK36172A\/lit3rick.png?t=xoxe-191193697300-1655641665238-1662624174259-9d4966033b52bec8bbd54ad611c52557",
                "url_private_download": "https:\/\/files.slack.com\/files-pri\/T5M5PLH8U-FFK36172A\/download\/lit3rick.png?t=xoxe-191193697300-1655641665238-1662624174259-9d4966033b52bec8bbd54ad611c52557",
                "thumb_64": "https:\/\/files.slack.com\/files-tmb\/T5M5PLH8U-FFK36172A-c01ff47236\/lit3rick_64.png?t=xoxe-191193697300-1655641665238-1662624174259-9d4966033b52bec8bbd54ad611c52557",
                "thumb_80": "https:\/\/files.slack.com\/files-tmb\/T5M5PLH8U-FFK36172A-c01ff47236\/lit3rick_80.png?t=xoxe-191193697300-1655641665238-1662624174259-9d4966033b52bec8bbd54ad611c52557",
                "thumb_360": "https:\/\/files.slack.com\/files-tmb\/T5M5PLH8U-FFK36172A-c01ff47236\/lit3rick_360.png?t=xoxe-191193697300-1655641665238-1662624174259-9d4966033b52bec8bbd54ad611c52557",
                "thumb_360_w": 360,
                "thumb_360_h": 175,
                "thumb_480": "https:\/\/files.slack.com\/files-tmb\/T5M5PLH8U-FFK36172A-c01ff47236\/lit3rick_480.png?t=xoxe-191193697300-1655641665238-1662624174259-9d4966033b52bec8bbd54ad611c52557",
                "thumb_480_w": 480,
                "thumb_480_h": 234,
                "thumb_160": "https:\/\/files.slack.com\/files-tmb\/T5M5PLH8U-FFK36172A-c01ff47236\/lit3rick_160.png?t=xoxe-191193697300-1655641665238-1662624174259-9d4966033b52bec8bbd54ad611c52557",
                "image_exif_rotation": 1,
                "original_w": 630,
                "original_h": 307,
                "permalink": "https:\/\/usdevkit.slack.com\/files\/U5M5PLH9S\/FFK36172A\/lit3rick.png",
                "permalink_public": "https:\/\/slack-files.com\/T5M5PLH8U-FFK36172A-c3b585ac69",
                "is_starred": false,
                "has_rich_preview": false
            }
        ],
        "upload": true,
        "user": "U5M5PLH9S",
        "display_as_bot": false,
        "ts": "1547842961.133600",
        "edited": {
            "user": "U5M5PLH9S",
            "ts": "1547843016.000000"
        }
    },
    {
        "type": "message",
        "subtype": "bot_message",
        "text": "",
        "ts": "1547842969.134000",
        "bot_id": "BFK32LTAA",
        "thread_ts": "1547842969.134000",
        "reply_count": 1,
        "reply_users_count": 1,
        "latest_reply": "1548875818.152600",
        "reply_users": [
            "U8DP2NWAD"
        ],
        "replies": [
            {
                "user": "U8DP2NWAD",
                "ts": "1548875818.152600"
            }
        ],
        "subscribed": false,
        "attachments": [
            {
                "fallback": "Open Slack to cast your vote in this Simple Poll",
                "title": "Hi <!everyone>, a quick question for you. The pHAT extension is coming soon, but I need to select the right ADC for it. Speed can go up to 65Msps, but I need to select the number of bits. Which one do you prefer? Don't hesitate to comment :)",
                "id": 1,
                "color": "6ecadc",
                "fields": [
                    {
                        "title": "",
                        "value": ":one: 10bits (around 250$ board)    `2`\n<@U5M5PLH9S>, <@U8DP2NWAD>\n\n",
                        "short": false
                    },
                    {
                        "title": "",
                        "value": ":two: 14bits (but it adds ~40$ to costs)    `3`\n<@UF0SXEJ0M>, <@UF90LJWTH>, <@UGR3ZBDDE>\n\n",
                        "short": false
                    }
                ],
                "mrkdwn_in": [
                    "fields"
                ]
            },
            {
                "callback_id": "489cd002-5f41-435b-8403-100907683bf0",
                "fallback": "Open Slack to cast your vote in this Simple Poll",
                "id": 2,
                "color": "6ecadc",
                "actions": [
                    {
                        "id": "1",
                        "name": "vote",
                        "text": ":one:",
                        "type": "button",
                        "value": "1",
                        "style": ""
                    },
                    {
                        "id": "2",
                        "name": "vote",
                        "text": ":two:",
                        "type": "button",
                        "value": "2",
                        "style": ""
                    },
                    {
                        "id": "3",
                        "name": "delete-v2",
                        "text": "Delete Poll",
                        "type": "button",
                        "value": "",
                        "style": "danger",
                        "confirm": {
                            "text": "Are you sure you want to delete the Poll?",
                            "title": "Delete Poll?",
                            "ok_text": "Yes",
                            "dismiss_text": "No"
                        }
                    }
                ]
            },
            {
                "callback_id": "489cd002-5f41-435b-8403-100907683bf0",
                "fallback": "Open Slack to cast your vote in this Simple Poll",
                "footer": "Simple Poll        <https:\/\/simplepoll.rocks\/dashboard\/usdevkit\/settings\/|Edit Settings>",
                "id": 3,
                "footer_icon": "https:\/\/simplepoll.rocks\/static\/main\/favicon.png",
                "color": "6ecadc"
            }
        ]
    }
]