[
    {
        "client_msg_id": "6c0a1c8b-bb39-4c8d-ac34-e58e24fd8d89",
        "type": "message",
        "text": "Waayy too slow, I shouldn't be out with friends that much if i wanted to move forward...",
        "user": "U5M5PLH9S",
        "ts": "1550921993.001300",
        "team": "T5M5PLH8U",
        "user_team": "T5M5PLH8U",
        "source_team": "T5M5PLH8U",
        "user_profile": {
            "avatar_hash": "e4fb6ae9f526",
            "image_72": "https:\/\/avatars.slack-edge.com\/2017-06-01\/191144530514_e4fb6ae9f526531fd41c_72.jpg",
            "first_name": "",
            "real_name": "kelu",
            "display_name": "",
            "team": "T5M5PLH8U",
            "name": "kelu",
            "is_restricted": false,
            "is_ultra_restricted": false
        },
        "thread_ts": "1550891460.001100",
        "parent_user_id": "UF0SXEJ0M"
    },
    {
        "type": "message",
        "text": "During this time, a limited edition is undergoing checks :wink:",
        "files": [
            {
                "id": "FGF4BQY02",
                "created": 1550958343,
                "timestamp": 1550958343,
                "name": "P_20190223_181849.png",
                "title": "P_20190223_181849.png",
                "mimetype": "image\/png",
                "filetype": "png",
                "pretty_type": "PNG",
                "user": "U5M5PLH9S",
                "editable": false,
                "size": 2683049,
                "mode": "hosted",
                "is_external": false,
                "external_type": "",
                "is_public": true,
                "public_url_shared": false,
                "display_as_bot": false,
                "username": "",
                "url_private": "https:\/\/files.slack.com\/files-pri\/T5M5PLH8U-FGF4BQY02\/p_20190223_181849.png?t=xoxe-191193697300-1655641665238-1662624174259-9d4966033b52bec8bbd54ad611c52557",
                "url_private_download": "https:\/\/files.slack.com\/files-pri\/T5M5PLH8U-FGF4BQY02\/download\/p_20190223_181849.png?t=xoxe-191193697300-1655641665238-1662624174259-9d4966033b52bec8bbd54ad611c52557",
                "thumb_64": "https:\/\/files.slack.com\/files-tmb\/T5M5PLH8U-FGF4BQY02-818ab655b9\/p_20190223_181849_64.png?t=xoxe-191193697300-1655641665238-1662624174259-9d4966033b52bec8bbd54ad611c52557",
                "thumb_80": "https:\/\/files.slack.com\/files-tmb\/T5M5PLH8U-FGF4BQY02-818ab655b9\/p_20190223_181849_80.png?t=xoxe-191193697300-1655641665238-1662624174259-9d4966033b52bec8bbd54ad611c52557",
                "thumb_360": "https:\/\/files.slack.com\/files-tmb\/T5M5PLH8U-FGF4BQY02-818ab655b9\/p_20190223_181849_360.png?t=xoxe-191193697300-1655641665238-1662624174259-9d4966033b52bec8bbd54ad611c52557",
                "thumb_360_w": 360,
                "thumb_360_h": 200,
                "thumb_480": "https:\/\/files.slack.com\/files-tmb\/T5M5PLH8U-FGF4BQY02-818ab655b9\/p_20190223_181849_480.png?t=xoxe-191193697300-1655641665238-1662624174259-9d4966033b52bec8bbd54ad611c52557",
                "thumb_480_w": 480,
                "thumb_480_h": 267,
                "thumb_160": "https:\/\/files.slack.com\/files-tmb\/T5M5PLH8U-FGF4BQY02-818ab655b9\/p_20190223_181849_160.png?t=xoxe-191193697300-1655641665238-1662624174259-9d4966033b52bec8bbd54ad611c52557",
                "thumb_720": "https:\/\/files.slack.com\/files-tmb\/T5M5PLH8U-FGF4BQY02-818ab655b9\/p_20190223_181849_720.png?t=xoxe-191193697300-1655641665238-1662624174259-9d4966033b52bec8bbd54ad611c52557",
                "thumb_720_w": 720,
                "thumb_720_h": 400,
                "thumb_800": "https:\/\/files.slack.com\/files-tmb\/T5M5PLH8U-FGF4BQY02-818ab655b9\/p_20190223_181849_800.png?t=xoxe-191193697300-1655641665238-1662624174259-9d4966033b52bec8bbd54ad611c52557",
                "thumb_800_w": 800,
                "thumb_800_h": 444,
                "thumb_960": "https:\/\/files.slack.com\/files-tmb\/T5M5PLH8U-FGF4BQY02-818ab655b9\/p_20190223_181849_960.png?t=xoxe-191193697300-1655641665238-1662624174259-9d4966033b52bec8bbd54ad611c52557",
                "thumb_960_w": 960,
                "thumb_960_h": 533,
                "thumb_1024": "https:\/\/files.slack.com\/files-tmb\/T5M5PLH8U-FGF4BQY02-818ab655b9\/p_20190223_181849_1024.png?t=xoxe-191193697300-1655641665238-1662624174259-9d4966033b52bec8bbd54ad611c52557",
                "thumb_1024_w": 1024,
                "thumb_1024_h": 569,
                "image_exif_rotation": 1,
                "original_w": 2024,
                "original_h": 1124,
                "permalink": "https:\/\/usdevkit.slack.com\/files\/U5M5PLH9S\/FGF4BQY02\/p_20190223_181849.png",
                "permalink_public": "https:\/\/slack-files.com\/T5M5PLH8U-FGF4BQY02-bb55c8bd57",
                "is_starred": false,
                "has_rich_preview": false
            }
        ],
        "upload": true,
        "user": "U5M5PLH9S",
        "display_as_bot": false,
        "ts": "1550958348.001500",
        "reactions": [
            {
                "name": "heart_eyes",
                "users": [
                    "U8Z3VB1T2"
                ],
                "count": 1
            },
            {
                "name": "gem",
                "users": [
                    "UF0SXEJ0M"
                ],
                "count": 1
            },
            {
                "name": "heart",
                "users": [
                    "UGR3ZBDDE"
                ],
                "count": 1
            }
        ]
    },
    {
        "client_msg_id": "345c7e8c-03ad-404f-90ff-4505b9324b14",
        "type": "message",
        "text": "Been working on it, wondering about the flash, it's a new one but behavior is weird",
        "user": "U5M5PLH9S",
        "ts": "1550958366.001800",
        "team": "T5M5PLH8U",
        "user_team": "T5M5PLH8U",
        "source_team": "T5M5PLH8U",
        "user_profile": {
            "avatar_hash": "e4fb6ae9f526",
            "image_72": "https:\/\/avatars.slack-edge.com\/2017-06-01\/191144530514_e4fb6ae9f526531fd41c_72.jpg",
            "first_name": "",
            "real_name": "kelu",
            "display_name": "",
            "team": "T5M5PLH8U",
            "name": "kelu",
            "is_restricted": false,
            "is_ultra_restricted": false
        },
        "thread_ts": "1550891460.001100",
        "parent_user_id": "UF0SXEJ0M"
    }
]