[
    {
        "client_msg_id": "59c31b00-abd2-4f22-a636-8e2466b51e0a",
        "type": "message",
        "text": "BTW, you didn't say if you need the receive part (LNA,VGA,ADC) ?",
        "user": "U5M5PLH9S",
        "ts": "1546761845.059800",
        "team": "T5M5PLH8U",
        "user_team": "T5M5PLH8U",
        "source_team": "T5M5PLH8U",
        "user_profile": {
            "avatar_hash": "e4fb6ae9f526",
            "image_72": "https:\/\/avatars.slack-edge.com\/2017-06-01\/191144530514_e4fb6ae9f526531fd41c_72.jpg",
            "first_name": "",
            "real_name": "kelu",
            "display_name": "",
            "team": "T5M5PLH8U",
            "name": "kelu",
            "is_restricted": false,
            "is_ultra_restricted": false
        },
        "thread_ts": "1545930762.011000",
        "parent_user_id": "UF0SXEJ0M"
    },
    {
        "client_msg_id": "1c67e0aa-9230-48ad-8d08-43b686cbdfe3",
        "type": "message",
        "text": "<https:\/\/www.adafruit.com\/product\/2270?gclid=EAIaIQobChMIudSTsJva3wIVgh-tBh3wTwYPEAQYBSABEgIN_fD_BwE>",
        "user": "UF0SXEJ0M",
        "ts": "1546814111.060700",
        "team": "T5M5PLH8U",
        "user_team": "T5M5PLH8U",
        "source_team": "T5M5PLH8U",
        "user_profile": {
            "avatar_hash": "caf9f1375af3",
            "image_72": "https:\/\/avatars.slack-edge.com\/2019-02-12\/549018718117_caf9f1375af3bfa9e7a6_72.jpg",
            "first_name": "Sterling",
            "real_name": "Sterling Cooley",
            "display_name": "Sterling",
            "team": "T5M5PLH8U",
            "name": "percyacct2020",
            "is_restricted": false,
            "is_ultra_restricted": false
        },
        "edited": {
            "user": "UF0SXEJ0M",
            "ts": "1547322764.000000"
        }
    },
    {
        "client_msg_id": "1e231bd3-2fca-4a79-9e6b-70d496ba1be6",
        "type": "message",
        "text": "Just thinking RE: Mezzanine connector, we could just use a bunch of 40 pin headers across the PCI card, keep the PCI card at 2 layers, and do all the complex routing on smaller 4 layer boards for each of the pluggable sub-boards",
        "user": "UF0SXEJ0M",
        "ts": "1546814190.062200",
        "team": "T5M5PLH8U",
        "user_team": "T5M5PLH8U",
        "source_team": "T5M5PLH8U",
        "user_profile": {
            "avatar_hash": "caf9f1375af3",
            "image_72": "https:\/\/avatars.slack-edge.com\/2019-02-12\/549018718117_caf9f1375af3bfa9e7a6_72.jpg",
            "first_name": "Sterling",
            "real_name": "Sterling Cooley",
            "display_name": "Sterling",
            "team": "T5M5PLH8U",
            "name": "percyacct2020",
            "is_restricted": false,
            "is_ultra_restricted": false
        }
    },
    {
        "client_msg_id": "c4d6665b-f7df-439f-9419-5056ff797b0b",
        "type": "message",
        "text": "I'm not sure how critical a high speed interconnect would be for a first version?",
        "user": "UF0SXEJ0M",
        "ts": "1546814325.063400",
        "team": "T5M5PLH8U",
        "user_team": "T5M5PLH8U",
        "source_team": "T5M5PLH8U",
        "user_profile": {
            "avatar_hash": "caf9f1375af3",
            "image_72": "https:\/\/avatars.slack-edge.com\/2019-02-12\/549018718117_caf9f1375af3bfa9e7a6_72.jpg",
            "first_name": "Sterling",
            "real_name": "Sterling Cooley",
            "display_name": "Sterling",
            "team": "T5M5PLH8U",
            "name": "percyacct2020",
            "is_restricted": false,
            "is_ultra_restricted": false
        }
    },
    {
        "client_msg_id": "d00852a8-2ba0-4156-9eb4-f6b72de09d78",
        "type": "message",
        "text": "Not that huge I guess, communication is on spi so far.",
        "user": "U5M5PLH9S",
        "ts": "1546814827.064400",
        "team": "T5M5PLH8U",
        "user_team": "T5M5PLH8U",
        "source_team": "T5M5PLH8U",
        "user_profile": {
            "avatar_hash": "e4fb6ae9f526",
            "image_72": "https:\/\/avatars.slack-edge.com\/2017-06-01\/191144530514_e4fb6ae9f526531fd41c_72.jpg",
            "first_name": "",
            "real_name": "kelu",
            "display_name": "",
            "team": "T5M5PLH8U",
            "name": "kelu",
            "is_restricted": false,
            "is_ultra_restricted": false
        }
    }
]