[
    {
        "client_msg_id": "231bce12-bba7-41be-a50d-f3e944a92930",
        "type": "message",
        "text": "Hi all, I've run the latest pyUn0.py(<https:\/\/github.com\/kelu124\/echomods\/blob\/master\/matty\/20190111a\/pyUn0.py>) with the code 'python2 pyUn0.py process' on pi and I got err code [\"tkinter.TclError: no display name and no $DISPLAY environment variable\"]. On Jupyter notebook, I could get some images with graph. Question is, how can I get this images on a display device without using Jupyter notebook?? The display device is well connected. My device connection is in the following photo.",
        "user": "UF4G0PEF5",
        "ts": "1548664066.142400",
        "team": "T5M5PLH8U",
        "user_team": "T5M5PLH8U",
        "source_team": "T5M5PLH8U",
        "user_profile": {
            "avatar_hash": "g659d13f17d7",
            "image_72": "https:\/\/secure.gravatar.com\/avatar\/4659d13f17d7e54b2d5f73a223a7cc25.jpg?s=72&d=https%3A%2F%2Fa.slack-edge.com%2Fdf10d%2Fimg%2Favatars%2Fava_0015-72.png",
            "first_name": "",
            "real_name": "MinjoonKang",
            "display_name": "MJKANG",
            "team": "T5M5PLH8U",
            "name": "mjkang9415",
            "is_restricted": false,
            "is_ultra_restricted": false
        }
    },
    {
        "type": "message",
        "text": "",
        "files": [
            {
                "id": "FFQQLBG7P",
                "created": 1548664083,
                "timestamp": 1548664083,
                "name": "image.png",
                "title": "Pasted image at 2019-01-28, 5:27 PM",
                "mimetype": "image\/png",
                "filetype": "png",
                "pretty_type": "PNG",
                "user": "UF4G0PEF5",
                "editable": false,
                "size": 933054,
                "mode": "hosted",
                "is_external": false,
                "external_type": "",
                "is_public": true,
                "public_url_shared": false,
                "display_as_bot": false,
                "username": "",
                "url_private": "https:\/\/files.slack.com\/files-pri\/T5M5PLH8U-FFQQLBG7P\/image.png?t=xoxe-191193697300-1655641665238-1662624174259-9d4966033b52bec8bbd54ad611c52557",
                "url_private_download": "https:\/\/files.slack.com\/files-pri\/T5M5PLH8U-FFQQLBG7P\/download\/image.png?t=xoxe-191193697300-1655641665238-1662624174259-9d4966033b52bec8bbd54ad611c52557",
                "thumb_64": "https:\/\/files.slack.com\/files-tmb\/T5M5PLH8U-FFQQLBG7P-d447457671\/image_64.png?t=xoxe-191193697300-1655641665238-1662624174259-9d4966033b52bec8bbd54ad611c52557",
                "thumb_80": "https:\/\/files.slack.com\/files-tmb\/T5M5PLH8U-FFQQLBG7P-d447457671\/image_80.png?t=xoxe-191193697300-1655641665238-1662624174259-9d4966033b52bec8bbd54ad611c52557",
                "thumb_360": "https:\/\/files.slack.com\/files-tmb\/T5M5PLH8U-FFQQLBG7P-d447457671\/image_360.png?t=xoxe-191193697300-1655641665238-1662624174259-9d4966033b52bec8bbd54ad611c52557",
                "thumb_360_w": 360,
                "thumb_360_h": 270,
                "thumb_480": "https:\/\/files.slack.com\/files-tmb\/T5M5PLH8U-FFQQLBG7P-d447457671\/image_480.png?t=xoxe-191193697300-1655641665238-1662624174259-9d4966033b52bec8bbd54ad611c52557",
                "thumb_480_w": 480,
                "thumb_480_h": 360,
                "thumb_160": "https:\/\/files.slack.com\/files-tmb\/T5M5PLH8U-FFQQLBG7P-d447457671\/image_160.png?t=xoxe-191193697300-1655641665238-1662624174259-9d4966033b52bec8bbd54ad611c52557",
                "thumb_720": "https:\/\/files.slack.com\/files-tmb\/T5M5PLH8U-FFQQLBG7P-d447457671\/image_720.png?t=xoxe-191193697300-1655641665238-1662624174259-9d4966033b52bec8bbd54ad611c52557",
                "thumb_720_w": 720,
                "thumb_720_h": 540,
                "thumb_800": "https:\/\/files.slack.com\/files-tmb\/T5M5PLH8U-FFQQLBG7P-d447457671\/image_800.png?t=xoxe-191193697300-1655641665238-1662624174259-9d4966033b52bec8bbd54ad611c52557",
                "thumb_800_w": 800,
                "thumb_800_h": 600,
                "image_exif_rotation": 1,
                "original_w": 960,
                "original_h": 720,
                "permalink": "https:\/\/usdevkit.slack.com\/files\/UF4G0PEF5\/FFQQLBG7P\/image.png",
                "permalink_public": "https:\/\/slack-files.com\/T5M5PLH8U-FFQQLBG7P-bccf190e1c",
                "is_starred": false,
                "has_rich_preview": false
            }
        ],
        "upload": true,
        "user": "UF4G0PEF5",
        "display_as_bot": false,
        "ts": "1548664089.142500",
        "thread_ts": "1548664089.142500",
        "reply_count": 9,
        "reply_users_count": 3,
        "latest_reply": "1548876033.152800",
        "reply_users": [
            "U5M5PLH9S",
            "UF4G0PEF5",
            "U8DP2NWAD"
        ],
        "replies": [
            {
                "user": "U5M5PLH9S",
                "ts": "1548748592.149100"
            },
            {
                "user": "U5M5PLH9S",
                "ts": "1548748624.149300"
            },
            {
                "user": "U5M5PLH9S",
                "ts": "1548748650.149500"
            },
            {
                "user": "U5M5PLH9S",
                "ts": "1548748662.149700"
            },
            {
                "user": "U5M5PLH9S",
                "ts": "1548748700.149900"
            },
            {
                "user": "UF4G0PEF5",
                "ts": "1548749303.150500"
            },
            {
                "user": "UF4G0PEF5",
                "ts": "1548749665.150900"
            },
            {
                "user": "U5M5PLH9S",
                "ts": "1548751164.151100"
            },
            {
                "user": "U8DP2NWAD",
                "ts": "1548876033.152800"
            }
        ],
        "subscribed": true,
        "last_read": "1548948041.000000"
    },
    {
        "type": "message",
        "subtype": "channel_join",
        "ts": "1548686471.142900",
        "user": "UFQTEPFKL",
        "text": "<@UFQTEPFKL> has joined the channel"
    },
    {
        "type": "message",
        "subtype": "channel_join",
        "ts": "1548702312.143100",
        "user": "UFR4DS1R9",
        "text": "<@UFR4DS1R9> has joined the channel"
    },
    {
        "client_msg_id": "364226fa-3467-4072-a9c2-d14fd0197575",
        "type": "message",
        "text": "Plus, I used PuTTy program for using the Pi on my laptop. On the device screen, I could see a console same as the picture below when I run pi without laptop.",
        "user": "UF4G0PEF5",
        "ts": "1548721374.148000",
        "team": "T5M5PLH8U",
        "user_team": "T5M5PLH8U",
        "source_team": "T5M5PLH8U",
        "user_profile": {
            "avatar_hash": "g659d13f17d7",
            "image_72": "https:\/\/secure.gravatar.com\/avatar\/4659d13f17d7e54b2d5f73a223a7cc25.jpg?s=72&d=https%3A%2F%2Fa.slack-edge.com%2Fdf10d%2Fimg%2Favatars%2Fava_0015-72.png",
            "first_name": "",
            "real_name": "MinjoonKang",
            "display_name": "MJKANG",
            "team": "T5M5PLH8U",
            "name": "mjkang9415",
            "is_restricted": false,
            "is_ultra_restricted": false
        },
        "edited": {
            "user": "UF4G0PEF5",
            "ts": "1548721486.000000"
        },
        "thread_ts": "1548721374.148000",
        "reply_count": 2,
        "reply_users_count": 1,
        "latest_reply": "1548748779.150300",
        "reply_users": [
            "U5M5PLH9S"
        ],
        "replies": [
            {
                "user": "U5M5PLH9S",
                "ts": "1548748761.150100"
            },
            {
                "user": "U5M5PLH9S",
                "ts": "1548748779.150300"
            }
        ],
        "subscribed": true,
        "last_read": "1548748779.150300"
    },
    {
        "type": "message",
        "text": "",
        "files": [
            {
                "id": "FFSULK7HC",
                "created": 1548721377,
                "timestamp": 1548721377,
                "name": "image.png",
                "title": "Pasted image at 2019-01-29, 9:22 AM",
                "mimetype": "image\/png",
                "filetype": "png",
                "pretty_type": "PNG",
                "user": "UF4G0PEF5",
                "editable": false,
                "size": 64112,
                "mode": "hosted",
                "is_external": false,
                "external_type": "",
                "is_public": true,
                "public_url_shared": false,
                "display_as_bot": false,
                "username": "",
                "url_private": "https:\/\/files.slack.com\/files-pri\/T5M5PLH8U-FFSULK7HC\/image.png?t=xoxe-191193697300-1655641665238-1662624174259-9d4966033b52bec8bbd54ad611c52557",
                "url_private_download": "https:\/\/files.slack.com\/files-pri\/T5M5PLH8U-FFSULK7HC\/download\/image.png?t=xoxe-191193697300-1655641665238-1662624174259-9d4966033b52bec8bbd54ad611c52557",
                "thumb_64": "https:\/\/files.slack.com\/files-tmb\/T5M5PLH8U-FFSULK7HC-62011d680e\/image_64.png?t=xoxe-191193697300-1655641665238-1662624174259-9d4966033b52bec8bbd54ad611c52557",
                "thumb_80": "https:\/\/files.slack.com\/files-tmb\/T5M5PLH8U-FFSULK7HC-62011d680e\/image_80.png?t=xoxe-191193697300-1655641665238-1662624174259-9d4966033b52bec8bbd54ad611c52557",
                "thumb_360": "https:\/\/files.slack.com\/files-tmb\/T5M5PLH8U-FFSULK7HC-62011d680e\/image_360.png?t=xoxe-191193697300-1655641665238-1662624174259-9d4966033b52bec8bbd54ad611c52557",
                "thumb_360_w": 360,
                "thumb_360_h": 352,
                "thumb_480": "https:\/\/files.slack.com\/files-tmb\/T5M5PLH8U-FFSULK7HC-62011d680e\/image_480.png?t=xoxe-191193697300-1655641665238-1662624174259-9d4966033b52bec8bbd54ad611c52557",
                "thumb_480_w": 480,
                "thumb_480_h": 469,
                "thumb_160": "https:\/\/files.slack.com\/files-tmb\/T5M5PLH8U-FFSULK7HC-62011d680e\/image_160.png?t=xoxe-191193697300-1655641665238-1662624174259-9d4966033b52bec8bbd54ad611c52557",
                "image_exif_rotation": 1,
                "original_w": 639,
                "original_h": 624,
                "permalink": "https:\/\/usdevkit.slack.com\/files\/UF4G0PEF5\/FFSULK7HC\/image.png",
                "permalink_public": "https:\/\/slack-files.com\/T5M5PLH8U-FFSULK7HC-97eaf4fc67",
                "is_starred": false,
                "has_rich_preview": false
            }
        ],
        "upload": true,
        "user": "UF4G0PEF5",
        "display_as_bot": false,
        "ts": "1548721382.148100"
    },
    {
        "client_msg_id": "123743a2-7b64-4494-8c98-1a5c0dc391a3",
        "type": "message",
        "text": "Arf image does not load so far here.",
        "user": "U5M5PLH9S",
        "ts": "1548748592.149100",
        "team": "T5M5PLH8U",
        "user_team": "T5M5PLH8U",
        "source_team": "T5M5PLH8U",
        "user_profile": {
            "avatar_hash": "e4fb6ae9f526",
            "image_72": "https:\/\/avatars.slack-edge.com\/2017-06-01\/191144530514_e4fb6ae9f526531fd41c_72.jpg",
            "first_name": "",
            "real_name": "kelu",
            "display_name": "",
            "team": "T5M5PLH8U",
            "name": "kelu",
            "is_restricted": false,
            "is_ultra_restricted": false
        },
        "thread_ts": "1548664089.142500",
        "parent_user_id": "UF4G0PEF5"
    },
    {
        "client_msg_id": "08c4f666-cb2e-4bbc-b906-f3b1ba0b8c37",
        "type": "message",
        "text": "Can you send on <mailto:kelu@un0rick.cc|kelu@un0rick.cc> ?",
        "user": "U5M5PLH9S",
        "ts": "1548748624.149300",
        "team": "T5M5PLH8U",
        "user_team": "T5M5PLH8U",
        "source_team": "T5M5PLH8U",
        "user_profile": {
            "avatar_hash": "e4fb6ae9f526",
            "image_72": "https:\/\/avatars.slack-edge.com\/2017-06-01\/191144530514_e4fb6ae9f526531fd41c_72.jpg",
            "first_name": "",
            "real_name": "kelu",
            "display_name": "",
            "team": "T5M5PLH8U",
            "name": "kelu",
            "is_restricted": false,
            "is_ultra_restricted": false
        },
        "thread_ts": "1548664089.142500",
        "parent_user_id": "UF4G0PEF5"
    },
    {
        "client_msg_id": "9186da5b-7c1b-48b1-970a-eaa5024325b9",
        "type": "message",
        "text": "Aww it has loaded.",
        "user": "U5M5PLH9S",
        "ts": "1548748650.149500",
        "team": "T5M5PLH8U",
        "user_team": "T5M5PLH8U",
        "source_team": "T5M5PLH8U",
        "user_profile": {
            "avatar_hash": "e4fb6ae9f526",
            "image_72": "https:\/\/avatars.slack-edge.com\/2017-06-01\/191144530514_e4fb6ae9f526531fd41c_72.jpg",
            "first_name": "",
            "real_name": "kelu",
            "display_name": "",
            "team": "T5M5PLH8U",
            "name": "kelu",
            "is_restricted": false,
            "is_ultra_restricted": false
        },
        "thread_ts": "1548664089.142500",
        "parent_user_id": "UF4G0PEF5"
    },
    {
        "client_msg_id": "d60dde04-f109-4264-b403-eaaa53b5a6bc",
        "type": "message",
        "text": "Can you detail what your screen is ?",
        "user": "U5M5PLH9S",
        "ts": "1548748662.149700",
        "team": "T5M5PLH8U",
        "user_team": "T5M5PLH8U",
        "source_team": "T5M5PLH8U",
        "user_profile": {
            "avatar_hash": "e4fb6ae9f526",
            "image_72": "https:\/\/avatars.slack-edge.com\/2017-06-01\/191144530514_e4fb6ae9f526531fd41c_72.jpg",
            "first_name": "",
            "real_name": "kelu",
            "display_name": "",
            "team": "T5M5PLH8U",
            "name": "kelu",
            "is_restricted": false,
            "is_ultra_restricted": false
        },
        "thread_ts": "1548664089.142500",
        "parent_user_id": "UF4G0PEF5"
    },
    {
        "client_msg_id": "bf78ee5f-9db0-4841-90d0-3f32423a76fe",
        "type": "message",
        "text": "You may want to install the screen drivers if not already done.",
        "user": "U5M5PLH9S",
        "ts": "1548748700.149900",
        "team": "T5M5PLH8U",
        "user_team": "T5M5PLH8U",
        "source_team": "T5M5PLH8U",
        "user_profile": {
            "avatar_hash": "e4fb6ae9f526",
            "image_72": "https:\/\/avatars.slack-edge.com\/2017-06-01\/191144530514_e4fb6ae9f526531fd41c_72.jpg",
            "first_name": "",
            "real_name": "kelu",
            "display_name": "",
            "team": "T5M5PLH8U",
            "name": "kelu",
            "is_restricted": false,
            "is_ultra_restricted": false
        },
        "thread_ts": "1548664089.142500",
        "parent_user_id": "UF4G0PEF5"
    },
    {
        "client_msg_id": "cb83a83e-649e-4095-8abc-9323fd6d824f",
        "type": "message",
        "text": "Yes, that's normal, I haven't installed a graphics environment on the pi to save space on the sd card. I can still prepare one.",
        "user": "U5M5PLH9S",
        "ts": "1548748761.150100",
        "team": "T5M5PLH8U",
        "user_team": "T5M5PLH8U",
        "source_team": "T5M5PLH8U",
        "user_profile": {
            "avatar_hash": "e4fb6ae9f526",
            "image_72": "https:\/\/avatars.slack-edge.com\/2017-06-01\/191144530514_e4fb6ae9f526531fd41c_72.jpg",
            "first_name": "",
            "real_name": "kelu",
            "display_name": "",
            "team": "T5M5PLH8U",
            "name": "kelu",
            "is_restricted": false,
            "is_ultra_restricted": false
        },
        "thread_ts": "1548721374.148000",
        "parent_user_id": "UF4G0PEF5"
    },
    {
        "client_msg_id": "43270758-c8e4-4a52-ad90-8d00f1b336cf",
        "type": "message",
        "text": "You can still install a gui on the raspberry",
        "user": "U5M5PLH9S",
        "ts": "1548748779.150300",
        "team": "T5M5PLH8U",
        "user_team": "T5M5PLH8U",
        "source_team": "T5M5PLH8U",
        "user_profile": {
            "avatar_hash": "e4fb6ae9f526",
            "image_72": "https:\/\/avatars.slack-edge.com\/2017-06-01\/191144530514_e4fb6ae9f526531fd41c_72.jpg",
            "first_name": "",
            "real_name": "kelu",
            "display_name": "",
            "team": "T5M5PLH8U",
            "name": "kelu",
            "is_restricted": false,
            "is_ultra_restricted": false
        },
        "thread_ts": "1548721374.148000",
        "parent_user_id": "UF4G0PEF5"
    }
]