[
    {
        "client_msg_id": "269fc32a-5a35-403e-a799-415148403eba",
        "type": "message",
        "text": "Hey there, not perfect but I've moved most of the python library controlling the un0rick board to python3: <https:\/\/github.com\/kelu124\/pyUn0-lib> . Don't hesitate to contribute if you want to help clean it !",
        "user": "U5M5PLH9S",
        "ts": "1574523340.016300",
        "team": "T5M5PLH8U",
        "user_team": "T5M5PLH8U",
        "source_team": "T5M5PLH8U",
        "user_profile": {
            "avatar_hash": "e4fb6ae9f526",
            "image_72": "https:\/\/avatars.slack-edge.com\/2017-06-01\/191144530514_e4fb6ae9f526531fd41c_72.jpg",
            "first_name": "",
            "real_name": "kelu",
            "display_name": "",
            "team": "T5M5PLH8U",
            "name": "kelu",
            "is_restricted": false,
            "is_ultra_restricted": false
        },
        "blocks": [
            {
                "type": "rich_text",
                "block_id": "pI2tZ",
                "elements": [
                    {
                        "type": "rich_text_section",
                        "elements": [
                            {
                                "type": "text",
                                "text": "Hey there, not perfect but I've moved most of the python library controlling the un0rick board to python3: "
                            },
                            {
                                "type": "link",
                                "url": "https:\/\/github.com\/kelu124\/pyUn0-lib"
                            },
                            {
                                "type": "text",
                                "text": " . Don't hesitate to contribute if you want to help clean it !"
                            }
                        ]
                    }
                ]
            }
        ],
        "thread_ts": "1574523340.016300",
        "reply_count": 4,
        "reply_users_count": 2,
        "latest_reply": "1574535082.017200",
        "reply_users": [
            "U5M5PLH9S",
            "U8Z3VB1T2"
        ],
        "replies": [
            {
                "user": "U5M5PLH9S",
                "ts": "1574523352.016400"
            },
            {
                "user": "U5M5PLH9S",
                "ts": "1574534815.016700"
            },
            {
                "user": "U5M5PLH9S",
                "ts": "1574534855.016900"
            },
            {
                "user": "U8Z3VB1T2",
                "ts": "1574535082.017200"
            }
        ],
        "subscribed": true,
        "last_read": "1574535082.017200",
        "reactions": [
            {
                "name": "raised_hands",
                "users": [
                    "U8Z3VB1T2"
                ],
                "count": 1
            }
        ]
    },
    {
        "client_msg_id": "2ededc6e-db9c-4d89-8265-9248bf59aa81",
        "type": "message",
        "text": "<@UFPCMHBA6> that's for you :stuck_out_tongue:",
        "user": "U5M5PLH9S",
        "ts": "1574523352.016400",
        "team": "T5M5PLH8U",
        "user_team": "T5M5PLH8U",
        "source_team": "T5M5PLH8U",
        "user_profile": {
            "avatar_hash": "e4fb6ae9f526",
            "image_72": "https:\/\/avatars.slack-edge.com\/2017-06-01\/191144530514_e4fb6ae9f526531fd41c_72.jpg",
            "first_name": "",
            "real_name": "kelu",
            "display_name": "",
            "team": "T5M5PLH8U",
            "name": "kelu",
            "is_restricted": false,
            "is_ultra_restricted": false
        },
        "blocks": [
            {
                "type": "rich_text",
                "block_id": "ODu",
                "elements": [
                    {
                        "type": "rich_text_section",
                        "elements": [
                            {
                                "type": "user",
                                "user_id": "UFPCMHBA6"
                            },
                            {
                                "type": "text",
                                "text": " that's for you "
                            },
                            {
                                "type": "emoji",
                                "name": "stuck_out_tongue"
                            }
                        ]
                    }
                ]
            }
        ],
        "thread_ts": "1574523340.016300",
        "parent_user_id": "U5M5PLH9S"
    },
    {
        "client_msg_id": "8adb9437-8395-43ad-b2ba-5819c7f019d5",
        "type": "message",
        "text": "I saw you <@U8Z3VB1T2> as the first starrer :smiley:",
        "user": "U5M5PLH9S",
        "ts": "1574534815.016700",
        "team": "T5M5PLH8U",
        "user_team": "T5M5PLH8U",
        "source_team": "T5M5PLH8U",
        "user_profile": {
            "avatar_hash": "e4fb6ae9f526",
            "image_72": "https:\/\/avatars.slack-edge.com\/2017-06-01\/191144530514_e4fb6ae9f526531fd41c_72.jpg",
            "first_name": "",
            "real_name": "kelu",
            "display_name": "",
            "team": "T5M5PLH8U",
            "name": "kelu",
            "is_restricted": false,
            "is_ultra_restricted": false
        },
        "blocks": [
            {
                "type": "rich_text",
                "block_id": "Zuxt",
                "elements": [
                    {
                        "type": "rich_text_section",
                        "elements": [
                            {
                                "type": "text",
                                "text": "I saw you "
                            },
                            {
                                "type": "user",
                                "user_id": "U8Z3VB1T2"
                            },
                            {
                                "type": "text",
                                "text": " as the first starrer "
                            },
                            {
                                "type": "emoji",
                                "name": "smiley"
                            }
                        ]
                    }
                ]
            }
        ],
        "thread_ts": "1574523340.016300",
        "parent_user_id": "U5M5PLH9S"
    },
    {
        "client_msg_id": "70db5d45-70cd-4bf3-9aa5-e02eabe8507e",
        "type": "message",
        "text": "Also pushed two data files (one is for single acq, the other for a couple of lines) so that even the processing parts can be improved :smiley:",
        "user": "U5M5PLH9S",
        "ts": "1574534855.016900",
        "team": "T5M5PLH8U",
        "user_team": "T5M5PLH8U",
        "source_team": "T5M5PLH8U",
        "user_profile": {
            "avatar_hash": "e4fb6ae9f526",
            "image_72": "https:\/\/avatars.slack-edge.com\/2017-06-01\/191144530514_e4fb6ae9f526531fd41c_72.jpg",
            "first_name": "",
            "real_name": "kelu",
            "display_name": "",
            "team": "T5M5PLH8U",
            "name": "kelu",
            "is_restricted": false,
            "is_ultra_restricted": false
        },
        "blocks": [
            {
                "type": "rich_text",
                "block_id": "jmtQ",
                "elements": [
                    {
                        "type": "rich_text_section",
                        "elements": [
                            {
                                "type": "text",
                                "text": "Also pushed two data files (one is for single acq, the other for a couple of lines) so that even the processing parts can be improved "
                            },
                            {
                                "type": "emoji",
                                "name": "smiley"
                            }
                        ]
                    }
                ]
            }
        ],
        "thread_ts": "1574523340.016300",
        "parent_user_id": "U5M5PLH9S"
    },
    {
        "client_msg_id": "AB372328-DED7-42E3-BA4A-A4F169706F1B",
        "type": "message",
        "text": "Indeed! :) ",
        "user": "U8Z3VB1T2",
        "ts": "1574535082.017200",
        "team": "T5M5PLH8U",
        "user_team": "T5M5PLH8U",
        "source_team": "T5M5PLH8U",
        "user_profile": {
            "avatar_hash": "g49ad52d7df8",
            "image_72": "https:\/\/secure.gravatar.com\/avatar\/449ad52d7df89ecbe8ebe0fd87d3f63f.jpg?s=72&d=https%3A%2F%2Fa.slack-edge.com%2Fdf10d%2Fimg%2Favatars%2Fava_0026-72.png",
            "first_name": "",
            "real_name": "William Meng",
            "display_name": "",
            "team": "T5M5PLH8U",
            "name": "wlmeng11",
            "is_restricted": false,
            "is_ultra_restricted": false
        },
        "thread_ts": "1574523340.016300",
        "parent_user_id": "U5M5PLH9S",
        "reactions": [
            {
                "name": "grin",
                "users": [
                    "U5M5PLH9S"
                ],
                "count": 1
            }
        ]
    }
]