[
    {
        "client_msg_id": "d8b066f2-0f31-4664-9e46-9e951b6500fc",
        "type": "message",
        "text": "Or doing some beamforming for ultrasound?",
        "user": "U5M5PLH9S",
        "ts": "1558795691.001100",
        "team": "T5M5PLH8U",
        "user_team": "T5M5PLH8U",
        "source_team": "T5M5PLH8U",
        "user_profile": {
            "avatar_hash": "e4fb6ae9f526",
            "image_72": "https:\/\/avatars.slack-edge.com\/2017-06-01\/191144530514_e4fb6ae9f526531fd41c_72.jpg",
            "first_name": "",
            "real_name": "kelu",
            "display_name": "",
            "team": "T5M5PLH8U",
            "name": "kelu",
            "is_restricted": false,
            "is_ultra_restricted": false
        },
        "thread_ts": "1558716881.001000",
        "parent_user_id": "UGJ8GJGNR"
    }
]