[
    {
        "type": "message",
        "subtype": "channel_join",
        "ts": "1551165993.012200",
        "user": "UGG2RDVCG",
        "text": "<@UGG2RDVCG> has joined the channel"
    },
    {
        "client_msg_id": "4e239cea-5b99-4410-bde6-4b1120c15b5d",
        "type": "message",
        "text": "hello. I was wondering, I want to use this technology for communication. I want to connect two RaspberryPIs on top of ultrasound. Do you think it is physible ?",
        "user": "UGG2RDVCG",
        "ts": "1551166210.014000",
        "team": "T5M5PLH8U",
        "user_team": "T5M5PLH8U",
        "source_team": "T5M5PLH8U",
        "user_profile": {
            "avatar_hash": "g128636c40a0",
            "image_72": "https:\/\/secure.gravatar.com\/avatar\/1128636c40a00ef372d8146ddbde4f16.jpg?s=72&d=https%3A%2F%2Fa.slack-edge.com%2Fdf10d%2Fimg%2Favatars%2Fava_0004-72.png",
            "first_name": "",
            "real_name": "raz",
            "display_name": "raz",
            "team": "T5M5PLH8U",
            "name": "raziebe",
            "is_restricted": false,
            "is_ultra_restricted": false
        },
        "thread_ts": "1551166210.014000",
        "reply_count": 10,
        "reply_users_count": 3,
        "latest_reply": "1551192410.021600",
        "reply_users": [
            "U5M5PLH9S",
            "UGG2RDVCG",
            "U8Z3VB1T2"
        ],
        "replies": [
            {
                "user": "U5M5PLH9S",
                "ts": "1551176943.019200"
            },
            {
                "user": "U5M5PLH9S",
                "ts": "1551176961.019400"
            },
            {
                "user": "UGG2RDVCG",
                "ts": "1551179045.020200"
            },
            {
                "user": "U5M5PLH9S",
                "ts": "1551179222.020400"
            },
            {
                "user": "UGG2RDVCG",
                "ts": "1551180425.020600"
            },
            {
                "user": "U5M5PLH9S",
                "ts": "1551184817.020800"
            },
            {
                "user": "UGG2RDVCG",
                "ts": "1551185566.021000"
            },
            {
                "user": "U5M5PLH9S",
                "ts": "1551185723.021200"
            },
            {
                "user": "UGG2RDVCG",
                "ts": "1551186747.021400"
            },
            {
                "user": "U8Z3VB1T2",
                "ts": "1551192410.021600"
            }
        ],
        "subscribed": true,
        "last_read": "1551192410.021600"
    }
]