[
    {
        "client_msg_id": "fb387541-f13d-4e73-8ff6-e4b88f7dcb82",
        "type": "message",
        "text": "I guess you would prefer without transformer?",
        "user": "UGR3ZBDDE",
        "ts": "1552898797.021300",
        "team": "T5M5PLH8U",
        "user_team": "T5M5PLH8U",
        "source_team": "T5M5PLH8U",
        "user_profile": {
            "avatar_hash": "g8483462ea06",
            "image_72": "https:\/\/secure.gravatar.com\/avatar\/e8483462ea06789a525d4b726b82f908.jpg?s=72&d=https%3A%2F%2Fa.slack-edge.com%2Fdf10d%2Fimg%2Favatars%2Fava_0006-72.png",
            "first_name": "Maxime",
            "real_name": "Maxime Benchemoul",
            "display_name": "Maxime",
            "team": "T5M5PLH8U",
            "name": "m.benchemoul",
            "is_restricted": false,
            "is_ultra_restricted": false
        },
        "thread_ts": "1552772038.019900",
        "parent_user_id": "U5M5PLH9S"
    },
    {
        "client_msg_id": "e32d0663-b1e1-4bad-8fbf-3a4d7353f151",
        "type": "message",
        "text": "Check this one: MAX1846",
        "user": "UGR3ZBDDE",
        "ts": "1552898814.021500",
        "team": "T5M5PLH8U",
        "user_team": "T5M5PLH8U",
        "source_team": "T5M5PLH8U",
        "user_profile": {
            "avatar_hash": "g8483462ea06",
            "image_72": "https:\/\/secure.gravatar.com\/avatar\/e8483462ea06789a525d4b726b82f908.jpg?s=72&d=https%3A%2F%2Fa.slack-edge.com%2Fdf10d%2Fimg%2Favatars%2Fava_0006-72.png",
            "first_name": "Maxime",
            "real_name": "Maxime Benchemoul",
            "display_name": "Maxime",
            "team": "T5M5PLH8U",
            "name": "m.benchemoul",
            "is_restricted": false,
            "is_ultra_restricted": false
        },
        "thread_ts": "1552772038.019900",
        "parent_user_id": "U5M5PLH9S"
    },
    {
        "client_msg_id": "b95fd12c-d019-491f-9d50-9eb2e081b11c",
        "type": "message",
        "text": "Yup without transformer is preferable, for space estate and bom availability",
        "user": "U5M5PLH9S",
        "ts": "1552899997.021700",
        "team": "T5M5PLH8U",
        "user_team": "T5M5PLH8U",
        "source_team": "T5M5PLH8U",
        "user_profile": {
            "avatar_hash": "e4fb6ae9f526",
            "image_72": "https:\/\/avatars.slack-edge.com\/2017-06-01\/191144530514_e4fb6ae9f526531fd41c_72.jpg",
            "first_name": "",
            "real_name": "kelu",
            "display_name": "",
            "team": "T5M5PLH8U",
            "name": "kelu",
            "is_restricted": false,
            "is_ultra_restricted": false
        },
        "thread_ts": "1552772038.019900",
        "parent_user_id": "U5M5PLH9S"
    },
    {
        "client_msg_id": "ee1e4260-d38c-4c11-9eb2-ad28bc618085",
        "type": "message",
        "text": "How dimension size of Un0rick?",
        "user": "UE3JX8LUT",
        "ts": "1552900580.021900",
        "team": "T5M5PLH8U",
        "user_team": "T5M5PLH8U",
        "source_team": "T5M5PLH8U",
        "user_profile": {
            "avatar_hash": "a9159a929398",
            "image_72": "https:\/\/avatars.slack-edge.com\/2018-11-15\/479026488288_a9159a929398c4006149_72.jpg",
            "first_name": "Fadhli",
            "real_name": "Fadhli",
            "display_name": "Fadhli",
            "team": "T5M5PLH8U",
            "name": "fadhliazinnuddin",
            "is_restricted": false,
            "is_ultra_restricted": false
        },
        "thread_ts": "1551796412.005200",
        "parent_user_id": "UE3JX8LUT"
    },
    {
        "client_msg_id": "1ab6cd5c-cfd7-4145-a8a7-7f8488737672",
        "type": "message",
        "text": "70x130",
        "user": "U5M5PLH9S",
        "ts": "1552900755.022100",
        "team": "T5M5PLH8U",
        "user_team": "T5M5PLH8U",
        "source_team": "T5M5PLH8U",
        "user_profile": {
            "avatar_hash": "e4fb6ae9f526",
            "image_72": "https:\/\/avatars.slack-edge.com\/2017-06-01\/191144530514_e4fb6ae9f526531fd41c_72.jpg",
            "first_name": "",
            "real_name": "kelu",
            "display_name": "",
            "team": "T5M5PLH8U",
            "name": "kelu",
            "is_restricted": false,
            "is_ultra_restricted": false
        },
        "thread_ts": "1551796412.005200",
        "parent_user_id": "UE3JX8LUT"
    },
    {
        "client_msg_id": "f5be92cd-bc77-4e37-bf5c-de63502a8030",
        "type": "message",
        "text": "mm",
        "user": "UE3JX8LUT",
        "ts": "1552901302.022300",
        "team": "T5M5PLH8U",
        "user_team": "T5M5PLH8U",
        "source_team": "T5M5PLH8U",
        "user_profile": {
            "avatar_hash": "a9159a929398",
            "image_72": "https:\/\/avatars.slack-edge.com\/2018-11-15\/479026488288_a9159a929398c4006149_72.jpg",
            "first_name": "Fadhli",
            "real_name": "Fadhli",
            "display_name": "Fadhli",
            "team": "T5M5PLH8U",
            "name": "fadhliazinnuddin",
            "is_restricted": false,
            "is_ultra_restricted": false
        },
        "thread_ts": "1551796412.005200",
        "parent_user_id": "UE3JX8LUT"
    },
    {
        "client_msg_id": "c9106c93-984e-4b07-904e-704828d51ef4",
        "type": "message",
        "text": "Nope, in meters ;)",
        "user": "U5M5PLH9S",
        "ts": "1552903499.022500",
        "team": "T5M5PLH8U",
        "user_team": "T5M5PLH8U",
        "source_team": "T5M5PLH8U",
        "user_profile": {
            "avatar_hash": "e4fb6ae9f526",
            "image_72": "https:\/\/avatars.slack-edge.com\/2017-06-01\/191144530514_e4fb6ae9f526531fd41c_72.jpg",
            "first_name": "",
            "real_name": "kelu",
            "display_name": "",
            "team": "T5M5PLH8U",
            "name": "kelu",
            "is_restricted": false,
            "is_ultra_restricted": false
        },
        "thread_ts": "1551796412.005200",
        "parent_user_id": "UE3JX8LUT"
    },
    {
        "client_msg_id": "afcd02d1-6916-437a-9c26-44b7b11bd944",
        "type": "message",
        "text": "milimetre",
        "user": "UE3JX8LUT",
        "ts": "1552906529.022700",
        "team": "T5M5PLH8U",
        "user_team": "T5M5PLH8U",
        "source_team": "T5M5PLH8U",
        "user_profile": {
            "avatar_hash": "a9159a929398",
            "image_72": "https:\/\/avatars.slack-edge.com\/2018-11-15\/479026488288_a9159a929398c4006149_72.jpg",
            "first_name": "Fadhli",
            "real_name": "Fadhli",
            "display_name": "Fadhli",
            "team": "T5M5PLH8U",
            "name": "fadhliazinnuddin",
            "is_restricted": false,
            "is_ultra_restricted": false
        },
        "thread_ts": "1551796412.005200",
        "parent_user_id": "UE3JX8LUT"
    },
    {
        "client_msg_id": "f62eec3d-c717-403a-9617-3170371a4f01",
        "type": "message",
        "text": ":innocent:",
        "user": "UE3JX8LUT",
        "ts": "1552906532.022900",
        "team": "T5M5PLH8U",
        "user_team": "T5M5PLH8U",
        "source_team": "T5M5PLH8U",
        "user_profile": {
            "avatar_hash": "a9159a929398",
            "image_72": "https:\/\/avatars.slack-edge.com\/2018-11-15\/479026488288_a9159a929398c4006149_72.jpg",
            "first_name": "Fadhli",
            "real_name": "Fadhli",
            "display_name": "Fadhli",
            "team": "T5M5PLH8U",
            "name": "fadhliazinnuddin",
            "is_restricted": false,
            "is_ultra_restricted": false
        },
        "thread_ts": "1551796412.005200",
        "parent_user_id": "UE3JX8LUT"
    },
    {
        "client_msg_id": "74614903-eb15-4eb5-8a27-dd0b23f853e5",
        "type": "message",
        "text": "I was also thinking MAX15031",
        "user": "U5M5PLH9S",
        "ts": "1552907252.023100",
        "team": "T5M5PLH8U",
        "user_team": "T5M5PLH8U",
        "source_team": "T5M5PLH8U",
        "user_profile": {
            "avatar_hash": "e4fb6ae9f526",
            "image_72": "https:\/\/avatars.slack-edge.com\/2017-06-01\/191144530514_e4fb6ae9f526531fd41c_72.jpg",
            "first_name": "",
            "real_name": "kelu",
            "display_name": "",
            "team": "T5M5PLH8U",
            "name": "kelu",
            "is_restricted": false,
            "is_ultra_restricted": false
        },
        "thread_ts": "1552772038.019900",
        "parent_user_id": "U5M5PLH9S"
    },
    {
        "client_msg_id": "a68443b0-6c54-4204-9ebc-fefa7a83cb13",
        "type": "message",
        "text": "2 layer or 4 layer, why in system detected 2 layer?",
        "user": "UE3JX8LUT",
        "ts": "1552907399.023300",
        "team": "T5M5PLH8U",
        "user_team": "T5M5PLH8U",
        "source_team": "T5M5PLH8U",
        "user_profile": {
            "avatar_hash": "a9159a929398",
            "image_72": "https:\/\/avatars.slack-edge.com\/2018-11-15\/479026488288_a9159a929398c4006149_72.jpg",
            "first_name": "Fadhli",
            "real_name": "Fadhli",
            "display_name": "Fadhli",
            "team": "T5M5PLH8U",
            "name": "fadhliazinnuddin",
            "is_restricted": false,
            "is_ultra_restricted": false
        },
        "thread_ts": "1551796412.005200",
        "parent_user_id": "UE3JX8LUT"
    },
    {
        "client_msg_id": "f9387a8e-98b5-4e45-b4c9-dbe41d06dcfc",
        "type": "message",
        "text": "Seems also HV9150 .. having a look :smiley: <http:\/\/ww1.microchip.com\/downloads\/en\/DeviceDoc\/20005689A.pdf>",
        "user": "U5M5PLH9S",
        "ts": "1552914124.023500",
        "team": "T5M5PLH8U",
        "user_team": "T5M5PLH8U",
        "source_team": "T5M5PLH8U",
        "user_profile": {
            "avatar_hash": "e4fb6ae9f526",
            "image_72": "https:\/\/avatars.slack-edge.com\/2017-06-01\/191144530514_e4fb6ae9f526531fd41c_72.jpg",
            "first_name": "",
            "real_name": "kelu",
            "display_name": "",
            "team": "T5M5PLH8U",
            "name": "kelu",
            "is_restricted": false,
            "is_ultra_restricted": false
        },
        "thread_ts": "1552772038.019900",
        "parent_user_id": "U5M5PLH9S"
    },
    {
        "client_msg_id": "ee70cfa8-e954-43af-9676-8dcfaa545d5c",
        "type": "message",
        "text": "<@UE3JX8LUT> I think you will have to learn how to use Altium Designer and\/or Upverter.\n\nAlso, if you want to build your own you will need:\n- *to build\/print de PCB* (this is the board where components are soldered): since it is a 4 layer design, then you probably should get a 'fab' (a place where someone can make the PCB). For this you send the ' *gerber files* ' to your factory and they build\/print it according to these gerber files.\n- *the components to solder on the PCB*: the list of components can be read either from the *BOM file* (bom = bill of materials) of from the design itself (you'll have to learn how to extract them)\n- *to solder the componentes on the PCB*: this can be done manually by checking either the gerber top and bottom layers or looking at the design in Altium\/Upverter OR you can send the _pick and place file_ to a factory that automatically solders the components on the board (the pick &amp; place file tells a machine where is each component).\n\nProbably the same factory that would print the PCB could solder the components, so you could give them the gerbers files, the pick&amp;place file and the BOM file and they could do it all for you (at a cost, of course).",
        "user": "U8DP2NWAD",
        "ts": "1552915917.023700",
        "team": "T5M5PLH8U",
        "user_team": "T5M5PLH8U",
        "source_team": "T5M5PLH8U",
        "user_profile": {
            "avatar_hash": "ge8fe12d48f6",
            "image_72": "https:\/\/secure.gravatar.com\/avatar\/be8fe12d48f65fa83f69d7849035f8c3.jpg?s=72&d=https%3A%2F%2Fa.slack-edge.com%2Fdf10d%2Fimg%2Favatars%2Fava_0024-72.png",
            "first_name": "",
            "real_name": "Tomás Glaría",
            "display_name": "tglaria",
            "team": "T5M5PLH8U",
            "name": "tglaria",
            "is_restricted": false,
            "is_ultra_restricted": false
        },
        "thread_ts": "1551796412.005200",
        "parent_user_id": "UE3JX8LUT"
    },
    {
        "client_msg_id": "36ee9376-e430-404a-ad7b-e80b09787a0c",
        "type": "message",
        "text": "<@U8DP2NWAD>  okey thanks very much",
        "user": "UE3JX8LUT",
        "ts": "1552916081.023900",
        "team": "T5M5PLH8U",
        "user_team": "T5M5PLH8U",
        "source_team": "T5M5PLH8U",
        "user_profile": {
            "avatar_hash": "a9159a929398",
            "image_72": "https:\/\/avatars.slack-edge.com\/2018-11-15\/479026488288_a9159a929398c4006149_72.jpg",
            "first_name": "Fadhli",
            "real_name": "Fadhli",
            "display_name": "Fadhli",
            "team": "T5M5PLH8U",
            "name": "fadhliazinnuddin",
            "is_restricted": false,
            "is_ultra_restricted": false
        },
        "thread_ts": "1551796412.005200",
        "parent_user_id": "UE3JX8LUT"
    },
    {
        "client_msg_id": "bec8cd51-4c1c-472e-86b5-c75113b25ec1",
        "type": "message",
        "text": "What's the main issue you're having <@U5M5PLH9S>?",
        "user": "U8DP2NWAD",
        "ts": "1552916176.024100",
        "team": "T5M5PLH8U",
        "user_team": "T5M5PLH8U",
        "source_team": "T5M5PLH8U",
        "user_profile": {
            "avatar_hash": "ge8fe12d48f6",
            "image_72": "https:\/\/secure.gravatar.com\/avatar\/be8fe12d48f65fa83f69d7849035f8c3.jpg?s=72&d=https%3A%2F%2Fa.slack-edge.com%2Fdf10d%2Fimg%2Favatars%2Fava_0024-72.png",
            "first_name": "",
            "real_name": "Tomás Glaría",
            "display_name": "tglaria",
            "team": "T5M5PLH8U",
            "name": "tglaria",
            "is_restricted": false,
            "is_ultra_restricted": false
        },
        "thread_ts": "1552772038.019900",
        "parent_user_id": "U5M5PLH9S"
    },
    {
        "client_msg_id": "dfc822d0-d132-4035-a2e9-1b622c1fa9bb",
        "type": "message",
        "text": "<@U8DP2NWAD>: wishing to pack one HVpositive and one HVnegative, settable, on the minimum space, with still enough juice to fill in a capa before pulses.",
        "user": "U5M5PLH9S",
        "ts": "1552940613.024300",
        "team": "T5M5PLH8U",
        "user_team": "T5M5PLH8U",
        "source_team": "T5M5PLH8U",
        "user_profile": {
            "avatar_hash": "e4fb6ae9f526",
            "image_72": "https:\/\/avatars.slack-edge.com\/2017-06-01\/191144530514_e4fb6ae9f526531fd41c_72.jpg",
            "first_name": "",
            "real_name": "kelu",
            "display_name": "",
            "team": "T5M5PLH8U",
            "name": "kelu",
            "is_restricted": false,
            "is_ultra_restricted": false
        },
        "thread_ts": "1552772038.019900",
        "parent_user_id": "U5M5PLH9S"
    },
    {
        "client_msg_id": "2788d426-9b07-45d6-bd4d-15d5c48cc93d",
        "type": "message",
        "text": "\"fill in a capa\"?",
        "user": "U8DP2NWAD",
        "ts": "1552942554.024500",
        "team": "T5M5PLH8U",
        "user_team": "T5M5PLH8U",
        "source_team": "T5M5PLH8U",
        "user_profile": {
            "avatar_hash": "ge8fe12d48f6",
            "image_72": "https:\/\/secure.gravatar.com\/avatar\/be8fe12d48f65fa83f69d7849035f8c3.jpg?s=72&d=https%3A%2F%2Fa.slack-edge.com%2Fdf10d%2Fimg%2Favatars%2Fava_0024-72.png",
            "first_name": "",
            "real_name": "Tomás Glaría",
            "display_name": "tglaria",
            "team": "T5M5PLH8U",
            "name": "tglaria",
            "is_restricted": false,
            "is_ultra_restricted": false
        },
        "thread_ts": "1552772038.019900",
        "parent_user_id": "U5M5PLH9S"
    },
    {
        "client_msg_id": "c77fe3c4-2fe9-4cda-9f15-3df25252477e",
        "type": "message",
        "text": "capa = capacitor ?",
        "user": "U8DP2NWAD",
        "ts": "1552942562.024700",
        "team": "T5M5PLH8U",
        "user_team": "T5M5PLH8U",
        "source_team": "T5M5PLH8U",
        "user_profile": {
            "avatar_hash": "ge8fe12d48f6",
            "image_72": "https:\/\/secure.gravatar.com\/avatar\/be8fe12d48f65fa83f69d7849035f8c3.jpg?s=72&d=https%3A%2F%2Fa.slack-edge.com%2Fdf10d%2Fimg%2Favatars%2Fava_0024-72.png",
            "first_name": "",
            "real_name": "Tomás Glaría",
            "display_name": "tglaria",
            "team": "T5M5PLH8U",
            "name": "tglaria",
            "is_restricted": false,
            "is_ultra_restricted": false
        },
        "thread_ts": "1552772038.019900",
        "parent_user_id": "U5M5PLH9S"
    },
    {
        "client_msg_id": "d25755b4-128c-4880-a9c4-b66bb1b57632",
        "type": "message",
        "text": "Yes",
        "user": "U5M5PLH9S",
        "ts": "1552943950.024900",
        "team": "T5M5PLH8U",
        "user_team": "T5M5PLH8U",
        "source_team": "T5M5PLH8U",
        "user_profile": {
            "avatar_hash": "e4fb6ae9f526",
            "image_72": "https:\/\/avatars.slack-edge.com\/2017-06-01\/191144530514_e4fb6ae9f526531fd41c_72.jpg",
            "first_name": "",
            "real_name": "kelu",
            "display_name": "",
            "team": "T5M5PLH8U",
            "name": "kelu",
            "is_restricted": false,
            "is_ultra_restricted": false
        },
        "thread_ts": "1552772038.019900",
        "parent_user_id": "U5M5PLH9S"
    },
    {
        "client_msg_id": "504ba9fa-5b3f-4068-90a7-d27c4f66689b",
        "type": "message",
        "text": "Anyhow, updating the summary :sweat_smile:",
        "user": "U5M5PLH9S",
        "ts": "1552944225.025100",
        "team": "T5M5PLH8U",
        "user_team": "T5M5PLH8U",
        "source_team": "T5M5PLH8U",
        "user_profile": {
            "avatar_hash": "e4fb6ae9f526",
            "image_72": "https:\/\/avatars.slack-edge.com\/2017-06-01\/191144530514_e4fb6ae9f526531fd41c_72.jpg",
            "first_name": "",
            "real_name": "kelu",
            "display_name": "",
            "team": "T5M5PLH8U",
            "name": "kelu",
            "is_restricted": false,
            "is_ultra_restricted": false
        },
        "thread_ts": "1552772038.019900",
        "parent_user_id": "U5M5PLH9S"
    }
]