[
    {
        "client_msg_id": "08a5bb3d-f446-4930-b185-28f9113580b6",
        "type": "message",
        "text": "<@U5M5PLH9S> Hi! Thanks for the warm welcome. We’re a team based in Melbourne, Australia and our project requires prototyping with a basic ultrasound device that can detect a boundary within another material (so something embedded in a material). We actually have your tobo and goblin modules and have been trying to get it to work with an Arduino, NI Elvis Board and 1-2MHz transducer. First and fore-mostly, although we have tried to go through your documentation, we are kind of lost on how to get started with these components and how to wire everything up in a very basic fashion. Our ideal end result would be peaks from the transducer that will indicate a boundary within a material. If you could help us get started and give us a basic set-up guide, that would be amazing.\nThanks!\n<@UMDJSHV8A> <@UMR2MRB6C>",
        "user": "UMJLWHPLZ",
        "ts": "1567391536.000500",
        "team": "T5M5PLH8U",
        "user_team": "T5M5PLH8U",
        "source_team": "T5M5PLH8U",
        "user_profile": {
            "avatar_hash": "gee04ed57b91",
            "image_72": "https:\/\/secure.gravatar.com\/avatar\/cee04ed57b91d9058c4a1f105b959b29.jpg?s=72&d=https%3A%2F%2Fa.slack-edge.com%2Fdf10d%2Fimg%2Favatars%2Fava_0018-72.png",
            "first_name": "",
            "real_name": "Vinuri De Silva",
            "display_name": "Vinuri De Silva",
            "team": "T5M5PLH8U",
            "name": "vinurid",
            "is_restricted": false,
            "is_ultra_restricted": false
        },
        "thread_ts": "1566910693.036600",
        "parent_user_id": "U5M5PLH9S"
    },
    {
        "client_msg_id": "129fc793-62e4-4664-adfa-c9aec2e591bc",
        "type": "message",
        "text": "Cool! So tobo and goblin are designed to be put on a motherboard, so that their pins are aligned. A stripboard does the job.",
        "user": "U5M5PLH9S",
        "ts": "1567405688.000800",
        "team": "T5M5PLH8U",
        "user_team": "T5M5PLH8U",
        "source_team": "T5M5PLH8U",
        "user_profile": {
            "avatar_hash": "e4fb6ae9f526",
            "image_72": "https:\/\/avatars.slack-edge.com\/2017-06-01\/191144530514_e4fb6ae9f526531fd41c_72.jpg",
            "first_name": "",
            "real_name": "kelu",
            "display_name": "",
            "team": "T5M5PLH8U",
            "name": "kelu",
            "is_restricted": false,
            "is_ultra_restricted": false
        },
        "thread_ts": "1566910693.036600",
        "parent_user_id": "U5M5PLH9S"
    },
    {
        "client_msg_id": "d1cabdfe-a7df-4b95-9053-50b9053ca837",
        "type": "message",
        "text": "Setup like this works <https:\/\/github.com\/kelu124\/echomods\/blob\/master\/elmo\/data\/arduino\/setup.png>",
        "user": "U5M5PLH9S",
        "ts": "1567405884.001000",
        "team": "T5M5PLH8U",
        "user_team": "T5M5PLH8U",
        "source_team": "T5M5PLH8U",
        "user_profile": {
            "avatar_hash": "e4fb6ae9f526",
            "image_72": "https:\/\/avatars.slack-edge.com\/2017-06-01\/191144530514_e4fb6ae9f526531fd41c_72.jpg",
            "first_name": "",
            "real_name": "kelu",
            "display_name": "",
            "team": "T5M5PLH8U",
            "name": "kelu",
            "is_restricted": false,
            "is_ultra_restricted": false
        },
        "thread_ts": "1566910693.036600",
        "parent_user_id": "U5M5PLH9S"
    },
    {
        "client_msg_id": "ff32eade-07d8-4370-b421-4c1e8db4afd8",
        "type": "message",
        "text": "The only thing the arduino needs to do is to manage the 3.3v supply, 5v if you can extract, and the pulser logic.\nThe full list of pins is at <https:\/\/github.com\/kelu124\/echomods\/blob\/master\/include\/AddInterfaces.md>",
        "user": "U5M5PLH9S",
        "ts": "1567405934.001200",
        "team": "T5M5PLH8U",
        "user_team": "T5M5PLH8U",
        "source_team": "T5M5PLH8U",
        "user_profile": {
            "avatar_hash": "e4fb6ae9f526",
            "image_72": "https:\/\/avatars.slack-edge.com\/2017-06-01\/191144530514_e4fb6ae9f526531fd41c_72.jpg",
            "first_name": "",
            "real_name": "kelu",
            "display_name": "",
            "team": "T5M5PLH8U",
            "name": "kelu",
            "is_restricted": false,
            "is_ultra_restricted": false
        },
        "edited": {
            "user": "U5M5PLH9S",
            "ts": "1567406081.000000"
        },
        "thread_ts": "1566910693.036600",
        "parent_user_id": "U5M5PLH9S"
    },
    {
        "client_msg_id": "eb1933ea-2d6e-43d7-8dc1-3d4efbf2db01",
        "type": "message",
        "text": "You may also want to refer to figs 7 and 8 of the article <https:\/\/openhardware.metajnl.com\/articles\/10.5334\/joh.2\/>",
        "user": "U5M5PLH9S",
        "ts": "1567406247.001500",
        "team": "T5M5PLH8U",
        "user_team": "T5M5PLH8U",
        "source_team": "T5M5PLH8U",
        "user_profile": {
            "avatar_hash": "e4fb6ae9f526",
            "image_72": "https:\/\/avatars.slack-edge.com\/2017-06-01\/191144530514_e4fb6ae9f526531fd41c_72.jpg",
            "first_name": "",
            "real_name": "kelu",
            "display_name": "",
            "team": "T5M5PLH8U",
            "name": "kelu",
            "is_restricted": false,
            "is_ultra_restricted": false
        },
        "attachments": [
            {
                "title": "Journal of Open Hardware",
                "title_link": "https:\/\/openhardware.metajnl.com\/articles\/10.5334\/joh.2\/",
                "text": "Article: Arduino-like development kit for single-element ultrasound imaging",
                "fallback": "Journal of Open Hardware",
                "from_url": "https:\/\/openhardware.metajnl.com\/articles\/10.5334\/joh.2\/",
                "service_name": "openhardware.metajnl.com",
                "id": 1,
                "original_url": "https:\/\/openhardware.metajnl.com\/articles\/10.5334\/joh.2\/"
            }
        ],
        "thread_ts": "1566910693.036600",
        "parent_user_id": "U5M5PLH9S"
    }
]