[
    {
        "client_msg_id": "2d6688c7-8ad8-4801-8b74-49f0b29816e7",
        "type": "message",
        "text": "<@U019B6Q6YD9> are you want make to be through transmisson ultrasonic?",
        "user": "UE3JX8LUT",
        "ts": "1603014485.004100",
        "team": "T5M5PLH8U",
        "user_team": "T5M5PLH8U",
        "source_team": "T5M5PLH8U",
        "user_profile": {
            "avatar_hash": "a9159a929398",
            "image_72": "https:\/\/avatars.slack-edge.com\/2018-11-15\/479026488288_a9159a929398c4006149_72.jpg",
            "first_name": "Fadhli",
            "real_name": "Fadhli",
            "display_name": "Fadhli",
            "team": "T5M5PLH8U",
            "name": "fadhliazinnuddin",
            "is_restricted": false,
            "is_ultra_restricted": false
        },
        "blocks": [
            {
                "type": "rich_text",
                "block_id": "rJd",
                "elements": [
                    {
                        "type": "rich_text_section",
                        "elements": [
                            {
                                "type": "user",
                                "user_id": "U019B6Q6YD9"
                            },
                            {
                                "type": "text",
                                "text": " are you want make to be through transmisson ultrasonic?"
                            }
                        ]
                    }
                ]
            }
        ],
        "thread_ts": "1598112591.004900",
        "parent_user_id": "U019B6Q6YD9"
    }
]