[
    {
        "client_msg_id": "2a448240-5142-4068-bd3a-11d8d3eee40f",
        "type": "message",
        "text": "<@URM2LCMHA> <@UF90LJWTH> I know you're using the board at the moment. I've put a small app.py file in the lib repo. It is a streamlit app (thanks <@UFPCMHBA6>) that allows you to play with first acquisitions relatively simply. It runs by typing \"streamlit run app.py\" in the folder, it will open a link to access the app.",
        "user": "U5M5PLH9S",
        "ts": "1581246439.012700",
        "team": "T5M5PLH8U",
        "user_team": "T5M5PLH8U",
        "source_team": "T5M5PLH8U",
        "user_profile": {
            "avatar_hash": "e4fb6ae9f526",
            "image_72": "https:\/\/avatars.slack-edge.com\/2017-06-01\/191144530514_e4fb6ae9f526531fd41c_72.jpg",
            "first_name": "",
            "real_name": "kelu",
            "display_name": "",
            "team": "T5M5PLH8U",
            "name": "kelu",
            "is_restricted": false,
            "is_ultra_restricted": false
        },
        "blocks": [
            {
                "type": "rich_text",
                "block_id": "9h8n",
                "elements": [
                    {
                        "type": "rich_text_section",
                        "elements": [
                            {
                                "type": "user",
                                "user_id": "URM2LCMHA"
                            },
                            {
                                "type": "text",
                                "text": " "
                            },
                            {
                                "type": "user",
                                "user_id": "UF90LJWTH"
                            },
                            {
                                "type": "text",
                                "text": " I know you're using the board at the moment. I've put a small app.py file in the lib repo. It is a streamlit app (thanks "
                            },
                            {
                                "type": "user",
                                "user_id": "UFPCMHBA6"
                            },
                            {
                                "type": "text",
                                "text": ") that allows you to play with first acquisitions relatively simply. It runs by typing \"streamlit run app.py\" in the folder, it will open a link to access the app."
                            }
                        ]
                    }
                ]
            }
        ],
        "reactions": [
            {
                "name": "+1",
                "users": [
                    "UFPCMHBA6"
                ],
                "count": 1
            }
        ]
    },
    {
        "client_msg_id": "d28ebf80-f6b9-41b7-8be4-fd46a919be03",
        "type": "message",
        "text": "A short demo is there :\n<https:\/\/youtu.be\/CsLhFRVoXY4>",
        "user": "U5M5PLH9S",
        "ts": "1581246448.013000",
        "team": "T5M5PLH8U",
        "user_team": "T5M5PLH8U",
        "source_team": "T5M5PLH8U",
        "user_profile": {
            "avatar_hash": "e4fb6ae9f526",
            "image_72": "https:\/\/avatars.slack-edge.com\/2017-06-01\/191144530514_e4fb6ae9f526531fd41c_72.jpg",
            "first_name": "",
            "real_name": "kelu",
            "display_name": "",
            "team": "T5M5PLH8U",
            "name": "kelu",
            "is_restricted": false,
            "is_ultra_restricted": false
        },
        "attachments": [
            {
                "service_name": "YouTube",
                "service_url": "https:\/\/www.youtube.com\/",
                "title": "pyUn0-lib Streamlit tool",
                "title_link": "https:\/\/youtu.be\/CsLhFRVoXY4",
                "author_name": "Luc Jonveaux",
                "author_link": "https:\/\/www.youtube.com\/channel\/UCEgX33CT68gAJ4lsAeaxyZQ",
                "thumb_url": "https:\/\/i.ytimg.com\/vi\/CsLhFRVoXY4\/hqdefault.jpg",
                "thumb_width": 480,
                "thumb_height": 360,
                "fallback": "YouTube Video: pyUn0-lib Streamlit tool",
                "video_html": "<iframe width=\"400\" height=\"225\" src=\"https:\/\/www.youtube.com\/embed\/CsLhFRVoXY4?feature=oembed&autoplay=1&iv_load_policy=3\" frameborder=\"0\" allow=\"accelerometer; autoplay; encrypted-media; gyroscope; picture-in-picture\" allowfullscreen><\/iframe>",
                "video_html_width": 400,
                "video_html_height": 225,
                "from_url": "https:\/\/youtu.be\/CsLhFRVoXY4",
                "service_icon": "https:\/\/a.slack-edge.com\/80588\/img\/unfurl_icons\/youtube.png",
                "id": 1,
                "original_url": "https:\/\/youtu.be\/CsLhFRVoXY4"
            }
        ],
        "blocks": [
            {
                "type": "rich_text",
                "block_id": "YOHv0",
                "elements": [
                    {
                        "type": "rich_text_section",
                        "elements": [
                            {
                                "type": "text",
                                "text": "A short demo is there :\n"
                            },
                            {
                                "type": "link",
                                "url": "https:\/\/youtu.be\/CsLhFRVoXY4"
                            }
                        ]
                    }
                ]
            }
        ]
    }
]