[
    {
        "client_msg_id": "e9647097-6d5c-4b1d-b0a9-96a462bc7368",
        "type": "message",
        "text": "Merry XMas <!channel> :smiley:🥳",
        "user": "U5M5PLH9S",
        "ts": "1608844780.036400",
        "team": "T5M5PLH8U",
        "user_team": "T5M5PLH8U",
        "source_team": "T5M5PLH8U",
        "user_profile": {
            "avatar_hash": "e4fb6ae9f526",
            "image_72": "https:\/\/avatars.slack-edge.com\/2017-06-01\/191144530514_e4fb6ae9f526531fd41c_72.jpg",
            "first_name": "",
            "real_name": "kelu",
            "display_name": "",
            "team": "T5M5PLH8U",
            "name": "kelu",
            "is_restricted": false,
            "is_ultra_restricted": false
        },
        "blocks": [
            {
                "type": "rich_text",
                "block_id": "kKzl",
                "elements": [
                    {
                        "type": "rich_text_section",
                        "elements": [
                            {
                                "type": "text",
                                "text": "Merry XMas "
                            },
                            {
                                "type": "broadcast",
                                "range": "channel"
                            },
                            {
                                "type": "text",
                                "text": " "
                            },
                            {
                                "type": "emoji",
                                "name": "smiley"
                            },
                            {
                                "type": "text",
                                "text": "🥳"
                            }
                        ]
                    }
                ]
            }
        ],
        "thread_ts": "1608844780.036400",
        "reply_count": 3,
        "reply_users_count": 3,
        "latest_reply": "1608851661.037800",
        "reply_users": [
            "U6E49CNV6",
            "U01AQTPSLUA",
            "U01A7SLF2LD"
        ],
        "replies": [
            {
                "user": "U6E49CNV6",
                "ts": "1608844812.036700"
            },
            {
                "user": "U01AQTPSLUA",
                "ts": "1608845956.036900"
            },
            {
                "user": "U01A7SLF2LD",
                "ts": "1608851661.037800"
            }
        ],
        "subscribed": true,
        "last_read": "1608851661.037800",
        "reactions": [
            {
                "name": "gift",
                "users": [
                    "U5M5PLH9S"
                ],
                "count": 1
            },
            {
                "name": "christmas_tree",
                "users": [
                    "U5M5PLH9S"
                ],
                "count": 1
            },
            {
                "name": "santa",
                "users": [
                    "U5M5PLH9S"
                ],
                "count": 1
            }
        ]
    },
    {
        "client_msg_id": "6765216C-48BC-48AB-8238-5CD7DC5F3907",
        "type": "message",
        "text": "And a happy new year",
        "user": "U6E49CNV6",
        "ts": "1608844812.036700",
        "team": "T5M5PLH8U",
        "user_team": "T5M5PLH8U",
        "source_team": "T5M5PLH8U",
        "user_profile": {
            "avatar_hash": "g080a90c5285",
            "image_72": "https:\/\/secure.gravatar.com\/avatar\/7080a90c528526f8129488e607562782.jpg?s=72&d=https%3A%2F%2Fa.slack-edge.com%2Fdf10d%2Fimg%2Favatars%2Fava_0018-72.png",
            "first_name": "Morgan",
            "real_name": "Morgan Hough",
            "display_name": "mhough",
            "team": "T5M5PLH8U",
            "name": "mhough",
            "is_restricted": false,
            "is_ultra_restricted": false
        },
        "blocks": [
            {
                "type": "rich_text",
                "block_id": "VwOnc",
                "elements": [
                    {
                        "type": "rich_text_section",
                        "elements": [
                            {
                                "type": "text",
                                "text": "And a happy new year"
                            }
                        ]
                    }
                ]
            }
        ],
        "thread_ts": "1608844780.036400",
        "parent_user_id": "U5M5PLH9S",
        "reactions": [
            {
                "name": "christmas_tree",
                "users": [
                    "U5M5PLH9S"
                ],
                "count": 1
            }
        ]
    },
    {
        "client_msg_id": "a84a2273-afe5-4fb1-ab2c-f5edd36c8d94",
        "type": "message",
        "text": "Happy holidays everyone!",
        "user": "U01AQTPSLUA",
        "ts": "1608845956.036900",
        "team": "T5M5PLH8U",
        "user_team": "T5M5PLH8U",
        "source_team": "T5M5PLH8U",
        "user_profile": {
            "avatar_hash": "349191a26b66",
            "image_72": "https:\/\/avatars.slack-edge.com\/2020-09-15\/1364941997842_349191a26b660058ea59_72.jpg",
            "first_name": "",
            "real_name": "Stephanie Moreira",
            "display_name": "Stephanie Moreira",
            "team": "T5M5PLH8U",
            "name": "steph.moreira21",
            "is_restricted": false,
            "is_ultra_restricted": false
        },
        "blocks": [
            {
                "type": "rich_text",
                "block_id": "DwO",
                "elements": [
                    {
                        "type": "rich_text_section",
                        "elements": [
                            {
                                "type": "text",
                                "text": "Happy holidays everyone!"
                            }
                        ]
                    }
                ]
            }
        ],
        "thread_ts": "1608844780.036400",
        "parent_user_id": "U5M5PLH9S",
        "reactions": [
            {
                "name": "christmas_tree",
                "users": [
                    "U5M5PLH9S"
                ],
                "count": 1
            }
        ]
    },
    {
        "client_msg_id": "fae17f44-d325-429a-a11c-d653fc711d2a",
        "type": "message",
        "text": "Same to you Kelu, and everyone else in this group!!",
        "user": "U01FAGGJW2W",
        "ts": "1608849762.037400",
        "team": "T5M5PLH8U",
        "user_team": "T5M5PLH8U",
        "source_team": "T5M5PLH8U",
        "user_profile": {
            "avatar_hash": "f8881a41fe0f",
            "image_72": "https:\/\/avatars.slack-edge.com\/2020-11-22\/1526723358100_f8881a41fe0f394549aa_72.jpg",
            "first_name": "",
            "real_name": "Hariharan Gopalan",
            "display_name": "Hariharan Gopalan",
            "team": "T5M5PLH8U",
            "name": "rdu.hari",
            "is_restricted": false,
            "is_ultra_restricted": false
        },
        "blocks": [
            {
                "type": "rich_text",
                "block_id": "E6X0",
                "elements": [
                    {
                        "type": "rich_text_section",
                        "elements": [
                            {
                                "type": "text",
                                "text": "Same to you Kelu, and everyone else in this group!!"
                            }
                        ]
                    }
                ]
            }
        ],
        "reactions": [
            {
                "name": "smiley",
                "users": [
                    "U5M5PLH9S"
                ],
                "count": 1
            }
        ]
    },
    {
        "client_msg_id": "B9268360-C725-415E-B411-A31CA17A8A9C",
        "type": "message",
        "text": "Merry Christmas :christmas_tree::gift: 🥳",
        "user": "U01A7SLF2LD",
        "ts": "1608851661.037800",
        "team": "T5M5PLH8U",
        "user_team": "T5M5PLH8U",
        "source_team": "T5M5PLH8U",
        "user_profile": {
            "avatar_hash": "ee3a56bae6bf",
            "image_72": "https:\/\/avatars.slack-edge.com\/2020-11-03\/1473964194290_ee3a56bae6bf5889d152_72.jpg",
            "first_name": "",
            "real_name": "Akanksha Wadhwa",
            "display_name": "Akanksha Wadhwa",
            "team": "T5M5PLH8U",
            "name": "akanksha_wadhwa",
            "is_restricted": false,
            "is_ultra_restricted": false
        },
        "blocks": [
            {
                "type": "rich_text",
                "block_id": "jBG7",
                "elements": [
                    {
                        "type": "rich_text_section",
                        "elements": [
                            {
                                "type": "text",
                                "text": "Merry Christmas "
                            },
                            {
                                "type": "emoji",
                                "name": "christmas_tree"
                            },
                            {
                                "type": "emoji",
                                "name": "gift"
                            },
                            {
                                "type": "text",
                                "text": " 🥳"
                            }
                        ]
                    }
                ]
            }
        ],
        "thread_ts": "1608844780.036400",
        "parent_user_id": "U5M5PLH9S",
        "reactions": [
            {
                "name": "tada",
                "users": [
                    "U5M5PLH9S"
                ],
                "count": 1
            }
        ]
    }
]