[
    {
        "type": "message",
        "text": "Only seeing one pulse (still) at 320ns, with new script (10 lines).",
        "files": [
            {
                "id": "FUSEMEJAE",
                "created": 1583847431,
                "timestamp": 1583847431,
                "name": "pw_10lines.png",
                "title": "pw_10lines.png",
                "mimetype": "image\/png",
                "filetype": "png",
                "pretty_type": "PNG",
                "user": "URM2LCMHA",
                "editable": false,
                "size": 15593,
                "mode": "hosted",
                "is_external": false,
                "external_type": "",
                "is_public": true,
                "public_url_shared": false,
                "display_as_bot": false,
                "username": "",
                "url_private": "https:\/\/files.slack.com\/files-pri\/T5M5PLH8U-FUSEMEJAE\/pw_10lines.png?t=xoxe-191193697300-1655641665238-1662624174259-9d4966033b52bec8bbd54ad611c52557",
                "url_private_download": "https:\/\/files.slack.com\/files-pri\/T5M5PLH8U-FUSEMEJAE\/download\/pw_10lines.png?t=xoxe-191193697300-1655641665238-1662624174259-9d4966033b52bec8bbd54ad611c52557",
                "thumb_64": "https:\/\/files.slack.com\/files-tmb\/T5M5PLH8U-FUSEMEJAE-9e4241d997\/pw_10lines_64.png?t=xoxe-191193697300-1655641665238-1662624174259-9d4966033b52bec8bbd54ad611c52557",
                "thumb_80": "https:\/\/files.slack.com\/files-tmb\/T5M5PLH8U-FUSEMEJAE-9e4241d997\/pw_10lines_80.png?t=xoxe-191193697300-1655641665238-1662624174259-9d4966033b52bec8bbd54ad611c52557",
                "thumb_360": "https:\/\/files.slack.com\/files-tmb\/T5M5PLH8U-FUSEMEJAE-9e4241d997\/pw_10lines_360.png?t=xoxe-191193697300-1655641665238-1662624174259-9d4966033b52bec8bbd54ad611c52557",
                "thumb_360_w": 360,
                "thumb_360_h": 270,
                "thumb_480": "https:\/\/files.slack.com\/files-tmb\/T5M5PLH8U-FUSEMEJAE-9e4241d997\/pw_10lines_480.png?t=xoxe-191193697300-1655641665238-1662624174259-9d4966033b52bec8bbd54ad611c52557",
                "thumb_480_w": 480,
                "thumb_480_h": 360,
                "thumb_160": "https:\/\/files.slack.com\/files-tmb\/T5M5PLH8U-FUSEMEJAE-9e4241d997\/pw_10lines_160.png?t=xoxe-191193697300-1655641665238-1662624174259-9d4966033b52bec8bbd54ad611c52557",
                "image_exif_rotation": 1,
                "original_w": 640,
                "original_h": 480,
                "thumb_tiny": "AwAkADDQCKMYGOe1O2g\/\/rpMZGD60uxfSgYbRn\/69G0f5NA4paBCEcd\/zpaQ9KPmz1GKAAf1pcU1Sf4tv4U7I9aAG5AODinYpDjvikBOOq0DFPSlppJx\/DTqBCbeScnn3paKKAGyHC9B+NNjwwOQPypZfuUkPQ0APwPQVGpJbGTzUtRJ98UAf\/\/Z",
                "permalink": "https:\/\/usdevkit.slack.com\/files\/URM2LCMHA\/FUSEMEJAE\/pw_10lines.png",
                "permalink_public": "https:\/\/slack-files.com\/T5M5PLH8U-FUSEMEJAE-576cda0a9d",
                "is_starred": false,
                "has_rich_preview": false
            }
        ],
        "upload": true,
        "blocks": [
            {
                "type": "rich_text",
                "block_id": "nr\/Wb",
                "elements": [
                    {
                        "type": "rich_text_section",
                        "elements": [
                            {
                                "type": "text",
                                "text": "Only seeing one pulse (still) at 320ns, with new script (10 lines)."
                            }
                        ]
                    }
                ]
            }
        ],
        "user": "URM2LCMHA",
        "display_as_bot": false,
        "ts": "1583847436.022600",
        "client_msg_id": "39f37a84-4474-436a-bd1e-9721d6eab8d7",
        "thread_ts": "1583414620.019400",
        "parent_user_id": "URM2LCMHA"
    },
    {
        "client_msg_id": "abc51a1f-dddc-49ab-bc83-6b1185bbe338",
        "type": "message",
        "text": "Weird. Can you share the JSON that came from this acquisition?",
        "user": "U5M5PLH9S",
        "ts": "1583848464.023000",
        "team": "T5M5PLH8U",
        "user_team": "T5M5PLH8U",
        "source_team": "T5M5PLH8U",
        "user_profile": {
            "avatar_hash": "e4fb6ae9f526",
            "image_72": "https:\/\/avatars.slack-edge.com\/2017-06-01\/191144530514_e4fb6ae9f526531fd41c_72.jpg",
            "first_name": "",
            "real_name": "kelu",
            "display_name": "",
            "team": "T5M5PLH8U",
            "name": "kelu",
            "is_restricted": false,
            "is_ultra_restricted": false
        },
        "blocks": [
            {
                "type": "rich_text",
                "block_id": "uoCst",
                "elements": [
                    {
                        "type": "rich_text_section",
                        "elements": [
                            {
                                "type": "text",
                                "text": "Weird. Can you share the JSON that came from this acquisition?"
                            }
                        ]
                    }
                ]
            }
        ],
        "thread_ts": "1583414620.019400",
        "parent_user_id": "URM2LCMHA"
    },
    {
        "client_msg_id": "e3bff86c-7855-406c-a90e-663392ef2845",
        "type": "message",
        "text": "Have you updated both files, and used the \"-f file\"  option too ?",
        "user": "U5M5PLH9S",
        "ts": "1583848487.023200",
        "team": "T5M5PLH8U",
        "user_team": "T5M5PLH8U",
        "source_team": "T5M5PLH8U",
        "user_profile": {
            "avatar_hash": "e4fb6ae9f526",
            "image_72": "https:\/\/avatars.slack-edge.com\/2017-06-01\/191144530514_e4fb6ae9f526531fd41c_72.jpg",
            "first_name": "",
            "real_name": "kelu",
            "display_name": "",
            "team": "T5M5PLH8U",
            "name": "kelu",
            "is_restricted": false,
            "is_ultra_restricted": false
        },
        "blocks": [
            {
                "type": "rich_text",
                "block_id": "UasTh",
                "elements": [
                    {
                        "type": "rich_text_section",
                        "elements": [
                            {
                                "type": "text",
                                "text": "Have you updated both files, and used the \"-f file\"  option too ?"
                            }
                        ]
                    }
                ]
            }
        ],
        "thread_ts": "1583414620.019400",
        "parent_user_id": "URM2LCMHA"
    },
    {
        "client_msg_id": "4c2a78f8-4787-46e1-b60e-71ed3fd21e6d",
        "type": "message",
        "text": "The pulser output waveform is directly into o'scope. Do you want JSON with probe attached?",
        "user": "URM2LCMHA",
        "ts": "1583848826.023400",
        "team": "T5M5PLH8U",
        "user_team": "T5M5PLH8U",
        "source_team": "T5M5PLH8U",
        "user_profile": {
            "avatar_hash": "g0727c50e72c",
            "image_72": "https:\/\/secure.gravatar.com\/avatar\/0727c50e72cecd2eb296eadbca46c9b1.jpg?s=72&d=https%3A%2F%2Fa.slack-edge.com%2Fdf10d%2Fimg%2Favatars%2Fava_0018-72.png",
            "first_name": "",
            "real_name": "Richard",
            "display_name": "Richard",
            "team": "T5M5PLH8U",
            "name": "richard.st-pierre",
            "is_restricted": false,
            "is_ultra_restricted": false
        },
        "blocks": [
            {
                "type": "rich_text",
                "block_id": "Oywqx",
                "elements": [
                    {
                        "type": "rich_text_section",
                        "elements": [
                            {
                                "type": "text",
                                "text": "The pulser output waveform is directly into o'scope. Do you want JSON with probe attached?"
                            }
                        ]
                    }
                ]
            }
        ],
        "thread_ts": "1583414620.019400",
        "parent_user_id": "URM2LCMHA"
    },
    {
        "client_msg_id": "e1aa59d7-759c-4a9f-8d32-b2c6b407317e",
        "type": "message",
        "text": "With and without please, if you can.",
        "user": "U5M5PLH9S",
        "ts": "1583849291.023600",
        "team": "T5M5PLH8U",
        "user_team": "T5M5PLH8U",
        "source_team": "T5M5PLH8U",
        "user_profile": {
            "avatar_hash": "e4fb6ae9f526",
            "image_72": "https:\/\/avatars.slack-edge.com\/2017-06-01\/191144530514_e4fb6ae9f526531fd41c_72.jpg",
            "first_name": "",
            "real_name": "kelu",
            "display_name": "",
            "team": "T5M5PLH8U",
            "name": "kelu",
            "is_restricted": false,
            "is_ultra_restricted": false
        },
        "blocks": [
            {
                "type": "rich_text",
                "block_id": "ckO",
                "elements": [
                    {
                        "type": "rich_text_section",
                        "elements": [
                            {
                                "type": "text",
                                "text": "With and without please, if you can."
                            }
                        ]
                    }
                ]
            }
        ],
        "thread_ts": "1583414620.019400",
        "parent_user_id": "URM2LCMHA"
    },
    {
        "client_msg_id": "3f8354ad-8289-450b-9a32-5f41c8da4982",
        "type": "message",
        "text": "normally, there should be 10 pulses spaced by 2.5ms ( with the 'interline' parameter delay)",
        "user": "U5M5PLH9S",
        "ts": "1583849341.023800",
        "team": "T5M5PLH8U",
        "user_team": "T5M5PLH8U",
        "source_team": "T5M5PLH8U",
        "user_profile": {
            "avatar_hash": "e4fb6ae9f526",
            "image_72": "https:\/\/avatars.slack-edge.com\/2017-06-01\/191144530514_e4fb6ae9f526531fd41c_72.jpg",
            "first_name": "",
            "real_name": "kelu",
            "display_name": "",
            "team": "T5M5PLH8U",
            "name": "kelu",
            "is_restricted": false,
            "is_ultra_restricted": false
        },
        "blocks": [
            {
                "type": "rich_text",
                "block_id": "gpy",
                "elements": [
                    {
                        "type": "rich_text_section",
                        "elements": [
                            {
                                "type": "text",
                                "text": "normally, there should be 10 pulses spaced by 2.5ms ( with the 'interline' parameter delay)"
                            }
                        ]
                    }
                ]
            }
        ],
        "thread_ts": "1583414620.019400",
        "parent_user_id": "URM2LCMHA"
    },
    {
        "client_msg_id": "a542345c-e4a0-4eee-850a-dfa329201088",
        "type": "message",
        "text": "so you should see 10 pulses",
        "user": "U5M5PLH9S",
        "ts": "1583849354.024000",
        "team": "T5M5PLH8U",
        "user_team": "T5M5PLH8U",
        "source_team": "T5M5PLH8U",
        "user_profile": {
            "avatar_hash": "e4fb6ae9f526",
            "image_72": "https:\/\/avatars.slack-edge.com\/2017-06-01\/191144530514_e4fb6ae9f526531fd41c_72.jpg",
            "first_name": "",
            "real_name": "kelu",
            "display_name": "",
            "team": "T5M5PLH8U",
            "name": "kelu",
            "is_restricted": false,
            "is_ultra_restricted": false
        },
        "blocks": [
            {
                "type": "rich_text",
                "block_id": "+Lb",
                "elements": [
                    {
                        "type": "rich_text_section",
                        "elements": [
                            {
                                "type": "text",
                                "text": "so you should see 10 pulses"
                            }
                        ]
                    }
                ]
            }
        ],
        "thread_ts": "1583414620.019400",
        "parent_user_id": "URM2LCMHA"
    },
    {
        "type": "message",
        "text": "**-1.json  is output into o'scope only. **-2.json is with probe attached into water. Both running 10 line script. console log shown in 10lines file.",
        "files": [
            {
                "id": "FUV91KJKB",
                "created": 1583850151,
                "timestamp": 1583850151,
                "name": "20200310a-1.json",
                "title": "20200310a-1.json",
                "mimetype": "text\/plain",
                "filetype": "javascript",
                "pretty_type": "JavaScript\/JSON",
                "user": "URM2LCMHA",
                "editable": false,
                "size": 1249625,
                "mode": "hosted",
                "is_external": false,
                "external_type": "",
                "is_public": true,
                "public_url_shared": false,
                "display_as_bot": false,
                "username": "",
                "url_private": "https:\/\/files.slack.com\/files-pri\/T5M5PLH8U-FUV91KJKB\/20200310a-1.json?t=xoxe-191193697300-1655641665238-1662624174259-9d4966033b52bec8bbd54ad611c52557",
                "url_private_download": "https:\/\/files.slack.com\/files-pri\/T5M5PLH8U-FUV91KJKB\/download\/20200310a-1.json?t=xoxe-191193697300-1655641665238-1662624174259-9d4966033b52bec8bbd54ad611c52557",
                "permalink": "https:\/\/usdevkit.slack.com\/files\/URM2LCMHA\/FUV91KJKB\/20200310a-1.json",
                "permalink_public": "https:\/\/slack-files.com\/T5M5PLH8U-FUV91KJKB-3fa53f2582",
                "is_starred": false,
                "has_rich_preview": false
            },
            {
                "id": "FV7HRGXP0",
                "created": 1583850151,
                "timestamp": 1583850151,
                "name": "20200310a-2.json",
                "title": "20200310a-2.json",
                "mimetype": "text\/plain",
                "filetype": "javascript",
                "pretty_type": "JavaScript\/JSON",
                "user": "URM2LCMHA",
                "editable": false,
                "size": 1124020,
                "mode": "hosted",
                "is_external": false,
                "external_type": "",
                "is_public": true,
                "public_url_shared": false,
                "display_as_bot": false,
                "username": "",
                "url_private": "https:\/\/files.slack.com\/files-pri\/T5M5PLH8U-FV7HRGXP0\/20200310a-2.json?t=xoxe-191193697300-1655641665238-1662624174259-9d4966033b52bec8bbd54ad611c52557",
                "url_private_download": "https:\/\/files.slack.com\/files-pri\/T5M5PLH8U-FV7HRGXP0\/download\/20200310a-2.json?t=xoxe-191193697300-1655641665238-1662624174259-9d4966033b52bec8bbd54ad611c52557",
                "permalink": "https:\/\/usdevkit.slack.com\/files\/URM2LCMHA\/FV7HRGXP0\/20200310a-2.json",
                "permalink_public": "https:\/\/slack-files.com\/T5M5PLH8U-FV7HRGXP0-336ca8767f",
                "is_starred": false,
                "has_rich_preview": false
            },
            {
                "id": "FUSHTF99Q",
                "created": 1583850151,
                "timestamp": 1583850151,
                "name": "10lines",
                "title": "10lines",
                "mimetype": "text\/plain",
                "filetype": "text",
                "pretty_type": "Plain Text",
                "user": "URM2LCMHA",
                "editable": true,
                "size": 1621,
                "mode": "snippet",
                "is_external": false,
                "external_type": "",
                "is_public": true,
                "public_url_shared": false,
                "display_as_bot": false,
                "username": "",
                "url_private": "https:\/\/files.slack.com\/files-pri\/T5M5PLH8U-FUSHTF99Q\/10lines?t=xoxe-191193697300-1655641665238-1662624174259-9d4966033b52bec8bbd54ad611c52557",
                "url_private_download": "https:\/\/files.slack.com\/files-pri\/T5M5PLH8U-FUSHTF99Q\/download\/10lines?t=xoxe-191193697300-1655641665238-1662624174259-9d4966033b52bec8bbd54ad611c52557",
                "permalink": "https:\/\/usdevkit.slack.com\/files\/URM2LCMHA\/FUSHTF99Q\/10lines",
                "permalink_public": "https:\/\/slack-files.com\/T5M5PLH8U-FUSHTF99Q-574dc911bc",
                "edit_link": "https:\/\/usdevkit.slack.com\/files\/URM2LCMHA\/FUSHTF99Q\/10lines\/edit",
                "is_starred": false,
                "has_rich_preview": false
            }
        ],
        "upload": true,
        "blocks": [
            {
                "type": "rich_text",
                "block_id": "H58",
                "elements": [
                    {
                        "type": "rich_text_section",
                        "elements": [
                            {
                                "type": "text",
                                "text": "**-1.json  is output into o'scope only. **-2.json is with probe attached into water. Both running 10 line script. console log shown in 10lines file."
                            }
                        ]
                    }
                ]
            }
        ],
        "user": "URM2LCMHA",
        "ts": "1583850154.024200",
        "client_msg_id": "ddc1655a-db2c-49a5-880f-e2a92a37a9f1",
        "thread_ts": "1583414620.019400",
        "parent_user_id": "URM2LCMHA"
    },
    {
        "client_msg_id": "f4a478b9-47ef-4bb9-89c9-1260434de386",
        "type": "message",
        "text": "Cool. Did you see the 10 pulses while on the scope ?",
        "user": "U5M5PLH9S",
        "ts": "1583850263.025000",
        "team": "T5M5PLH8U",
        "user_team": "T5M5PLH8U",
        "source_team": "T5M5PLH8U",
        "user_profile": {
            "avatar_hash": "e4fb6ae9f526",
            "image_72": "https:\/\/avatars.slack-edge.com\/2017-06-01\/191144530514_e4fb6ae9f526531fd41c_72.jpg",
            "first_name": "",
            "real_name": "kelu",
            "display_name": "",
            "team": "T5M5PLH8U",
            "name": "kelu",
            "is_restricted": false,
            "is_ultra_restricted": false
        },
        "blocks": [
            {
                "type": "rich_text",
                "block_id": "7cuF",
                "elements": [
                    {
                        "type": "rich_text_section",
                        "elements": [
                            {
                                "type": "text",
                                "text": "Cool. Did you see the 10 pulses while on the scope ?"
                            }
                        ]
                    }
                ]
            }
        ],
        "thread_ts": "1583414620.019400",
        "parent_user_id": "URM2LCMHA"
    },
    {
        "client_msg_id": "832353ee-3083-452a-be36-cddcf7419325",
        "type": "message",
        "text": "No-  single pulse over 10ms observation window",
        "user": "URM2LCMHA",
        "ts": "1583850870.025200",
        "team": "T5M5PLH8U",
        "user_team": "T5M5PLH8U",
        "source_team": "T5M5PLH8U",
        "user_profile": {
            "avatar_hash": "g0727c50e72c",
            "image_72": "https:\/\/secure.gravatar.com\/avatar\/0727c50e72cecd2eb296eadbca46c9b1.jpg?s=72&d=https%3A%2F%2Fa.slack-edge.com%2Fdf10d%2Fimg%2Favatars%2Fava_0018-72.png",
            "first_name": "",
            "real_name": "Richard",
            "display_name": "Richard",
            "team": "T5M5PLH8U",
            "name": "richard.st-pierre",
            "is_restricted": false,
            "is_ultra_restricted": false
        },
        "blocks": [
            {
                "type": "rich_text",
                "block_id": "mgrvL",
                "elements": [
                    {
                        "type": "rich_text_section",
                        "elements": [
                            {
                                "type": "text",
                                "text": "No-  single pulse over 10ms observation window"
                            }
                        ]
                    }
                ]
            }
        ],
        "thread_ts": "1583414620.019400",
        "parent_user_id": "URM2LCMHA"
    },
    {
        "type": "message",
        "text": "Single Seq trig, single pulse in 10ms",
        "files": [
            {
                "id": "FUTU9NC4T",
                "created": 1583851008,
                "timestamp": 1583851008,
                "name": "10msWindow.png",
                "title": "10msWindow.png",
                "mimetype": "image\/png",
                "filetype": "png",
                "pretty_type": "PNG",
                "user": "URM2LCMHA",
                "editable": false,
                "size": 12722,
                "mode": "hosted",
                "is_external": false,
                "external_type": "",
                "is_public": true,
                "public_url_shared": false,
                "display_as_bot": false,
                "username": "",
                "url_private": "https:\/\/files.slack.com\/files-pri\/T5M5PLH8U-FUTU9NC4T\/10mswindow.png?t=xoxe-191193697300-1655641665238-1662624174259-9d4966033b52bec8bbd54ad611c52557",
                "url_private_download": "https:\/\/files.slack.com\/files-pri\/T5M5PLH8U-FUTU9NC4T\/download\/10mswindow.png?t=xoxe-191193697300-1655641665238-1662624174259-9d4966033b52bec8bbd54ad611c52557",
                "thumb_64": "https:\/\/files.slack.com\/files-tmb\/T5M5PLH8U-FUTU9NC4T-1a56237f68\/10mswindow_64.png?t=xoxe-191193697300-1655641665238-1662624174259-9d4966033b52bec8bbd54ad611c52557",
                "thumb_80": "https:\/\/files.slack.com\/files-tmb\/T5M5PLH8U-FUTU9NC4T-1a56237f68\/10mswindow_80.png?t=xoxe-191193697300-1655641665238-1662624174259-9d4966033b52bec8bbd54ad611c52557",
                "thumb_360": "https:\/\/files.slack.com\/files-tmb\/T5M5PLH8U-FUTU9NC4T-1a56237f68\/10mswindow_360.png?t=xoxe-191193697300-1655641665238-1662624174259-9d4966033b52bec8bbd54ad611c52557",
                "thumb_360_w": 360,
                "thumb_360_h": 270,
                "thumb_480": "https:\/\/files.slack.com\/files-tmb\/T5M5PLH8U-FUTU9NC4T-1a56237f68\/10mswindow_480.png?t=xoxe-191193697300-1655641665238-1662624174259-9d4966033b52bec8bbd54ad611c52557",
                "thumb_480_w": 480,
                "thumb_480_h": 360,
                "thumb_160": "https:\/\/files.slack.com\/files-tmb\/T5M5PLH8U-FUTU9NC4T-1a56237f68\/10mswindow_160.png?t=xoxe-191193697300-1655641665238-1662624174259-9d4966033b52bec8bbd54ad611c52557",
                "image_exif_rotation": 1,
                "original_w": 640,
                "original_h": 480,
                "thumb_tiny": "AwAkADDQVFHQY57U7aD\/AProH9aWgBNo\/wAmjaP8ml70UAIRx3\/OlpD0pMndjP6UAKP60uKYpbHO3NLk\/wCzQAuOaXFNyfVaMn1WgBT0paaScfw06gBNvJOTz70tFFADZDheg\/Gmx4YHIH5Usv3KSHoaAH4HoKjQljgk1LUUf3hQB\/\/Z",
                "permalink": "https:\/\/usdevkit.slack.com\/files\/URM2LCMHA\/FUTU9NC4T\/10mswindow.png",
                "permalink_public": "https:\/\/slack-files.com\/T5M5PLH8U-FUTU9NC4T-98b2bb59ed",
                "is_starred": false,
                "has_rich_preview": false
            }
        ],
        "upload": true,
        "blocks": [
            {
                "type": "rich_text",
                "block_id": "mOi",
                "elements": [
                    {
                        "type": "rich_text_section",
                        "elements": [
                            {
                                "type": "text",
                                "text": "Single Seq trig, single pulse in 10ms"
                            }
                        ]
                    }
                ]
            }
        ],
        "user": "URM2LCMHA",
        "display_as_bot": false,
        "ts": "1583851011.025400",
        "edited": {
            "user": "URM2LCMHA",
            "ts": "1583857055.000000"
        },
        "client_msg_id": "3e01f3fa-1221-449f-bee0-42e591f55ae0",
        "thread_ts": "1583414620.019400",
        "parent_user_id": "URM2LCMHA"
    },
    {
        "client_msg_id": "67abee8c-187f-46e3-8535-0cd8b2f21951",
        "type": "message",
        "text": "I trust I found the glitch, old-er version of the single file lib.\nAttached are the pyUn0 lib, and the experiment file. I ran\npython2.7 pyUn0 -f 10lines.exp.md\nfollowed by\npython2.7 pyUn0 process\nwhich yielded the attached pictures.",
        "user": "U5M5PLH9S",
        "ts": "1583868297.026000",
        "team": "T5M5PLH8U",
        "user_team": "T5M5PLH8U",
        "source_team": "T5M5PLH8U",
        "user_profile": {
            "avatar_hash": "e4fb6ae9f526",
            "image_72": "https:\/\/avatars.slack-edge.com\/2017-06-01\/191144530514_e4fb6ae9f526531fd41c_72.jpg",
            "first_name": "",
            "real_name": "kelu",
            "display_name": "",
            "team": "T5M5PLH8U",
            "name": "kelu",
            "is_restricted": false,
            "is_ultra_restricted": false
        },
        "blocks": [
            {
                "type": "rich_text",
                "block_id": "cRa",
                "elements": [
                    {
                        "type": "rich_text_section",
                        "elements": [
                            {
                                "type": "text",
                                "text": "I trust I found the glitch, old-er version of the single file lib.\nAttached are the pyUn0 lib, and the experiment file. I ran\npython2.7 pyUn0 -f 10lines.exp.md\nfollowed by\npython2.7 pyUn0 process\nwhich yielded the attached pictures."
                            }
                        ]
                    }
                ]
            }
        ],
        "thread_ts": "1583414620.019400",
        "parent_user_id": "URM2LCMHA"
    },
    {
        "type": "message",
        "text": "The two files",
        "files": [
            {
                "id": "FV63E6F08",
                "created": 1583868314,
                "timestamp": 1583868314,
                "name": "pyUn0.py",
                "title": "pyUn0.py",
                "mimetype": "text\/plain",
                "filetype": "python",
                "pretty_type": "Python",
                "user": "U5M5PLH9S",
                "editable": true,
                "size": 36609,
                "mode": "snippet",
                "is_external": false,
                "external_type": "",
                "is_public": true,
                "public_url_shared": false,
                "display_as_bot": false,
                "username": "",
                "url_private": "https:\/\/files.slack.com\/files-pri\/T5M5PLH8U-FV63E6F08\/pyun0.py?t=xoxe-191193697300-1655641665238-1662624174259-9d4966033b52bec8bbd54ad611c52557",
                "url_private_download": "https:\/\/files.slack.com\/files-pri\/T5M5PLH8U-FV63E6F08\/download\/pyun0.py?t=xoxe-191193697300-1655641665238-1662624174259-9d4966033b52bec8bbd54ad611c52557",
                "permalink": "https:\/\/usdevkit.slack.com\/files\/U5M5PLH9S\/FV63E6F08\/pyun0.py",
                "permalink_public": "https:\/\/slack-files.com\/T5M5PLH8U-FV63E6F08-ab6583fb49",
                "edit_link": "https:\/\/usdevkit.slack.com\/files\/U5M5PLH9S\/FV63E6F08\/pyun0.py\/edit",
                "is_starred": false,
                "has_rich_preview": false
            },
            {
                "id": "FV63E6FB2",
                "created": 1583868314,
                "timestamp": 1583868314,
                "name": "10lines.exp.md",
                "title": "10lines.exp.md",
                "mimetype": "text\/plain",
                "filetype": "markdown",
                "pretty_type": "Markdown (raw)",
                "user": "U5M5PLH9S",
                "editable": true,
                "size": 380,
                "mode": "snippet",
                "is_external": false,
                "external_type": "",
                "is_public": true,
                "public_url_shared": false,
                "display_as_bot": false,
                "username": "",
                "url_private": "https:\/\/files.slack.com\/files-pri\/T5M5PLH8U-FV63E6FB2\/10lines.exp.md?t=xoxe-191193697300-1655641665238-1662624174259-9d4966033b52bec8bbd54ad611c52557",
                "url_private_download": "https:\/\/files.slack.com\/files-pri\/T5M5PLH8U-FV63E6FB2\/download\/10lines.exp.md?t=xoxe-191193697300-1655641665238-1662624174259-9d4966033b52bec8bbd54ad611c52557",
                "permalink": "https:\/\/usdevkit.slack.com\/files\/U5M5PLH9S\/FV63E6FB2\/10lines.exp.md",
                "permalink_public": "https:\/\/slack-files.com\/T5M5PLH8U-FV63E6FB2-cb7cc0e6e2",
                "edit_link": "https:\/\/usdevkit.slack.com\/files\/U5M5PLH9S\/FV63E6FB2\/10lines.exp.md\/edit",
                "is_starred": false,
                "has_rich_preview": false
            }
        ],
        "upload": true,
        "blocks": [
            {
                "type": "rich_text",
                "block_id": "0HK",
                "elements": [
                    {
                        "type": "rich_text_section",
                        "elements": [
                            {
                                "type": "text",
                                "text": "The two files"
                            }
                        ]
                    }
                ]
            }
        ],
        "user": "U5M5PLH9S",
        "ts": "1583868316.026200",
        "client_msg_id": "fc623f71-33a1-4657-bd79-52e9c3a603e9",
        "thread_ts": "1583414620.019400",
        "parent_user_id": "URM2LCMHA"
    },
    {
        "client_msg_id": "b2064b83-0c8f-40df-8a5f-007e85edc58f",
        "type": "message",
        "text": "The images.",
        "user": "U5M5PLH9S",
        "ts": "1583868329.026800",
        "team": "T5M5PLH8U",
        "user_team": "T5M5PLH8U",
        "source_team": "T5M5PLH8U",
        "user_profile": {
            "avatar_hash": "e4fb6ae9f526",
            "image_72": "https:\/\/avatars.slack-edge.com\/2017-06-01\/191144530514_e4fb6ae9f526531fd41c_72.jpg",
            "first_name": "",
            "real_name": "kelu",
            "display_name": "",
            "team": "T5M5PLH8U",
            "name": "kelu",
            "is_restricted": false,
            "is_ultra_restricted": false
        },
        "blocks": [
            {
                "type": "rich_text",
                "block_id": "UFuWz",
                "elements": [
                    {
                        "type": "rich_text_section",
                        "elements": [
                            {
                                "type": "text",
                                "text": "The images."
                            }
                        ]
                    }
                ]
            }
        ],
        "thread_ts": "1583414620.019400",
        "parent_user_id": "URM2LCMHA"
    },
    {
        "type": "message",
        "text": "With a line, and the different pulses (one per line)",
        "files": [
            {
                "id": "FUUK4MJJF",
                "created": 1583868363,
                "timestamp": 1583868363,
                "name": "2DArray_20200310a-1.jpg",
                "title": "2DArray_20200310a-1.jpg",
                "mimetype": "image\/jpeg",
                "filetype": "jpg",
                "pretty_type": "JPEG",
                "user": "U5M5PLH9S",
                "editable": false,
                "size": 256648,
                "mode": "hosted",
                "is_external": false,
                "external_type": "",
                "is_public": true,
                "public_url_shared": false,
                "display_as_bot": false,
                "username": "",
                "url_private": "https:\/\/files.slack.com\/files-pri\/T5M5PLH8U-FUUK4MJJF\/2darray_20200310a-1.jpg?t=xoxe-191193697300-1655641665238-1662624174259-9d4966033b52bec8bbd54ad611c52557",
                "url_private_download": "https:\/\/files.slack.com\/files-pri\/T5M5PLH8U-FUUK4MJJF\/download\/2darray_20200310a-1.jpg?t=xoxe-191193697300-1655641665238-1662624174259-9d4966033b52bec8bbd54ad611c52557",
                "thumb_64": "https:\/\/files.slack.com\/files-tmb\/T5M5PLH8U-FUUK4MJJF-52bb2fd663\/2darray_20200310a-1_64.jpg?t=xoxe-191193697300-1655641665238-1662624174259-9d4966033b52bec8bbd54ad611c52557",
                "thumb_80": "https:\/\/files.slack.com\/files-tmb\/T5M5PLH8U-FUUK4MJJF-52bb2fd663\/2darray_20200310a-1_80.jpg?t=xoxe-191193697300-1655641665238-1662624174259-9d4966033b52bec8bbd54ad611c52557",
                "thumb_360": "https:\/\/files.slack.com\/files-tmb\/T5M5PLH8U-FUUK4MJJF-52bb2fd663\/2darray_20200310a-1_360.jpg?t=xoxe-191193697300-1655641665238-1662624174259-9d4966033b52bec8bbd54ad611c52557",
                "thumb_360_w": 360,
                "thumb_360_h": 240,
                "thumb_480": "https:\/\/files.slack.com\/files-tmb\/T5M5PLH8U-FUUK4MJJF-52bb2fd663\/2darray_20200310a-1_480.jpg?t=xoxe-191193697300-1655641665238-1662624174259-9d4966033b52bec8bbd54ad611c52557",
                "thumb_480_w": 480,
                "thumb_480_h": 320,
                "thumb_160": "https:\/\/files.slack.com\/files-tmb\/T5M5PLH8U-FUUK4MJJF-52bb2fd663\/2darray_20200310a-1_160.jpg?t=xoxe-191193697300-1655641665238-1662624174259-9d4966033b52bec8bbd54ad611c52557",
                "thumb_720": "https:\/\/files.slack.com\/files-tmb\/T5M5PLH8U-FUUK4MJJF-52bb2fd663\/2darray_20200310a-1_720.jpg?t=xoxe-191193697300-1655641665238-1662624174259-9d4966033b52bec8bbd54ad611c52557",
                "thumb_720_w": 720,
                "thumb_720_h": 480,
                "thumb_800": "https:\/\/files.slack.com\/files-tmb\/T5M5PLH8U-FUUK4MJJF-52bb2fd663\/2darray_20200310a-1_800.jpg?t=xoxe-191193697300-1655641665238-1662624174259-9d4966033b52bec8bbd54ad611c52557",
                "thumb_800_w": 800,
                "thumb_800_h": 533,
                "thumb_960": "https:\/\/files.slack.com\/files-tmb\/T5M5PLH8U-FUUK4MJJF-52bb2fd663\/2darray_20200310a-1_960.jpg?t=xoxe-191193697300-1655641665238-1662624174259-9d4966033b52bec8bbd54ad611c52557",
                "thumb_960_w": 960,
                "thumb_960_h": 640,
                "thumb_1024": "https:\/\/files.slack.com\/files-tmb\/T5M5PLH8U-FUUK4MJJF-52bb2fd663\/2darray_20200310a-1_1024.jpg?t=xoxe-191193697300-1655641665238-1662624174259-9d4966033b52bec8bbd54ad611c52557",
                "thumb_1024_w": 1024,
                "thumb_1024_h": 683,
                "image_exif_rotation": 1,
                "original_w": 1500,
                "original_h": 1000,
                "thumb_tiny": "AwAgADCxPfLC5Uxk496a2oquP3bcgHrVO+\/1rfU1HL1X\/dH8qALx1AYB2Nz7ikGoj+435iqLf6tPxpvagDR\/tNf+ebfnSrqSlgPLbk461mU6P\/WL9RQBNfEmRs+pqKXqv+6P5Vpz2CzMSZCM+gpjaarY\/engAdKAM5v9Wn403tWmdNUqB5p49qT+y1x\/rW\/KgDNp0f8ArF+orQ\/stf8Anq35Uq6YqsD5rcHPSgD\/2Q==",
                "permalink": "https:\/\/usdevkit.slack.com\/files\/U5M5PLH9S\/FUUK4MJJF\/2darray_20200310a-1.jpg",
                "permalink_public": "https:\/\/slack-files.com\/T5M5PLH8U-FUUK4MJJF-33a8577495",
                "is_starred": false,
                "has_rich_preview": false
            },
            {
                "id": "FUUK4MK43",
                "created": 1583868363,
                "timestamp": 1583868363,
                "name": "20200310a-1.jpg",
                "title": "20200310a-1.jpg",
                "mimetype": "image\/jpeg",
                "filetype": "jpg",
                "pretty_type": "JPEG",
                "user": "U5M5PLH9S",
                "editable": false,
                "size": 184763,
                "mode": "hosted",
                "is_external": false,
                "external_type": "",
                "is_public": true,
                "public_url_shared": false,
                "display_as_bot": false,
                "username": "",
                "url_private": "https:\/\/files.slack.com\/files-pri\/T5M5PLH8U-FUUK4MK43\/20200310a-1.jpg?t=xoxe-191193697300-1655641665238-1662624174259-9d4966033b52bec8bbd54ad611c52557",
                "url_private_download": "https:\/\/files.slack.com\/files-pri\/T5M5PLH8U-FUUK4MK43\/download\/20200310a-1.jpg?t=xoxe-191193697300-1655641665238-1662624174259-9d4966033b52bec8bbd54ad611c52557",
                "thumb_64": "https:\/\/files.slack.com\/files-tmb\/T5M5PLH8U-FUUK4MK43-f26e6d1ab7\/20200310a-1_64.jpg?t=xoxe-191193697300-1655641665238-1662624174259-9d4966033b52bec8bbd54ad611c52557",
                "thumb_80": "https:\/\/files.slack.com\/files-tmb\/T5M5PLH8U-FUUK4MK43-f26e6d1ab7\/20200310a-1_80.jpg?t=xoxe-191193697300-1655641665238-1662624174259-9d4966033b52bec8bbd54ad611c52557",
                "thumb_360": "https:\/\/files.slack.com\/files-tmb\/T5M5PLH8U-FUUK4MK43-f26e6d1ab7\/20200310a-1_360.jpg?t=xoxe-191193697300-1655641665238-1662624174259-9d4966033b52bec8bbd54ad611c52557",
                "thumb_360_w": 360,
                "thumb_360_h": 180,
                "thumb_480": "https:\/\/files.slack.com\/files-tmb\/T5M5PLH8U-FUUK4MK43-f26e6d1ab7\/20200310a-1_480.jpg?t=xoxe-191193697300-1655641665238-1662624174259-9d4966033b52bec8bbd54ad611c52557",
                "thumb_480_w": 480,
                "thumb_480_h": 240,
                "thumb_160": "https:\/\/files.slack.com\/files-tmb\/T5M5PLH8U-FUUK4MK43-f26e6d1ab7\/20200310a-1_160.jpg?t=xoxe-191193697300-1655641665238-1662624174259-9d4966033b52bec8bbd54ad611c52557",
                "thumb_720": "https:\/\/files.slack.com\/files-tmb\/T5M5PLH8U-FUUK4MK43-f26e6d1ab7\/20200310a-1_720.jpg?t=xoxe-191193697300-1655641665238-1662624174259-9d4966033b52bec8bbd54ad611c52557",
                "thumb_720_w": 720,
                "thumb_720_h": 360,
                "thumb_800": "https:\/\/files.slack.com\/files-tmb\/T5M5PLH8U-FUUK4MK43-f26e6d1ab7\/20200310a-1_800.jpg?t=xoxe-191193697300-1655641665238-1662624174259-9d4966033b52bec8bbd54ad611c52557",
                "thumb_800_w": 800,
                "thumb_800_h": 400,
                "thumb_960": "https:\/\/files.slack.com\/files-tmb\/T5M5PLH8U-FUUK4MK43-f26e6d1ab7\/20200310a-1_960.jpg?t=xoxe-191193697300-1655641665238-1662624174259-9d4966033b52bec8bbd54ad611c52557",
                "thumb_960_w": 960,
                "thumb_960_h": 480,
                "thumb_1024": "https:\/\/files.slack.com\/files-tmb\/T5M5PLH8U-FUUK4MK43-f26e6d1ab7\/20200310a-1_1024.jpg?t=xoxe-191193697300-1655641665238-1662624174259-9d4966033b52bec8bbd54ad611c52557",
                "thumb_1024_w": 1024,
                "thumb_1024_h": 512,
                "image_exif_rotation": 1,
                "original_w": 2000,
                "original_h": 1000,
                "thumb_tiny": "AwAYADDTpobLlfTFLn86hUv9qfAXbtGcn600gJSoJ7\/nQFx6\/nTAZPPfgbdo7\/Wn\/Pu6Ltx60WAdRSfNnoMfWjmkAY5zSBcOzeuKdRQAnGSaWg9DQKACiiigD\/\/Z",
                "permalink": "https:\/\/usdevkit.slack.com\/files\/U5M5PLH9S\/FUUK4MK43\/20200310a-1.jpg",
                "permalink_public": "https:\/\/slack-files.com\/T5M5PLH8U-FUUK4MK43-62e83da30e",
                "is_starred": false,
                "has_rich_preview": false
            },
            {
                "id": "FUW0Z9HBK",
                "created": 1583868363,
                "timestamp": 1583868363,
                "name": "20200310a-1-fft.jpg",
                "title": "20200310a-1-fft.jpg",
                "mimetype": "image\/jpeg",
                "filetype": "jpg",
                "pretty_type": "JPEG",
                "user": "U5M5PLH9S",
                "editable": false,
                "size": 57222,
                "mode": "hosted",
                "is_external": false,
                "external_type": "",
                "is_public": true,
                "public_url_shared": false,
                "display_as_bot": false,
                "username": "",
                "url_private": "https:\/\/files.slack.com\/files-pri\/T5M5PLH8U-FUW0Z9HBK\/20200310a-1-fft.jpg?t=xoxe-191193697300-1655641665238-1662624174259-9d4966033b52bec8bbd54ad611c52557",
                "url_private_download": "https:\/\/files.slack.com\/files-pri\/T5M5PLH8U-FUW0Z9HBK\/download\/20200310a-1-fft.jpg?t=xoxe-191193697300-1655641665238-1662624174259-9d4966033b52bec8bbd54ad611c52557",
                "thumb_64": "https:\/\/files.slack.com\/files-tmb\/T5M5PLH8U-FUW0Z9HBK-d1df994c8a\/20200310a-1-fft_64.jpg?t=xoxe-191193697300-1655641665238-1662624174259-9d4966033b52bec8bbd54ad611c52557",
                "thumb_80": "https:\/\/files.slack.com\/files-tmb\/T5M5PLH8U-FUW0Z9HBK-d1df994c8a\/20200310a-1-fft_80.jpg?t=xoxe-191193697300-1655641665238-1662624174259-9d4966033b52bec8bbd54ad611c52557",
                "thumb_360": "https:\/\/files.slack.com\/files-tmb\/T5M5PLH8U-FUW0Z9HBK-d1df994c8a\/20200310a-1-fft_360.jpg?t=xoxe-191193697300-1655641665238-1662624174259-9d4966033b52bec8bbd54ad611c52557",
                "thumb_360_w": 360,
                "thumb_360_h": 120,
                "thumb_480": "https:\/\/files.slack.com\/files-tmb\/T5M5PLH8U-FUW0Z9HBK-d1df994c8a\/20200310a-1-fft_480.jpg?t=xoxe-191193697300-1655641665238-1662624174259-9d4966033b52bec8bbd54ad611c52557",
                "thumb_480_w": 480,
                "thumb_480_h": 160,
                "thumb_160": "https:\/\/files.slack.com\/files-tmb\/T5M5PLH8U-FUW0Z9HBK-d1df994c8a\/20200310a-1-fft_160.jpg?t=xoxe-191193697300-1655641665238-1662624174259-9d4966033b52bec8bbd54ad611c52557",
                "thumb_720": "https:\/\/files.slack.com\/files-tmb\/T5M5PLH8U-FUW0Z9HBK-d1df994c8a\/20200310a-1-fft_720.jpg?t=xoxe-191193697300-1655641665238-1662624174259-9d4966033b52bec8bbd54ad611c52557",
                "thumb_720_w": 720,
                "thumb_720_h": 240,
                "thumb_800": "https:\/\/files.slack.com\/files-tmb\/T5M5PLH8U-FUW0Z9HBK-d1df994c8a\/20200310a-1-fft_800.jpg?t=xoxe-191193697300-1655641665238-1662624174259-9d4966033b52bec8bbd54ad611c52557",
                "thumb_800_w": 800,
                "thumb_800_h": 267,
                "thumb_960": "https:\/\/files.slack.com\/files-tmb\/T5M5PLH8U-FUW0Z9HBK-d1df994c8a\/20200310a-1-fft_960.jpg?t=xoxe-191193697300-1655641665238-1662624174259-9d4966033b52bec8bbd54ad611c52557",
                "thumb_960_w": 960,
                "thumb_960_h": 320,
                "thumb_1024": "https:\/\/files.slack.com\/files-tmb\/T5M5PLH8U-FUW0Z9HBK-d1df994c8a\/20200310a-1-fft_1024.jpg?t=xoxe-191193697300-1655641665238-1662624174259-9d4966033b52bec8bbd54ad611c52557",
                "thumb_1024_w": 1024,
                "thumb_1024_h": 341,
                "image_exif_rotation": 1,
                "original_w": 1500,
                "original_h": 500,
                "thumb_tiny": "AwAQADDSFLTTkHhc8ULnbyOaAHYFGBSbjn7px60Z9jQAtFGfY0Z9qAP\/2Q==",
                "permalink": "https:\/\/usdevkit.slack.com\/files\/U5M5PLH9S\/FUW0Z9HBK\/20200310a-1-fft.jpg",
                "permalink_public": "https:\/\/slack-files.com\/T5M5PLH8U-FUW0Z9HBK-685009dd42",
                "is_starred": false,
                "has_rich_preview": false
            }
        ],
        "upload": true,
        "blocks": [
            {
                "type": "rich_text",
                "block_id": "Mi\/0",
                "elements": [
                    {
                        "type": "rich_text_section",
                        "elements": [
                            {
                                "type": "text",
                                "text": "With a line, and the different pulses (one per line)"
                            }
                        ]
                    }
                ]
            }
        ],
        "user": "U5M5PLH9S",
        "ts": "1583868379.027000",
        "client_msg_id": "f47569a7-5c31-4ba0-a994-c2dc46164e4c",
        "thread_ts": "1583414620.019400",
        "parent_user_id": "URM2LCMHA"
    }
]