[
    {
        "client_msg_id": "46b79506-015f-404b-a173-bc4ff39dbca0",
        "type": "message",
        "text": "Exciting. Better resolution, sensitivity - plenty of things to do with that !",
        "user": "U5M5PLH9S",
        "ts": "1600671423.002100",
        "team": "T5M5PLH8U",
        "user_team": "T5M5PLH8U",
        "source_team": "T5M5PLH8U",
        "user_profile": {
            "avatar_hash": "e4fb6ae9f526",
            "image_72": "https:\/\/avatars.slack-edge.com\/2017-06-01\/191144530514_e4fb6ae9f526531fd41c_72.jpg",
            "first_name": "",
            "real_name": "kelu",
            "display_name": "",
            "team": "T5M5PLH8U",
            "name": "kelu",
            "is_restricted": false,
            "is_ultra_restricted": false
        },
        "blocks": [
            {
                "type": "rich_text",
                "block_id": "y+25",
                "elements": [
                    {
                        "type": "rich_text_section",
                        "elements": [
                            {
                                "type": "text",
                                "text": "Exciting. Better resolution, sensitivity - plenty of things to do with that !"
                            }
                        ]
                    }
                ]
            }
        ],
        "thread_ts": "1600551754.001600",
        "parent_user_id": "U6E49CNV6"
    }
]