[
    {
        "client_msg_id": "2B913146-A0E8-44DC-A1E0-643C31F8A244",
        "type": "message",
        "text": "Call for proposals for virtual Hackaday SuperCon <https:\/\/hackaday.com\/2020\/08\/04\/hackaday-remoticon-our-2020-conference-is-packed-with-workshops-and-were-calling-for-proposals\/|https:\/\/hackaday.com\/2020\/08\/04\/hackaday-remoticon-our-2020-conference-is-packed-with-workshops-and-were-calling-for-proposals\/>",
        "user": "U6E49CNV6",
        "ts": "1596590710.004900",
        "team": "T5M5PLH8U",
        "user_team": "T5M5PLH8U",
        "source_team": "T5M5PLH8U",
        "user_profile": {
            "avatar_hash": "g080a90c5285",
            "image_72": "https:\/\/secure.gravatar.com\/avatar\/7080a90c528526f8129488e607562782.jpg?s=72&d=https%3A%2F%2Fa.slack-edge.com%2Fdf10d%2Fimg%2Favatars%2Fava_0018-72.png",
            "first_name": "Morgan",
            "real_name": "Morgan Hough",
            "display_name": "mhough",
            "team": "T5M5PLH8U",
            "name": "mhough",
            "is_restricted": false,
            "is_ultra_restricted": false
        },
        "attachments": [
            {
                "service_name": "Hackaday",
                "title": "Hackaday Remoticon: Our 2020 Conference Is Packed With Workshops And We’re Calling For Proposals",
                "title_link": "https:\/\/hackaday.com\/2020\/08\/04\/hackaday-remoticon-our-2020-conference-is-packed-with-workshops-and-were-calling-for-proposals\/",
                "text": "We’re proud to announce the Hackaday Remoticon, taking place everywhere November 6th – 8th, 2020. It’s a weekend packed with workshops about hardware creation, held virtually for …",
                "fallback": "Hackaday: Hackaday Remoticon: Our 2020 Conference Is Packed With Workshops And We’re Calling For Proposals",
                "image_url": "https:\/\/hackaday.com\/wp-content\/uploads\/2020\/08\/RemoticonPosterLandscape-01-featured2.png",
                "image_width": 427,
                "image_height": 250,
                "ts": 1596553282,
                "from_url": "https:\/\/hackaday.com\/2020\/08\/04\/hackaday-remoticon-our-2020-conference-is-packed-with-workshops-and-were-calling-for-proposals\/",
                "image_bytes": 197827,
                "service_icon": "https:\/\/hackaday.com\/wp-content\/themes\/hackaday-2\/favicon.ico",
                "id": 1,
                "original_url": "https:\/\/hackaday.com\/2020\/08\/04\/hackaday-remoticon-our-2020-conference-is-packed-with-workshops-and-were-calling-for-proposals\/"
            }
        ],
        "blocks": [
            {
                "type": "rich_text",
                "block_id": "oo5s",
                "elements": [
                    {
                        "type": "rich_text_section",
                        "elements": [
                            {
                                "type": "text",
                                "text": "Call for proposals for virtual Hackaday SuperCon "
                            },
                            {
                                "type": "link",
                                "url": "https:\/\/hackaday.com\/2020\/08\/04\/hackaday-remoticon-our-2020-conference-is-packed-with-workshops-and-were-calling-for-proposals\/",
                                "text": "https:\/\/hackaday.com\/2020\/08\/04\/hackaday-remoticon-our-2020-conference-is-packed-with-workshops-and-were-calling-for-proposals\/"
                            }
                        ]
                    }
                ]
            }
        ]
    }
]