[
    {
        "client_msg_id": "4329c4c6-303f-48f3-919f-768adeb1da48",
        "type": "message",
        "text": "Heya <@U01EPK2U14N>! Any news on your project?",
        "user": "U5M5PLH9S",
        "ts": "1607702460.035600",
        "team": "T5M5PLH8U",
        "user_team": "T5M5PLH8U",
        "source_team": "T5M5PLH8U",
        "user_profile": {
            "avatar_hash": "e4fb6ae9f526",
            "image_72": "https:\/\/avatars.slack-edge.com\/2017-06-01\/191144530514_e4fb6ae9f526531fd41c_72.jpg",
            "first_name": "",
            "real_name": "kelu",
            "display_name": "",
            "team": "T5M5PLH8U",
            "name": "kelu",
            "is_restricted": false,
            "is_ultra_restricted": false
        },
        "blocks": [
            {
                "type": "rich_text",
                "block_id": "jLJ2M",
                "elements": [
                    {
                        "type": "rich_text_section",
                        "elements": [
                            {
                                "type": "text",
                                "text": "Heya "
                            },
                            {
                                "type": "user",
                                "user_id": "U01EPK2U14N"
                            },
                            {
                                "type": "text",
                                "text": "! Any news on your project?"
                            }
                        ]
                    }
                ]
            }
        ],
        "thread_ts": "1605596465.009500",
        "parent_user_id": "U01EPK2U14N"
    }
]