[
    {
        "client_msg_id": "3b59ea63-952d-4b65-95b0-1c89e3f63731",
        "type": "message",
        "text": "I spy with my little eye an rtl-sdr :wink::smile:",
        "user": "U8Z3VB1T2",
        "ts": "1588360003.006900",
        "team": "T5M5PLH8U",
        "user_team": "T5M5PLH8U",
        "source_team": "T5M5PLH8U",
        "user_profile": {
            "avatar_hash": "g49ad52d7df8",
            "image_72": "https:\/\/secure.gravatar.com\/avatar\/449ad52d7df89ecbe8ebe0fd87d3f63f.jpg?s=72&d=https%3A%2F%2Fa.slack-edge.com%2Fdf10d%2Fimg%2Favatars%2Fava_0026-72.png",
            "first_name": "",
            "real_name": "William Meng",
            "display_name": "",
            "team": "T5M5PLH8U",
            "name": "wlmeng11",
            "is_restricted": false,
            "is_ultra_restricted": false
        },
        "blocks": [
            {
                "type": "rich_text",
                "block_id": "Of+c",
                "elements": [
                    {
                        "type": "rich_text_section",
                        "elements": [
                            {
                                "type": "text",
                                "text": "I spy with my little eye an rtl-sdr "
                            },
                            {
                                "type": "emoji",
                                "name": "wink"
                            },
                            {
                                "type": "emoji",
                                "name": "smile"
                            }
                        ]
                    }
                ]
            }
        ],
        "thread_ts": "1586773339.000100",
        "parent_user_id": "U5M5PLH9S"
    },
    {
        "client_msg_id": "15727f05-b84e-42bf-9260-71a701133215",
        "type": "message",
        "text": "Indeed, along with a 19db preamp ;) putting a md0100 or equivalent easy with the exposed tracks ;)",
        "user": "U5M5PLH9S",
        "ts": "1588360915.007100",
        "team": "T5M5PLH8U",
        "user_team": "T5M5PLH8U",
        "source_team": "T5M5PLH8U",
        "user_profile": {
            "avatar_hash": "e4fb6ae9f526",
            "image_72": "https:\/\/avatars.slack-edge.com\/2017-06-01\/191144530514_e4fb6ae9f526531fd41c_72.jpg",
            "first_name": "",
            "real_name": "kelu",
            "display_name": "",
            "team": "T5M5PLH8U",
            "name": "kelu",
            "is_restricted": false,
            "is_ultra_restricted": false
        },
        "blocks": [
            {
                "type": "rich_text",
                "block_id": "5lgkN",
                "elements": [
                    {
                        "type": "rich_text_section",
                        "elements": [
                            {
                                "type": "text",
                                "text": "Indeed, along with a 19db preamp ;) putting a md0100 or equivalent easy with the exposed tracks ;)"
                            }
                        ]
                    }
                ]
            }
        ],
        "thread_ts": "1586773339.000100",
        "parent_user_id": "U5M5PLH9S"
    }
]