[
    {
        "type": "message",
        "subtype": "channel_join",
        "ts": "1603538284.006600",
        "user": "U01DYQWP8KS",
        "text": "<@U01DYQWP8KS> has joined the channel"
    },
    {
        "client_msg_id": "e5a073a9-2944-41cb-96fa-c5784a23fbd5",
        "type": "message",
        "text": "Hello to all=) I'm a hobbist for NDT with ultrasound. Previously, I have been working as a research engineer in the area of audio signal processing. Nice to see you!",
        "user": "U01DYQWP8KS",
        "ts": "1603538631.009300",
        "team": "T5M5PLH8U",
        "user_team": "T5M5PLH8U",
        "source_team": "T5M5PLH8U",
        "user_profile": {
            "avatar_hash": "g055338a84f3",
            "image_72": "https:\/\/secure.gravatar.com\/avatar\/055338a84f365dbf850efe853fa79bbd.jpg?s=72&d=https%3A%2F%2Fa.slack-edge.com%2Fdf10d%2Fimg%2Favatars%2Fava_0004-72.png",
            "first_name": "",
            "real_name": "Yoshikazu Yokotani",
            "display_name": "Yoshikazu Yokotani",
            "team": "T5M5PLH8U",
            "name": "yoshi.yokotani",
            "is_restricted": false,
            "is_ultra_restricted": false
        },
        "blocks": [
            {
                "type": "rich_text",
                "block_id": "3RP",
                "elements": [
                    {
                        "type": "rich_text_section",
                        "elements": [
                            {
                                "type": "text",
                                "text": "Hello to all=) I'm a hobbist for NDT with ultrasound. Previously, I have been working as a research engineer in the area of audio signal processing. Nice to see you!"
                            }
                        ]
                    }
                ]
            }
        ],
        "reactions": [
            {
                "name": "raised_hands",
                "users": [
                    "U5M5PLH9S"
                ],
                "count": 1
            }
        ]
    }
]