[
    {
        "type": "message",
        "text": "Hehe just found an integrated fork of the modules in tomo research \"Construction of Ultrasonic Reflection Tomograph\nfor Analysis of Technological Processes\" :smiley:",
        "files": [
            {
                "id": "F012YS96M9R",
                "created": 1588497528,
                "timestamp": 1588497528,
                "name": "golabiek_fork.png",
                "title": "golabiek_fork.png",
                "mimetype": "image\/png",
                "filetype": "png",
                "pretty_type": "PNG",
                "user": "U5M5PLH9S",
                "editable": false,
                "size": 297217,
                "mode": "hosted",
                "is_external": false,
                "external_type": "",
                "is_public": true,
                "public_url_shared": false,
                "display_as_bot": false,
                "username": "",
                "url_private": "https:\/\/files.slack.com\/files-pri\/T5M5PLH8U-F012YS96M9R\/golabiek_fork.png?t=xoxe-191193697300-1655641665238-1662624174259-9d4966033b52bec8bbd54ad611c52557",
                "url_private_download": "https:\/\/files.slack.com\/files-pri\/T5M5PLH8U-F012YS96M9R\/download\/golabiek_fork.png?t=xoxe-191193697300-1655641665238-1662624174259-9d4966033b52bec8bbd54ad611c52557",
                "thumb_64": "https:\/\/files.slack.com\/files-tmb\/T5M5PLH8U-F012YS96M9R-4dfd2dd1b4\/golabiek_fork_64.png?t=xoxe-191193697300-1655641665238-1662624174259-9d4966033b52bec8bbd54ad611c52557",
                "thumb_80": "https:\/\/files.slack.com\/files-tmb\/T5M5PLH8U-F012YS96M9R-4dfd2dd1b4\/golabiek_fork_80.png?t=xoxe-191193697300-1655641665238-1662624174259-9d4966033b52bec8bbd54ad611c52557",
                "thumb_360": "https:\/\/files.slack.com\/files-tmb\/T5M5PLH8U-F012YS96M9R-4dfd2dd1b4\/golabiek_fork_360.png?t=xoxe-191193697300-1655641665238-1662624174259-9d4966033b52bec8bbd54ad611c52557",
                "thumb_360_w": 311,
                "thumb_360_h": 360,
                "thumb_480": "https:\/\/files.slack.com\/files-tmb\/T5M5PLH8U-F012YS96M9R-4dfd2dd1b4\/golabiek_fork_480.png?t=xoxe-191193697300-1655641665238-1662624174259-9d4966033b52bec8bbd54ad611c52557",
                "thumb_480_w": 414,
                "thumb_480_h": 480,
                "thumb_160": "https:\/\/files.slack.com\/files-tmb\/T5M5PLH8U-F012YS96M9R-4dfd2dd1b4\/golabiek_fork_160.png?t=xoxe-191193697300-1655641665238-1662624174259-9d4966033b52bec8bbd54ad611c52557",
                "original_w": 574,
                "original_h": 665,
                "thumb_tiny": "AwAwACnQKjJ5NQz3EcEiI2WZvfoKmkYIhbGSPas1syOS3ek3YC7FcQyjKnHPc4qXC+g\/OssL0UDitK3j8uMDueTQmBIFA5paKKYDcjPWmvFG\/wB5cn1xUmKy5bmcTFUc0AW1tkSQMCSB2IqfjPes2O6kI+aQ5qe2md5QN5I96RN9bFwEdBS0UUygrLlbbI1ae72NVHtA7Elzz\/s0mJq5RfGM5P51LYvm4Qe5\/lUxsAf+Wjf980+G0EUgfexx220CsXKKQHPY0tMo\/9k=",
                "permalink": "https:\/\/usdevkit.slack.com\/files\/U5M5PLH9S\/F012YS96M9R\/golabiek_fork.png",
                "permalink_public": "https:\/\/slack-files.com\/T5M5PLH8U-F012YS96M9R-344bb3791f",
                "is_starred": false,
                "has_rich_preview": false
            }
        ],
        "upload": true,
        "blocks": [
            {
                "type": "rich_text",
                "block_id": "jzP7",
                "elements": [
                    {
                        "type": "rich_text_section",
                        "elements": [
                            {
                                "type": "text",
                                "text": "Hehe just found an integrated fork of the modules in tomo research \"Construction of Ultrasonic Reflection Tomograph\nfor Analysis of Technological Processes\" "
                            },
                            {
                                "type": "emoji",
                                "name": "smiley"
                            }
                        ]
                    }
                ]
            }
        ],
        "user": "U5M5PLH9S",
        "display_as_bot": false,
        "ts": "1588497530.007300",
        "client_msg_id": "2d8721c1-b33f-4c8d-963b-cd2cb289e492",
        "thread_ts": "1588497530.007300",
        "reply_count": 1,
        "reply_users_count": 1,
        "latest_reply": "1588497710.007600",
        "reply_users": [
            "U5M5PLH9S"
        ],
        "replies": [
            {
                "user": "U5M5PLH9S",
                "ts": "1588497710.007600"
            }
        ],
        "subscribed": true,
        "last_read": "1588497710.007600"
    },
    {
        "client_msg_id": "079694c0-2045-434a-b103-54da8cef76b8",
        "type": "message",
        "text": "The HV betrayed it : quite similar to <https:\/\/github.com\/kelu124\/echomods\/tree\/master\/retired\/alt.tbo> - the dual NMT showed it :smiley:",
        "user": "U5M5PLH9S",
        "ts": "1588497710.007600",
        "team": "T5M5PLH8U",
        "user_team": "T5M5PLH8U",
        "source_team": "T5M5PLH8U",
        "user_profile": {
            "avatar_hash": "e4fb6ae9f526",
            "image_72": "https:\/\/avatars.slack-edge.com\/2017-06-01\/191144530514_e4fb6ae9f526531fd41c_72.jpg",
            "first_name": "",
            "real_name": "kelu",
            "display_name": "",
            "team": "T5M5PLH8U",
            "name": "kelu",
            "is_restricted": false,
            "is_ultra_restricted": false
        },
        "blocks": [
            {
                "type": "rich_text",
                "block_id": "zq3",
                "elements": [
                    {
                        "type": "rich_text_section",
                        "elements": [
                            {
                                "type": "text",
                                "text": "The HV betrayed it : quite similar to "
                            },
                            {
                                "type": "link",
                                "url": "https:\/\/github.com\/kelu124\/echomods\/tree\/master\/retired\/alt.tbo"
                            },
                            {
                                "type": "text",
                                "text": " - the dual NMT showed it "
                            },
                            {
                                "type": "emoji",
                                "name": "smiley"
                            }
                        ]
                    }
                ]
            }
        ],
        "thread_ts": "1588497530.007300",
        "parent_user_id": "U5M5PLH9S"
    }
]