[
    {
        "client_msg_id": "04733d82-0ed4-4496-94d9-c1c829d1394f",
        "type": "message",
        "text": "Ola! The un0rick is using a MD1210+TC6320 combo, but the prototype pHAT is using a HV7361.\nThen, there's the question of cheap, small-sized, low-noise HV generators :smiley:",
        "user": "U5M5PLH9S",
        "ts": "1598860300.005800",
        "team": "T5M5PLH8U",
        "user_team": "T5M5PLH8U",
        "source_team": "T5M5PLH8U",
        "user_profile": {
            "avatar_hash": "e4fb6ae9f526",
            "image_72": "https:\/\/avatars.slack-edge.com\/2017-06-01\/191144530514_e4fb6ae9f526531fd41c_72.jpg",
            "first_name": "",
            "real_name": "kelu",
            "display_name": "",
            "team": "T5M5PLH8U",
            "name": "kelu",
            "is_restricted": false,
            "is_ultra_restricted": false
        },
        "blocks": [
            {
                "type": "rich_text",
                "block_id": "fkS",
                "elements": [
                    {
                        "type": "rich_text_section",
                        "elements": [
                            {
                                "type": "text",
                                "text": "Ola! The un0rick is using a MD1210+TC6320 combo, but the prototype pHAT is using a HV7361.\nThen, there's the question of cheap, small-sized, low-noise HV generators "
                            },
                            {
                                "type": "emoji",
                                "name": "smiley"
                            }
                        ]
                    }
                ]
            }
        ],
        "thread_ts": "1598860300.005800",
        "reply_count": 4,
        "reply_users_count": 2,
        "latest_reply": "1598885539.000100",
        "reply_users": [
            "U5M5PLH9S",
            "U019BD4E8LX"
        ],
        "replies": [
            {
                "user": "U5M5PLH9S",
                "ts": "1598860318.006000"
            },
            {
                "user": "U5M5PLH9S",
                "ts": "1598865669.000100"
            },
            {
                "user": "U5M5PLH9S",
                "ts": "1598866724.000400"
            },
            {
                "user": "U019BD4E8LX",
                "ts": "1598885539.000100"
            }
        ],
        "subscribed": true,
        "last_read": "1598885539.000100"
    },
    {
        "client_msg_id": "7eb870dc-bfdc-4f8c-8551-8c2f8ba135f7",
        "type": "message",
        "text": "Happy to discuss and share here !",
        "user": "U5M5PLH9S",
        "ts": "1598860318.006000",
        "team": "T5M5PLH8U",
        "user_team": "T5M5PLH8U",
        "source_team": "T5M5PLH8U",
        "user_profile": {
            "avatar_hash": "e4fb6ae9f526",
            "image_72": "https:\/\/avatars.slack-edge.com\/2017-06-01\/191144530514_e4fb6ae9f526531fd41c_72.jpg",
            "first_name": "",
            "real_name": "kelu",
            "display_name": "",
            "team": "T5M5PLH8U",
            "name": "kelu",
            "is_restricted": false,
            "is_ultra_restricted": false
        },
        "blocks": [
            {
                "type": "rich_text",
                "block_id": "6GaH",
                "elements": [
                    {
                        "type": "rich_text_section",
                        "elements": [
                            {
                                "type": "text",
                                "text": "Happy to discuss and share here !"
                            }
                        ]
                    }
                ]
            }
        ],
        "thread_ts": "1598860300.005800",
        "parent_user_id": "U5M5PLH9S"
    },
    {
        "client_msg_id": "80d52bac-c1c1-4792-8b5c-6971f6699207",
        "type": "message",
        "text": "-&gt; Would this be you? <https:\/\/www.researchgate.net\/publication\/311252304_Pulse_generator_for_ultrasonic_PZT_and_PVDF_transducer_arrays_based_on_a_Programmable_System-on-Chip_PSoC> :wink:",
        "user": "U5M5PLH9S",
        "ts": "1598865669.000100",
        "team": "T5M5PLH8U",
        "user_team": "T5M5PLH8U",
        "source_team": "T5M5PLH8U",
        "user_profile": {
            "avatar_hash": "e4fb6ae9f526",
            "image_72": "https:\/\/avatars.slack-edge.com\/2017-06-01\/191144530514_e4fb6ae9f526531fd41c_72.jpg",
            "first_name": "",
            "real_name": "kelu",
            "display_name": "",
            "team": "T5M5PLH8U",
            "name": "kelu",
            "is_restricted": false,
            "is_ultra_restricted": false
        },
        "blocks": [
            {
                "type": "rich_text",
                "block_id": "OUB96",
                "elements": [
                    {
                        "type": "rich_text_section",
                        "elements": [
                            {
                                "type": "text",
                                "text": "-> Would this be you? "
                            },
                            {
                                "type": "link",
                                "url": "https:\/\/www.researchgate.net\/publication\/311252304_Pulse_generator_for_ultrasonic_PZT_and_PVDF_transducer_arrays_based_on_a_Programmable_System-on-Chip_PSoC"
                            },
                            {
                                "type": "text",
                                "text": " "
                            },
                            {
                                "type": "emoji",
                                "name": "wink"
                            }
                        ]
                    }
                ]
            }
        ],
        "thread_ts": "1598860300.005800",
        "parent_user_id": "U5M5PLH9S"
    },
    {
        "client_msg_id": "6414df9f-acb2-4f33-8482-5e83cf84b7b6",
        "type": "message",
        "text": "or this one ? <https:\/\/www.researchgate.net\/publication\/318308831_Pulse_Generator_for_Ultrasonic_Piezoelectric_Transducer_Arrays_Based_on_a_Programmable_System-on-Chip_PSoC?_sg%5B0%5D=PETsTma4opagKNLjqU-B0Ew1uyfBz54vAM6rIi-IXuoy8foTTS2Y6fcrqQG180a8j9C8z2m1VufeBD8.c0v4XlMuPjI6shwdViaAa8jCgfH4GJzVC8xEMOK2DIXvyrG5I_6k7-2wp4wcgsquIaftrWmB2QE42sRssy3dhw&amp;_sg%5B1%5D=JlLhg0AQYss9KGKpisodUvyfF80yLhRXRTDs7S6jR2KWMw77GcIIOzhZ4y8gMbqfcJnzFUlIHer_hB19l6K6b3n9o_g.c0v4XlMuPjI6shwdViaAa8jCgfH4GJzVC8xEMOK2DIXvyrG5I_6k7-2wp4wcgsquIaftrWmB2QE42sRssy3dhw&amp;_sg%5B2%5D=kX7hSU2YfDI9TiD3rLhSIRGOycXR0mKSLGBmkMqYEhkFssp9jo6bHuBSFjJvBDerSk4iQQTxia9ORPxX6w.c0v4XlMuPjI6shwdViaAa8jCgfH4GJzVC8xEMOK2DIXvyrG5I_6k7-2wp4wcgsquIaftrWmB2QE42sRssy3dhw&amp;_sgd%5Bsr%5D=1>",
        "user": "U5M5PLH9S",
        "ts": "1598866724.000400",
        "team": "T5M5PLH8U",
        "user_team": "T5M5PLH8U",
        "source_team": "T5M5PLH8U",
        "user_profile": {
            "avatar_hash": "e4fb6ae9f526",
            "image_72": "https:\/\/avatars.slack-edge.com\/2017-06-01\/191144530514_e4fb6ae9f526531fd41c_72.jpg",
            "first_name": "",
            "real_name": "kelu",
            "display_name": "",
            "team": "T5M5PLH8U",
            "name": "kelu",
            "is_restricted": false,
            "is_ultra_restricted": false
        },
        "blocks": [
            {
                "type": "rich_text",
                "block_id": "YQm",
                "elements": [
                    {
                        "type": "rich_text_section",
                        "elements": [
                            {
                                "type": "text",
                                "text": "or this one ? "
                            },
                            {
                                "type": "link",
                                "url": "https:\/\/www.researchgate.net\/publication\/318308831_Pulse_Generator_for_Ultrasonic_Piezoelectric_Transducer_Arrays_Based_on_a_Programmable_System-on-Chip_PSoC?_sg%5B0%5D=PETsTma4opagKNLjqU-B0Ew1uyfBz54vAM6rIi-IXuoy8foTTS2Y6fcrqQG180a8j9C8z2m1VufeBD8.c0v4XlMuPjI6shwdViaAa8jCgfH4GJzVC8xEMOK2DIXvyrG5I_6k7-2wp4wcgsquIaftrWmB2QE42sRssy3dhw&_sg%5B1%5D=JlLhg0AQYss9KGKpisodUvyfF80yLhRXRTDs7S6jR2KWMw77GcIIOzhZ4y8gMbqfcJnzFUlIHer_hB19l6K6b3n9o_g.c0v4XlMuPjI6shwdViaAa8jCgfH4GJzVC8xEMOK2DIXvyrG5I_6k7-2wp4wcgsquIaftrWmB2QE42sRssy3dhw&_sg%5B2%5D=kX7hSU2YfDI9TiD3rLhSIRGOycXR0mKSLGBmkMqYEhkFssp9jo6bHuBSFjJvBDerSk4iQQTxia9ORPxX6w.c0v4XlMuPjI6shwdViaAa8jCgfH4GJzVC8xEMOK2DIXvyrG5I_6k7-2wp4wcgsquIaftrWmB2QE42sRssy3dhw&_sgd%5Bsr%5D=1"
                            }
                        ]
                    }
                ]
            }
        ],
        "thread_ts": "1598860300.005800",
        "parent_user_id": "U5M5PLH9S"
    },
    {
        "client_msg_id": "3f4225c8-09a4-4d83-bfc1-2c71cc8964c5",
        "type": "message",
        "text": "As a general question, I'd be curious to know how you produce your HV rails, and where your sourced your arrays - i'm keen on exploring arrays  !",
        "user": "U5M5PLH9S",
        "ts": "1598866754.001200",
        "team": "T5M5PLH8U",
        "user_team": "T5M5PLH8U",
        "source_team": "T5M5PLH8U",
        "user_profile": {
            "avatar_hash": "e4fb6ae9f526",
            "image_72": "https:\/\/avatars.slack-edge.com\/2017-06-01\/191144530514_e4fb6ae9f526531fd41c_72.jpg",
            "first_name": "",
            "real_name": "kelu",
            "display_name": "",
            "team": "T5M5PLH8U",
            "name": "kelu",
            "is_restricted": false,
            "is_ultra_restricted": false
        },
        "blocks": [
            {
                "type": "rich_text",
                "block_id": "eAEX",
                "elements": [
                    {
                        "type": "rich_text_section",
                        "elements": [
                            {
                                "type": "text",
                                "text": "As a general question, I'd be curious to know how you produce your HV rails, and where your sourced your arrays - i'm keen on exploring arrays  !"
                            }
                        ]
                    }
                ]
            }
        ],
        "thread_ts": "1598866754.001200",
        "reply_count": 2,
        "reply_users_count": 1,
        "latest_reply": "1598885726.000600",
        "reply_users": [
            "U019BD4E8LX"
        ],
        "replies": [
            {
                "user": "U019BD4E8LX",
                "ts": "1598885686.000400"
            },
            {
                "user": "U019BD4E8LX",
                "ts": "1598885726.000600"
            }
        ],
        "subscribed": true,
        "last_read": "1598885726.000600"
    },
    {
        "type": "message",
        "subtype": "thread_broadcast",
        "text": "<@U5M5PLH9S> yes, I was involved in both papers, they were using Arduino to generate the digital pulses buth they were slow (hundreds of hz), so I suggested using PSoC and we reached MHz pulses.",
        "user": "U019BD4E8LX",
        "ts": "1598885539.000100",
        "thread_ts": "1598860300.005800",
        "root": {
            "client_msg_id": "04733d82-0ed4-4496-94d9-c1c829d1394f",
            "type": "message",
            "text": "Ola! The un0rick is using a MD1210+TC6320 combo, but the prototype pHAT is using a HV7361.\nThen, there's the question of cheap, small-sized, low-noise HV generators :smiley:",
            "user": "U5M5PLH9S",
            "ts": "1598860300.005800",
            "team": "T5M5PLH8U",
            "blocks": [
                {
                    "type": "rich_text",
                    "block_id": "fkS",
                    "elements": [
                        {
                            "type": "rich_text_section",
                            "elements": [
                                {
                                    "type": "text",
                                    "text": "Ola! The un0rick is using a MD1210+TC6320 combo, but the prototype pHAT is using a HV7361.\nThen, there's the question of cheap, small-sized, low-noise HV generators "
                                },
                                {
                                    "type": "emoji",
                                    "name": "smiley"
                                }
                            ]
                        }
                    ]
                }
            ],
            "thread_ts": "1598860300.005800",
            "reply_count": 4,
            "reply_users_count": 2,
            "latest_reply": "1598885539.000100",
            "reply_users": [
                "U5M5PLH9S",
                "U019BD4E8LX"
            ],
            "subscribed": true,
            "last_read": "1598885539.000100"
        },
        "blocks": [
            {
                "type": "rich_text",
                "block_id": "Oo8",
                "elements": [
                    {
                        "type": "rich_text_section",
                        "elements": [
                            {
                                "type": "user",
                                "user_id": "U5M5PLH9S"
                            },
                            {
                                "type": "text",
                                "text": " yes, I was involved in both papers, they were using Arduino to generate the digital pulses buth they were slow (hundreds of hz), so I suggested using PSoC and we reached MHz pulses."
                            }
                        ]
                    }
                ]
            }
        ],
        "client_msg_id": "43e7113f-dd87-40ad-9778-63a4cbd62665",
        "reactions": [
            {
                "name": "+1",
                "users": [
                    "U5M5PLH9S"
                ],
                "count": 1
            }
        ]
    },
    {
        "client_msg_id": "19d2fab5-2655-45c9-9e98-d68099eab807",
        "type": "message",
        "text": "It was a simple pulser, the HV rail was a boost converter, I think it was around 22Vdc, we switched that rail with a mosfet, a resonant circuit was feed with the switched rail and the pvdf element was connected to it. I think this is fine for a school project.",
        "user": "U019BD4E8LX",
        "ts": "1598885686.000400",
        "team": "T5M5PLH8U",
        "user_team": "T5M5PLH8U",
        "source_team": "T5M5PLH8U",
        "user_profile": {
            "avatar_hash": "g8241a45759c",
            "image_72": "https:\/\/secure.gravatar.com\/avatar\/8241a45759c3d2b9408084591b734e39.jpg?s=72&d=https%3A%2F%2Fa.slack-edge.com%2Fdf10d%2Fimg%2Favatars%2Fava_0007-72.png",
            "first_name": "",
            "real_name": "Carlos Diaz",
            "display_name": "",
            "team": "T5M5PLH8U",
            "name": "carlos.santiago.diaz",
            "is_restricted": false,
            "is_ultra_restricted": false
        },
        "blocks": [
            {
                "type": "rich_text",
                "block_id": "LK+x",
                "elements": [
                    {
                        "type": "rich_text_section",
                        "elements": [
                            {
                                "type": "text",
                                "text": "It was a simple pulser, the HV rail was a boost converter, I think it was around 22Vdc, we switched that rail with a mosfet, a resonant circuit was feed with the switched rail and the pvdf element was connected to it. I think this is fine for a school project."
                            }
                        ]
                    }
                ]
            }
        ],
        "thread_ts": "1598866754.001200",
        "parent_user_id": "U5M5PLH9S",
        "reactions": [
            {
                "name": "+1",
                "users": [
                    "U5M5PLH9S"
                ],
                "count": 1
            }
        ]
    },
    {
        "client_msg_id": "975d7519-cba2-4a14-b691-65831f215461",
        "type": "message",
        "text": "We had an array of PZT elements but I didn't worked with it, we were using single PVDF elements.",
        "user": "U019BD4E8LX",
        "ts": "1598885726.000600",
        "team": "T5M5PLH8U",
        "user_team": "T5M5PLH8U",
        "source_team": "T5M5PLH8U",
        "user_profile": {
            "avatar_hash": "g8241a45759c",
            "image_72": "https:\/\/secure.gravatar.com\/avatar\/8241a45759c3d2b9408084591b734e39.jpg?s=72&d=https%3A%2F%2Fa.slack-edge.com%2Fdf10d%2Fimg%2Favatars%2Fava_0007-72.png",
            "first_name": "",
            "real_name": "Carlos Diaz",
            "display_name": "",
            "team": "T5M5PLH8U",
            "name": "carlos.santiago.diaz",
            "is_restricted": false,
            "is_ultra_restricted": false
        },
        "blocks": [
            {
                "type": "rich_text",
                "block_id": "YVsc+",
                "elements": [
                    {
                        "type": "rich_text_section",
                        "elements": [
                            {
                                "type": "text",
                                "text": "We had an array of PZT elements but I didn't worked with it, we were using single PVDF elements."
                            }
                        ]
                    }
                ]
            }
        ],
        "thread_ts": "1598866754.001200",
        "parent_user_id": "U5M5PLH9S"
    },
    {
        "client_msg_id": "571ed17c-ab53-4088-a37a-4c74c4d378bb",
        "type": "message",
        "text": "When it comes to the control of the pulser logic, it is done through the fpgas - in the un0rick it's the <#C9H58ADJT|ice40> hx4k (actually a hx8k but software-limited), in the case of the new <#CL0FKPP5K|lit3rick> device that's a up5k . 4, 8 and 5k LUTs respectively. Tiny logic.",
        "user": "U5M5PLH9S",
        "ts": "1598892895.002300",
        "team": "T5M5PLH8U",
        "user_team": "T5M5PLH8U",
        "source_team": "T5M5PLH8U",
        "user_profile": {
            "avatar_hash": "e4fb6ae9f526",
            "image_72": "https:\/\/avatars.slack-edge.com\/2017-06-01\/191144530514_e4fb6ae9f526531fd41c_72.jpg",
            "first_name": "",
            "real_name": "kelu",
            "display_name": "",
            "team": "T5M5PLH8U",
            "name": "kelu",
            "is_restricted": false,
            "is_ultra_restricted": false
        },
        "blocks": [
            {
                "type": "rich_text",
                "block_id": "nfFw",
                "elements": [
                    {
                        "type": "rich_text_section",
                        "elements": [
                            {
                                "type": "text",
                                "text": "When it comes to the control of the pulser logic, it is done through the fpgas - in the un0rick it's the "
                            },
                            {
                                "type": "channel",
                                "channel_id": "C9H58ADJT"
                            },
                            {
                                "type": "text",
                                "text": " hx4k (actually a hx8k but software-limited), in the case of the new "
                            },
                            {
                                "type": "channel",
                                "channel_id": "CL0FKPP5K"
                            },
                            {
                                "type": "text",
                                "text": " device that's a up5k . 4, 8 and 5k LUTs respectively. Tiny logic."
                            }
                        ]
                    }
                ]
            }
        ]
    },
    {
        "client_msg_id": "3f2ffe11-9ecc-4283-b087-20cc5af5449f",
        "type": "message",
        "text": "I will have to take a look at lit3rick. I have a question about the NMT module, the v12, v24 and v48 signals are active low?",
        "user": "U019BD4E8LX",
        "ts": "1598907002.005200",
        "team": "T5M5PLH8U",
        "user_team": "T5M5PLH8U",
        "source_team": "T5M5PLH8U",
        "user_profile": {
            "avatar_hash": "g8241a45759c",
            "image_72": "https:\/\/secure.gravatar.com\/avatar\/8241a45759c3d2b9408084591b734e39.jpg?s=72&d=https%3A%2F%2Fa.slack-edge.com%2Fdf10d%2Fimg%2Favatars%2Fava_0007-72.png",
            "first_name": "",
            "real_name": "Carlos Diaz",
            "display_name": "",
            "team": "T5M5PLH8U",
            "name": "carlos.santiago.diaz",
            "is_restricted": false,
            "is_ultra_restricted": false
        },
        "blocks": [
            {
                "type": "rich_text",
                "block_id": "Pxz",
                "elements": [
                    {
                        "type": "rich_text_section",
                        "elements": [
                            {
                                "type": "text",
                                "text": "I will have to take a look at lit3rick. I have a question about the NMT module, the v12, v24 and v48 signals are active low?"
                            }
                        ]
                    }
                ]
            }
        ]
    },
    {
        "client_msg_id": "46e930cb-4ea1-4c26-bfaa-5ad5a8a36ff6",
        "type": "message",
        "text": "I would like to ground those signals using a mosfet instead of using a jumper.",
        "user": "U019BD4E8LX",
        "ts": "1598907905.006300",
        "team": "T5M5PLH8U",
        "user_team": "T5M5PLH8U",
        "source_team": "T5M5PLH8U",
        "user_profile": {
            "avatar_hash": "g8241a45759c",
            "image_72": "https:\/\/secure.gravatar.com\/avatar\/8241a45759c3d2b9408084591b734e39.jpg?s=72&d=https%3A%2F%2Fa.slack-edge.com%2Fdf10d%2Fimg%2Favatars%2Fava_0007-72.png",
            "first_name": "",
            "real_name": "Carlos Diaz",
            "display_name": "",
            "team": "T5M5PLH8U",
            "name": "carlos.santiago.diaz",
            "is_restricted": false,
            "is_ultra_restricted": false
        },
        "blocks": [
            {
                "type": "rich_text",
                "block_id": "lmb",
                "elements": [
                    {
                        "type": "rich_text_section",
                        "elements": [
                            {
                                "type": "text",
                                "text": "I would like to ground those signals using a mosfet instead of using a jumper."
                            }
                        ]
                    }
                ]
            }
        ]
    }
]