[
    {
        "client_msg_id": "cd298f12-b4ff-4535-a2c9-37c1fd268265",
        "type": "message",
        "text": "The main VHDL indeed, but for ease of reference and mostly openness I've put all code at <https:\/\/github.com\/kelu124\/un0rick\/tree\/master\/software>",
        "user": "U5M5PLH9S",
        "ts": "1599399595.000100",
        "team": "T5M5PLH8U",
        "user_team": "T5M5PLH8U",
        "source_team": "T5M5PLH8U",
        "user_profile": {
            "avatar_hash": "e4fb6ae9f526",
            "image_72": "https:\/\/avatars.slack-edge.com\/2017-06-01\/191144530514_e4fb6ae9f526531fd41c_72.jpg",
            "first_name": "",
            "real_name": "kelu",
            "display_name": "",
            "team": "T5M5PLH8U",
            "name": "kelu",
            "is_restricted": false,
            "is_ultra_restricted": false
        },
        "blocks": [
            {
                "type": "rich_text",
                "block_id": "2X\/s=",
                "elements": [
                    {
                        "type": "rich_text_section",
                        "elements": [
                            {
                                "type": "text",
                                "text": "The main VHDL indeed, but for ease of reference and mostly openness I've put all code at "
                            },
                            {
                                "type": "link",
                                "url": "https:\/\/github.com\/kelu124\/un0rick\/tree\/master\/software"
                            }
                        ]
                    }
                ]
            }
        ],
        "thread_ts": "1599065271.003700",
        "parent_user_id": "U5M5PLH9S",
        "reactions": [
            {
                "name": "+1",
                "users": [
                    "U019BD4E8LX"
                ],
                "count": 1
            }
        ]
    },
    {
        "client_msg_id": "d5bea1d3-78ec-4239-9a0c-f94660d155c6",
        "type": "message",
        "text": "Hey, I mean bipolar rails, with their average being 0.\nI'm only using a positive HV gen on un0rick, but of course the element swings back after the pulse and goes negative.",
        "user": "U5M5PLH9S",
        "ts": "1599399653.000300",
        "team": "T5M5PLH8U",
        "user_team": "T5M5PLH8U",
        "source_team": "T5M5PLH8U",
        "user_profile": {
            "avatar_hash": "e4fb6ae9f526",
            "image_72": "https:\/\/avatars.slack-edge.com\/2017-06-01\/191144530514_e4fb6ae9f526531fd41c_72.jpg",
            "first_name": "",
            "real_name": "kelu",
            "display_name": "",
            "team": "T5M5PLH8U",
            "name": "kelu",
            "is_restricted": false,
            "is_ultra_restricted": false
        },
        "blocks": [
            {
                "type": "rich_text",
                "block_id": "6PA",
                "elements": [
                    {
                        "type": "rich_text_section",
                        "elements": [
                            {
                                "type": "text",
                                "text": "Hey, I mean bipolar rails, with their average being 0.\nI'm only using a positive HV gen on un0rick, but of course the element swings back after the pulse and goes negative."
                            }
                        ]
                    }
                ]
            }
        ],
        "thread_ts": "1599065549.004500",
        "parent_user_id": "U5M5PLH9S"
    },
    {
        "client_msg_id": "02e10462-0864-435b-ad42-2416f9b7215a",
        "type": "message",
        "text": "Thanks for sharing it, I will take a look at it.",
        "user": "U019BD4E8LX",
        "ts": "1599415128.000100",
        "team": "T5M5PLH8U",
        "user_team": "T5M5PLH8U",
        "source_team": "T5M5PLH8U",
        "user_profile": {
            "avatar_hash": "g8241a45759c",
            "image_72": "https:\/\/secure.gravatar.com\/avatar\/8241a45759c3d2b9408084591b734e39.jpg?s=72&d=https%3A%2F%2Fa.slack-edge.com%2Fdf10d%2Fimg%2Favatars%2Fava_0007-72.png",
            "first_name": "",
            "real_name": "Carlos Diaz",
            "display_name": "",
            "team": "T5M5PLH8U",
            "name": "carlos.santiago.diaz",
            "is_restricted": false,
            "is_ultra_restricted": false
        },
        "blocks": [
            {
                "type": "rich_text",
                "block_id": "6bd1",
                "elements": [
                    {
                        "type": "rich_text_section",
                        "elements": [
                            {
                                "type": "text",
                                "text": "Thanks for sharing it, I will take a look at it."
                            }
                        ]
                    }
                ]
            }
        ],
        "thread_ts": "1599065271.003700",
        "parent_user_id": "U5M5PLH9S"
    },
    {
        "client_msg_id": "ff2fa439-0307-41a1-8379-86ac13a2f2a3",
        "type": "message",
        "text": "I need an oscilloscope, I can't access my lab one. Just ordered an NMTx for testing. I will upload the circuit we used to generate a bipolar signal with only one positive supply, hopefully later today.",
        "user": "U019BD4E8LX",
        "ts": "1599415213.000300",
        "team": "T5M5PLH8U",
        "user_team": "T5M5PLH8U",
        "source_team": "T5M5PLH8U",
        "user_profile": {
            "avatar_hash": "g8241a45759c",
            "image_72": "https:\/\/secure.gravatar.com\/avatar\/8241a45759c3d2b9408084591b734e39.jpg?s=72&d=https%3A%2F%2Fa.slack-edge.com%2Fdf10d%2Fimg%2Favatars%2Fava_0007-72.png",
            "first_name": "",
            "real_name": "Carlos Diaz",
            "display_name": "",
            "team": "T5M5PLH8U",
            "name": "carlos.santiago.diaz",
            "is_restricted": false,
            "is_ultra_restricted": false
        },
        "blocks": [
            {
                "type": "rich_text",
                "block_id": "p7N",
                "elements": [
                    {
                        "type": "rich_text_section",
                        "elements": [
                            {
                                "type": "text",
                                "text": "I need an oscilloscope, I can't access my lab one. Just ordered an NMTx for testing. I will upload the circuit we used to generate a bipolar signal with only one positive supply, hopefully later today."
                            }
                        ]
                    }
                ]
            }
        ],
        "thread_ts": "1599065549.004500",
        "parent_user_id": "U5M5PLH9S",
        "reactions": [
            {
                "name": "+1",
                "users": [
                    "U5M5PLH9S"
                ],
                "count": 1
            }
        ]
    },
    {
        "client_msg_id": "bf6611c2-302c-47c3-bcb6-3a3c94ac9d2a",
        "type": "message",
        "text": "sure thing",
        "user": "U5M5PLH9S",
        "ts": "1599418423.000500",
        "team": "T5M5PLH8U",
        "user_team": "T5M5PLH8U",
        "source_team": "T5M5PLH8U",
        "user_profile": {
            "avatar_hash": "e4fb6ae9f526",
            "image_72": "https:\/\/avatars.slack-edge.com\/2017-06-01\/191144530514_e4fb6ae9f526531fd41c_72.jpg",
            "first_name": "",
            "real_name": "kelu",
            "display_name": "",
            "team": "T5M5PLH8U",
            "name": "kelu",
            "is_restricted": false,
            "is_ultra_restricted": false
        },
        "blocks": [
            {
                "type": "rich_text",
                "block_id": "W0d6d",
                "elements": [
                    {
                        "type": "rich_text_section",
                        "elements": [
                            {
                                "type": "text",
                                "text": "sure thing"
                            }
                        ]
                    }
                ]
            }
        ],
        "thread_ts": "1599065271.003700",
        "parent_user_id": "U5M5PLH9S"
    },
    {
        "client_msg_id": "32657d18-f07f-4734-b1f3-1c9c6c617609",
        "type": "message",
        "text": "code could be improved, let me know if you have ideas :smiley:",
        "user": "U5M5PLH9S",
        "ts": "1599418436.000700",
        "team": "T5M5PLH8U",
        "user_team": "T5M5PLH8U",
        "source_team": "T5M5PLH8U",
        "user_profile": {
            "avatar_hash": "e4fb6ae9f526",
            "image_72": "https:\/\/avatars.slack-edge.com\/2017-06-01\/191144530514_e4fb6ae9f526531fd41c_72.jpg",
            "first_name": "",
            "real_name": "kelu",
            "display_name": "",
            "team": "T5M5PLH8U",
            "name": "kelu",
            "is_restricted": false,
            "is_ultra_restricted": false
        },
        "blocks": [
            {
                "type": "rich_text",
                "block_id": "\/RAUX",
                "elements": [
                    {
                        "type": "rich_text_section",
                        "elements": [
                            {
                                "type": "text",
                                "text": "code could be improved, let me know if you have ideas "
                            },
                            {
                                "type": "emoji",
                                "name": "smiley"
                            }
                        ]
                    }
                ]
            }
        ],
        "thread_ts": "1599065271.003700",
        "parent_user_id": "U5M5PLH9S"
    },
    {
        "client_msg_id": "3252ff63-f844-4a45-bb02-7ddd9d1d8bea",
        "type": "message",
        "text": "It's been some time since I coded in any hdl, but sure I will let you know when I have any questions about the implementation.",
        "user": "U019BD4E8LX",
        "ts": "1599433376.000100",
        "team": "T5M5PLH8U",
        "user_team": "T5M5PLH8U",
        "source_team": "T5M5PLH8U",
        "user_profile": {
            "avatar_hash": "g8241a45759c",
            "image_72": "https:\/\/secure.gravatar.com\/avatar\/8241a45759c3d2b9408084591b734e39.jpg?s=72&d=https%3A%2F%2Fa.slack-edge.com%2Fdf10d%2Fimg%2Favatars%2Fava_0007-72.png",
            "first_name": "",
            "real_name": "Carlos Diaz",
            "display_name": "",
            "team": "T5M5PLH8U",
            "name": "carlos.santiago.diaz",
            "is_restricted": false,
            "is_ultra_restricted": false
        },
        "blocks": [
            {
                "type": "rich_text",
                "block_id": "o7+4U",
                "elements": [
                    {
                        "type": "rich_text_section",
                        "elements": [
                            {
                                "type": "text",
                                "text": "It's been some time since I coded in any hdl, but sure I will let you know when I have any questions about the implementation."
                            }
                        ]
                    }
                ]
            }
        ],
        "thread_ts": "1599065271.003700",
        "parent_user_id": "U5M5PLH9S",
        "reactions": [
            {
                "name": "sweat_smile",
                "users": [
                    "U5M5PLH9S"
                ],
                "count": 1
            }
        ]
    }
]