[
    {
        "client_msg_id": "21191657-2c59-4726-be9e-8b9d5a2d87af",
        "type": "message",
        "text": "Hello! With the help of <@UFCS7CKPD>, happy to release two small boards for HV !\n\n• <https:\/\/github.com\/kelu124\/lm3478> for a LM3478 fixed output at +-90V (changeable between 80 and 200V by changing a feedback board), single 5V input.\n• <https:\/\/github.com\/kelu124\/DRV8662-devkit> for a small unipolar output of 250V with minimal BOM cost from 5V.",
        "user": "U5M5PLH9S",
        "ts": "1601746080.001800",
        "team": "T5M5PLH8U",
        "user_team": "T5M5PLH8U",
        "source_team": "T5M5PLH8U",
        "user_profile": {
            "avatar_hash": "e4fb6ae9f526",
            "image_72": "https:\/\/avatars.slack-edge.com\/2017-06-01\/191144530514_e4fb6ae9f526531fd41c_72.jpg",
            "first_name": "",
            "real_name": "kelu",
            "display_name": "",
            "team": "T5M5PLH8U",
            "name": "kelu",
            "is_restricted": false,
            "is_ultra_restricted": false
        },
        "blocks": [
            {
                "type": "rich_text",
                "block_id": "LaY",
                "elements": [
                    {
                        "type": "rich_text_section",
                        "elements": [
                            {
                                "type": "text",
                                "text": "Hello! With the help of "
                            },
                            {
                                "type": "user",
                                "user_id": "UFCS7CKPD"
                            },
                            {
                                "type": "text",
                                "text": ", happy to release two small boards for HV !\n\n"
                            }
                        ]
                    },
                    {
                        "type": "rich_text_list",
                        "elements": [
                            {
                                "type": "rich_text_section",
                                "elements": [
                                    {
                                        "type": "link",
                                        "url": "https:\/\/github.com\/kelu124\/lm3478"
                                    },
                                    {
                                        "type": "text",
                                        "text": " for a LM3478 fixed output at +-90V (changeable between 80 and 200V by changing a feedback board), single 5V input."
                                    }
                                ]
                            },
                            {
                                "type": "rich_text_section",
                                "elements": [
                                    {
                                        "type": "link",
                                        "url": "https:\/\/github.com\/kelu124\/DRV8662-devkit"
                                    },
                                    {
                                        "type": "text",
                                        "text": " for a small unipolar output of 250V with minimal BOM cost from 5V."
                                    }
                                ]
                            }
                        ],
                        "style": "bullet",
                        "indent": 0
                    }
                ]
            }
        ],
        "reactions": [
            {
                "name": "raised_hands",
                "users": [
                    "U8Z3VB1T2",
                    "U019BD4E8LX"
                ],
                "count": 2
            }
        ]
    }
]