[
    {
        "client_msg_id": "41878128-4095-4ffd-958d-043c5de8e996",
        "type": "message",
        "text": "And in parallel, work ongoing with pushing the up5k board at <https:\/\/github.com\/kelu124\/lit3rick> :smiley:\nHappy to get your view on the doc \/ missing items !",
        "user": "U5M5PLH9S",
        "ts": "1602016880.000800",
        "team": "T5M5PLH8U",
        "user_team": "T5M5PLH8U",
        "source_team": "T5M5PLH8U",
        "user_profile": {
            "avatar_hash": "e4fb6ae9f526",
            "image_72": "https:\/\/avatars.slack-edge.com\/2017-06-01\/191144530514_e4fb6ae9f526531fd41c_72.jpg",
            "first_name": "",
            "real_name": "kelu",
            "display_name": "",
            "team": "T5M5PLH8U",
            "name": "kelu",
            "is_restricted": false,
            "is_ultra_restricted": false
        },
        "blocks": [
            {
                "type": "rich_text",
                "block_id": "67a+",
                "elements": [
                    {
                        "type": "rich_text_section",
                        "elements": [
                            {
                                "type": "text",
                                "text": "And in parallel, work ongoing with pushing the up5k board at "
                            },
                            {
                                "type": "link",
                                "url": "https:\/\/github.com\/kelu124\/lit3rick"
                            },
                            {
                                "type": "text",
                                "text": " "
                            },
                            {
                                "type": "emoji",
                                "name": "smiley"
                            },
                            {
                                "type": "text",
                                "text": "\nHappy to get your view on the doc \/ missing items !"
                            }
                        ]
                    }
                ]
            }
        ],
        "thread_ts": "1602016880.000800",
        "reply_count": 8,
        "reply_users_count": 3,
        "latest_reply": "1609610834.080900",
        "reply_users": [
            "U01HRKXAH53",
            "U01HEMQBHKR",
            "U5M5PLH9S"
        ],
        "replies": [
            {
                "user": "U01HRKXAH53",
                "ts": "1609515214.078600"
            },
            {
                "user": "U01HEMQBHKR",
                "ts": "1609519679.078800"
            },
            {
                "user": "U01HEMQBHKR",
                "ts": "1609519692.079000"
            },
            {
                "user": "U5M5PLH9S",
                "ts": "1609530302.079200"
            },
            {
                "user": "U01HEMQBHKR",
                "ts": "1609531267.079400"
            },
            {
                "user": "U5M5PLH9S",
                "ts": "1609601603.080000"
            },
            {
                "user": "U5M5PLH9S",
                "ts": "1609602448.080700"
            },
            {
                "user": "U01HEMQBHKR",
                "ts": "1609610834.080900"
            }
        ],
        "subscribed": true,
        "last_read": "1609610834.080900"
    }
]