[
    {
        "client_msg_id": "db9dbaee-8272-41da-86e7-7cdec02d8402",
        "type": "message",
        "text": "<!channel>: a key question for you. I know some of us (<@UFPCMHBA6>, <@UFCS7CKPD> and others) are wondering why ultrasound pulses are generated with negative tensions.. is that historical? physical? Contest ahead, experiments too :smiley:",
        "user": "U5M5PLH9S",
        "ts": "1602154109.002200",
        "team": "T5M5PLH8U",
        "user_team": "T5M5PLH8U",
        "source_team": "T5M5PLH8U",
        "user_profile": {
            "avatar_hash": "e4fb6ae9f526",
            "image_72": "https:\/\/avatars.slack-edge.com\/2017-06-01\/191144530514_e4fb6ae9f526531fd41c_72.jpg",
            "first_name": "",
            "real_name": "kelu",
            "display_name": "",
            "team": "T5M5PLH8U",
            "name": "kelu",
            "is_restricted": false,
            "is_ultra_restricted": false
        },
        "blocks": [
            {
                "type": "rich_text",
                "block_id": "9ck5",
                "elements": [
                    {
                        "type": "rich_text_section",
                        "elements": [
                            {
                                "type": "broadcast",
                                "range": "channel"
                            },
                            {
                                "type": "text",
                                "text": ": a key question for you. I know some of us ("
                            },
                            {
                                "type": "user",
                                "user_id": "UFPCMHBA6"
                            },
                            {
                                "type": "text",
                                "text": ", "
                            },
                            {
                                "type": "user",
                                "user_id": "UFCS7CKPD"
                            },
                            {
                                "type": "text",
                                "text": " and others) are wondering why ultrasound pulses are generated with negative tensions.. is that historical? physical? Contest ahead, experiments too "
                            },
                            {
                                "type": "emoji",
                                "name": "smiley"
                            }
                        ]
                    }
                ]
            }
        ],
        "thread_ts": "1602154109.002200",
        "reply_count": 3,
        "reply_users_count": 1,
        "latest_reply": "1602179079.007600",
        "reply_users": [
            "U5M5PLH9S"
        ],
        "replies": [
            {
                "user": "U5M5PLH9S",
                "ts": "1602167856.006800"
            },
            {
                "user": "U5M5PLH9S",
                "ts": "1602178706.007200"
            },
            {
                "user": "U5M5PLH9S",
                "ts": "1602179079.007600"
            }
        ],
        "subscribed": true,
        "last_read": "1602179079.007600",
        "reactions": [
            {
                "name": "thinking_face",
                "users": [
                    "UFPCMHBA6"
                ],
                "count": 1
            }
        ]
    },
    {
        "client_msg_id": "c3e2326f-a28a-4de7-a6e6-ca39743f1e47",
        "type": "message",
        "text": "For me, this is historic because the patient was immersed in a bathtub and the front of the transducer was in contact with the water, so it was grounded. The activation voltage is applied to the back side which is isolated from the coupling liquid by the backing. But could it be a positive voltage?",
        "user": "UFPCMHBA6",
        "ts": "1602154802.006500",
        "team": "T5M5PLH8U",
        "user_team": "T5M5PLH8U",
        "source_team": "T5M5PLH8U",
        "user_profile": {
            "avatar_hash": "g58d866706cc",
            "image_72": "https:\/\/secure.gravatar.com\/avatar\/058d866706ccd565af3a0ef21f4f199a.jpg?s=72&d=https%3A%2F%2Fa.slack-edge.com%2Fdf10d%2Fimg%2Favatars%2Fava_0017-72.png",
            "first_name": "",
            "real_name": "Benoit",
            "display_name": "",
            "team": "T5M5PLH8U",
            "name": "bvincent.dev",
            "is_restricted": false,
            "is_ultra_restricted": false
        },
        "blocks": [
            {
                "type": "rich_text",
                "block_id": "bKmu",
                "elements": [
                    {
                        "type": "rich_text_section",
                        "elements": [
                            {
                                "type": "text",
                                "text": "For me, this is historic because the patient was immersed in a bathtub and the front of the transducer was in contact with the water, so it was grounded. The activation voltage is applied to the back side which is isolated from the coupling liquid by the backing. But could it be a positive voltage?"
                            }
                        ]
                    }
                ]
            }
        ],
        "thread_ts": "1602154802.006500",
        "reply_count": 2,
        "reply_users_count": 1,
        "latest_reply": "1602181268.007800",
        "reply_users": [
            "U5M5PLH9S"
        ],
        "replies": [
            {
                "user": "U5M5PLH9S",
                "ts": "1602154844.006600"
            },
            {
                "user": "U5M5PLH9S",
                "ts": "1602181268.007800"
            }
        ],
        "subscribed": true,
        "last_read": "1602181268.007800"
    },
    {
        "client_msg_id": "29f06511-b564-49a7-9e02-5395f50ff5e7",
        "type": "message",
        "text": "Hum so no electroshock of the patient immerged? ;)",
        "user": "U5M5PLH9S",
        "ts": "1602154844.006600",
        "team": "T5M5PLH8U",
        "user_team": "T5M5PLH8U",
        "source_team": "T5M5PLH8U",
        "user_profile": {
            "avatar_hash": "e4fb6ae9f526",
            "image_72": "https:\/\/avatars.slack-edge.com\/2017-06-01\/191144530514_e4fb6ae9f526531fd41c_72.jpg",
            "first_name": "",
            "real_name": "kelu",
            "display_name": "",
            "team": "T5M5PLH8U",
            "name": "kelu",
            "is_restricted": false,
            "is_ultra_restricted": false
        },
        "blocks": [
            {
                "type": "rich_text",
                "block_id": "lPL",
                "elements": [
                    {
                        "type": "rich_text_section",
                        "elements": [
                            {
                                "type": "text",
                                "text": "Hum so no electroshock of the patient immerged? ;)"
                            }
                        ]
                    }
                ]
            }
        ],
        "thread_ts": "1602154802.006500",
        "parent_user_id": "UFPCMHBA6"
    },
    {
        "type": "message",
        "text": "Some element : two acquisitions respectively done with a positive (+80) and a negative (-80V) pulse. Negative pulse signal was (x-1) to translate for the piezo behavior. Roughly the same signal it appears. ping <@UFCS7CKPD>",
        "files": [
            {
                "id": "F01CXLT8CRE",
                "created": 1602167782,
                "timestamp": 1602167782,
                "name": "image.png",
                "title": "image.png",
                "mimetype": "image\/png",
                "filetype": "png",
                "pretty_type": "PNG",
                "user": "U5M5PLH9S",
                "editable": false,
                "size": 34445,
                "mode": "hosted",
                "is_external": false,
                "external_type": "",
                "is_public": true,
                "public_url_shared": false,
                "display_as_bot": false,
                "username": "",
                "url_private": "https:\/\/files.slack.com\/files-pri\/T5M5PLH8U-F01CXLT8CRE\/image.png?t=xoxe-191193697300-1655641665238-1662624174259-9d4966033b52bec8bbd54ad611c52557",
                "url_private_download": "https:\/\/files.slack.com\/files-pri\/T5M5PLH8U-F01CXLT8CRE\/download\/image.png?t=xoxe-191193697300-1655641665238-1662624174259-9d4966033b52bec8bbd54ad611c52557",
                "thumb_64": "https:\/\/files.slack.com\/files-tmb\/T5M5PLH8U-F01CXLT8CRE-bbabf96800\/image_64.png?t=xoxe-191193697300-1655641665238-1662624174259-9d4966033b52bec8bbd54ad611c52557",
                "thumb_80": "https:\/\/files.slack.com\/files-tmb\/T5M5PLH8U-F01CXLT8CRE-bbabf96800\/image_80.png?t=xoxe-191193697300-1655641665238-1662624174259-9d4966033b52bec8bbd54ad611c52557",
                "thumb_360": "https:\/\/files.slack.com\/files-tmb\/T5M5PLH8U-F01CXLT8CRE-bbabf96800\/image_360.png?t=xoxe-191193697300-1655641665238-1662624174259-9d4966033b52bec8bbd54ad611c52557",
                "thumb_360_w": 360,
                "thumb_360_h": 130,
                "thumb_480": "https:\/\/files.slack.com\/files-tmb\/T5M5PLH8U-F01CXLT8CRE-bbabf96800\/image_480.png?t=xoxe-191193697300-1655641665238-1662624174259-9d4966033b52bec8bbd54ad611c52557",
                "thumb_480_w": 480,
                "thumb_480_h": 174,
                "thumb_160": "https:\/\/files.slack.com\/files-tmb\/T5M5PLH8U-F01CXLT8CRE-bbabf96800\/image_160.png?t=xoxe-191193697300-1655641665238-1662624174259-9d4966033b52bec8bbd54ad611c52557",
                "thumb_720": "https:\/\/files.slack.com\/files-tmb\/T5M5PLH8U-F01CXLT8CRE-bbabf96800\/image_720.png?t=xoxe-191193697300-1655641665238-1662624174259-9d4966033b52bec8bbd54ad611c52557",
                "thumb_720_w": 720,
                "thumb_720_h": 260,
                "thumb_800": "https:\/\/files.slack.com\/files-tmb\/T5M5PLH8U-F01CXLT8CRE-bbabf96800\/image_800.png?t=xoxe-191193697300-1655641665238-1662624174259-9d4966033b52bec8bbd54ad611c52557",
                "thumb_800_w": 800,
                "thumb_800_h": 289,
                "original_w": 882,
                "original_h": 319,
                "thumb_tiny": "AwARADB9hBFJbIXjVic5JHvVr7Jb\/wDPFPyqtYYNrD82MFs8+9Xdyeo\/OgCJbW3Of3ScHHSg2tuBkxJ+VSLsGeV5PrQSjDBK4+tADPslv\/zxT8qa1pAFP7pOnpU25PVaRim0nK5waAOcooooAKKKKACiiigD\/9k=",
                "permalink": "https:\/\/usdevkit.slack.com\/files\/U5M5PLH9S\/F01CXLT8CRE\/image.png",
                "permalink_public": "https:\/\/slack-files.com\/T5M5PLH8U-F01CXLT8CRE-cc2d47298d",
                "is_starred": false,
                "has_rich_preview": false
            }
        ],
        "upload": false,
        "blocks": [
            {
                "type": "rich_text",
                "block_id": "s7G",
                "elements": [
                    {
                        "type": "rich_text_section",
                        "elements": [
                            {
                                "type": "text",
                                "text": "Some element : two acquisitions respectively done with a positive (+80) and a negative (-80V) pulse. Negative pulse signal was (x-1) to translate for the piezo behavior. Roughly the same signal it appears. ping "
                            },
                            {
                                "type": "user",
                                "user_id": "UFCS7CKPD"
                            }
                        ]
                    }
                ]
            }
        ],
        "user": "U5M5PLH9S",
        "display_as_bot": false,
        "ts": "1602167856.006800",
        "thread_ts": "1602154109.002200",
        "parent_user_id": "U5M5PLH9S"
    },
    {
        "type": "message",
        "text": "With a zoom (values realigned) on the last echo:",
        "files": [
            {
                "id": "F01C8JGJBGB",
                "created": 1602178703,
                "timestamp": 1602178703,
                "name": "image.png",
                "title": "image.png",
                "mimetype": "image\/png",
                "filetype": "png",
                "pretty_type": "PNG",
                "user": "U5M5PLH9S",
                "editable": false,
                "size": 79266,
                "mode": "hosted",
                "is_external": false,
                "external_type": "",
                "is_public": true,
                "public_url_shared": false,
                "display_as_bot": false,
                "username": "",
                "url_private": "https:\/\/files.slack.com\/files-pri\/T5M5PLH8U-F01C8JGJBGB\/image.png?t=xoxe-191193697300-1655641665238-1662624174259-9d4966033b52bec8bbd54ad611c52557",
                "url_private_download": "https:\/\/files.slack.com\/files-pri\/T5M5PLH8U-F01C8JGJBGB\/download\/image.png?t=xoxe-191193697300-1655641665238-1662624174259-9d4966033b52bec8bbd54ad611c52557",
                "thumb_64": "https:\/\/files.slack.com\/files-tmb\/T5M5PLH8U-F01C8JGJBGB-2654059d34\/image_64.png?t=xoxe-191193697300-1655641665238-1662624174259-9d4966033b52bec8bbd54ad611c52557",
                "thumb_80": "https:\/\/files.slack.com\/files-tmb\/T5M5PLH8U-F01C8JGJBGB-2654059d34\/image_80.png?t=xoxe-191193697300-1655641665238-1662624174259-9d4966033b52bec8bbd54ad611c52557",
                "thumb_360": "https:\/\/files.slack.com\/files-tmb\/T5M5PLH8U-F01C8JGJBGB-2654059d34\/image_360.png?t=xoxe-191193697300-1655641665238-1662624174259-9d4966033b52bec8bbd54ad611c52557",
                "thumb_360_w": 360,
                "thumb_360_h": 129,
                "thumb_480": "https:\/\/files.slack.com\/files-tmb\/T5M5PLH8U-F01C8JGJBGB-2654059d34\/image_480.png?t=xoxe-191193697300-1655641665238-1662624174259-9d4966033b52bec8bbd54ad611c52557",
                "thumb_480_w": 480,
                "thumb_480_h": 172,
                "thumb_160": "https:\/\/files.slack.com\/files-tmb\/T5M5PLH8U-F01C8JGJBGB-2654059d34\/image_160.png?t=xoxe-191193697300-1655641665238-1662624174259-9d4966033b52bec8bbd54ad611c52557",
                "thumb_720": "https:\/\/files.slack.com\/files-tmb\/T5M5PLH8U-F01C8JGJBGB-2654059d34\/image_720.png?t=xoxe-191193697300-1655641665238-1662624174259-9d4966033b52bec8bbd54ad611c52557",
                "thumb_720_w": 720,
                "thumb_720_h": 257,
                "thumb_800": "https:\/\/files.slack.com\/files-tmb\/T5M5PLH8U-F01C8JGJBGB-2654059d34\/image_800.png?t=xoxe-191193697300-1655641665238-1662624174259-9d4966033b52bec8bbd54ad611c52557",
                "thumb_800_w": 800,
                "thumb_800_h": 286,
                "original_w": 892,
                "original_h": 319,
                "thumb_tiny": "AwARADCSwt4XtEZ41LHPJHvVj7Lb\/wDPFPyqPTmUWSZI79\/erO5P7w\/OgCI2tv8A88U\/Kk+zQf8APFPyqUsv94fnRlf7w\/OgCP7Lb4\/1KflUc9rAsEhEaAhSRx7VZyn94fnUdwy\/Z5eR9w9\/agDn6KKKACiiigAooooA\/9k=",
                "permalink": "https:\/\/usdevkit.slack.com\/files\/U5M5PLH9S\/F01C8JGJBGB\/image.png",
                "permalink_public": "https:\/\/slack-files.com\/T5M5PLH8U-F01C8JGJBGB-7305bfeefa",
                "is_starred": false,
                "has_rich_preview": false
            }
        ],
        "upload": false,
        "blocks": [
            {
                "type": "rich_text",
                "block_id": "2H4",
                "elements": [
                    {
                        "type": "rich_text_section",
                        "elements": [
                            {
                                "type": "text",
                                "text": "With a zoom (values realigned) on the last echo:"
                            }
                        ]
                    }
                ]
            }
        ],
        "user": "U5M5PLH9S",
        "display_as_bot": false,
        "ts": "1602178706.007200",
        "thread_ts": "1602154109.002200",
        "parent_user_id": "U5M5PLH9S"
    },
    {
        "client_msg_id": "a68cae8f-3fd5-476f-92a8-b8a0fda93cad",
        "type": "message",
        "text": "(more on <https:\/\/github.com\/kelu124\/lit3rick\/tree\/master\/sample_acqs> )",
        "user": "U5M5PLH9S",
        "ts": "1602179079.007600",
        "team": "T5M5PLH8U",
        "user_team": "T5M5PLH8U",
        "source_team": "T5M5PLH8U",
        "user_profile": {
            "avatar_hash": "e4fb6ae9f526",
            "image_72": "https:\/\/avatars.slack-edge.com\/2017-06-01\/191144530514_e4fb6ae9f526531fd41c_72.jpg",
            "first_name": "",
            "real_name": "kelu",
            "display_name": "",
            "team": "T5M5PLH8U",
            "name": "kelu",
            "is_restricted": false,
            "is_ultra_restricted": false
        },
        "blocks": [
            {
                "type": "rich_text",
                "block_id": "m1lZG",
                "elements": [
                    {
                        "type": "rich_text_section",
                        "elements": [
                            {
                                "type": "text",
                                "text": "(more on "
                            },
                            {
                                "type": "link",
                                "url": "https:\/\/github.com\/kelu124\/lit3rick\/tree\/master\/sample_acqs"
                            },
                            {
                                "type": "text",
                                "text": " )"
                            }
                        ]
                    }
                ]
            }
        ],
        "thread_ts": "1602154109.002200",
        "parent_user_id": "U5M5PLH9S"
    },
    {
        "client_msg_id": "7406e757-2cc6-4da0-874b-4411555b5a84",
        "type": "message",
        "text": "There would seem to be a question of charges applied.. ?",
        "user": "U5M5PLH9S",
        "ts": "1602181268.007800",
        "team": "T5M5PLH8U",
        "user_team": "T5M5PLH8U",
        "source_team": "T5M5PLH8U",
        "user_profile": {
            "avatar_hash": "e4fb6ae9f526",
            "image_72": "https:\/\/avatars.slack-edge.com\/2017-06-01\/191144530514_e4fb6ae9f526531fd41c_72.jpg",
            "first_name": "",
            "real_name": "kelu",
            "display_name": "",
            "team": "T5M5PLH8U",
            "name": "kelu",
            "is_restricted": false,
            "is_ultra_restricted": false
        },
        "blocks": [
            {
                "type": "rich_text",
                "block_id": "KIj",
                "elements": [
                    {
                        "type": "rich_text_section",
                        "elements": [
                            {
                                "type": "text",
                                "text": "There would seem to be a question of charges applied.. ?"
                            }
                        ]
                    }
                ]
            }
        ],
        "thread_ts": "1602154802.006500",
        "parent_user_id": "UFPCMHBA6"
    }
]