[
    {
        "type": "message",
        "subtype": "channel_join",
        "ts": "1605595442.005500",
        "user": "U01EPK2U14N",
        "text": "<@U01EPK2U14N> has joined the channel"
    },
    {
        "client_msg_id": "e655b095-e856-4e66-b2d0-430d40fa0fd9",
        "type": "message",
        "text": "Hi everyone! Happy to be here!. I am looking for some guidance regarding ultrasound application. I am developing a device to localize a piezo transducer inside a body with a 3 separate piezo receivers attached outside the body. I have done some experiments with TDC1000-EVM fro Texas instruments. But the accuracy and sensitivity is very low in that setup. It will be great if you guys could help me giving some guidance for this,\n1. I have 3mm*2mm some piezo transmitters and 10*2mm piezo receivers(400 -600kHz). What should be the voltages I should be working with?\n2. Since this is just a distance measuring application how can I use the un0rick for my application?(may be with some hardware modification) \n3. Could you suggest some piezo sensors for my application?\n4. I am looking to develop the system without a FPGA , will it be possible to do it?\nThank you for time and effort,\nBest regards",
        "user": "U01EPK2U14N",
        "ts": "1605596465.009500",
        "team": "T5M5PLH8U",
        "user_team": "T5M5PLH8U",
        "source_team": "T5M5PLH8U",
        "user_profile": {
            "avatar_hash": "8cc847aaacd9",
            "image_72": "https:\/\/avatars.slack-edge.com\/2020-11-16\/1491639406711_8cc847aaacd980692ed0_72.jpg",
            "first_name": "",
            "real_name": "samith ashan",
            "display_name": "samith ashan",
            "team": "T5M5PLH8U",
            "name": "samith492",
            "is_restricted": false,
            "is_ultra_restricted": false
        },
        "edited": {
            "user": "U01EPK2U14N",
            "ts": "1605596910.000000"
        },
        "blocks": [
            {
                "type": "rich_text",
                "block_id": "+0t",
                "elements": [
                    {
                        "type": "rich_text_section",
                        "elements": [
                            {
                                "type": "text",
                                "text": "Hi everyone! Happy to be here!. I am looking for some guidance regarding ultrasound application. I am developing a device to localize a piezo transducer inside a body with a 3 separate piezo receivers attached outside the body. I have done some experiments with TDC1000-EVM fro Texas instruments. But the accuracy and sensitivity is very low in that setup. It will be great if you guys could help me giving some guidance for this,\n"
                            }
                        ]
                    },
                    {
                        "type": "rich_text_list",
                        "elements": [
                            {
                                "type": "rich_text_section",
                                "elements": [
                                    {
                                        "type": "text",
                                        "text": "I have 3mm*2mm some piezo transmitters and 10*2mm piezo receivers(400 -600kHz). What should be the voltages I should be working with?"
                                    }
                                ]
                            },
                            {
                                "type": "rich_text_section",
                                "elements": [
                                    {
                                        "type": "text",
                                        "text": "Since this is just a distance measuring application how can I use the un0rick for my application?(may be with some hardware modification) "
                                    }
                                ]
                            },
                            {
                                "type": "rich_text_section",
                                "elements": [
                                    {
                                        "type": "text",
                                        "text": "Could you suggest some piezo sensors for my application?"
                                    }
                                ]
                            },
                            {
                                "type": "rich_text_section",
                                "elements": [
                                    {
                                        "type": "text",
                                        "text": "I am looking to develop the system without a FPGA , will it be possible to do it?"
                                    }
                                ]
                            }
                        ],
                        "style": "ordered",
                        "indent": 0
                    },
                    {
                        "type": "rich_text_section",
                        "elements": [
                            {
                                "type": "text",
                                "text": "Thank you for time and effort,\nBest regards"
                            }
                        ]
                    }
                ]
            }
        ],
        "thread_ts": "1605596465.009500",
        "reply_count": 44,
        "reply_users_count": 2,
        "latest_reply": "1607702460.035600",
        "reply_users": [
            "U5M5PLH9S",
            "U01EPK2U14N"
        ],
        "replies": [
            {
                "user": "U5M5PLH9S",
                "ts": "1605602484.010000"
            },
            {
                "user": "U01EPK2U14N",
                "ts": "1605603982.010400"
            },
            {
                "user": "U5M5PLH9S",
                "ts": "1605604493.010700"
            },
            {
                "user": "U01EPK2U14N",
                "ts": "1605604786.010900"
            },
            {
                "user": "U01EPK2U14N",
                "ts": "1605604897.011200"
            },
            {
                "user": "U01EPK2U14N",
                "ts": "1605605128.011500"
            },
            {
                "user": "U5M5PLH9S",
                "ts": "1605605770.012000"
            },
            {
                "user": "U5M5PLH9S",
                "ts": "1605605810.012200"
            },
            {
                "user": "U5M5PLH9S",
                "ts": "1605605840.012400"
            },
            {
                "user": "U5M5PLH9S",
                "ts": "1605605861.012600"
            },
            {
                "user": "U01EPK2U14N",
                "ts": "1605606205.012800"
            },
            {
                "user": "U01EPK2U14N",
                "ts": "1605606244.013000"
            },
            {
                "user": "U01EPK2U14N",
                "ts": "1605606358.013300"
            },
            {
                "user": "U5M5PLH9S",
                "ts": "1605606359.013500"
            },
            {
                "user": "U01EPK2U14N",
                "ts": "1605606482.013800"
            },
            {
                "user": "U5M5PLH9S",
                "ts": "1605606491.014000"
            },
            {
                "user": "U5M5PLH9S",
                "ts": "1605606503.014200"
            },
            {
                "user": "U01EPK2U14N",
                "ts": "1605606507.014400"
            },
            {
                "user": "U5M5PLH9S",
                "ts": "1605606537.014700"
            },
            {
                "user": "U01EPK2U14N",
                "ts": "1605606679.014900"
            },
            {
                "user": "U01EPK2U14N",
                "ts": "1605606808.015200"
            },
            {
                "user": "U01EPK2U14N",
                "ts": "1605606840.015400"
            },
            {
                "user": "U01EPK2U14N",
                "ts": "1605606864.015700"
            },
            {
                "user": "U01EPK2U14N",
                "ts": "1605607032.015900"
            },
            {
                "user": "U5M5PLH9S",
                "ts": "1605607032.016300"
            },
            {
                "user": "U5M5PLH9S",
                "ts": "1605607065.016500"
            },
            {
                "user": "U01EPK2U14N",
                "ts": "1605607081.016700"
            },
            {
                "user": "U01EPK2U14N",
                "ts": "1605607102.016900"
            },
            {
                "user": "U01EPK2U14N",
                "ts": "1605607263.017200"
            },
            {
                "user": "U01EPK2U14N",
                "ts": "1605607312.018000"
            },
            {
                "user": "U5M5PLH9S",
                "ts": "1605607470.018200"
            },
            {
                "user": "U5M5PLH9S",
                "ts": "1605607506.018400"
            },
            {
                "user": "U5M5PLH9S",
                "ts": "1605607775.018600"
            },
            {
                "user": "U5M5PLH9S",
                "ts": "1605607818.019000"
            },
            {
                "user": "U01EPK2U14N",
                "ts": "1605629353.019200"
            },
            {
                "user": "U01EPK2U14N",
                "ts": "1605629386.019400"
            },
            {
                "user": "U5M5PLH9S",
                "ts": "1605629627.019700"
            },
            {
                "user": "U01EPK2U14N",
                "ts": "1605630120.020000"
            },
            {
                "user": "U01EPK2U14N",
                "ts": "1605630243.020200"
            },
            {
                "user": "U5M5PLH9S",
                "ts": "1605630746.020400"
            },
            {
                "user": "U5M5PLH9S",
                "ts": "1605630848.020600"
            },
            {
                "user": "U5M5PLH9S",
                "ts": "1605630995.021100"
            },
            {
                "user": "U01EPK2U14N",
                "ts": "1605682280.021700"
            },
            {
                "user": "U5M5PLH9S",
                "ts": "1607702460.035600"
            }
        ],
        "subscribed": true,
        "last_read": "1607702460.035600"
    },
    {
        "client_msg_id": "529ec706-4215-4ee1-a2ca-6e50055429e3",
        "type": "message",
        "text": "Welcome <@U01EPK2U14N> :)",
        "user": "U5M5PLH9S",
        "ts": "1605596699.009700",
        "team": "T5M5PLH8U",
        "user_team": "T5M5PLH8U",
        "source_team": "T5M5PLH8U",
        "user_profile": {
            "avatar_hash": "e4fb6ae9f526",
            "image_72": "https:\/\/avatars.slack-edge.com\/2017-06-01\/191144530514_e4fb6ae9f526531fd41c_72.jpg",
            "first_name": "",
            "real_name": "kelu",
            "display_name": "",
            "team": "T5M5PLH8U",
            "name": "kelu",
            "is_restricted": false,
            "is_ultra_restricted": false
        },
        "blocks": [
            {
                "type": "rich_text",
                "block_id": "O5Ylu",
                "elements": [
                    {
                        "type": "rich_text_section",
                        "elements": [
                            {
                                "type": "text",
                                "text": "Welcome "
                            },
                            {
                                "type": "user",
                                "user_id": "U01EPK2U14N"
                            },
                            {
                                "type": "text",
                                "text": " :)"
                            }
                        ]
                    }
                ]
            }
        ],
        "thread_ts": "1605595442.005500"
    }
]