[
    {
        "client_msg_id": "e198e404-a4b9-4dd7-bced-c7ec22e7d8c7",
        "type": "message",
        "text": "Haha very relatable :sweat_smile:",
        "user": "U8Z3VB1T2",
        "ts": "1586992459.000400",
        "team": "T5M5PLH8U",
        "user_team": "T5M5PLH8U",
        "source_team": "T5M5PLH8U",
        "user_profile": {
            "avatar_hash": "g49ad52d7df8",
            "image_72": "https:\/\/secure.gravatar.com\/avatar\/449ad52d7df89ecbe8ebe0fd87d3f63f.jpg?s=72&d=https%3A%2F%2Fa.slack-edge.com%2Fdf10d%2Fimg%2Favatars%2Fava_0026-72.png",
            "first_name": "",
            "real_name": "William Meng",
            "display_name": "",
            "team": "T5M5PLH8U",
            "name": "wlmeng11",
            "is_restricted": false,
            "is_ultra_restricted": false
        },
        "blocks": [
            {
                "type": "rich_text",
                "block_id": "eQKG",
                "elements": [
                    {
                        "type": "rich_text_section",
                        "elements": [
                            {
                                "type": "text",
                                "text": "Haha very relatable "
                            },
                            {
                                "type": "emoji",
                                "name": "sweat_smile"
                            }
                        ]
                    }
                ]
            }
        ],
        "thread_ts": "1586773339.000100",
        "parent_user_id": "U5M5PLH9S",
        "reactions": [
            {
                "name": "grimacing",
                "users": [
                    "U5M5PLH9S"
                ],
                "count": 1
            }
        ]
    }
]