[
    {
        "client_msg_id": "c980505f-9604-41bf-ad82-5ba6011bdf86",
        "type": "message",
        "text": "Just got the NMTx module, they're tiny! I think I will go for the unipolar signal for the pvdf transmitter.",
        "user": "U019BD4E8LX",
        "ts": "1600532110.000100",
        "team": "T5M5PLH8U",
        "user_team": "T5M5PLH8U",
        "source_team": "T5M5PLH8U",
        "user_profile": {
            "avatar_hash": "g8241a45759c",
            "image_72": "https:\/\/secure.gravatar.com\/avatar\/8241a45759c3d2b9408084591b734e39.jpg?s=72&d=https%3A%2F%2Fa.slack-edge.com%2Fdf10d%2Fimg%2Favatars%2Fava_0007-72.png",
            "first_name": "",
            "real_name": "Carlos Diaz",
            "display_name": "",
            "team": "T5M5PLH8U",
            "name": "carlos.santiago.diaz",
            "is_restricted": false,
            "is_ultra_restricted": false
        },
        "blocks": [
            {
                "type": "rich_text",
                "block_id": "MzE+",
                "elements": [
                    {
                        "type": "rich_text_section",
                        "elements": [
                            {
                                "type": "text",
                                "text": "Just got the NMTx module, they're tiny! I think I will go for the unipolar signal for the pvdf transmitter."
                            }
                        ]
                    }
                ]
            }
        ],
        "thread_ts": "1599065549.004500",
        "parent_user_id": "U5M5PLH9S"
    },
    {
        "client_msg_id": "4162fd44-6902-4378-8c4c-d0b244b3ce55",
        "type": "message",
        "text": "Yeah!",
        "user": "U5M5PLH9S",
        "ts": "1600536991.000300",
        "team": "T5M5PLH8U",
        "user_team": "T5M5PLH8U",
        "source_team": "T5M5PLH8U",
        "user_profile": {
            "avatar_hash": "e4fb6ae9f526",
            "image_72": "https:\/\/avatars.slack-edge.com\/2017-06-01\/191144530514_e4fb6ae9f526531fd41c_72.jpg",
            "first_name": "",
            "real_name": "kelu",
            "display_name": "",
            "team": "T5M5PLH8U",
            "name": "kelu",
            "is_restricted": false,
            "is_ultra_restricted": false
        },
        "blocks": [
            {
                "type": "rich_text",
                "block_id": "02g",
                "elements": [
                    {
                        "type": "rich_text_section",
                        "elements": [
                            {
                                "type": "text",
                                "text": "Yeah!"
                            }
                        ]
                    }
                ]
            }
        ],
        "thread_ts": "1599065549.004500",
        "parent_user_id": "U5M5PLH9S"
    },
    {
        "client_msg_id": "b0f857f9-50da-4665-b9c1-50dbfd0191c2",
        "type": "message",
        "text": "How fast are you switching the Mosfet on un0rick? The mosfet that drivers the piezo element.",
        "user": "U019BD4E8LX",
        "ts": "1600539602.000500",
        "team": "T5M5PLH8U",
        "user_team": "T5M5PLH8U",
        "source_team": "T5M5PLH8U",
        "user_profile": {
            "avatar_hash": "g8241a45759c",
            "image_72": "https:\/\/secure.gravatar.com\/avatar\/8241a45759c3d2b9408084591b734e39.jpg?s=72&d=https%3A%2F%2Fa.slack-edge.com%2Fdf10d%2Fimg%2Favatars%2Fava_0007-72.png",
            "first_name": "",
            "real_name": "Carlos Diaz",
            "display_name": "",
            "team": "T5M5PLH8U",
            "name": "carlos.santiago.diaz",
            "is_restricted": false,
            "is_ultra_restricted": false
        },
        "blocks": [
            {
                "type": "rich_text",
                "block_id": "7JQ",
                "elements": [
                    {
                        "type": "rich_text_section",
                        "elements": [
                            {
                                "type": "text",
                                "text": "How fast are you switching the Mosfet on un0rick? The mosfet that drivers the piezo element."
                            }
                        ]
                    }
                ]
            }
        ],
        "thread_ts": "1599065549.004500",
        "parent_user_id": "U5M5PLH9S"
    },
    {
        "client_msg_id": "1d58ce0d-1e1e-4381-ae26-ecf19b8763fe",
        "type": "message",
        "text": "Hum that's settable - you can control the pulse width through the ice40, with a resolution of 1\/128us",
        "user": "U5M5PLH9S",
        "ts": "1600539897.000700",
        "team": "T5M5PLH8U",
        "user_team": "T5M5PLH8U",
        "source_team": "T5M5PLH8U",
        "user_profile": {
            "avatar_hash": "e4fb6ae9f526",
            "image_72": "https:\/\/avatars.slack-edge.com\/2017-06-01\/191144530514_e4fb6ae9f526531fd41c_72.jpg",
            "first_name": "",
            "real_name": "kelu",
            "display_name": "",
            "team": "T5M5PLH8U",
            "name": "kelu",
            "is_restricted": false,
            "is_ultra_restricted": false
        },
        "blocks": [
            {
                "type": "rich_text",
                "block_id": "Rabq",
                "elements": [
                    {
                        "type": "rich_text_section",
                        "elements": [
                            {
                                "type": "text",
                                "text": "Hum that's settable - you can control the pulse width through the ice40, with a resolution of 1\/128us"
                            }
                        ]
                    }
                ]
            }
        ],
        "thread_ts": "1599065549.004500",
        "parent_user_id": "U5M5PLH9S"
    },
    {
        "client_msg_id": "bd955870-3c03-4b08-8a47-e74ca34deb9b",
        "type": "message",
        "text": "That's a single pulse though, but you can program it to repeat of course",
        "user": "U5M5PLH9S",
        "ts": "1600539919.000900",
        "team": "T5M5PLH8U",
        "user_team": "T5M5PLH8U",
        "source_team": "T5M5PLH8U",
        "user_profile": {
            "avatar_hash": "e4fb6ae9f526",
            "image_72": "https:\/\/avatars.slack-edge.com\/2017-06-01\/191144530514_e4fb6ae9f526531fd41c_72.jpg",
            "first_name": "",
            "real_name": "kelu",
            "display_name": "",
            "team": "T5M5PLH8U",
            "name": "kelu",
            "is_restricted": false,
            "is_ultra_restricted": false
        },
        "blocks": [
            {
                "type": "rich_text",
                "block_id": "GX4",
                "elements": [
                    {
                        "type": "rich_text_section",
                        "elements": [
                            {
                                "type": "text",
                                "text": "That's a single pulse though, but you can program it to repeat of course"
                            }
                        ]
                    }
                ]
            }
        ],
        "thread_ts": "1599065549.004500",
        "parent_user_id": "U5M5PLH9S"
    },
    {
        "client_msg_id": "7C89580D-1108-4BFE-BEBC-9CA66D84B5E5",
        "type": "message",
        "text": "Another interesting paper <https:\/\/www.nature.com\/articles\/s41586-020-2685-y|https:\/\/www.nature.com\/articles\/s41586-020-2685-y>",
        "user": "U6E49CNV6",
        "ts": "1600551754.001600",
        "team": "T5M5PLH8U",
        "user_team": "T5M5PLH8U",
        "source_team": "T5M5PLH8U",
        "user_profile": {
            "avatar_hash": "g080a90c5285",
            "image_72": "https:\/\/secure.gravatar.com\/avatar\/7080a90c528526f8129488e607562782.jpg?s=72&d=https%3A%2F%2Fa.slack-edge.com%2Fdf10d%2Fimg%2Favatars%2Fava_0018-72.png",
            "first_name": "Morgan",
            "real_name": "Morgan Hough",
            "display_name": "mhough",
            "team": "T5M5PLH8U",
            "name": "mhough",
            "is_restricted": false,
            "is_ultra_restricted": false
        },
        "attachments": [
            {
                "service_name": "Nature",
                "title": "A submicrometre silicon-on-insulator resonator for ultrasound detection",
                "title_link": "https:\/\/www.nature.com\/articles\/s41586-020-2685-y",
                "text": "The widely available silicon-on-insulator technology is used to develop a miniaturized ultrasound detector, which is 200 times smaller than the wavelengths of sound that it can detect.",
                "fallback": "Nature: A submicrometre silicon-on-insulator resonator for ultrasound detection",
                "thumb_url": "https:\/\/media.springernature.com\/m685\/springer-static\/image\/art%3A10.1038%2Fs41586-020-2685-y\/MediaObjects\/41586_2020_2685_Fig1_HTML.png",
                "from_url": "https:\/\/www.nature.com\/articles\/s41586-020-2685-y",
                "thumb_width": 684,
                "thumb_height": 685,
                "id": 1,
                "original_url": "https:\/\/www.nature.com\/articles\/s41586-020-2685-y"
            }
        ],
        "blocks": [
            {
                "type": "rich_text",
                "block_id": "za1G",
                "elements": [
                    {
                        "type": "rich_text_section",
                        "elements": [
                            {
                                "type": "text",
                                "text": "Another interesting paper "
                            },
                            {
                                "type": "link",
                                "url": "https:\/\/www.nature.com\/articles\/s41586-020-2685-y",
                                "text": "https:\/\/www.nature.com\/articles\/s41586-020-2685-y"
                            }
                        ]
                    }
                ]
            }
        ],
        "thread_ts": "1600551754.001600",
        "reply_count": 1,
        "reply_users_count": 1,
        "latest_reply": "1600671423.002100",
        "reply_users": [
            "U5M5PLH9S"
        ],
        "replies": [
            {
                "user": "U5M5PLH9S",
                "ts": "1600671423.002100"
            }
        ],
        "subscribed": true,
        "last_read": "1600671423.002100",
        "reactions": [
            {
                "name": "raised_hands",
                "users": [
                    "U5M5PLH9S",
                    "UGJ8GJGNR"
                ],
                "count": 2
            }
        ]
    },
    {
        "client_msg_id": "67cd6099-6805-4b6c-9efa-6ee810aa3531",
        "type": "message",
        "text": "Cool, I will try to find that. I'm currently working on my prototype and I'm generating a 1mhz signal.",
        "user": "U019BD4E8LX",
        "ts": "1600560085.001800",
        "team": "T5M5PLH8U",
        "user_team": "T5M5PLH8U",
        "source_team": "T5M5PLH8U",
        "user_profile": {
            "avatar_hash": "g8241a45759c",
            "image_72": "https:\/\/secure.gravatar.com\/avatar\/8241a45759c3d2b9408084591b734e39.jpg?s=72&d=https%3A%2F%2Fa.slack-edge.com%2Fdf10d%2Fimg%2Favatars%2Fava_0007-72.png",
            "first_name": "",
            "real_name": "Carlos Diaz",
            "display_name": "",
            "team": "T5M5PLH8U",
            "name": "carlos.santiago.diaz",
            "is_restricted": false,
            "is_ultra_restricted": false
        },
        "blocks": [
            {
                "type": "rich_text",
                "block_id": "woB2",
                "elements": [
                    {
                        "type": "rich_text_section",
                        "elements": [
                            {
                                "type": "text",
                                "text": "Cool, I will try to find that. I'm currently working on my prototype and I'm generating a 1mhz signal."
                            }
                        ]
                    }
                ]
            }
        ],
        "thread_ts": "1599065549.004500",
        "parent_user_id": "U5M5PLH9S"
    }
]