[
    {
        "client_msg_id": "d8ebfe08-b882-4b52-8179-613a89eb5a31",
        "type": "message",
        "text": "Salut <@U01EPK2U14N>! Welcome, and thanks for your questions :smiley: Would you have a bit more context \/ overview of your project or experiment?\nFor example, how do you detect the piezo inside? Is it emitting? If so, is is a focused beam? Continuous or pulsed? And the 3 piezos outside of the bodies would be receiver?\n1. It would at a first glance depend on what you're doing. Is the 3x2 located inside, and the 10x2 outside? Are those discs or rectangle? Voltage would only apply to the transmitters, do you have the datasheet of the transmitter? And if the transmitter is inside the body, the question would be, what voltage would be safe?\n2. For distance measuring, yeah, one can do. I used it with TOF applications ( <http:\/\/un0rick.cc\/UseCase\/NDT> ).\n3. Depends on your needs, it would be good if you could share more information about your requirements\/specifications\/constraints.\n4. Again, depends on how you want to proceed and what you want to do. I would say yes, if more of a NDT-like approach, but more details would be welcome.\nDo you have sort of an article \/ github repo \/ paper on the experiment you're running?\n\nCheers!\n\nLuc",
        "user": "U5M5PLH9S",
        "ts": "1605602484.010000",
        "team": "T5M5PLH8U",
        "user_team": "T5M5PLH8U",
        "source_team": "T5M5PLH8U",
        "user_profile": {
            "avatar_hash": "e4fb6ae9f526",
            "image_72": "https:\/\/avatars.slack-edge.com\/2017-06-01\/191144530514_e4fb6ae9f526531fd41c_72.jpg",
            "first_name": "",
            "real_name": "kelu",
            "display_name": "",
            "team": "T5M5PLH8U",
            "name": "kelu",
            "is_restricted": false,
            "is_ultra_restricted": false
        },
        "edited": {
            "user": "U5M5PLH9S",
            "ts": "1605602489.000000"
        },
        "blocks": [
            {
                "type": "rich_text",
                "block_id": "0JFJF",
                "elements": [
                    {
                        "type": "rich_text_section",
                        "elements": [
                            {
                                "type": "text",
                                "text": "Salut "
                            },
                            {
                                "type": "user",
                                "user_id": "U01EPK2U14N"
                            },
                            {
                                "type": "text",
                                "text": "! Welcome, and thanks for your questions "
                            },
                            {
                                "type": "emoji",
                                "name": "smiley"
                            },
                            {
                                "type": "text",
                                "text": " Would you have a bit more context \/ overview of your project or experiment?\nFor example, how do you detect the piezo inside? Is it emitting? If so, is is a focused beam? Continuous or pulsed? And the 3 piezos outside of the bodies would be receiver?\n"
                            }
                        ]
                    },
                    {
                        "type": "rich_text_list",
                        "elements": [
                            {
                                "type": "rich_text_section",
                                "elements": [
                                    {
                                        "type": "text",
                                        "text": "It would at a first glance depend on what you're doing. Is the 3x2 located inside, and the 10x2 outside? Are those discs or rectangle? Voltage would only apply to the transmitters, do you have the datasheet of the transmitter? And if the transmitter is inside the body, the question would be, what voltage would be safe?"
                                    }
                                ]
                            },
                            {
                                "type": "rich_text_section",
                                "elements": [
                                    {
                                        "type": "text",
                                        "text": "For distance measuring, yeah, one can do. I used it with TOF applications ( "
                                    },
                                    {
                                        "type": "link",
                                        "url": "http:\/\/un0rick.cc\/UseCase\/NDT"
                                    },
                                    {
                                        "type": "text",
                                        "text": " )."
                                    }
                                ]
                            },
                            {
                                "type": "rich_text_section",
                                "elements": [
                                    {
                                        "type": "text",
                                        "text": "Depends on your needs, it would be good if you could share more information about your requirements\/specifications\/constraints."
                                    }
                                ]
                            },
                            {
                                "type": "rich_text_section",
                                "elements": [
                                    {
                                        "type": "text",
                                        "text": "Again, depends on how you want to proceed and what you want to do. I would say yes, if more of a NDT-like approach, but more details would be welcome."
                                    }
                                ]
                            }
                        ],
                        "style": "ordered",
                        "indent": 0
                    },
                    {
                        "type": "rich_text_section",
                        "elements": [
                            {
                                "type": "text",
                                "text": "Do you have sort of an article \/ github repo \/ paper on the experiment you're running?\n\nCheers!\n\nLuc"
                            }
                        ]
                    }
                ]
            }
        ],
        "thread_ts": "1605596465.009500",
        "parent_user_id": "U01EPK2U14N"
    },
    {
        "client_msg_id": "1d4f6102-bb15-4f02-b9db-a985fba1e4f7",
        "type": "message",
        "text": "Hi <@U5M5PLH9S> Thank you very much for the reply.",
        "user": "U01EPK2U14N",
        "ts": "1605603982.010400",
        "team": "T5M5PLH8U",
        "user_team": "T5M5PLH8U",
        "source_team": "T5M5PLH8U",
        "user_profile": {
            "avatar_hash": "8cc847aaacd9",
            "image_72": "https:\/\/avatars.slack-edge.com\/2020-11-16\/1491639406711_8cc847aaacd980692ed0_72.jpg",
            "first_name": "",
            "real_name": "samith ashan",
            "display_name": "samith ashan",
            "team": "T5M5PLH8U",
            "name": "samith492",
            "is_restricted": false,
            "is_ultra_restricted": false
        },
        "blocks": [
            {
                "type": "rich_text",
                "block_id": "eF1i",
                "elements": [
                    {
                        "type": "rich_text_section",
                        "elements": [
                            {
                                "type": "text",
                                "text": "Hi "
                            },
                            {
                                "type": "user",
                                "user_id": "U5M5PLH9S"
                            },
                            {
                                "type": "text",
                                "text": " Thank you very much for the reply."
                            }
                        ]
                    }
                ]
            }
        ],
        "thread_ts": "1605596465.009500",
        "parent_user_id": "U01EPK2U14N",
        "reactions": [
            {
                "name": "+1",
                "users": [
                    "U5M5PLH9S"
                ],
                "count": 1
            }
        ]
    },
    {
        "client_msg_id": "7d32d648-eabc-4e20-a2b1-ceb594b02cdc",
        "type": "message",
        "text": "I'm quite curious about the use of the TDC1000 TOF chip in your experiment :smiley:",
        "user": "U5M5PLH9S",
        "ts": "1605604493.010700",
        "team": "T5M5PLH8U",
        "user_team": "T5M5PLH8U",
        "source_team": "T5M5PLH8U",
        "user_profile": {
            "avatar_hash": "e4fb6ae9f526",
            "image_72": "https:\/\/avatars.slack-edge.com\/2017-06-01\/191144530514_e4fb6ae9f526531fd41c_72.jpg",
            "first_name": "",
            "real_name": "kelu",
            "display_name": "",
            "team": "T5M5PLH8U",
            "name": "kelu",
            "is_restricted": false,
            "is_ultra_restricted": false
        },
        "blocks": [
            {
                "type": "rich_text",
                "block_id": "u9ep",
                "elements": [
                    {
                        "type": "rich_text_section",
                        "elements": [
                            {
                                "type": "text",
                                "text": "I'm quite curious about the use of the TDC1000 TOF chip in your experiment "
                            },
                            {
                                "type": "emoji",
                                "name": "smiley"
                            }
                        ]
                    }
                ]
            }
        ],
        "thread_ts": "1605596465.009500",
        "parent_user_id": "U01EPK2U14N",
        "reactions": [
            {
                "name": "+1",
                "users": [
                    "U01EPK2U14N"
                ],
                "count": 1
            }
        ]
    },
    {
        "client_msg_id": "387c0bd2-782d-4ce1-9292-53de40abc1dd",
        "type": "message",
        "text": "1. The main objective is to detect a piezo inside the body. Tx and Rx selection can be in both ways, using outer piezos as tx and inside one as rx and inside tx and outside rx.\n2. I used to transmit a pulses(5 or above) and listen from the receiver. I tested the setup in the water. \n3. Used piezos were disc shaped and I used 5-30V up to now.\n4. I used this EVM <https:\/\/www.ti.com\/tool\/TDC1000-C2000EVM> for the testing.\n",
        "user": "U01EPK2U14N",
        "ts": "1605604786.010900",
        "team": "T5M5PLH8U",
        "user_team": "T5M5PLH8U",
        "source_team": "T5M5PLH8U",
        "user_profile": {
            "avatar_hash": "8cc847aaacd9",
            "image_72": "https:\/\/avatars.slack-edge.com\/2020-11-16\/1491639406711_8cc847aaacd980692ed0_72.jpg",
            "first_name": "",
            "real_name": "samith ashan",
            "display_name": "samith ashan",
            "team": "T5M5PLH8U",
            "name": "samith492",
            "is_restricted": false,
            "is_ultra_restricted": false
        },
        "edited": {
            "user": "U01EPK2U14N",
            "ts": "1605605674.000000"
        },
        "blocks": [
            {
                "type": "rich_text",
                "block_id": "MaG34",
                "elements": [
                    {
                        "type": "rich_text_list",
                        "elements": [
                            {
                                "type": "rich_text_section",
                                "elements": [
                                    {
                                        "type": "text",
                                        "text": "The main objective is to detect a piezo inside the body. Tx and Rx selection can be in both ways, using outer piezos as tx and inside one as rx and inside tx and outside rx."
                                    }
                                ]
                            },
                            {
                                "type": "rich_text_section",
                                "elements": [
                                    {
                                        "type": "text",
                                        "text": "I used to transmit a pulses(5 or above) and listen from the receiver. I tested the setup in the water. "
                                    }
                                ]
                            },
                            {
                                "type": "rich_text_section",
                                "elements": [
                                    {
                                        "type": "text",
                                        "text": "Used piezos were disc shaped and I used 5-30V up to now."
                                    }
                                ]
                            },
                            {
                                "type": "rich_text_section",
                                "elements": [
                                    {
                                        "type": "text",
                                        "text": "I used this EVM "
                                    },
                                    {
                                        "type": "link",
                                        "url": "https:\/\/www.ti.com\/tool\/TDC1000-C2000EVM"
                                    },
                                    {
                                        "type": "text",
                                        "text": " for the testing."
                                    }
                                ]
                            }
                        ],
                        "style": "ordered",
                        "indent": 0
                    },
                    {
                        "type": "rich_text_section",
                        "elements": []
                    }
                ]
            }
        ],
        "thread_ts": "1605596465.009500",
        "parent_user_id": "U01EPK2U14N"
    },
    {
        "client_msg_id": "df829e5d-2591-44ad-a3bb-f79d875f5bec",
        "type": "message",
        "text": "<https:\/\/www.ti.com\/product\/TDC1000>? This the data sheet of the tdc1000.",
        "user": "U01EPK2U14N",
        "ts": "1605604897.011200",
        "team": "T5M5PLH8U",
        "user_team": "T5M5PLH8U",
        "source_team": "T5M5PLH8U",
        "user_profile": {
            "avatar_hash": "8cc847aaacd9",
            "image_72": "https:\/\/avatars.slack-edge.com\/2020-11-16\/1491639406711_8cc847aaacd980692ed0_72.jpg",
            "first_name": "",
            "real_name": "samith ashan",
            "display_name": "samith ashan",
            "team": "T5M5PLH8U",
            "name": "samith492",
            "is_restricted": false,
            "is_ultra_restricted": false
        },
        "edited": {
            "user": "U01EPK2U14N",
            "ts": "1605605676.000000"
        },
        "blocks": [
            {
                "type": "rich_text",
                "block_id": "h=f",
                "elements": [
                    {
                        "type": "rich_text_section",
                        "elements": [
                            {
                                "type": "link",
                                "url": "https:\/\/www.ti.com\/product\/TDC1000"
                            },
                            {
                                "type": "text",
                                "text": "? This the data sheet of the tdc1000."
                            }
                        ]
                    }
                ]
            }
        ],
        "thread_ts": "1605596465.009500",
        "parent_user_id": "U01EPK2U14N"
    },
    {
        "client_msg_id": "4c101098-6ce2-4cfc-b82c-29477659e0ca",
        "type": "message",
        "text": "The main limitations i faced was,\n1. lower amplification.\n2. predefined frequencies to excite the piezo.\n3. limited measuring distance 5cm-20cm(5-30v range).\n4. Works well in water but lower performance in a phantom test setup.\n",
        "user": "U01EPK2U14N",
        "ts": "1605605128.011500",
        "team": "T5M5PLH8U",
        "user_team": "T5M5PLH8U",
        "source_team": "T5M5PLH8U",
        "user_profile": {
            "avatar_hash": "8cc847aaacd9",
            "image_72": "https:\/\/avatars.slack-edge.com\/2020-11-16\/1491639406711_8cc847aaacd980692ed0_72.jpg",
            "first_name": "",
            "real_name": "samith ashan",
            "display_name": "samith ashan",
            "team": "T5M5PLH8U",
            "name": "samith492",
            "is_restricted": false,
            "is_ultra_restricted": false
        },
        "blocks": [
            {
                "type": "rich_text",
                "block_id": "HhPG9",
                "elements": [
                    {
                        "type": "rich_text_section",
                        "elements": [
                            {
                                "type": "text",
                                "text": "The main limitations i faced was,\n"
                            }
                        ]
                    },
                    {
                        "type": "rich_text_list",
                        "elements": [
                            {
                                "type": "rich_text_section",
                                "elements": [
                                    {
                                        "type": "text",
                                        "text": "lower amplification."
                                    }
                                ]
                            },
                            {
                                "type": "rich_text_section",
                                "elements": [
                                    {
                                        "type": "text",
                                        "text": "predefined frequencies to excite the piezo."
                                    }
                                ]
                            },
                            {
                                "type": "rich_text_section",
                                "elements": [
                                    {
                                        "type": "text",
                                        "text": "limited measuring distance 5cm-20cm(5-30v range)."
                                    }
                                ]
                            },
                            {
                                "type": "rich_text_section",
                                "elements": [
                                    {
                                        "type": "text",
                                        "text": "Works well in water but lower performance in a phantom test setup."
                                    }
                                ]
                            }
                        ],
                        "style": "ordered",
                        "indent": 0
                    },
                    {
                        "type": "rich_text_section",
                        "elements": []
                    }
                ]
            }
        ],
        "thread_ts": "1605596465.009500",
        "parent_user_id": "U01EPK2U14N"
    },
    {
        "client_msg_id": "e3850798-da13-42b1-a37f-c7f30b3648e6",
        "type": "message",
        "text": "1. Absorption in the body.. yeah you do need some amplification.\n2. Indeed, the piezos will have their own resonant frequencies, so it's best to send them energy with a piezo with matching frequencies.\n3. What is the limiting factor? Absorption of the energy?\n4. I guess an agar-agar type of phantom?",
        "user": "U5M5PLH9S",
        "ts": "1605605770.012000",
        "team": "T5M5PLH8U",
        "user_team": "T5M5PLH8U",
        "source_team": "T5M5PLH8U",
        "user_profile": {
            "avatar_hash": "e4fb6ae9f526",
            "image_72": "https:\/\/avatars.slack-edge.com\/2017-06-01\/191144530514_e4fb6ae9f526531fd41c_72.jpg",
            "first_name": "",
            "real_name": "kelu",
            "display_name": "",
            "team": "T5M5PLH8U",
            "name": "kelu",
            "is_restricted": false,
            "is_ultra_restricted": false
        },
        "blocks": [
            {
                "type": "rich_text",
                "block_id": "8GtQ",
                "elements": [
                    {
                        "type": "rich_text_list",
                        "elements": [
                            {
                                "type": "rich_text_section",
                                "elements": [
                                    {
                                        "type": "text",
                                        "text": "Absorption in the body.. yeah you do need some amplification."
                                    }
                                ]
                            },
                            {
                                "type": "rich_text_section",
                                "elements": [
                                    {
                                        "type": "text",
                                        "text": "Indeed, the piezos will have their own resonant frequencies, so it's best to send them energy with a piezo with matching frequencies."
                                    }
                                ]
                            },
                            {
                                "type": "rich_text_section",
                                "elements": [
                                    {
                                        "type": "text",
                                        "text": "What is the limiting factor? Absorption of the energy?"
                                    }
                                ]
                            },
                            {
                                "type": "rich_text_section",
                                "elements": [
                                    {
                                        "type": "text",
                                        "text": "I guess an agar-agar type of phantom?"
                                    }
                                ]
                            }
                        ],
                        "style": "ordered",
                        "indent": 0
                    }
                ]
            }
        ],
        "thread_ts": "1605596465.009500",
        "parent_user_id": "U01EPK2U14N"
    },
    {
        "client_msg_id": "f28373d6-6ba6-4677-9611-f8205e1b8ace",
        "type": "message",
        "text": "Here, I assume the un0rick can deliver a large pulse to the TX part (25-75V), and can also provide 40dB amplification on the receive path.",
        "user": "U5M5PLH9S",
        "ts": "1605605810.012200",
        "team": "T5M5PLH8U",
        "user_team": "T5M5PLH8U",
        "source_team": "T5M5PLH8U",
        "user_profile": {
            "avatar_hash": "e4fb6ae9f526",
            "image_72": "https:\/\/avatars.slack-edge.com\/2017-06-01\/191144530514_e4fb6ae9f526531fd41c_72.jpg",
            "first_name": "",
            "real_name": "kelu",
            "display_name": "",
            "team": "T5M5PLH8U",
            "name": "kelu",
            "is_restricted": false,
            "is_ultra_restricted": false
        },
        "blocks": [
            {
                "type": "rich_text",
                "block_id": "0Rcz",
                "elements": [
                    {
                        "type": "rich_text_section",
                        "elements": [
                            {
                                "type": "text",
                                "text": "Here, I assume the un0rick can deliver a large pulse to the TX part (25-75V), and can also provide 40dB amplification on the receive path."
                            }
                        ]
                    }
                ]
            }
        ],
        "thread_ts": "1605596465.009500",
        "parent_user_id": "U01EPK2U14N"
    },
    {
        "client_msg_id": "9e23fc38-9a56-4e3a-b435-e01f21628d92",
        "type": "message",
        "text": "I'm wondering with this setup if a classical NDT portable machine could do what you're looking for.",
        "user": "U5M5PLH9S",
        "ts": "1605605840.012400",
        "team": "T5M5PLH8U",
        "user_team": "T5M5PLH8U",
        "source_team": "T5M5PLH8U",
        "user_profile": {
            "avatar_hash": "e4fb6ae9f526",
            "image_72": "https:\/\/avatars.slack-edge.com\/2017-06-01\/191144530514_e4fb6ae9f526531fd41c_72.jpg",
            "first_name": "",
            "real_name": "kelu",
            "display_name": "",
            "team": "T5M5PLH8U",
            "name": "kelu",
            "is_restricted": false,
            "is_ultra_restricted": false
        },
        "blocks": [
            {
                "type": "rich_text",
                "block_id": "x6vh5",
                "elements": [
                    {
                        "type": "rich_text_section",
                        "elements": [
                            {
                                "type": "text",
                                "text": "I'm wondering with this setup if a classical NDT portable machine could do what you're looking for."
                            }
                        ]
                    }
                ]
            }
        ],
        "thread_ts": "1605596465.009500",
        "parent_user_id": "U01EPK2U14N"
    },
    {
        "client_msg_id": "35b419ab-02bd-45aa-ab6a-9299f7e969dc",
        "type": "message",
        "text": "Are you talking about smart dust or equivalent btw ?",
        "user": "U5M5PLH9S",
        "ts": "1605605861.012600",
        "team": "T5M5PLH8U",
        "user_team": "T5M5PLH8U",
        "source_team": "T5M5PLH8U",
        "user_profile": {
            "avatar_hash": "e4fb6ae9f526",
            "image_72": "https:\/\/avatars.slack-edge.com\/2017-06-01\/191144530514_e4fb6ae9f526531fd41c_72.jpg",
            "first_name": "",
            "real_name": "kelu",
            "display_name": "",
            "team": "T5M5PLH8U",
            "name": "kelu",
            "is_restricted": false,
            "is_ultra_restricted": false
        },
        "blocks": [
            {
                "type": "rich_text",
                "block_id": "k4u",
                "elements": [
                    {
                        "type": "rich_text_section",
                        "elements": [
                            {
                                "type": "text",
                                "text": "Are you talking about smart dust or equivalent btw ?"
                            }
                        ]
                    }
                ]
            }
        ],
        "thread_ts": "1605596465.009500",
        "parent_user_id": "U01EPK2U14N",
        "reactions": [
            {
                "name": "eyes",
                "users": [
                    "U01EPK2U14N"
                ],
                "count": 1
            }
        ]
    },
    {
        "client_msg_id": "5ce7d783-9265-4c17-a8d7-612636f6ddff",
        "type": "message",
        "text": "My main goal is to build the system with capability to localize a piezo(as tx or rx) inside the body using 3 outer piezos. From your experiments and amazing documentation I learned,\n1. I need a High Voltage pulsar circuit.\n2. LNA and a VGA.\n3. MCU to generate pulse and receive pulse and calculate tof. ",
        "user": "U01EPK2U14N",
        "ts": "1605606205.012800",
        "team": "T5M5PLH8U",
        "user_team": "T5M5PLH8U",
        "source_team": "T5M5PLH8U",
        "user_profile": {
            "avatar_hash": "8cc847aaacd9",
            "image_72": "https:\/\/avatars.slack-edge.com\/2020-11-16\/1491639406711_8cc847aaacd980692ed0_72.jpg",
            "first_name": "",
            "real_name": "samith ashan",
            "display_name": "samith ashan",
            "team": "T5M5PLH8U",
            "name": "samith492",
            "is_restricted": false,
            "is_ultra_restricted": false
        },
        "blocks": [
            {
                "type": "rich_text",
                "block_id": "XxKG",
                "elements": [
                    {
                        "type": "rich_text_section",
                        "elements": [
                            {
                                "type": "text",
                                "text": "My main goal is to build the system with capability to localize a piezo(as tx or rx) inside the body using 3 outer piezos. From your experiments and amazing documentation I learned,\n"
                            }
                        ]
                    },
                    {
                        "type": "rich_text_list",
                        "elements": [
                            {
                                "type": "rich_text_section",
                                "elements": [
                                    {
                                        "type": "text",
                                        "text": "I need a High Voltage pulsar circuit."
                                    }
                                ]
                            },
                            {
                                "type": "rich_text_section",
                                "elements": [
                                    {
                                        "type": "text",
                                        "text": "LNA and a VGA."
                                    }
                                ]
                            },
                            {
                                "type": "rich_text_section",
                                "elements": [
                                    {
                                        "type": "text",
                                        "text": "MCU to generate pulse and receive pulse and calculate tof. "
                                    }
                                ]
                            }
                        ],
                        "style": "ordered",
                        "indent": 0
                    }
                ]
            }
        ],
        "thread_ts": "1605596465.009500",
        "parent_user_id": "U01EPK2U14N"
    },
    {
        "client_msg_id": "f59d886e-996f-4ec3-a966-c9ed817d95e9",
        "type": "message",
        "text": "The main limitation was due to low voltage and lower amplification in the EVM.",
        "user": "U01EPK2U14N",
        "ts": "1605606244.013000",
        "team": "T5M5PLH8U",
        "user_team": "T5M5PLH8U",
        "source_team": "T5M5PLH8U",
        "user_profile": {
            "avatar_hash": "8cc847aaacd9",
            "image_72": "https:\/\/avatars.slack-edge.com\/2020-11-16\/1491639406711_8cc847aaacd980692ed0_72.jpg",
            "first_name": "",
            "real_name": "samith ashan",
            "display_name": "samith ashan",
            "team": "T5M5PLH8U",
            "name": "samith492",
            "is_restricted": false,
            "is_ultra_restricted": false
        },
        "blocks": [
            {
                "type": "rich_text",
                "block_id": "mFM8P",
                "elements": [
                    {
                        "type": "rich_text_section",
                        "elements": [
                            {
                                "type": "text",
                                "text": "The main limitation was due to low voltage and lower amplification in the EVM."
                            }
                        ]
                    }
                ]
            }
        ],
        "thread_ts": "1605596465.009500",
        "parent_user_id": "U01EPK2U14N"
    },
    {
        "client_msg_id": "51dd2879-2bef-445d-b538-eb666d626d08",
        "type": "message",
        "text": "I want to make it low cost and smaller as possible.",
        "user": "U01EPK2U14N",
        "ts": "1605606358.013300",
        "team": "T5M5PLH8U",
        "user_team": "T5M5PLH8U",
        "source_team": "T5M5PLH8U",
        "user_profile": {
            "avatar_hash": "8cc847aaacd9",
            "image_72": "https:\/\/avatars.slack-edge.com\/2020-11-16\/1491639406711_8cc847aaacd980692ed0_72.jpg",
            "first_name": "",
            "real_name": "samith ashan",
            "display_name": "samith ashan",
            "team": "T5M5PLH8U",
            "name": "samith492",
            "is_restricted": false,
            "is_ultra_restricted": false
        },
        "blocks": [
            {
                "type": "rich_text",
                "block_id": "OepG",
                "elements": [
                    {
                        "type": "rich_text_section",
                        "elements": [
                            {
                                "type": "text",
                                "text": "I want to make it low cost and smaller as possible."
                            }
                        ]
                    }
                ]
            }
        ],
        "thread_ts": "1605596465.009500",
        "parent_user_id": "U01EPK2U14N"
    },
    {
        "client_msg_id": "9e972a5b-0ec7-4082-b7e6-9dda09944fac",
        "type": "message",
        "text": "Hum all in all I'd preach for myself but the un0rick has all of this. You'd even have a better view of the intensity of the echoes \/ signal (including multiple echoes) if you can digitalize what happens after you send the initial pulse.\n\nEdit : that recommendation would hold true to a \"research\" setup, but not a \"production\" device. Depends what you aim on doing : a proof of concept or an industrial design. Though all research usually starts with a research platform :wink:",
        "user": "U5M5PLH9S",
        "ts": "1605606359.013500",
        "team": "T5M5PLH8U",
        "user_team": "T5M5PLH8U",
        "source_team": "T5M5PLH8U",
        "user_profile": {
            "avatar_hash": "e4fb6ae9f526",
            "image_72": "https:\/\/avatars.slack-edge.com\/2017-06-01\/191144530514_e4fb6ae9f526531fd41c_72.jpg",
            "first_name": "",
            "real_name": "kelu",
            "display_name": "",
            "team": "T5M5PLH8U",
            "name": "kelu",
            "is_restricted": false,
            "is_ultra_restricted": false
        },
        "edited": {
            "user": "U5M5PLH9S",
            "ts": "1605606441.000000"
        },
        "blocks": [
            {
                "type": "rich_text",
                "block_id": "2T8k",
                "elements": [
                    {
                        "type": "rich_text_section",
                        "elements": [
                            {
                                "type": "text",
                                "text": "Hum all in all I'd preach for myself but the un0rick has all of this. You'd even have a better view of the intensity of the echoes \/ signal (including multiple echoes) if you can digitalize what happens after you send the initial pulse.\n\nEdit : that recommendation would hold true to a \"research\" setup, but not a \"production\" device. Depends what you aim on doing : a proof of concept or an industrial design. Though all research usually starts with a research platform "
                            },
                            {
                                "type": "emoji",
                                "name": "wink"
                            }
                        ]
                    }
                ]
            }
        ],
        "thread_ts": "1605596465.009500",
        "parent_user_id": "U01EPK2U14N"
    },
    {
        "client_msg_id": "9cb72a25-50cd-4b19-82a2-c8ae8cd16e31",
        "type": "message",
        "text": "Ok I will go through the un0rick design steps and details again. btw do you have any suggetion for the piezos that i can use?",
        "user": "U01EPK2U14N",
        "ts": "1605606482.013800",
        "team": "T5M5PLH8U",
        "user_team": "T5M5PLH8U",
        "source_team": "T5M5PLH8U",
        "user_profile": {
            "avatar_hash": "8cc847aaacd9",
            "image_72": "https:\/\/avatars.slack-edge.com\/2020-11-16\/1491639406711_8cc847aaacd980692ed0_72.jpg",
            "first_name": "",
            "real_name": "samith ashan",
            "display_name": "samith ashan",
            "team": "T5M5PLH8U",
            "name": "samith492",
            "is_restricted": false,
            "is_ultra_restricted": false
        },
        "blocks": [
            {
                "type": "rich_text",
                "block_id": "ZF=",
                "elements": [
                    {
                        "type": "rich_text_section",
                        "elements": [
                            {
                                "type": "text",
                                "text": "Ok I will go through the un0rick design steps and details again. btw do you have any suggetion for the piezos that i can use?"
                            }
                        ]
                    }
                ]
            }
        ],
        "thread_ts": "1605596465.009500",
        "parent_user_id": "U01EPK2U14N"
    },
    {
        "client_msg_id": "59bf5a29-bf0c-4aee-91ed-060ca354d0c4",
        "type": "message",
        "text": "High voltage can come in expensive, also for high gain amplification, and pulsers. But if you're only after TOF, definitely I'd go to the NDT equipment. Provided you have NDT probes with a frequency matching the embedded piezo.",
        "user": "U5M5PLH9S",
        "ts": "1605606491.014000",
        "team": "T5M5PLH8U",
        "user_team": "T5M5PLH8U",
        "source_team": "T5M5PLH8U",
        "user_profile": {
            "avatar_hash": "e4fb6ae9f526",
            "image_72": "https:\/\/avatars.slack-edge.com\/2017-06-01\/191144530514_e4fb6ae9f526531fd41c_72.jpg",
            "first_name": "",
            "real_name": "kelu",
            "display_name": "",
            "team": "T5M5PLH8U",
            "name": "kelu",
            "is_restricted": false,
            "is_ultra_restricted": false
        },
        "blocks": [
            {
                "type": "rich_text",
                "block_id": "bzZJ",
                "elements": [
                    {
                        "type": "rich_text_section",
                        "elements": [
                            {
                                "type": "text",
                                "text": "High voltage can come in expensive, also for high gain amplification, and pulsers. But if you're only after TOF, definitely I'd go to the NDT equipment. Provided you have NDT probes with a frequency matching the embedded piezo."
                            }
                        ]
                    }
                ]
            }
        ],
        "thread_ts": "1605596465.009500",
        "parent_user_id": "U01EPK2U14N"
    },
    {
        "client_msg_id": "556180e9-c0d9-452a-89ce-52b192cc8aad",
        "type": "message",
        "text": "For piezos: really depends on the embedded one you try to activate.",
        "user": "U5M5PLH9S",
        "ts": "1605606503.014200",
        "team": "T5M5PLH8U",
        "user_team": "T5M5PLH8U",
        "source_team": "T5M5PLH8U",
        "user_profile": {
            "avatar_hash": "e4fb6ae9f526",
            "image_72": "https:\/\/avatars.slack-edge.com\/2017-06-01\/191144530514_e4fb6ae9f526531fd41c_72.jpg",
            "first_name": "",
            "real_name": "kelu",
            "display_name": "",
            "team": "T5M5PLH8U",
            "name": "kelu",
            "is_restricted": false,
            "is_ultra_restricted": false
        },
        "blocks": [
            {
                "type": "rich_text",
                "block_id": "w0Eis",
                "elements": [
                    {
                        "type": "rich_text_section",
                        "elements": [
                            {
                                "type": "text",
                                "text": "For piezos: really depends on the embedded one you try to activate."
                            }
                        ]
                    }
                ]
            }
        ],
        "thread_ts": "1605596465.009500",
        "parent_user_id": "U01EPK2U14N"
    },
    {
        "client_msg_id": "306e8f4b-d89e-4e8b-acb0-66400f71b3da",
        "type": "message",
        "text": "yeah i am trying to do some research to develop a proof of concept.",
        "user": "U01EPK2U14N",
        "ts": "1605606507.014400",
        "team": "T5M5PLH8U",
        "user_team": "T5M5PLH8U",
        "source_team": "T5M5PLH8U",
        "user_profile": {
            "avatar_hash": "8cc847aaacd9",
            "image_72": "https:\/\/avatars.slack-edge.com\/2020-11-16\/1491639406711_8cc847aaacd980692ed0_72.jpg",
            "first_name": "",
            "real_name": "samith ashan",
            "display_name": "samith ashan",
            "team": "T5M5PLH8U",
            "name": "samith492",
            "is_restricted": false,
            "is_ultra_restricted": false
        },
        "blocks": [
            {
                "type": "rich_text",
                "block_id": "1InD",
                "elements": [
                    {
                        "type": "rich_text_section",
                        "elements": [
                            {
                                "type": "text",
                                "text": "yeah i am trying to do some research to develop a proof of concept."
                            }
                        ]
                    }
                ]
            }
        ],
        "thread_ts": "1605596465.009500",
        "parent_user_id": "U01EPK2U14N",
        "reactions": [
            {
                "name": "+1",
                "users": [
                    "U5M5PLH9S"
                ],
                "count": 1
            }
        ]
    },
    {
        "client_msg_id": "d136c935-2e35-4272-9223-6eb4ffef98bf",
        "type": "message",
        "text": "do you have the datasheet of the embedded one?",
        "user": "U5M5PLH9S",
        "ts": "1605606537.014700",
        "team": "T5M5PLH8U",
        "user_team": "T5M5PLH8U",
        "source_team": "T5M5PLH8U",
        "user_profile": {
            "avatar_hash": "e4fb6ae9f526",
            "image_72": "https:\/\/avatars.slack-edge.com\/2017-06-01\/191144530514_e4fb6ae9f526531fd41c_72.jpg",
            "first_name": "",
            "real_name": "kelu",
            "display_name": "",
            "team": "T5M5PLH8U",
            "name": "kelu",
            "is_restricted": false,
            "is_ultra_restricted": false
        },
        "blocks": [
            {
                "type": "rich_text",
                "block_id": "pZp",
                "elements": [
                    {
                        "type": "rich_text_section",
                        "elements": [
                            {
                                "type": "text",
                                "text": "do you have the datasheet of the embedded one?"
                            }
                        ]
                    }
                ]
            }
        ],
        "thread_ts": "1605596465.009500",
        "parent_user_id": "U01EPK2U14N"
    },
    {
        "client_msg_id": "3b70ef12-4b09-4d87-a006-f0bc0d875ac5",
        "type": "message",
        "text": "I used piezos from this manufacture <https:\/\/www.steminc.com\/>",
        "user": "U01EPK2U14N",
        "ts": "1605606679.014900",
        "team": "T5M5PLH8U",
        "user_team": "T5M5PLH8U",
        "source_team": "T5M5PLH8U",
        "user_profile": {
            "avatar_hash": "8cc847aaacd9",
            "image_72": "https:\/\/avatars.slack-edge.com\/2020-11-16\/1491639406711_8cc847aaacd980692ed0_72.jpg",
            "first_name": "",
            "real_name": "samith ashan",
            "display_name": "samith ashan",
            "team": "T5M5PLH8U",
            "name": "samith492",
            "is_restricted": false,
            "is_ultra_restricted": false
        },
        "attachments": [
            {
                "title": "Piezoelectric Ceramic Manufacturer - Steminc Piezo Ceramics.",
                "title_link": "https:\/\/www.steminc.com\/",
                "text": "Piezoelectric Ceramic Manufacturer - Steminc Piezo Ceramics.",
                "fallback": "Piezoelectric Ceramic Manufacturer - Steminc Piezo Ceramics.",
                "from_url": "https:\/\/www.steminc.com\/",
                "service_icon": "https:\/\/www.steminc.com\/pzt\/favicon.ico",
                "service_name": "steminc.com",
                "id": 1,
                "original_url": "https:\/\/www.steminc.com\/"
            }
        ],
        "blocks": [
            {
                "type": "rich_text",
                "block_id": "MF0X",
                "elements": [
                    {
                        "type": "rich_text_section",
                        "elements": [
                            {
                                "type": "text",
                                "text": "I used piezos from this manufacture "
                            },
                            {
                                "type": "link",
                                "url": "https:\/\/www.steminc.com\/"
                            }
                        ]
                    }
                ]
            }
        ],
        "thread_ts": "1605596465.009500",
        "parent_user_id": "U01EPK2U14N"
    },
    {
        "client_msg_id": "2176996b-9925-46b9-8d95-f824cc344fdf",
        "type": "message",
        "text": "In order to transmit and receive pulses inside the body are there any minimum requirements?",
        "user": "U01EPK2U14N",
        "ts": "1605606808.015200",
        "team": "T5M5PLH8U",
        "user_team": "T5M5PLH8U",
        "source_team": "T5M5PLH8U",
        "user_profile": {
            "avatar_hash": "8cc847aaacd9",
            "image_72": "https:\/\/avatars.slack-edge.com\/2020-11-16\/1491639406711_8cc847aaacd980692ed0_72.jpg",
            "first_name": "",
            "real_name": "samith ashan",
            "display_name": "samith ashan",
            "team": "T5M5PLH8U",
            "name": "samith492",
            "is_restricted": false,
            "is_ultra_restricted": false
        },
        "blocks": [
            {
                "type": "rich_text",
                "block_id": "5b2",
                "elements": [
                    {
                        "type": "rich_text_section",
                        "elements": [
                            {
                                "type": "text",
                                "text": "In order to transmit and receive pulses inside the body are there any minimum requirements?"
                            }
                        ]
                    }
                ]
            }
        ],
        "thread_ts": "1605596465.009500",
        "parent_user_id": "U01EPK2U14N"
    },
    {
        "client_msg_id": "2c4f4eee-d118-47ab-b9e5-f17e8e176f35",
        "type": "message",
        "text": "<https:\/\/www.steminc.com\/PZT\/en\/mini-pzt-ceramic-disc-3x2mm-525-khz>",
        "user": "U01EPK2U14N",
        "ts": "1605606840.015400",
        "team": "T5M5PLH8U",
        "user_team": "T5M5PLH8U",
        "source_team": "T5M5PLH8U",
        "user_profile": {
            "avatar_hash": "8cc847aaacd9",
            "image_72": "https:\/\/avatars.slack-edge.com\/2020-11-16\/1491639406711_8cc847aaacd980692ed0_72.jpg",
            "first_name": "",
            "real_name": "samith ashan",
            "display_name": "samith ashan",
            "team": "T5M5PLH8U",
            "name": "samith492",
            "is_restricted": false,
            "is_ultra_restricted": false
        },
        "attachments": [
            {
                "service_name": "STEMINC",
                "title": "Piezoelectric Ceramic Manufacturer - Steminc Piezo Ceramics.",
                "title_link": "https:\/\/www.steminc.com\/PZT\/en\/mini-pzt-ceramic-disc-3x2mm-525-khz",
                "text": "Piezoelectric Ceramic Manufacturer - Steminc Piezo Ceramics.",
                "fallback": "STEMINC: Piezoelectric Ceramic Manufacturer - Steminc Piezo Ceramics.",
                "image_url": "https:\/\/www.steminc.com\/pzt\/content\/images\/thumbs\/0001842_mini-pzt-ceramic-disc-3x2mm-525-khz_550.jpeg",
                "from_url": "https:\/\/www.steminc.com\/PZT\/en\/mini-pzt-ceramic-disc-3x2mm-525-khz",
                "image_width": 312,
                "image_height": 250,
                "image_bytes": 9247,
                "service_icon": "https:\/\/www.steminc.com\/pzt\/favicon.ico",
                "id": 1,
                "original_url": "https:\/\/www.steminc.com\/PZT\/en\/mini-pzt-ceramic-disc-3x2mm-525-khz"
            }
        ],
        "blocks": [
            {
                "type": "rich_text",
                "block_id": "u8j",
                "elements": [
                    {
                        "type": "rich_text_section",
                        "elements": [
                            {
                                "type": "link",
                                "url": "https:\/\/www.steminc.com\/PZT\/en\/mini-pzt-ceramic-disc-3x2mm-525-khz"
                            }
                        ]
                    }
                ]
            }
        ],
        "thread_ts": "1605596465.009500",
        "parent_user_id": "U01EPK2U14N"
    },
    {
        "client_msg_id": "b4ff014a-b4a1-41d1-aa56-24f1c0d48595",
        "type": "message",
        "text": "I used piezos like above.",
        "user": "U01EPK2U14N",
        "ts": "1605606864.015700",
        "team": "T5M5PLH8U",
        "user_team": "T5M5PLH8U",
        "source_team": "T5M5PLH8U",
        "user_profile": {
            "avatar_hash": "8cc847aaacd9",
            "image_72": "https:\/\/avatars.slack-edge.com\/2020-11-16\/1491639406711_8cc847aaacd980692ed0_72.jpg",
            "first_name": "",
            "real_name": "samith ashan",
            "display_name": "samith ashan",
            "team": "T5M5PLH8U",
            "name": "samith492",
            "is_restricted": false,
            "is_ultra_restricted": false
        },
        "blocks": [
            {
                "type": "rich_text",
                "block_id": "lhnmr",
                "elements": [
                    {
                        "type": "rich_text_section",
                        "elements": [
                            {
                                "type": "text",
                                "text": "I used piezos like above."
                            }
                        ]
                    }
                ]
            }
        ],
        "thread_ts": "1605596465.009500",
        "parent_user_id": "U01EPK2U14N"
    },
    {
        "type": "message",
        "text": "",
        "files": [
            {
                "id": "F01EQ16H3T8",
                "created": 1605607025,
                "timestamp": 1605607025,
                "name": "image004.jpg",
                "title": "image004.jpg",
                "mimetype": "image\/jpeg",
                "filetype": "jpg",
                "pretty_type": "JPEG",
                "user": "U01EPK2U14N",
                "editable": false,
                "size": 44297,
                "mode": "hosted",
                "is_external": false,
                "external_type": "",
                "is_public": true,
                "public_url_shared": false,
                "display_as_bot": false,
                "username": "",
                "url_private": "https:\/\/files.slack.com\/files-pri\/T5M5PLH8U-F01EQ16H3T8\/image004.jpg?t=xoxe-191193697300-1655641665238-1662624174259-9d4966033b52bec8bbd54ad611c52557",
                "url_private_download": "https:\/\/files.slack.com\/files-pri\/T5M5PLH8U-F01EQ16H3T8\/download\/image004.jpg?t=xoxe-191193697300-1655641665238-1662624174259-9d4966033b52bec8bbd54ad611c52557",
                "thumb_64": "https:\/\/files.slack.com\/files-tmb\/T5M5PLH8U-F01EQ16H3T8-6a0218fefc\/image004_64.jpg?t=xoxe-191193697300-1655641665238-1662624174259-9d4966033b52bec8bbd54ad611c52557",
                "thumb_80": "https:\/\/files.slack.com\/files-tmb\/T5M5PLH8U-F01EQ16H3T8-6a0218fefc\/image004_80.jpg?t=xoxe-191193697300-1655641665238-1662624174259-9d4966033b52bec8bbd54ad611c52557",
                "thumb_360": "https:\/\/files.slack.com\/files-tmb\/T5M5PLH8U-F01EQ16H3T8-6a0218fefc\/image004_360.jpg?t=xoxe-191193697300-1655641665238-1662624174259-9d4966033b52bec8bbd54ad611c52557",
                "thumb_360_w": 360,
                "thumb_360_h": 309,
                "thumb_480": "https:\/\/files.slack.com\/files-tmb\/T5M5PLH8U-F01EQ16H3T8-6a0218fefc\/image004_480.jpg?t=xoxe-191193697300-1655641665238-1662624174259-9d4966033b52bec8bbd54ad611c52557",
                "thumb_480_w": 480,
                "thumb_480_h": 413,
                "thumb_160": "https:\/\/files.slack.com\/files-tmb\/T5M5PLH8U-F01EQ16H3T8-6a0218fefc\/image004_160.jpg?t=xoxe-191193697300-1655641665238-1662624174259-9d4966033b52bec8bbd54ad611c52557",
                "thumb_720": "https:\/\/files.slack.com\/files-tmb\/T5M5PLH8U-F01EQ16H3T8-6a0218fefc\/image004_720.jpg?t=xoxe-191193697300-1655641665238-1662624174259-9d4966033b52bec8bbd54ad611c52557",
                "thumb_720_w": 720,
                "thumb_720_h": 619,
                "original_w": 733,
                "original_h": 630,
                "thumb_tiny": "AwApADCTAx2owPamEZA5xR3wD+lADz0PSlwPQUwDGcelObHsKAFwPQU1lG04ApcnHUUjD5T9KBDf4RSKRmnDoKaTzmgYoPymhiCxBz7EU1TkGhuGpDHhcj7zD8aUjCnk9KiVjjGad82Dk0CDcuetMYg96YaaaVyrEm7jFKW3Lk9ahoFFx2JKXJx1qOii4WP\/2Q==",
                "permalink": "https:\/\/usdevkit.slack.com\/files\/U01EPK2U14N\/F01EQ16H3T8\/image004.jpg",
                "permalink_public": "https:\/\/slack-files.com\/T5M5PLH8U-F01EQ16H3T8-1e22338f58",
                "is_starred": false,
                "has_rich_preview": false
            }
        ],
        "upload": false,
        "user": "U01EPK2U14N",
        "display_as_bot": false,
        "ts": "1605607032.015900",
        "thread_ts": "1605596465.009500",
        "parent_user_id": "U01EPK2U14N"
    },
    {
        "client_msg_id": "3ee3be58-87ac-445c-80ae-96a4be5e8f5a",
        "type": "message",
        "text": "Hum do these piezos have datasheets? For example, do you know their impedance\/frequencies\/response ?",
        "user": "U5M5PLH9S",
        "ts": "1605607032.016300",
        "team": "T5M5PLH8U",
        "user_team": "T5M5PLH8U",
        "source_team": "T5M5PLH8U",
        "user_profile": {
            "avatar_hash": "e4fb6ae9f526",
            "image_72": "https:\/\/avatars.slack-edge.com\/2017-06-01\/191144530514_e4fb6ae9f526531fd41c_72.jpg",
            "first_name": "",
            "real_name": "kelu",
            "display_name": "",
            "team": "T5M5PLH8U",
            "name": "kelu",
            "is_restricted": false,
            "is_ultra_restricted": false
        },
        "blocks": [
            {
                "type": "rich_text",
                "block_id": "W+vA",
                "elements": [
                    {
                        "type": "rich_text_section",
                        "elements": [
                            {
                                "type": "text",
                                "text": "Hum do these piezos have datasheets? For example, do you know their impedance\/frequencies\/response ?"
                            }
                        ]
                    }
                ]
            }
        ],
        "thread_ts": "1605596465.009500",
        "parent_user_id": "U01EPK2U14N"
    },
    {
        "client_msg_id": "b7a429fb-9e7c-4c77-816a-dfbdd545f475",
        "type": "message",
        "text": "Beware if you solder them, you need to be at low temp or you destroy the piezos :wink:",
        "user": "U5M5PLH9S",
        "ts": "1605607065.016500",
        "team": "T5M5PLH8U",
        "user_team": "T5M5PLH8U",
        "source_team": "T5M5PLH8U",
        "user_profile": {
            "avatar_hash": "e4fb6ae9f526",
            "image_72": "https:\/\/avatars.slack-edge.com\/2017-06-01\/191144530514_e4fb6ae9f526531fd41c_72.jpg",
            "first_name": "",
            "real_name": "kelu",
            "display_name": "",
            "team": "T5M5PLH8U",
            "name": "kelu",
            "is_restricted": false,
            "is_ultra_restricted": false
        },
        "blocks": [
            {
                "type": "rich_text",
                "block_id": "p7\/",
                "elements": [
                    {
                        "type": "rich_text_section",
                        "elements": [
                            {
                                "type": "text",
                                "text": "Beware if you solder them, you need to be at low temp or you destroy the piezos "
                            },
                            {
                                "type": "emoji",
                                "name": "wink"
                            }
                        ]
                    }
                ]
            }
        ],
        "thread_ts": "1605596465.009500",
        "parent_user_id": "U01EPK2U14N"
    },
    {
        "client_msg_id": "c3762f32-9a78-4ed6-aca2-c7dcfdea25f3",
        "type": "message",
        "text": "These are some of other piezos i have.",
        "user": "U01EPK2U14N",
        "ts": "1605607081.016700",
        "team": "T5M5PLH8U",
        "user_team": "T5M5PLH8U",
        "source_team": "T5M5PLH8U",
        "user_profile": {
            "avatar_hash": "8cc847aaacd9",
            "image_72": "https:\/\/avatars.slack-edge.com\/2020-11-16\/1491639406711_8cc847aaacd980692ed0_72.jpg",
            "first_name": "",
            "real_name": "samith ashan",
            "display_name": "samith ashan",
            "team": "T5M5PLH8U",
            "name": "samith492",
            "is_restricted": false,
            "is_ultra_restricted": false
        },
        "blocks": [
            {
                "type": "rich_text",
                "block_id": "wQb1",
                "elements": [
                    {
                        "type": "rich_text_section",
                        "elements": [
                            {
                                "type": "text",
                                "text": "These are some of other piezos i have."
                            }
                        ]
                    }
                ]
            }
        ],
        "thread_ts": "1605596465.009500",
        "parent_user_id": "U01EPK2U14N"
    },
    {
        "client_msg_id": "612f8f49-2f76-4f63-9ac5-12d7bd7a5978",
        "type": "message",
        "text": "yeah I went through few cycles until they work. lol",
        "user": "U01EPK2U14N",
        "ts": "1605607102.016900",
        "team": "T5M5PLH8U",
        "user_team": "T5M5PLH8U",
        "source_team": "T5M5PLH8U",
        "user_profile": {
            "avatar_hash": "8cc847aaacd9",
            "image_72": "https:\/\/avatars.slack-edge.com\/2020-11-16\/1491639406711_8cc847aaacd980692ed0_72.jpg",
            "first_name": "",
            "real_name": "samith ashan",
            "display_name": "samith ashan",
            "team": "T5M5PLH8U",
            "name": "samith492",
            "is_restricted": false,
            "is_ultra_restricted": false
        },
        "blocks": [
            {
                "type": "rich_text",
                "block_id": "9QoI3",
                "elements": [
                    {
                        "type": "rich_text_section",
                        "elements": [
                            {
                                "type": "text",
                                "text": "yeah I went through few cycles until they work. lol"
                            }
                        ]
                    }
                ]
            }
        ],
        "thread_ts": "1605596465.009500",
        "parent_user_id": "U01EPK2U14N",
        "reactions": [
            {
                "name": "stuck_out_tongue",
                "users": [
                    "U5M5PLH9S"
                ],
                "count": 1
            }
        ]
    },
    {
        "type": "message",
        "text": "These are the data sheets I got from them. Mostly I followed the TDC1000 EVM and their recommendations.",
        "files": [
            {
                "id": "F01EWNW0K2N",
                "created": 1605607171,
                "timestamp": 1605607171,
                "name": "JKE Piezo datasheet.pdf",
                "title": "JKE Piezo datasheet.pdf",
                "mimetype": "application\/pdf",
                "filetype": "pdf",
                "pretty_type": "PDF",
                "user": "U01EPK2U14N",
                "editable": false,
                "size": 395659,
                "mode": "hosted",
                "is_external": false,
                "external_type": "",
                "is_public": true,
                "public_url_shared": false,
                "display_as_bot": false,
                "username": "",
                "url_private": "https:\/\/files.slack.com\/files-pri\/T5M5PLH8U-F01EWNW0K2N\/jke_piezo_datasheet.pdf?t=xoxe-191193697300-1655641665238-1662624174259-9d4966033b52bec8bbd54ad611c52557",
                "url_private_download": "https:\/\/files.slack.com\/files-pri\/T5M5PLH8U-F01EWNW0K2N\/download\/jke_piezo_datasheet.pdf?t=xoxe-191193697300-1655641665238-1662624174259-9d4966033b52bec8bbd54ad611c52557",
                "thumb_pdf": "https:\/\/files.slack.com\/files-tmb\/T5M5PLH8U-F01EWNW0K2N-731598862b\/jke_piezo_datasheet_thumb_pdf.png?t=xoxe-191193697300-1655641665238-1662624174259-9d4966033b52bec8bbd54ad611c52557",
                "thumb_pdf_w": 909,
                "thumb_pdf_h": 1286,
                "permalink": "https:\/\/usdevkit.slack.com\/files\/U01EPK2U14N\/F01EWNW0K2N\/jke_piezo_datasheet.pdf",
                "permalink_public": "https:\/\/slack-files.com\/T5M5PLH8U-F01EWNW0K2N-72048df5ae",
                "is_starred": false,
                "has_rich_preview": false
            },
            {
                "id": "F01ETLA9N77",
                "created": 1605607181,
                "timestamp": 1605607181,
                "name": "PIC-255.pdf",
                "title": "PIC-255.pdf",
                "mimetype": "application\/pdf",
                "filetype": "pdf",
                "pretty_type": "PDF",
                "user": "U01EPK2U14N",
                "editable": false,
                "size": 45499,
                "mode": "hosted",
                "is_external": false,
                "external_type": "",
                "is_public": true,
                "public_url_shared": false,
                "display_as_bot": false,
                "username": "",
                "url_private": "https:\/\/files.slack.com\/files-pri\/T5M5PLH8U-F01ETLA9N77\/pic-255.pdf?t=xoxe-191193697300-1655641665238-1662624174259-9d4966033b52bec8bbd54ad611c52557",
                "url_private_download": "https:\/\/files.slack.com\/files-pri\/T5M5PLH8U-F01ETLA9N77\/download\/pic-255.pdf?t=xoxe-191193697300-1655641665238-1662624174259-9d4966033b52bec8bbd54ad611c52557",
                "thumb_pdf": "https:\/\/files.slack.com\/files-tmb\/T5M5PLH8U-F01ETLA9N77-83c454beaf\/pic-255_thumb_pdf.png?t=xoxe-191193697300-1655641665238-1662624174259-9d4966033b52bec8bbd54ad611c52557",
                "thumb_pdf_w": 1210,
                "thumb_pdf_h": 935,
                "permalink": "https:\/\/usdevkit.slack.com\/files\/U01EPK2U14N\/F01ETLA9N77\/pic-255.pdf",
                "permalink_public": "https:\/\/slack-files.com\/T5M5PLH8U-F01ETLA9N77-bc8ed935a9",
                "is_starred": false,
                "has_rich_preview": false
            },
            {
                "id": "F01EWUZ57T5",
                "created": 1605607185,
                "timestamp": 1605607185,
                "name": "PLiS-51 PSnN-5 YHPiezo.pdf",
                "title": "PLiS-51 PSnN-5 YHPiezo.pdf",
                "mimetype": "application\/pdf",
                "filetype": "pdf",
                "pretty_type": "PDF",
                "user": "U01EPK2U14N",
                "editable": false,
                "size": 42667,
                "mode": "hosted",
                "is_external": false,
                "external_type": "",
                "is_public": true,
                "public_url_shared": false,
                "display_as_bot": false,
                "username": "",
                "url_private": "https:\/\/files.slack.com\/files-pri\/T5M5PLH8U-F01EWUZ57T5\/plis-51_psnn-5_yhpiezo.pdf?t=xoxe-191193697300-1655641665238-1662624174259-9d4966033b52bec8bbd54ad611c52557",
                "url_private_download": "https:\/\/files.slack.com\/files-pri\/T5M5PLH8U-F01EWUZ57T5\/download\/plis-51_psnn-5_yhpiezo.pdf?t=xoxe-191193697300-1655641665238-1662624174259-9d4966033b52bec8bbd54ad611c52557",
                "thumb_pdf": "https:\/\/files.slack.com\/files-tmb\/T5M5PLH8U-F01EWUZ57T5-dc94443b14\/plis-51_psnn-5_yhpiezo_thumb_pdf.png?t=xoxe-191193697300-1655641665238-1662624174259-9d4966033b52bec8bbd54ad611c52557",
                "thumb_pdf_w": 1286,
                "thumb_pdf_h": 909,
                "permalink": "https:\/\/usdevkit.slack.com\/files\/U01EPK2U14N\/F01EWUZ57T5\/plis-51_psnn-5_yhpiezo.pdf",
                "permalink_public": "https:\/\/slack-files.com\/T5M5PLH8U-F01EWUZ57T5-7c306dcc98",
                "is_starred": false,
                "has_rich_preview": false
            }
        ],
        "upload": false,
        "blocks": [
            {
                "type": "rich_text",
                "block_id": "q5F",
                "elements": [
                    {
                        "type": "rich_text_section",
                        "elements": [
                            {
                                "type": "text",
                                "text": "These are the data sheets I got from them. Mostly I followed the TDC1000 EVM and their recommendations."
                            }
                        ]
                    }
                ]
            }
        ],
        "user": "U01EPK2U14N",
        "ts": "1605607263.017200",
        "thread_ts": "1605596465.009500",
        "parent_user_id": "U01EPK2U14N"
    },
    {
        "client_msg_id": "a8f5664c-854d-41e8-8d7c-54c6b5f20142",
        "type": "message",
        "text": "If I use the un0rick what are the parameters should be in the piezos in order to work properly?",
        "user": "U01EPK2U14N",
        "ts": "1605607312.018000",
        "team": "T5M5PLH8U",
        "user_team": "T5M5PLH8U",
        "source_team": "T5M5PLH8U",
        "user_profile": {
            "avatar_hash": "8cc847aaacd9",
            "image_72": "https:\/\/avatars.slack-edge.com\/2020-11-16\/1491639406711_8cc847aaacd980692ed0_72.jpg",
            "first_name": "",
            "real_name": "samith ashan",
            "display_name": "samith ashan",
            "team": "T5M5PLH8U",
            "name": "samith492",
            "is_restricted": false,
            "is_ultra_restricted": false
        },
        "blocks": [
            {
                "type": "rich_text",
                "block_id": "x5S1N",
                "elements": [
                    {
                        "type": "rich_text_section",
                        "elements": [
                            {
                                "type": "text",
                                "text": "If I use the un0rick what are the parameters should be in the piezos in order to work properly?"
                            }
                        ]
                    }
                ]
            }
        ],
        "thread_ts": "1605596465.009500",
        "parent_user_id": "U01EPK2U14N"
    },
    {
        "client_msg_id": "7cada200-034d-4a61-880d-9f63575610de",
        "type": "message",
        "text": "freq above 500Khz, maybe do some impedance matching to get 50 Ohm at resonance frequency",
        "user": "U5M5PLH9S",
        "ts": "1605607470.018200",
        "team": "T5M5PLH8U",
        "user_team": "T5M5PLH8U",
        "source_team": "T5M5PLH8U",
        "user_profile": {
            "avatar_hash": "e4fb6ae9f526",
            "image_72": "https:\/\/avatars.slack-edge.com\/2017-06-01\/191144530514_e4fb6ae9f526531fd41c_72.jpg",
            "first_name": "",
            "real_name": "kelu",
            "display_name": "",
            "team": "T5M5PLH8U",
            "name": "kelu",
            "is_restricted": false,
            "is_ultra_restricted": false
        },
        "blocks": [
            {
                "type": "rich_text",
                "block_id": "Ugm",
                "elements": [
                    {
                        "type": "rich_text_section",
                        "elements": [
                            {
                                "type": "text",
                                "text": "freq above 500Khz, maybe do some impedance matching to get 50 Ohm at resonance frequency"
                            }
                        ]
                    }
                ]
            }
        ],
        "thread_ts": "1605596465.009500",
        "parent_user_id": "U01EPK2U14N"
    },
    {
        "client_msg_id": "d5f9bc2c-9c28-44a1-862a-686ed4e1cadd",
        "type": "message",
        "text": "This setup is quite different from what I usually see, in which case I'd be using NDT piezos at 500\/600KHz",
        "user": "U5M5PLH9S",
        "ts": "1605607506.018400",
        "team": "T5M5PLH8U",
        "user_team": "T5M5PLH8U",
        "source_team": "T5M5PLH8U",
        "user_profile": {
            "avatar_hash": "e4fb6ae9f526",
            "image_72": "https:\/\/avatars.slack-edge.com\/2017-06-01\/191144530514_e4fb6ae9f526531fd41c_72.jpg",
            "first_name": "",
            "real_name": "kelu",
            "display_name": "",
            "team": "T5M5PLH8U",
            "name": "kelu",
            "is_restricted": false,
            "is_ultra_restricted": false
        },
        "blocks": [
            {
                "type": "rich_text",
                "block_id": "YNr3",
                "elements": [
                    {
                        "type": "rich_text_section",
                        "elements": [
                            {
                                "type": "text",
                                "text": "This setup is quite different from what I usually see, in which case I'd be using NDT piezos at 500\/600KHz"
                            }
                        ]
                    }
                ]
            }
        ],
        "thread_ts": "1605596465.009500",
        "parent_user_id": "U01EPK2U14N"
    },
    {
        "client_msg_id": "bed79794-d749-44b3-acef-c0d0619be22d",
        "type": "message",
        "text": "seems like I would try on :\n<https:\/\/www.alibaba.com\/product-detail\/200khz-500khz-ultrasound-gas-flow-sensor_62011827095.htm> or <https:\/\/www.alibaba.com\/product-detail\/JIAKANG-Piezo-Ceramic-500Khz-Ultrasonic-Transducer_60817269804.html>",
        "user": "U5M5PLH9S",
        "ts": "1605607775.018600",
        "team": "T5M5PLH8U",
        "user_team": "T5M5PLH8U",
        "source_team": "T5M5PLH8U",
        "user_profile": {
            "avatar_hash": "e4fb6ae9f526",
            "image_72": "https:\/\/avatars.slack-edge.com\/2017-06-01\/191144530514_e4fb6ae9f526531fd41c_72.jpg",
            "first_name": "",
            "real_name": "kelu",
            "display_name": "",
            "team": "T5M5PLH8U",
            "name": "kelu",
            "is_restricted": false,
            "is_ultra_restricted": false
        },
        "edited": {
            "user": "U5M5PLH9S",
            "ts": "1605607783.000000"
        },
        "blocks": [
            {
                "type": "rich_text",
                "block_id": "QGx",
                "elements": [
                    {
                        "type": "rich_text_section",
                        "elements": [
                            {
                                "type": "text",
                                "text": "seems like I would try on :\n"
                            },
                            {
                                "type": "link",
                                "url": "https:\/\/www.alibaba.com\/product-detail\/200khz-500khz-ultrasound-gas-flow-sensor_62011827095.htm"
                            },
                            {
                                "type": "text",
                                "text": " or "
                            },
                            {
                                "type": "link",
                                "url": "https:\/\/www.alibaba.com\/product-detail\/JIAKANG-Piezo-Ceramic-500Khz-Ultrasonic-Transducer_60817269804.html"
                            }
                        ]
                    }
                ]
            }
        ],
        "thread_ts": "1605596465.009500",
        "parent_user_id": "U01EPK2U14N",
        "reactions": [
            {
                "name": "eyes",
                "users": [
                    "U01EPK2U14N"
                ],
                "count": 1
            }
        ]
    },
    {
        "client_msg_id": "afebdfc6-596f-4dd9-9f84-2d70c75e4aa7",
        "type": "message",
        "text": "But I'm quite unclear about your expectations in terms of receiving path. That's why I believe, before putting a TOF chip, it may be worth for you to have a look at what the signal on the receiving path is like.",
        "user": "U5M5PLH9S",
        "ts": "1605607818.019000",
        "team": "T5M5PLH8U",
        "user_team": "T5M5PLH8U",
        "source_team": "T5M5PLH8U",
        "user_profile": {
            "avatar_hash": "e4fb6ae9f526",
            "image_72": "https:\/\/avatars.slack-edge.com\/2017-06-01\/191144530514_e4fb6ae9f526531fd41c_72.jpg",
            "first_name": "",
            "real_name": "kelu",
            "display_name": "",
            "team": "T5M5PLH8U",
            "name": "kelu",
            "is_restricted": false,
            "is_ultra_restricted": false
        },
        "blocks": [
            {
                "type": "rich_text",
                "block_id": "5jo",
                "elements": [
                    {
                        "type": "rich_text_section",
                        "elements": [
                            {
                                "type": "text",
                                "text": "But I'm quite unclear about your expectations in terms of receiving path. That's why I believe, before putting a TOF chip, it may be worth for you to have a look at what the signal on the receiving path is like."
                            }
                        ]
                    }
                ]
            }
        ],
        "thread_ts": "1605596465.009500",
        "parent_user_id": "U01EPK2U14N"
    },
    {
        "client_msg_id": "6522106c-5728-49c1-80fc-593d19ddb558",
        "type": "message",
        "text": "Since I am new for this area my knowledge regarding piezos is very low. When consider about the recieving signal is there any way to calculate it?",
        "user": "U01EPK2U14N",
        "ts": "1605629353.019200",
        "team": "T5M5PLH8U",
        "user_team": "T5M5PLH8U",
        "source_team": "T5M5PLH8U",
        "user_profile": {
            "avatar_hash": "8cc847aaacd9",
            "image_72": "https:\/\/avatars.slack-edge.com\/2020-11-16\/1491639406711_8cc847aaacd980692ed0_72.jpg",
            "first_name": "",
            "real_name": "samith ashan",
            "display_name": "samith ashan",
            "team": "T5M5PLH8U",
            "name": "samith492",
            "is_restricted": false,
            "is_ultra_restricted": false
        },
        "blocks": [
            {
                "type": "rich_text",
                "block_id": "CsQ0",
                "elements": [
                    {
                        "type": "rich_text_section",
                        "elements": [
                            {
                                "type": "text",
                                "text": "Since I am new for this area my knowledge regarding piezos is very low. When consider about the recieving signal is there any way to calculate it?"
                            }
                        ]
                    }
                ]
            }
        ],
        "thread_ts": "1605596465.009500",
        "parent_user_id": "U01EPK2U14N"
    },
    {
        "client_msg_id": "e220d396-3604-4c08-b51c-22df975e337d",
        "type": "message",
        "text": "Btw Thank you very much for the support :smiley:",
        "user": "U01EPK2U14N",
        "ts": "1605629386.019400",
        "team": "T5M5PLH8U",
        "user_team": "T5M5PLH8U",
        "source_team": "T5M5PLH8U",
        "user_profile": {
            "avatar_hash": "8cc847aaacd9",
            "image_72": "https:\/\/avatars.slack-edge.com\/2020-11-16\/1491639406711_8cc847aaacd980692ed0_72.jpg",
            "first_name": "",
            "real_name": "samith ashan",
            "display_name": "samith ashan",
            "team": "T5M5PLH8U",
            "name": "samith492",
            "is_restricted": false,
            "is_ultra_restricted": false
        },
        "blocks": [
            {
                "type": "rich_text",
                "block_id": "7nuN",
                "elements": [
                    {
                        "type": "rich_text_section",
                        "elements": [
                            {
                                "type": "text",
                                "text": "Btw Thank you very much for the support "
                            },
                            {
                                "type": "emoji",
                                "name": "smiley"
                            }
                        ]
                    }
                ]
            }
        ],
        "thread_ts": "1605596465.009500",
        "parent_user_id": "U01EPK2U14N"
    },
    {
        "client_msg_id": "0fecb5b8-e4ac-42dc-b2ea-32f70faef7a6",
        "type": "message",
        "text": "Yes, it's similar to what you do with TOF :smiley: See this image for a comparison : <https:\/\/www.researchgate.net\/profile\/Mikhail_Skliar\/publication\/256274336\/figure\/fig3\/AS:297814946009091@1448016024258\/A-The-pulse-echo-ultrasound-response-of-two-samples-fabricated-from-the-identical.png>",
        "user": "U5M5PLH9S",
        "ts": "1605629627.019700",
        "team": "T5M5PLH8U",
        "user_team": "T5M5PLH8U",
        "source_team": "T5M5PLH8U",
        "user_profile": {
            "avatar_hash": "e4fb6ae9f526",
            "image_72": "https:\/\/avatars.slack-edge.com\/2017-06-01\/191144530514_e4fb6ae9f526531fd41c_72.jpg",
            "first_name": "",
            "real_name": "kelu",
            "display_name": "",
            "team": "T5M5PLH8U",
            "name": "kelu",
            "is_restricted": false,
            "is_ultra_restricted": false
        },
        "attachments": [
            {
                "fallback": "606x962px image",
                "image_url": "https:\/\/www.researchgate.net\/profile\/Mikhail_Skliar\/publication\/256274336\/figure\/fig3\/AS:297814946009091@1448016024258\/A-The-pulse-echo-ultrasound-response-of-two-samples-fabricated-from-the-identical.png",
                "image_width": 606,
                "image_height": 962,
                "image_bytes": 249530,
                "from_url": "https:\/\/www.researchgate.net\/profile\/Mikhail_Skliar\/publication\/256274336\/figure\/fig3\/AS:297814946009091@1448016024258\/A-The-pulse-echo-ultrasound-response-of-two-samples-fabricated-from-the-identical.png",
                "id": 1,
                "original_url": "https:\/\/www.researchgate.net\/profile\/Mikhail_Skliar\/publication\/256274336\/figure\/fig3\/AS:297814946009091@1448016024258\/A-The-pulse-echo-ultrasound-response-of-two-samples-fabricated-from-the-identical.png"
            }
        ],
        "blocks": [
            {
                "type": "rich_text",
                "block_id": "jCZ",
                "elements": [
                    {
                        "type": "rich_text_section",
                        "elements": [
                            {
                                "type": "text",
                                "text": "Yes, it's similar to what you do with TOF "
                            },
                            {
                                "type": "emoji",
                                "name": "smiley"
                            },
                            {
                                "type": "text",
                                "text": " See this image for a comparison : "
                            },
                            {
                                "type": "link",
                                "url": "https:\/\/www.researchgate.net\/profile\/Mikhail_Skliar\/publication\/256274336\/figure\/fig3\/AS:297814946009091@1448016024258\/A-The-pulse-echo-ultrasound-response-of-two-samples-fabricated-from-the-identical.png"
                            }
                        ]
                    }
                ]
            }
        ],
        "thread_ts": "1605596465.009500",
        "parent_user_id": "U01EPK2U14N"
    },
    {
        "client_msg_id": "0819ebb4-c193-4488-9060-1c5ca1b6aa8f",
        "type": "message",
        "text": "So if I use un0rick design with a tof chip and a mcu instead of a FPGA , could you please give me some guide lines to interface the tof with the receiving path of the un0rick with the tof chip.",
        "user": "U01EPK2U14N",
        "ts": "1605630120.020000",
        "team": "T5M5PLH8U",
        "user_team": "T5M5PLH8U",
        "source_team": "T5M5PLH8U",
        "user_profile": {
            "avatar_hash": "8cc847aaacd9",
            "image_72": "https:\/\/avatars.slack-edge.com\/2020-11-16\/1491639406711_8cc847aaacd980692ed0_72.jpg",
            "first_name": "",
            "real_name": "samith ashan",
            "display_name": "samith ashan",
            "team": "T5M5PLH8U",
            "name": "samith492",
            "is_restricted": false,
            "is_ultra_restricted": false
        },
        "blocks": [
            {
                "type": "rich_text",
                "block_id": "bg20",
                "elements": [
                    {
                        "type": "rich_text_section",
                        "elements": [
                            {
                                "type": "text",
                                "text": "So if I use un0rick design with a tof chip and a mcu instead of a FPGA , could you please give me some guide lines to interface the tof with the receiving path of the un0rick with the tof chip."
                            }
                        ]
                    }
                ]
            }
        ],
        "thread_ts": "1605596465.009500",
        "parent_user_id": "U01EPK2U14N"
    },
    {
        "client_msg_id": "58d51db4-2c5e-4d54-b375-4b1d395e3be9",
        "type": "message",
        "text": "And i saw that your first steps were to develop a modular design. So is the un0rick , the final design?",
        "user": "U01EPK2U14N",
        "ts": "1605630243.020200",
        "team": "T5M5PLH8U",
        "user_team": "T5M5PLH8U",
        "source_team": "T5M5PLH8U",
        "user_profile": {
            "avatar_hash": "8cc847aaacd9",
            "image_72": "https:\/\/avatars.slack-edge.com\/2020-11-16\/1491639406711_8cc847aaacd980692ed0_72.jpg",
            "first_name": "",
            "real_name": "samith ashan",
            "display_name": "samith ashan",
            "team": "T5M5PLH8U",
            "name": "samith492",
            "is_restricted": false,
            "is_ultra_restricted": false
        },
        "blocks": [
            {
                "type": "rich_text",
                "block_id": "YQ1",
                "elements": [
                    {
                        "type": "rich_text_section",
                        "elements": [
                            {
                                "type": "text",
                                "text": "And i saw that your first steps were to develop a modular design. So is the un0rick , the final design?"
                            }
                        ]
                    }
                ]
            }
        ],
        "thread_ts": "1605596465.009500",
        "parent_user_id": "U01EPK2U14N"
    },
    {
        "client_msg_id": "82b012ed-860b-42da-b367-8604ccb14e3d",
        "type": "message",
        "text": "Unfortunately, there's no way, currently on un0rick, to tap into the raw, amplified RF signal (to avoid introducing noise in particular).",
        "user": "U5M5PLH9S",
        "ts": "1605630746.020400",
        "team": "T5M5PLH8U",
        "user_team": "T5M5PLH8U",
        "source_team": "T5M5PLH8U",
        "user_profile": {
            "avatar_hash": "e4fb6ae9f526",
            "image_72": "https:\/\/avatars.slack-edge.com\/2017-06-01\/191144530514_e4fb6ae9f526531fd41c_72.jpg",
            "first_name": "",
            "real_name": "kelu",
            "display_name": "",
            "team": "T5M5PLH8U",
            "name": "kelu",
            "is_restricted": false,
            "is_ultra_restricted": false
        },
        "edited": {
            "user": "U5M5PLH9S",
            "ts": "1605630905.000000"
        },
        "blocks": [
            {
                "type": "rich_text",
                "block_id": "rnv",
                "elements": [
                    {
                        "type": "rich_text_section",
                        "elements": [
                            {
                                "type": "text",
                                "text": "Unfortunately, there's no way, currently on un0rick, to tap into the raw, amplified RF signal (to avoid introducing noise in particular)."
                            }
                        ]
                    }
                ]
            }
        ],
        "thread_ts": "1605596465.009500",
        "parent_user_id": "U01EPK2U14N"
    },
    {
        "client_msg_id": "1e5c4566-d068-4807-b9b2-400276993c95",
        "type": "message",
        "text": "Still, I believe I would have a few <https:\/\/www.tindie.com\/products\/kelu124\/ultrasound-imaging-analog-processing-module\/> modules on this part that could be interesting for you. They include a RF envelope detector, unsure though if that would work for sub MHz frequencies. On the other hand, the module has a 1Msps SPI ADC, as well as access to the raw signals, and to the envelope of your signal, on separate pins.",
        "user": "U5M5PLH9S",
        "ts": "1605630848.020600",
        "team": "T5M5PLH8U",
        "user_team": "T5M5PLH8U",
        "source_team": "T5M5PLH8U",
        "user_profile": {
            "avatar_hash": "e4fb6ae9f526",
            "image_72": "https:\/\/avatars.slack-edge.com\/2017-06-01\/191144530514_e4fb6ae9f526531fd41c_72.jpg",
            "first_name": "",
            "real_name": "kelu",
            "display_name": "",
            "team": "T5M5PLH8U",
            "name": "kelu",
            "is_restricted": false,
            "is_ultra_restricted": false
        },
        "edited": {
            "user": "U5M5PLH9S",
            "ts": "1605630895.000000"
        },
        "blocks": [
            {
                "type": "rich_text",
                "block_id": "WnrZf",
                "elements": [
                    {
                        "type": "rich_text_section",
                        "elements": [
                            {
                                "type": "text",
                                "text": "Still, I believe I would have a few "
                            },
                            {
                                "type": "link",
                                "url": "https:\/\/www.tindie.com\/products\/kelu124\/ultrasound-imaging-analog-processing-module\/"
                            },
                            {
                                "type": "text",
                                "text": " modules on this part that could be interesting for you. They include a RF envelope detector, unsure though if that would work for sub MHz frequencies. On the other hand, the module has a 1Msps SPI ADC, as well as access to the raw signals, and to the envelope of your signal, on separate pins."
                            }
                        ]
                    }
                ]
            }
        ],
        "thread_ts": "1605596465.009500",
        "parent_user_id": "U01EPK2U14N"
    },
    {
        "client_msg_id": "5dcfd535-0b1e-44d3-845a-8823dc608a2d",
        "type": "message",
        "text": "More precisely, un0rick (<http:\/\/un0rick.cc\/un0rick>) and lit3ricks (<http:\/\/un0rick.cc\/lit3rick> ) are the two final designs, but with fast ADCs and onboard FPGAs as controlling everything. un0rick has more memory, usb, and onboard HV, but lit3rick has onboard signal processing and is less expensive.",
        "user": "U5M5PLH9S",
        "ts": "1605630995.021100",
        "team": "T5M5PLH8U",
        "user_team": "T5M5PLH8U",
        "source_team": "T5M5PLH8U",
        "user_profile": {
            "avatar_hash": "e4fb6ae9f526",
            "image_72": "https:\/\/avatars.slack-edge.com\/2017-06-01\/191144530514_e4fb6ae9f526531fd41c_72.jpg",
            "first_name": "",
            "real_name": "kelu",
            "display_name": "",
            "team": "T5M5PLH8U",
            "name": "kelu",
            "is_restricted": false,
            "is_ultra_restricted": false
        },
        "edited": {
            "user": "U5M5PLH9S",
            "ts": "1605631004.000000"
        },
        "blocks": [
            {
                "type": "rich_text",
                "block_id": "zL0",
                "elements": [
                    {
                        "type": "rich_text_section",
                        "elements": [
                            {
                                "type": "text",
                                "text": "More precisely, un0rick ("
                            },
                            {
                                "type": "link",
                                "url": "http:\/\/un0rick.cc\/un0rick"
                            },
                            {
                                "type": "text",
                                "text": ") and lit3ricks ("
                            },
                            {
                                "type": "link",
                                "url": "http:\/\/un0rick.cc\/lit3rick"
                            },
                            {
                                "type": "text",
                                "text": " ) are the two final designs, but with fast ADCs and onboard FPGAs as controlling everything. un0rick has more memory, usb, and onboard HV, but lit3rick has onboard signal processing and is less expensive."
                            }
                        ]
                    }
                ]
            }
        ],
        "thread_ts": "1605596465.009500",
        "parent_user_id": "U01EPK2U14N"
    },
    {
        "client_msg_id": "c85e66e2-1338-43b6-89d8-0f6e907a2482",
        "type": "message",
        "text": "Thank you very much I will go through the information you have given. Again Thank you for your time and effort.",
        "user": "U01EPK2U14N",
        "ts": "1605682280.021700",
        "team": "T5M5PLH8U",
        "user_team": "T5M5PLH8U",
        "source_team": "T5M5PLH8U",
        "user_profile": {
            "avatar_hash": "8cc847aaacd9",
            "image_72": "https:\/\/avatars.slack-edge.com\/2020-11-16\/1491639406711_8cc847aaacd980692ed0_72.jpg",
            "first_name": "",
            "real_name": "samith ashan",
            "display_name": "samith ashan",
            "team": "T5M5PLH8U",
            "name": "samith492",
            "is_restricted": false,
            "is_ultra_restricted": false
        },
        "blocks": [
            {
                "type": "rich_text",
                "block_id": "pJF",
                "elements": [
                    {
                        "type": "rich_text_section",
                        "elements": [
                            {
                                "type": "text",
                                "text": "Thank you very much I will go through the information you have given. Again Thank you for your time and effort."
                            }
                        ]
                    }
                ]
            }
        ],
        "thread_ts": "1605596465.009500",
        "parent_user_id": "U01EPK2U14N",
        "reactions": [
            {
                "name": "+1",
                "users": [
                    "U5M5PLH9S"
                ],
                "count": 1
            }
        ]
    }
]