[
    {
        "type": "message",
        "text": "Also trying to do embedded a un0rick firmware focusing on a USB-only communication setup ( <https:\/\/github.com\/kelu124\/echomods\/blob\/master\/matty\/20201026a\/fpga_ctrl\/a.20201026a.ipynb> ) . Same features (multi lines, TGC, 64Msps acqs, ..) and similar level of quality :smiley:",
        "files": [
            {
                "id": "F01DX7EUY01",
                "created": 1603916194,
                "timestamp": 1603916194,
                "name": "image.png",
                "title": "image.png",
                "mimetype": "image\/png",
                "filetype": "png",
                "pretty_type": "PNG",
                "user": "U5M5PLH9S",
                "editable": false,
                "size": 152102,
                "mode": "hosted",
                "is_external": false,
                "external_type": "",
                "is_public": true,
                "public_url_shared": false,
                "display_as_bot": false,
                "username": "",
                "url_private": "https:\/\/files.slack.com\/files-pri\/T5M5PLH8U-F01DX7EUY01\/image.png?t=xoxe-191193697300-1655641665238-1662624174259-9d4966033b52bec8bbd54ad611c52557",
                "url_private_download": "https:\/\/files.slack.com\/files-pri\/T5M5PLH8U-F01DX7EUY01\/download\/image.png?t=xoxe-191193697300-1655641665238-1662624174259-9d4966033b52bec8bbd54ad611c52557",
                "thumb_64": "https:\/\/files.slack.com\/files-tmb\/T5M5PLH8U-F01DX7EUY01-a1635f3a5d\/image_64.png?t=xoxe-191193697300-1655641665238-1662624174259-9d4966033b52bec8bbd54ad611c52557",
                "thumb_80": "https:\/\/files.slack.com\/files-tmb\/T5M5PLH8U-F01DX7EUY01-a1635f3a5d\/image_80.png?t=xoxe-191193697300-1655641665238-1662624174259-9d4966033b52bec8bbd54ad611c52557",
                "thumb_360": "https:\/\/files.slack.com\/files-tmb\/T5M5PLH8U-F01DX7EUY01-a1635f3a5d\/image_360.png?t=xoxe-191193697300-1655641665238-1662624174259-9d4966033b52bec8bbd54ad611c52557",
                "thumb_360_w": 360,
                "thumb_360_h": 179,
                "thumb_480": "https:\/\/files.slack.com\/files-tmb\/T5M5PLH8U-F01DX7EUY01-a1635f3a5d\/image_480.png?t=xoxe-191193697300-1655641665238-1662624174259-9d4966033b52bec8bbd54ad611c52557",
                "thumb_480_w": 480,
                "thumb_480_h": 238,
                "thumb_160": "https:\/\/files.slack.com\/files-tmb\/T5M5PLH8U-F01DX7EUY01-a1635f3a5d\/image_160.png?t=xoxe-191193697300-1655641665238-1662624174259-9d4966033b52bec8bbd54ad611c52557",
                "thumb_720": "https:\/\/files.slack.com\/files-tmb\/T5M5PLH8U-F01DX7EUY01-a1635f3a5d\/image_720.png?t=xoxe-191193697300-1655641665238-1662624174259-9d4966033b52bec8bbd54ad611c52557",
                "thumb_720_w": 720,
                "thumb_720_h": 357,
                "thumb_800": "https:\/\/files.slack.com\/files-tmb\/T5M5PLH8U-F01DX7EUY01-a1635f3a5d\/image_800.png?t=xoxe-191193697300-1655641665238-1662624174259-9d4966033b52bec8bbd54ad611c52557",
                "thumb_800_w": 800,
                "thumb_800_h": 397,
                "thumb_960": "https:\/\/files.slack.com\/files-tmb\/T5M5PLH8U-F01DX7EUY01-a1635f3a5d\/image_960.png?t=xoxe-191193697300-1655641665238-1662624174259-9d4966033b52bec8bbd54ad611c52557",
                "thumb_960_w": 960,
                "thumb_960_h": 476,
                "thumb_1024": "https:\/\/files.slack.com\/files-tmb\/T5M5PLH8U-F01DX7EUY01-a1635f3a5d\/image_1024.png?t=xoxe-191193697300-1655641665238-1662624174259-9d4966033b52bec8bbd54ad611c52557",
                "thumb_1024_w": 1024,
                "thumb_1024_h": 508,
                "original_w": 1910,
                "original_h": 948,
                "thumb_tiny": "AwAXADCxZxxtbx5jUnaDyoqbyotrHy04z\/CKiss+TH6eWP51JhvLkyepOKqwA0cQVT5ackD7ooMUQkC+WnIJ+6PamSK5giAYBsrzimyxzG5h2ycgHJxTUV+YiVI4mZx5acHH3R6CoruOL7HIyov3eCBSxJN50x80AZH8PfFRyK66a+9gfk9OlDil1GNtb63jgRWYhguDwak\/tC2wRvPP+yaxaKgDZN\/bFVG88EH7ppf7Qtt4beeBj7prFoouBtLqFsCx3nk5+6fSo7q+t5LZ0RjkjA4NZNFAH\/\/Z",
                "permalink": "https:\/\/usdevkit.slack.com\/files\/U5M5PLH9S\/F01DX7EUY01\/image.png",
                "permalink_public": "https:\/\/slack-files.com\/T5M5PLH8U-F01DX7EUY01-7ddf1a4630",
                "is_starred": false,
                "has_rich_preview": false
            }
        ],
        "upload": false,
        "blocks": [
            {
                "type": "rich_text",
                "block_id": "UmzW",
                "elements": [
                    {
                        "type": "rich_text_section",
                        "elements": [
                            {
                                "type": "text",
                                "text": "Also trying to do embedded a un0rick firmware focusing on a USB-only communication setup ( "
                            },
                            {
                                "type": "link",
                                "url": "https:\/\/github.com\/kelu124\/echomods\/blob\/master\/matty\/20201026a\/fpga_ctrl\/a.20201026a.ipynb"
                            },
                            {
                                "type": "text",
                                "text": " ) . Same features (multi lines, TGC, 64Msps acqs, ..) and similar level of quality "
                            },
                            {
                                "type": "emoji",
                                "name": "smiley"
                            }
                        ]
                    }
                ]
            }
        ],
        "user": "U5M5PLH9S",
        "display_as_bot": false,
        "ts": "1603916218.010400",
        "thread_ts": "1599909209.010100",
        "parent_user_id": "U5M5PLH9S",
        "subtype": "thread_broadcast",
        "root": {
            "client_msg_id": "51c08b7f-3a8d-44a8-9b64-3300f01e75c3",
            "type": "message",
            "text": "Not often that it happens but.. <!channel>, we need you :smiley:\n\nManaged to get some rad images from a RPi Zero ( <https:\/\/github.com\/kelu124\/echomods\/tree\/master\/matty\/20200608a> ) but the same script fails on a Raspberry Pi 4. No idea why.\nGuessing some changes in spidev? In any case, a bit unclear.\n\nSoooo, in your view, from the python contro lib in question ( <https:\/\/raw.githubusercontent.com\/kelu124\/echomods\/master\/matty\/20200608a\/pyUn0.py> ), what's the bug ?",
            "user": "U5M5PLH9S",
            "ts": "1599909209.010100",
            "team": "T5M5PLH8U",
            "blocks": [
                {
                    "type": "rich_text",
                    "block_id": "mq3vH",
                    "elements": [
                        {
                            "type": "rich_text_section",
                            "elements": [
                                {
                                    "type": "text",
                                    "text": "Not often that it happens but.. "
                                },
                                {
                                    "type": "broadcast",
                                    "range": "channel"
                                },
                                {
                                    "type": "text",
                                    "text": ", we need you "
                                },
                                {
                                    "type": "emoji",
                                    "name": "smiley"
                                },
                                {
                                    "type": "text",
                                    "text": "\n\nManaged to get some rad images from a RPi Zero ( "
                                },
                                {
                                    "type": "link",
                                    "url": "https:\/\/github.com\/kelu124\/echomods\/tree\/master\/matty\/20200608a"
                                },
                                {
                                    "type": "text",
                                    "text": " ) but the same script fails on a Raspberry Pi 4. No idea why.\nGuessing some changes in spidev? In any case, a bit unclear.\n\nSoooo, in your view, from the python contro lib in question ( "
                                },
                                {
                                    "type": "link",
                                    "url": "https:\/\/raw.githubusercontent.com\/kelu124\/echomods\/master\/matty\/20200608a\/pyUn0.py"
                                },
                                {
                                    "type": "text",
                                    "text": " ), what's the bug ?"
                                }
                            ]
                        }
                    ]
                }
            ],
            "thread_ts": "1599909209.010100",
            "reply_count": 3,
            "reply_users_count": 1,
            "latest_reply": "1603916218.010400",
            "reply_users": [
                "U5M5PLH9S"
            ],
            "subscribed": true,
            "last_read": "1603916218.010400"
        }
    }
]