[
    {
        "client_msg_id": "1d1aaa77-7c2e-4672-8cc4-b552c5d6e299",
        "type": "message",
        "text": "hey, <@UE3JX8LUT> &amp; others, restock has taken place for un0rick's boards if needed.",
        "user": "U5M5PLH9S",
        "ts": "1579346439.000700",
        "team": "T5M5PLH8U",
        "user_team": "T5M5PLH8U",
        "source_team": "T5M5PLH8U",
        "user_profile": {
            "avatar_hash": "e4fb6ae9f526",
            "image_72": "https:\/\/avatars.slack-edge.com\/2017-06-01\/191144530514_e4fb6ae9f526531fd41c_72.jpg",
            "first_name": "",
            "real_name": "kelu",
            "display_name": "",
            "team": "T5M5PLH8U",
            "name": "kelu",
            "is_restricted": false,
            "is_ultra_restricted": false
        },
        "blocks": [
            {
                "type": "rich_text",
                "block_id": "9Qxvy",
                "elements": [
                    {
                        "type": "rich_text_section",
                        "elements": [
                            {
                                "type": "text",
                                "text": "hey, "
                            },
                            {
                                "type": "user",
                                "user_id": "UE3JX8LUT"
                            },
                            {
                                "type": "text",
                                "text": " & others, restock has taken place for un0rick's boards if needed."
                            }
                        ]
                    }
                ]
            }
        ],
        "reactions": [
            {
                "name": "+1",
                "users": [
                    "URQAS7R8V"
                ],
                "count": 1
            }
        ]
    }
]