[
    {
        "client_msg_id": "753bac10-ce31-4fe5-ad15-c0daa3ce3429",
        "type": "message",
        "text": "Kelu!!!! i would just like to thank you, so very much, for your excellent contributions to this topic. It's so kind of you to share your time and knowledge",
        "user": "U01F9RPNLRY",
        "ts": "1606132013.025800",
        "team": "T5M5PLH8U",
        "user_team": "T5M5PLH8U",
        "source_team": "T5M5PLH8U",
        "user_profile": {
            "avatar_hash": "g6af041f95f4",
            "image_72": "https:\/\/secure.gravatar.com\/avatar\/6af041f95f4557059599d251806d34ba.jpg?s=72&d=https%3A%2F%2Fa.slack-edge.com%2Fdf10d%2Fimg%2Favatars%2Fava_0003-72.png",
            "first_name": "",
            "real_name": "Dominic N",
            "display_name": "",
            "team": "T5M5PLH8U",
            "name": "dnedwell",
            "is_restricted": false,
            "is_ultra_restricted": false
        },
        "blocks": [
            {
                "type": "rich_text",
                "block_id": "S+1",
                "elements": [
                    {
                        "type": "rich_text_section",
                        "elements": [
                            {
                                "type": "text",
                                "text": "Kelu!!!! i would just like to thank you, so very much, for your excellent contributions to this topic. It's so kind of you to share your time and knowledge"
                            }
                        ]
                    }
                ]
            }
        ],
        "thread_ts": "1606017135.025100",
        "parent_user_id": "U01F9RPNLRY"
    },
    {
        "client_msg_id": "308cd273-118b-4e92-ba1a-610496afae18",
        "type": "message",
        "text": "I don't know if you have ever considered this, but have you ever done any seminars or training via video call or slack?",
        "user": "U01F9RPNLRY",
        "ts": "1606132108.026000",
        "team": "T5M5PLH8U",
        "user_team": "T5M5PLH8U",
        "source_team": "T5M5PLH8U",
        "user_profile": {
            "avatar_hash": "g6af041f95f4",
            "image_72": "https:\/\/secure.gravatar.com\/avatar\/6af041f95f4557059599d251806d34ba.jpg?s=72&d=https%3A%2F%2Fa.slack-edge.com%2Fdf10d%2Fimg%2Favatars%2Fava_0003-72.png",
            "first_name": "",
            "real_name": "Dominic N",
            "display_name": "",
            "team": "T5M5PLH8U",
            "name": "dnedwell",
            "is_restricted": false,
            "is_ultra_restricted": false
        },
        "blocks": [
            {
                "type": "rich_text",
                "block_id": "TEL",
                "elements": [
                    {
                        "type": "rich_text_section",
                        "elements": [
                            {
                                "type": "text",
                                "text": "I don't know if you have ever considered this, but have you ever done any seminars or training via video call or slack?"
                            }
                        ]
                    }
                ]
            }
        ],
        "thread_ts": "1606017135.025100",
        "parent_user_id": "U01F9RPNLRY"
    },
    {
        "client_msg_id": "bfb57b5e-827f-475e-8e49-c56937141d97",
        "type": "message",
        "text": "Haha I've never had a demand for this :sweat_smile: :rolling_on_the_floor_laughing:  what would you be looking for ?",
        "user": "U5M5PLH9S",
        "ts": "1606132264.026200",
        "team": "T5M5PLH8U",
        "user_team": "T5M5PLH8U",
        "source_team": "T5M5PLH8U",
        "user_profile": {
            "avatar_hash": "e4fb6ae9f526",
            "image_72": "https:\/\/avatars.slack-edge.com\/2017-06-01\/191144530514_e4fb6ae9f526531fd41c_72.jpg",
            "first_name": "",
            "real_name": "kelu",
            "display_name": "",
            "team": "T5M5PLH8U",
            "name": "kelu",
            "is_restricted": false,
            "is_ultra_restricted": false
        },
        "blocks": [
            {
                "type": "rich_text",
                "block_id": "8Uek",
                "elements": [
                    {
                        "type": "rich_text_section",
                        "elements": [
                            {
                                "type": "text",
                                "text": "Haha I've never had a demand for this "
                            },
                            {
                                "type": "emoji",
                                "name": "sweat_smile"
                            },
                            {
                                "type": "text",
                                "text": " "
                            },
                            {
                                "type": "emoji",
                                "name": "rolling_on_the_floor_laughing"
                            },
                            {
                                "type": "text",
                                "text": "  what would you be looking for ?"
                            }
                        ]
                    }
                ]
            }
        ],
        "thread_ts": "1606017135.025100",
        "parent_user_id": "U01F9RPNLRY"
    },
    {
        "client_msg_id": "40ff1218-debe-4a1a-ba36-d3dadd90a6de",
        "type": "message",
        "text": "i would gladly pay you for your time (i am not a wealthy man, unfortunately) or make a charitable donation in your name? The reason is, i have some very mild learning difficulties that mean i find it a bit hard to process written text (unfortunately for my programming skills!) but it's much easier to watch a video or grasp concepts from a quick chat. People like you are the true educators of the world, and you're helping people like me to get access to knowledge. You should be incredibly proud of yourself!",
        "user": "U01F9RPNLRY",
        "ts": "1606132297.026400",
        "team": "T5M5PLH8U",
        "user_team": "T5M5PLH8U",
        "source_team": "T5M5PLH8U",
        "user_profile": {
            "avatar_hash": "g6af041f95f4",
            "image_72": "https:\/\/secure.gravatar.com\/avatar\/6af041f95f4557059599d251806d34ba.jpg?s=72&d=https%3A%2F%2Fa.slack-edge.com%2Fdf10d%2Fimg%2Favatars%2Fava_0003-72.png",
            "first_name": "",
            "real_name": "Dominic N",
            "display_name": "",
            "team": "T5M5PLH8U",
            "name": "dnedwell",
            "is_restricted": false,
            "is_ultra_restricted": false
        },
        "blocks": [
            {
                "type": "rich_text",
                "block_id": "YbYFx",
                "elements": [
                    {
                        "type": "rich_text_section",
                        "elements": [
                            {
                                "type": "text",
                                "text": "i would gladly pay you for your time (i am not a wealthy man, unfortunately) or make a charitable donation in your name? The reason is, i have some very mild learning difficulties that mean i find it a bit hard to process written text (unfortunately for my programming skills!) but it's much easier to watch a video or grasp concepts from a quick chat. People like you are the true educators of the world, and you're helping people like me to get access to knowledge. You should be incredibly proud of yourself!"
                            }
                        ]
                    }
                ]
            }
        ],
        "thread_ts": "1606017135.025100",
        "parent_user_id": "U01F9RPNLRY"
    },
    {
        "client_msg_id": "321a2af9-77ca-409a-8b04-c9e99c1a6aed",
        "type": "message",
        "text": "nothing serious or high stakes, Just a quick discussion about ultrasonics! just some first steps and basic learning about how to display and process ultrasonic signals. i have a project that i have been working on for a while, and i would love to make some progress on it",
        "user": "U01F9RPNLRY",
        "ts": "1606132406.026600",
        "team": "T5M5PLH8U",
        "user_team": "T5M5PLH8U",
        "source_team": "T5M5PLH8U",
        "user_profile": {
            "avatar_hash": "g6af041f95f4",
            "image_72": "https:\/\/secure.gravatar.com\/avatar\/6af041f95f4557059599d251806d34ba.jpg?s=72&d=https%3A%2F%2Fa.slack-edge.com%2Fdf10d%2Fimg%2Favatars%2Fava_0003-72.png",
            "first_name": "",
            "real_name": "Dominic N",
            "display_name": "",
            "team": "T5M5PLH8U",
            "name": "dnedwell",
            "is_restricted": false,
            "is_ultra_restricted": false
        },
        "blocks": [
            {
                "type": "rich_text",
                "block_id": "Ut=5",
                "elements": [
                    {
                        "type": "rich_text_section",
                        "elements": [
                            {
                                "type": "text",
                                "text": "nothing serious or high stakes, Just a quick discussion about ultrasonics! just some first steps and basic learning about how to display and process ultrasonic signals. i have a project that i have been working on for a while, and i would love to make some progress on it"
                            }
                        ]
                    }
                ]
            }
        ],
        "thread_ts": "1606017135.025100",
        "parent_user_id": "U01F9RPNLRY"
    },
    {
        "client_msg_id": "a894af44-7757-4c4c-9165-99107e17f39a",
        "type": "message",
        "text": "i have started the process by trying to get some of the equipment on your gitbook article, but some of the links are broken",
        "user": "U01F9RPNLRY",
        "ts": "1606132432.026800",
        "team": "T5M5PLH8U",
        "user_team": "T5M5PLH8U",
        "source_team": "T5M5PLH8U",
        "user_profile": {
            "avatar_hash": "g6af041f95f4",
            "image_72": "https:\/\/secure.gravatar.com\/avatar\/6af041f95f4557059599d251806d34ba.jpg?s=72&d=https%3A%2F%2Fa.slack-edge.com%2Fdf10d%2Fimg%2Favatars%2Fava_0003-72.png",
            "first_name": "",
            "real_name": "Dominic N",
            "display_name": "",
            "team": "T5M5PLH8U",
            "name": "dnedwell",
            "is_restricted": false,
            "is_ultra_restricted": false
        },
        "blocks": [
            {
                "type": "rich_text",
                "block_id": "B5dg",
                "elements": [
                    {
                        "type": "rich_text_section",
                        "elements": [
                            {
                                "type": "text",
                                "text": "i have started the process by trying to get some of the equipment on your gitbook article, but some of the links are broken"
                            }
                        ]
                    }
                ]
            }
        ],
        "thread_ts": "1606017135.025100",
        "parent_user_id": "U01F9RPNLRY"
    },
    {
        "client_msg_id": "831fb842-d738-447e-9e86-5a67830c589c",
        "type": "message",
        "text": "apologies for the million messages... every time i look at this slack chat and your hackaday articles, i get very excited and start babbling about ultrasonics :rolling_on_the_floor_laughing:",
        "user": "U01F9RPNLRY",
        "ts": "1606132681.027200",
        "team": "T5M5PLH8U",
        "user_team": "T5M5PLH8U",
        "source_team": "T5M5PLH8U",
        "user_profile": {
            "avatar_hash": "g6af041f95f4",
            "image_72": "https:\/\/secure.gravatar.com\/avatar\/6af041f95f4557059599d251806d34ba.jpg?s=72&d=https%3A%2F%2Fa.slack-edge.com%2Fdf10d%2Fimg%2Favatars%2Fava_0003-72.png",
            "first_name": "",
            "real_name": "Dominic N",
            "display_name": "",
            "team": "T5M5PLH8U",
            "name": "dnedwell",
            "is_restricted": false,
            "is_ultra_restricted": false
        },
        "blocks": [
            {
                "type": "rich_text",
                "block_id": "b5k",
                "elements": [
                    {
                        "type": "rich_text_section",
                        "elements": [
                            {
                                "type": "text",
                                "text": "apologies for the million messages... every time i look at this slack chat and your hackaday articles, i get very excited and start babbling about ultrasonics "
                            },
                            {
                                "type": "emoji",
                                "name": "rolling_on_the_floor_laughing"
                            }
                        ]
                    }
                ]
            }
        ],
        "thread_ts": "1606017135.025100",
        "parent_user_id": "U01F9RPNLRY"
    },
    {
        "client_msg_id": "0178ee37-cb73-4bd2-9a69-495839e890f8",
        "type": "message",
        "text": "Oh... i've just realised that these posts are public, i've never used slack before... well, this is embarrassing!",
        "user": "U01F9RPNLRY",
        "ts": "1606132818.027400",
        "team": "T5M5PLH8U",
        "user_team": "T5M5PLH8U",
        "source_team": "T5M5PLH8U",
        "user_profile": {
            "avatar_hash": "g6af041f95f4",
            "image_72": "https:\/\/secure.gravatar.com\/avatar\/6af041f95f4557059599d251806d34ba.jpg?s=72&d=https%3A%2F%2Fa.slack-edge.com%2Fdf10d%2Fimg%2Favatars%2Fava_0003-72.png",
            "first_name": "",
            "real_name": "Dominic N",
            "display_name": "",
            "team": "T5M5PLH8U",
            "name": "dnedwell",
            "is_restricted": false,
            "is_ultra_restricted": false
        },
        "blocks": [
            {
                "type": "rich_text",
                "block_id": "LzY",
                "elements": [
                    {
                        "type": "rich_text_section",
                        "elements": [
                            {
                                "type": "text",
                                "text": "Oh... i've just realised that these posts are public, i've never used slack before... well, this is embarrassing!"
                            }
                        ]
                    }
                ]
            }
        ],
        "thread_ts": "1606017135.025100",
        "parent_user_id": "U01F9RPNLRY",
        "reactions": [
            {
                "name": "+1",
                "users": [
                    "U5M5PLH9S"
                ],
                "count": 1
            }
        ]
    },
    {
        "client_msg_id": "656206b8-a18f-473a-a63d-ad654746af99",
        "type": "message",
        "text": "Haha welcome in any case!",
        "user": "U5M5PLH9S",
        "ts": "1606138430.027700",
        "team": "T5M5PLH8U",
        "user_team": "T5M5PLH8U",
        "source_team": "T5M5PLH8U",
        "user_profile": {
            "avatar_hash": "e4fb6ae9f526",
            "image_72": "https:\/\/avatars.slack-edge.com\/2017-06-01\/191144530514_e4fb6ae9f526531fd41c_72.jpg",
            "first_name": "",
            "real_name": "kelu",
            "display_name": "",
            "team": "T5M5PLH8U",
            "name": "kelu",
            "is_restricted": false,
            "is_ultra_restricted": false
        },
        "blocks": [
            {
                "type": "rich_text",
                "block_id": "XwO24",
                "elements": [
                    {
                        "type": "rich_text_section",
                        "elements": [
                            {
                                "type": "text",
                                "text": "Haha welcome in any case!"
                            }
                        ]
                    }
                ]
            }
        ],
        "thread_ts": "1606017135.025100",
        "parent_user_id": "U01F9RPNLRY"
    },
    {
        "client_msg_id": "e0c92ef1-49d6-4778-bd94-5913a7c30ef4",
        "type": "message",
        "text": "Hello Everyone, great to be here and excited about this project. I am very new to this technology but understand the potential. Looking to see if I can put together a tool to do condition monitoring of the airframe of my experimental aircraft. I did some welding on the steel fuselage of the plane and want to make sure it is safe to fly. I have seen application of ultrasound NDT tools that are used to inspect welds, but not sure if the kind of application I am looking for is practical. Question for the group is:  is it possible to just get a sense of the general state of the different sections of an airframe by keeping a record of some type of signature instead of inspecting the actual welds of every joint? It is not practical to inspect every weld since most of it is covered. Something similar to some older aviation mechanics using a hammer and tapping all the sections and being able to tell by experience which sections have corroded or in the verge of failure. Hope this makes sense?",
        "user": "U01FAGGJW2W",
        "ts": "1606143062.034300",
        "team": "T5M5PLH8U",
        "user_team": "T5M5PLH8U",
        "source_team": "T5M5PLH8U",
        "user_profile": {
            "avatar_hash": "f8881a41fe0f",
            "image_72": "https:\/\/avatars.slack-edge.com\/2020-11-22\/1526723358100_f8881a41fe0f394549aa_72.jpg",
            "first_name": "",
            "real_name": "Hariharan Gopalan",
            "display_name": "Hariharan Gopalan",
            "team": "T5M5PLH8U",
            "name": "rdu.hari",
            "is_restricted": false,
            "is_ultra_restricted": false
        },
        "blocks": [
            {
                "type": "rich_text",
                "block_id": "9r9",
                "elements": [
                    {
                        "type": "rich_text_section",
                        "elements": [
                            {
                                "type": "text",
                                "text": "Hello Everyone, great to be here and excited about this project. I am very new to this technology but understand the potential. Looking to see if I can put together a tool to do condition monitoring of the airframe of my experimental aircraft. I did some welding on the steel fuselage of the plane and want to make sure it is safe to fly. I have seen application of ultrasound NDT tools that are used to inspect welds, but not sure if the kind of application I am looking for is practical. Question for the group is:  is it possible to just get a sense of the general state of the different sections of an airframe by keeping a record of some type of signature instead of inspecting the actual welds of every joint? It is not practical to inspect every weld since most of it is covered. Something similar to some older aviation mechanics using a hammer and tapping all the sections and being able to tell by experience which sections have corroded or in the verge of failure. Hope this makes sense?"
                            }
                        ]
                    }
                ]
            }
        ],
        "reactions": [
            {
                "name": "raised_hands",
                "users": [
                    "U5M5PLH9S"
                ],
                "count": 1
            }
        ]
    },
    {
        "client_msg_id": "8704d726-ad84-4125-8641-51a219aa2906",
        "type": "message",
        "text": "A few hints :\n• for backing : <https:\/\/inis.iaea.org\/collection\/NCLCollectionStore\/_Public\/43\/056\/43056468.pdf> is a great read (ping also <@U01A7SLF2LD> , this may prove useful for having backing on your piezos)\n• NanoVNA is a good way to check if piezos are well connected to their wires, and give you a hint about their frequencies and allows you to play with electrical impedance matching afterwards : see : <https:\/\/github.com\/kelu124\/echomods\/blob\/master\/include\/experiments\/auto\/20201108a.md>\n• For the analog processing module, I still have a few on tindie :  <https:\/\/www.tindie.com\/products\/kelu124\/ultrasound-imaging-analog-processing-module\/>\n• For playing with an arduino \/ m5stack : <http:\/\/un0rick.cc\/un0rick\/m5stack>\n• Pulse width has an optimum (red line) for a given piezo frequency ( <https:\/\/github.com\/kelu124\/echomods\/blob\/master\/matty\/20201031a\/amplitude.png> - vertical red line :wink: ).\n",
        "user": "U5M5PLH9S",
        "ts": "1606158157.034400",
        "team": "T5M5PLH8U",
        "user_team": "T5M5PLH8U",
        "source_team": "T5M5PLH8U",
        "user_profile": {
            "avatar_hash": "e4fb6ae9f526",
            "image_72": "https:\/\/avatars.slack-edge.com\/2017-06-01\/191144530514_e4fb6ae9f526531fd41c_72.jpg",
            "first_name": "",
            "real_name": "kelu",
            "display_name": "",
            "team": "T5M5PLH8U",
            "name": "kelu",
            "is_restricted": false,
            "is_ultra_restricted": false
        },
        "edited": {
            "user": "U5M5PLH9S",
            "ts": "1606158167.000000"
        },
        "blocks": [
            {
                "type": "rich_text",
                "block_id": "H40",
                "elements": [
                    {
                        "type": "rich_text_section",
                        "elements": [
                            {
                                "type": "text",
                                "text": "A few hints :\n"
                            }
                        ]
                    },
                    {
                        "type": "rich_text_list",
                        "elements": [
                            {
                                "type": "rich_text_section",
                                "elements": [
                                    {
                                        "type": "text",
                                        "text": "for backing : "
                                    },
                                    {
                                        "type": "link",
                                        "url": "https:\/\/inis.iaea.org\/collection\/NCLCollectionStore\/_Public\/43\/056\/43056468.pdf"
                                    },
                                    {
                                        "type": "text",
                                        "text": " is a great read (ping also "
                                    },
                                    {
                                        "type": "user",
                                        "user_id": "U01A7SLF2LD"
                                    },
                                    {
                                        "type": "text",
                                        "text": " , this may prove useful for having backing on your piezos)"
                                    }
                                ]
                            },
                            {
                                "type": "rich_text_section",
                                "elements": [
                                    {
                                        "type": "text",
                                        "text": "NanoVNA is a good way to check if piezos are well connected to their wires, and give you a hint about their frequencies and allows you to play with electrical impedance matching afterwards : see : "
                                    },
                                    {
                                        "type": "link",
                                        "url": "https:\/\/github.com\/kelu124\/echomods\/blob\/master\/include\/experiments\/auto\/20201108a.md"
                                    }
                                ]
                            },
                            {
                                "type": "rich_text_section",
                                "elements": [
                                    {
                                        "type": "text",
                                        "text": "For the analog processing module, I still have a few on tindie :  "
                                    },
                                    {
                                        "type": "link",
                                        "url": "https:\/\/www.tindie.com\/products\/kelu124\/ultrasound-imaging-analog-processing-module\/"
                                    }
                                ]
                            },
                            {
                                "type": "rich_text_section",
                                "elements": [
                                    {
                                        "type": "text",
                                        "text": "For playing with an arduino \/ m5stack : "
                                    },
                                    {
                                        "type": "link",
                                        "url": "http:\/\/un0rick.cc\/un0rick\/m5stack"
                                    }
                                ]
                            },
                            {
                                "type": "rich_text_section",
                                "elements": [
                                    {
                                        "type": "text",
                                        "text": "Pulse width has an optimum (red line) for a given piezo frequency ( "
                                    },
                                    {
                                        "type": "link",
                                        "url": "https:\/\/github.com\/kelu124\/echomods\/blob\/master\/matty\/20201031a\/amplitude.png"
                                    },
                                    {
                                        "type": "text",
                                        "text": " - vertical red line "
                                    },
                                    {
                                        "type": "emoji",
                                        "name": "wink"
                                    },
                                    {
                                        "type": "text",
                                        "text": " )."
                                    }
                                ]
                            }
                        ],
                        "style": "bullet",
                        "indent": 0
                    },
                    {
                        "type": "rich_text_section",
                        "elements": []
                    }
                ]
            }
        ],
        "thread_ts": "1606017135.025100",
        "parent_user_id": "U01F9RPNLRY",
        "reactions": [
            {
                "name": "+1",
                "users": [
                    "U01A7SLF2LD"
                ],
                "count": 1
            }
        ]
    }
]