[
    {
        "client_msg_id": "30dc90dd-405b-43df-9786-20ed5ba86526",
        "type": "message",
        "text": "Hey <!channel> - hope you're all doing fine. Take care, don't take unnecessary risks !",
        "user": "U5M5PLH9S",
        "ts": "1584546026.028800",
        "team": "T5M5PLH8U",
        "user_team": "T5M5PLH8U",
        "source_team": "T5M5PLH8U",
        "user_profile": {
            "avatar_hash": "e4fb6ae9f526",
            "image_72": "https:\/\/avatars.slack-edge.com\/2017-06-01\/191144530514_e4fb6ae9f526531fd41c_72.jpg",
            "first_name": "",
            "real_name": "kelu",
            "display_name": "",
            "team": "T5M5PLH8U",
            "name": "kelu",
            "is_restricted": false,
            "is_ultra_restricted": false
        },
        "blocks": [
            {
                "type": "rich_text",
                "block_id": "sE+y",
                "elements": [
                    {
                        "type": "rich_text_section",
                        "elements": [
                            {
                                "type": "text",
                                "text": "Hey "
                            },
                            {
                                "type": "broadcast",
                                "range": "channel"
                            },
                            {
                                "type": "text",
                                "text": " - hope you're all doing fine. Take care, don't take unnecessary risks !"
                            }
                        ]
                    }
                ]
            }
        ],
        "thread_ts": "1584546026.028800",
        "reply_count": 2,
        "reply_users_count": 2,
        "latest_reply": "1584616895.030500",
        "reply_users": [
            "U8Z3VB1T2",
            "UFCS7CKPD"
        ],
        "replies": [
            {
                "user": "U8Z3VB1T2",
                "ts": "1584552367.029500"
            },
            {
                "user": "UFCS7CKPD",
                "ts": "1584616895.030500"
            }
        ],
        "subscribed": true,
        "last_read": "1584616895.030500",
        "reactions": [
            {
                "name": "heart",
                "users": [
                    "U8Z3VB1T2",
                    "UAQ2TN5EU",
                    "UGJ8GJGNR",
                    "UTSASN5L1",
                    "UTV9739S6"
                ],
                "count": 5
            }
        ]
    },
    {
        "client_msg_id": "0C089282-C278-441E-8BFA-0A5A46960714",
        "type": "message",
        "text": "Likewise! Hope everyone stays safe and healthy. ",
        "user": "U8Z3VB1T2",
        "ts": "1584552367.029500",
        "team": "T5M5PLH8U",
        "user_team": "T5M5PLH8U",
        "source_team": "T5M5PLH8U",
        "user_profile": {
            "avatar_hash": "g49ad52d7df8",
            "image_72": "https:\/\/secure.gravatar.com\/avatar\/449ad52d7df89ecbe8ebe0fd87d3f63f.jpg?s=72&d=https%3A%2F%2Fa.slack-edge.com%2Fdf10d%2Fimg%2Favatars%2Fava_0026-72.png",
            "first_name": "",
            "real_name": "William Meng",
            "display_name": "",
            "team": "T5M5PLH8U",
            "name": "wlmeng11",
            "is_restricted": false,
            "is_ultra_restricted": false
        },
        "blocks": [
            {
                "type": "rich_text",
                "block_id": "qqp3W",
                "elements": [
                    {
                        "type": "rich_text_section",
                        "elements": [
                            {
                                "type": "text",
                                "text": "Likewise! Hope everyone stays safe and healthy. "
                            }
                        ]
                    }
                ]
            }
        ],
        "thread_ts": "1584546026.028800",
        "parent_user_id": "U5M5PLH9S",
        "reactions": [
            {
                "name": "heart",
                "users": [
                    "U5M5PLH9S"
                ],
                "count": 1
            }
        ]
    }
]