[
    {
        "type": "message",
        "subtype": "channel_join",
        "ts": "1598829044.000200",
        "user": "U019BD4E8LX",
        "text": "<@U019BD4E8LX> has joined the channel"
    },
    {
        "client_msg_id": "3f0bbb17-38ca-4f53-8a32-849145e35ad6",
        "type": "message",
        "text": "Hi yall, three years ago we did a hv pulse generator for PVDF piezo elements at my university. I'm currently working on adding a GUI to it so we can change some parameters of the pulses. The digital pulses are generated with a PSoC microcontroller, thanks to its programmable logic. I'm interested in the hv pulse generator of un0rick.",
        "user": "U019BD4E8LX",
        "ts": "1598831376.004700",
        "team": "T5M5PLH8U",
        "user_team": "T5M5PLH8U",
        "source_team": "T5M5PLH8U",
        "user_profile": {
            "avatar_hash": "g8241a45759c",
            "image_72": "https:\/\/secure.gravatar.com\/avatar\/8241a45759c3d2b9408084591b734e39.jpg?s=72&d=https%3A%2F%2Fa.slack-edge.com%2Fdf10d%2Fimg%2Favatars%2Fava_0007-72.png",
            "first_name": "",
            "real_name": "Carlos Diaz",
            "display_name": "",
            "team": "T5M5PLH8U",
            "name": "carlos.santiago.diaz",
            "is_restricted": false,
            "is_ultra_restricted": false
        },
        "blocks": [
            {
                "type": "rich_text",
                "block_id": "PIb",
                "elements": [
                    {
                        "type": "rich_text_section",
                        "elements": [
                            {
                                "type": "text",
                                "text": "Hi yall, three years ago we did a hv pulse generator for PVDF piezo elements at my university. I'm currently working on adding a GUI to it so we can change some parameters of the pulses. The digital pulses are generated with a PSoC microcontroller, thanks to its programmable logic. I'm interested in the hv pulse generator of un0rick."
                            }
                        ]
                    }
                ]
            }
        ],
        "reactions": [
            {
                "name": "wave",
                "users": [
                    "U5M5PLH9S"
                ],
                "count": 1
            }
        ]
    }
]