[
    {
        "client_msg_id": "e458b749-9e30-475d-b68c-9b25cce90842",
        "type": "message",
        "text": "Hum the NMT module is more of a pragmatic\/\"working\" solution, trying to remove those for the future designs.",
        "user": "U5M5PLH9S",
        "ts": "1599048948.001100",
        "team": "T5M5PLH8U",
        "user_team": "T5M5PLH8U",
        "source_team": "T5M5PLH8U",
        "user_profile": {
            "avatar_hash": "e4fb6ae9f526",
            "image_72": "https:\/\/avatars.slack-edge.com\/2017-06-01\/191144530514_e4fb6ae9f526531fd41c_72.jpg",
            "first_name": "",
            "real_name": "kelu",
            "display_name": "",
            "team": "T5M5PLH8U",
            "name": "kelu",
            "is_restricted": false,
            "is_ultra_restricted": false
        },
        "blocks": [
            {
                "type": "rich_text",
                "block_id": "OpM8",
                "elements": [
                    {
                        "type": "rich_text_section",
                        "elements": [
                            {
                                "type": "text",
                                "text": "Hum the NMT module is more of a pragmatic\/\"working\" solution, trying to remove those for the future designs."
                            }
                        ]
                    }
                ]
            }
        ],
        "thread_ts": "1599048948.001100",
        "reply_count": 3,
        "reply_users_count": 1,
        "latest_reply": "1599049225.002600",
        "reply_users": [
            "U5M5PLH9S"
        ],
        "replies": [
            {
                "user": "U5M5PLH9S",
                "ts": "1599049092.002200"
            },
            {
                "user": "U5M5PLH9S",
                "ts": "1599049219.002400"
            },
            {
                "user": "U5M5PLH9S",
                "ts": "1599049225.002600"
            }
        ],
        "subscribed": true,
        "last_read": "1599049225.002600"
    },
    {
        "client_msg_id": "d25feda7-1daf-4b1e-afec-f983155029f5",
        "type": "message",
        "text": "A full (better design) would be <https:\/\/www.tij.co.jp\/jp\/lit\/ug\/tiduep0\/tiduep0.pdf?ts=1597745600299&amp;ref_url=https%253A%252F%252Fwww.google.com%252F>",
        "user": "U5M5PLH9S",
        "ts": "1599049017.001400",
        "team": "T5M5PLH8U",
        "user_team": "T5M5PLH8U",
        "source_team": "T5M5PLH8U",
        "user_profile": {
            "avatar_hash": "e4fb6ae9f526",
            "image_72": "https:\/\/avatars.slack-edge.com\/2017-06-01\/191144530514_e4fb6ae9f526531fd41c_72.jpg",
            "first_name": "",
            "real_name": "kelu",
            "display_name": "",
            "team": "T5M5PLH8U",
            "name": "kelu",
            "is_restricted": false,
            "is_ultra_restricted": false
        },
        "blocks": [
            {
                "type": "rich_text",
                "block_id": "KtrUD",
                "elements": [
                    {
                        "type": "rich_text_section",
                        "elements": [
                            {
                                "type": "text",
                                "text": "A full (better design) would be "
                            },
                            {
                                "type": "link",
                                "url": "https:\/\/www.tij.co.jp\/jp\/lit\/ug\/tiduep0\/tiduep0.pdf?ts=1597745600299&ref_url=https%253A%252F%252Fwww.google.com%252F"
                            }
                        ]
                    }
                ]
            }
        ]
    },
    {
        "client_msg_id": "4f663e2a-4ba3-49a5-b0f2-8e60098ba503",
        "type": "message",
        "text": "alternatively, the DRV8662 could provide a HV rail with a small footprint (discarding the IN\/OUT IOs)",
        "user": "U5M5PLH9S",
        "ts": "1599049047.002100",
        "team": "T5M5PLH8U",
        "user_team": "T5M5PLH8U",
        "source_team": "T5M5PLH8U",
        "user_profile": {
            "avatar_hash": "e4fb6ae9f526",
            "image_72": "https:\/\/avatars.slack-edge.com\/2017-06-01\/191144530514_e4fb6ae9f526531fd41c_72.jpg",
            "first_name": "",
            "real_name": "kelu",
            "display_name": "",
            "team": "T5M5PLH8U",
            "name": "kelu",
            "is_restricted": false,
            "is_ultra_restricted": false
        },
        "blocks": [
            {
                "type": "rich_text",
                "block_id": "7s8G",
                "elements": [
                    {
                        "type": "rich_text_section",
                        "elements": [
                            {
                                "type": "text",
                                "text": "alternatively, the DRV8662 could provide a HV rail with a small footprint (discarding the IN\/OUT IOs)"
                            }
                        ]
                    }
                ]
            }
        ],
        "thread_ts": "1599049047.002100",
        "reply_count": 1,
        "reply_users_count": 1,
        "latest_reply": "1599054575.003000",
        "reply_users": [
            "U019BD4E8LX"
        ],
        "replies": [
            {
                "user": "U019BD4E8LX",
                "ts": "1599054575.003000"
            }
        ],
        "subscribed": true,
        "last_read": "1599054575.003000"
    },
    {
        "client_msg_id": "2626adb8-34eb-4dc4-9202-e258b46f5003",
        "type": "message",
        "text": "Too expensive btw in terms of BOM, especially with alternatives such as DRV8662",
        "user": "U5M5PLH9S",
        "ts": "1599049092.002200",
        "team": "T5M5PLH8U",
        "user_team": "T5M5PLH8U",
        "source_team": "T5M5PLH8U",
        "user_profile": {
            "avatar_hash": "e4fb6ae9f526",
            "image_72": "https:\/\/avatars.slack-edge.com\/2017-06-01\/191144530514_e4fb6ae9f526531fd41c_72.jpg",
            "first_name": "",
            "real_name": "kelu",
            "display_name": "",
            "team": "T5M5PLH8U",
            "name": "kelu",
            "is_restricted": false,
            "is_ultra_restricted": false
        },
        "blocks": [
            {
                "type": "rich_text",
                "block_id": "JoEnH",
                "elements": [
                    {
                        "type": "rich_text_section",
                        "elements": [
                            {
                                "type": "text",
                                "text": "Too expensive btw in terms of BOM, especially with alternatives such as DRV8662"
                            }
                        ]
                    }
                ]
            }
        ],
        "thread_ts": "1599048948.001100",
        "parent_user_id": "U5M5PLH9S"
    },
    {
        "client_msg_id": "605c53ce-65f8-414a-8a7b-e91e2a8b7c6d",
        "type": "message",
        "text": "The three signals are not logic :confused:",
        "user": "U5M5PLH9S",
        "ts": "1599049219.002400",
        "team": "T5M5PLH8U",
        "user_team": "T5M5PLH8U",
        "source_team": "T5M5PLH8U",
        "user_profile": {
            "avatar_hash": "e4fb6ae9f526",
            "image_72": "https:\/\/avatars.slack-edge.com\/2017-06-01\/191144530514_e4fb6ae9f526531fd41c_72.jpg",
            "first_name": "",
            "real_name": "kelu",
            "display_name": "",
            "team": "T5M5PLH8U",
            "name": "kelu",
            "is_restricted": false,
            "is_ultra_restricted": false
        },
        "blocks": [
            {
                "type": "rich_text",
                "block_id": "QeI=",
                "elements": [
                    {
                        "type": "rich_text_section",
                        "elements": [
                            {
                                "type": "text",
                                "text": "The three signals are not logic "
                            },
                            {
                                "type": "emoji",
                                "name": "confused"
                            }
                        ]
                    }
                ]
            }
        ],
        "thread_ts": "1599048948.001100",
        "parent_user_id": "U5M5PLH9S"
    },
    {
        "type": "message",
        "text": "",
        "files": [
            {
                "id": "F01AB1RR69F",
                "created": 1599049220,
                "timestamp": 1599049220,
                "name": "image.png",
                "title": "image.png",
                "mimetype": "image\/png",
                "filetype": "png",
                "pretty_type": "PNG",
                "user": "U5M5PLH9S",
                "editable": false,
                "size": 20175,
                "mode": "hosted",
                "is_external": false,
                "external_type": "",
                "is_public": true,
                "public_url_shared": false,
                "display_as_bot": false,
                "username": "",
                "url_private": "https:\/\/files.slack.com\/files-pri\/T5M5PLH8U-F01AB1RR69F\/image.png?t=xoxe-191193697300-1655641665238-1662624174259-9d4966033b52bec8bbd54ad611c52557",
                "url_private_download": "https:\/\/files.slack.com\/files-pri\/T5M5PLH8U-F01AB1RR69F\/download\/image.png?t=xoxe-191193697300-1655641665238-1662624174259-9d4966033b52bec8bbd54ad611c52557",
                "thumb_64": "https:\/\/files.slack.com\/files-tmb\/T5M5PLH8U-F01AB1RR69F-ca926a1515\/image_64.png?t=xoxe-191193697300-1655641665238-1662624174259-9d4966033b52bec8bbd54ad611c52557",
                "thumb_80": "https:\/\/files.slack.com\/files-tmb\/T5M5PLH8U-F01AB1RR69F-ca926a1515\/image_80.png?t=xoxe-191193697300-1655641665238-1662624174259-9d4966033b52bec8bbd54ad611c52557",
                "thumb_360": "https:\/\/files.slack.com\/files-tmb\/T5M5PLH8U-F01AB1RR69F-ca926a1515\/image_360.png?t=xoxe-191193697300-1655641665238-1662624174259-9d4966033b52bec8bbd54ad611c52557",
                "thumb_360_w": 360,
                "thumb_360_h": 170,
                "thumb_160": "https:\/\/files.slack.com\/files-tmb\/T5M5PLH8U-F01AB1RR69F-ca926a1515\/image_160.png?t=xoxe-191193697300-1655641665238-1662624174259-9d4966033b52bec8bbd54ad611c52557",
                "original_w": 409,
                "original_h": 193,
                "thumb_tiny": "AwAWADDSzjtTAzZ5xinnrjOKaRnuM0AKHyen60u72pnTktk5xxQCM9+vpQAoDkZ3fpTgTgcUgyMAYNLgjGD9aAFxTQGyTgZ+tOooAb83otA3ei04UgoABnuB+FLRRQB\/\/9k=",
                "permalink": "https:\/\/usdevkit.slack.com\/files\/U5M5PLH9S\/F01AB1RR69F\/image.png",
                "permalink_public": "https:\/\/slack-files.com\/T5M5PLH8U-F01AB1RR69F-a34859bf9a",
                "is_starred": false,
                "has_rich_preview": false
            }
        ],
        "upload": false,
        "user": "U5M5PLH9S",
        "display_as_bot": false,
        "ts": "1599049225.002600",
        "thread_ts": "1599048948.001100",
        "parent_user_id": "U5M5PLH9S"
    },
    {
        "client_msg_id": "c4f4a8bf-c362-40b6-95bc-b857791da34e",
        "type": "message",
        "text": "That's a nice part, thanks for sharing it. I was about to get one NMT module, but realized that it only would get me a positive Vout pulse, for the experiments we did we were driving the pvdf with a bipolar signal.",
        "user": "U019BD4E8LX",
        "ts": "1599054575.003000",
        "team": "T5M5PLH8U",
        "user_team": "T5M5PLH8U",
        "source_team": "T5M5PLH8U",
        "user_profile": {
            "avatar_hash": "g8241a45759c",
            "image_72": "https:\/\/secure.gravatar.com\/avatar\/8241a45759c3d2b9408084591b734e39.jpg?s=72&d=https%3A%2F%2Fa.slack-edge.com%2Fdf10d%2Fimg%2Favatars%2Fava_0007-72.png",
            "first_name": "",
            "real_name": "Carlos Diaz",
            "display_name": "",
            "team": "T5M5PLH8U",
            "name": "carlos.santiago.diaz",
            "is_restricted": false,
            "is_ultra_restricted": false
        },
        "blocks": [
            {
                "type": "rich_text",
                "block_id": "h6b",
                "elements": [
                    {
                        "type": "rich_text_section",
                        "elements": [
                            {
                                "type": "text",
                                "text": "That's a nice part, thanks for sharing it. I was about to get one NMT module, but realized that it only would get me a positive Vout pulse, for the experiments we did we were driving the pvdf with a bipolar signal."
                            }
                        ]
                    }
                ]
            }
        ],
        "thread_ts": "1599049047.002100",
        "parent_user_id": "U5M5PLH9S"
    },
    {
        "client_msg_id": "177f9728-0573-4271-a211-500bdac9d5e0",
        "type": "message",
        "text": "<@U5M5PLH9S> I took some time to read your project logs and wondered why are you using the received signal envelope to generate the images. The microcontroller we're using have an on-board 1MHz delta sigma ADC and wondered if we could use envelope to process the received signal.",
        "user": "U019BD4E8LX",
        "ts": "1599054687.005900",
        "team": "T5M5PLH8U",
        "user_team": "T5M5PLH8U",
        "source_team": "T5M5PLH8U",
        "user_profile": {
            "avatar_hash": "g8241a45759c",
            "image_72": "https:\/\/secure.gravatar.com\/avatar\/8241a45759c3d2b9408084591b734e39.jpg?s=72&d=https%3A%2F%2Fa.slack-edge.com%2Fdf10d%2Fimg%2Favatars%2Fava_0007-72.png",
            "first_name": "",
            "real_name": "Carlos Diaz",
            "display_name": "",
            "team": "T5M5PLH8U",
            "name": "carlos.santiago.diaz",
            "is_restricted": false,
            "is_ultra_restricted": false
        },
        "blocks": [
            {
                "type": "rich_text",
                "block_id": "w1Nwq",
                "elements": [
                    {
                        "type": "rich_text_section",
                        "elements": [
                            {
                                "type": "user",
                                "user_id": "U5M5PLH9S"
                            },
                            {
                                "type": "text",
                                "text": " I took some time to read your project logs and wondered why are you using the received signal envelope to generate the images. The microcontroller we're using have an on-board 1MHz delta sigma ADC and wondered if we could use envelope to process the received signal."
                            }
                        ]
                    }
                ]
            }
        ]
    },
    {
        "client_msg_id": "71d076ea-5088-4c0e-a793-bfe144659313",
        "type": "message",
        "text": "Also, as you're using the Lattice FPGAs, have you considered writing the modules on Verilog (or nMigen) to be able to use the open toolchain (yosys and nextpnr)?",
        "user": "U019BD4E8LX",
        "ts": "1599054751.007800",
        "team": "T5M5PLH8U",
        "user_team": "T5M5PLH8U",
        "source_team": "T5M5PLH8U",
        "user_profile": {
            "avatar_hash": "g8241a45759c",
            "image_72": "https:\/\/secure.gravatar.com\/avatar\/8241a45759c3d2b9408084591b734e39.jpg?s=72&d=https%3A%2F%2Fa.slack-edge.com%2Fdf10d%2Fimg%2Favatars%2Fava_0007-72.png",
            "first_name": "",
            "real_name": "Carlos Diaz",
            "display_name": "",
            "team": "T5M5PLH8U",
            "name": "carlos.santiago.diaz",
            "is_restricted": false,
            "is_ultra_restricted": false
        },
        "blocks": [
            {
                "type": "rich_text",
                "block_id": "YuZq",
                "elements": [
                    {
                        "type": "rich_text_section",
                        "elements": [
                            {
                                "type": "text",
                                "text": "Also, as you're using the Lattice FPGAs, have you considered writing the modules on Verilog (or nMigen) to be able to use the open toolchain (yosys and nextpnr)?"
                            }
                        ]
                    }
                ]
            }
        ]
    },
    {
        "client_msg_id": "c0633362-d854-496a-8797-41f726074d27",
        "type": "message",
        "text": "Got an ICEBreaker board myself and could help out with porting to a new hdl if needed.",
        "user": "U019BD4E8LX",
        "ts": "1599054833.009400",
        "team": "T5M5PLH8U",
        "user_team": "T5M5PLH8U",
        "source_team": "T5M5PLH8U",
        "user_profile": {
            "avatar_hash": "g8241a45759c",
            "image_72": "https:\/\/secure.gravatar.com\/avatar\/8241a45759c3d2b9408084591b734e39.jpg?s=72&d=https%3A%2F%2Fa.slack-edge.com%2Fdf10d%2Fimg%2Favatars%2Fava_0007-72.png",
            "first_name": "",
            "real_name": "Carlos Diaz",
            "display_name": "",
            "team": "T5M5PLH8U",
            "name": "carlos.santiago.diaz",
            "is_restricted": false,
            "is_ultra_restricted": false
        },
        "blocks": [
            {
                "type": "rich_text",
                "block_id": "HUvAF",
                "elements": [
                    {
                        "type": "rich_text_section",
                        "elements": [
                            {
                                "type": "text",
                                "text": "Got an ICEBreaker board myself and could help out with porting to a new hdl if needed."
                            }
                        ]
                    }
                ]
            }
        ]
    },
    {
        "client_msg_id": "4027630f-cfe9-4a1b-93fd-cd8393da9d88",
        "type": "message",
        "text": "If you want to get the enveloppe, I'd suggest you have a look at the goblin module (my first test :wink: ) which is using an expensive ADL5511 ( <https:\/\/github.com\/kelu124\/echomods> ).",
        "user": "U5M5PLH9S",
        "ts": "1599054972.010200",
        "team": "T5M5PLH8U",
        "user_team": "T5M5PLH8U",
        "source_team": "T5M5PLH8U",
        "user_profile": {
            "avatar_hash": "e4fb6ae9f526",
            "image_72": "https:\/\/avatars.slack-edge.com\/2017-06-01\/191144530514_e4fb6ae9f526531fd41c_72.jpg",
            "first_name": "",
            "real_name": "kelu",
            "display_name": "",
            "team": "T5M5PLH8U",
            "name": "kelu",
            "is_restricted": false,
            "is_ultra_restricted": false
        },
        "blocks": [
            {
                "type": "rich_text",
                "block_id": "7\/J",
                "elements": [
                    {
                        "type": "rich_text_section",
                        "elements": [
                            {
                                "type": "text",
                                "text": "If you want to get the enveloppe, I'd suggest you have a look at the goblin module (my first test "
                            },
                            {
                                "type": "emoji",
                                "name": "wink"
                            },
                            {
                                "type": "text",
                                "text": " ) which is using an expensive ADL5511 ( "
                            },
                            {
                                "type": "link",
                                "url": "https:\/\/github.com\/kelu124\/echomods"
                            },
                            {
                                "type": "text",
                                "text": " )."
                            }
                        ]
                    }
                ]
            }
        ]
    },
    {
        "client_msg_id": "1b53a05e-bd73-4417-ab03-86f03b775b85",
        "type": "message",
        "text": "Yeah, I'm working on the <#CL0FKPP5K|lit3rick> up5k one, so far in verilog with Radiant, but the aim is to fully port it to yosys\/nextpnr. If you're willing to have a look at some verilog, more than happy to share :wink:",
        "user": "U5M5PLH9S",
        "ts": "1599055015.011200",
        "team": "T5M5PLH8U",
        "user_team": "T5M5PLH8U",
        "source_team": "T5M5PLH8U",
        "user_profile": {
            "avatar_hash": "e4fb6ae9f526",
            "image_72": "https:\/\/avatars.slack-edge.com\/2017-06-01\/191144530514_e4fb6ae9f526531fd41c_72.jpg",
            "first_name": "",
            "real_name": "kelu",
            "display_name": "",
            "team": "T5M5PLH8U",
            "name": "kelu",
            "is_restricted": false,
            "is_ultra_restricted": false
        },
        "blocks": [
            {
                "type": "rich_text",
                "block_id": "ccw5=",
                "elements": [
                    {
                        "type": "rich_text_section",
                        "elements": [
                            {
                                "type": "text",
                                "text": "Yeah, I'm working on the "
                            },
                            {
                                "type": "channel",
                                "channel_id": "CL0FKPP5K"
                            },
                            {
                                "type": "text",
                                "text": " up5k one, so far in verilog with Radiant, but the aim is to fully port it to yosys\/nextpnr. If you're willing to have a look at some verilog, more than happy to share "
                            },
                            {
                                "type": "emoji",
                                "name": "wink"
                            }
                        ]
                    }
                ]
            }
        ]
    },
    {
        "client_msg_id": "b2029c3b-f99d-416d-85a7-26dae47ad71d",
        "type": "message",
        "text": "I'll have a spare up5k <#CL0FKPP5K|lit3rick> board - you could be interested once progress is made. A prod batch is on the way.",
        "user": "U5M5PLH9S",
        "ts": "1599055078.012200",
        "team": "T5M5PLH8U",
        "user_team": "T5M5PLH8U",
        "source_team": "T5M5PLH8U",
        "user_profile": {
            "avatar_hash": "e4fb6ae9f526",
            "image_72": "https:\/\/avatars.slack-edge.com\/2017-06-01\/191144530514_e4fb6ae9f526531fd41c_72.jpg",
            "first_name": "",
            "real_name": "kelu",
            "display_name": "",
            "team": "T5M5PLH8U",
            "name": "kelu",
            "is_restricted": false,
            "is_ultra_restricted": false
        },
        "blocks": [
            {
                "type": "rich_text",
                "block_id": "NI2",
                "elements": [
                    {
                        "type": "rich_text_section",
                        "elements": [
                            {
                                "type": "text",
                                "text": "I'll have a spare up5k "
                            },
                            {
                                "type": "channel",
                                "channel_id": "CL0FKPP5K"
                            },
                            {
                                "type": "text",
                                "text": " board - you could be interested once progress is made. A prod batch is on the way."
                            }
                        ]
                    }
                ]
            }
        ]
    },
    {
        "client_msg_id": "e1bb2d71-8ef5-467b-bd4d-c410671d25ad",
        "type": "message",
        "text": "Thanks, I feel more comfortable with Verilog than VHDL, but I'm not an hdl guru. It might be possible to design some echomodes with a PMOD form factor? The icebreaker board have 3 of them and it would be great for a portable ultrasound board. Just thinking loud here.",
        "user": "U019BD4E8LX",
        "ts": "1599055364.016100",
        "team": "T5M5PLH8U",
        "user_team": "T5M5PLH8U",
        "source_team": "T5M5PLH8U",
        "user_profile": {
            "avatar_hash": "g8241a45759c",
            "image_72": "https:\/\/secure.gravatar.com\/avatar\/8241a45759c3d2b9408084591b734e39.jpg?s=72&d=https%3A%2F%2Fa.slack-edge.com%2Fdf10d%2Fimg%2Favatars%2Fava_0007-72.png",
            "first_name": "",
            "real_name": "Carlos Diaz",
            "display_name": "",
            "team": "T5M5PLH8U",
            "name": "carlos.santiago.diaz",
            "is_restricted": false,
            "is_ultra_restricted": false
        },
        "blocks": [
            {
                "type": "rich_text",
                "block_id": "P9ni",
                "elements": [
                    {
                        "type": "rich_text_section",
                        "elements": [
                            {
                                "type": "text",
                                "text": "Thanks, I feel more comfortable with Verilog than VHDL, but I'm not an hdl guru. It might be possible to design some echomodes with a PMOD form factor? The icebreaker board have 3 of them and it would be great for a portable ultrasound board. Just thinking loud here."
                            }
                        ]
                    }
                ]
            }
        ],
        "reactions": [
            {
                "name": "+1",
                "users": [
                    "U5M5PLH9S"
                ],
                "count": 1
            }
        ]
    },
    {
        "client_msg_id": "89e6a399-8982-4994-8664-26bcf496aaf7",
        "type": "message",
        "text": "Echomods*",
        "user": "U019BD4E8LX",
        "ts": "1599055401.016300",
        "team": "T5M5PLH8U",
        "user_team": "T5M5PLH8U",
        "source_team": "T5M5PLH8U",
        "user_profile": {
            "avatar_hash": "g8241a45759c",
            "image_72": "https:\/\/secure.gravatar.com\/avatar\/8241a45759c3d2b9408084591b734e39.jpg?s=72&d=https%3A%2F%2Fa.slack-edge.com%2Fdf10d%2Fimg%2Favatars%2Fava_0007-72.png",
            "first_name": "",
            "real_name": "Carlos Diaz",
            "display_name": "",
            "team": "T5M5PLH8U",
            "name": "carlos.santiago.diaz",
            "is_restricted": false,
            "is_ultra_restricted": false
        },
        "blocks": [
            {
                "type": "rich_text",
                "block_id": "nZgnU",
                "elements": [
                    {
                        "type": "rich_text_section",
                        "elements": [
                            {
                                "type": "text",
                                "text": "Echomods*"
                            }
                        ]
                    }
                ]
            }
        ]
    },
    {
        "client_msg_id": "07fca374-e805-46b7-bd6e-920f4f6174d7",
        "type": "message",
        "text": "You read my mind. PMODs are indeed the standard there for FPGA - the pulser should be okay.\nFor the acquisition part, if one wants to get ADC + a VGA, you'd need say 12bit+1clk to ADC, plus a SPI bus to manage the time gain control, which exceeds a double PMOD standard. That would work for lower res ADCs though.\nAnother constraint for PMODs is the need for a highspeed link from fpga to host. Some boards have it (ECP5 for yosys or zynqs) but you'd go with higher end designs.\nA mezzanine design is less modular but would accommodate more IOs.",
        "user": "U5M5PLH9S",
        "ts": "1599065271.003700",
        "team": "T5M5PLH8U",
        "user_team": "T5M5PLH8U",
        "source_team": "T5M5PLH8U",
        "user_profile": {
            "avatar_hash": "e4fb6ae9f526",
            "image_72": "https:\/\/avatars.slack-edge.com\/2017-06-01\/191144530514_e4fb6ae9f526531fd41c_72.jpg",
            "first_name": "",
            "real_name": "kelu",
            "display_name": "",
            "team": "T5M5PLH8U",
            "name": "kelu",
            "is_restricted": false,
            "is_ultra_restricted": false
        },
        "blocks": [
            {
                "type": "rich_text",
                "block_id": "eETU",
                "elements": [
                    {
                        "type": "rich_text_section",
                        "elements": [
                            {
                                "type": "text",
                                "text": "You read my mind. PMODs are indeed the standard there for FPGA - the pulser should be okay.\nFor the acquisition part, if one wants to get ADC + a VGA, you'd need say 12bit+1clk to ADC, plus a SPI bus to manage the time gain control, which exceeds a double PMOD standard. That would work for lower res ADCs though.\nAnother constraint for PMODs is the need for a highspeed link from fpga to host. Some boards have it (ECP5 for yosys or zynqs) but you'd go with higher end designs.\nA mezzanine design is less modular but would accommodate more IOs."
                            }
                        ]
                    }
                ]
            }
        ],
        "thread_ts": "1599065271.003700",
        "reply_count": 11,
        "reply_users_count": 2,
        "latest_reply": "1599433376.000100",
        "reply_users": [
            "U019BD4E8LX",
            "U5M5PLH9S"
        ],
        "replies": [
            {
                "user": "U019BD4E8LX",
                "ts": "1599082313.004600"
            },
            {
                "user": "U5M5PLH9S",
                "ts": "1599121775.004800"
            },
            {
                "user": "U5M5PLH9S",
                "ts": "1599121839.005000"
            },
            {
                "user": "U019BD4E8LX",
                "ts": "1599149325.005300"
            },
            {
                "user": "U5M5PLH9S",
                "ts": "1599242333.000100"
            },
            {
                "user": "U019BD4E8LX",
                "ts": "1599317105.000100"
            },
            {
                "user": "U5M5PLH9S",
                "ts": "1599399595.000100"
            },
            {
                "user": "U019BD4E8LX",
                "ts": "1599415128.000100"
            },
            {
                "user": "U5M5PLH9S",
                "ts": "1599418423.000500"
            },
            {
                "user": "U5M5PLH9S",
                "ts": "1599418436.000700"
            },
            {
                "user": "U019BD4E8LX",
                "ts": "1599433376.000100"
            }
        ],
        "subscribed": true,
        "last_read": "1599433376.000100"
    },
    {
        "client_msg_id": "619735c3-cc62-4428-9e6d-8371de58d5b3",
        "type": "message",
        "text": "If you're keen on slicing existing designs on PMODs, more than happy to help you to explore some pulsers and analog parts with you.",
        "user": "U5M5PLH9S",
        "ts": "1599065549.004500",
        "team": "T5M5PLH8U",
        "user_team": "T5M5PLH8U",
        "source_team": "T5M5PLH8U",
        "user_profile": {
            "avatar_hash": "e4fb6ae9f526",
            "image_72": "https:\/\/avatars.slack-edge.com\/2017-06-01\/191144530514_e4fb6ae9f526531fd41c_72.jpg",
            "first_name": "",
            "real_name": "kelu",
            "display_name": "",
            "team": "T5M5PLH8U",
            "name": "kelu",
            "is_restricted": false,
            "is_ultra_restricted": false
        },
        "blocks": [
            {
                "type": "rich_text",
                "block_id": "27yuO",
                "elements": [
                    {
                        "type": "rich_text_section",
                        "elements": [
                            {
                                "type": "text",
                                "text": "If you're keen on slicing existing designs on PMODs, more than happy to help you to explore some pulsers and analog parts with you."
                            }
                        ]
                    }
                ]
            }
        ],
        "thread_ts": "1599065549.004500",
        "reply_count": 12,
        "reply_users_count": 2,
        "latest_reply": "1600560085.001800",
        "reply_users": [
            "U019BD4E8LX",
            "U5M5PLH9S"
        ],
        "replies": [
            {
                "user": "U019BD4E8LX",
                "ts": "1599149939.005500"
            },
            {
                "user": "U019BD4E8LX",
                "ts": "1599181994.005700"
            },
            {
                "user": "U5M5PLH9S",
                "ts": "1599199489.005900"
            },
            {
                "user": "U019BD4E8LX",
                "ts": "1599313865.000100"
            },
            {
                "user": "U5M5PLH9S",
                "ts": "1599399653.000300"
            },
            {
                "user": "U019BD4E8LX",
                "ts": "1599415213.000300"
            },
            {
                "user": "U019BD4E8LX",
                "ts": "1600532110.000100"
            },
            {
                "user": "U5M5PLH9S",
                "ts": "1600536991.000300"
            },
            {
                "user": "U019BD4E8LX",
                "ts": "1600539602.000500"
            },
            {
                "user": "U5M5PLH9S",
                "ts": "1600539897.000700"
            },
            {
                "user": "U5M5PLH9S",
                "ts": "1600539919.000900"
            },
            {
                "user": "U019BD4E8LX",
                "ts": "1600560085.001800"
            }
        ],
        "subscribed": true,
        "last_read": "1600560085.001800"
    },
    {
        "client_msg_id": "dcffe44a-83a6-4fd8-a000-8d0e41e58658",
        "type": "message",
        "text": "About one month ago I aswed around about implementing a programmable delay line, my purpose for it was to control several piezos and generate a focused beam",
        "user": "U019BD4E8LX",
        "ts": "1599082313.004600",
        "team": "T5M5PLH8U",
        "user_team": "T5M5PLH8U",
        "source_team": "T5M5PLH8U",
        "user_profile": {
            "avatar_hash": "g8241a45759c",
            "image_72": "https:\/\/secure.gravatar.com\/avatar\/8241a45759c3d2b9408084591b734e39.jpg?s=72&d=https%3A%2F%2Fa.slack-edge.com%2Fdf10d%2Fimg%2Favatars%2Fava_0007-72.png",
            "first_name": "",
            "real_name": "Carlos Diaz",
            "display_name": "",
            "team": "T5M5PLH8U",
            "name": "carlos.santiago.diaz",
            "is_restricted": false,
            "is_ultra_restricted": false
        },
        "blocks": [
            {
                "type": "rich_text",
                "block_id": "N5C",
                "elements": [
                    {
                        "type": "rich_text_section",
                        "elements": [
                            {
                                "type": "text",
                                "text": "About one month ago I aswed around about implementing a programmable delay line, my purpose for it was to control several piezos and generate a focused beam"
                            }
                        ]
                    }
                ]
            }
        ],
        "thread_ts": "1599065271.003700",
        "parent_user_id": "U5M5PLH9S"
    }
]