[
    {
        "client_msg_id": "fa7b76d5-84c9-496b-ab03-8e697e693ac3",
        "type": "message",
        "text": "I am trying to shorten the output pulse (Single mode), I modified the UN0RICK.set_timings(200,100,2000,5000,200000) to (50,50,2000,5000,200000) but always get a 325ns pulse (even with Ton = 500).  The console summary debug print reflects the new values. Is there a minimum\/lower value? I would like try 100ns, 150ns pulses for my probe.",
        "user": "URM2LCMHA",
        "ts": "1583414620.019400",
        "team": "T5M5PLH8U",
        "user_team": "T5M5PLH8U",
        "source_team": "T5M5PLH8U",
        "user_profile": {
            "avatar_hash": "g0727c50e72c",
            "image_72": "https:\/\/secure.gravatar.com\/avatar\/0727c50e72cecd2eb296eadbca46c9b1.jpg?s=72&d=https%3A%2F%2Fa.slack-edge.com%2Fdf10d%2Fimg%2Favatars%2Fava_0018-72.png",
            "first_name": "",
            "real_name": "Richard",
            "display_name": "Richard",
            "team": "T5M5PLH8U",
            "name": "richard.st-pierre",
            "is_restricted": false,
            "is_ultra_restricted": false
        },
        "blocks": [
            {
                "type": "rich_text",
                "block_id": "6zx3",
                "elements": [
                    {
                        "type": "rich_text_section",
                        "elements": [
                            {
                                "type": "text",
                                "text": "I am trying to shorten the output pulse (Single mode), I modified the UN0RICK.set_timings(200,100,2000,5000,200000) to (50,50,2000,5000,200000) but always get a 325ns pulse (even with Ton = 500).  The console summary debug print reflects the new values. Is there a minimum\/lower value? I would like try 100ns, 150ns pulses for my probe."
                            }
                        ]
                    }
                ]
            }
        ],
        "thread_ts": "1583414620.019400",
        "reply_count": 34,
        "reply_users_count": 3,
        "latest_reply": "1585506705.001200",
        "reply_users": [
            "U5M5PLH9S",
            "URM2LCMHA",
            "U8Z3VB1T2"
        ],
        "replies": [
            {
                "user": "U5M5PLH9S",
                "ts": "1583419345.019500"
            },
            {
                "user": "U5M5PLH9S",
                "ts": "1583419377.019700"
            },
            {
                "user": "URM2LCMHA",
                "ts": "1583437951.019900"
            },
            {
                "user": "URM2LCMHA",
                "ts": "1583439490.020400"
            },
            {
                "user": "U5M5PLH9S",
                "ts": "1583482670.021000"
            },
            {
                "user": "U5M5PLH9S",
                "ts": "1583482714.021200"
            },
            {
                "user": "U5M5PLH9S",
                "ts": "1583597944.021400"
            },
            {
                "user": "URM2LCMHA",
                "ts": "1583780237.022000"
            },
            {
                "user": "U5M5PLH9S",
                "ts": "1583781304.022200"
            },
            {
                "user": "U5M5PLH9S",
                "ts": "1583781318.022400"
            },
            {
                "user": "URM2LCMHA",
                "ts": "1583847436.022600"
            },
            {
                "user": "U5M5PLH9S",
                "ts": "1583848464.023000"
            },
            {
                "user": "U5M5PLH9S",
                "ts": "1583848487.023200"
            },
            {
                "user": "URM2LCMHA",
                "ts": "1583848826.023400"
            },
            {
                "user": "U5M5PLH9S",
                "ts": "1583849291.023600"
            },
            {
                "user": "U5M5PLH9S",
                "ts": "1583849341.023800"
            },
            {
                "user": "U5M5PLH9S",
                "ts": "1583849354.024000"
            },
            {
                "user": "URM2LCMHA",
                "ts": "1583850154.024200"
            },
            {
                "user": "U5M5PLH9S",
                "ts": "1583850263.025000"
            },
            {
                "user": "URM2LCMHA",
                "ts": "1583850870.025200"
            },
            {
                "user": "URM2LCMHA",
                "ts": "1583851011.025400"
            },
            {
                "user": "U5M5PLH9S",
                "ts": "1583868297.026000"
            },
            {
                "user": "U5M5PLH9S",
                "ts": "1583868316.026200"
            },
            {
                "user": "U5M5PLH9S",
                "ts": "1583868329.026800"
            },
            {
                "user": "U5M5PLH9S",
                "ts": "1583868379.027000"
            },
            {
                "user": "U5M5PLH9S",
                "ts": "1584821230.000100"
            },
            {
                "user": "U5M5PLH9S",
                "ts": "1584821246.000300"
            },
            {
                "user": "U8Z3VB1T2",
                "ts": "1584848185.000500"
            },
            {
                "user": "U5M5PLH9S",
                "ts": "1584868333.000700"
            },
            {
                "user": "U5M5PLH9S",
                "ts": "1584868369.000900"
            },
            {
                "user": "U8Z3VB1T2",
                "ts": "1585437377.000400"
            },
            {
                "user": "U5M5PLH9S",
                "ts": "1585470691.000700"
            },
            {
                "user": "U5M5PLH9S",
                "ts": "1585470706.000900"
            },
            {
                "user": "U5M5PLH9S",
                "ts": "1585506705.001200"
            }
        ],
        "subscribed": true,
        "last_read": "1585506705.001200"
    },
    {
        "client_msg_id": "08b7f593-2287-49bb-be8d-94a5f11fd315",
        "type": "message",
        "text": "Can you share the whole code and debug please ? Don't hesitate to dm me for the specifics",
        "user": "U5M5PLH9S",
        "ts": "1583419345.019500",
        "team": "T5M5PLH8U",
        "user_team": "T5M5PLH8U",
        "source_team": "T5M5PLH8U",
        "user_profile": {
            "avatar_hash": "e4fb6ae9f526",
            "image_72": "https:\/\/avatars.slack-edge.com\/2017-06-01\/191144530514_e4fb6ae9f526531fd41c_72.jpg",
            "first_name": "",
            "real_name": "kelu",
            "display_name": "",
            "team": "T5M5PLH8U",
            "name": "kelu",
            "is_restricted": false,
            "is_ultra_restricted": false
        },
        "blocks": [
            {
                "type": "rich_text",
                "block_id": "KVo",
                "elements": [
                    {
                        "type": "rich_text_section",
                        "elements": [
                            {
                                "type": "text",
                                "text": "Can you share the whole code and debug please ? Don't hesitate to dm me for the specifics"
                            }
                        ]
                    }
                ]
            }
        ],
        "thread_ts": "1583414620.019400",
        "parent_user_id": "URM2LCMHA"
    },
    {
        "client_msg_id": "44676fe0-31e8-4cb0-b783-c8c7c0257bb7",
        "type": "message",
        "text": "Btw did you get the signals correctly in the end ?",
        "user": "U5M5PLH9S",
        "ts": "1583419377.019700",
        "team": "T5M5PLH8U",
        "user_team": "T5M5PLH8U",
        "source_team": "T5M5PLH8U",
        "user_profile": {
            "avatar_hash": "e4fb6ae9f526",
            "image_72": "https:\/\/avatars.slack-edge.com\/2017-06-01\/191144530514_e4fb6ae9f526531fd41c_72.jpg",
            "first_name": "",
            "real_name": "kelu",
            "display_name": "",
            "team": "T5M5PLH8U",
            "name": "kelu",
            "is_restricted": false,
            "is_ultra_restricted": false
        },
        "blocks": [
            {
                "type": "rich_text",
                "block_id": "ivi",
                "elements": [
                    {
                        "type": "rich_text_section",
                        "elements": [
                            {
                                "type": "text",
                                "text": "Btw did you get the signals correctly in the end ?"
                            }
                        ]
                    }
                ]
            }
        ],
        "thread_ts": "1583414620.019400",
        "parent_user_id": "URM2LCMHA"
    },
    {
        "type": "message",
        "text": "Current state of acquisition.  Would like to try varying excitation pulse width.  Will send script and console capture showing changed hex values generated.",
        "files": [
            {
                "id": "FUN8ERRUH",
                "created": 1583437946,
                "timestamp": 1583437946,
                "name": "image.png",
                "title": "image.png",
                "mimetype": "image\/png",
                "filetype": "png",
                "pretty_type": "PNG",
                "user": "URM2LCMHA",
                "editable": false,
                "size": 597142,
                "mode": "hosted",
                "is_external": false,
                "external_type": "",
                "is_public": true,
                "public_url_shared": false,
                "display_as_bot": false,
                "username": "",
                "url_private": "https:\/\/files.slack.com\/files-pri\/T5M5PLH8U-FUN8ERRUH\/image.png?t=xoxe-191193697300-1655641665238-1662624174259-9d4966033b52bec8bbd54ad611c52557",
                "url_private_download": "https:\/\/files.slack.com\/files-pri\/T5M5PLH8U-FUN8ERRUH\/download\/image.png?t=xoxe-191193697300-1655641665238-1662624174259-9d4966033b52bec8bbd54ad611c52557",
                "thumb_64": "https:\/\/files.slack.com\/files-tmb\/T5M5PLH8U-FUN8ERRUH-cae21c8c74\/image_64.png?t=xoxe-191193697300-1655641665238-1662624174259-9d4966033b52bec8bbd54ad611c52557",
                "thumb_80": "https:\/\/files.slack.com\/files-tmb\/T5M5PLH8U-FUN8ERRUH-cae21c8c74\/image_80.png?t=xoxe-191193697300-1655641665238-1662624174259-9d4966033b52bec8bbd54ad611c52557",
                "thumb_360": "https:\/\/files.slack.com\/files-tmb\/T5M5PLH8U-FUN8ERRUH-cae21c8c74\/image_360.png?t=xoxe-191193697300-1655641665238-1662624174259-9d4966033b52bec8bbd54ad611c52557",
                "thumb_360_w": 307,
                "thumb_360_h": 360,
                "thumb_480": "https:\/\/files.slack.com\/files-tmb\/T5M5PLH8U-FUN8ERRUH-cae21c8c74\/image_480.png?t=xoxe-191193697300-1655641665238-1662624174259-9d4966033b52bec8bbd54ad611c52557",
                "thumb_480_w": 409,
                "thumb_480_h": 480,
                "thumb_160": "https:\/\/files.slack.com\/files-tmb\/T5M5PLH8U-FUN8ERRUH-cae21c8c74\/image_160.png?t=xoxe-191193697300-1655641665238-1662624174259-9d4966033b52bec8bbd54ad611c52557",
                "thumb_720": "https:\/\/files.slack.com\/files-tmb\/T5M5PLH8U-FUN8ERRUH-cae21c8c74\/image_720.png?t=xoxe-191193697300-1655641665238-1662624174259-9d4966033b52bec8bbd54ad611c52557",
                "thumb_720_w": 613,
                "thumb_720_h": 720,
                "thumb_800": "https:\/\/files.slack.com\/files-tmb\/T5M5PLH8U-FUN8ERRUH-cae21c8c74\/image_800.png?t=xoxe-191193697300-1655641665238-1662624174259-9d4966033b52bec8bbd54ad611c52557",
                "thumb_800_w": 682,
                "thumb_800_h": 800,
                "image_exif_rotation": 1,
                "original_w": 737,
                "original_h": 865,
                "thumb_tiny": "AwAwACiZVbGSwJ7Vbj+4KoOvzALkr3+arsKgRLgnGKQyTtTSW3ABc575pRRg+tMRFOHKrggfMOn1p2x\/71KzBSoY9TxTvxp3AqBfn9AasxkFB64qi6llJP3ugxWgn3B9KlDYCjjPX9aKRiAw4Jz7UxCMisykgfLzT+KYGYsRtOAepNPpgUWfaygk49hVxMhRkg8VT2Lgc\/rmrqkFRz2qUNhzRznpRR+NMQdKWm7VznHPqadQB\/\/Z",
                "permalink": "https:\/\/usdevkit.slack.com\/files\/URM2LCMHA\/FUN8ERRUH\/image.png",
                "permalink_public": "https:\/\/slack-files.com\/T5M5PLH8U-FUN8ERRUH-4bc1f1c31b",
                "is_starred": false,
                "has_rich_preview": false
            }
        ],
        "upload": true,
        "blocks": [
            {
                "type": "rich_text",
                "block_id": "Y4p0+",
                "elements": [
                    {
                        "type": "rich_text_section",
                        "elements": [
                            {
                                "type": "text",
                                "text": "Current state of acquisition.  Would like to try varying excitation pulse width.  Will send script and console capture showing changed hex values generated."
                            }
                        ]
                    }
                ]
            }
        ],
        "user": "URM2LCMHA",
        "display_as_bot": false,
        "ts": "1583437951.019900",
        "client_msg_id": "32bd850f-2931-4f26-977b-8fad74bfab3b",
        "thread_ts": "1583414620.019400",
        "parent_user_id": "URM2LCMHA"
    },
    {
        "type": "message",
        "text": "python script modified in 'single'  section. Also txt file showing Pon values changing. Output pulse is 320 ns in both cases.",
        "files": [
            {
                "id": "FUYDABW5T",
                "created": 1583439488,
                "timestamp": 1583439488,
                "name": "pyUn0_pulseWidth.py",
                "title": "pyUn0_pulseWidth.py",
                "mimetype": "text\/plain",
                "filetype": "python",
                "pretty_type": "Python",
                "user": "URM2LCMHA",
                "editable": true,
                "size": 36829,
                "mode": "snippet",
                "is_external": false,
                "external_type": "",
                "is_public": true,
                "public_url_shared": false,
                "display_as_bot": false,
                "username": "",
                "url_private": "https:\/\/files.slack.com\/files-pri\/T5M5PLH8U-FUYDABW5T\/pyun0_pulsewidth.py?t=xoxe-191193697300-1655641665238-1662624174259-9d4966033b52bec8bbd54ad611c52557",
                "url_private_download": "https:\/\/files.slack.com\/files-pri\/T5M5PLH8U-FUYDABW5T\/download\/pyun0_pulsewidth.py?t=xoxe-191193697300-1655641665238-1662624174259-9d4966033b52bec8bbd54ad611c52557",
                "permalink": "https:\/\/usdevkit.slack.com\/files\/URM2LCMHA\/FUYDABW5T\/pyun0_pulsewidth.py",
                "permalink_public": "https:\/\/slack-files.com\/T5M5PLH8U-FUYDABW5T-bdcf9dc9bf",
                "edit_link": "https:\/\/usdevkit.slack.com\/files\/URM2LCMHA\/FUYDABW5T\/pyun0_pulsewidth.py\/edit",
                "is_starred": false,
                "has_rich_preview": false
            },
            {
                "id": "FUKK07GV8",
                "created": 1583439488,
                "timestamp": 1583439488,
                "name": "pulsetmg.txt",
                "title": "pulsetmg.txt",
                "mimetype": "text\/plain",
                "filetype": "text",
                "pretty_type": "Plain Text",
                "user": "URM2LCMHA",
                "editable": true,
                "size": 2483,
                "mode": "snippet",
                "is_external": false,
                "external_type": "",
                "is_public": true,
                "public_url_shared": false,
                "display_as_bot": false,
                "username": "",
                "url_private": "https:\/\/files.slack.com\/files-pri\/T5M5PLH8U-FUKK07GV8\/pulsetmg.txt?t=xoxe-191193697300-1655641665238-1662624174259-9d4966033b52bec8bbd54ad611c52557",
                "url_private_download": "https:\/\/files.slack.com\/files-pri\/T5M5PLH8U-FUKK07GV8\/download\/pulsetmg.txt?t=xoxe-191193697300-1655641665238-1662624174259-9d4966033b52bec8bbd54ad611c52557",
                "permalink": "https:\/\/usdevkit.slack.com\/files\/URM2LCMHA\/FUKK07GV8\/pulsetmg.txt",
                "permalink_public": "https:\/\/slack-files.com\/T5M5PLH8U-FUKK07GV8-0ed5484ec0",
                "edit_link": "https:\/\/usdevkit.slack.com\/files\/URM2LCMHA\/FUKK07GV8\/pulsetmg.txt\/edit",
                "is_starred": false,
                "has_rich_preview": false
            }
        ],
        "upload": true,
        "blocks": [
            {
                "type": "rich_text",
                "block_id": "guq",
                "elements": [
                    {
                        "type": "rich_text_section",
                        "elements": [
                            {
                                "type": "text",
                                "text": "python script modified in 'single'  section. Also txt file showing Pon values changing. Output pulse is 320 ns in both cases."
                            }
                        ]
                    }
                ]
            }
        ],
        "user": "URM2LCMHA",
        "ts": "1583439490.020400",
        "client_msg_id": "8a8e021f-117f-4543-8964-ca82656c2a4d",
        "thread_ts": "1583414620.019400",
        "parent_user_id": "URM2LCMHA"
    }
]