[
    {
        "client_msg_id": "fb4f2b8d-16cb-4ae8-a815-318e41a4d5c6",
        "type": "message",
        "text": "Nope, normally different OSes as well, and might be well 64 vs 32 bits. What's weird is that the multiline argument seems not to work: can get the test_spi function to work properly.\nAdding to issues - and starting at thread here : <https:\/\/usdevkit.slack.com\/archives\/C9H58ADJT\/p1584868411000400>",
        "user": "U5M5PLH9S",
        "ts": "1584868333.000700",
        "team": "T5M5PLH8U",
        "user_team": "T5M5PLH8U",
        "source_team": "T5M5PLH8U",
        "user_profile": {
            "avatar_hash": "e4fb6ae9f526",
            "image_72": "https:\/\/avatars.slack-edge.com\/2017-06-01\/191144530514_e4fb6ae9f526531fd41c_72.jpg",
            "first_name": "",
            "real_name": "kelu",
            "display_name": "",
            "team": "T5M5PLH8U",
            "name": "kelu",
            "is_restricted": false,
            "is_ultra_restricted": false
        },
        "edited": {
            "user": "U5M5PLH9S",
            "ts": "1584868430.000000"
        },
        "blocks": [
            {
                "type": "rich_text",
                "block_id": "jV3EI",
                "elements": [
                    {
                        "type": "rich_text_section",
                        "elements": [
                            {
                                "type": "text",
                                "text": "Nope, normally different OSes as well, and might be well 64 vs 32 bits. What's weird is that the multiline argument seems not to work: can get the test_spi function to work properly.\nAdding to issues - and starting at thread here : "
                            },
                            {
                                "type": "link",
                                "url": "https:\/\/usdevkit.slack.com\/archives\/C9H58ADJT\/p1584868411000400"
                            }
                        ]
                    }
                ]
            }
        ],
        "thread_ts": "1583414620.019400",
        "parent_user_id": "URM2LCMHA"
    },
    {
        "client_msg_id": "94d51658-d69d-4ca8-9037-6be20f868cad",
        "type": "message",
        "text": "As a side note, I tested different pulse widths ( <https:\/\/github.com\/kelu124\/echomods\/tree\/master\/matty\/20200321a> ) interesting results, changes in phase and amplitude of echoes :smiley:",
        "user": "U5M5PLH9S",
        "ts": "1584868369.000900",
        "team": "T5M5PLH8U",
        "user_team": "T5M5PLH8U",
        "source_team": "T5M5PLH8U",
        "user_profile": {
            "avatar_hash": "e4fb6ae9f526",
            "image_72": "https:\/\/avatars.slack-edge.com\/2017-06-01\/191144530514_e4fb6ae9f526531fd41c_72.jpg",
            "first_name": "",
            "real_name": "kelu",
            "display_name": "",
            "team": "T5M5PLH8U",
            "name": "kelu",
            "is_restricted": false,
            "is_ultra_restricted": false
        },
        "blocks": [
            {
                "type": "rich_text",
                "block_id": "NPs",
                "elements": [
                    {
                        "type": "rich_text_section",
                        "elements": [
                            {
                                "type": "text",
                                "text": "As a side note, I tested different pulse widths ( "
                            },
                            {
                                "type": "link",
                                "url": "https:\/\/github.com\/kelu124\/echomods\/tree\/master\/matty\/20200321a"
                            },
                            {
                                "type": "text",
                                "text": " ) interesting results, changes in phase and amplitude of echoes "
                            },
                            {
                                "type": "emoji",
                                "name": "smiley"
                            }
                        ]
                    }
                ]
            }
        ],
        "thread_ts": "1583414620.019400",
        "parent_user_id": "URM2LCMHA"
    }
]