[
    {
        "client_msg_id": "3367e1c6-5e8b-44fe-b94f-ca50805e1e1e",
        "type": "message",
        "text": "Another piece of open-hardware, if needed, a fast PMOD oriented 200Msps ADC (7bits + 1 CLK though to fit on a single PMOD).\n<https:\/\/github.com\/kelu124\/ADC08200-PMOD>",
        "user": "U5M5PLH9S",
        "ts": "1604078105.011400",
        "team": "T5M5PLH8U",
        "user_team": "T5M5PLH8U",
        "source_team": "T5M5PLH8U",
        "user_profile": {
            "avatar_hash": "e4fb6ae9f526",
            "image_72": "https:\/\/avatars.slack-edge.com\/2017-06-01\/191144530514_e4fb6ae9f526531fd41c_72.jpg",
            "first_name": "",
            "real_name": "kelu",
            "display_name": "",
            "team": "T5M5PLH8U",
            "name": "kelu",
            "is_restricted": false,
            "is_ultra_restricted": false
        },
        "blocks": [
            {
                "type": "rich_text",
                "block_id": "75w",
                "elements": [
                    {
                        "type": "rich_text_section",
                        "elements": [
                            {
                                "type": "text",
                                "text": "Another piece of open-hardware, if needed, a fast PMOD oriented 200Msps ADC (7bits + 1 CLK though to fit on a single PMOD).\n"
                            },
                            {
                                "type": "link",
                                "url": "https:\/\/github.com\/kelu124\/ADC08200-PMOD"
                            }
                        ]
                    }
                ]
            }
        ]
    }
]