[
    {
        "type": "message",
        "text": "Richard, can you try to download both files and have them in the same folder on the RPI, and to use the following command:\n pyUn0_pulseWidth -f 10lines.exp.md\n? It allows you to change parameters for the acquisitions without changing the library. This has for effect to do 10 lines during the acquistion, to check if all pulse width (for all 10 shoots) are still constant, or if there's a bug only with the first.",
        "files": [
            {
                "id": "FV3GKR4QN",
                "created": 1583597942,
                "timestamp": 1583597942,
                "name": "pyUn0_pulseWidth.py",
                "title": "pyUn0_pulseWidth.py",
                "mimetype": "text\/plain",
                "filetype": "python",
                "pretty_type": "Python",
                "user": "U5M5PLH9S",
                "editable": true,
                "size": 36867,
                "mode": "snippet",
                "is_external": false,
                "external_type": "",
                "is_public": true,
                "public_url_shared": false,
                "display_as_bot": false,
                "username": "",
                "url_private": "https:\/\/files.slack.com\/files-pri\/T5M5PLH8U-FV3GKR4QN\/pyun0_pulsewidth.py?t=xoxe-191193697300-1655641665238-1662624174259-9d4966033b52bec8bbd54ad611c52557",
                "url_private_download": "https:\/\/files.slack.com\/files-pri\/T5M5PLH8U-FV3GKR4QN\/download\/pyun0_pulsewidth.py?t=xoxe-191193697300-1655641665238-1662624174259-9d4966033b52bec8bbd54ad611c52557",
                "permalink": "https:\/\/usdevkit.slack.com\/files\/U5M5PLH9S\/FV3GKR4QN\/pyun0_pulsewidth.py",
                "permalink_public": "https:\/\/slack-files.com\/T5M5PLH8U-FV3GKR4QN-f995c52736",
                "edit_link": "https:\/\/usdevkit.slack.com\/files\/U5M5PLH9S\/FV3GKR4QN\/pyun0_pulsewidth.py\/edit",
                "is_starred": false,
                "has_rich_preview": false
            },
            {
                "id": "FUR7QQA3B",
                "created": 1583597942,
                "timestamp": 1583597942,
                "name": "10lines.exp.md",
                "title": "10lines.exp.md",
                "mimetype": "text\/plain",
                "filetype": "markdown",
                "pretty_type": "Markdown (raw)",
                "user": "U5M5PLH9S",
                "editable": true,
                "size": 380,
                "mode": "snippet",
                "is_external": false,
                "external_type": "",
                "is_public": true,
                "public_url_shared": false,
                "display_as_bot": false,
                "username": "",
                "url_private": "https:\/\/files.slack.com\/files-pri\/T5M5PLH8U-FUR7QQA3B\/10lines.exp.md?t=xoxe-191193697300-1655641665238-1662624174259-9d4966033b52bec8bbd54ad611c52557",
                "url_private_download": "https:\/\/files.slack.com\/files-pri\/T5M5PLH8U-FUR7QQA3B\/download\/10lines.exp.md?t=xoxe-191193697300-1655641665238-1662624174259-9d4966033b52bec8bbd54ad611c52557",
                "permalink": "https:\/\/usdevkit.slack.com\/files\/U5M5PLH9S\/FUR7QQA3B\/10lines.exp.md",
                "permalink_public": "https:\/\/slack-files.com\/T5M5PLH8U-FUR7QQA3B-9dce9ef884",
                "edit_link": "https:\/\/usdevkit.slack.com\/files\/U5M5PLH9S\/FUR7QQA3B\/10lines.exp.md\/edit",
                "is_starred": false,
                "has_rich_preview": false
            }
        ],
        "upload": true,
        "blocks": [
            {
                "type": "rich_text",
                "block_id": "0=YYi",
                "elements": [
                    {
                        "type": "rich_text_section",
                        "elements": [
                            {
                                "type": "text",
                                "text": "Richard, can you try to download both files and have them in the same folder on the RPI, and to use the following command:\n pyUn0_pulseWidth -f 10lines.exp.md\n? It allows you to change parameters for the acquisitions without changing the library. This has for effect to do 10 lines during the acquistion, to check if all pulse width (for all 10 shoots) are still constant, or if there's a bug only with the first."
                            }
                        ]
                    }
                ]
            }
        ],
        "user": "U5M5PLH9S",
        "ts": "1583597944.021400",
        "client_msg_id": "3ce3a75d-5a74-4b7a-b468-cf2ddab5022a",
        "thread_ts": "1583414620.019400",
        "parent_user_id": "URM2LCMHA"
    }
]