[
    {
        "type": "message",
        "text": "Finally released a pyUn0 (un0rick control lib) version that is py3 compatible (I know <@UFPCMHBA6> I'm late) that also works on the RPi4. Still needs some polish.\n<https:\/\/github.com\/kelu124\/pyUn0-lib>",
        "files": [
            {
                "id": "F01D0LE7U0G",
                "created": 1602258769,
                "timestamp": 1602258769,
                "name": "image.png",
                "title": "image.png",
                "mimetype": "image\/png",
                "filetype": "png",
                "pretty_type": "PNG",
                "user": "U5M5PLH9S",
                "editable": false,
                "size": 152618,
                "mode": "hosted",
                "is_external": false,
                "external_type": "",
                "is_public": true,
                "public_url_shared": false,
                "display_as_bot": false,
                "username": "",
                "url_private": "https:\/\/files.slack.com\/files-pri\/T5M5PLH8U-F01D0LE7U0G\/image.png?t=xoxe-191193697300-1655641665238-1662624174259-9d4966033b52bec8bbd54ad611c52557",
                "url_private_download": "https:\/\/files.slack.com\/files-pri\/T5M5PLH8U-F01D0LE7U0G\/download\/image.png?t=xoxe-191193697300-1655641665238-1662624174259-9d4966033b52bec8bbd54ad611c52557",
                "thumb_64": "https:\/\/files.slack.com\/files-tmb\/T5M5PLH8U-F01D0LE7U0G-e083b2ca19\/image_64.png?t=xoxe-191193697300-1655641665238-1662624174259-9d4966033b52bec8bbd54ad611c52557",
                "thumb_80": "https:\/\/files.slack.com\/files-tmb\/T5M5PLH8U-F01D0LE7U0G-e083b2ca19\/image_80.png?t=xoxe-191193697300-1655641665238-1662624174259-9d4966033b52bec8bbd54ad611c52557",
                "thumb_360": "https:\/\/files.slack.com\/files-tmb\/T5M5PLH8U-F01D0LE7U0G-e083b2ca19\/image_360.png?t=xoxe-191193697300-1655641665238-1662624174259-9d4966033b52bec8bbd54ad611c52557",
                "thumb_360_w": 360,
                "thumb_360_h": 180,
                "thumb_480": "https:\/\/files.slack.com\/files-tmb\/T5M5PLH8U-F01D0LE7U0G-e083b2ca19\/image_480.png?t=xoxe-191193697300-1655641665238-1662624174259-9d4966033b52bec8bbd54ad611c52557",
                "thumb_480_w": 480,
                "thumb_480_h": 240,
                "thumb_160": "https:\/\/files.slack.com\/files-tmb\/T5M5PLH8U-F01D0LE7U0G-e083b2ca19\/image_160.png?t=xoxe-191193697300-1655641665238-1662624174259-9d4966033b52bec8bbd54ad611c52557",
                "thumb_720": "https:\/\/files.slack.com\/files-tmb\/T5M5PLH8U-F01D0LE7U0G-e083b2ca19\/image_720.png?t=xoxe-191193697300-1655641665238-1662624174259-9d4966033b52bec8bbd54ad611c52557",
                "thumb_720_w": 720,
                "thumb_720_h": 360,
                "thumb_800": "https:\/\/files.slack.com\/files-tmb\/T5M5PLH8U-F01D0LE7U0G-e083b2ca19\/image_800.png?t=xoxe-191193697300-1655641665238-1662624174259-9d4966033b52bec8bbd54ad611c52557",
                "thumb_800_w": 800,
                "thumb_800_h": 400,
                "thumb_960": "https:\/\/files.slack.com\/files-tmb\/T5M5PLH8U-F01D0LE7U0G-e083b2ca19\/image_960.png?t=xoxe-191193697300-1655641665238-1662624174259-9d4966033b52bec8bbd54ad611c52557",
                "thumb_960_w": 960,
                "thumb_960_h": 480,
                "thumb_1024": "https:\/\/files.slack.com\/files-tmb\/T5M5PLH8U-F01D0LE7U0G-e083b2ca19\/image_1024.png?t=xoxe-191193697300-1655641665238-1662624174259-9d4966033b52bec8bbd54ad611c52557",
                "thumb_1024_w": 1024,
                "thumb_1024_h": 512,
                "original_w": 2000,
                "original_h": 1000,
                "thumb_tiny": "AwAYADDTo74pMn0poLecwxxtHOfrTsA4gE4oAA4pmW88gDjaO\/uaQl\/tAG0bdvr70WAkzzjvS1CxcXKAKCNpzz9Kl57j8jQ0AtJjnNLRSATHzE+1GBnNKehoFACYG7PoMUtFFAH\/2Q==",
                "permalink": "https:\/\/usdevkit.slack.com\/files\/U5M5PLH9S\/F01D0LE7U0G\/image.png",
                "permalink_public": "https:\/\/slack-files.com\/T5M5PLH8U-F01D0LE7U0G-51b5ff05a6",
                "is_starred": false,
                "has_rich_preview": false
            }
        ],
        "upload": false,
        "blocks": [
            {
                "type": "rich_text",
                "block_id": "RcmAn",
                "elements": [
                    {
                        "type": "rich_text_section",
                        "elements": [
                            {
                                "type": "text",
                                "text": "Finally released a pyUn0 (un0rick control lib) version that is py3 compatible (I know "
                            },
                            {
                                "type": "user",
                                "user_id": "UFPCMHBA6"
                            },
                            {
                                "type": "text",
                                "text": " I'm late) that also works on the RPi4. Still needs some polish.\n"
                            },
                            {
                                "type": "link",
                                "url": "https:\/\/github.com\/kelu124\/pyUn0-lib"
                            }
                        ]
                    }
                ]
            }
        ],
        "user": "U5M5PLH9S",
        "display_as_bot": false,
        "ts": "1602258785.008000",
        "edited": {
            "user": "U5M5PLH9S",
            "ts": "1602264432.000000"
        },
        "thread_ts": "1599909209.010100",
        "parent_user_id": "U5M5PLH9S",
        "subtype": "thread_broadcast",
        "root": {
            "client_msg_id": "51c08b7f-3a8d-44a8-9b64-3300f01e75c3",
            "type": "message",
            "text": "Not often that it happens but.. <!channel>, we need you :smiley:\n\nManaged to get some rad images from a RPi Zero ( <https:\/\/github.com\/kelu124\/echomods\/tree\/master\/matty\/20200608a> ) but the same script fails on a Raspberry Pi 4. No idea why.\nGuessing some changes in spidev? In any case, a bit unclear.\n\nSoooo, in your view, from the python contro lib in question ( <https:\/\/raw.githubusercontent.com\/kelu124\/echomods\/master\/matty\/20200608a\/pyUn0.py> ), what's the bug ?",
            "user": "U5M5PLH9S",
            "ts": "1599909209.010100",
            "team": "T5M5PLH8U",
            "blocks": [
                {
                    "type": "rich_text",
                    "block_id": "mq3vH",
                    "elements": [
                        {
                            "type": "rich_text_section",
                            "elements": [
                                {
                                    "type": "text",
                                    "text": "Not often that it happens but.. "
                                },
                                {
                                    "type": "broadcast",
                                    "range": "channel"
                                },
                                {
                                    "type": "text",
                                    "text": ", we need you "
                                },
                                {
                                    "type": "emoji",
                                    "name": "smiley"
                                },
                                {
                                    "type": "text",
                                    "text": "\n\nManaged to get some rad images from a RPi Zero ( "
                                },
                                {
                                    "type": "link",
                                    "url": "https:\/\/github.com\/kelu124\/echomods\/tree\/master\/matty\/20200608a"
                                },
                                {
                                    "type": "text",
                                    "text": " ) but the same script fails on a Raspberry Pi 4. No idea why.\nGuessing some changes in spidev? In any case, a bit unclear.\n\nSoooo, in your view, from the python contro lib in question ( "
                                },
                                {
                                    "type": "link",
                                    "url": "https:\/\/raw.githubusercontent.com\/kelu124\/echomods\/master\/matty\/20200608a\/pyUn0.py"
                                },
                                {
                                    "type": "text",
                                    "text": " ), what's the bug ?"
                                }
                            ]
                        }
                    ]
                }
            ],
            "thread_ts": "1599909209.010100",
            "reply_count": 3,
            "reply_users_count": 1,
            "latest_reply": "1603916218.010400",
            "reply_users": [
                "U5M5PLH9S"
            ],
            "subscribed": true,
            "last_read": "1603916218.010400"
        }
    }
]