[
    {
        "client_msg_id": "a1e47d74-e93b-4812-98e3-9f277ac4657f",
        "type": "message",
        "text": "Happy New year to all of you!",
        "user": "U01HRKXAH53",
        "ts": "1609498705.039800",
        "team": "T5M5PLH8U",
        "user_team": "T5M5PLH8U",
        "source_team": "T5M5PLH8U",
        "user_profile": {
            "avatar_hash": "gf91f161c512",
            "image_72": "https:\/\/secure.gravatar.com\/avatar\/f91f161c512e639bab1a7afd06dc933e.jpg?s=72&d=https%3A%2F%2Fa.slack-edge.com%2Fdf10d%2Fimg%2Favatars%2Fava_0017-72.png",
            "first_name": "jacques",
            "real_name": "jacques Feldmar",
            "display_name": "Koje",
            "team": "T5M5PLH8U",
            "name": "jfeldmar",
            "is_restricted": false,
            "is_ultra_restricted": false
        },
        "blocks": [
            {
                "type": "rich_text",
                "block_id": "tSni",
                "elements": [
                    {
                        "type": "rich_text_section",
                        "elements": [
                            {
                                "type": "text",
                                "text": "Happy New year to all of you!"
                            }
                        ]
                    }
                ]
            }
        ]
    },
    {
        "client_msg_id": "bbdf1a3a-c3b1-47d8-84bb-77428fc7dbac",
        "type": "message",
        "text": "I am new in this group and I would like to say first that I am most impressed by what you have been doing.\n\nMy research interest is related to medical applications but it is not echo imaging. It is quantitative ultrasound: <https:\/\/en.m.wikipedia.org\/wiki\/Ultrasound_computer_tomography|https:\/\/en.m.wikipedia.org\/wiki\/Ultrasound_computer_tomography>\n\nBasically,  the goal is to measure some physical properties at some points in the material which is being observered, typically speed of sound, pressure, temperature... These quantities are related by the acoustic wave propagation differential equations and correspond to local impedence.\n\nThe result of the analysis can be the impedence at on single point (element of volume), a 2D image with impedance as pixel intensities or a 3D volume with impedance as voxel intensities.\n\nIn order to measure these quantities, one cannot assume that speed of sound is constant and that sound waves propagate along straight lines. Refraction, diffraction and absorption  have to be taken into account either geometrically or according to acoustic propagation differential equations. \n\nThis is a standard inverse problem which requires to move the transducer and take many measurement from different locations and\/or to put the emitters and receivers in independent places.\n\nHere is an application of speed of sound tomography:\n<https:\/\/www.nature.com\/articles\/s41746-020-0240-8|https:\/\/www.nature.com\/articles\/s41746-020-0240-8>\n\nYou can see that the images do not show echo, resemble MR or CAT images, that bones do not block ultrasound at 400khz and that spatial resolution is below the wavelength...",
        "user": "U01HRKXAH53",
        "ts": "1609500170.063000",
        "team": "T5M5PLH8U",
        "user_team": "T5M5PLH8U",
        "source_team": "T5M5PLH8U",
        "user_profile": {
            "avatar_hash": "gf91f161c512",
            "image_72": "https:\/\/secure.gravatar.com\/avatar\/f91f161c512e639bab1a7afd06dc933e.jpg?s=72&d=https%3A%2F%2Fa.slack-edge.com%2Fdf10d%2Fimg%2Favatars%2Fava_0017-72.png",
            "first_name": "jacques",
            "real_name": "jacques Feldmar",
            "display_name": "Koje",
            "team": "T5M5PLH8U",
            "name": "jfeldmar",
            "is_restricted": false,
            "is_ultra_restricted": false
        },
        "edited": {
            "user": "U01HRKXAH53",
            "ts": "1609601046.000000"
        },
        "blocks": [
            {
                "type": "rich_text",
                "block_id": "Vkstr",
                "elements": [
                    {
                        "type": "rich_text_section",
                        "elements": [
                            {
                                "type": "text",
                                "text": "I am new in this group and I would like to say first that I am most impressed by what you have been doing.\n\nMy research interest is related to medical applications but it is not echo imaging. It is quantitative ultrasound: "
                            },
                            {
                                "type": "link",
                                "url": "https:\/\/en.m.wikipedia.org\/wiki\/Ultrasound_computer_tomography",
                                "text": "https:\/\/en.m.wikipedia.org\/wiki\/Ultrasound_computer_tomography"
                            },
                            {
                                "type": "text",
                                "text": "\n\nBasically,  the goal is to measure some physical properties at some points in the material which is being observered, typically speed of sound, pressure, temperature... These quantities are related by the acoustic wave propagation differential equations and correspond to local impedence.\n\nThe result of the analysis can be the impedence at on single point (element of volume), a 2D image with impedance as pixel intensities or a 3D volume with impedance as voxel intensities.\n\nIn order to measure these quantities, one cannot assume that speed of sound is constant and that sound waves propagate along straight lines. Refraction, diffraction and absorption  have to be taken into account either geometrically or according to acoustic propagation differential equations. \n\nThis is a standard inverse problem which requires to move the transducer and take many measurement from different locations and\/or to put the emitters and receivers in independent places.\n\nHere is an application of speed of sound tomography:\n"
                            },
                            {
                                "type": "link",
                                "url": "https:\/\/www.nature.com\/articles\/s41746-020-0240-8",
                                "text": "https:\/\/www.nature.com\/articles\/s41746-020-0240-8"
                            },
                            {
                                "type": "text",
                                "text": "\n\nYou can see that the images do not show echo, resemble MR or CAT images, that bones do not block ultrasound at 400khz and that spatial resolution is below the wavelength..."
                            }
                        ]
                    }
                ]
            }
        ],
        "thread_ts": "1609500170.063000",
        "reply_count": 1,
        "reply_users_count": 1,
        "latest_reply": "1609838475.084300",
        "reply_users": [
            "U5M5PLH9S"
        ],
        "replies": [
            {
                "user": "U5M5PLH9S",
                "ts": "1609838475.084300"
            }
        ],
        "subscribed": true,
        "last_read": "1609838475.084300"
    },
    {
        "client_msg_id": "2d042b67-0012-4cd0-8b05-83d61f5d4e0e",
        "type": "message",
        "text": "Salut <@U01HRKXAH53>. I trust we had chatted in the past :)\nThere are a few of us into tomography here I guess.",
        "user": "U5M5PLH9S",
        "ts": "1609504294.066100",
        "team": "T5M5PLH8U",
        "user_team": "T5M5PLH8U",
        "source_team": "T5M5PLH8U",
        "user_profile": {
            "avatar_hash": "e4fb6ae9f526",
            "image_72": "https:\/\/avatars.slack-edge.com\/2017-06-01\/191144530514_e4fb6ae9f526531fd41c_72.jpg",
            "first_name": "",
            "real_name": "kelu",
            "display_name": "",
            "team": "T5M5PLH8U",
            "name": "kelu",
            "is_restricted": false,
            "is_ultra_restricted": false
        },
        "edited": {
            "user": "U5M5PLH9S",
            "ts": "1609504369.000000"
        },
        "blocks": [
            {
                "type": "rich_text",
                "block_id": "Epp",
                "elements": [
                    {
                        "type": "rich_text_section",
                        "elements": [
                            {
                                "type": "text",
                                "text": "Salut "
                            },
                            {
                                "type": "user",
                                "user_id": "U01HRKXAH53"
                            },
                            {
                                "type": "text",
                                "text": ". I trust we had chatted in the past :)\nThere are a few of us into tomography here I guess."
                            }
                        ]
                    }
                ]
            }
        ],
        "thread_ts": "1609504294.066100",
        "reply_count": 16,
        "reply_users_count": 3,
        "latest_reply": "1610035501.084600",
        "reply_users": [
            "U5M5PLH9S",
            "UGJ8GJGNR",
            "U01HRKXAH53"
        ],
        "replies": [
            {
                "user": "U5M5PLH9S",
                "ts": "1609504398.066300"
            },
            {
                "user": "U5M5PLH9S",
                "ts": "1609509310.074900"
            },
            {
                "user": "UGJ8GJGNR",
                "ts": "1609534518.079600"
            },
            {
                "user": "U01HRKXAH53",
                "ts": "1609659737.081200"
            },
            {
                "user": "U01HRKXAH53",
                "ts": "1609660065.081400"
            },
            {
                "user": "U01HRKXAH53",
                "ts": "1609660162.081600"
            },
            {
                "user": "U01HRKXAH53",
                "ts": "1609660337.081800"
            },
            {
                "user": "U01HRKXAH53",
                "ts": "1609660616.082200"
            },
            {
                "user": "U01HRKXAH53",
                "ts": "1609660967.082400"
            },
            {
                "user": "U01HRKXAH53",
                "ts": "1609661132.082600"
            },
            {
                "user": "U01HRKXAH53",
                "ts": "1609661241.082800"
            },
            {
                "user": "U5M5PLH9S",
                "ts": "1609669156.083100"
            },
            {
                "user": "UGJ8GJGNR",
                "ts": "1609751470.083300"
            },
            {
                "user": "UGJ8GJGNR",
                "ts": "1609751546.083500"
            },
            {
                "user": "UGJ8GJGNR",
                "ts": "1609751571.083700"
            },
            {
                "user": "U5M5PLH9S",
                "ts": "1610035501.084600"
            }
        ],
        "subscribed": true,
        "last_read": "1610035501.084600"
    },
    {
        "client_msg_id": "81a4ee7d-7db6-4f83-ad4f-0f56ea471bbb",
        "type": "message",
        "text": "Some of the hardware was used in tomography I guess ;) see <https:\/\/usdevkit.slack.com\/archives\/C5M71F0DT\/p1588497530007300?thread_ts=1588497530.007300&amp;cid=C5M71F0DT|https:\/\/usdevkit.slack.com\/archives\/C5M71F0DT\/p1588497530007300?thread_ts=1588497530.007300&amp;cid=C5M71F0DT>",
        "user": "U5M5PLH9S",
        "ts": "1609504398.066300",
        "team": "T5M5PLH8U",
        "user_team": "T5M5PLH8U",
        "source_team": "T5M5PLH8U",
        "user_profile": {
            "avatar_hash": "e4fb6ae9f526",
            "image_72": "https:\/\/avatars.slack-edge.com\/2017-06-01\/191144530514_e4fb6ae9f526531fd41c_72.jpg",
            "first_name": "",
            "real_name": "kelu",
            "display_name": "",
            "team": "T5M5PLH8U",
            "name": "kelu",
            "is_restricted": false,
            "is_ultra_restricted": false
        },
        "attachments": [
            {
                "from_url": "https:\/\/usdevkit.slack.com\/archives\/C5M71F0DT\/p1588497530007300?thread_ts=1588497530.007300&amp;cid=C5M71F0DT",
                "fallback": "[May 3rd, 2020 2:18 AM] kelu: Hehe just found an integrated fork of the modules in tomo research \"Construction of Ultrasonic Reflection Tomograph\nfor Analysis of Technological Processes\" :smiley:",
                "ts": "1588497530.007300",
                "author_id": "U5M5PLH9S",
                "author_subname": "kelu",
                "channel_id": "C5M71F0DT",
                "channel_name": "general",
                "is_msg_unfurl": true,
                "is_thread_root_unfurl": true,
                "text": "Hehe just found an integrated fork of the modules in tomo research \"Construction of Ultrasonic Reflection Tomograph\nfor Analysis of Technological Processes\" :smiley:",
                "author_name": "kelu",
                "author_link": "https:\/\/usdevkit.slack.com\/team\/U5M5PLH9S",
                "author_icon": "https:\/\/avatars.slack-edge.com\/2017-06-01\/191144530514_e4fb6ae9f526531fd41c_48.jpg",
                "mrkdwn_in": [
                    "text"
                ],
                "files": [
                    {
                        "id": "F012YS96M9R",
                        "created": 1588497528,
                        "timestamp": 1588497528,
                        "name": "golabiek_fork.png",
                        "title": "golabiek_fork.png",
                        "mimetype": "image\/png",
                        "filetype": "png",
                        "pretty_type": "PNG",
                        "user": "U5M5PLH9S",
                        "editable": false,
                        "size": 297217,
                        "mode": "hosted",
                        "is_external": false,
                        "external_type": "",
                        "is_public": true,
                        "public_url_shared": false,
                        "display_as_bot": false,
                        "username": "",
                        "url_private": "https:\/\/files.slack.com\/files-pri\/T5M5PLH8U-F012YS96M9R\/golabiek_fork.png",
                        "url_private_download": "https:\/\/files.slack.com\/files-pri\/T5M5PLH8U-F012YS96M9R\/download\/golabiek_fork.png",
                        "thumb_64": "https:\/\/files.slack.com\/files-tmb\/T5M5PLH8U-F012YS96M9R-4dfd2dd1b4\/golabiek_fork_64.png",
                        "thumb_80": "https:\/\/files.slack.com\/files-tmb\/T5M5PLH8U-F012YS96M9R-4dfd2dd1b4\/golabiek_fork_80.png",
                        "thumb_360": "https:\/\/files.slack.com\/files-tmb\/T5M5PLH8U-F012YS96M9R-4dfd2dd1b4\/golabiek_fork_360.png",
                        "thumb_360_w": 311,
                        "thumb_360_h": 360,
                        "thumb_480": "https:\/\/files.slack.com\/files-tmb\/T5M5PLH8U-F012YS96M9R-4dfd2dd1b4\/golabiek_fork_480.png",
                        "thumb_480_w": 414,
                        "thumb_480_h": 480,
                        "thumb_160": "https:\/\/files.slack.com\/files-tmb\/T5M5PLH8U-F012YS96M9R-4dfd2dd1b4\/golabiek_fork_160.png",
                        "original_w": 574,
                        "original_h": 665,
                        "thumb_tiny": "AwAwACnQKjJ5NQz3EcEiI2WZvfoKmkYIhbGSPas1syOS3ek3YC7FcQyjKnHPc4qXC+g\/OssL0UDitK3j8uMDueTQmBIFA5paKKYDcjPWmvFG\/wB5cn1xUmKy5bmcTFUc0AW1tkSQMCSB2IqfjPes2O6kI+aQ5qe2md5QN5I96RN9bFwEdBS0UUygrLlbbI1ae72NVHtA7Elzz\/s0mJq5RfGM5P51LYvm4Qe5\/lUxsAf+Wjf980+G0EUgfexx220CsXKKQHPY0tMo\/9k=",
                        "permalink": "https:\/\/usdevkit.slack.com\/files\/U5M5PLH9S\/F012YS96M9R\/golabiek_fork.png",
                        "permalink_public": "https:\/\/slack-files.com\/T5M5PLH8U-F012YS96M9R-344bb3791f",
                        "has_rich_preview": false
                    }
                ],
                "id": 1,
                "original_url": "https:\/\/usdevkit.slack.com\/archives\/C5M71F0DT\/p1588497530007300?thread_ts=1588497530.007300&amp;cid=C5M71F0DT",
                "footer": "Thread in #general"
            }
        ],
        "blocks": [
            {
                "type": "rich_text",
                "block_id": "mE+",
                "elements": [
                    {
                        "type": "rich_text_section",
                        "elements": [
                            {
                                "type": "text",
                                "text": "Some of the hardware was used in tomography I guess ;) see "
                            },
                            {
                                "type": "link",
                                "url": "https:\/\/usdevkit.slack.com\/archives\/C5M71F0DT\/p1588497530007300?thread_ts=1588497530.007300&cid=C5M71F0DT",
                                "text": "https:\/\/usdevkit.slack.com\/archives\/C5M71F0DT\/p1588497530007300?thread_ts=1588497530.007300&cid=C5M71F0DT"
                            }
                        ]
                    }
                ]
            }
        ],
        "thread_ts": "1609504294.066100",
        "parent_user_id": "U5M5PLH9S"
    },
    {
        "type": "message",
        "text": "Salut <@U5M5PLH9S> !\n Indeed, we exchanged a few emails in the past and I hope that we will exchange some more on this topic and others. I have changed my slack pseudo to be consistant with your naming convention. How do you say verlan in English?\n\nIs this the publication you are referring to?",
        "files": [
            {
                "id": "F01HELPE42K",
                "created": 1609508348,
                "timestamp": 1609508348,
                "name": "rymarczyk_i_in._construction_IAPGOS_nr_4'19.pdf",
                "title": "rymarczyk_i_in._construction_IAPGOS_nr_4'19.pdf",
                "mimetype": "application\/pdf",
                "filetype": "pdf",
                "pretty_type": "PDF",
                "user": "U01HRKXAH53",
                "editable": false,
                "size": 840881,
                "mode": "hosted",
                "is_external": false,
                "external_type": "",
                "is_public": true,
                "public_url_shared": false,
                "display_as_bot": false,
                "username": "",
                "url_private": "https:\/\/files.slack.com\/files-pri\/T5M5PLH8U-F01HELPE42K\/rymarczyk_i_in._construction_iapgos_nr_4_19.pdf?t=xoxe-191193697300-1655641665238-1662624174259-9d4966033b52bec8bbd54ad611c52557",
                "url_private_download": "https:\/\/files.slack.com\/files-pri\/T5M5PLH8U-F01HELPE42K\/download\/rymarczyk_i_in._construction_iapgos_nr_4_19.pdf?t=xoxe-191193697300-1655641665238-1662624174259-9d4966033b52bec8bbd54ad611c52557",
                "thumb_pdf": "https:\/\/files.slack.com\/files-tmb\/T5M5PLH8U-F01HELPE42K-0f26d853f6\/rymarczyk_i_in._construction_iapgos_nr_4_19_thumb_pdf.png?t=xoxe-191193697300-1655641665238-1662624174259-9d4966033b52bec8bbd54ad611c52557",
                "thumb_pdf_w": 910,
                "thumb_pdf_h": 1286,
                "permalink": "https:\/\/usdevkit.slack.com\/files\/U01HRKXAH53\/F01HELPE42K\/rymarczyk_i_in._construction_iapgos_nr_4_19.pdf",
                "permalink_public": "https:\/\/slack-files.com\/T5M5PLH8U-F01HELPE42K-3e32d0157a",
                "is_starred": false,
                "has_rich_preview": false
            }
        ],
        "upload": false,
        "blocks": [
            {
                "type": "rich_text",
                "block_id": "3CWn0",
                "elements": [
                    {
                        "type": "rich_text_section",
                        "elements": [
                            {
                                "type": "text",
                                "text": "Salut "
                            },
                            {
                                "type": "user",
                                "user_id": "U5M5PLH9S"
                            },
                            {
                                "type": "text",
                                "text": " !\n Indeed, we exchanged a few emails in the past and I hope that we will exchange some more on this topic and others. I have changed my slack pseudo to be consistant with your naming convention. How do you say verlan in English?\n\nIs this the publication you are referring to?"
                            }
                        ]
                    }
                ]
            }
        ],
        "user": "U01HRKXAH53",
        "display_as_bot": false,
        "ts": "1609508852.073000",
        "client_msg_id": "c8b36b74-fa03-4193-bd89-f285084c0b17",
        "thread_ts": "1609508852.073000",
        "reply_count": 3,
        "reply_users_count": 2,
        "latest_reply": "1609511913.077700",
        "reply_users": [
            "U5M5PLH9S",
            "U01HRKXAH53"
        ],
        "replies": [
            {
                "user": "U5M5PLH9S",
                "ts": "1609509185.074500"
            },
            {
                "user": "U01HRKXAH53",
                "ts": "1609511647.076500"
            },
            {
                "user": "U01HRKXAH53",
                "ts": "1609511913.077700"
            }
        ],
        "subscribed": true,
        "last_read": "1609511913.077700"
    },
    {
        "client_msg_id": "17c20c54-6a12-48d0-804d-709b4fd96be3",
        "type": "message",
        "text": "Is their hardware open engineering too?",
        "user": "U01HRKXAH53",
        "ts": "1609508914.074100",
        "team": "T5M5PLH8U",
        "user_team": "T5M5PLH8U",
        "source_team": "T5M5PLH8U",
        "user_profile": {
            "avatar_hash": "gf91f161c512",
            "image_72": "https:\/\/secure.gravatar.com\/avatar\/f91f161c512e639bab1a7afd06dc933e.jpg?s=72&d=https%3A%2F%2Fa.slack-edge.com%2Fdf10d%2Fimg%2Favatars%2Fava_0017-72.png",
            "first_name": "jacques",
            "real_name": "jacques Feldmar",
            "display_name": "Koje",
            "team": "T5M5PLH8U",
            "name": "jfeldmar",
            "is_restricted": false,
            "is_ultra_restricted": false
        },
        "edited": {
            "user": "U01HRKXAH53",
            "ts": "1609508934.000000"
        },
        "blocks": [
            {
                "type": "rich_text",
                "block_id": "0kQC",
                "elements": [
                    {
                        "type": "rich_text_section",
                        "elements": [
                            {
                                "type": "text",
                                "text": "Is their hardware open engineering too?"
                            }
                        ]
                    }
                ]
            }
        ],
        "thread_ts": "1609508914.074100",
        "reply_count": 1,
        "reply_users_count": 1,
        "latest_reply": "1609509218.074700",
        "reply_users": [
            "U5M5PLH9S"
        ],
        "replies": [
            {
                "user": "U5M5PLH9S",
                "ts": "1609509218.074700"
            }
        ],
        "subscribed": true,
        "last_read": "1609509218.074700"
    },
    {
        "client_msg_id": "ba36c3f3-7e1e-4502-b7f4-d94e34f0596d",
        "type": "message",
        "text": "^^",
        "user": "U5M5PLH9S",
        "ts": "1609509150.074400",
        "team": "T5M5PLH8U",
        "user_team": "T5M5PLH8U",
        "source_team": "T5M5PLH8U",
        "user_profile": {
            "avatar_hash": "e4fb6ae9f526",
            "image_72": "https:\/\/avatars.slack-edge.com\/2017-06-01\/191144530514_e4fb6ae9f526531fd41c_72.jpg",
            "first_name": "",
            "real_name": "kelu",
            "display_name": "",
            "team": "T5M5PLH8U",
            "name": "kelu",
            "is_restricted": false,
            "is_ultra_restricted": false
        },
        "blocks": [
            {
                "type": "rich_text",
                "block_id": "2dE=",
                "elements": [
                    {
                        "type": "rich_text_section",
                        "elements": [
                            {
                                "type": "text",
                                "text": "^^"
                            }
                        ]
                    }
                ]
            }
        ]
    },
    {
        "client_msg_id": "db421939-42b0-489c-a46a-ba755a0c621e",
        "type": "message",
        "text": "Yup",
        "user": "U5M5PLH9S",
        "ts": "1609509185.074500",
        "team": "T5M5PLH8U",
        "user_team": "T5M5PLH8U",
        "source_team": "T5M5PLH8U",
        "user_profile": {
            "avatar_hash": "e4fb6ae9f526",
            "image_72": "https:\/\/avatars.slack-edge.com\/2017-06-01\/191144530514_e4fb6ae9f526531fd41c_72.jpg",
            "first_name": "",
            "real_name": "kelu",
            "display_name": "",
            "team": "T5M5PLH8U",
            "name": "kelu",
            "is_restricted": false,
            "is_ultra_restricted": false
        },
        "blocks": [
            {
                "type": "rich_text",
                "block_id": "s3npq",
                "elements": [
                    {
                        "type": "rich_text_section",
                        "elements": [
                            {
                                "type": "text",
                                "text": "Yup"
                            }
                        ]
                    }
                ]
            }
        ],
        "thread_ts": "1609508852.073000",
        "parent_user_id": "U01HRKXAH53"
    },
    {
        "client_msg_id": "5454e206-e97e-4b3a-b452-c0d66ffc19e5",
        "type": "message",
        "text": "Nope, but it is clearly forked from my initial set of modules :)",
        "user": "U5M5PLH9S",
        "ts": "1609509218.074700",
        "team": "T5M5PLH8U",
        "user_team": "T5M5PLH8U",
        "source_team": "T5M5PLH8U",
        "user_profile": {
            "avatar_hash": "e4fb6ae9f526",
            "image_72": "https:\/\/avatars.slack-edge.com\/2017-06-01\/191144530514_e4fb6ae9f526531fd41c_72.jpg",
            "first_name": "",
            "real_name": "kelu",
            "display_name": "",
            "team": "T5M5PLH8U",
            "name": "kelu",
            "is_restricted": false,
            "is_ultra_restricted": false
        },
        "blocks": [
            {
                "type": "rich_text",
                "block_id": "IL\/",
                "elements": [
                    {
                        "type": "rich_text_section",
                        "elements": [
                            {
                                "type": "text",
                                "text": "Nope, but it is clearly forked from my initial set of modules :)"
                            }
                        ]
                    }
                ]
            }
        ],
        "thread_ts": "1609508914.074100",
        "parent_user_id": "U01HRKXAH53"
    },
    {
        "client_msg_id": "b513972c-9488-49c7-b8f4-784330ce2985",
        "type": "message",
        "text": "<@UGJ8GJGNR> is also into tomography :)",
        "user": "U5M5PLH9S",
        "ts": "1609509310.074900",
        "team": "T5M5PLH8U",
        "user_team": "T5M5PLH8U",
        "source_team": "T5M5PLH8U",
        "user_profile": {
            "avatar_hash": "e4fb6ae9f526",
            "image_72": "https:\/\/avatars.slack-edge.com\/2017-06-01\/191144530514_e4fb6ae9f526531fd41c_72.jpg",
            "first_name": "",
            "real_name": "kelu",
            "display_name": "",
            "team": "T5M5PLH8U",
            "name": "kelu",
            "is_restricted": false,
            "is_ultra_restricted": false
        },
        "blocks": [
            {
                "type": "rich_text",
                "block_id": "xZn60",
                "elements": [
                    {
                        "type": "rich_text_section",
                        "elements": [
                            {
                                "type": "user",
                                "user_id": "UGJ8GJGNR"
                            },
                            {
                                "type": "text",
                                "text": " is also into tomography :)"
                            }
                        ]
                    }
                ]
            }
        ],
        "thread_ts": "1609504294.066100",
        "parent_user_id": "U5M5PLH9S"
    },
    {
        "type": "message",
        "text": "",
        "files": [
            {
                "id": "F01J1KNG9NY",
                "created": 1609511606,
                "timestamp": 1609511606,
                "name": "9126136.pdf",
                "title": "9126136.pdf",
                "mimetype": "application\/pdf",
                "filetype": "pdf",
                "pretty_type": "PDF",
                "user": "U01HRKXAH53",
                "editable": false,
                "size": 4092668,
                "mode": "hosted",
                "is_external": false,
                "external_type": "",
                "is_public": true,
                "public_url_shared": false,
                "display_as_bot": false,
                "username": "",
                "url_private": "https:\/\/files.slack.com\/files-pri\/T5M5PLH8U-F01J1KNG9NY\/9126136.pdf?t=xoxe-191193697300-1655641665238-1662624174259-9d4966033b52bec8bbd54ad611c52557",
                "url_private_download": "https:\/\/files.slack.com\/files-pri\/T5M5PLH8U-F01J1KNG9NY\/download\/9126136.pdf?t=xoxe-191193697300-1655641665238-1662624174259-9d4966033b52bec8bbd54ad611c52557",
                "thumb_pdf": "https:\/\/files.slack.com\/files-tmb\/T5M5PLH8U-F01J1KNG9NY-eb2b86adca\/9126136_thumb_pdf.png?t=xoxe-191193697300-1655641665238-1662624174259-9d4966033b52bec8bbd54ad611c52557",
                "thumb_pdf_w": 917,
                "thumb_pdf_h": 1222,
                "permalink": "https:\/\/usdevkit.slack.com\/files\/U01HRKXAH53\/F01J1KNG9NY\/9126136.pdf",
                "permalink_public": "https:\/\/slack-files.com\/T5M5PLH8U-F01J1KNG9NY-277c31a89a",
                "is_starred": false,
                "has_rich_preview": false
            }
        ],
        "upload": false,
        "user": "U01HRKXAH53",
        "display_as_bot": false,
        "ts": "1609511647.076500",
        "thread_ts": "1609508852.073000",
        "parent_user_id": "U01HRKXAH53"
    },
    {
        "type": "message",
        "text": "",
        "files": [
            {
                "id": "F01JKA8AUHW",
                "created": 1609511821,
                "timestamp": 1609511821,
                "name": "9126136.pdf",
                "title": "9126136.pdf",
                "mimetype": "application\/pdf",
                "filetype": "pdf",
                "pretty_type": "PDF",
                "user": "U01HRKXAH53",
                "editable": false,
                "size": 4092668,
                "mode": "hosted",
                "is_external": false,
                "external_type": "",
                "is_public": true,
                "public_url_shared": false,
                "display_as_bot": false,
                "username": "",
                "url_private": "https:\/\/files.slack.com\/files-pri\/T5M5PLH8U-F01JKA8AUHW\/9126136.pdf?t=xoxe-191193697300-1655641665238-1662624174259-9d4966033b52bec8bbd54ad611c52557",
                "url_private_download": "https:\/\/files.slack.com\/files-pri\/T5M5PLH8U-F01JKA8AUHW\/download\/9126136.pdf?t=xoxe-191193697300-1655641665238-1662624174259-9d4966033b52bec8bbd54ad611c52557",
                "thumb_pdf": "https:\/\/files.slack.com\/files-tmb\/T5M5PLH8U-F01JKA8AUHW-750c3d6ab5\/9126136_thumb_pdf.png?t=xoxe-191193697300-1655641665238-1662624174259-9d4966033b52bec8bbd54ad611c52557",
                "thumb_pdf_w": 917,
                "thumb_pdf_h": 1222,
                "permalink": "https:\/\/usdevkit.slack.com\/files\/U01HRKXAH53\/F01JKA8AUHW\/9126136.pdf",
                "permalink_public": "https:\/\/slack-files.com\/T5M5PLH8U-F01JKA8AUHW-c4c7bf46bf",
                "is_starred": false,
                "has_rich_preview": false
            },
            {
                "id": "F01J8412VPT",
                "created": 1609511864,
                "timestamp": 1609511864,
                "name": "sensors-19-05117.pdf",
                "title": "sensors-19-05117.pdf",
                "mimetype": "application\/pdf",
                "filetype": "pdf",
                "pretty_type": "PDF",
                "user": "U01HRKXAH53",
                "editable": false,
                "size": 4595251,
                "mode": "hosted",
                "is_external": false,
                "external_type": "",
                "is_public": true,
                "public_url_shared": false,
                "display_as_bot": false,
                "username": "",
                "url_private": "https:\/\/files.slack.com\/files-pri\/T5M5PLH8U-F01J8412VPT\/sensors-19-05117.pdf?t=xoxe-191193697300-1655641665238-1662624174259-9d4966033b52bec8bbd54ad611c52557",
                "url_private_download": "https:\/\/files.slack.com\/files-pri\/T5M5PLH8U-F01J8412VPT\/download\/sensors-19-05117.pdf?t=xoxe-191193697300-1655641665238-1662624174259-9d4966033b52bec8bbd54ad611c52557",
                "thumb_pdf": "https:\/\/files.slack.com\/files-tmb\/T5M5PLH8U-F01J8412VPT-5e2283e739\/sensors-19-05117_thumb_pdf.png?t=xoxe-191193697300-1655641665238-1662624174259-9d4966033b52bec8bbd54ad611c52557",
                "thumb_pdf_w": 909,
                "thumb_pdf_h": 1286,
                "permalink": "https:\/\/usdevkit.slack.com\/files\/U01HRKXAH53\/F01J8412VPT\/sensors-19-05117.pdf",
                "permalink_public": "https:\/\/slack-files.com\/T5M5PLH8U-F01J8412VPT-eb0d567701",
                "is_starred": false,
                "has_rich_preview": false
            }
        ],
        "upload": false,
        "user": "U01HRKXAH53",
        "ts": "1609511913.077700",
        "thread_ts": "1609508852.073000",
        "parent_user_id": "U01HRKXAH53"
    },
    {
        "type": "message",
        "subtype": "channel_join",
        "ts": "1609514432.078500",
        "user": "U01HEMQBHKR",
        "text": "<@U01HEMQBHKR> has joined the channel"
    },
    {
        "client_msg_id": "24321877-44f6-4bf8-9738-883cc845a843",
        "type": "message",
        "text": "Hi <@U5M5PLH9S> I'd like to  introduce you to my friend <@U01HEMQBHKR> We have a number of questions on the lit3rick board. We could not find answers in the doc: most likely, this is because the answer is obvious to you. I will let <@U01HEMQBHKR> tell you more about his background: I am just telling you that he is now a manager (no comment :shushing_face:) but he used to be very good at electronics  and he is kind enough :heart_eyes: to work with me on open engineering projects",
        "user": "U01HRKXAH53",
        "ts": "1609515214.078600",
        "team": "T5M5PLH8U",
        "user_team": "T5M5PLH8U",
        "source_team": "T5M5PLH8U",
        "user_profile": {
            "avatar_hash": "gf91f161c512",
            "image_72": "https:\/\/secure.gravatar.com\/avatar\/f91f161c512e639bab1a7afd06dc933e.jpg?s=72&d=https%3A%2F%2Fa.slack-edge.com%2Fdf10d%2Fimg%2Favatars%2Fava_0017-72.png",
            "first_name": "jacques",
            "real_name": "jacques Feldmar",
            "display_name": "Koje",
            "team": "T5M5PLH8U",
            "name": "jfeldmar",
            "is_restricted": false,
            "is_ultra_restricted": false
        },
        "blocks": [
            {
                "type": "rich_text",
                "block_id": "1D1Ii",
                "elements": [
                    {
                        "type": "rich_text_section",
                        "elements": [
                            {
                                "type": "text",
                                "text": "Hi "
                            },
                            {
                                "type": "user",
                                "user_id": "U5M5PLH9S"
                            },
                            {
                                "type": "text",
                                "text": " I'd like to  introduce you to my friend "
                            },
                            {
                                "type": "user",
                                "user_id": "U01HEMQBHKR"
                            },
                            {
                                "type": "text",
                                "text": " We have a number of questions on the lit3rick board. We could not find answers in the doc: most likely, this is because the answer is obvious to you. I will let "
                            },
                            {
                                "type": "user",
                                "user_id": "U01HEMQBHKR"
                            },
                            {
                                "type": "text",
                                "text": " tell you more about his background: I am just telling you that he is now a manager (no comment "
                            },
                            {
                                "type": "emoji",
                                "name": "shushing_face"
                            },
                            {
                                "type": "text",
                                "text": ") but he used to be very good at electronics  and he is kind enough "
                            },
                            {
                                "type": "emoji",
                                "name": "heart_eyes"
                            },
                            {
                                "type": "text",
                                "text": " to work with me on open engineering projects"
                            }
                        ]
                    }
                ]
            }
        ],
        "thread_ts": "1602016880.000800",
        "parent_user_id": "U5M5PLH9S"
    },
    {
        "client_msg_id": "17fcf619-74c6-4d9e-a544-bd536b7fadc9",
        "type": "message",
        "text": "Hi <@U5M5PLH9S>,\nMy background is mainly in embedded computing, but I have some knowledge in numerical electronic.\nWith <@U01HRKXAH53>, we would like to use your board for ultrasound.\nI don't understand how to connect the transducer to your board.\n• R26 is to be removed if we are using two transducers or one transducer with on element. Am i right?\n• HV +\/- must be use if we want to use an external voltage supply for the pulses?\n• 5V\/GND: What is used for?\n• I guess \"From Piezzo\" and \"SMA RX\" are the same, with just a different connection. Is that right? Same thing for \"To Piezzo\" and \"SMA TX\"?\n• If we are using only one transducer for both TX and RX, how do we have to connect it?\n",
        "user": "U01HEMQBHKR",
        "ts": "1609519679.078800",
        "team": "T5M5PLH8U",
        "user_team": "T5M5PLH8U",
        "source_team": "T5M5PLH8U",
        "user_profile": {
            "avatar_hash": "ga3748ed6aef",
            "image_72": "https:\/\/secure.gravatar.com\/avatar\/a3748ed6aef381633b99680e6ad5a8ce.jpg?s=72&d=https%3A%2F%2Fa.slack-edge.com%2Fdf10d%2Fimg%2Favatars%2Fava_0009-72.png",
            "first_name": "",
            "real_name": "Jean-Michel",
            "display_name": "",
            "team": "T5M5PLH8U",
            "name": "jmleyrie",
            "is_restricted": false,
            "is_ultra_restricted": false
        },
        "blocks": [
            {
                "type": "rich_text",
                "block_id": "P=ts",
                "elements": [
                    {
                        "type": "rich_text_section",
                        "elements": [
                            {
                                "type": "text",
                                "text": "Hi "
                            },
                            {
                                "type": "user",
                                "user_id": "U5M5PLH9S"
                            },
                            {
                                "type": "text",
                                "text": ",\nMy background is mainly in embedded computing, but I have some knowledge in numerical electronic.\nWith "
                            },
                            {
                                "type": "user",
                                "user_id": "U01HRKXAH53"
                            },
                            {
                                "type": "text",
                                "text": ", we would like to use your board for ultrasound.\nI don't understand how to connect the transducer to your board.\n"
                            }
                        ]
                    },
                    {
                        "type": "rich_text_list",
                        "elements": [
                            {
                                "type": "rich_text_section",
                                "elements": [
                                    {
                                        "type": "text",
                                        "text": "R26 is to be removed if we are using two transducers or one transducer with on element. Am i right?"
                                    }
                                ]
                            },
                            {
                                "type": "rich_text_section",
                                "elements": [
                                    {
                                        "type": "text",
                                        "text": "HV +\/- must be use if we want to use an external voltage supply for the pulses?"
                                    }
                                ]
                            },
                            {
                                "type": "rich_text_section",
                                "elements": [
                                    {
                                        "type": "text",
                                        "text": "5V\/GND: What is used for?"
                                    }
                                ]
                            },
                            {
                                "type": "rich_text_section",
                                "elements": [
                                    {
                                        "type": "text",
                                        "text": "I guess \"From Piezzo\" and \"SMA RX\" are the same, with just a different connection. Is that right? Same thing for \"To Piezzo\" and \"SMA TX\"?"
                                    }
                                ]
                            },
                            {
                                "type": "rich_text_section",
                                "elements": [
                                    {
                                        "type": "text",
                                        "text": "If we are using only one transducer for both TX and RX, how do we have to connect it?"
                                    }
                                ]
                            }
                        ],
                        "style": "bullet",
                        "indent": 0
                    },
                    {
                        "type": "rich_text_section",
                        "elements": []
                    }
                ]
            }
        ],
        "thread_ts": "1602016880.000800",
        "parent_user_id": "U5M5PLH9S"
    },
    {
        "client_msg_id": "1e8790f7-b8fb-4b8b-8a3e-d216e6aeca65",
        "type": "message",
        "text": "Regards ! And happy new year :wink:",
        "user": "U01HEMQBHKR",
        "ts": "1609519692.079000",
        "team": "T5M5PLH8U",
        "user_team": "T5M5PLH8U",
        "source_team": "T5M5PLH8U",
        "user_profile": {
            "avatar_hash": "ga3748ed6aef",
            "image_72": "https:\/\/secure.gravatar.com\/avatar\/a3748ed6aef381633b99680e6ad5a8ce.jpg?s=72&d=https%3A%2F%2Fa.slack-edge.com%2Fdf10d%2Fimg%2Favatars%2Fava_0009-72.png",
            "first_name": "",
            "real_name": "Jean-Michel",
            "display_name": "",
            "team": "T5M5PLH8U",
            "name": "jmleyrie",
            "is_restricted": false,
            "is_ultra_restricted": false
        },
        "blocks": [
            {
                "type": "rich_text",
                "block_id": "yL3Pu",
                "elements": [
                    {
                        "type": "rich_text_section",
                        "elements": [
                            {
                                "type": "text",
                                "text": "Regards ! And happy new year "
                            },
                            {
                                "type": "emoji",
                                "name": "wink"
                            }
                        ]
                    }
                ]
            }
        ],
        "thread_ts": "1602016880.000800",
        "parent_user_id": "U5M5PLH9S"
    },
    {
        "client_msg_id": "85a63329-12d6-4998-b8ed-ecbf886ecaa9",
        "type": "message",
        "text": "Bonjour <@U01HEMQBHKR>,you ll forgive me for taking some time off before answering, ill be back very soon :)",
        "user": "U5M5PLH9S",
        "ts": "1609530302.079200",
        "team": "T5M5PLH8U",
        "user_team": "T5M5PLH8U",
        "source_team": "T5M5PLH8U",
        "user_profile": {
            "avatar_hash": "e4fb6ae9f526",
            "image_72": "https:\/\/avatars.slack-edge.com\/2017-06-01\/191144530514_e4fb6ae9f526531fd41c_72.jpg",
            "first_name": "",
            "real_name": "kelu",
            "display_name": "",
            "team": "T5M5PLH8U",
            "name": "kelu",
            "is_restricted": false,
            "is_ultra_restricted": false
        },
        "blocks": [
            {
                "type": "rich_text",
                "block_id": "JW96M",
                "elements": [
                    {
                        "type": "rich_text_section",
                        "elements": [
                            {
                                "type": "text",
                                "text": "Bonjour "
                            },
                            {
                                "type": "user",
                                "user_id": "U01HEMQBHKR"
                            },
                            {
                                "type": "text",
                                "text": ",you ll forgive me for taking some time off before answering, ill be back very soon :)"
                            }
                        ]
                    }
                ]
            }
        ],
        "thread_ts": "1602016880.000800",
        "parent_user_id": "U5M5PLH9S"
    },
    {
        "client_msg_id": "25dc1d02-3d1b-49ab-a0bc-9029ab4f1060",
        "type": "message",
        "text": "Ouf course i will!",
        "user": "U01HEMQBHKR",
        "ts": "1609531267.079400",
        "team": "T5M5PLH8U",
        "user_team": "T5M5PLH8U",
        "source_team": "T5M5PLH8U",
        "user_profile": {
            "avatar_hash": "ga3748ed6aef",
            "image_72": "https:\/\/secure.gravatar.com\/avatar\/a3748ed6aef381633b99680e6ad5a8ce.jpg?s=72&d=https%3A%2F%2Fa.slack-edge.com%2Fdf10d%2Fimg%2Favatars%2Fava_0009-72.png",
            "first_name": "",
            "real_name": "Jean-Michel",
            "display_name": "",
            "team": "T5M5PLH8U",
            "name": "jmleyrie",
            "is_restricted": false,
            "is_ultra_restricted": false
        },
        "blocks": [
            {
                "type": "rich_text",
                "block_id": "w\/tnS",
                "elements": [
                    {
                        "type": "rich_text_section",
                        "elements": [
                            {
                                "type": "text",
                                "text": "Ouf course i will!"
                            }
                        ]
                    }
                ]
            }
        ],
        "thread_ts": "1602016880.000800",
        "parent_user_id": "U5M5PLH9S"
    },
    {
        "client_msg_id": "a7e3edf0-3051-4a9c-88e1-7341e45e6017",
        "type": "message",
        "text": "Yep, I did this one. <https:\/\/openeit.github.io\/> which does not use sound just alternating electric current. That being said, I think there is great potential by mixing EM techniques with ultrasound like MAET, or MAT-MI: <https:\/\/iopscience.iop.org\/article\/10.1088\/1361-6560\/aa6222\/meta>",
        "user": "UGJ8GJGNR",
        "ts": "1609534518.079600",
        "team": "T5M5PLH8U",
        "user_team": "T5M5PLH8U",
        "source_team": "T5M5PLH8U",
        "user_profile": {
            "avatar_hash": "ga7943669895",
            "image_72": "https:\/\/secure.gravatar.com\/avatar\/4a7943669895590493fa45985c7c746a.jpg?s=72&d=https%3A%2F%2Fa.slack-edge.com%2Fdf10d%2Fimg%2Favatars%2Fava_0024-72.png",
            "first_name": "",
            "real_name": "Jean Rintoul",
            "display_name": "jeantoul",
            "team": "T5M5PLH8U",
            "name": "jean.rintoul",
            "is_restricted": false,
            "is_ultra_restricted": false
        },
        "blocks": [
            {
                "type": "rich_text",
                "block_id": "KMd7",
                "elements": [
                    {
                        "type": "rich_text_section",
                        "elements": [
                            {
                                "type": "text",
                                "text": "Yep, I did this one. "
                            },
                            {
                                "type": "link",
                                "url": "https:\/\/openeit.github.io\/"
                            },
                            {
                                "type": "text",
                                "text": " which does not use sound just alternating electric current. That being said, I think there is great potential by mixing EM techniques with ultrasound like MAET, or MAT-MI: "
                            },
                            {
                                "type": "link",
                                "url": "https:\/\/iopscience.iop.org\/article\/10.1088\/1361-6560\/aa6222\/meta"
                            }
                        ]
                    }
                ]
            }
        ],
        "thread_ts": "1609504294.066100",
        "parent_user_id": "U5M5PLH9S"
    }
]