[
    {
        "client_msg_id": "67fea1fb-82de-46c9-b20e-864b7831362c",
        "type": "message",
        "text": "<@UGJ8GJGNR> I was reading this: <https:\/\/www.mdpi.com\/2079-9292\/10\/1\/15> :smiley:",
        "user": "U5M5PLH9S",
        "ts": "1610035501.084600",
        "team": "T5M5PLH8U",
        "user_team": "T5M5PLH8U",
        "source_team": "T5M5PLH8U",
        "user_profile": {
            "avatar_hash": "e4fb6ae9f526",
            "image_72": "https:\/\/avatars.slack-edge.com\/2017-06-01\/191144530514_e4fb6ae9f526531fd41c_72.jpg",
            "first_name": "",
            "real_name": "kelu",
            "display_name": "",
            "team": "T5M5PLH8U",
            "name": "kelu",
            "is_restricted": false,
            "is_ultra_restricted": false
        },
        "edited": {
            "user": "U5M5PLH9S",
            "ts": "1610118630.000000"
        },
        "blocks": [
            {
                "type": "rich_text",
                "block_id": "ZcYh",
                "elements": [
                    {
                        "type": "rich_text_section",
                        "elements": [
                            {
                                "type": "user",
                                "user_id": "UGJ8GJGNR"
                            },
                            {
                                "type": "text",
                                "text": " I was reading this: "
                            },
                            {
                                "type": "link",
                                "url": "https:\/\/www.mdpi.com\/2079-9292\/10\/1\/15"
                            },
                            {
                                "type": "text",
                                "text": " "
                            },
                            {
                                "type": "emoji",
                                "name": "smiley"
                            }
                        ]
                    }
                ]
            }
        ],
        "thread_ts": "1609504294.066100",
        "parent_user_id": "U5M5PLH9S"
    }
]