[
    {
        "client_msg_id": "00e1ec46-9496-4828-9e52-a6c1418df112",
        "type": "message",
        "text": "Yup, the CMUT transducers that Butterfly uses are custom-made chips, and I don’t think anyone is commercially selling a CMUT by itself yet, so that makes it pretty much impossible for individual researchers\/hobbyists to get them (unless you can afford the costs of doing a custom chip design+fabrication yourself, which is very expensive). Even in academia, they’re not easy to come by… in the lab where I’m working, we only have a very limited number of them.",
        "user": "U8Z3VB1T2",
        "ts": "1611099509.007300",
        "team": "T5M5PLH8U",
        "user_team": "T5M5PLH8U",
        "source_team": "T5M5PLH8U",
        "user_profile": {
            "avatar_hash": "g49ad52d7df8",
            "image_72": "https:\/\/secure.gravatar.com\/avatar\/449ad52d7df89ecbe8ebe0fd87d3f63f.jpg?s=72&d=https%3A%2F%2Fa.slack-edge.com%2Fdf10d%2Fimg%2Favatars%2Fava_0026-72.png",
            "first_name": "",
            "real_name": "William Meng",
            "display_name": "",
            "team": "T5M5PLH8U",
            "name": "wlmeng11",
            "is_restricted": false,
            "is_ultra_restricted": false
        },
        "blocks": [
            {
                "type": "rich_text",
                "block_id": "9Lp",
                "elements": [
                    {
                        "type": "rich_text_section",
                        "elements": [
                            {
                                "type": "text",
                                "text": "Yup, the CMUT transducers that Butterfly uses are custom-made chips, and I don’t think anyone is commercially selling a CMUT by itself yet, so that makes it pretty much impossible for individual researchers\/hobbyists to get them (unless you can afford the costs of doing a custom chip design+fabrication yourself, which is very expensive). Even in academia, they’re not easy to come by… in the lab where I’m working, we only have a very limited number of them."
                            }
                        ]
                    }
                ]
            }
        ],
        "thread_ts": "1610798861.002500",
        "parent_user_id": "U01KMDLDL6L",
        "reactions": [
            {
                "name": "+1",
                "users": [
                    "U5M5PLH9S"
                ],
                "count": 1
            }
        ]
    },
    {
        "client_msg_id": "7aac6f02-179c-4fde-a127-7dafe5baf9dd",
        "type": "message",
        "text": "Photoacoustic (eg. with a laser) lets you get rid of the physical transducer for Tx, but you still need a physical transducer for Rx, so then you’re back to the choice of piezo or CMUT. Unless you use laser distance measurement for Rx, but that tends to be more expensive than the physical transducer it would replace.",
        "user": "U8Z3VB1T2",
        "ts": "1611099652.007500",
        "team": "T5M5PLH8U",
        "user_team": "T5M5PLH8U",
        "source_team": "T5M5PLH8U",
        "user_profile": {
            "avatar_hash": "g49ad52d7df8",
            "image_72": "https:\/\/secure.gravatar.com\/avatar\/449ad52d7df89ecbe8ebe0fd87d3f63f.jpg?s=72&d=https%3A%2F%2Fa.slack-edge.com%2Fdf10d%2Fimg%2Favatars%2Fava_0026-72.png",
            "first_name": "",
            "real_name": "William Meng",
            "display_name": "",
            "team": "T5M5PLH8U",
            "name": "wlmeng11",
            "is_restricted": false,
            "is_ultra_restricted": false
        },
        "blocks": [
            {
                "type": "rich_text",
                "block_id": "bP+hv",
                "elements": [
                    {
                        "type": "rich_text_section",
                        "elements": [
                            {
                                "type": "text",
                                "text": "Photoacoustic (eg. with a laser) lets you get rid of the physical transducer for Tx, but you still need a physical transducer for Rx, so then you’re back to the choice of piezo or CMUT. Unless you use laser distance measurement for Rx, but that tends to be more expensive than the physical transducer it would replace."
                            }
                        ]
                    }
                ]
            }
        ],
        "thread_ts": "1610798861.002500",
        "parent_user_id": "U01KMDLDL6L"
    },
    {
        "client_msg_id": "d89fa3a9-fcef-460e-9db3-e626f043da48",
        "type": "message",
        "text": "I think single-element compressive sensing (article linked by <@U5M5PLH9S>) will be the next big milestone for open source ultrasound! Using some low-cost motors + 3D printed hardware for the acoustic delay mask and rotation functionality.",
        "user": "U8Z3VB1T2",
        "ts": "1611099806.007700",
        "team": "T5M5PLH8U",
        "user_team": "T5M5PLH8U",
        "source_team": "T5M5PLH8U",
        "user_profile": {
            "avatar_hash": "g49ad52d7df8",
            "image_72": "https:\/\/secure.gravatar.com\/avatar\/449ad52d7df89ecbe8ebe0fd87d3f63f.jpg?s=72&d=https%3A%2F%2Fa.slack-edge.com%2Fdf10d%2Fimg%2Favatars%2Fava_0026-72.png",
            "first_name": "",
            "real_name": "William Meng",
            "display_name": "",
            "team": "T5M5PLH8U",
            "name": "wlmeng11",
            "is_restricted": false,
            "is_ultra_restricted": false
        },
        "blocks": [
            {
                "type": "rich_text",
                "block_id": "7RBa",
                "elements": [
                    {
                        "type": "rich_text_section",
                        "elements": [
                            {
                                "type": "text",
                                "text": "I think single-element compressive sensing (article linked by "
                            },
                            {
                                "type": "user",
                                "user_id": "U5M5PLH9S"
                            },
                            {
                                "type": "text",
                                "text": ") will be the next big milestone for open source ultrasound! Using some low-cost motors + 3D printed hardware for the acoustic delay mask and rotation functionality."
                            }
                        ]
                    }
                ]
            }
        ],
        "thread_ts": "1610798861.002500",
        "parent_user_id": "U01KMDLDL6L",
        "reactions": [
            {
                "name": "+1",
                "users": [
                    "U5M5PLH9S"
                ],
                "count": 1
            }
        ]
    },
    {
        "client_msg_id": "ec3db2ff-3865-4764-a968-b37c576ecbaf",
        "type": "message",
        "text": "Looks fantastic, like it's a commercial product! :tada:",
        "user": "U8Z3VB1T2",
        "ts": "1611107870.007900",
        "team": "T5M5PLH8U",
        "user_team": "T5M5PLH8U",
        "source_team": "T5M5PLH8U",
        "user_profile": {
            "avatar_hash": "g49ad52d7df8",
            "image_72": "https:\/\/secure.gravatar.com\/avatar\/449ad52d7df89ecbe8ebe0fd87d3f63f.jpg?s=72&d=https%3A%2F%2Fa.slack-edge.com%2Fdf10d%2Fimg%2Favatars%2Fava_0026-72.png",
            "first_name": "",
            "real_name": "William Meng",
            "display_name": "",
            "team": "T5M5PLH8U",
            "name": "wlmeng11",
            "is_restricted": false,
            "is_ultra_restricted": false
        },
        "blocks": [
            {
                "type": "rich_text",
                "block_id": "Zf=H",
                "elements": [
                    {
                        "type": "rich_text_section",
                        "elements": [
                            {
                                "type": "text",
                                "text": "Looks fantastic, like it's a commercial product! "
                            },
                            {
                                "type": "emoji",
                                "name": "tada"
                            }
                        ]
                    }
                ]
            }
        ],
        "thread_ts": "1611004530.005500",
        "parent_user_id": "U5M5PLH9S",
        "reactions": [
            {
                "name": "+1",
                "users": [
                    "U5M5PLH9S"
                ],
                "count": 1
            }
        ]
    }
]