[
    {
        "client_msg_id": "c83eef07-fc7c-45c1-9b4a-0cbd612587f1",
        "type": "message",
        "text": "Hi <@U01HRKXAH53>, Paul Matthews is head of the DRI, so he is my supervisor’s boss…",
        "user": "UGJ8GJGNR",
        "ts": "1609751470.083300",
        "team": "T5M5PLH8U",
        "user_team": "T5M5PLH8U",
        "source_team": "T5M5PLH8U",
        "user_profile": {
            "avatar_hash": "ga7943669895",
            "image_72": "https:\/\/secure.gravatar.com\/avatar\/4a7943669895590493fa45985c7c746a.jpg?s=72&d=https%3A%2F%2Fa.slack-edge.com%2Fdf10d%2Fimg%2Favatars%2Fava_0024-72.png",
            "first_name": "",
            "real_name": "Jean Rintoul",
            "display_name": "jeantoul",
            "team": "T5M5PLH8U",
            "name": "jean.rintoul",
            "is_restricted": false,
            "is_ultra_restricted": false
        },
        "blocks": [
            {
                "type": "rich_text",
                "block_id": "GcNvh",
                "elements": [
                    {
                        "type": "rich_text_section",
                        "elements": [
                            {
                                "type": "text",
                                "text": "Hi "
                            },
                            {
                                "type": "user",
                                "user_id": "U01HRKXAH53"
                            },
                            {
                                "type": "text",
                                "text": ", Paul Matthews is head of the DRI, so he is my supervisor’s boss…"
                            }
                        ]
                    }
                ]
            }
        ],
        "thread_ts": "1609504294.066100",
        "parent_user_id": "U5M5PLH9S",
        "reactions": [
            {
                "name": "smiley",
                "users": [
                    "U5M5PLH9S"
                ],
                "count": 1
            }
        ]
    },
    {
        "client_msg_id": "0c6e8c40-27f6-456f-bf56-c0452179f3f1",
        "type": "message",
        "text": "I see him whenever I go into the lab, which I am lucky to still be able to do due to the recent lockdown measures. I am 9 months into a PhD, meaning I have 2 years 3 months left of research, so I need to only focus on the research problem I had originally outlined, unless I complete it with time left over to do a second project.",
        "user": "UGJ8GJGNR",
        "ts": "1609751546.083500",
        "team": "T5M5PLH8U",
        "user_team": "T5M5PLH8U",
        "source_team": "T5M5PLH8U",
        "user_profile": {
            "avatar_hash": "ga7943669895",
            "image_72": "https:\/\/secure.gravatar.com\/avatar\/4a7943669895590493fa45985c7c746a.jpg?s=72&d=https%3A%2F%2Fa.slack-edge.com%2Fdf10d%2Fimg%2Favatars%2Fava_0024-72.png",
            "first_name": "",
            "real_name": "Jean Rintoul",
            "display_name": "jeantoul",
            "team": "T5M5PLH8U",
            "name": "jean.rintoul",
            "is_restricted": false,
            "is_ultra_restricted": false
        },
        "edited": {
            "user": "UGJ8GJGNR",
            "ts": "1609751700.000000"
        },
        "blocks": [
            {
                "type": "rich_text",
                "block_id": "09zI",
                "elements": [
                    {
                        "type": "rich_text_section",
                        "elements": [
                            {
                                "type": "text",
                                "text": "I see him whenever I go into the lab, which I am lucky to still be able to do due to the recent lockdown measures. I am 9 months into a PhD, meaning I have 2 years 3 months left of research, so I need to only focus on the research problem I had originally outlined, unless I complete it with time left over to do a second project."
                            }
                        ]
                    }
                ]
            }
        ],
        "thread_ts": "1609504294.066100",
        "parent_user_id": "U5M5PLH9S"
    },
    {
        "client_msg_id": "c01326c5-3cd1-424a-ac72-b46cf4c22c8c",
        "type": "message",
        "text": "Your questions are interesting, and yes I think there is a lot of potential in combining techniques. I think it seems daunting to people because people become experts in either ultrasound or EM, but it’s actually an area of great potential.",
        "user": "UGJ8GJGNR",
        "ts": "1609751571.083700",
        "team": "T5M5PLH8U",
        "user_team": "T5M5PLH8U",
        "source_team": "T5M5PLH8U",
        "user_profile": {
            "avatar_hash": "ga7943669895",
            "image_72": "https:\/\/secure.gravatar.com\/avatar\/4a7943669895590493fa45985c7c746a.jpg?s=72&d=https%3A%2F%2Fa.slack-edge.com%2Fdf10d%2Fimg%2Favatars%2Fava_0024-72.png",
            "first_name": "",
            "real_name": "Jean Rintoul",
            "display_name": "jeantoul",
            "team": "T5M5PLH8U",
            "name": "jean.rintoul",
            "is_restricted": false,
            "is_ultra_restricted": false
        },
        "edited": {
            "user": "UGJ8GJGNR",
            "ts": "1609751679.000000"
        },
        "blocks": [
            {
                "type": "rich_text",
                "block_id": "Y5P",
                "elements": [
                    {
                        "type": "rich_text_section",
                        "elements": [
                            {
                                "type": "text",
                                "text": "Your questions are interesting, and yes I think there is a lot of potential in combining techniques. I think it seems daunting to people because people become experts in either ultrasound or EM, but it’s actually an area of great potential."
                            }
                        ]
                    }
                ]
            }
        ],
        "thread_ts": "1609504294.066100",
        "parent_user_id": "U5M5PLH9S"
    }
]