[
    {
        "client_msg_id": "cb3db4cd-8870-470e-b5cf-746b94a09fd5",
        "type": "message",
        "text": "5. It looks like you are doing a PhD at Imperial, is it correct? When I was young, I was lucky enough to work with Paul Matthews <https:\/\/www.linkedin.com\/in\/paul-m-matthews-0a4344a\/> who was just arriving from the US and setting the f-MRI group at the University of Oxford. Do you know him? He is a super nice person and I trust that he would be interested in your research",
        "user": "U01HRKXAH53",
        "ts": "1609660967.082400",
        "team": "T5M5PLH8U",
        "user_team": "T5M5PLH8U",
        "source_team": "T5M5PLH8U",
        "user_profile": {
            "avatar_hash": "gf91f161c512",
            "image_72": "https:\/\/secure.gravatar.com\/avatar\/f91f161c512e639bab1a7afd06dc933e.jpg?s=72&d=https%3A%2F%2Fa.slack-edge.com%2Fdf10d%2Fimg%2Favatars%2Fava_0017-72.png",
            "first_name": "jacques",
            "real_name": "jacques Feldmar",
            "display_name": "Koje",
            "team": "T5M5PLH8U",
            "name": "jfeldmar",
            "is_restricted": false,
            "is_ultra_restricted": false
        },
        "blocks": [
            {
                "type": "rich_text",
                "block_id": "2RU1",
                "elements": [
                    {
                        "type": "rich_text_section",
                        "elements": [
                            {
                                "type": "text",
                                "text": "5. It looks like you are doing a PhD at Imperial, is it correct? When I was young, I was lucky enough to work with Paul Matthews "
                            },
                            {
                                "type": "link",
                                "url": "https:\/\/www.linkedin.com\/in\/paul-m-matthews-0a4344a\/"
                            },
                            {
                                "type": "text",
                                "text": " who was just arriving from the US and setting the f-MRI group at the University of Oxford. Do you know him? He is a super nice person and I trust that he would be interested in your research"
                            }
                        ]
                    }
                ]
            }
        ],
        "thread_ts": "1609504294.066100",
        "parent_user_id": "U5M5PLH9S"
    },
    {
        "client_msg_id": "e93d7c58-04cb-4445-8cb7-a50b5272c1cb",
        "type": "message",
        "text": "6. Stimulation: at Pixium Vision, we stimulate retinal neurons with with an implant which we insert on the surface of the retina. Some companies stimulate the visual cortex with electrodes. Do you think that it would be possible to stimulate these neurons with focused ultrasound or electro-magnetic fields?",
        "user": "U01HRKXAH53",
        "ts": "1609661132.082600",
        "team": "T5M5PLH8U",
        "user_team": "T5M5PLH8U",
        "source_team": "T5M5PLH8U",
        "user_profile": {
            "avatar_hash": "gf91f161c512",
            "image_72": "https:\/\/secure.gravatar.com\/avatar\/f91f161c512e639bab1a7afd06dc933e.jpg?s=72&d=https%3A%2F%2Fa.slack-edge.com%2Fdf10d%2Fimg%2Favatars%2Fava_0017-72.png",
            "first_name": "jacques",
            "real_name": "jacques Feldmar",
            "display_name": "Koje",
            "team": "T5M5PLH8U",
            "name": "jfeldmar",
            "is_restricted": false,
            "is_ultra_restricted": false
        },
        "blocks": [
            {
                "type": "rich_text",
                "block_id": "twd",
                "elements": [
                    {
                        "type": "rich_text_section",
                        "elements": [
                            {
                                "type": "text",
                                "text": "6. Stimulation: at Pixium Vision, we stimulate retinal neurons with with an implant which we insert on the surface of the retina. Some companies stimulate the visual cortex with electrodes. Do you think that it would be possible to stimulate these neurons with focused ultrasound or electro-magnetic fields?"
                            }
                        ]
                    }
                ]
            }
        ],
        "thread_ts": "1609504294.066100",
        "parent_user_id": "U5M5PLH9S"
    },
    {
        "client_msg_id": "f884f540-4795-4bfb-92ff-441c168b941e",
        "type": "message",
        "text": "I have just written a lot of \"blue sky\"\/BS things. However, in practice, do you think that we could try and collaborate on a 2D tomography algorithm?",
        "user": "U01HRKXAH53",
        "ts": "1609661241.082800",
        "team": "T5M5PLH8U",
        "user_team": "T5M5PLH8U",
        "source_team": "T5M5PLH8U",
        "user_profile": {
            "avatar_hash": "gf91f161c512",
            "image_72": "https:\/\/secure.gravatar.com\/avatar\/f91f161c512e639bab1a7afd06dc933e.jpg?s=72&d=https%3A%2F%2Fa.slack-edge.com%2Fdf10d%2Fimg%2Favatars%2Fava_0017-72.png",
            "first_name": "jacques",
            "real_name": "jacques Feldmar",
            "display_name": "Koje",
            "team": "T5M5PLH8U",
            "name": "jfeldmar",
            "is_restricted": false,
            "is_ultra_restricted": false
        },
        "blocks": [
            {
                "type": "rich_text",
                "block_id": "cUgiT",
                "elements": [
                    {
                        "type": "rich_text_section",
                        "elements": [
                            {
                                "type": "text",
                                "text": "I have just written a lot of \"blue sky\"\/BS things. However, in practice, do you think that we could try and collaborate on a 2D tomography algorithm?"
                            }
                        ]
                    }
                ]
            }
        ],
        "thread_ts": "1609504294.066100",
        "parent_user_id": "U5M5PLH9S"
    },
    {
        "client_msg_id": "703a91ef-924f-4da6-ae76-6fbc53dafe16",
        "type": "message",
        "text": "Small world :)",
        "user": "U5M5PLH9S",
        "ts": "1609669156.083100",
        "team": "T5M5PLH8U",
        "user_team": "T5M5PLH8U",
        "source_team": "T5M5PLH8U",
        "user_profile": {
            "avatar_hash": "e4fb6ae9f526",
            "image_72": "https:\/\/avatars.slack-edge.com\/2017-06-01\/191144530514_e4fb6ae9f526531fd41c_72.jpg",
            "first_name": "",
            "real_name": "kelu",
            "display_name": "",
            "team": "T5M5PLH8U",
            "name": "kelu",
            "is_restricted": false,
            "is_ultra_restricted": false
        },
        "blocks": [
            {
                "type": "rich_text",
                "block_id": "BGDlf",
                "elements": [
                    {
                        "type": "rich_text_section",
                        "elements": [
                            {
                                "type": "text",
                                "text": "Small world :)"
                            }
                        ]
                    }
                ]
            }
        ],
        "thread_ts": "1609504294.066100",
        "parent_user_id": "U5M5PLH9S"
    }
]