[
{
    "id": "C5M48DNKC",
    "name": "random",
    "created": 1496320843,
    "creator": "U5M5PLH9S",
    "is_archived": false,
    "is_general": false,
    "members": [
        "U5M5PLH9S",
        "U5MRX6SSV",
        "U5N9RGB17",
        "U5P8N8F71",
        "U5PJZ8YNT",
        "U5S736Q22",
        "U5SJC4PQA",
        "U5Y9FPSN5",
        "U5Z632F9R",
        "U62TBFE9Z",
        "U67H6BG4B",
        "U6E49CNV6",
        "U6EETRVEV",
        "U6EUE8ACB",
        "U6F8B1V88",
        "U6FEKHE81",
        "U73QHP57W",
        "U7F49RVMG",
        "U7QTXBPT3",
        "U7S5M4SG6",
        "U7TAC0SE7",
        "U7UJ8QNAX",
        "U82NW0NLD",
        "U8DP2NWAD",
        "U8KNQSN1E",
        "U8PGRBGLW",
        "U8R356G2X",
        "U8Z3VB1T2",
        "U923YT3B4",
        "U96FLN61K",
        "U98M2F8NS",
        "U9L08R1GW",
        "U9LGLK3FD",
        "U9Z6PUD5X",
        "UA02T7STV",
        "UA8Q6RNLS",
        "UAB3ZFADD",
        "UAFKAHWKB",
        "UAFU57XHN",
        "UAFU6721J",
        "UAG0PDXPW",
        "UAG9C1MRT",
        "UAK3QBH37",
        "UAKPWAR6G",
        "UAQ2TN5EU",
        "UAS22PKQ9",
        "UAS37RRGB",
        "UAV9ALK0W",
        "UAWDKP7S4",
        "UAWHGKRU4",
        "UAXJP3GVC",
        "UB05Y24QY",
        "UB1TYHG2K",
        "UB1TZTQQ7",
        "UB46YK7R6",
        "UB7SMPB9D",
        "UBDGWD5HR",
        "UBDQLMATZ",
        "UBDS5PC94",
        "UBE2B272A",
        "UBG6R1Z3Q",
        "UBMQTLYDQ",
        "UBNBB3DL3",
        "UBT9TCF0A",
        "UC09QT5FG",
        "UC56L1BFG",
        "UCA6DTFLK",
        "UCBATG8KC",
        "UCC8Q9FNK",
        "UCEM0M03B",
        "UCKEJ93DZ",
        "UCKFNQJQ1",
        "UCLLMJRGF",
        "UCMBM5C6L",
        "UCN4Q0E5A",
        "UCN7FCH7A",
        "UCP4S66T1",
        "UCQ1YK9UP",
        "UDM8NN4M6",
        "UDN5W9N75",
        "UDSCBAS1E",
        "UDZV91GUX",
        "UE3JX8LUT",
        "UE4PK444S",
        "UEM71DDB8",
        "UF0SXEJ0M",
        "UF3T2P9HN",
        "UF4G0PEF5",
        "UF90LJWTH",
        "UFCS7CKPD",
        "UFERHJHJ8",
        "UFFFVFH7S",
        "UFPCMHBA6",
        "UFQTEPFKL",
        "UFR4DS1R9",
        "UFXP77Z1V",
        "UG2T36SFP",
        "UG3JFRCA0",
        "UGBF9E63W",
        "UGEG0ETAL",
        "UGG2RDVCG",
        "UGJ8GJGNR",
        "UGQ5A4ZC1",
        "UGR3ZBDDE",
        "UGUQJ7N93",
        "UGYET3TL0",
        "UHP9P5JTE",
        "UHQ2RDDD2",
        "UK9EX624T",
        "UKA33T8N9",
        "UKTGR7B41",
        "UKV93F6H1",
        "UL4U8LU6Q",
        "ULYB25AMS",
        "UM4B1EUAJ",
        "UM4C21D09",
        "UM4FXPY86",
        "UMDJSHV8A",
        "UMEH4EFC3",
        "UMJLWHPLZ",
        "UMR2MRB6C",
        "UMSBWHMND",
        "UMZ9YPJCQ",
        "UNS4T5MS8",
        "UP3MAAYMT",
        "UP3NUN9LG",
        "UPCTRQ6HK",
        "UPK22JLJ1",
        "UPXTN4XT3",
        "UQG9H47L1",
        "UQHV8QW4Q",
        "URJ5Q7QMB",
        "URM2LCMHA",
        "URMFQPFK2",
        "URPBWKVAB",
        "URQAL47MW",
        "URQAS7R8V",
        "URRCGKPRC",
        "USEND7VUH",
        "USJK5K11S",
        "UST9A6ZPU",
        "UT90H44QN",
        "UTDMVLNF3",
        "UTEL7RL8P",
        "UTSASN5L1",
        "UTU33MKJ9",
        "UTV9739S6",
        "UUB3X49B4",
        "UUDRCJYMN"
    ],
    "pins": [
        {
            "id": "1554479445.000700",
            "type": "C",
            "created": 1575523017,
            "user": "U5M5PLH9S",
            "owner": "UHP9P5JTE"
        }
    ],
    "topic": {
        "value": "Non-work banter and water cooler conversation",
        "creator": "",
        "last_set": 0
    },
    "purpose": {
        "value": "A place for non-work-related flimflam, faffing, hodge-podge or jibber-jabber you'd prefer to keep out of more focused work-related channels.",
        "creator": "",
        "last_set": 0
    }
},
{
    "id": "C5M71F0DT",
    "name": "general",
    "created": 1496320843,
    "creator": "U5M5PLH9S",
    "is_archived": false,
    "is_general": true,
    "members": [
        "U5M5PLH9S",
        "U5MRX6SSV",
        "U5N9RGB17",
        "U5P8N8F71",
        "U5PJZ8YNT",
        "U5S736Q22",
        "U5SJC4PQA",
        "U5Y9FPSN5",
        "U5Z632F9R",
        "U62TBFE9Z",
        "U67H6BG4B",
        "U6E49CNV6",
        "U6EETRVEV",
        "U6EUE8ACB",
        "U6F8B1V88",
        "U6FEKHE81",
        "U73QHP57W",
        "U7F49RVMG",
        "U7QTXBPT3",
        "U7S5M4SG6",
        "U7TAC0SE7",
        "U7UJ8QNAX",
        "U82NW0NLD",
        "U8DP2NWAD",
        "U8KNQSN1E",
        "U8PGRBGLW",
        "U8R356G2X",
        "U8Z3VB1T2",
        "U923YT3B4",
        "U96FLN61K",
        "U98M2F8NS",
        "U9L08R1GW",
        "U9LGLK3FD",
        "U9Z6PUD5X",
        "UA02T7STV",
        "UA8Q6RNLS",
        "UAB3ZFADD",
        "UAFKAHWKB",
        "UAFU57XHN",
        "UAFU6721J",
        "UAG0PDXPW",
        "UAG9C1MRT",
        "UAK3QBH37",
        "UAKPWAR6G",
        "UAQ2TN5EU",
        "UAS22PKQ9",
        "UAS37RRGB",
        "UAV9ALK0W",
        "UAWDKP7S4",
        "UAWHGKRU4",
        "UAXJP3GVC",
        "UB05Y24QY",
        "UB1TYHG2K",
        "UB1TZTQQ7",
        "UB46YK7R6",
        "UB7SMPB9D",
        "UBDGWD5HR",
        "UBDQLMATZ",
        "UBDS5PC94",
        "UBE2B272A",
        "UBG6R1Z3Q",
        "UBMQTLYDQ",
        "UBNBB3DL3",
        "UBT9TCF0A",
        "UC09QT5FG",
        "UC56L1BFG",
        "UCA6DTFLK",
        "UCBATG8KC",
        "UCC8Q9FNK",
        "UCEM0M03B",
        "UCKEJ93DZ",
        "UCKFNQJQ1",
        "UCLLMJRGF",
        "UCMBM5C6L",
        "UCN4Q0E5A",
        "UCN7FCH7A",
        "UCP4S66T1",
        "UCQ1YK9UP",
        "UDM8NN4M6",
        "UDN5W9N75",
        "UDSCBAS1E",
        "UDZV91GUX",
        "UE3JX8LUT",
        "UE4PK444S",
        "UEM71DDB8",
        "UF0SXEJ0M",
        "UF3T2P9HN",
        "UF4G0PEF5",
        "UF90LJWTH",
        "UFCS7CKPD",
        "UFERHJHJ8",
        "UFFFVFH7S",
        "UFPCMHBA6",
        "UFQTEPFKL",
        "UFR4DS1R9",
        "UFXP77Z1V",
        "UG2T36SFP",
        "UG3JFRCA0",
        "UGBF9E63W",
        "UGEG0ETAL",
        "UGG2RDVCG",
        "UGJ8GJGNR",
        "UGQ5A4ZC1",
        "UGR3ZBDDE",
        "UGUQJ7N93",
        "UGYET3TL0",
        "UHP9P5JTE",
        "UHQ2RDDD2",
        "UK9EX624T",
        "UKA33T8N9",
        "UKTGR7B41",
        "UKV93F6H1",
        "UL4U8LU6Q",
        "ULYB25AMS",
        "UM4B1EUAJ",
        "UM4C21D09",
        "UM4FXPY86",
        "UMDJSHV8A",
        "UMEH4EFC3",
        "UMJLWHPLZ",
        "UMR2MRB6C",
        "UMSBWHMND",
        "UMZ9YPJCQ",
        "UNS4T5MS8",
        "UP3MAAYMT",
        "UP3NUN9LG",
        "UPCTRQ6HK",
        "UPK22JLJ1",
        "UPXTN4XT3",
        "UQG9H47L1",
        "UQHV8QW4Q",
        "URJ5Q7QMB",
        "URM2LCMHA",
        "URMFQPFK2",
        "URPBWKVAB",
        "URQAL47MW",
        "URQAS7R8V",
        "URRCGKPRC",
        "USEND7VUH",
        "USJK5K11S",
        "UST9A6ZPU",
        "UT90H44QN",
        "UTDMVLNF3",
        "UTEL7RL8P",
        "UTSASN5L1",
        "UTU33MKJ9",
        "UTV9739S6",
        "UUB3X49B4",
        "UUDRCJYMN"
    ],
    "pins": [
        {
            "id": "1563051948.031900",
            "type": "C",
            "created": 1563052471,
            "user": "U5M5PLH9S",
            "owner": "U5M5PLH9S"
        }
    ],
    "topic": {
        "value": "All chats, present yourself, .. anything goes :bowtie:",
        "creator": "U5M5PLH9S",
        "last_set": 1546771914
    },
    "purpose": {
        "value": "This channel is for team-wide communication and announcements. All team members are in this channel.",
        "creator": "",
        "last_set": 0
    }
},
{
    "id": "C7U1PJMK8",
    "name": "transducers",
    "created": 1509532026,
    "creator": "U5M5PLH9S",
    "is_archived": false,
    "is_general": false,
    "members": [
        "U5M5PLH9S",
        "U7QTXBPT3",
        "U7TAC0SE7",
        "U8DP2NWAD",
        "U8Z3VB1T2",
        "UCBATG8KC",
        "UCLLMJRGF",
        "UCMBM5C6L",
        "UE3JX8LUT",
        "UFPCMHBA6",
        "UGBF9E63W",
        "UGJ8GJGNR",
        "UHP9P5JTE",
        "UMDJSHV8A",
        "UP3MAAYMT",
        "UP3NUN9LG",
        "URQAL47MW",
        "URQAS7R8V",
        "UTDMVLNF3",
        "UUB3X49B4"
    ],
    "topic": {
        "value": "Transducers, what else?",
        "creator": "U5M5PLH9S",
        "last_set": 1535877809
    },
    "purpose": {
        "value": "To discuss about probes, piezos, mechanical heads,... ",
        "creator": "U5M5PLH9S",
        "last_set": 1535877809
    }
},
{
    "id": "C9H58ADJT",
    "name": "ice40",
    "created": 1519811377,
    "creator": "U5M5PLH9S",
    "is_archived": false,
    "is_general": false,
    "members": [
        "U5M5PLH9S",
        "U8DP2NWAD",
        "U8Z3VB1T2",
        "U923YT3B4",
        "U9LGLK3FD",
        "U9Z6PUD5X",
        "UAQ2TN5EU",
        "UCC8Q9FNK",
        "UCLLMJRGF",
        "UCMBM5C6L",
        "UCP4S66T1",
        "UE3JX8LUT",
        "UF0SXEJ0M",
        "UFPCMHBA6",
        "UG2T36SFP",
        "UMEH4EFC3",
        "UPXTN4XT3"
    ],
    "pins": [
        {
            "id": "1527154676.000303",
            "type": "C",
            "created": 1536163271,
            "user": "U5M5PLH9S",
            "owner": "U5M5PLH9S"
        }
    ],
    "topic": {
        "value": "First board - un0Rick - based on a ice40",
        "creator": "U5M5PLH9S",
        "last_set": 1561884615
    },
    "purpose": {
        "value": "",
        "creator": "",
        "last_set": 0
    }
},
{
    "id": "CAGES1LQM",
    "name": "shenzen",
    "created": 1525178842,
    "creator": "U5M5PLH9S",
    "is_archived": false,
    "is_general": false,
    "members": [
        "U5M5PLH9S",
        "U8Z3VB1T2",
        "UCKEJ93DZ",
        "UCLLMJRGF",
        "UFPCMHBA6",
        "URQAL47MW",
        "URQAS7R8V",
        "UTDMVLNF3"
    ],
    "topic": {
        "value": "",
        "creator": "",
        "last_set": 0
    },
    "purpose": {
        "value": "Providing ideas about Shenzen probe and hardware suppliers.",
        "creator": "U5M5PLH9S",
        "last_set": 1525178843
    }
},
{
    "id": "CC725JEC8",
    "name": "simplerick",
    "created": 1534184218,
    "creator": "U8Z3VB1T2",
    "is_archived": false,
    "is_general": false,
    "members": [
        "U5M5PLH9S",
        "U8Z3VB1T2",
        "UBE2B272A",
        "UC09QT5FG",
        "UCKEJ93DZ",
        "UCLLMJRGF",
        "UFPCMHBA6",
        "UMEH4EFC3",
        "UTDMVLNF3",
        "UTEL7RL8P"
    ],
    "pins": [
        {
            "id": "1534184377.000243",
            "type": "C",
            "created": 1534184386,
            "user": "U8Z3VB1T2",
            "owner": "U8Z3VB1T2"
        }
    ],
    "topic": {
        "value": "",
        "creator": "",
        "last_set": 0
    },
    "purpose": {
        "value": "Discussion for SimpleRick",
        "creator": "U8Z3VB1T2",
        "last_set": 1534184219
    }
},
{
    "id": "CCM3C9449",
    "name": "lowcostimaging",
    "created": 1536162884,
    "creator": "U5M5PLH9S",
    "is_archived": false,
    "is_general": false,
    "members": [
        "U5M5PLH9S",
        "U8Z3VB1T2",
        "UC56L1BFG",
        "UCEM0M03B",
        "UCKEJ93DZ",
        "UCLLMJRGF",
        "UCMBM5C6L",
        "UCP4S66T1",
        "UE3JX8LUT",
        "UF90LJWTH",
        "UFPCMHBA6",
        "UM4FXPY86",
        "UMZ9YPJCQ",
        "UP3NUN9LG",
        "URQAL47MW",
        "URQAS7R8V",
        "UTDMVLNF3"
    ],
    "pins": [
        {
            "id": "1536163122.000100",
            "type": "C",
            "created": 1536163246,
            "user": "U5M5PLH9S",
            "owner": "U5M5PLH9S"
        }
    ],
    "topic": {
        "value": "",
        "creator": "",
        "last_set": 0
    },
    "purpose": {
        "value": "For teams who want to discuss low-cost medical devices :smiley:",
        "creator": "U5M5PLH9S",
        "last_set": 1536162884
    }
},
{
    "id": "CCVBF8SEL",
    "name": "articlereviews",
    "created": 1537295061,
    "creator": "U5M5PLH9S",
    "is_archived": false,
    "is_general": false,
    "members": [
        "U5M5PLH9S",
        "U8DP2NWAD",
        "U8Z3VB1T2",
        "UA8Q6RNLS",
        "UBE2B272A",
        "UF90LJWTH",
        "UFCS7CKPD",
        "UFPCMHBA6",
        "UGJ8GJGNR",
        "UHP9P5JTE",
        "UHQ2RDDD2",
        "UKA33T8N9",
        "URQAL47MW"
    ],
    "pins": [
        {
            "id": "1537295262.000100",
            "type": "C",
            "created": 1554564516,
            "user": "U5M5PLH9S",
            "owner": "U5M5PLH9S"
        }
    ],
    "topic": {
        "value": "Creation of the first Open Ultrasound Society papers :wink:",
        "creator": "U5M5PLH9S",
        "last_set": 1582099850
    },
    "purpose": {
        "value": "",
        "creator": "",
        "last_set": 0
    }
},
{
    "id": "CKMC3FJ2K",
    "name": "images",
    "created": 1560524655,
    "creator": "U5M5PLH9S",
    "is_archived": false,
    "is_general": false,
    "members": [
        "U5M5PLH9S",
        "U8Z3VB1T2",
        "UFPCMHBA6"
    ],
    "topic": {
        "value": "",
        "creator": "",
        "last_set": 0
    },
    "purpose": {
        "value": "",
        "creator": "",
        "last_set": 0
    }
},
{
    "id": "CL0FKPP5K",
    "name": "lit3rick",
    "created": 1561884743,
    "creator": "U5M5PLH9S",
    "is_archived": false,
    "is_general": false,
    "members": [
        "U5M5PLH9S",
        "U8Z3VB1T2",
        "UFPCMHBA6"
    ],
    "topic": {
        "value": "",
        "creator": "",
        "last_set": 0
    },
    "purpose": {
        "value": "To discuss the pHAT board",
        "creator": "U5M5PLH9S",
        "last_set": 1561884781
    }
},
{
    "id": "CRPSP8T4L",
    "name": "prosthesis-transducer",
    "created": 1576435629,
    "creator": "URQAL47MW",
    "is_archived": false,
    "is_general": false,
    "members": [
        "U5M5PLH9S",
        "U8Z3VB1T2",
        "UGJ8GJGNR",
        "UKA33T8N9",
        "URQAL47MW",
        "URQAS7R8V",
        "UST9A6ZPU",
        "UTDMVLNF3",
        "UTU33MKJ9",
        "UTV9739S6",
        "UUB3X49B4"
    ],
    "topic": {
        "value": "",
        "creator": "URQAL47MW",
        "last_set": 1576435668
    },
    "purpose": {
        "value": "",
        "creator": "URQAL47MW",
        "last_set": 1576435668
    }
}
]