[
    {
        "type": "message",
        "subtype": "channel_join",
        "ts": "1509532026.000033",
        "user": "U5M5PLH9S",
        "text": "<@U5M5PLH9S> has joined the channel"
    },
    {
        "type": "message",
        "text": "In case you're looking for piezos -&gt;  a benchmark is here : <https:\/\/github.com\/kelu124\/echomods\/tree\/master\/cletus\/suppliers>",
        "user": "U5M5PLH9S",
        "ts": "1509532071.000036",
        "team": "T5M5PLH8U",
        "user_team": "T5M5PLH8U",
        "source_team": "T5M5PLH8U",
        "user_profile": {
            "avatar_hash": "e4fb6ae9f526",
            "image_72": "https:\/\/avatars.slack-edge.com\/2017-06-01\/191144530514_e4fb6ae9f526531fd41c_72.jpg",
            "first_name": "",
            "real_name": "kelu",
            "display_name": "",
            "team": "T5M5PLH8U",
            "name": "kelu",
            "is_restricted": false,
            "is_ultra_restricted": false
        },
        "attachments": [
            {
                "service_name": "GitHub",
                "title": "kelu124\/echomods",
                "title_link": "https:\/\/github.com\/kelu124\/echomods\/tree\/master\/cletus\/suppliers",
                "text": "echomods - Ultrasound processing modules and building blocks",
                "fallback": "GitHub: kelu124\/echomods",
                "from_url": "https:\/\/github.com\/kelu124\/echomods\/tree\/master\/cletus\/suppliers",
                "thumb_url": "https:\/\/avatars0.githubusercontent.com\/u\/2452634?s=400&v=4",
                "thumb_width": 250,
                "thumb_height": 250,
                "service_icon": "https:\/\/a.slack-edge.com\/bfaba\/img\/unfurl_icons\/github.png",
                "id": 1
            }
        ]
    },
    {
        "type": "message",
        "text": "still, my preference goes to SmartMaterials because they're great :smiley:",
        "user": "U5M5PLH9S",
        "ts": "1509532097.000336",
        "team": "T5M5PLH8U",
        "user_team": "T5M5PLH8U",
        "source_team": "T5M5PLH8U",
        "user_profile": {
            "avatar_hash": "e4fb6ae9f526",
            "image_72": "https:\/\/avatars.slack-edge.com\/2017-06-01\/191144530514_e4fb6ae9f526531fd41c_72.jpg",
            "first_name": "",
            "real_name": "kelu",
            "display_name": "",
            "team": "T5M5PLH8U",
            "name": "kelu",
            "is_restricted": false,
            "is_ultra_restricted": false
        }
    },
    {
        "type": "message",
        "text": "Ping <@U7QTXBPT3> and <@U7TAC0SE7> .. i guess you may have things to share",
        "user": "U5M5PLH9S",
        "ts": "1509563224.000279",
        "team": "T5M5PLH8U",
        "user_team": "T5M5PLH8U",
        "source_team": "T5M5PLH8U",
        "user_profile": {
            "avatar_hash": "e4fb6ae9f526",
            "image_72": "https:\/\/avatars.slack-edge.com\/2017-06-01\/191144530514_e4fb6ae9f526531fd41c_72.jpg",
            "first_name": "",
            "real_name": "kelu",
            "display_name": "",
            "team": "T5M5PLH8U",
            "name": "kelu",
            "is_restricted": false,
            "is_ultra_restricted": false
        },
        "edited": {
            "user": "U5M5PLH9S",
            "ts": "1509613295.000000"
        }
    },
    {
        "type": "message",
        "subtype": "channel_join",
        "ts": "1509563226.000709",
        "user": "U7QTXBPT3",
        "text": "<@U7QTXBPT3> has joined the channel",
        "inviter": "U5M5PLH9S"
    },
    {
        "type": "message",
        "subtype": "channel_join",
        "ts": "1509563226.000755",
        "user": "U7TAC0SE7",
        "text": "<@U7TAC0SE7> has joined the channel",
        "inviter": "U5M5PLH9S"
    }
]