[
    {
        "client_msg_id": "d0f123c9-a5d4-4e78-b361-7c41a5687576",
        "type": "message",
        "text": "Another one, 50$ <https:\/\/www.ebay.fr\/itm\/ATL-Access-A-Ultrasound-Scanhead-Scan-head-3-Mhz-19mm\/323495321103?hash=item4b51d2de0f:g:Y0UAAOSwy2pbv~W8:rk:2:pf:0>",
        "user": "U5M5PLH9S",
        "ts": "1541360093.000200",
        "team": "T5M5PLH8U",
        "user_team": "T5M5PLH8U",
        "source_team": "T5M5PLH8U",
        "user_profile": {
            "avatar_hash": "e4fb6ae9f526",
            "image_72": "https:\/\/avatars.slack-edge.com\/2017-06-01\/191144530514_e4fb6ae9f526531fd41c_72.jpg",
            "first_name": "",
            "real_name": "kelu",
            "display_name": "",
            "team": "T5M5PLH8U",
            "name": "kelu",
            "is_restricted": false,
            "is_ultra_restricted": false
        }
    }
]