[
    {
        "client_msg_id": "c41371e3-882a-4341-9844-c0df0ef4d255",
        "type": "message",
        "text": "Not really piezo,  rather probe, worked on some retrofitting,  interesting results. <https:\/\/github.com\/kelu124\/echomods\/blob\/master\/matty\/20180831c\/20180831c-Client.ipynb> <@U8Z3VB1T2>,  I trust this could work with a rtlsdr given the bandwidth of interest on such probes :)",
        "user": "U5M5PLH9S",
        "ts": "1535825013.000100",
        "team": "T5M5PLH8U",
        "user_team": "T5M5PLH8U",
        "source_team": "T5M5PLH8U",
        "user_profile": {
            "avatar_hash": "e4fb6ae9f526",
            "image_72": "https:\/\/avatars.slack-edge.com\/2017-06-01\/191144530514_e4fb6ae9f526531fd41c_72.jpg",
            "first_name": "",
            "real_name": "kelu",
            "display_name": "",
            "team": "T5M5PLH8U",
            "name": "kelu",
            "is_restricted": false,
            "is_ultra_restricted": false
        },
        "thread_ts": "1535825013.000100",
        "reply_count": 2,
        "reply_users_count": 2,
        "latest_reply": "1535874385.000100",
        "reply_users": [
            "U8Z3VB1T2",
            "U5M5PLH9S"
        ],
        "replies": [
            {
                "user": "U8Z3VB1T2",
                "ts": "1535855337.000100"
            },
            {
                "user": "U5M5PLH9S",
                "ts": "1535874385.000100"
            }
        ],
        "subscribed": true,
        "last_read": "1535874385.000100"
    },
    {
        "client_msg_id": "8d6a1d56-ef1d-473f-b9a6-b34c55af92d9",
        "type": "message",
        "text": "Would be interesting to hook one on <#CC725JEC8|simplerick> !",
        "user": "U5M5PLH9S",
        "ts": "1535825032.000200",
        "team": "T5M5PLH8U",
        "user_team": "T5M5PLH8U",
        "source_team": "T5M5PLH8U",
        "user_profile": {
            "avatar_hash": "e4fb6ae9f526",
            "image_72": "https:\/\/avatars.slack-edge.com\/2017-06-01\/191144530514_e4fb6ae9f526531fd41c_72.jpg",
            "first_name": "",
            "real_name": "kelu",
            "display_name": "",
            "team": "T5M5PLH8U",
            "name": "kelu",
            "is_restricted": false,
            "is_ultra_restricted": false
        }
    },
    {
        "client_msg_id": "143cfcbf-5dd1-41f2-9990-d16beab1a96d",
        "type": "message",
        "text": "Some probes teardown too: <https:\/\/github.com\/kelu124\/echomods\/tree\/master\/include\/probes\/auto> &gt;&lt;",
        "user": "U5M5PLH9S",
        "ts": "1535825149.000100",
        "team": "T5M5PLH8U",
        "user_team": "T5M5PLH8U",
        "source_team": "T5M5PLH8U",
        "user_profile": {
            "avatar_hash": "e4fb6ae9f526",
            "image_72": "https:\/\/avatars.slack-edge.com\/2017-06-01\/191144530514_e4fb6ae9f526531fd41c_72.jpg",
            "first_name": "",
            "real_name": "kelu",
            "display_name": "",
            "team": "T5M5PLH8U",
            "name": "kelu",
            "is_restricted": false,
            "is_ultra_restricted": false
        }
    },
    {
        "type": "message",
        "subtype": "channel_join",
        "ts": "1535839438.000200",
        "user": "UCLLMJRGF",
        "text": "<@UCLLMJRGF> has joined the channel"
    },
    {
        "client_msg_id": "87571f41-d6c6-4d82-90a4-1a9c3632208e",
        "type": "message",
        "text": "Very interesting! What is the center frequency for this probe?",
        "user": "U8Z3VB1T2",
        "ts": "1535855337.000100",
        "team": "T5M5PLH8U",
        "user_team": "T5M5PLH8U",
        "source_team": "T5M5PLH8U",
        "user_profile": {
            "avatar_hash": "g49ad52d7df8",
            "image_72": "https:\/\/secure.gravatar.com\/avatar\/449ad52d7df89ecbe8ebe0fd87d3f63f.jpg?s=72&d=https%3A%2F%2Fa.slack-edge.com%2Fdf10d%2Fimg%2Favatars%2Fava_0026-72.png",
            "first_name": "",
            "real_name": "William Meng",
            "display_name": "",
            "team": "T5M5PLH8U",
            "name": "wlmeng11",
            "is_restricted": false,
            "is_ultra_restricted": false
        },
        "thread_ts": "1535825013.000100",
        "parent_user_id": "U5M5PLH9S"
    }
]