[
    {
        "client_msg_id": "706ef58f-e27d-4226-9f4a-a2a3910037b7",
        "type": "message",
        "text": "<@UCMBM5C6L> some great sector probes at <https:\/\/www.ebay.fr\/sch\/i.html?_odkw=diasonic&amp;_trkparms=5926%3AKEYWORD%7C5079%3A0&amp;_osacat=0&amp;_from=R40&amp;_trksid=m570.l1313&amp;_nkw=diasonics&amp;_sacat=0> -- most of the probes with round connectors should be mechanical",
        "user": "U5M5PLH9S",
        "ts": "1538860405.000100",
        "team": "T5M5PLH8U",
        "user_team": "T5M5PLH8U",
        "source_team": "T5M5PLH8U",
        "user_profile": {
            "avatar_hash": "e4fb6ae9f526",
            "image_72": "https:\/\/avatars.slack-edge.com\/2017-06-01\/191144530514_e4fb6ae9f526531fd41c_72.jpg",
            "first_name": "",
            "real_name": "kelu",
            "display_name": "",
            "team": "T5M5PLH8U",
            "name": "kelu",
            "is_restricted": false,
            "is_ultra_restricted": false
        },
        "edited": {
            "user": "U5M5PLH9S",
            "ts": "1538860425.000000"
        }
    },
    {
        "type": "message",
        "subtype": "channel_join",
        "ts": "1538860410.000200",
        "user": "UCMBM5C6L",
        "text": "<@UCMBM5C6L> has joined the channel",
        "inviter": "U5M5PLH9S"
    },
    {
        "client_msg_id": "d55e0c19-e420-4737-a34e-afff8b734c67",
        "type": "message",
        "text": "For example <https:\/\/www.ebay.fr\/itm\/DIASONICS-Cmsd-Plus-3-5-MHz-ULTRASOUND-PROBE-TRANSDUCER\/113139811286?hash=item1a57a883d6:g:TIoAAOSw0vJbQrDh&amp;autorefresh=true> could be one",
        "user": "U5M5PLH9S",
        "ts": "1538860797.000200",
        "team": "T5M5PLH8U",
        "user_team": "T5M5PLH8U",
        "source_team": "T5M5PLH8U",
        "user_profile": {
            "avatar_hash": "e4fb6ae9f526",
            "image_72": "https:\/\/avatars.slack-edge.com\/2017-06-01\/191144530514_e4fb6ae9f526531fd41c_72.jpg",
            "first_name": "",
            "real_name": "kelu",
            "display_name": "",
            "team": "T5M5PLH8U",
            "name": "kelu",
            "is_restricted": false,
            "is_ultra_restricted": false
        }
    },
    {
        "client_msg_id": "0ff34402-0714-4eb3-9c05-8a772ed9c4d9",
        "type": "message",
        "text": "or this one",
        "user": "U5M5PLH9S",
        "ts": "1538860883.000200",
        "team": "T5M5PLH8U",
        "user_team": "T5M5PLH8U",
        "source_team": "T5M5PLH8U",
        "user_profile": {
            "avatar_hash": "e4fb6ae9f526",
            "image_72": "https:\/\/avatars.slack-edge.com\/2017-06-01\/191144530514_e4fb6ae9f526531fd41c_72.jpg",
            "first_name": "",
            "real_name": "kelu",
            "display_name": "",
            "team": "T5M5PLH8U",
            "name": "kelu",
            "is_restricted": false,
            "is_ultra_restricted": false
        }
    },
    {
        "client_msg_id": "7d1a9b68-5d5b-4d71-b108-baf7866b2154",
        "type": "message",
        "text": "<https:\/\/www.ebay.fr\/itm\/DIASONICS-SPA-5-0MHZ-ULTRASOUND-PROBE-TRANSDUCER\/280723892478?hash=item415c72a8fe:g:6ucAAOxyBLxRG5Yf>",
        "user": "U5M5PLH9S",
        "ts": "1538860884.000100",
        "team": "T5M5PLH8U",
        "user_team": "T5M5PLH8U",
        "source_team": "T5M5PLH8U",
        "user_profile": {
            "avatar_hash": "e4fb6ae9f526",
            "image_72": "https:\/\/avatars.slack-edge.com\/2017-06-01\/191144530514_e4fb6ae9f526531fd41c_72.jpg",
            "first_name": "",
            "real_name": "kelu",
            "display_name": "",
            "team": "T5M5PLH8U",
            "name": "kelu",
            "is_restricted": false,
            "is_ultra_restricted": false
        }
    },
    {
        "client_msg_id": "db343cb0-8095-41ae-9c13-4364efadc0ce",
        "type": "message",
        "text": "(but I have never opened one, so can't say)",
        "user": "U5M5PLH9S",
        "ts": "1538860893.000100",
        "team": "T5M5PLH8U",
        "user_team": "T5M5PLH8U",
        "source_team": "T5M5PLH8U",
        "user_profile": {
            "avatar_hash": "e4fb6ae9f526",
            "image_72": "https:\/\/avatars.slack-edge.com\/2017-06-01\/191144530514_e4fb6ae9f526531fd41c_72.jpg",
            "first_name": "",
            "real_name": "kelu",
            "display_name": "",
            "team": "T5M5PLH8U",
            "name": "kelu",
            "is_restricted": false,
            "is_ultra_restricted": false
        }
    }
]