[
    {
        "type": "message",
        "text": "I'll let you have a guess ;)",
        "files": [
            {
                "id": "FCKMJMZBL",
                "created": 1535874383,
                "timestamp": 1535874383,
                "name": "téléchargement.png",
                "title": "téléchargement.png",
                "mimetype": "image\/png",
                "filetype": "png",
                "pretty_type": "PNG",
                "user": "U5M5PLH9S",
                "editable": false,
                "size": 220381,
                "mode": "hosted",
                "is_external": false,
                "external_type": "",
                "is_public": true,
                "public_url_shared": false,
                "display_as_bot": false,
                "username": "",
                "url_private": "https:\/\/files.slack.com\/files-pri\/T5M5PLH8U-FCKMJMZBL\/t__l__chargement.png?t=xoxe-191193697300-1655641665238-1662624174259-9d4966033b52bec8bbd54ad611c52557",
                "url_private_download": "https:\/\/files.slack.com\/files-pri\/T5M5PLH8U-FCKMJMZBL\/download\/t__l__chargement.png?t=xoxe-191193697300-1655641665238-1662624174259-9d4966033b52bec8bbd54ad611c52557",
                "thumb_64": "https:\/\/files.slack.com\/files-tmb\/T5M5PLH8U-FCKMJMZBL-2032bb1505\/t__l__chargement_64.png?t=xoxe-191193697300-1655641665238-1662624174259-9d4966033b52bec8bbd54ad611c52557",
                "thumb_80": "https:\/\/files.slack.com\/files-tmb\/T5M5PLH8U-FCKMJMZBL-2032bb1505\/t__l__chargement_80.png?t=xoxe-191193697300-1655641665238-1662624174259-9d4966033b52bec8bbd54ad611c52557",
                "thumb_360": "https:\/\/files.slack.com\/files-tmb\/T5M5PLH8U-FCKMJMZBL-2032bb1505\/t__l__chargement_360.png?t=xoxe-191193697300-1655641665238-1662624174259-9d4966033b52bec8bbd54ad611c52557",
                "thumb_360_w": 252,
                "thumb_360_h": 360,
                "thumb_480": "https:\/\/files.slack.com\/files-tmb\/T5M5PLH8U-FCKMJMZBL-2032bb1505\/t__l__chargement_480.png?t=xoxe-191193697300-1655641665238-1662624174259-9d4966033b52bec8bbd54ad611c52557",
                "thumb_480_w": 336,
                "thumb_480_h": 480,
                "thumb_160": "https:\/\/files.slack.com\/files-tmb\/T5M5PLH8U-FCKMJMZBL-2032bb1505\/t__l__chargement_160.png?t=xoxe-191193697300-1655641665238-1662624174259-9d4966033b52bec8bbd54ad611c52557",
                "image_exif_rotation": 1,
                "original_w": 498,
                "original_h": 712,
                "permalink": "https:\/\/usdevkit.slack.com\/files\/U5M5PLH9S\/FCKMJMZBL\/t__l__chargement.png",
                "permalink_public": "https:\/\/slack-files.com\/T5M5PLH8U-FCKMJMZBL-7d00ba7e81",
                "is_starred": false,
                "has_rich_preview": false
            }
        ],
        "upload": true,
        "user": "U5M5PLH9S",
        "display_as_bot": false,
        "ts": "1535874385.000100",
        "client_msg_id": "af9e8aad-036a-4ab2-b0f0-68c6ae1639e6",
        "thread_ts": "1535825013.000100",
        "parent_user_id": "U5M5PLH9S"
    },
    {
        "type": "message",
        "subtype": "channel_name",
        "ts": "1535877809.000100",
        "user": "U5M5PLH9S",
        "text": "<@U5M5PLH9S> has renamed the channel from \"piezo\" to \"transducers\"",
        "old_name": "piezo",
        "name": "transducers"
    },
    {
        "type": "message",
        "subtype": "channel_purpose",
        "ts": "1535877809.000200",
        "user": "U5M5PLH9S",
        "text": "<@U5M5PLH9S> set the channel purpose: To discuss about probes, piezos, mechanical heads,... ",
        "purpose": "To discuss about probes, piezos, mechanical heads,... "
    },
    {
        "type": "message",
        "subtype": "channel_topic",
        "ts": "1535877809.000300",
        "user": "U5M5PLH9S",
        "text": "<@U5M5PLH9S> set the channel topic: Transducers, what else?",
        "topic": "Transducers, what else?"
    }
]