[
    {
        "client_msg_id": "46959c68-1780-46aa-9ac2-898654c876e0",
        "type": "message",
        "text": "Haven't had the chance to use those; would be happy to get your feedback !",
        "user": "U5M5PLH9S",
        "ts": "1544445048.000100",
        "team": "T5M5PLH8U",
        "user_team": "T5M5PLH8U",
        "source_team": "T5M5PLH8U",
        "user_profile": {
            "avatar_hash": "e4fb6ae9f526",
            "image_72": "https:\/\/avatars.slack-edge.com\/2017-06-01\/191144530514_e4fb6ae9f526531fd41c_72.jpg",
            "first_name": "",
            "real_name": "kelu",
            "display_name": "",
            "team": "T5M5PLH8U",
            "name": "kelu",
            "is_restricted": false,
            "is_ultra_restricted": false
        },
        "thread_ts": "1544034240.001300",
        "parent_user_id": "U5M5PLH9S"
    }
]