[
    {
        "client_msg_id": "6444f6f4-852d-44ce-8028-be28e6dbd6e2",
        "type": "message",
        "text": "<@U5M5PLH9S> We actually used this piezo from Steminc in the Columbia Open Source Ultrasound project. The performance isn’t great due to lack of impedance matching and focusing, but it’s nice for basic testing cuz it’s really cheap :slightly_smiling_face:",
        "user": "U8Z3VB1T2",
        "ts": "1544321917.000100",
        "team": "T5M5PLH8U",
        "user_team": "T5M5PLH8U",
        "source_team": "T5M5PLH8U",
        "user_profile": {
            "avatar_hash": "g49ad52d7df8",
            "image_72": "https:\/\/secure.gravatar.com\/avatar\/449ad52d7df89ecbe8ebe0fd87d3f63f.jpg?s=72&d=https%3A%2F%2Fa.slack-edge.com%2Fdf10d%2Fimg%2Favatars%2Fava_0026-72.png",
            "first_name": "",
            "real_name": "William Meng",
            "display_name": "",
            "team": "T5M5PLH8U",
            "name": "wlmeng11",
            "is_restricted": false,
            "is_ultra_restricted": false
        },
        "thread_ts": "1544034240.001300",
        "parent_user_id": "U5M5PLH9S",
        "reactions": [
            {
                "name": "+1",
                "users": [
                    "U5M5PLH9S"
                ],
                "count": 1
            }
        ]
    }
]