[
    {
        "client_msg_id": "19a13959-a21e-4520-b7cb-e520d3588eea",
        "type": "message",
        "text": "Some alibaba stuff: <https:\/\/www.alibaba.com\/product-detail\/NDT-Straight-Angle-Beam-transducer-sensors_60752888953.html?spm=a2700.7724838.2017115.198.12067c84XcXzww> ping <@UGJ8GJGNR> ",
        "user": "U5M5PLH9S",
        "ts": "1551250797.000700",
        "team": "T5M5PLH8U",
        "user_team": "T5M5PLH8U",
        "source_team": "T5M5PLH8U",
        "user_profile": {
            "avatar_hash": "e4fb6ae9f526",
            "image_72": "https:\/\/avatars.slack-edge.com\/2017-06-01\/191144530514_e4fb6ae9f526531fd41c_72.jpg",
            "first_name": "",
            "real_name": "kelu",
            "display_name": "",
            "team": "T5M5PLH8U",
            "name": "kelu",
            "is_restricted": false,
            "is_ultra_restricted": false
        },
        "attachments": [
            {
                "service_name": "www.alibaba.com",
                "title": "Ndt Straight \/ Angle Beam Transducer\/sensors\/probes - Buy Ndt Straight \/ Angle Beam Transducer,Transducer\/sensors\/probes,Straight \/ Angle Beam Transducer\/sensors\/probes Product on Alibaba.com",
                "title_link": "https:\/\/www.alibaba.com\/product-detail\/NDT-Straight-Angle-Beam-transducer-sensors_60752888953.html?spm=a2700.7724838.2017115.198.12067c84XcXzww",
                "text": "Ndt Straight \/ Angle Beam Transducer\/sensors\/probes , Find Complete Details about Ndt Straight \/ Angle Beam Transducer\/sensors\/probes,Ndt Straight \/ Angle Beam Transducer,Transducer\/sensors\/probes,Straight \/ Angle Beam Transducer\/sensors\/probes from Supplier or Manufacturer-Huatec Group Corporation",
                "fallback": "www.alibaba.com: Ndt Straight \/ Angle Beam Transducer\/sensors\/probes - Buy Ndt Straight \/ Angle Beam Transducer,Transducer\/sensors\/probes,Straight \/ Angle Beam Transducer\/sensors\/probes Product on Alibaba.com",
                "thumb_url": "https:\/\/sc01.alicdn.com\/kf\/HTB1inl1bFzqK1RjSZFoq6zfcXXaN\/NDT-Straight-Angle-Beam-transducer-sensors-probes.jpg",
                "from_url": "https:\/\/www.alibaba.com\/product-detail\/NDT-Straight-Angle-Beam-transducer-sensors_60752888953.html?spm=a2700.7724838.2017115.198.12067c84XcXzww",
                "thumb_width": 1000,
                "thumb_height": 997,
                "service_icon": "http:\/\/is.alicdn.com\/simg\/single\/icon\/favicon.ico",
                "id": 1,
                "original_url": "https:\/\/www.alibaba.com\/product-detail\/NDT-Straight-Angle-Beam-transducer-sensors_60752888953.html?spm=a2700.7724838.2017115.198.12067c84XcXzww"
            }
        ]
    },
    {
        "type": "message",
        "subtype": "channel_join",
        "ts": "1551250800.001000",
        "user": "UGJ8GJGNR",
        "text": "<@UGJ8GJGNR> has joined the channel",
        "inviter": "U5M5PLH9S"
    },
    {
        "client_msg_id": "fb9f7cea-fca8-463d-bc72-ae6f3de969bb",
        "type": "message",
        "text": "Also the <https:\/\/www.ebay.com\/itm\/3-5-MHz-0-25-6mm-Immersion-Ultrasonic-Transducer\/323035525162?_trkparms=aid%3D222007%26algo%3DSIM.MBE%26ao%3D2%26asc%3D20160323102634%26meid%3D39ff064d55c54ec186a9a97abbe57702%26pid%3D100623%26rk%3D1%26rkt%3D6%26sd%3D323035523141%26itm%3D323035525162&amp;_trksid=p2047675.c100623.m-1> mentioned by Sterling ",
        "user": "U5M5PLH9S",
        "ts": "1551250844.001400",
        "team": "T5M5PLH8U",
        "user_team": "T5M5PLH8U",
        "source_team": "T5M5PLH8U",
        "user_profile": {
            "avatar_hash": "e4fb6ae9f526",
            "image_72": "https:\/\/avatars.slack-edge.com\/2017-06-01\/191144530514_e4fb6ae9f526531fd41c_72.jpg",
            "first_name": "",
            "real_name": "kelu",
            "display_name": "",
            "team": "T5M5PLH8U",
            "name": "kelu",
            "is_restricted": false,
            "is_ultra_restricted": false
        },
        "attachments": [
            {
                "service_name": "eBay",
                "title": "3.5 MHz \/  0.25\" (6mm) Immersion Ultrasonic Transducer",
                "title_link": "https:\/\/www.ebay.com\/itm\/3-5-MHz-0-25-6mm-Immersion-Ultrasonic-Transducer\/323035525162?_trkparms=aid%3D222007%26algo%3DSIM.MBE%26ao%3D2%26asc%3D20160323102634%26meid%3D39ff064d55c54ec186a9a97abbe57702%26pid%3D100623%26rk%3D1%26rkt%3D6%26sd%3D323035523141%26itm%3D323035525162&_trksid=p2047675.c100623.m-1",
                "text": "3.5 MHz \/ 0.25\" (6mm) Immersion Ultrasonic Transducer | Consumer Electronics, Wholesale Lots, TV, Video &amp; Home Audio | eBay!",
                "fallback": "eBay: 3.5 MHz \/  0.25\" (6mm) Immersion Ultrasonic Transducer",
                "thumb_url": "https:\/\/i.ebayimg.com\/images\/i\/323035525162-0-1\/s-l1000.jpg",
                "from_url": "https:\/\/www.ebay.com\/itm\/3-5-MHz-0-25-6mm-Immersion-Ultrasonic-Transducer\/323035525162?_trkparms=aid%3D222007%26algo%3DSIM.MBE%26ao%3D2%26asc%3D20160323102634%26meid%3D39ff064d55c54ec186a9a97abbe57702%26pid%3D100623%26rk%3D1%26rkt%3D6%26sd%3D323035523141%26itm%3D323035525162&_trksid=p2047675.c100623.m-1",
                "thumb_width": 1000,
                "thumb_height": 750,
                "service_icon": "https:\/\/www.ebay.com\/favicon.ico",
                "id": 1,
                "original_url": "https:\/\/www.ebay.com\/itm\/3-5-MHz-0-25-6mm-Immersion-Ultrasonic-Transducer\/323035525162?_trkparms=aid%3D222007%26algo%3DSIM.MBE%26ao%3D2%26asc%3D20160323102634%26meid%3D39ff064d55c54ec186a9a97abbe57702%26pid%3D100623%26rk%3D1%26rkt%3D6%26sd%3D323035523141%26itm%3D323035525162&amp;_trksid=p2047675.c100623.m-1"
            }
        ]
    }
]