[
    {
        "client_msg_id": "aa35704d-a679-4606-b622-f952750da56f",
        "type": "message",
        "text": "For the fun :wink:\n<https:\/\/makezine.com\/2008\/07\/31\/how-to-make-piezo-crystal\/>",
        "user": "U5M5PLH9S",
        "ts": "1551433653.000300",
        "team": "T5M5PLH8U",
        "user_team": "T5M5PLH8U",
        "source_team": "T5M5PLH8U",
        "user_profile": {
            "avatar_hash": "e4fb6ae9f526",
            "image_72": "https:\/\/avatars.slack-edge.com\/2017-06-01\/191144530514_e4fb6ae9f526531fd41c_72.jpg",
            "first_name": "",
            "real_name": "kelu",
            "display_name": "",
            "team": "T5M5PLH8U",
            "name": "kelu",
            "is_restricted": false,
            "is_ultra_restricted": false
        },
        "attachments": [
            {
                "service_name": "Make: DIY Projects and Ideas for Makers",
                "title": "HOW TO - make piezo crystals at home | Make:",
                "title_link": "https:\/\/makezine.com\/2008\/07\/31\/how-to-make-piezo-crystal\/",
                "text": "Piezoelectric crystals are fascinating - when physical stress is applied, these materials produce a voltage. The effect can be reversed as well, apply",
                "fallback": "Make: DIY Projects and Ideas for Makers: HOW TO - make piezo crystals at home | Make:",
                "image_url": "https:\/\/i1.wp.com\/makezine.com\/wp-content\/uploads\/2008\/07\/rochellesalt.jpg?fit=600%2C451&ssl=1",
                "image_width": 333,
                "image_height": 250,
                "from_url": "https:\/\/makezine.com\/2008\/07\/31\/how-to-make-piezo-crystal\/",
                "image_bytes": 61351,
                "service_icon": "https:\/\/1abxf1rh6g01lhm2riyrt55k-wpengine.netdna-ssl.com\/apple-touch-icon.png",
                "id": 1,
                "original_url": "https:\/\/makezine.com\/2008\/07\/31\/how-to-make-piezo-crystal\/"
            }
        ]
    }
]