[
    {
        "client_msg_id": "5fb78f0b-dc6d-4680-9fd0-ba15853484a8",
        "type": "message",
        "text": "ping <@UFPCMHBA6>",
        "user": "U5M5PLH9S",
        "ts": "1574864002.005500",
        "team": "T5M5PLH8U",
        "user_team": "T5M5PLH8U",
        "source_team": "T5M5PLH8U",
        "user_profile": {
            "avatar_hash": "e4fb6ae9f526",
            "image_72": "https:\/\/avatars.slack-edge.com\/2017-06-01\/191144530514_e4fb6ae9f526531fd41c_72.jpg",
            "first_name": "",
            "real_name": "kelu",
            "display_name": "",
            "team": "T5M5PLH8U",
            "name": "kelu",
            "is_restricted": false,
            "is_ultra_restricted": false
        },
        "blocks": [
            {
                "type": "rich_text",
                "block_id": "gedxN",
                "elements": [
                    {
                        "type": "rich_text_section",
                        "elements": [
                            {
                                "type": "text",
                                "text": "ping "
                            },
                            {
                                "type": "user",
                                "user_id": "UFPCMHBA6"
                            }
                        ]
                    }
                ]
            }
        ],
        "thread_ts": "1574798893.002800",
        "parent_user_id": "U5M5PLH9S"
    },
    {
        "client_msg_id": "48e7f03d-2723-4b2d-991e-d0361f1978de",
        "type": "message",
        "text": "Oui, j'ai vu. Sympa. Tu as du détail sur le chemin du câble à droite ?\nEt une idée de la transformation de mouvement entre rotatif et oscillant ?",
        "user": "UFPCMHBA6",
        "ts": "1574865651.005700",
        "team": "T5M5PLH8U",
        "user_team": "T5M5PLH8U",
        "source_team": "T5M5PLH8U",
        "user_profile": {
            "avatar_hash": "g58d866706cc",
            "image_72": "https:\/\/secure.gravatar.com\/avatar\/058d866706ccd565af3a0ef21f4f199a.jpg?s=72&d=https%3A%2F%2Fa.slack-edge.com%2Fdf10d%2Fimg%2Favatars%2Fava_0017-72.png",
            "first_name": "",
            "real_name": "Benoit",
            "display_name": "",
            "team": "T5M5PLH8U",
            "name": "bvincent.dev",
            "is_restricted": false,
            "is_ultra_restricted": false
        },
        "blocks": [
            {
                "type": "rich_text",
                "block_id": "Nz49z",
                "elements": [
                    {
                        "type": "rich_text_section",
                        "elements": [
                            {
                                "type": "text",
                                "text": "Oui, j'ai vu. Sympa. Tu as du détail sur le chemin du câble à droite ?\nEt une idée de la transformation de mouvement entre rotatif et oscillant ?"
                            }
                        ]
                    }
                ]
            }
        ],
        "thread_ts": "1574798893.002800",
        "parent_user_id": "U5M5PLH9S"
    },
    {
        "client_msg_id": "a4ce178b-a184-4e4b-829d-279474bc2a4d",
        "type": "message",
        "text": "Celle-ci m'intrigue plus, à part le fait qu'elle doit pouvoir servir d'arme par destination :joy:, j'ai l'impression que c'est un système raisonnant ?",
        "user": "UFPCMHBA6",
        "ts": "1574865778.005900",
        "team": "T5M5PLH8U",
        "user_team": "T5M5PLH8U",
        "source_team": "T5M5PLH8U",
        "user_profile": {
            "avatar_hash": "g58d866706cc",
            "image_72": "https:\/\/secure.gravatar.com\/avatar\/058d866706ccd565af3a0ef21f4f199a.jpg?s=72&d=https%3A%2F%2Fa.slack-edge.com%2Fdf10d%2Fimg%2Favatars%2Fava_0017-72.png",
            "first_name": "",
            "real_name": "Benoit",
            "display_name": "",
            "team": "T5M5PLH8U",
            "name": "bvincent.dev",
            "is_restricted": false,
            "is_ultra_restricted": false
        },
        "blocks": [
            {
                "type": "rich_text",
                "block_id": "G+Rbf",
                "elements": [
                    {
                        "type": "rich_text_section",
                        "elements": [
                            {
                                "type": "text",
                                "text": "Celle-ci m'intrigue plus, à part le fait qu'elle doit pouvoir servir d'arme par destination "
                            },
                            {
                                "type": "emoji",
                                "name": "joy"
                            },
                            {
                                "type": "text",
                                "text": ", j'ai l'impression que c'est un système raisonnant ?"
                            }
                        ]
                    }
                ]
            }
        ],
        "thread_ts": "1574798858.002200",
        "parent_user_id": "U5M5PLH9S"
    },
    {
        "client_msg_id": "968a0894-6757-41cf-b46b-c045dc3c13ea",
        "type": "message",
        "text": "That's more of a controlling system I don't control =)",
        "user": "U5M5PLH9S",
        "ts": "1574871348.006100",
        "team": "T5M5PLH8U",
        "user_team": "T5M5PLH8U",
        "source_team": "T5M5PLH8U",
        "user_profile": {
            "avatar_hash": "e4fb6ae9f526",
            "image_72": "https:\/\/avatars.slack-edge.com\/2017-06-01\/191144530514_e4fb6ae9f526531fd41c_72.jpg",
            "first_name": "",
            "real_name": "kelu",
            "display_name": "",
            "team": "T5M5PLH8U",
            "name": "kelu",
            "is_restricted": false,
            "is_ultra_restricted": false
        },
        "blocks": [
            {
                "type": "rich_text",
                "block_id": "PX5",
                "elements": [
                    {
                        "type": "rich_text_section",
                        "elements": [
                            {
                                "type": "text",
                                "text": "That's more of a controlling system I don't control =)"
                            }
                        ]
                    }
                ]
            }
        ],
        "thread_ts": "1574798858.002200",
        "parent_user_id": "U5M5PLH9S"
    },
    {
        "client_msg_id": "80aa0ee8-041c-43b6-894e-9c5b8a41761c",
        "type": "message",
        "text": "No idea on the mechanics. I guess similar to the one we opened ages ago.",
        "user": "U5M5PLH9S",
        "ts": "1574871385.006300",
        "team": "T5M5PLH8U",
        "user_team": "T5M5PLH8U",
        "source_team": "T5M5PLH8U",
        "user_profile": {
            "avatar_hash": "e4fb6ae9f526",
            "image_72": "https:\/\/avatars.slack-edge.com\/2017-06-01\/191144530514_e4fb6ae9f526531fd41c_72.jpg",
            "first_name": "",
            "real_name": "kelu",
            "display_name": "",
            "team": "T5M5PLH8U",
            "name": "kelu",
            "is_restricted": false,
            "is_ultra_restricted": false
        },
        "blocks": [
            {
                "type": "rich_text",
                "block_id": "iTGW",
                "elements": [
                    {
                        "type": "rich_text_section",
                        "elements": [
                            {
                                "type": "text",
                                "text": "No idea on the mechanics. I guess similar to the one we opened ages ago."
                            }
                        ]
                    }
                ]
            }
        ],
        "thread_ts": "1574798893.002800",
        "parent_user_id": "U5M5PLH9S"
    },
    {
        "client_msg_id": "59ca598d-9eed-4d47-a5b4-777432b4815b",
        "type": "message",
        "text": "Yup, the transducer cable goes to two pins -- extra easy to connect. Even the connector at the back of the head are standard-jumper-tolerant connectors",
        "user": "U5M5PLH9S",
        "ts": "1574871428.006500",
        "team": "T5M5PLH8U",
        "user_team": "T5M5PLH8U",
        "source_team": "T5M5PLH8U",
        "user_profile": {
            "avatar_hash": "e4fb6ae9f526",
            "image_72": "https:\/\/avatars.slack-edge.com\/2017-06-01\/191144530514_e4fb6ae9f526531fd41c_72.jpg",
            "first_name": "",
            "real_name": "kelu",
            "display_name": "",
            "team": "T5M5PLH8U",
            "name": "kelu",
            "is_restricted": false,
            "is_ultra_restricted": false
        },
        "blocks": [
            {
                "type": "rich_text",
                "block_id": "0JP",
                "elements": [
                    {
                        "type": "rich_text_section",
                        "elements": [
                            {
                                "type": "text",
                                "text": "Yup, the transducer cable goes to two pins -- extra easy to connect. Even the connector at the back of the head are standard-jumper-tolerant connectors"
                            }
                        ]
                    }
                ]
            }
        ],
        "thread_ts": "1574798893.002800",
        "parent_user_id": "U5M5PLH9S"
    }
]