[
    {
        "type": "message",
        "subtype": "channel_join",
        "ts": "1583042173.000200",
        "user": "UUB3X49B4",
        "text": "<@UUB3X49B4> has joined the channel"
    },
    {
        "client_msg_id": "67bd4a1c-d52e-4317-95e4-10c656e08e50",
        "type": "message",
        "text": "Hi, I'm new to all of this :wave: and I'm wondering what's the smallest possible transducer? I'm planning to visualize muscle movement and the smaller the sensor the better it would be... is there a tradeof or advantage from bigger to smaller transducers?",
        "user": "UUB3X49B4",
        "ts": "1583042321.002200",
        "team": "T5M5PLH8U",
        "user_team": "T5M5PLH8U",
        "source_team": "T5M5PLH8U",
        "user_profile": {
            "avatar_hash": "ga43df6e969c",
            "image_72": "https:\/\/secure.gravatar.com\/avatar\/a43df6e969cfbb6322c60bb4d93aada3.jpg?s=72&d=https%3A%2F%2Fa.slack-edge.com%2Fdf10d%2Fimg%2Favatars%2Fava_0010-72.png",
            "first_name": "",
            "real_name": "Björn Schmidtke",
            "display_name": "Björn Schmidtke",
            "team": "T5M5PLH8U",
            "name": "bjoern",
            "is_restricted": false,
            "is_ultra_restricted": false
        },
        "blocks": [
            {
                "type": "rich_text",
                "block_id": "WQQ",
                "elements": [
                    {
                        "type": "rich_text_section",
                        "elements": [
                            {
                                "type": "text",
                                "text": "Hi, I'm new to all of this "
                            },
                            {
                                "type": "emoji",
                                "name": "wave"
                            },
                            {
                                "type": "text",
                                "text": " and I'm wondering what's the smallest possible transducer? I'm planning to visualize muscle movement and the smaller the sensor the better it would be... is there a tradeof or advantage from bigger to smaller transducers?"
                            }
                        ]
                    }
                ]
            }
        ],
        "thread_ts": "1583042321.002200",
        "reply_count": 1,
        "reply_users_count": 1,
        "latest_reply": "1589653022.000100",
        "reply_users": [
            "U5M5PLH9S"
        ],
        "replies": [
            {
                "user": "U5M5PLH9S",
                "ts": "1589653022.000100"
            }
        ],
        "subscribed": true,
        "last_read": "1589653022.000100"
    }
]