[
    {
        "client_msg_id": "087ff507-3aec-46b8-842c-977a7b2bc05f",
        "type": "message",
        "text": "Oops did not see the message here..",
        "user": "U5M5PLH9S",
        "ts": "1589653022.000100",
        "team": "T5M5PLH8U",
        "user_team": "T5M5PLH8U",
        "source_team": "T5M5PLH8U",
        "user_profile": {
            "avatar_hash": "e4fb6ae9f526",
            "image_72": "https:\/\/avatars.slack-edge.com\/2017-06-01\/191144530514_e4fb6ae9f526531fd41c_72.jpg",
            "first_name": "",
            "real_name": "kelu",
            "display_name": "",
            "team": "T5M5PLH8U",
            "name": "kelu",
            "is_restricted": false,
            "is_ultra_restricted": false
        },
        "blocks": [
            {
                "type": "rich_text",
                "block_id": "9IKA",
                "elements": [
                    {
                        "type": "rich_text_section",
                        "elements": [
                            {
                                "type": "text",
                                "text": "Oops did not see the message here.."
                            }
                        ]
                    }
                ]
            }
        ],
        "thread_ts": "1583042321.002200",
        "parent_user_id": "UUB3X49B4"
    }
]