[
    {
        "type": "message",
        "text": "Some (wired) probes I found also, from 830USD to 900USD for linear <@URQAS7R8V> <@URQAL47MW>",
        "files": [
            {
                "id": "FRFEY418R",
                "created": 1576524993,
                "timestamp": 1576524993,
                "name": "830dol_linear.pdf",
                "title": "830dol_linear.pdf",
                "mimetype": "application\/pdf",
                "filetype": "pdf",
                "pretty_type": "PDF",
                "user": "U5M5PLH9S",
                "editable": false,
                "size": 3486237,
                "mode": "hosted",
                "is_external": false,
                "external_type": "",
                "is_public": true,
                "public_url_shared": false,
                "display_as_bot": false,
                "username": "",
                "url_private": "https:\/\/files.slack.com\/files-pri\/T5M5PLH8U-FRFEY418R\/830dol_linear.pdf?t=xoxe-191193697300-1381062880324-1368140560006-96abaf9fa31dffabf8d2ddd7876c6250",
                "url_private_download": "https:\/\/files.slack.com\/files-pri\/T5M5PLH8U-FRFEY418R\/download\/830dol_linear.pdf?t=xoxe-191193697300-1381062880324-1368140560006-96abaf9fa31dffabf8d2ddd7876c6250",
                "thumb_pdf": "https:\/\/files.slack.com\/files-tmb\/T5M5PLH8U-FRFEY418R-2bf3d2365a\/830dol_linear_thumb_pdf.png?t=xoxe-191193697300-1381062880324-1368140560006-96abaf9fa31dffabf8d2ddd7876c6250",
                "thumb_pdf_w": 1234,
                "thumb_pdf_h": 909,
                "permalink": "https:\/\/usdevkit.slack.com\/files\/U5M5PLH9S\/FRFEY418R\/830dol_linear.pdf",
                "permalink_public": "https:\/\/slack-files.com\/T5M5PLH8U-FRFEY418R-5768e9cae0",
                "is_starred": false,
                "has_rich_preview": false
            },
            {
                "id": "FRR97N6J0",
                "created": 1576524993,
                "timestamp": 1576524993,
                "name": "900dol_linear.jpg",
                "title": "900dol_linear.jpg",
                "mimetype": "image\/jpeg",
                "filetype": "jpg",
                "pretty_type": "JPEG",
                "user": "U5M5PLH9S",
                "editable": false,
                "size": 510766,
                "mode": "hosted",
                "is_external": false,
                "external_type": "",
                "is_public": true,
                "public_url_shared": false,
                "display_as_bot": false,
                "username": "",
                "url_private": "https:\/\/files.slack.com\/files-pri\/T5M5PLH8U-FRR97N6J0\/900dol_linear.jpg?t=xoxe-191193697300-1381062880324-1368140560006-96abaf9fa31dffabf8d2ddd7876c6250",
                "url_private_download": "https:\/\/files.slack.com\/files-pri\/T5M5PLH8U-FRR97N6J0\/download\/900dol_linear.jpg?t=xoxe-191193697300-1381062880324-1368140560006-96abaf9fa31dffabf8d2ddd7876c6250",
                "thumb_64": "https:\/\/files.slack.com\/files-tmb\/T5M5PLH8U-FRR97N6J0-87317f1bdd\/900dol_linear_64.jpg?t=xoxe-191193697300-1381062880324-1368140560006-96abaf9fa31dffabf8d2ddd7876c6250",
                "thumb_80": "https:\/\/files.slack.com\/files-tmb\/T5M5PLH8U-FRR97N6J0-87317f1bdd\/900dol_linear_80.jpg?t=xoxe-191193697300-1381062880324-1368140560006-96abaf9fa31dffabf8d2ddd7876c6250",
                "thumb_360": "https:\/\/files.slack.com\/files-tmb\/T5M5PLH8U-FRR97N6J0-87317f1bdd\/900dol_linear_360.jpg?t=xoxe-191193697300-1381062880324-1368140560006-96abaf9fa31dffabf8d2ddd7876c6250",
                "thumb_360_w": 360,
                "thumb_360_h": 293,
                "thumb_480": "https:\/\/files.slack.com\/files-tmb\/T5M5PLH8U-FRR97N6J0-87317f1bdd\/900dol_linear_480.jpg?t=xoxe-191193697300-1381062880324-1368140560006-96abaf9fa31dffabf8d2ddd7876c6250",
                "thumb_480_w": 480,
                "thumb_480_h": 391,
                "thumb_160": "https:\/\/files.slack.com\/files-tmb\/T5M5PLH8U-FRR97N6J0-87317f1bdd\/900dol_linear_160.jpg?t=xoxe-191193697300-1381062880324-1368140560006-96abaf9fa31dffabf8d2ddd7876c6250",
                "thumb_720": "https:\/\/files.slack.com\/files-tmb\/T5M5PLH8U-FRR97N6J0-87317f1bdd\/900dol_linear_720.jpg?t=xoxe-191193697300-1381062880324-1368140560006-96abaf9fa31dffabf8d2ddd7876c6250",
                "thumb_720_w": 720,
                "thumb_720_h": 587,
                "thumb_800": "https:\/\/files.slack.com\/files-tmb\/T5M5PLH8U-FRR97N6J0-87317f1bdd\/900dol_linear_800.jpg?t=xoxe-191193697300-1381062880324-1368140560006-96abaf9fa31dffabf8d2ddd7876c6250",
                "thumb_800_w": 800,
                "thumb_800_h": 652,
                "image_exif_rotation": 1,
                "original_w": 800,
                "original_h": 652,
                "thumb_tiny": "AwAnADC\/93gKwpdxHZvyFNdZDKCvQe9Oc84pAxJJBGPmJz6UxJ1c4yQaSQbzw2GAxyMimxwbG3yNnFPQWpNv+v6U4Me4b8qg8yIdZE\/MVMjA9Dn6UFDXjJ3HeRkdjTuwGars5a\/MTAFQuRx7U64AS2Z1Chh0z9aWorImGM55P4U2TPlNxjPQVHbqHhjZ1Xcw5polZrx4DjYBkDH0poGUDYyLncQAO+K0bY8Z9T\/So7uNUt96jnPck1PbqFjXAA3KCfrTAcy\/OWVBux97vS7cx4ZQ3safRUgRqrAqAoVR2oZMSFlQbv73rUlFFgIym6La6hvahQwI4wAKkoosB\/\/Z",
                "permalink": "https:\/\/usdevkit.slack.com\/files\/U5M5PLH9S\/FRR97N6J0\/900dol_linear.jpg",
                "permalink_public": "https:\/\/slack-files.com\/T5M5PLH8U-FRR97N6J0-abaf0ebf9b",
                "is_starred": false,
                "has_rich_preview": false
            },
            {
                "id": "FRRNY2PBP",
                "created": 1576524993,
                "timestamp": 1576524993,
                "name": "900dol_linear.pdf",
                "title": "900dol_linear.pdf",
                "mimetype": "application\/pdf",
                "filetype": "pdf",
                "pretty_type": "PDF",
                "user": "U5M5PLH9S",
                "editable": false,
                "size": 121085,
                "mode": "hosted",
                "is_external": false,
                "external_type": "",
                "is_public": true,
                "public_url_shared": false,
                "display_as_bot": false,
                "username": "",
                "url_private": "https:\/\/files.slack.com\/files-pri\/T5M5PLH8U-FRRNY2PBP\/900dol_linear.pdf?t=xoxe-191193697300-1381062880324-1368140560006-96abaf9fa31dffabf8d2ddd7876c6250",
                "url_private_download": "https:\/\/files.slack.com\/files-pri\/T5M5PLH8U-FRRNY2PBP\/download\/900dol_linear.pdf?t=xoxe-191193697300-1381062880324-1368140560006-96abaf9fa31dffabf8d2ddd7876c6250",
                "thumb_pdf": "https:\/\/files.slack.com\/files-tmb\/T5M5PLH8U-FRRNY2PBP-9102713d58\/900dol_linear_thumb_pdf.png?t=xoxe-191193697300-1381062880324-1368140560006-96abaf9fa31dffabf8d2ddd7876c6250",
                "thumb_pdf_w": 909,
                "thumb_pdf_h": 1286,
                "permalink": "https:\/\/usdevkit.slack.com\/files\/U5M5PLH9S\/FRRNY2PBP\/900dol_linear.pdf",
                "permalink_public": "https:\/\/slack-files.com\/T5M5PLH8U-FRRNY2PBP-822813e9c4",
                "is_starred": false,
                "has_rich_preview": false
            }
        ],
        "upload": true,
        "blocks": [
            {
                "type": "rich_text",
                "block_id": "6CWTm",
                "elements": [
                    {
                        "type": "rich_text_section",
                        "elements": [
                            {
                                "type": "text",
                                "text": "Some (wired) probes I found also, from 830USD to 900USD for linear "
                            },
                            {
                                "type": "user",
                                "user_id": "URQAS7R8V"
                            },
                            {
                                "type": "text",
                                "text": " "
                            },
                            {
                                "type": "user",
                                "user_id": "URQAL47MW"
                            }
                        ]
                    }
                ]
            }
        ],
        "user": "U5M5PLH9S",
        "ts": "1576524994.000100",
        "client_msg_id": "b1c1adff-b6f6-480d-b38e-6f31e3f5928f",
        "reactions": [
            {
                "name": "+1",
                "users": [
                    "URQAL47MW",
                    "URQAS7R8V"
                ],
                "count": 2
            },
            {
                "name": "100",
                "users": [
                    "URQAL47MW"
                ],
                "count": 1
            }
        ]
    },
    {
        "client_msg_id": "4ef9b8bf-ceec-4518-9767-6a7ceb65ef4b",
        "type": "message",
        "text": "George Mason research: <https:\/\/www.biorxiv.org\/content\/early\/2018\/08\/20\/387290.full.pdf|https:\/\/www.biorxiv.org\/content\/early\/2018\/08\/20\/387290.full.pdf>",
        "user": "URQAL47MW",
        "ts": "1576553386.000500",
        "team": "T5M5PLH8U",
        "user_team": "T5M5PLH8U",
        "source_team": "T5M5PLH8U",
        "user_profile": {
            "avatar_hash": "g84206b3392e",
            "image_72": "https:\/\/secure.gravatar.com\/avatar\/84206b3392eaf193858cf3347dd69ccb.jpg?s=72&d=https%3A%2F%2Fa.slack-edge.com%2Fdf10d%2Fimg%2Favatars%2Fava_0023-72.png",
            "first_name": "",
            "real_name": "Chad Coarsey",
            "display_name": "",
            "team": "T5M5PLH8U",
            "name": "chad.coarsey.enable",
            "is_restricted": false,
            "is_ultra_restricted": false
        },
        "blocks": [
            {
                "type": "rich_text",
                "block_id": "Xvf",
                "elements": [
                    {
                        "type": "rich_text_section",
                        "elements": [
                            {
                                "type": "text",
                                "text": "George Mason research: "
                            },
                            {
                                "type": "link",
                                "url": "https:\/\/www.biorxiv.org\/content\/early\/2018\/08\/20\/387290.full.pdf",
                                "text": "https:\/\/www.biorxiv.org\/content\/early\/2018\/08\/20\/387290.full.pdf"
                            }
                        ]
                    }
                ]
            }
        ]
    }
]