[
    {
        "type": "message",
        "text": "I tried contacting a probe manufacturer's engineer..  Let's retroengineerer it the hard way ;)",
        "files": [
            {
                "id": "FRXQ71ELD",
                "created": 1576841045,
                "timestamp": 1576841045,
                "name": "Screenshot_20191220-122315.png",
                "title": "Screenshot_20191220-122315.png",
                "mimetype": "image\/png",
                "filetype": "png",
                "pretty_type": "PNG",
                "user": "U5M5PLH9S",
                "editable": false,
                "size": 183364,
                "mode": "hosted",
                "is_external": false,
                "external_type": "",
                "is_public": true,
                "public_url_shared": false,
                "display_as_bot": false,
                "username": "",
                "url_private": "https:\/\/files.slack.com\/files-pri\/T5M5PLH8U-FRXQ71ELD\/screenshot_20191220-122315.png?t=xoxe-191193697300-1381062880324-1368140560006-96abaf9fa31dffabf8d2ddd7876c6250",
                "url_private_download": "https:\/\/files.slack.com\/files-pri\/T5M5PLH8U-FRXQ71ELD\/download\/screenshot_20191220-122315.png?t=xoxe-191193697300-1381062880324-1368140560006-96abaf9fa31dffabf8d2ddd7876c6250",
                "thumb_64": "https:\/\/files.slack.com\/files-tmb\/T5M5PLH8U-FRXQ71ELD-3f067e182c\/screenshot_20191220-122315_64.png?t=xoxe-191193697300-1381062880324-1368140560006-96abaf9fa31dffabf8d2ddd7876c6250",
                "thumb_80": "https:\/\/files.slack.com\/files-tmb\/T5M5PLH8U-FRXQ71ELD-3f067e182c\/screenshot_20191220-122315_80.png?t=xoxe-191193697300-1381062880324-1368140560006-96abaf9fa31dffabf8d2ddd7876c6250",
                "thumb_360": "https:\/\/files.slack.com\/files-tmb\/T5M5PLH8U-FRXQ71ELD-3f067e182c\/screenshot_20191220-122315_360.png?t=xoxe-191193697300-1381062880324-1368140560006-96abaf9fa31dffabf8d2ddd7876c6250",
                "thumb_360_w": 225,
                "thumb_360_h": 360,
                "thumb_480": "https:\/\/files.slack.com\/files-tmb\/T5M5PLH8U-FRXQ71ELD-3f067e182c\/screenshot_20191220-122315_480.png?t=xoxe-191193697300-1381062880324-1368140560006-96abaf9fa31dffabf8d2ddd7876c6250",
                "thumb_480_w": 300,
                "thumb_480_h": 480,
                "thumb_160": "https:\/\/files.slack.com\/files-tmb\/T5M5PLH8U-FRXQ71ELD-3f067e182c\/screenshot_20191220-122315_160.png?t=xoxe-191193697300-1381062880324-1368140560006-96abaf9fa31dffabf8d2ddd7876c6250",
                "thumb_720": "https:\/\/files.slack.com\/files-tmb\/T5M5PLH8U-FRXQ71ELD-3f067e182c\/screenshot_20191220-122315_720.png?t=xoxe-191193697300-1381062880324-1368140560006-96abaf9fa31dffabf8d2ddd7876c6250",
                "thumb_720_w": 450,
                "thumb_720_h": 720,
                "thumb_800": "https:\/\/files.slack.com\/files-tmb\/T5M5PLH8U-FRXQ71ELD-3f067e182c\/screenshot_20191220-122315_800.png?t=xoxe-191193697300-1381062880324-1368140560006-96abaf9fa31dffabf8d2ddd7876c6250",
                "thumb_800_w": 800,
                "thumb_800_h": 1280,
                "thumb_960": "https:\/\/files.slack.com\/files-tmb\/T5M5PLH8U-FRXQ71ELD-3f067e182c\/screenshot_20191220-122315_960.png?t=xoxe-191193697300-1381062880324-1368140560006-96abaf9fa31dffabf8d2ddd7876c6250",
                "thumb_960_w": 600,
                "thumb_960_h": 960,
                "thumb_1024": "https:\/\/files.slack.com\/files-tmb\/T5M5PLH8U-FRXQ71ELD-3f067e182c\/screenshot_20191220-122315_1024.png?t=xoxe-191193697300-1381062880324-1368140560006-96abaf9fa31dffabf8d2ddd7876c6250",
                "thumb_1024_w": 640,
                "thumb_1024_h": 1024,
                "image_exif_rotation": 1,
                "original_w": 1200,
                "original_h": 1920,
                "thumb_tiny": "AwAwAB7QLorEd\/pQJFY4GSaXjJ+Y9aXB9aADqORRijB9aB9aAGliCaN\/qKd3ozQAAk9qUZ70nPtSjPegAyKMgVT\/ALSt\/wC8f++aP7Rt\/wC8f++aALmaM5qn\/aVv\/eb\/AL5o\/tK2\/vH\/AL5oA\/\/Z",
                "permalink": "https:\/\/usdevkit.slack.com\/files\/U5M5PLH9S\/FRXQ71ELD\/screenshot_20191220-122315.png",
                "permalink_public": "https:\/\/slack-files.com\/T5M5PLH8U-FRXQ71ELD-b4ef644ca1",
                "is_starred": false,
                "has_rich_preview": false
            }
        ],
        "upload": true,
        "blocks": [
            {
                "type": "rich_text",
                "block_id": "hu3qA",
                "elements": [
                    {
                        "type": "rich_text_section",
                        "elements": [
                            {
                                "type": "text",
                                "text": "I tried contacting a probe manufacturer's engineer..  Let's retroengineerer it the hard way ;)"
                            }
                        ]
                    }
                ]
            }
        ],
        "user": "U5M5PLH9S",
        "display_as_bot": false,
        "ts": "1576841045.001000",
        "client_msg_id": "682b978c-a10a-49b6-8810-08368811a9ed"
    }
]