[
    {
        "client_msg_id": "daaba5b3-0368-4e9a-9e43-bee2233da1db",
        "type": "message",
        "text": "Back too, no worries.\nBest I have is 830$ for a 80 elements, linear. Nothing else so far.\nHaha the question to get from a piezo to a probe.. let's say it's very hard :smiley:",
        "user": "U5M5PLH9S",
        "ts": "1577643231.001100",
        "team": "T5M5PLH8U",
        "user_team": "T5M5PLH8U",
        "source_team": "T5M5PLH8U",
        "user_profile": {
            "avatar_hash": "e4fb6ae9f526",
            "image_72": "https:\/\/avatars.slack-edge.com\/2017-06-01\/191144530514_e4fb6ae9f526531fd41c_72.jpg",
            "first_name": "",
            "real_name": "kelu",
            "display_name": "",
            "team": "T5M5PLH8U",
            "name": "kelu",
            "is_restricted": false,
            "is_ultra_restricted": false
        },
        "blocks": [
            {
                "type": "rich_text",
                "block_id": "Y2Od",
                "elements": [
                    {
                        "type": "rich_text_section",
                        "elements": [
                            {
                                "type": "text",
                                "text": "Back too, no worries.\nBest I have is 830$ for a 80 elements, linear. Nothing else so far.\nHaha the question to get from a piezo to a probe.. let's say it's very hard "
                            },
                            {
                                "type": "emoji",
                                "name": "smiley"
                            }
                        ]
                    }
                ]
            }
        ]
    }
]