[
    {
        "type": "message",
        "text": "George Mason University lab paper",
        "files": [
            {
                "id": "FS52UEYD6",
                "created": 1577714599,
                "timestamp": 1577714599,
                "name": "s41598-019-45459-7.pdf",
                "title": "File from Android",
                "mimetype": "application\/pdf",
                "filetype": "pdf",
                "pretty_type": "PDF",
                "user": "URQAL47MW",
                "editable": false,
                "size": 4676784,
                "mode": "hosted",
                "is_external": false,
                "external_type": "",
                "is_public": true,
                "public_url_shared": false,
                "display_as_bot": false,
                "username": "",
                "url_private": "https:\/\/files.slack.com\/files-pri\/T5M5PLH8U-FS52UEYD6\/s41598-019-45459-7.pdf?t=xoxe-191193697300-1381062880324-1368140560006-96abaf9fa31dffabf8d2ddd7876c6250",
                "url_private_download": "https:\/\/files.slack.com\/files-pri\/T5M5PLH8U-FS52UEYD6\/download\/s41598-019-45459-7.pdf?t=xoxe-191193697300-1381062880324-1368140560006-96abaf9fa31dffabf8d2ddd7876c6250",
                "thumb_pdf": "https:\/\/files.slack.com\/files-tmb\/T5M5PLH8U-FS52UEYD6-fe8b48b6d2\/s41598-019-45459-7_thumb_pdf.png?t=xoxe-191193697300-1381062880324-1368140560006-96abaf9fa31dffabf8d2ddd7876c6250",
                "thumb_pdf_w": 909,
                "thumb_pdf_h": 1195,
                "permalink": "https:\/\/usdevkit.slack.com\/files\/URQAL47MW\/FS52UEYD6\/s41598-019-45459-7.pdf",
                "permalink_public": "https:\/\/slack-files.com\/T5M5PLH8U-FS52UEYD6-cb7ebfab4f",
                "is_starred": false,
                "has_rich_preview": false
            }
        ],
        "upload": true,
        "blocks": [
            {
                "type": "rich_text",
                "block_id": "HumLC",
                "elements": [
                    {
                        "type": "rich_text_section",
                        "elements": [
                            {
                                "type": "text",
                                "text": "George Mason University lab paper"
                            }
                        ]
                    }
                ]
            }
        ],
        "user": "URQAL47MW",
        "display_as_bot": false,
        "ts": "1577714601.000100",
        "client_msg_id": "31ffd33a-279a-4c46-973b-5800a9993e93"
    }
]