[
    {
        "client_msg_id": "f9ae47e5-7655-4b57-8712-9c6f2105da65",
        "type": "message",
        "text": "Hey <@UST9A6ZPU>, this is the paper comparing the PZT8 and PZT4 for choosing the best piezos for our application: <https:\/\/www.sciencedirect.com\/science\/article\/pii\/S1875389216304175>",
        "user": "URQAS7R8V",
        "ts": "1581704131.000800",
        "team": "T5M5PLH8U",
        "user_team": "T5M5PLH8U",
        "source_team": "T5M5PLH8U",
        "user_profile": {
            "avatar_hash": "gce0918c31f8",
            "image_72": "https:\/\/secure.gravatar.com\/avatar\/ce0918c31f884c0041b2e3674a9e477b.jpg?s=72&d=https%3A%2F%2Fa.slack-edge.com%2Fdf10d%2Fimg%2Favatars%2Fava_0024-72.png",
            "first_name": "",
            "real_name": "Rodrigo Savage",
            "display_name": "Rodrigo Savage",
            "team": "T5M5PLH8U",
            "name": "savage",
            "is_restricted": false,
            "is_ultra_restricted": false
        },
        "attachments": [
            {
                "title": "Performance of PZT8 Versus PZT4 Piezoceramic Materials in Ultrasonic Transducers",
                "title_link": "https:\/\/www.sciencedirect.com\/science\/article\/pii\/S1875389216304175",
                "text": "PZT8 and PZT4 are the common “hard” piezoceramic materials used in power ultrasonic transducers (e.g., welding, cutting, sonar, etc.). PZT8 is perceiv…",
                "fallback": "Performance of PZT8 Versus PZT4 Piezoceramic Materials in Ultrasonic Transducers",
                "from_url": "https:\/\/www.sciencedirect.com\/science\/article\/pii\/S1875389216304175",
                "thumb_url": "https:\/\/ars.els-cdn.com\/content\/image\/1-s2.0-S1875389216X00089-cov150h.gif",
                "thumb_width": 109,
                "thumb_height": 150,
                "service_icon": "https:\/\/www.sciencedirect.com\/favicon.ico",
                "service_name": "sciencedirect.com",
                "id": 1,
                "original_url": "https:\/\/www.sciencedirect.com\/science\/article\/pii\/S1875389216304175"
            }
        ],
        "blocks": [
            {
                "type": "rich_text",
                "block_id": "7KJN6",
                "elements": [
                    {
                        "type": "rich_text_section",
                        "elements": [
                            {
                                "type": "text",
                                "text": "Hey "
                            },
                            {
                                "type": "user",
                                "user_id": "UST9A6ZPU"
                            },
                            {
                                "type": "text",
                                "text": ", this is the paper comparing the PZT8 and PZT4 for choosing the best piezos for our application: "
                            },
                            {
                                "type": "link",
                                "url": "https:\/\/www.sciencedirect.com\/science\/article\/pii\/S1875389216304175"
                            }
                        ]
                    }
                ]
            }
        ]
    },
    {
        "type": "message",
        "text": "",
        "files": [
            {
                "id": "FU17PDN21",
                "created": 1581704155,
                "timestamp": 1581704155,
                "name": "Performance of PZT8 Versus PZT4 Piezoceramic Materials in Ultrasonic Transducers _ Elsevier Enhanced Reader.pdf",
                "title": "Performance of PZT8 Versus PZT4 Piezoceramic Materials in Ultrasonic Transducers _ Elsevier Enhanced Reader.pdf",
                "mimetype": "application\/pdf",
                "filetype": "pdf",
                "pretty_type": "PDF",
                "user": "URQAS7R8V",
                "editable": false,
                "size": 4831051,
                "mode": "hosted",
                "is_external": false,
                "external_type": "",
                "is_public": true,
                "public_url_shared": false,
                "display_as_bot": false,
                "username": "",
                "url_private": "https:\/\/files.slack.com\/files-pri\/T5M5PLH8U-FU17PDN21\/performance_of_pzt8_versus_pzt4_piezoceramic_materials_in_ultrasonic_transducers___elsevier_enhanced_reader.pdf?t=xoxe-191193697300-1381062880324-1368140560006-96abaf9fa31dffabf8d2ddd7876c6250",
                "url_private_download": "https:\/\/files.slack.com\/files-pri\/T5M5PLH8U-FU17PDN21\/download\/performance_of_pzt8_versus_pzt4_piezoceramic_materials_in_ultrasonic_transducers___elsevier_enhanced_reader.pdf?t=xoxe-191193697300-1381062880324-1368140560006-96abaf9fa31dffabf8d2ddd7876c6250",
                "thumb_pdf": "https:\/\/files.slack.com\/files-tmb\/T5M5PLH8U-FU17PDN21-bee7492de0\/performance_of_pzt8_versus_pzt4_piezoceramic_materials_in_ultrasonic_transducers___elsevier_enhanced_reader_thumb_pdf.png?t=xoxe-191193697300-1381062880324-1368140560006-96abaf9fa31dffabf8d2ddd7876c6250",
                "thumb_pdf_w": 831,
                "thumb_pdf_h": 1135,
                "permalink": "https:\/\/usdevkit.slack.com\/files\/URQAS7R8V\/FU17PDN21\/performance_of_pzt8_versus_pzt4_piezoceramic_materials_in_ultrasonic_transducers___elsevier_enhanced_reader.pdf",
                "permalink_public": "https:\/\/slack-files.com\/T5M5PLH8U-FU17PDN21-deb1c921e3",
                "is_starred": false,
                "has_rich_preview": false
            }
        ],
        "upload": true,
        "user": "URQAS7R8V",
        "display_as_bot": false,
        "ts": "1581704160.001000",
        "client_msg_id": "7e335c1e-16bd-478f-ad57-32bf00583659"
    },
    {
        "client_msg_id": "4f8d611d-8e45-4ea1-b401-f2d83fa0fe2f",
        "type": "message",
        "text": "Hey <@UTDMVLNF3>! welcome to the channel :slightly_smiling_face:, do you have any questions, regarding this channel?",
        "user": "URQAS7R8V",
        "ts": "1581723463.000800",
        "team": "T5M5PLH8U",
        "user_team": "T5M5PLH8U",
        "source_team": "T5M5PLH8U",
        "user_profile": {
            "avatar_hash": "gce0918c31f8",
            "image_72": "https:\/\/secure.gravatar.com\/avatar\/ce0918c31f884c0041b2e3674a9e477b.jpg?s=72&d=https%3A%2F%2Fa.slack-edge.com%2Fdf10d%2Fimg%2Favatars%2Fava_0024-72.png",
            "first_name": "",
            "real_name": "Rodrigo Savage",
            "display_name": "Rodrigo Savage",
            "team": "T5M5PLH8U",
            "name": "savage",
            "is_restricted": false,
            "is_ultra_restricted": false
        },
        "blocks": [
            {
                "type": "rich_text",
                "block_id": "kTGA",
                "elements": [
                    {
                        "type": "rich_text_section",
                        "elements": [
                            {
                                "type": "text",
                                "text": "Hey "
                            },
                            {
                                "type": "user",
                                "user_id": "UTDMVLNF3"
                            },
                            {
                                "type": "text",
                                "text": "! welcome to the channel "
                            },
                            {
                                "type": "emoji",
                                "name": "slightly_smiling_face"
                            },
                            {
                                "type": "text",
                                "text": ", do you have any questions, regarding this channel?"
                            }
                        ]
                    }
                ]
            }
        ]
    }
]