[
    {
        "client_msg_id": "ff581af9-da25-4e53-8816-d16469c1d3cf",
        "type": "message",
        "text": "For info, I'm rewarming up the contacts in Shenzen to get their latest offers.\nHow should we move forward ? :wink:",
        "user": "U5M5PLH9S",
        "ts": "1582749442.000700",
        "team": "T5M5PLH8U",
        "user_team": "T5M5PLH8U",
        "source_team": "T5M5PLH8U",
        "user_profile": {
            "avatar_hash": "e4fb6ae9f526",
            "image_72": "https:\/\/avatars.slack-edge.com\/2017-06-01\/191144530514_e4fb6ae9f526531fd41c_72.jpg",
            "first_name": "",
            "real_name": "kelu",
            "display_name": "",
            "team": "T5M5PLH8U",
            "name": "kelu",
            "is_restricted": false,
            "is_ultra_restricted": false
        },
        "blocks": [
            {
                "type": "rich_text",
                "block_id": "LFS",
                "elements": [
                    {
                        "type": "rich_text_section",
                        "elements": [
                            {
                                "type": "text",
                                "text": "For info, I'm rewarming up the contacts in Shenzen to get their latest offers.\nHow should we move forward ? "
                            },
                            {
                                "type": "emoji",
                                "name": "wink"
                            }
                        ]
                    }
                ]
            }
        ]
    }
]