[
    {
        "client_msg_id": "7c613416-352c-4b6d-bb7e-02a7bb6814da",
        "type": "message",
        "text": "<@U5M5PLH9S>, haha for that pice, I think its cheaper to buy the whole 500 usd ultrasound with the probe from Alibaba, <@URQAL47MW>, thanks for sharing the paper, need to get more used to check this slack channel, and turn on email notifications.",
        "user": "URQAS7R8V",
        "ts": "1578402671.001400",
        "team": "T5M5PLH8U",
        "user_team": "T5M5PLH8U",
        "source_team": "T5M5PLH8U",
        "user_profile": {
            "avatar_hash": "gce0918c31f8",
            "image_72": "https:\/\/secure.gravatar.com\/avatar\/ce0918c31f884c0041b2e3674a9e477b.jpg?s=72&d=https%3A%2F%2Fa.slack-edge.com%2Fdf10d%2Fimg%2Favatars%2Fava_0024-72.png",
            "first_name": "",
            "real_name": "Rodrigo Savage",
            "display_name": "Rodrigo Savage",
            "team": "T5M5PLH8U",
            "name": "savage",
            "is_restricted": false,
            "is_ultra_restricted": false
        },
        "blocks": [
            {
                "type": "rich_text",
                "block_id": "Asj1L",
                "elements": [
                    {
                        "type": "rich_text_section",
                        "elements": [
                            {
                                "type": "user",
                                "user_id": "U5M5PLH9S"
                            },
                            {
                                "type": "text",
                                "text": ", haha for that pice, I think its cheaper to buy the whole 500 usd ultrasound with the probe from Alibaba, "
                            },
                            {
                                "type": "user",
                                "user_id": "URQAL47MW"
                            },
                            {
                                "type": "text",
                                "text": ", thanks for sharing the paper, need to get more used to check this slack channel, and turn on email notifications."
                            }
                        ]
                    }
                ]
            }
        ]
    },
    {
        "client_msg_id": "a99fe506-704f-46fa-aac8-9b625b7c7aa3",
        "type": "message",
        "text": "Tbh for your use I'd go for this Chinese linear probe.\nLet me know if you want help with playing with USB retroengineering :)",
        "user": "U5M5PLH9S",
        "ts": "1578403089.002700",
        "team": "T5M5PLH8U",
        "user_team": "T5M5PLH8U",
        "source_team": "T5M5PLH8U",
        "user_profile": {
            "avatar_hash": "e4fb6ae9f526",
            "image_72": "https:\/\/avatars.slack-edge.com\/2017-06-01\/191144530514_e4fb6ae9f526531fd41c_72.jpg",
            "first_name": "",
            "real_name": "kelu",
            "display_name": "",
            "team": "T5M5PLH8U",
            "name": "kelu",
            "is_restricted": false,
            "is_ultra_restricted": false
        },
        "blocks": [
            {
                "type": "rich_text",
                "block_id": "F4RT",
                "elements": [
                    {
                        "type": "rich_text_section",
                        "elements": [
                            {
                                "type": "text",
                                "text": "Tbh for your use I'd go for this Chinese linear probe.\nLet me know if you want help with playing with USB retroengineering :)"
                            }
                        ]
                    }
                ]
            }
        ]
    },
    {
        "client_msg_id": "cacb0e39-d365-48a0-8663-5e2864290fc3",
        "type": "message",
        "text": "Thank you! will look for the Chinese linear probe",
        "user": "URQAS7R8V",
        "ts": "1578403512.003100",
        "team": "T5M5PLH8U",
        "user_team": "T5M5PLH8U",
        "source_team": "T5M5PLH8U",
        "user_profile": {
            "avatar_hash": "gce0918c31f8",
            "image_72": "https:\/\/secure.gravatar.com\/avatar\/ce0918c31f884c0041b2e3674a9e477b.jpg?s=72&d=https%3A%2F%2Fa.slack-edge.com%2Fdf10d%2Fimg%2Favatars%2Fava_0024-72.png",
            "first_name": "",
            "real_name": "Rodrigo Savage",
            "display_name": "Rodrigo Savage",
            "team": "T5M5PLH8U",
            "name": "savage",
            "is_restricted": false,
            "is_ultra_restricted": false
        },
        "blocks": [
            {
                "type": "rich_text",
                "block_id": "f0\/Gy",
                "elements": [
                    {
                        "type": "rich_text_section",
                        "elements": [
                            {
                                "type": "text",
                                "text": "Thank you! will look for the Chinese linear probe"
                            }
                        ]
                    }
                ]
            }
        ]
    }
]