679;499;1561;1600;265;312;804;905;1155;968;367;234;0;31;210;406;0;31;62;70;23;7;257;257;7;23;31;46;109;117;15;0;31;23;39;85;78;78;78;78;70;93;62;46;46;39;46;62;15;15;109;117;117;109;46;54;78;62;78;78;70;62;101;117;109;117;23;31;70;85;54;54;39;31;93;78;7;7;54;109;109;78;93;109;39;62;46;78;78;109;7;15;54;46;85;93;7;0;54;54;46;62;62;54;46;31;15;46;15;15;31;31;23;39;7;7;15;0;23;7;54;54;54;70;46;39;39;54;15;31;7;7;476;398;741;687;976;937;445;429;249;210;109;70;39;31;124;179;101;78;85;78;62;39;101;109;0;0;39;70;46;85;93;85;437;398;101;117;117;70;31;23;85;85;0;15;390;312;15;46;62;23;109;101;101;93;7;15;1421;2389;1421;1132;249;218;1382;1155;429;445;171;187;78;54;85;78;15;15;31;15;31;39;46;23;54;54;23;46;7;0;85;78;7;7;46;54;0;0;46;85;218;195;101;85;187;203;101;70;39;7;54;93;54;62;39;39;7;0;31;31;85;70;93;93;23;0;7;
694;530;2092;2373;210;320;507;585;1350;968;288;171;109;85;23;156;23;78;0;15;31;39;179;171;85;101;117;109;54;39;62;62;15;7;70;101;70;70;54;70;85;70;0;0;23;15;23;31;62;70;85;101;101;85;78;70;23;15;46;46;54;54;31;39;85;78;46;31;78;70;62;78;85;70;109;85;54;70;117;109;93;101;85;93;39;46;46;31;7;31;117;109;46;62;70;101;78;78;93;101;78;78;62;62;23;15;46;54;31;31;0;7;54;31;23;46;15;23;7;7;15;15;7;7;7;15;7;15;7;15;15;31;507;452;741;718;1069;1038;538;484;249;210;93;85;0;7;93;140;70;54;54;31;23;23;78;46;23;31;85;54;54;39;39;62;257;226;117;101;109;109;62;101;31;15;31;23;398;343;54;23;117;117;101;109;62;78;109;85;1140;1639;960;773;343;343;710;648;1264;1022;554;429;140;148;70;70;109;109;78;54;39;46;62;31;39;46;7;7;54;62;62;46;23;31;78;85;117;101;54;109;203;187;109;93;163;163;140;132;85;70;85;109;54;54;62;70;0;7;70;93;78;62;39;78;23;23;15;
1147;851;1858;1905;570;679;624;624;890;671;210;85;0;31;234;476;31;78;23;15;7;7;46;54;93;93;62;62;117;101;85;85;54;39;109;78;70;62;101;101;70;78;54;46;101;93;93;78;93;101;39;39;234;210;7;7;117;93;109;109;78;78;93;93;171;117;109;93;93;109;117;117;78;101;109;62;1694;2990;2529;2014;1069;999;156;140;15;15;54;54;85;93;85;101;54;46;101;93;117;117;109;117;78;93;85;109;101;109;70;78;85;70;46;46;31;31;85;93;39;23;31;23;109;109;0;7;62;15;62;15;93;78;54;62;382;335;632;554;624;632;351;335;195;171;70;70;93;109;31;93;39;31;54;54;101;101;62;70;93;117;117;117;2498;3295;749;679;468;452;1030;921;46;85;546;585;234;320;398;382;234;171;507;421;124;101;15;23;15;23;6028;4919;1264;1210;5879;7293;1546;1280;718;679;1397;1030;163;148;445;421;70;85;109;109;117;109;85;70;117;117;85;85;62;78;85;85;85;78;109;117;117;93;93;93;23;62;124;117;15;7;109;109;70;54;31;15;39;54;15;7;70;93;101;117;117;117;93;78;78;93;54;70;62;
944;749;2116;2084;484;546;616;687;1093;812;234;124;46;62;0;117;15;39;78;85;7;54;78;70;62;62;78;78;78;78;78;62;101;109;31;54;93;85;93;93;62;46;7;0;23;15;39;31;62;85;85;85;109;101;78;70;101;85;31;15;101;109;62;85;78;70;0;15;0;15;85;78;62;54;117;93;85;101;54;46;101;78;117;101;46;54;93;85;39;62;15;23;70;54;46;23;70;78;117;109;257;296;0;7;54;54;913;757;70;62;7;7;437;445;7;23;1858;1561;663;609;218;187;31;54;23;23;109;117;101;117;70;109;406;312;679;570;195;663;1405;1304;226;179;3568;4185;858;655;85;7;234;273;62;46;15;31;78;101;85;101;85;85;23;23;39;46;117;117;101;85;187;210;413;437;554;640;1108;1155;1304;1186;593;523;265;257;85;78;163;163;70;62;7;31;31;54;406;413;210;148;70;70;367;343;281;265;929;1007;320;296;249;226;335;406;648;585;320;288;171;132;570;804;320;304;117;93;320;374;835;648;101;195;62;31;593;624;7;15;101;78;54;70;23;7;0;15;7;23;23;46;85;78;109;109;101;117;46;31;54;
468;359;1592;1592;210;265;843;1022;1171;882;179;93;85;70;46;62;46;39;0;15;85;62;70;39;109;101;78;62;62;54;54;54;0;7;101;78;93;78;62;62;70;39;23;15;31;23;46;54;78;70;93;85;46;54;70;70;62;85;93;85;70;70;54;46;23;39;62;70;15;39;85;78;7;0;62;46;31;23;15;0;54;54;85;85;54;54;39;46;23;31;46;70;23;23;62;93;39;31;15;46;70;78;101;109;85;78;109;117;62;62;23;7;15;0;31;31;23;0;39;39;31;31;46;23;7;15;31;62;70;78;101;109;320;273;523;507;960;921;499;468;242;218;31;46;46;31;718;1382;476;390;15;7;78;78;46;39;7;0;93;93;70;70;39;54;78;62;46;62;46;62;7;7;15;15;109;117;85;78;7;0;117;101;85;62;85;70;62;54;54;85;62;39;62;78;39;23;15;7;46;54;93;78;62;46;54;85;78;54;15;15;7;7;7;7;31;39;7;39;54;54;39;46;7;0;15;7;78;124;132;85;7;7;101;124;93;93;93;54;117;117;62;70;23;39;23;15;62;46;78;93;23;23;70;62;70;
710;601;1850;1842;203;296;702;819;1179;897;273;195;62;78;85;46;23;31;31;7;226;226;93;54;70;70;85;101;62;70;54;0;31;54;39;46;31;46;31;31;23;7;7;15;85;70;62;39;15;7;85;85;70;46;93;117;101;78;23;23;62;78;78;62;39;31;0;7;39;62;62;62;31;23;78;70;93;78;54;54;109;109;23;15;31;31;54;39;46;15;15;7;54;46;70;70;70;85;0;15;101;117;109;117;109;101;46;62;31;15;15;15;78;78;23;23;0;0;7;7;23;0;101;70;23;46;70;70;39;39;54;54;484;437;632;632;983;968;491;445;195;187;54;31;54;46;804;1421;491;374;39;15;93;101;85;62;117;93;31;15;39;31;0;23;39;23;23;15;70;78;15;23;15;39;117;109;85;62;101;85;54;70;15;15;31;23;46;15;54;46;23;7;70;78;7;7;54;62;101;93;78;46;62;70;78;62;7;15;70;70;31;0;7;7;93;85;0;15;7;0;70;93;62;54;31;31;23;31;156;132;46;54;187;195;124;117;93;85;140;179;62;62;23;7;23;70;101;85;46;46;109;117;70;78;54;
507;288;1811;1663;242;273;897;1069;1171;937;156;78;85;101;0;93;31;23;39;70;156;156;93;62;93;101;70;62;70;70;78;85;7;7;54;54;62;62;62;62;0;7;15;15;23;0;15;31;7;15;93;101;54;85;78;70;93;101;39;23;62;70;54;46;62;46;23;46;23;23;78;78;15;15;109;101;39;54;31;23;93;70;31;31;23;23;23;23;7;78;39;70;39;39;85;85;54;62;78;101;54;70;117;117;93;109;46;54;15;23;0;7;70;54;39;54;31;0;39;31;31;23;46;85;31;39;39;39;7;15;0;15;421;343;507;515;991;968;445;382;249;210;148;117;46;46;890;1546;546;429;15;15;109;109;101;101;78;93;85;70;15;23;23;39;54;46;31;15;7;0;54;78;31;46;101;109;109;101;78;93;78;70;46;54;23;7;93;70;39;62;70;62;31;23;0;0;15;7;117;109;39;39;23;23;85;93;0;23;15;23;78;93;23;23;46;39;7;7;39;39;7;15;109;85;0;7;46;85;140;93;78;93;171;179;117;93;78;62;101;117;101;109;78;31;62;54;109;109;70;78;39;46;62;70;78;
640;577;1850;1835;203;226;398;499;1225;851;273;218;62;78;93;109;46;85;31;46;163;163;140;132;70;54;117;101;54;46;62;78;78;93;31;39;46;62;93;70;101;117;7;39;23;7;23;31;31;23;117;117;78;78;0;7;7;31;15;15;101;109;85;78;39;70;54;46;31;31;39;46;46;23;62;62;85;78;15;23;62;70;0;0;70;62;109;109;93;78;54;54;23;39;15;31;15;31;62;93;101;85;85;101;54;54;15;23;31;31;23;31;109;109;54;85;46;62;15;39;7;23;54;62;39;39;7;7;15;15;23;15;437;367;554;554;827;804;413;359;249;234;93;62;39;39;858;1624;570;437;15;62;117;109;101;109;109;117;93;93;109;101;93;101;62;54;0;7;15;15;54;78;54;78;78;85;70;54;101;85;85;78;31;54;101;101;85;70;62;85;39;23;46;31;15;15;31;54;54;46;15;7;39;62;39;54;15;7;39;70;54;23;54;54;23;0;15;7;15;15;23;15;0;15;31;31;0;54;109;85;62;70;78;70;109;93;93;70;85;101;62;62;0;7;23;7;70;54;54;31;62;70;39;62;62;
593;491;1889;1678;257;249;1022;1264;1093;819;210;132;117;109;15;7;15;0;7;23;187;163;54;15;70;78;93;109;0;7;101;101;0;7;62;70;109;117;78;78;85;70;15;39;85;54;39;46;15;23;93;93;78;62;23;31;85;85;85;78;101;101;109;109;78;70;85;93;117;109;62;85;0;15;93;109;85;78;7;23;101;109;62;85;62;85;78;62;70;85;109;93;31;39;70;70;23;15;85;93;109;117;101;109;46;39;70;70;54;39;31;7;0;15;23;62;31;7;7;0;62;70;39;54;23;39;39;39;46;39;31;39;335;281;460;476;983;937;468;398;171;140;23;23;23;23;1007;1756;515;382;85;39;109;109;46;85;78;85;39;85;62;46;0;15;109;93;101;93;15;31;46;62;54;54;85;85;109;85;31;23;117;109;109;117;70;46;0;7;117;101;109;109;78;70;7;7;70;54;46;23;93;54;23;7;54;70;85;93;7;0;15;7;7;39;7;0;93;78;23;15;7;23;31;23;39;23;54;101;124;124;39;31;124;156;101;101;78;54;62;39;15;0;7;7;7;39;62;46;70;62;46;78;70;70;46;
398;335;1249;1304;234;249;421;530;765;546;132;93;101;117;62;93;0;23;54;54;101;101;46;23;46;54;93;93;93;78;101;117;62;62;7;0;70;54;101;117;85;93;70;70;54;62;7;7;31;31;117;117;101;93;78;62;46;54;15;15;70;70;85;117;70;54;117;117;85;78;70;54;7;7;101;117;70;78;70;54;54;78;23;23;31;54;101;117;46;62;93;93;109;109;39;46;7;15;85;85;117;117;85;101;78;93;31;15;15;23;70;54;15;15;23;31;93;70;0;23;54;46;46;85;62;46;23;15;46;15;93;85;484;421;452;452;897;882;429;390;132;101;23;15;46;31;858;1538;546;429;0;54;85;78;39;31;54;54;109;117;85;85;46;70;54;46;54;70;31;54;31;54;54;85;62;70;62;85;46;39;15;31;85;101;101;93;117;109;93;93;70;54;117;117;39;31;54;54;70;70;62;46;7;54;39;39;31;23;15;31;101;85;39;31;7;0;101;109;54;31;70;54;15;23;7;7;54;109;140;140;46;31;156;179;54;15;78;46;70;93;23;7;46;39;7;15;15;7;70;54;39;46;117;109;15;
788;749;2045;1944;429;460;929;1108;1186;866;226;156;117;117;39;7;62;46;7;23;218;218;101;70;54;46;101;109;54;54;101;101;85;93;54;70;93;85;78;85;101;93;31;31;93;70;109;78;15;23;101;78;101;117;70;85;62;54;31;62;78;101;78;78;46;46;54;54;46;70;78;85;31;15;78;93;93;109;54;85;46;39;31;39;70;70;46;62;31;31;70;70;23;7;93;117;39;39;54;62;46;46;15;0;85;101;31;46;117;93;23;15;0;7;23;46;23;39;15;31;15;0;46;39;85;93;78;70;15;23;23;31;367;312;546;554;976;937;468;437;281;187;54;39;101;78;140;476;281;226;31;0;78;62;70;78;163;218;132;54;101;109;93;85;70;78;54;39;54;93;46;54;70;85;101;109;109;93;39;31;78;62;70;70;101;101;39;39;109;101;54;54;54;70;78;54;93;117;109;109;46;54;46;54;78;78;7;0;7;7;7;15;7;7;31;46;7;7;62;46;46;39;85;70;85;85;70;117;109;93;62;62;117;132;101;93;70;46;70;101;54;23;7;7;31;39;117;117;101;85;23;46;70;85;78;
538;445;1311;1210;203;234;570;687;835;679;78;15;93;85;85;46;101;101;0;15;54;23;62;46;101;109;117;109;62;31;54;62;101;93;46;62;78;85;39;39;54;39;15;15;39;39;31;31;54;70;109;101;85;93;78;101;117;117;117;109;78;78;101;85;93;78;31;15;23;39;85;85;46;39;101;78;54;7;101;70;70;70;85;85;93;93;101;109;78;101;85;85;31;46;117;117;70;85;78;85;171;648;882;773;351;406;210;195;265;210;62;93;23;39;39;46;7;15;31;46;15;23;78;78;39;31;78;70;78;62;117;117;171;124;687;655;952;929;476;429;179;148;15;15;31;7;78;132;15;0;93;101;117;117;85;203;1585;2147;601;460;7;39;70;78;85;117;117;85;78;101;15;23;78;93;109;109;93;78;54;62;101;85;78;70;78;62;31;39;70;70;15;15;23;23;31;15;93;109;62;70;109;101;23;39;109;109;70;39;7;7;39;46;46;70;39;39;39;54;46;39;7;0;46;54;39;31;109;140;124;78;23;0;156;163;117;101;101;78;62;62;62;62;23;7;31;39;93;101;109;101;70;70;117;117;93;
835;788;1944;1858;320;390;726;874;1163;827;257;171;85;109;39;7;7;23;62;54;195;210;124;101;109;117;101;93;70;78;117;101;46;54;7;31;85;109;109;109;70;62;15;15;109;117;62;39;46;70;101;109;78;93;101;85;23;7;23;23;70;78;117;109;62;70;39;31;101;101;93;78;7;23;109;85;109;85;78;101;78;101;109;109;54;54;62;62;265;273;70;78;23;31;39;23;93;85;78;62;1639;3701;5700;5864;1881;1920;1780;1522;616;554;163;117;109;93;62;78;93;93;93;85;54;70;46;15;46;23;39;23;0;7;15;31;413;351;655;632;913;913;460;421;187;132;7;0;85;101;101;140;15;39;101;109;93;93;70;78;585;1022;343;281;7;15;78;93;210;538;171;101;101;109;46;70;62;62;101;117;101;101;101;93;117;101;109;85;109;109;109;109;70;70;109;101;62;70;15;15;70;85;101;109;78;62;46;62;62;54;39;15;23;23;85;70;7;0;15;23;62;70;7;0;46;70;109;109;23;23;85;124;109;101;46;54;132;132;70;54;78;46;46;54;15;15;7;31;7;7;78;62;109;117;62;70;70;70;39;
679;624;2061;2194;226;281;327;421;1218;866;249;179;85;109;93;46;0;0;15;15;171;179;124;93;117;109;117;101;46;39;54;54;46;62;70;78;117;101;78;78;85;85;62;62;15;39;23;31;23;39;101;101;62;62;23;15;31;39;62;46;117;117;85;78;109;101;101;117;46;46;46;85;54;54;62;54;905;913;163;132;171;195;62;39;62;85;117;117;210;218;327;343;117;140;15;31;54;78;62;54;3763;7152;9549;9698;3771;3935;7675;6996;1671;1678;1069;1405;382;304;93;70;85;117;70;31;31;31;62;54;39;23;54;46;78;54;15;7;406;327;710;671;952;890;413;367;140;117;15;15;78;31;23;39;15;39;93;109;109;117;85;78;109;117;39;78;46;39;101;117;234;367;7;46;93;109;62;54;93;85;117;109;78;78;93;70;62;85;109;101;46;46;117;93;109;117;93;78;62;78;46;23;62;93;85;78;109;85;31;39;15;0;15;23;23;23;85;78;78;93;54;39;85;101;46;31;31;70;109;101;78;93;31;15;156;124;78;78;195;187;124;101;54;39;15;39;39;46;15;15;46;23;101;85;93;85;70;85;23;23;39;
765;679;2233;2303;179;288;413;515;1483;1030;265;203;101;101;62;39;54;70;15;54;187;195;156;156;117;117;93;93;23;46;70;93;101;117;23;31;93;93;85;93;46;31;0;23;85;93;31;39;70;85;93;85;70;78;85;109;70;70;46;31;78;70;93;93;31;23;62;62;54;62;109;109;46;62;109;93;46;31;39;70;156;210;117;109;31;31;78;46;327;312;218;203;726;874;632;577;242;242;85;46;4692;6426;4083;4482;2756;3014;20091;18459;4692;4294;3349;4357;609;484;445;374;101;117;54;7;109;101;46;70;62;62;31;31;78;70;46;54;226;195;749;687;812;780;367;343;179;156;70;70;101;109;46;101;7;31;78;85;70;46;93;101;93;109;23;31;101;93;109;85;70;78;62;39;15;23;23;31;117;117;109;101;7;31;78;85;54;70;117;101;109;93;93;109;31;46;101;93;46;46;78;62;62;62;70;78;109;117;54;78;117;109;23;7;31;31;117;117;70;62;117;85;39;31;31;23;109;117;101;93;39;15;15;23;85;78;23;31;93;117;54;54;7;0;23;62;78;85;46;31;15;31;39;23;39;39;117;117;70;70;31;
780;679;2069;2014;273;320;632;780;1179;843;273;187;109;117;39;62;93;93;46;70;179;156;93;70;93;117;101;109;78;54;109;101;54;46;101;117;109;93;62;70;39;46;7;7;70;85;109;101;93;78;109;93;117;109;54;46;39;31;93;78;109;101;78;85;54;54;15;7;62;85;101;93;70;78;70;85;54;39;117;101;390;616;296;218;39;39;39;39;7;23;7;23;460;624;452;390;23;39;93;70;2623;3388;1335;1108;491;445;19302;17077;3802;3646;2475;2733;819;788;343;273;335;312;140;93;117;93;85;93;70;70;117;101;101;93;23;23;406;335;687;663;843;843;460;413;179;140;85;78;109;109;31;31;23;7;101;117;117;117;109;109;70;70;70;70;54;46;54;62;117;117;93;117;101;78;117;101;70;62;46;31;132;78;741;609;210;156;210;156;15;62;93;78;101;117;70;54;156;374;148;140;70;78;78;70;62;85;31;23;78;85;31;15;39;31;62;46;62;93;93;93;93;101;31;0;117;117;78;85;54;78;31;23;101;93;15;7;62;93;93;101;15;7;93;93;31;39;46;46;78;78;85;62;78;54;62;101;54;46;46;
702;624;2108;2100;187;257;468;593;1319;921;265;195;85;85;23;23;46;31;0;23;148;163;156;132;93;93;101;93;31;7;93;85;62;70;46;54;109;93;85;70;78;93;46;70;23;23;23;23;101;85;117;117;39;46;62;62;39;62;15;7;109;117;93;93;46;46;101;109;23;31;46;70;31;15;62;54;93;85;85;70;156;203;85;78;62;62;70;70;109;101;23;39;288;273;93;78;78;93;117;109;1085;1030;460;538;374;484;6332;5013;624;515;874;890;273;273;109;78;39;62;85;70;70;54;54;54;31;23;39;31;101;78;39;54;445;367;702;679;913;882;226;179;148;124;46;23;23;23;62;140;39;31;70;70;62;70;70;78;117;101;109;101;93;93;62;85;117;117;101;78;31;39;93;93;70;78;46;62;85;70;187;226;203;210;312;249;23;7;62;93;70;46;62;39;1546;1858;976;835;93;78;101;117;109;117;31;23;117;117;62;78;78;93;62;93;93;85;70;70;62;62;85;85;101;109;31;0;54;62;0;46;70;62;23;15;46;70;0;15;46;70;31;0;15;23;62;54;23;15;93;85;101;101;39;46;39;39;78;
554;374;1319;1077;452;491;819;944;640;499;117;62;109;117;15;0;15;62;0;23;124;109;0;23;93;109;117;117;85;70;62;62;85;101;85;85;54;54;78;93;31;15;31;39;39;39;0;23;85;93;117;117;109;117;46;46;78;70;70;78;70;85;85;85;46;31;31;31;23;54;54;62;46;31;109;101;117;101;31;31;39;46;70;70;54;46;70;78;46;78;101;117;31;31;70;62;39;31;117;101;62;46;179;203;39;109;1061;890;203;171;7;0;93;93;93;93;7;23;101;85;23;39;31;15;62;62;23;15;93;93;31;23;413;359;718;702;905;858;249;195;101;93;7;109;7;0;54;101;7;23;93;78;78;85;93;117;70;70;85;62;39;54;78;85;93;70;62;78;0;7;101;109;85;78;46;62;23;15;7;23;163;132;15;15;62;46;78;70;70;62;7;7;2717;2748;1257;983;187;148;1163;991;249;163;413;476;265;187;101;109;117;109;101;78;93;93;46;46;62;85;39;54;39;85;351;445;31;70;7;54;7;7;7;15;39;15;46;39;23;31;46;70;31;23;23;15;23;31;78;93;101;101;23;46;31;39;39;
765;702;2248;2131;359;359;655;812;1132;796;203;156;117;101;109;70;0;23;46;31;132;132;148;124;62;62;93;85;101;101;70;54;54;62;15;39;109;109;62;85;31;7;46;46;0;23;31;23;7;23;109;101;78;93;117;93;70;54;62;85;101;117;70;85;78;62;39;15;0;0;46;31;0;0;78;62;101;117;85;54;101;101;70;93;23;31;78;78;54;85;70;78;70;78;93;117;46;39;46;62;101;93;7;7;31;15;491;382;101;70;109;117;101;85;109;117;23;0;54;70;31;15;54;46;70;62;101;78;54;46;39;39;460;390;687;671;655;351;156;117;39;7;70;62;109;85;62;109;46;23;109;117;39;39;117;109;39;31;70;78;70;62;117;101;62;62;109;109;54;39;109;101;85;109;15;15;62;23;132;93;46;23;31;23;23;23;15;7;46;54;117;70;976;882;812;632;15;7;1733;1397;671;538;4302;5512;858;765;382;437;499;460;62;23;7;23;117;117;78;39;491;374;70;93;374;351;15;46;39;7;85;109;187;499;0;54;23;15;796;796;15;101;39;46;7;15;15;31;46;70;109;109;0;31;54;46;46;
585;413;1764;1858;257;320;491;585;1124;835;249;171;85;101;78;7;15;39;0;23;124;117;124;101;93;117;117;101;46;31;70;54;15;15;62;70;101;117;117;117;46;23;0;7;54;31;23;31;39;39;109;117;85;85;31;39;117;117;62;62;109;101;109;117;31;31;7;7;7;23;54;54;15;0;93;85;70;78;0;15;93;117;85;93;39;46;85;93;0;0;23;46;7;0;78;109;0;31;101;109;39;39;93;85;54;54;101;70;117;109;31;62;398;367;39;23;85;117;31;54;54;7;101;117;163;179;31;7;62;54;46;39;406;343;679;640;281;1928;2654;2373;1639;1897;2889;3412;1405;1225;773;577;46;23;46;54;31;15;78;101;15;31;62;46;101;93;93;101;78;78;85;85;117;85;101;109;78;85;15;7;54;46;85;54;15;7;54;46;7;7;23;54;7;15;62;15;218;226;23;15;101;78;374;327;265;242;4318;4575;796;710;648;866;1077;1022;124;163;687;570;46;39;132;897;1225;1085;101;78;218;210;23;46;109;39;515;452;4349;4989;398;288;70;62;624;585;70;117;39;31;31;62;0;7;31;62;117;109;62;70;31;23;31;
726;562;2522;2498;320;406;655;788;1592;1155;281;179;109;101;117;31;31;31;31;39;101;109;132;132;78;70;117;109;85;85;70;62;85;93;0;15;93;85;54;62;117;109;54;46;54;39;39;54;39;15;109;101;117;109;78;70;46;46;23;31;109;101;31;46;78;78;78;54;70;70;23;23;39;31;46;46;109;93;70;54;46;54;39;39;54;54;46;39;70;93;117;109;62;54;70;78;7;23;23;31;54;39;54;31;70;39;78;46;93;93;62;54;640;663;54;54;70;39;320;203;85;93;0;7;1155;1046;171;210;31;117;445;374;195;148;679;632;2584;5333;9104;8120;3342;3224;12134;13774;4638;3794;1624;1171;367;515;288;226;70;70;101;117;54;62;31;31;85;78;85;101;93;101;101;93;54;70;85;101;117;109;7;23;39;54;226;242;109;70;85;85;31;23;7;0;39;70;0;15;429;413;54;15;78;70;31;62;39;23;1147;1101;546;460;265;187;406;320;70;78;179;132;179;124;1881;3576;1218;991;460;577;866;991;1179;999;390;562;601;460;5708;5356;491;296;85;109;15;54;15;23;0;7;0;7;15;7;101;85;93;93;54;78;15;23;85;
452;320;1257;1225;163;226;609;726;812;632;140;54;101;109;78;171;62;46;15;15;78;85;78;70;93;85;78;78;39;46;117;117;117;101;54;78;85;78;117;109;31;7;46;39;54;39;46;70;0;31;93;85;85;85;101;109;54;54;39;46;101;85;78;109;46;31;23;39;62;70;62;70;7;7;101;85;31;23;93;78;78;78;15;39;54;62;109;101;70;62;70;62;23;23;46;46;46;39;70;70;39;62;93;117;132;171;257;242;15;15;78;109;1046;1061;226;226;23;85;1272;1101;140;163;117;101;734;609;273;265;234;367;570;413;288;226;374;359;3115;5466;7222;7137;2678;2092;18443;21130;5403;4122;1374;1093;1382;1553;773;640;117;78;15;31;117;101;70;78;109;109;109;117;46;39;23;15;39;70;54;78;101;70;31;46;31;23;187;195;62;62;39;31;0;31;132;132;70;70;23;15;179;179;62;23;78;54;109;148;31;0;109;117;85;70;39;31;31;39;265;304;452;413;140;109;2928;3552;804;679;491;413;320;327;3834;2811;796;1233;327;226;1710;1975;421;304;93;70;15;31;62;85;46;62;15;23;7;23;117;101;93;85;23;46;54;70;54;
827;655;2397;2584;523;624;726;851;1772;1296;335;226;85;109;117;23;54;23;70;31;163;218;187;171;62;62;78;70;70;54;78;70;85;85;39;46;101;78;93;85;62;70;54;54;23;31;109;78;39;46;70;70;93;78;46;85;23;7;23;15;93;93;109;117;62;46;85;70;70;93;101;117;46;54;23;15;31;39;15;31;70;62;7;7;70;54;85;93;7;0;117;101;70;62;93;109;85;78;7;46;101;93;101;101;23;15;54;62;39;31;70;46;46;62;85;109;93;85;312;273;109;85;62;54;117;101;203;218;70;15;7;70;359;312;655;632;460;218;929;1046;23;7;12907;15593;1460;1054;343;359;648;585;320;257;85;85;109;109;109;117;62;54;31;23;101;101;109;101;46;46;62;85;85;117;78;78;7;31;242;187;70;62;15;31;0;7;62;93;257;218;78;78;85;78;7;31;78;54;31;39;281;359;0;31;85;93;101;93;15;31;0;23;1858;1842;1959;1702;976;796;944;1108;601;554;445;374;2123;2576;4568;3435;1225;1764;359;304;312;234;874;788;281;234;78;101;85;93;15;31;46;70;54;62;101;101;70;62;7;15;62;70;109;
421;281;1358;1444;210;273;546;679;851;624;148;46;109;109;70;23;15;7;46;31;54;70;54;46;54;54;78;78;31;23;78;54;109;78;101;109;93;101;109;101;78;70;15;23;31;15;15;23;7;15;109;109;70;62;62;54;39;46;7;23;117;109;85;78;70;62;46;39;62;62;93;93;0;7;62;70;15;0;23;46;46;39;54;46;15;39;70;93;0;7;15;31;93;78;54;70;23;39;23;54;101;101;117;117;39;70;85;109;7;15;109;93;39;23;7;15;249;320;117;85;31;15;23;31;0;31;101;93;54;62;109;101;413;343;687;632;858;827;304;257;46;31;2280;2686;663;570;39;117;78;70;85;93;46;54;78;85;46;39;46;31;93;101;31;46;117;109;62;54;62;93;78;117;54;78;62;15;562;429;203;163;23;23;31;39;179;187;15;15;39;15;93;101;54;78;62;78;93;101;23;7;39;62;109;101;62;85;54;62;132;296;3545;3115;1585;1350;226;163;562;1132;484;523;273;242;1069;1421;1772;1405;679;679;156;187;679;562;702;593;0;46;93;117;31;54;0;15;70;78;85;85;70;54;70;78;78;117;62;46;23;
827;687;2084;2194;242;343;640;765;1468;1085;320;210;70;70;46;15;15;31;7;39;179;210;218;210;85;101;117;101;7;31;62;54;93;101;46;54;109;109;101;109;78;70;39;46;54;54;46;23;39;39;78;78;46;46;7;23;109;117;54;70;78;70;93;93;62;54;62;62;70;78;78;70;23;15;70;46;7;7;23;7;39;46;85;85;70;78;93;93;46;62;70;85;109;117;93;85;54;54;31;78;46;62;78;85;93;117;109;93;54;46;15;31;23;7;23;46;452;429;140;124;109;85;7;0;31;23;31;31;7;7;46;31;413;359;632;593;671;577;140;140;156;148;93;62;78;23;46;124;31;15;156;187;39;46;46;46;70;78;78;78;70;62;78;54;23;7;85;78;78;85;54;39;195;171;718;1452;3552;3060;1350;1288;437;374;15;7;335;304;31;39;23;7;39;54;101;117;85;70;54;78;62;85;78;46;85;93;46;31;62;0;1085;1710;4068;3053;702;609;406;335;249;468;203;210;109;124;445;593;468;530;46;54;78;132;343;242;101;54;46;39;7;15;46;39;23;31;46;46;109;93;54;46;85;117;23;23;7;7;54;
624;460;1850;1639;265;304;593;687;1030;773;171;62;109;117;85;54;39;46;70;54;101;109;54;46;109;101;93;93;93;62;54;46;39;23;39;62;101;117;78;78;78;62;7;15;78;62;15;0;7;54;117;93;109;101;101;109;7;0;0;7;85;101;117;117;54;54;23;31;78;78;117;109;23;46;78;101;93;78;93;117;85;78;0;0;39;54;78;85;46;62;101;109;78;85;101;93;109;101;101;109;101;101;46;7;0;7;70;70;23;15;62;46;78;85;54;78;1717;1319;1061;944;265;179;23;46;46;54;117;117;85;70;31;31;507;452;515;468;296;257;23;15;15;15;210;249;15;39;46;23;54;46;265;312;7;15;93;85;39;31;78;62;78;62;624;585;156;132;15;23;0;0;7;85;242;249;2857;3935;6551;5778;2287;1913;1194;1124;296;242;312;281;101;70;15;23;31;62;85;85;78;78;109;101;70;101;39;46;46;46;62;203;93;62;1179;1249;2209;1780;374;327;437;406;179;327;85;78;15;31;54;15;499;655;93;46;445;406;23;23;39;70;0;23;23;39;7;23;46;39;62;78;78;78;101;101;62;54;39;46;31;31;23;
554;421;1694;1655;257;327;734;866;1186;913;281;163;109;109;39;70;31;15;31;31;179;195;132;109;101;101;101;109;93;93;62;54;62;46;109;117;109;109;85;85;93;70;0;0;46;31;15;15;15;15;85;78;85;109;62;78;117;85;93;78;62;62;93;70;62;62;15;7;62;70;70;78;15;0;54;46;101;117;7;15;109;109;117;101;31;23;93;62;78;23;304;429;406;398;23;31;70;70;101;85;62;62;23;39;117;93;46;46;109;109;54;46;70;62;31;39;11962;10283;2740;2311;1116;952;687;530;140;117;171;124;31;46;109;109;359;288;343;234;101;132;140;156;101;46;23;23;39;46;23;54;429;429;374;351;93;78;15;23;101;117;117;117;163;163;31;15;0;7;46;70;39;23;179;312;1905;2498;4458;4599;3740;3810;1803;1678;937;944;530;437;210;163;132;78;31;7;101;78;78;85;85;101;62;46;7;7;0;23;39;101;484;491;296;320;445;468;249;226;31;23;195;132;46;70;39;15;46;23;7;23;140;171;31;7;1108;952;148;132;39;7;23;31;93;109;93;54;23;23;23;39;46;62;78;85;62;62;15;85;62;70;39;
812;663;2287;2412;249;374;570;663;1444;1069;249;140;109;117;62;93;0;15;0;15;101;156;132;140;109;101;109;117;85;54;31;46;62;85;93;85;62;46;62;62;62;54;23;23;15;39;54;23;23;31;117;109;93;93;39;39;78;85;62;70;78;62;54;70;46;54;7;15;85;93;85;93;39;23;23;15;54;46;109;117;117;109;117;109;101;93;39;31;54;78;78;46;148;124;54;54;15;0;101;101;78;93;132;320;210;156;124;93;70;78;39;78;46;54;39;39;13430;11673;2920;2639;1358;1421;749;577;367;273;62;46;70;46;70;54;390;327;3490;3779;234;78;31;0;15;7;117;117;54;62;15;70;109;101;93;93;93;85;7;39;78;54;39;85;265;171;39;101;70;101;31;39;46;31;1577;1327;2701;3599;2397;1874;1319;1483;2358;2053;468;499;171;171;187;195;218;156;7;7;124;93;0;0;101;117;101;85;23;62;140;140;288;296;749;749;109;54;421;421;62;7;46;54;117;101;0;0;109;78;70;62;70;101;39;7;7;46;78;54;109;117;78;101;15;0;46;54;15;7;0;0;15;0;7;7;109;109;70;70;62;62;101;109;109;
499;335;1382;1288;249;335;765;866;1007;773;101;7;117;109;7;163;31;15;15;15;93;101;78;62;117;109;101;117;15;15;101;101;117;117;15;23;46;46;54;93;101;93;31;31;70;46;23;31;46;70;54;54;15;46;93;70;62;62;54;39;46;39;70;62;78;70;70;70;15;31;54;62;62;70;78;70;31;62;101;117;78;70;93;93;31;31;85;78;62;62;31;15;101;109;46;15;78;109;62;62;46;46;85;62;78;54;117;117;320;320;195;117;101;117;93;93;3178;3248;1608;1421;937;937;413;312;54;54;109;109;101;117;15;15;265;78;6637;6481;1428;1249;1210;1030;85;70;7;7;54;46;7;54;23;15;62;46;15;0;54;62;78;62;39;54;15;7;31;54;46;46;7;7;702;1249;1397;1366;2038;1967;5122;4497;2326;2108;929;1015;304;327;101;101;93;46;54;0;46;31;31;15;93;101;109;101;31;23;210;273;484;648;773;601;1022;882;171;132;390;351;7;0;39;39;101;117;109;93;117;109;117;93;117;85;124;117;31;54;132;124;78;70;54;31;85;70;15;23;23;0;7;15;46;62;23;54;78;62;31;46;62;117;46;46;109;
687;530;1936;1733;304;413;694;812;1108;835;171;85;101;109;39;101;23;31;15;23;140;156;163;156;117;109;109;101;46;46;15;23;39;23;31;62;85;78;62;62;70;85;15;7;70;85;54;70;39;39;117;109;117;117;7;15;39;39;31;39;117;109;23;23;70;62;15;7;46;54;70;101;101;93;70;78;85;85;31;7;78;62;7;7;85;93;15;0;39;70;70;85;54;78;70;85;343;343;31;7;39;54;109;117;46;46;23;15;218;312;31;15;85;31;54;31;1022;843;757;718;398;445;234;226;117;109;85;70;15;7;46;31;210;7;14890;11462;2904;1959;1764;1343;132;132;15;46;226;226;93;23;93;101;93;109;476;398;163;163;140;124;31;7;62;62;0;23;7;0;85;179;6004;5942;3373;3771;2842;2475;921;827;585;562;499;679;265;226;257;242;101;78;148;140;31;15;15;31;54;54;101;101;335;413;796;694;897;882;718;593;101;101;593;601;78;23;31;0;15;39;62;54;62;70;78;62;117;117;93;85;15;23;15;31;163;148;46;23;101;124;31;39;54;70;85;62;15;15;39;70;70;70;117;85;117;109;54;46;78;62;117;
749;577;2225;2428;203;320;530;632;1460;1061;249;156;85;78;70;62;15;54;7;23;156;195;195;187;109;101;101;109;78;78;31;31;101;109;117;101;85;85;93;93;78;85;0;15;7;7;7;15;15;23;85;101;62;54;39;46;31;7;109;109;109;101;85;78;78;70;39;46;15;15;101;85;15;15;93;62;31;15;23;7;54;46;117;117;117;109;78;70;70;85;78;78;54;46;70;93;85;109;85;70;78;62;70;54;23;39;46;70;93;124;109;78;62;62;78;109;7;54;85;93;23;46;93;78;15;23;23;31;23;109;1093;1038;39;93;3185;2389;1054;796;93;39;85;85;234;288;281;195;85;39;7;7;117;101;15;39;335;359;226;163;15;23;62;31;23;0;93;124;858;976;18131;18849;3162;3748;4325;4302;1397;1616;1132;1171;1842;1788;726;710;663;679;234;171;78;46;70;62;62;31;101;101;93;93;1007;1210;1225;999;718;694;1116;1054;187;288;773;913;265;210;242;187;109;70;70;70;85;93;39;54;7;0;54;46;31;15;39;101;117;117;62;54;31;15;101;101;296;367;85;117;46;31;23;62;7;0;93;93;54;39;31;31;15;39;109;
491;390;1530;1671;335;390;585;679;866;655;148;46;101;117;0;93;31;15;7;7;109;109;109;85;93;85;117;117;117;109;70;54;39;31;23;46;117;117;54;54;78;54;15;15;39;31;39;15;7;23;109;101;101;85;109;117;62;62;15;23;85;101;46;46;7;15;78;70;46;39;109;101;39;62;85;78;78;78;101;93;101;93;7;7;78;78;54;39;39;23;78;85;46;46;93;117;93;117;101;109;93;101;117;117;70;62;15;15;62;54;7;7;54;62;7;15;85;78;78;70;46;39;7;15;39;39;15;0;93;46;242;210;140;46;31;31;538;507;70;62;0;0;452;507;296;242;7;93;78;54;62;101;140;124;679;741;210;156;109;109;46;23;15;7;327;406;2936;3224;20372;18084;4599;4201;4052;4396;2131;2444;1600;1788;2209;1874;554;484;437;476;203;156;156;117;109;109;101;93;54;62;46;62;3935;3630;1155;952;1881;1928;1608;1288;429;570;484;445;140;101;0;15;117;109;78;54;93;101;46;62;117;117;101;117;39;23;7;62;156;124;39;70;31;7;93;85;0;15;70;54;93;78;85;78;78;93;101;78;109;117;101;101;46;46;46;
593;406;1858;1811;351;406;1101;1304;1007;804;156;46;101;93;140;265;39;31;39;39;117;109;54;46;46;54;101;93;46;62;70;54;117;101;70;85;117;117;70;70;62;78;23;7;15;7;31;23;31;7;78;70;109;117;39;31;78;54;109;101;78;78;70;78;39;23;93;70;15;23;54;54;46;39;15;23;93;93;7;0;93;117;23;54;109;109;109;109;7;7;117;109;31;23;31;46;46;46;0;15;78;117;78;70;70;101;7;31;54;70;23;15;39;31;85;93;109;85;7;0;15;7;70;70;15;23;70;78;944;882;593;421;257;179;327;320;749;741;335;304;15;23;156;195;70;85;101;156;0;7;117;101;101;124;351;359;7;70;226;187;39;39;468;491;406;421;10682;12946;11697;8886;1811;1600;2717;2522;1733;1959;1304;1343;929;804;327;281;171;234;101;62;78;70;93;70;93;70;109;117;507;1030;4325;4247;710;702;4091;3451;1085;897;585;554;242;148;148;93;46;93;78;39;23;7;70;70;46;70;62;54;117;117;78;85;78;31;31;23;117;85;23;15;117;109;54;46;23;0;70;62;101;109;39;62;117;117;101;101;93;93;62;46;78;
562;406;1374;1514;210;257;515;593;882;663;179;101;117;117;70;54;23;39;39;39;31;54;85;78;117;109;101;109;46;39;54;85;23;15;23;39;85;70;70;62;93;62;23;23;54;39;7;0;0;0;85;78;78;85;78;93;78;70;23;31;62;54;54;46;54;54;15;7;46;54;54;54;39;54;101;117;46;46;78;62;101;101;15;7;70;54;78;70;62;78;39;31;39;39;78;78;62;101;109;117;62;46;101;109;54;46;23;7;23;23;15;31;54;39;70;70;62;39;31;15;15;7;7;7;85;54;93;85;702;757;101;109;0;70;62;101;554;562;117;39;78;70;117;101;62;39;93;23;117;93;39;54;117;226;257;218;179;187;148;148;148;187;655;601;2818;5817;19740;17663;2998;3029;2529;2506;3170;2772;2483;2420;1577;1507;851;866;585;523;749;710;507;468;265;288;156;117;46;62;203;570;1991;2490;2077;1983;2350;3326;3584;3076;468;491;367;281;265;226;312;242;46;70;46;62;39;31;39;31;23;7;78;78;39;23;85;85;93;101;7;39;62;85;304;367;101;117;117;101;78;109;62;54;54;54;101;109;78;78;0;7;62;62;62;70;117;
757;577;1983;2217;343;421;1038;1186;1452;1155;327;203;101;109;23;117;7;15;54;62;179;187;156;140;78;78;78;78;85;62;101;93;54;39;62;85;78;85;54;54;39;31;70;62;62;78;7;23;31;31;101;101;54;62;85;78;85;85;101;85;78;70;78;62;7;15;46;31;54;62;78;70;78;78;78;62;23;15;39;46;117;117;85;101;39;46;70;54;7;31;39;39;62;70;93;93;117;109;54;62;39;46;62;70;117;101;46;70;39;46;78;78;0;7;15;23;70;62;39;15;39;62;7;15;39;78;812;1124;2264;1889;351;327;23;132;398;398;812;796;320;296;85;93;117;109;39;39;93;23;85;15;23;39;171;203;367;460;132;101;15;7;257;249;1171;1280;9971;14836;10479;7746;3529;3529;5739;5840;3006;2912;1842;1686;2030;1780;1030;1288;866;835;843;780;538;452;343;304;249;320;93;31;3490;4935;1413;1132;1007;866;4310;3794;1132;944;1452;1499;382;421;249;320;187;179;23;62;54;62;7;0;85;78;23;54;320;288;78;39;54;109;15;31;78;0;62;101;234;148;70;23;70;70;39;7;101;93;109;117;101;109;62;54;70;70;54;78;117;109;109;
655;507;2014;2022;132;210;499;577;1171;843;218;109;85;109;7;124;85;117;46;54;62;85;70;78;93;78;117;109;39;23;62;46;54;78;70;62;117;117;78;85;70;78;39;31;39;23;54;70;15;31;93;101;62;70;39;46;85;109;78;62;117;109;93;85;46;70;7;0;62;85;46;54;0;0;70;54;70;62;39;46;101;109;109;101;85;109;85;109;46;78;85;109;62;85;46;39;31;39;39;46;85;78;109;85;78;85;39;54;0;31;7;39;23;15;31;23;46;46;0;23;7;23;0;15;0;23;788;1639;4841;3630;671;640;54;39;367;327;702;679;257;226;7;7;0;7;62;54;132;187;23;46;171;187;437;445;367;343;218;296;210;195;7;7;3388;4833;17475;20645;10682;8284;2084;1952;4583;4068;1889;1694;726;796;1280;1101;1015;1093;640;507;624;616;210;163;132;93;70;54;476;445;4771;5786;1280;1725;2077;1905;1507;1343;570;507;874;773;429;421;312;335;46;46;109;78;78;70;46;31;101;85;109;109;31;54;23;23;78;7;54;31;31;23;93;101;85;54;78;70;46;62;46;7;0;7;46;70;7;15;101;93;101;109;54;54;109;117;117;
827;734;2202;2365;273;382;663;734;1514;1077;327;218;78;101;46;117;7;62;39;46;132;179;117;117;93;85;93;85;78;70;31;23;62;78;93;117;62;78;46;46;109;117;23;7;31;23;15;31;23;54;101;101;85;70;78;70;46;39;62;54;85;70;46;62;117;117;39;15;15;39;54;62;46;54;85;54;93;101;93;85;117;117;23;46;93;117;23;23;109;54;163;124;31;46;85;117;93;93;62;70;62;78;179;195;46;70;23;54;39;70;15;15;70;54;31;39;62;62;7;7;70;70;46;85;476;585;1499;2701;8745;5840;749;734;648;515;39;7;288;312;210;257;117;109;23;23;23;39;46;46;187;210;382;382;257;257;54;54;109;148;78;31;23;46;8206;12712;17584;13618;5887;4130;983;812;585;515;163;148;85;109;195;179;101;70;46;7;15;15;70;62;62;70;101;78;6777;5575;1749;1827;4044;5708;4161;3607;1179;1585;1046;835;351;304;203;218;124;70;109;117;31;39;109;109;23;23;101;85;85;101;109;117;46;23;85;78;7;23;31;39;31;39;23;46;7;15;39;15;78;109;7;0;23;7;62;70;117;101;70;85;46;54;70;70;23;
632;476;2116;1936;179;288;718;812;1101;827;132;7;101;117;31;210;23;7;62;62;70;101;54;62;78;85;93;93;39;39;46;31;46;46;62;70;93;85;70;93;31;39;46;39;31;23;7;7;15;31;117;117;70;93;70;62;39;31;46;46;93;85;85;70;117;117;93;85;31;31;78;78;7;0;70;85;93;78;93;78;78;70;46;62;62;78;93;85;117;85;124;132;109;117;70;78;78;70;54;62;78;54;70;54;15;23;39;31;7;7;23;39;78;62;15;15;109;117;0;23;31;15;93;117;624;843;960;1241;3615;3263;1069;1202;109;31;171;148;773;765;31;78;140;117;101;78;70;46;93;132;62;148;491;413;1030;1022;132;70;616;710;132;93;70;195;12134;16569;11010;9089;5231;4357;1546;1452;1054;968;671;593;249;296;281;335;187;124;7;31;46;23;70;78;0;7;31;70;13110;11010;1577;1171;9831;12079;2334;1889;1905;1928;2467;2147;484;398;288;421;23;39;109;117;7;31;117;117;7;7;117;85;101;117;78;234;156;156;62;54;54;39;85;54;117;109;62;46;39;23;117;93;39;31;31;46;23;46;93;85;101;109;54;70;7;0;101;93;70;
655;476;1678;1850;281;413;609;679;1225;897;218;117;23;46;62;203;15;46;23;23;140;163;117;117;109;85;101;101;31;7;85;93;109;109;78;78;117;117;85;85;93;85;39;46;31;31;54;46;7;7;78;101;70;70;109;109;93;109;46;54;109;109;93;85;85;85;23;15;31;39;62;54;39;46;39;54;31;39;117;109;70;54;62;70;117;109;101;117;62;78;117;109;70;54;78;101;54;70;31;23;46;39;0;0;78;101;15;7;0;7;15;15;39;23;46;46;7;15;15;7;39;7;78;62;1264;1264;640;1382;1553;1382;741;663;23;54;546;523;780;710;78;85;70;85;7;0;15;7;101;163;15;39;31;15;468;374;31;54;655;702;78;93;663;929;22106;23644;5231;5067;2686;2256;1264;1140;835;804;687;694;163;171;85;70;7;31;117;101;39;31;46;54;46;54;882;1077;10455;8573;1085;976;14523;15328;1140;1046;2280;2436;1780;1717;398;343;413;367;195;171;62;101;39;23;101;109;62;70;54;93;23;31;726;780;327;281;78;117;39;23;62;39;39;31;39;54;62;54;70;85;70;31;15;23;15;46;109;109;117;117;39;31;117;93;101;109;62;
694;562;2186;2280;288;413;827;921;1366;1108;226;101;109;117;93;281;7;15;39;46;109;140;109;117;117;117;117;117;70;54;31;23;54;78;109;117;117;117;70;78;93;109;31;31;70;46;15;7;0;23;117;117;15;31;0;7;39;39;85;70;85;85;46;46;109;109;54;46;93;93;70;93;31;23;62;54;23;23;54;39;117;117;117;117;70;93;46;39;23;39;109;117;85;78;78;101;54;62;15;31;85;70;23;15;15;23;23;54;23;15;23;23;23;23;85;101;46;23;39;54;101;46;46;31;1101;1069;101;70;257;187;23;0;281;226;655;609;523;476;382;367;234;242;85;62;7;7;156;203;616;640;921;921;335;335;85;124;616;445;117;93;679;1507;25104;24315;2459;2475;2381;2006;1913;1889;1663;1725;819;694;437;445;242;171;93;70;523;476;171;140;23;54;39;15;7917;11244;1358;1046;1171;1616;7386;5270;1835;1522;4146;4731;585;445;93;156;265;210;132;132;15;15;62;93;117;117;54;46;124;101;93;93;421;421;39;23;23;7;70;93;39;31;78;70;54;23;7;23;7;7;78;93;70;62;85;93;54;54;54;46;93;93;117;117;117;109;109;
585;437;1944;2233;296;398;523;585;1475;1108;304;179;85;109;39;132;15;46;7;7;148;156;132;148;117;117;117;117;70;46;70;46;70;70;54;39;85;101;62;70;46;31;39;39;70;46;0;31;0;31;117;109;109;101;70;70;70;62;31;23;101;117;117;117;70;54;46;46;109;109;54;46;39;23;101;85;39;70;15;39;101;85;39;62;54;78;78;62;78;93;78;109;117;109;39;46;62;46;39;54;62;70;78;70;54;39;7;15;62;54;101;39;23;62;46;70;78;78;117;109;93;39;156;296;944;913;632;570;124;93;132;124;109;31;499;468;741;734;281;296;163;140;85;117;117;109;70;132;39;54;570;593;0;46;203;203;429;429;78;46;2725;6004;22441;20591;5200;5442;4029;3693;1936;1858;2451;2365;788;679;374;273;187;132;62;7;23;15;39;31;179;148;54;187;14711;17264;1561;1202;5200;7293;7371;6520;1155;976;1733;1733;663;585;499;554;163;195;39;54;39;23;23;39;39;23;1553;1436;257;195;913;1460;1272;1077;351;335;788;663;39;39;15;78;101;101;7;23;54;70;15;23;0;54;31;23;62;85;0;7;117;101;70;62;93;78;101;117;171;
726;593;2225;2420;304;421;788;866;1694;1280;343;195;109;117;7;218;0;39;46;31;218;242;242;273;101;109;93;93;39;31;85;70;78;70;85;85;117;117;62;54;85;78;62;54;54;62;54;70;23;23;85;85;85;78;70;78;78;70;54;70;70;70;46;39;101;101;39;23;70;85;101;101;101;117;101;109;117;85;530;390;93;93;117;109;46;62;54;46;78;117;101;93;70;70;85;101;78;85;54;54;70;62;31;46;109;109;7;15;62;62;78;78;7;0;93;78;54;46;85;62;15;31;796;1030;1030;976;780;718;187;171;93;109;374;327;687;663;499;476;273;249;70;62;23;39;54;54;124;163;359;538;1085;765;54;54;1710;1788;23;23;54;93;9300;14055;20114;18154;5676;5575;2842;2748;983;968;1468;1366;359;374;530;491;335;304;31;7;281;257;54;54;7;0;374;1304;12072;8573;1085;882;15429;19232;1694;1507;1452;1538;1460;1366;273;234;991;929;171;249;15;7;39;85;117;117;78;62;1280;1140;320;335;2662;3154;1085;991;406;413;827;773;70;46;585;780;163;85;46;101;78;78;46;46;54;39;15;15;78;39;101;101;101;101;39;39;70;46;117;117;788;
655;530;1702;1866;218;304;749;835;1421;1061;226;109;101;117;101;281;31;54;31;23;148;140;187;195;109;109;101;109;39;15;117;109;101;85;46;54;101;109;85;93;101;117;70;54;78;54;15;7;7;31;117;117;109;117;93;109;117;93;54;46;93;78;70;62;62;62;23;23;93;93;54;54;46;70;85;62;15;85;1358;1038;320;257;85;85;85;101;101;93;117;101;109;117;109;93;15;15;46;46;39;39;7;31;70;70;101;93;0;23;7;0;85;85;39;15;15;7;54;23;15;23;39;54;1335;1507;1210;1749;1468;1249;507;445;7;15;288;242;640;616;944;921;507;452;203;187;101;93;23;23;39;62;218;530;819;687;179;132;1756;1686;210;148;124;148;15656;19872;12197;10486;3045;2287;515;429;257;218;288;234;327;265;39;31;70;62;70;39;203;242;7;23;85;93;2108;5458;11127;7394;858;1054;23074;23074;2381;2123;1756;2045;1202;991;296;218;796;694;148;163;7;0;117;117;93;117;54;140;203;132;39;70;1179;1311;616;546;101;109;320;281;31;70;101;70;46;85;78;117;46;31;23;54;39;7;7;0;117;93;109;109;101;117;78;62;109;109;23;7;445;
460;312;1577;1561;203;296;851;968;1264;991;249;109;101;101;70;273;7;23;62;78;249;242;203;187;109;117;101;109;78;54;85;70;101;101;117;109;62;70;46;46;70;101;7;23;78;54;7;23;39;54;78;85;109;117;101;101;109;101;54;54;54;54;23;31;78;70;39;23;54;70;93;78;78;85;70;54;54;195;2639;2061;304;273;23;46;7;15;0;78;124;101;101;101;109;109;93;101;101;93;62;31;0;54;31;15;109;85;31;39;31;23;7;23;54;54;23;0;31;23;23;39;31;46;1054;1257;2045;5192;5786;6887;1663;1421;866;734;54;39;156;109;570;554;210;117;46;46;23;15;93;109;78;117;570;905;780;640;31;7;1507;1304;39;31;382;452;19349;22988;7660;8105;3841;2857;1257;1257;593;468;421;382;445;382;335;327;124;78;7;31;7;31;70;78;93;85;7980;12439;5005;2467;937;1655;20286;17623;1233;1046;3014;3193;999;866;468;382;273;210;15;39;39;46;171;179;39;78;78;70;117;101;609;773;257;249;179;148;195;156;78;78;62;23;23;31;54;39;15;15;31;39;31;15;15;7;62;62;70;85;117;117;23;46;117;117;109;109;15;23;0;
546;367;1835;1686;359;406;999;1155;960;796;218;93;78;78;242;507;0;15;7;7;31;23;148;148;109;117;117;109;117;109;70;54;93;70;85;93;101;93;117;78;39;62;39;46;7;15;0;23;39;46;85;93;93;101;54;39;101;101;78;62;93;93;62;62;62;70;62;54;78;70;85;85;39;31;70;70;31;156;3201;2818;710;624;0;7;156;187;835;1046;679;663;31;39;117;117;93;85;23;31;109;117;117;109;62;70;78;109;54;46;7;23;46;39;7;15;70;78;70;70;31;54;140;85;1913;2155;4778;9276;10760;11470;4692;3802;2014;1522;359;445;78;85;554;577;203;187;179;179;15;15;85;85;70;101;1600;1631;249;210;640;929;812;632;187;187;234;226;18482;22293;9151;7761;4013;3451;1186;1124;1319;1077;562;546;351;335;601;530;304;304;257;226;226;242;7;15;54;31;14125;16468;1788;1304;1132;2350;11572;8362;827;694;2225;2639;929;858;445;398;195;156;117;101;0;31;78;70;31;23;101;93;101;109;648;616;195;163;156;171;491;382;78;85;7;78;15;0;39;23;117;101;46;23;54;46;23;70;0;15;249;343;70;70;54;85;109;109;15;15;148;140;124;
570;437;2014;2131;148;265;507;593;1468;1054;304;179;101;117;70;101;0;46;7;7;163;171;226;234;117;117;117;117;46;31;31;15;54;62;117;117;109;93;93;93;39;54;23;39;23;31;39;46;62;78;117;117;101;85;46;23;70;46;54;46;93;93;85;85;39;39;109;109;39;54;85;93;23;31;23;7;179;374;10057;9315;2202;2038;351;249;70;39;554;609;195;187;249;257;163;140;78;54;85;85;93;93;101;93;117;109;15;15;54;54;31;39;31;23;15;23;46;54;7;31;23;54;93;39;858;921;5489;9776;6598;4294;2850;2545;1436;1389;203;187;257;288;710;710;242;203;179;156;39;31;117;101;54;124;1233;1202;343;335;913;1163;671;538;39;39;452;382;20817;24589;1889;1655;2701;2155;1327;1101;788;648;687;562;187;187;273;218;195;203;78;78;85;85;70;46;7;0;22316;20622;1655;1421;4208;8784;4099;2826;718;609;5684;4302;320;226;249;406;335;265;0;7;46;23;374;312;655;734;484;398;23;0;1413;1350;195;117;273;288;452;320;101;85;156;62;70;46;0;23;46;54;23;7;70;62;31;15;31;39;616;562;281;210;62;93;109;117;117;85;31;54;23;
624;515;2038;2241;359;484;679;710;1444;1038;312;203;15;7;101;351;195;148;101;70;54;85;163;218;54;39;23;31;109;117;23;15;46;31;117;117;54;46;7;39;343;288;15;54;23;7;15;23;7;7;101;109;109;101;15;39;78;85;101;101;101;117;15;7;15;0;54;70;54;54;54;78;93;117;23;7;726;1710;17733;15414;4872;4716;593;476;452;367;655;663;187;195;46;62;109;117;109;117;93;85;31;39;93;109;46;70;31;39;15;7;62;62;93;70;109;109;70;101;0;23;31;31;39;31;1140;1116;4130;6754;3084;2186;679;655;39;46;288;265;632;616;905;843;421;390;249;242;140;124;46;70;31;78;1382;1085;23;15;1436;1639;265;163;101;249;327;242;22254;25440;3412;2998;1358;1093;819;632;93;156;648;648;257;257;156;109;327;296;257;226;179;163;320;327;132;171;22434;20520;2217;1928;10127;14695;3185;1842;944;1038;6910;5083;406;320;1155;1741;382;288;15;31;140;109;62;78;999;1171;327;234;148;242;1147;1015;85;78;1061;952;320;218;62;78;15;93;93;93;54;46;7;23;0;23;23;39;7;39;0;15;718;843;640;515;343;273;93;85;109;31;62;46;15;
484;296;1491;1671;226;335;741;851;1085;796;226;101;101;85;78;304;23;70;7;15;140;148;203;210;93;93;101;85;39;15;23;0;109;117;109;117;46;39;109;109;31;0;70;101;93;117;85;85;31;31;117;117;93;78;93;109;62;62;78;62;78;62;39;31;54;62;31;15;54;101;62;85;54;39;70;62;2217;4731;13540;11158;5380;5403;882;780;562;445;484;398;15;31;85;85;117;101;7;7;117;117;70;78;78;70;70;93;70;54;7;7;15;31;46;62;46;39;117;109;31;23;109;7;93;46;757;788;1233;1811;1694;1436;327;226;93;93;413;359;694;671;991;968;452;374;281;265;109;62;406;437;0;39;585;491;374;226;1592;1702;390;367;85;210;210;132;13516;15336;2092;2436;1522;1311;468;390;171;179;62;46;15;7;31;23;23;15;78;101;85;78;117;101;117;101;17046;13391;1881;1663;17092;21262;1983;1827;1468;2280;5778;3841;359;281;2373;2233;187;140;93;85;7;7;7;7;577;609;62;39;70;203;726;593;39;70;242;195;93;109;46;39;93;23;132;109;78;70;117;109;117;85;62;39;39;54;46;54;195;242;156;109;85;62;101;101;93;85;85;93;70;
562;406;1850;1991;226;327;609;718;1264;905;273;171;117;117;46;156;15;85;15;15;78;101;226;226;109;85;117;109;70;62;39;54;23;23;109;117;78;70;101;210;70;0;93;117;62;39;85;78;109;78;93;78;109;109;39;62;85;70;46;93;70;62;62;85;109;117;54;101;101;93;93;101;39;39;78;85;2444;5122;7425;5762;4029;3841;960;897;218;195;203;187;39;46;85;46;85;70;109;101;101;101;70;85;85;93;31;46;31;23;70;70;70;78;7;0;62;46;0;15;23;7;7;0;31;31;952;991;179;249;554;585;31;0;78;109;281;257;624;585;952;921;523;476;187;93;23;7;31;15;117;31;874;718;54;31;2077;2209;23;31;249;429;195;148;15070;19131;2498;2209;1686;1389;882;866;242;249;218;218;39;23;406;374;0;46;31;70;46;78;93;93;23;234;15554;11751;1756;1546;17725;21621;1897;1499;944;1093;3724;2490;327;398;1577;1608;124;62;101;117;23;31;39;39;93;109;70;93;93;54;109;109;62;39;39;7;62;70;31;39;15;46;124;85;7;7;109;101;15;7;7;15;85;101;46;31;85;101;117;109;93;93;109;117;31;31;54;62;109;
726;585;2373;2467;460;585;757;827;1530;1132;281;163;117;117;0;234;62;109;46;54;70;85;234;249;117;117;117;101;117;78;109;117;109;117;93;101;7;23;304;406;93;62;93;101;46;31;23;23;54;54;101;93;93;101;93;85;109;101;70;70;54;46;85;93;46;31;23;15;31;23;70;70;54;46;39;70;3100;8050;4708;3092;2186;2077;788;734;39;23;93;93;7;0;101;117;62;54;93;101;78;62;31;46;117;117;62;62;78;85;0;23;31;46;23;31;46;62;39;31;0;23;23;46;109;101;577;523;234;273;195;163;117;117;23;15;437;367;726;687;999;944;507;460;304;265;70;62;203;249;0;203;616;507;249;156;1842;1858;148;101;210;359;85;78;8995;11033;1272;1085;327;273;23;7;117;101;117;117;39;39;70;78;109;117;101;93;23;15;39;23;109;31;19654;16132;1413;1233;19013;22879;3326;2295;882;804;3388;2342;281;273;1405;1499;140;78;70;78;117;109;85;46;23;7;78;85;62;117;7;15;23;23;62;62;117;109;23;0;23;54;171;156;54;46;46;46;54;54;54;54;39;54;46;23;0;15;109;117;109;93;117;117;85;93;54;54;15;
538;374;1842;1920;210;304;624;718;1249;897;257;171;109;85;31;257;46;93;54;46;7;7;210;195;93;78;85;78;15;23;93;101;78;78;54;62;117;109;7;54;7;39;7;62;70;54;0;15;54;62;23;15;62;62;46;70;62;93;93;85;117;109;39;39;93;93;85;62;70;54;39;31;31;31;46;46;6973;10986;6028;3529;2701;2365;351;281;23;23;15;7;70;54;46;62;93;85;101;117;93;109;70;78;46;39;46;62;15;23;23;15;15;7;23;39;62;23;78;101;23;0;0;7;7;23;54;15;538;476;304;249;117;101;117;101;445;382;694;655;991;976;491;429;226;226;140;117;93;117;93;23;897;663;31;7;1827;1889;359;359;171;234;437;413;1772;2303;968;858;702;624;54;62;7;23;85;93;117;109;117;117;54;31;46;54;109;93;39;39;109;54;17655;13961;1155;999;18701;22254;3740;2920;796;827;3326;2436;273;218;913;890;15;46;117;117;109;85;0;15;70;62;62;85;70;62;85;93;101;85;109;117;31;23;85;93;132;163;132;117;46;54;195;203;70;54;23;15;62;70;7;15;101;101;109;101;54;31;23;39;7;0;39;46;39;
913;718;2358;2561;296;452;655;718;1546;1147;327;218;101;117;62;132;70;117;0;23;23;0;203;210;117;109;117;117;39;31;85;85;101;78;109;101;124;109;31;70;78;78;85;70;54;46;7;7;70;85;109;117;85;78;62;70;117;93;101;93;85;78;85;78;78;78;70;78;117;117;78;70;78;78;54;39;6410;9143;3638;3513;2350;1795;242;195;31;46;93;93;85;109;85;101;93;70;93;101;93;109;101;109;46;31;70;70;93;109;15;7;7;7;7;7;31;23;39;23;31;46;23;23;31;54;54;31;327;281;54;85;54;46;31;31;429;374;749;694;968;937;538;499;296;281;156;124;93;93;101;7;804;679;476;429;991;1218;218;163;78;85;124;85;2701;2803;1140;1007;140;101;85;62;62;70;93;101;85;109;85;78;0;15;70;78;78;54;101;117;23;23;18490;14805;1468;1288;15578;19779;3427;2936;905;827;3709;2772;327;281;788;788;117;101;101;101;78;54;39;31;62;54;15;0;46;70;117;109;39;31;46;78;46;54;101;101;101;156;171;156;46;54;117;117;46;39;15;7;62;85;39;15;15;23;7;15;101;93;23;39;46;70;31;46;46;
585;413;1881;2053;249;343;765;897;1311;952;312;179;109;93;23;218;31;78;31;39;39;39;203;203;109;117;93;85;78;54;70;62;78;109;70;85;78;62;15;7;54;78;85;78;93;78;78;93;109;117;101;101;31;46;109;117;109;109;101;117;62;78;31;46;109;85;23;7;46;46;54;46;15;15;85;54;5426;7558;1553;1553;944;835;156;93;93;109;109;117;93;101;46;54;31;54;78;101;15;31;62;62;109;117;101;109;46;39;78;78;23;23;15;31;0;15;46;31;15;39;7;7;7;0;46;23;39;0;85;85;31;7;46;62;413;335;663;632;897;890;530;499;312;296;140;132;78;101;109;140;726;585;85;15;921;1124;195;148;109;140;124;93;2194;1756;484;398;15;15;23;70;62;78;78;78;31;46;93;85;78;62;70;54;70;70;109;109;70;109;13485;10783;1140;937;11720;15460;2733;2311;827;1030;2280;1819;257;187;452;413;0;31;78;109;54;46;23;7;23;15;15;15;54;54;15;7;23;15;46;62;54;31;23;7;54;85;140;109;78;70;124;148;124;93;54;46;140;171;78;62;0;0;23;31;70;62;117;117;31;39;78;70;46;
788;655;2170;2420;452;538;788;866;1389;1030;304;171;85;109;78;257;23;70;54;46;0;15;148;163;93;101;85;85;109;93;70;46;117;109;78;70;70;62;62;31;78;93;70;93;93;93;93;70;109;117;109;101;93;117;62;70;85;78;46;54;31;23;54;54;78;62;0;0;54;62;62;54;109;117;101;101;2787;4591;1655;1397;616;507;46;15;85;70;46;46;31;46;39;39;62;54;101;109;62;93;93;93;93;109;70;62;46;62;23;23;62;62;62;70;7;7;7;23;7;7;78;62;7;0;46;70;101;85;117;117;54;31;46;31;468;421;749;734;968;937;499;460;320;296;23;15;62;62;70;101;210;171;15;23;367;406;54;7;117;117;54;39;983;796;156;101;101;117;109;117;54;62;31;54;109;93;54;70;46;39;85;85;117;93;70;62;93;491;5645;4989;968;921;5364;7261;1835;1491;359;343;1155;960;62;7;31;31;117;117;46;46;7;31;31;23;31;23;0;0;23;0;70;70;7;7;70;78;31;23;46;46;54;93;179;179;70;54;163;163;109;101;39;31;62;85;7;0;15;31;39;54;117;117;109;109;39;54;39;31;46;
491;343;1491;1592;234;304;812;913;1077;835;242;109;109;117;171;382;15;70;46;62;54;54;117;117;117;93;109;93;46;39;46;39;39;39;109;109;85;70;85;62;7;23;109;93;101;101;101;85;70;85;39;31;117;117;78;70;31;23;78;62;78;78;78;85;117;101;54;39;70;62;54;70;54;39;101;117;1171;1475;1335;1233;257;195;101;117;78;78;62;70;93;109;70;78;101;78;62;70;54;62;101;117;39;23;54;78;39;39;7;0;15;15;62;46;15;0;93;109;62;46;0;0;7;7;31;23;62;62;101;117;7;7;39;31;499;429;757;726;960;944;437;398;210;179;93;85;23;23;54;109;101;101;109;101;23;62;78;7;70;70;117;101;398;382;7;23;62;62;39;70;78;85;62;62;39;46;85;70;23;15;101;85;39;62;46;46;117;249;1889;1756;585;538;1741;1936;2311;1717;320;234;101;109;39;62;70;54;62;54;0;15;7;7;70;70;0;23;62;70;31;23;85;93;23;23;0;7;70;54;124;124;62;93;195;171;70;62;140;148;132;117;7;7;54;78;46;39;31;39;15;15;93;78;46;54;85;78;15;23;15;
671;523;2006;2155;398;507;655;710;1264;913;288;179;93;117;23;226;15;70;54;62;23;15;148;156;109;117;109;117;39;46;70;70;31;39;101;54;54;7;78;78;218;163;101;93;101;93;242;226;101;93;78;171;54;62;101;101;70;101;54;46;93;109;93;85;62;54;62;46;70;70;62;70;62;46;117;109;85;109;819;843;85;31;117;101;54;62;117;101;31;46;23;54;54;46;54;54;54;54;70;78;23;54;85;78;85;85;46;62;46;54;7;7;7;15;39;23;15;7;46;62;23;39;7;7;93;101;109;101;31;23;31;0;476;413;718;687;968;921;507;452;288;249;140;140;23;15;70;132;70;109;23;39;85;62;23;7;78;70;62;78;78;46;109;109;93;78;62;62;39;70;85;93;78;93;31;54;109;101;62;54;85;85;85;78;93;117;952;1530;765;663;694;718;1819;1561;327;320;62;39;46;62;101;85;93;93;23;23;15;23;54;23;70;46;0;15;7;0;15;7;23;15;23;0;39;31;78;85;85;85;132;117;78;93;171;171;93;93;31;31;54;85;39;46;70;85;7;7;70;54;78;78;46;46;85;85;62;
773;616;1795;2038;218;351;773;882;1108;897;210;101;117;101;93;273;15;23;31;46;7;15;171;187;109;93;93;101;15;23;70;70;23;7;54;31;23;23;78;85;163;124;117;109;109;93;156;109;93;85;54;117;85;93;101;117;101;85;39;39;109;117;70;62;85;78;78;46;78;85;78;85;46;54;109;93;7;46;171;234;39;62;85;93;117;117;85;78;23;54;62;93;39;54;46;54;46;46;39;46;46;39;85;78;31;31;39;39;31;39;23;7;7;7;62;54;78;62;7;0;46;46;54;54;15;7;93;78;7;15;0;15;476;406;734;710;976;921;484;445;218;195;101;85;54;46;124;187;54;31;78;93;54;39;117;101;39;23;93;109;70;78;62;62;93;109;93;78;0;15;78;70;23;23;117;117;78;62;85;85;23;46;85;101;109;93;452;663;421;398;226;179;538;468;242;226;31;62;109;101;109;78;15;46;0;7;46;39;31;15;70;46;31;62;15;23;0;23;23;39;15;0;7;31;15;15;132;171;218;195;93;93;148;156;46;7;31;39;93;124;78;62;7;7;15;7;39;46;117;109;39;46;15;23;46;
679;593;2069;2045;203;288;570;632;1241;812;249;156;93;109;46;62;93;117;0;15;31;39;93;109;70;70;109;101;101;93;46;54;23;15;85;93;109;117;109;109;62;93;117;101;117;109;78;85;46;54;85;70;117;109;62;62;70;54;62;54;101;101;78;93;109;109;101;85;117;93;101;117;70;54;54;46;31;39;281;257;15;46;54;85;85;93;109;101;54;70;93;85;78;85;85;93;93;70;0;7;78;93;7;7;39;46;39;39;7;15;23;46;31;23;70;85;15;15;62;62;62;31;39;54;46;54;62;46;54;46;109;101;429;359;726;679;952;905;343;304;234;210;78;23;62;70;179;226;54;39;85;93;0;7;109;85;78;70;101;93;109;109;31;39;85;93;62;62;117;109;70;70;62;78;78;85;54;46;31;31;78;85;117;117;46;62;70;85;968;804;132;109;960;1233;530;437;93;93;7;15;54;46;15;7;15;31;62;62;39;31;109;93;117;117;7;7;62;70;46;31;15;23;46;46;101;109;109;148;210;195;70;62;171;187;7;0;15;7;31;70;85;62;7;7;39;39;85;117;78;78;0;39;7;7;31;
1030;937;2405;2451;335;437;609;726;1444;1022;320;218;62;85;78;70;85;109;7;0;78;85;226;242;93;85;109;109;54;54;70;54;85;78;93;101;70;78;46;70;70;54;46;62;62;54;15;23;101;93;101;93;109;117;117;117;78;101;117;117;85;78;54;62;78;62;39;46;39;46;70;54;62;78;54;39;382;398;468;398;31;23;78;101;70;85;54;39;46;78;54;54;23;54;39;54;31;31;70;54;70;70;54;62;78;78;15;39;7;0;15;39;7;7;54;39;46;23;46;54;39;23;78;78;39;39;23;23;31;39;23;15;390;320;741;710;952;913;452;413;249;226;109;78;31;23;140;179;23;23;23;46;101;93;31;39;0;7;117;101;15;7;101;70;117;109;46;54;70;78;7;15;78;109;101;117;109;101;62;54;85;101;109;117;101;93;78;70;3865;3068;335;296;1155;1616;452;390;421;374;187;148;85;109;101;109;85;101;109;101;15;23;78;46;31;31;31;39;31;23;0;15;7;7;117;109;39;39;85;124;132;101;7;0;109;117;54;70;70;39;39;62;62;78;78;62;23;0;109;109;78;101;62;62;46;54;78;
663;554;1803;1756;195;234;640;749;1022;726;195;101;117;101;15;109;78;109;70;70;0;7;140;148;117;117;85;93;109;85;23;46;7;0;101;101;39;39;78;78;117;85;39;31;54;70;15;39;85;109;117;78;117;109;93;78;46;31;70;62;70;54;46;62;54;62;54;39;78;85;62;85;101;117;117;109;226;218;288;242;7;7;117;117;93;93;31;39;78;70;70;70;62;101;62;78;78;85;117;109;62;54;78;78;54;39;0;7;23;23;54;54;0;23;15;23;7;0;7;7;31;54;15;7;54;85;31;7;7;7;23;23;460;382;741;710;983;968;484;460;281;257;101;85;54;46;85;124;85;78;163;163;85;78;78;101;78;85;93;101;31;46;54;15;31;54;78;78;70;117;117;117;117;93;93;93;7;23;109;117;62;70;101;101;101;117;62;85;2834;2811;1382;1163;312;281;2139;1678;796;734;132;117;93;46;117;101;54;46;15;0;85;85;117;70;23;31;7;23;23;39;39;23;46;46;93;101;93;78;54;101;156;148;78;70;156;163;70;62;70;54;93;109;39;31;15;7;62;62;109;117;85;70;109;101;78;70;78;
929;780;1444;1147;398;460;655;726;609;476;101;31;7;7;171;327;7;54;15;23;23;0;117;109;117;109;109;109;85;101;78;78;7;23;15;39;101;93;70;62;93;85;31;23;31;46;78;101;54;54;78;85;93;109;93;85;78;54;62;46;54;78;54;62;117;109;15;7;7;7;93;93;117;93;117;101;39;23;46;70;85;101;54;54;39;39;54;54;23;54;46;46;0;0;101;117;85;101;93;93;109;109;117;117;78;109;0;15;0;7;7;15;15;0;46;46;46;54;39;54;7;0;46;46;7;23;39;23;23;15;15;23;507;445;718;702;991;976;460;413;296;257;101;78;7;7;93;156;23;15;15;7;7;39;70;78;78;78;62;39;101;93;78;70;85;93;101;93;101;101;93;109;54;70;70;46;109;93;101;109;117;109;93;109;78;117;54;54;1382;2459;1538;1225;359;367;1530;1327;546;530;249;218;78;62;78;85;101;93;85;70;62;54;46;7;46;54;0;7;54;54;78;85;7;7;62;78;31;23;109;163;187;163;124;101;117;132;117;101;46;39;54;70;23;15;78;117;7;7;78;101;85;117;54;62;7;7;54;
# More details:
#timestamp:20161217-222737
#originalfilename:20161217-222737.data
#lines:60
#length:255
#frequency:unknown-feather
#piezofrequency:3500000
#angle:60
#image:2
#anglestep:1
#user:kelu124
#module:croaker-feather
# 
# Data file created: from the echomods project 
# Original log files: 20161217-222737.data
# See the tools at: https://github.com/kelu124/echomods/tree/master/croaker/data/20161217/
# 
