[
    {
        "client_msg_id": "d00edafd-372f-483f-9caf-736e61e4f880",
        "type": "message",
        "text": "<@U5M5PLH9S> Do you think there is any way with these USB probes to access low level functionality, like sending and receiving pulses from individual transducers? I mean for the photo-acoustic stuff I basically want to turn the transmitter part of the probe off and I want to generate the excitation pulses externally with a laser diode and just use the ultrasound wand as a receiver.",
        "user": "U028M4FEK8Q",
        "ts": "1626654935.011100",
        "team": "T5M5PLH8U",
        "user_team": "T5M5PLH8U",
        "source_team": "T5M5PLH8U",
        "user_profile": {
            "avatar_hash": "g3eb78d4d73a",
            "image_72": "https:\/\/secure.gravatar.com\/avatar\/3eb78d4d73a2c15ce0739e7ba141f66c.jpg?s=72&d=https%3A%2F%2Fa.slack-edge.com%2Fdf10d%2Fimg%2Favatars%2Fava_0008-72.png",
            "first_name": "",
            "real_name": "Jesse Adamson",
            "display_name": "Jesse Adamson",
            "team": "T5M5PLH8U",
            "name": "adamsonjesse",
            "is_restricted": false,
            "is_ultra_restricted": false
        },
        "blocks": [
            {
                "type": "rich_text",
                "block_id": "dhr",
                "elements": [
                    {
                        "type": "rich_text_section",
                        "elements": [
                            {
                                "type": "user",
                                "user_id": "U5M5PLH9S"
                            },
                            {
                                "type": "text",
                                "text": " Do you think there is any way with these USB probes to access low level functionality, like sending and receiving pulses from individual transducers? I mean for the photo-acoustic stuff I basically want to turn the transmitter part of the probe off and I want to generate the excitation pulses externally with a laser diode and just use the ultrasound wand as a receiver."
                            }
                        ]
                    }
                ]
            }
        ],
        "thread_ts": "1626654935.011100",
        "reply_count": 5,
        "reply_users_count": 2,
        "latest_reply": "1626765592.013300",
        "reply_users": [
            "U5M5PLH9S",
            "U028M4FEK8Q"
        ],
        "replies": [
            {
                "user": "U5M5PLH9S",
                "ts": "1626685378.011900"
            },
            {
                "user": "U5M5PLH9S",
                "ts": "1626685401.012100"
            },
            {
                "user": "U5M5PLH9S",
                "ts": "1626685425.012300"
            },
            {
                "user": "U028M4FEK8Q",
                "ts": "1626710482.013100"
            },
            {
                "user": "U5M5PLH9S",
                "ts": "1626765592.013300"
            }
        ],
        "is_locked": false,
        "subscribed": true,
        "last_read": "1626765592.013300"
    },
    {
        "client_msg_id": "975a77ad-111c-4f26-9610-7dafa19399ba",
        "type": "message",
        "text": "Also I think this butterfly IQ is pretty interesting, have you looked into it at all?",
        "user": "U028M4FEK8Q",
        "ts": "1626658114.011500",
        "team": "T5M5PLH8U",
        "user_team": "T5M5PLH8U",
        "source_team": "T5M5PLH8U",
        "user_profile": {
            "avatar_hash": "g3eb78d4d73a",
            "image_72": "https:\/\/secure.gravatar.com\/avatar\/3eb78d4d73a2c15ce0739e7ba141f66c.jpg?s=72&d=https%3A%2F%2Fa.slack-edge.com%2Fdf10d%2Fimg%2Favatars%2Fava_0008-72.png",
            "first_name": "",
            "real_name": "Jesse Adamson",
            "display_name": "Jesse Adamson",
            "team": "T5M5PLH8U",
            "name": "adamsonjesse",
            "is_restricted": false,
            "is_ultra_restricted": false
        },
        "blocks": [
            {
                "type": "rich_text",
                "block_id": "+ImH7",
                "elements": [
                    {
                        "type": "rich_text_section",
                        "elements": [
                            {
                                "type": "text",
                                "text": "Also I think this butterfly IQ is pretty interesting, have you looked into it at all?"
                            }
                        ]
                    }
                ]
            }
        ],
        "thread_ts": "1626658114.011500",
        "reply_count": 4,
        "reply_users_count": 2,
        "latest_reply": "1626765620.013500",
        "reply_users": [
            "U5M5PLH9S",
            "U028M4FEK8Q"
        ],
        "replies": [
            {
                "user": "U5M5PLH9S",
                "ts": "1626685565.012500"
            },
            {
                "user": "U5M5PLH9S",
                "ts": "1626685642.012700"
            },
            {
                "user": "U028M4FEK8Q",
                "ts": "1626710314.012900"
            },
            {
                "user": "U5M5PLH9S",
                "ts": "1626765620.013500"
            }
        ],
        "is_locked": false,
        "subscribed": true,
        "last_read": "1626765620.013500"
    },
    {
        "client_msg_id": "9ae22b2c-f21c-46b6-b3bb-992c56b0a926",
        "type": "message",
        "text": "<https:\/\/www.butterflynetwork.com\/basic>",
        "user": "U028M4FEK8Q",
        "ts": "1626658115.011700",
        "team": "T5M5PLH8U",
        "user_team": "T5M5PLH8U",
        "source_team": "T5M5PLH8U",
        "user_profile": {
            "avatar_hash": "g3eb78d4d73a",
            "image_72": "https:\/\/secure.gravatar.com\/avatar\/3eb78d4d73a2c15ce0739e7ba141f66c.jpg?s=72&d=https%3A%2F%2Fa.slack-edge.com%2Fdf10d%2Fimg%2Favatars%2Fava_0008-72.png",
            "first_name": "",
            "real_name": "Jesse Adamson",
            "display_name": "Jesse Adamson",
            "team": "T5M5PLH8U",
            "name": "adamsonjesse",
            "is_restricted": false,
            "is_ultra_restricted": false
        },
        "attachments": [
            {
                "title": "Basic Membership - Butterfly iQ+",
                "title_link": "https:\/\/www.butterflynetwork.com\/basic",
                "text": "Get started with Butterfly iQ+, the world’s first single-probe, whole-body ultrasound system with a Basic membership for only $2k. No annual commitment.",
                "fallback": "Basic Membership - Butterfly iQ+",
                "image_url": "https:\/\/assets-global.website-files.com\/5a0cbe08f1138d000147a9d4\/5e5fdc9e06075b45190061e1_OG_BASIC.jpg",
                "from_url": "https:\/\/www.butterflynetwork.com\/basic",
                "image_width": 476,
                "image_height": 250,
                "image_bytes": 67220,
                "service_name": "butterflynetwork.com",
                "id": 1,
                "original_url": "https:\/\/www.butterflynetwork.com\/basic"
            }
        ],
        "blocks": [
            {
                "type": "rich_text",
                "block_id": "Uho",
                "elements": [
                    {
                        "type": "rich_text_section",
                        "elements": [
                            {
                                "type": "link",
                                "url": "https:\/\/www.butterflynetwork.com\/basic"
                            }
                        ]
                    }
                ]
            }
        ]
    }
]