[
    {
        "type": "message",
        "subtype": "channel_join",
        "ts": "1622023931.002200",
        "user": "U022UQHMNAG",
        "text": "<@U022UQHMNAG> has joined the channel",
        "inviter": "U5M5PLH9S"
    },
    {
        "type": "message",
        "subtype": "channel_join",
        "ts": "1622023931.002400",
        "user": "UFPCMHBA6",
        "text": "<@UFPCMHBA6> has joined the channel",
        "inviter": "U5M5PLH9S"
    },
    {
        "type": "message",
        "subtype": "channel_join",
        "ts": "1622023931.002600",
        "user": "U021X7M2L81",
        "text": "<@U021X7M2L81> has joined the channel",
        "inviter": "U5M5PLH9S"
    },
    {
        "type": "message",
        "text": "Some progress!",
        "user": "U5M5PLH9S",
        "ts": "1622023966.002800",
        "team": "T5M5PLH8U",
        "user_team": "T5M5PLH8U",
        "source_team": "T5M5PLH8U",
        "user_profile": {
            "avatar_hash": "e4fb6ae9f526",
            "image_72": "https:\/\/avatars.slack-edge.com\/2017-06-01\/191144530514_e4fb6ae9f526531fd41c_72.jpg",
            "first_name": "",
            "real_name": "kelu",
            "display_name": "",
            "team": "T5M5PLH8U",
            "name": "kelu",
            "is_restricted": false,
            "is_ultra_restricted": false
        },
        "attachments": [
            {
                "fallback": "[May 26th, 2021 12:12 PM] kelu: Doing some progress on the mobisanté\/interson probe, image is a bot wobbly, i haven't applied scan conversion yet.. but we're getting close enough :smiley: (more to be posted in <#C020G5M9UKV|usb_probes> )",
                "ts": "1622023955.000700",
                "author_id": "U5M5PLH9S",
                "author_subname": "kelu",
                "channel_id": "C5M71F0DT",
                "channel_name": "general",
                "is_msg_unfurl": true,
                "text": "Doing some progress on the mobisanté\/interson probe, image is a bot wobbly, i haven't applied scan conversion yet.. but we're getting close enough :smiley: (more to be posted in <#C020G5M9UKV|usb_probes> )",
                "author_name": "kelu",
                "author_link": "https:\/\/usdevkit.slack.com\/team\/U5M5PLH9S",
                "author_icon": "https:\/\/avatars.slack-edge.com\/2017-06-01\/191144530514_e4fb6ae9f526531fd41c_48.jpg",
                "mrkdwn_in": [
                    "text"
                ],
                "files": [
                    {
                        "id": "F0237492ZC4",
                        "created": 1621975295,
                        "timestamp": 1621975295,
                        "name": "loop.gif",
                        "title": "loop.gif",
                        "mimetype": "image\/gif",
                        "filetype": "gif",
                        "pretty_type": "GIF",
                        "user": "U5M5PLH9S",
                        "editable": false,
                        "size": 4554287,
                        "mode": "hosted",
                        "is_external": false,
                        "external_type": "",
                        "is_public": true,
                        "public_url_shared": false,
                        "display_as_bot": false,
                        "username": "",
                        "url_private": "https:\/\/files.slack.com\/files-pri\/T5M5PLH8U-F0237492ZC4\/loop.gif",
                        "url_private_download": "https:\/\/files.slack.com\/files-pri\/T5M5PLH8U-F0237492ZC4\/download\/loop.gif",
                        "thumb_64": "https:\/\/files.slack.com\/files-tmb\/T5M5PLH8U-F0237492ZC4-6f8a280467\/loop_64.png",
                        "thumb_80": "https:\/\/files.slack.com\/files-tmb\/T5M5PLH8U-F0237492ZC4-6f8a280467\/loop_80.png",
                        "thumb_360": "https:\/\/files.slack.com\/files-tmb\/T5M5PLH8U-F0237492ZC4-6f8a280467\/loop_360.png",
                        "thumb_360_w": 360,
                        "thumb_360_h": 360,
                        "thumb_480": "https:\/\/files.slack.com\/files-tmb\/T5M5PLH8U-F0237492ZC4-6f8a280467\/loop_480.png",
                        "thumb_480_w": 480,
                        "thumb_480_h": 480,
                        "thumb_160": "https:\/\/files.slack.com\/files-tmb\/T5M5PLH8U-F0237492ZC4-6f8a280467\/loop_160.png",
                        "thumb_720": "https:\/\/files.slack.com\/files-tmb\/T5M5PLH8U-F0237492ZC4-6f8a280467\/loop_720.png",
                        "thumb_720_w": 720,
                        "thumb_720_h": 720,
                        "thumb_800": "https:\/\/files.slack.com\/files-tmb\/T5M5PLH8U-F0237492ZC4-6f8a280467\/loop_800.png",
                        "thumb_800_w": 800,
                        "thumb_800_h": 800,
                        "thumb_960": "https:\/\/files.slack.com\/files-tmb\/T5M5PLH8U-F0237492ZC4-6f8a280467\/loop_960.png",
                        "thumb_960_w": 960,
                        "thumb_960_h": 960,
                        "thumb_1024": "https:\/\/files.slack.com\/files-tmb\/T5M5PLH8U-F0237492ZC4-6f8a280467\/loop_1024.png",
                        "thumb_1024_w": 1024,
                        "thumb_1024_h": 1024,
                        "thumb_360_gif": "https:\/\/files.slack.com\/files-tmb\/T5M5PLH8U-F0237492ZC4-6f8a280467\/loop_360.gif",
                        "thumb_480_gif": "https:\/\/files.slack.com\/files-tmb\/T5M5PLH8U-F0237492ZC4-6f8a280467\/loop_480.gif",
                        "original_w": 1080,
                        "original_h": 1080,
                        "deanimate": "https:\/\/files.slack.com\/files-tmb\/T5M5PLH8U-F0237492ZC4-6f8a280467\/loop_deanimate.png",
                        "deanimate_gif": "https:\/\/files.slack.com\/files-tmb\/T5M5PLH8U-F0237492ZC4-6f8a280467\/loop_deanimate_gif.png",
                        "thumb_tiny": "AwAwADDSZgoyTgU3zo\/7wpLg4hYmqJlA9KYF\/wA5P71Hmp61nrOCccD\/AIDmhrgZwSv4rRYRoean96nKwYfKc1miZe1XLR96MfegAvf+PV8HHT+dZROOprVvji0c\/T+dY5bPShDJoymQCM\/jinStHvIAwB0wc0xC5fKpj6CmTKyud680CFPPQ5rQ00Yhf\/e\/pWWshQ9q1NMcvC5P97+lAyS\/\/wCPR8+386xwV3cr+tb0kayoUcZU9qg\/s+2\/55\/+PGkBmhtr+lNkkBfk59q1fsNv\/cP\/AH0aQ2Fsf+Wf\/jxp3AxiVPatTSseQ+P739Kk\/s+2\/wCef\/jxqaGCOBSsa4BOetID\/9k=",
                        "permalink": "https:\/\/usdevkit.slack.com\/files\/U5M5PLH9S\/F0237492ZC4\/loop.gif",
                        "permalink_public": "https:\/\/slack-files.com\/T5M5PLH8U-F0237492ZC4-185892c06c",
                        "is_starred": false,
                        "has_rich_preview": false
                    }
                ],
                "color": "D0D0D0",
                "from_url": "https:\/\/usdevkit.slack.com\/archives\/C5M71F0DT\/p1622023955000700",
                "is_share": true,
                "footer": "Posted in #general"
            }
        ],
        "blocks": [
            {
                "type": "rich_text",
                "block_id": "vfgz",
                "elements": [
                    {
                        "type": "rich_text_section",
                        "elements": [
                            {
                                "type": "text",
                                "text": "Some progress!"
                            }
                        ]
                    }
                ]
            }
        ]
    },
    {
        "type": "message",
        "subtype": "channel_join",
        "ts": "1622094235.003300",
        "user": "U8Z3VB1T2",
        "text": "<@U8Z3VB1T2> has joined the channel"
    }
]