[
    {
        "type": "message",
        "subtype": "channel_join",
        "ts": "1626190582.000400",
        "user": "U028M4FEK8Q",
        "text": "<@U028M4FEK8Q> has joined the channel"
    },
    {
        "client_msg_id": "c034adbd-a0bf-40cb-9855-b6dcb2aff80b",
        "type": "message",
        "text": "wha'ts up with these super cheap wireless probes? are they total trash? <https:\/\/www.alibaba.com\/product-detail\/2021-hot-selling-USB-WIFI-wireless_1600214088785.html?spm=a2700.galleryofferlist.normal_offer.d_title.211453fdQ31KtZ|https:\/\/www.alibaba.com\/product-detail\/2021-hot-selling-USB-WIFI-wireless_1600214088[…]pm=a2700.galleryofferlist.normal_offer.d_title.211453fdQ31KtZ>",
        "user": "U028M4FEK8Q",
        "ts": "1626191733.000800",
        "team": "T5M5PLH8U",
        "user_team": "T5M5PLH8U",
        "source_team": "T5M5PLH8U",
        "user_profile": {
            "avatar_hash": "g3eb78d4d73a",
            "image_72": "https:\/\/secure.gravatar.com\/avatar\/3eb78d4d73a2c15ce0739e7ba141f66c.jpg?s=72&d=https%3A%2F%2Fa.slack-edge.com%2Fdf10d%2Fimg%2Favatars%2Fava_0008-72.png",
            "first_name": "",
            "real_name": "Jesse Adamson",
            "display_name": "Jesse Adamson",
            "team": "T5M5PLH8U",
            "name": "adamsonjesse",
            "is_restricted": false,
            "is_ultra_restricted": false
        },
        "attachments": [
            {
                "title": "2021 Hot Selling Usb Wifi Wireless Ultrasound Probe Portable Color Doppler Ultrasound Probe From Factory Price - Buy Ultrasound Probe,Probe Ultrasound,Wireless Ultrasound Probe Product on Alibaba.com",
                "title_link": "https:\/\/www.alibaba.com\/product-detail\/2021-hot-selling-USB-WIFI-wireless_1600214088785.html?spm=a2700.galleryofferlist.normal_offer.d_title.211453fdQ31KtZ",
                "text": "2021 Hot Selling Usb Wifi Wireless Ultrasound Probe Portable Color Doppler Ultrasound Probe From Factory Price - Buy Ultrasound Probe,Probe Ultrasound,Wireless Ultrasound Probe Product on <http:\/\/Alibaba.com|Alibaba.com>",
                "fallback": "2021 Hot Selling Usb Wifi Wireless Ultrasound Probe Portable Color Doppler Ultrasound Probe From Factory Price - Buy Ultrasound Probe,Probe Ultrasound,Wireless Ultrasound Probe Product on Alibaba.com",
                "from_url": "https:\/\/www.alibaba.com\/product-detail\/2021-hot-selling-USB-WIFI-wireless_1600214088785.html?spm=a2700.galleryofferlist.normal_offer.d_title.211453fdQ31KtZ",
                "service_icon": "https:\/\/www.alibaba.com\/favicon.ico",
                "service_name": "alibaba.com",
                "id": 1,
                "original_url": "https:\/\/www.alibaba.com\/product-detail\/2021-hot-selling-USB-WIFI-wireless_1600214088785.html?spm=a2700.galleryofferlist.normal_offer.d_title.211453fdQ31KtZ"
            }
        ],
        "blocks": [
            {
                "type": "rich_text",
                "block_id": "07Tks",
                "elements": [
                    {
                        "type": "rich_text_section",
                        "elements": [
                            {
                                "type": "text",
                                "text": "wha'ts up with these super cheap wireless probes? are they total trash? "
                            },
                            {
                                "type": "link",
                                "url": "https:\/\/www.alibaba.com\/product-detail\/2021-hot-selling-USB-WIFI-wireless_1600214088785.html?spm=a2700.galleryofferlist.normal_offer.d_title.211453fdQ31KtZ",
                                "text": "https:\/\/www.alibaba.com\/product-detail\/2021-hot-selling-USB-WIFI-wireless_1600214088[…]pm=a2700.galleryofferlist.normal_offer.d_title.211453fdQ31KtZ"
                            }
                        ]
                    }
                ]
            }
        ]
    },
    {
        "client_msg_id": "31ea1e3d-21b7-419d-ba5f-0e57cea2b91e",
        "type": "message",
        "text": "Interesting find! I have not played with these, but it could be an interesting thing. Would you be able to get more details from the vendor ?",
        "user": "U5M5PLH9S",
        "ts": "1626191891.001600",
        "team": "T5M5PLH8U",
        "user_team": "T5M5PLH8U",
        "source_team": "T5M5PLH8U",
        "user_profile": {
            "avatar_hash": "e4fb6ae9f526",
            "image_72": "https:\/\/avatars.slack-edge.com\/2017-06-01\/191144530514_e4fb6ae9f526531fd41c_72.jpg",
            "first_name": "",
            "real_name": "kelu",
            "display_name": "",
            "team": "T5M5PLH8U",
            "name": "kelu",
            "is_restricted": false,
            "is_ultra_restricted": false
        },
        "blocks": [
            {
                "type": "rich_text",
                "block_id": "kTy2",
                "elements": [
                    {
                        "type": "rich_text_section",
                        "elements": [
                            {
                                "type": "text",
                                "text": "Interesting find! I have not played with these, but it could be an interesting thing. Would you be able to get more details from the vendor ?"
                            }
                        ]
                    }
                ]
            }
        ]
    },
    {
        "client_msg_id": "35c83a48-937c-4a4e-866d-50dcc8c0d804",
        "type": "message",
        "text": "I could look into it, have you tried any of the wifi ones or just usb?",
        "user": "U028M4FEK8Q",
        "ts": "1626191939.002100",
        "team": "T5M5PLH8U",
        "user_team": "T5M5PLH8U",
        "source_team": "T5M5PLH8U",
        "user_profile": {
            "avatar_hash": "g3eb78d4d73a",
            "image_72": "https:\/\/secure.gravatar.com\/avatar\/3eb78d4d73a2c15ce0739e7ba141f66c.jpg?s=72&d=https%3A%2F%2Fa.slack-edge.com%2Fdf10d%2Fimg%2Favatars%2Fava_0008-72.png",
            "first_name": "",
            "real_name": "Jesse Adamson",
            "display_name": "Jesse Adamson",
            "team": "T5M5PLH8U",
            "name": "adamsonjesse",
            "is_restricted": false,
            "is_ultra_restricted": false
        },
        "blocks": [
            {
                "type": "rich_text",
                "block_id": "3\/At6",
                "elements": [
                    {
                        "type": "rich_text_section",
                        "elements": [
                            {
                                "type": "text",
                                "text": "I could look into it, have you tried any of the wifi ones or just usb?"
                            }
                        ]
                    }
                ]
            }
        ]
    },
    {
        "client_msg_id": "a22752b1-9ab4-4ef4-9db3-6bbcdaf06f7a",
        "type": "message",
        "text": "Just usb. I tried early on wifi one (lemme find back the repo) but wireless is less easy to understand\/retroengineer",
        "user": "U5M5PLH9S",
        "ts": "1626192018.003300",
        "team": "T5M5PLH8U",
        "user_team": "T5M5PLH8U",
        "source_team": "T5M5PLH8U",
        "user_profile": {
            "avatar_hash": "e4fb6ae9f526",
            "image_72": "https:\/\/avatars.slack-edge.com\/2017-06-01\/191144530514_e4fb6ae9f526531fd41c_72.jpg",
            "first_name": "",
            "real_name": "kelu",
            "display_name": "",
            "team": "T5M5PLH8U",
            "name": "kelu",
            "is_restricted": false,
            "is_ultra_restricted": false
        },
        "blocks": [
            {
                "type": "rich_text",
                "block_id": "wQ40",
                "elements": [
                    {
                        "type": "rich_text_section",
                        "elements": [
                            {
                                "type": "text",
                                "text": "Just usb. I tried early on wifi one (lemme find back the repo) but wireless is less easy to understand\/retroengineer"
                            }
                        ]
                    }
                ]
            }
        ]
    },
    {
        "client_msg_id": "621e28ec-d55b-48f1-8b97-98e82d3cb925",
        "type": "message",
        "text": "Thats the one <https:\/\/github.com\/kelu124\/pyUProbe1|https:\/\/github.com\/kelu124\/pyUProbe1>",
        "user": "U5M5PLH9S",
        "ts": "1626192074.004100",
        "team": "T5M5PLH8U",
        "user_team": "T5M5PLH8U",
        "source_team": "T5M5PLH8U",
        "user_profile": {
            "avatar_hash": "e4fb6ae9f526",
            "image_72": "https:\/\/avatars.slack-edge.com\/2017-06-01\/191144530514_e4fb6ae9f526531fd41c_72.jpg",
            "first_name": "",
            "real_name": "kelu",
            "display_name": "",
            "team": "T5M5PLH8U",
            "name": "kelu",
            "is_restricted": false,
            "is_ultra_restricted": false
        },
        "blocks": [
            {
                "type": "rich_text",
                "block_id": "JEOsU",
                "elements": [
                    {
                        "type": "rich_text_section",
                        "elements": [
                            {
                                "type": "text",
                                "text": "Thats the one "
                            },
                            {
                                "type": "link",
                                "url": "https:\/\/github.com\/kelu124\/pyUProbe1",
                                "text": "https:\/\/github.com\/kelu124\/pyUProbe1"
                            }
                        ]
                    }
                ]
            }
        ]
    },
    {
        "client_msg_id": "57b77b25-af81-4fcb-abe3-d9c672fde8a6",
        "type": "message",
        "text": "yeah I should probably not make it hard on myself. Have you tried any besides these Healson ones you list on the github?",
        "user": "U028M4FEK8Q",
        "ts": "1626192104.004500",
        "team": "T5M5PLH8U",
        "user_team": "T5M5PLH8U",
        "source_team": "T5M5PLH8U",
        "user_profile": {
            "avatar_hash": "g3eb78d4d73a",
            "image_72": "https:\/\/secure.gravatar.com\/avatar\/3eb78d4d73a2c15ce0739e7ba141f66c.jpg?s=72&d=https%3A%2F%2Fa.slack-edge.com%2Fdf10d%2Fimg%2Favatars%2Fava_0008-72.png",
            "first_name": "",
            "real_name": "Jesse Adamson",
            "display_name": "Jesse Adamson",
            "team": "T5M5PLH8U",
            "name": "adamsonjesse",
            "is_restricted": false,
            "is_ultra_restricted": false
        },
        "blocks": [
            {
                "type": "rich_text",
                "block_id": "68dH",
                "elements": [
                    {
                        "type": "rich_text_section",
                        "elements": [
                            {
                                "type": "text",
                                "text": "yeah I should probably not make it hard on myself. Have you tried any besides these Healson ones you list on the github?"
                            }
                        ]
                    }
                ]
            }
        ]
    },
    {
        "client_msg_id": "3711a8e8-21d0-468e-8dd4-1995d5dd7bf1",
        "type": "message",
        "text": "oh nice!",
        "user": "U028M4FEK8Q",
        "ts": "1626192123.004700",
        "team": "T5M5PLH8U",
        "user_team": "T5M5PLH8U",
        "source_team": "T5M5PLH8U",
        "user_profile": {
            "avatar_hash": "g3eb78d4d73a",
            "image_72": "https:\/\/secure.gravatar.com\/avatar\/3eb78d4d73a2c15ce0739e7ba141f66c.jpg?s=72&d=https%3A%2F%2Fa.slack-edge.com%2Fdf10d%2Fimg%2Favatars%2Fava_0008-72.png",
            "first_name": "",
            "real_name": "Jesse Adamson",
            "display_name": "Jesse Adamson",
            "team": "T5M5PLH8U",
            "name": "adamsonjesse",
            "is_restricted": false,
            "is_ultra_restricted": false
        },
        "blocks": [
            {
                "type": "rich_text",
                "block_id": "FMa0",
                "elements": [
                    {
                        "type": "rich_text_section",
                        "elements": [
                            {
                                "type": "text",
                                "text": "oh nice!"
                            }
                        ]
                    }
                ]
            }
        ]
    },
    {
        "client_msg_id": "13f49cff-3578-4305-a767-8b0f32b3d2e6",
        "type": "message",
        "text": "Yeah healson on the repo, I have one bmv too (convex)",
        "user": "U5M5PLH9S",
        "ts": "1626192132.004800",
        "team": "T5M5PLH8U",
        "user_team": "T5M5PLH8U",
        "source_team": "T5M5PLH8U",
        "user_profile": {
            "avatar_hash": "e4fb6ae9f526",
            "image_72": "https:\/\/avatars.slack-edge.com\/2017-06-01\/191144530514_e4fb6ae9f526531fd41c_72.jpg",
            "first_name": "",
            "real_name": "kelu",
            "display_name": "",
            "team": "T5M5PLH8U",
            "name": "kelu",
            "is_restricted": false,
            "is_ultra_restricted": false
        },
        "blocks": [
            {
                "type": "rich_text",
                "block_id": "3pl",
                "elements": [
                    {
                        "type": "rich_text_section",
                        "elements": [
                            {
                                "type": "text",
                                "text": "Yeah healson on the repo, I have one bmv too (convex)"
                            }
                        ]
                    }
                ]
            }
        ]
    },
    {
        "client_msg_id": "b5aab940-9549-4160-9acf-7c1b5f9974ad",
        "type": "message",
        "text": "And I think I pushed something recently for the older mechanical\/usb one",
        "user": "U5M5PLH9S",
        "ts": "1626192151.005400",
        "team": "T5M5PLH8U",
        "user_team": "T5M5PLH8U",
        "source_team": "T5M5PLH8U",
        "user_profile": {
            "avatar_hash": "e4fb6ae9f526",
            "image_72": "https:\/\/avatars.slack-edge.com\/2017-06-01\/191144530514_e4fb6ae9f526531fd41c_72.jpg",
            "first_name": "",
            "real_name": "kelu",
            "display_name": "",
            "team": "T5M5PLH8U",
            "name": "kelu",
            "is_restricted": false,
            "is_ultra_restricted": false
        },
        "blocks": [
            {
                "type": "rich_text",
                "block_id": "y1va",
                "elements": [
                    {
                        "type": "rich_text_section",
                        "elements": [
                            {
                                "type": "text",
                                "text": "And I think I pushed something recently for the older mechanical\/usb one"
                            }
                        ]
                    }
                ]
            }
        ]
    },
    {
        "client_msg_id": "7a4fbcd9-4243-4d26-b30b-1bbad1c54424",
        "type": "message",
        "text": "Interson that was",
        "user": "U5M5PLH9S",
        "ts": "1626192191.005500",
        "team": "T5M5PLH8U",
        "user_team": "T5M5PLH8U",
        "source_team": "T5M5PLH8U",
        "user_profile": {
            "avatar_hash": "e4fb6ae9f526",
            "image_72": "https:\/\/avatars.slack-edge.com\/2017-06-01\/191144530514_e4fb6ae9f526531fd41c_72.jpg",
            "first_name": "",
            "real_name": "kelu",
            "display_name": "",
            "team": "T5M5PLH8U",
            "name": "kelu",
            "is_restricted": false,
            "is_ultra_restricted": false
        },
        "blocks": [
            {
                "type": "rich_text",
                "block_id": "ZDP2",
                "elements": [
                    {
                        "type": "rich_text_section",
                        "elements": [
                            {
                                "type": "text",
                                "text": "Interson that was"
                            }
                        ]
                    }
                ]
            }
        ]
    },
    {
        "client_msg_id": "924ab5bd-bbbe-4ab7-b6f6-9c4d44456d5c",
        "type": "message",
        "text": "it seems like there are just so many options on alibaba, like here's a one that looks a bit similar to the $2500 Healson for $1000",
        "user": "U028M4FEK8Q",
        "ts": "1626192295.006300",
        "team": "T5M5PLH8U",
        "user_team": "T5M5PLH8U",
        "source_team": "T5M5PLH8U",
        "user_profile": {
            "avatar_hash": "g3eb78d4d73a",
            "image_72": "https:\/\/secure.gravatar.com\/avatar\/3eb78d4d73a2c15ce0739e7ba141f66c.jpg?s=72&d=https%3A%2F%2Fa.slack-edge.com%2Fdf10d%2Fimg%2Favatars%2Fava_0008-72.png",
            "first_name": "",
            "real_name": "Jesse Adamson",
            "display_name": "Jesse Adamson",
            "team": "T5M5PLH8U",
            "name": "adamsonjesse",
            "is_restricted": false,
            "is_ultra_restricted": false
        },
        "blocks": [
            {
                "type": "rich_text",
                "block_id": "5nrkB",
                "elements": [
                    {
                        "type": "rich_text_section",
                        "elements": [
                            {
                                "type": "text",
                                "text": "it seems like there are just so many options on alibaba, like here's a one that looks a bit similar to the $2500 Healson for $1000"
                            }
                        ]
                    }
                ]
            }
        ]
    },
    {
        "client_msg_id": "9fc1e465-911e-4401-826d-2daf64dfbc6f",
        "type": "message",
        "text": "<https:\/\/www.alibaba.com\/product-detail\/Color-doppler-linear-probe-multifunctional-hospital_62317973339.html?spm=a2700.galleryofferlist.normal_offer.d_title.211453fdQ31KtZ|https:\/\/www.alibaba.com\/product-detail\/Color-doppler-linear-probe-multifunctional-ho[…]pm=a2700.galleryofferlist.normal_offer.d_title.211453fdQ31KtZ>",
        "user": "U028M4FEK8Q",
        "ts": "1626192295.006500",
        "team": "T5M5PLH8U",
        "user_team": "T5M5PLH8U",
        "source_team": "T5M5PLH8U",
        "user_profile": {
            "avatar_hash": "g3eb78d4d73a",
            "image_72": "https:\/\/secure.gravatar.com\/avatar\/3eb78d4d73a2c15ce0739e7ba141f66c.jpg?s=72&d=https%3A%2F%2Fa.slack-edge.com%2Fdf10d%2Fimg%2Favatars%2Fava_0008-72.png",
            "first_name": "",
            "real_name": "Jesse Adamson",
            "display_name": "Jesse Adamson",
            "team": "T5M5PLH8U",
            "name": "adamsonjesse",
            "is_restricted": false,
            "is_ultra_restricted": false
        },
        "attachments": [
            {
                "title": "Color Doppler Linear Probe\/ Multifunctional Hospital Usb Ultrasound Probe - Buy Color Doppler Linear Probe,Usb Ultrasound Probe,Ultrasound Probe For Laptop Computer Product on Alibaba.com",
                "title_link": "https:\/\/www.alibaba.com\/product-detail\/Color-doppler-linear-probe-multifunctional-hospital_62317973339.html?spm=a2700.galleryofferlist.normal_offer.d_title.211453fdQ31KtZ",
                "text": "Color Doppler Linear Probe\/ Multifunctional Hospital Usb Ultrasound Probe - Buy Color Doppler Linear Probe,Usb Ultrasound Probe,Ultrasound Probe For Laptop Computer Product on <http:\/\/Alibaba.com|Alibaba.com>",
                "fallback": "Color Doppler Linear Probe\/ Multifunctional Hospital Usb Ultrasound Probe - Buy Color Doppler Linear Probe,Usb Ultrasound Probe,Ultrasound Probe For Laptop Computer Product on Alibaba.com",
                "from_url": "https:\/\/www.alibaba.com\/product-detail\/Color-doppler-linear-probe-multifunctional-hospital_62317973339.html?spm=a2700.galleryofferlist.normal_offer.d_title.211453fdQ31KtZ",
                "service_icon": "https:\/\/www.alibaba.com\/favicon.ico",
                "service_name": "alibaba.com",
                "id": 1,
                "original_url": "https:\/\/www.alibaba.com\/product-detail\/Color-doppler-linear-probe-multifunctional-hospital_62317973339.html?spm=a2700.galleryofferlist.normal_offer.d_title.211453fdQ31KtZ"
            }
        ],
        "blocks": [
            {
                "type": "rich_text",
                "block_id": "2Qhf",
                "elements": [
                    {
                        "type": "rich_text_section",
                        "elements": [
                            {
                                "type": "link",
                                "url": "https:\/\/www.alibaba.com\/product-detail\/Color-doppler-linear-probe-multifunctional-hospital_62317973339.html?spm=a2700.galleryofferlist.normal_offer.d_title.211453fdQ31KtZ",
                                "text": "https:\/\/www.alibaba.com\/product-detail\/Color-doppler-linear-probe-multifunctional-ho[…]pm=a2700.galleryofferlist.normal_offer.d_title.211453fdQ31KtZ"
                            }
                        ]
                    }
                ]
            }
        ]
    },
    {
        "client_msg_id": "8b7e00b7-ea21-4a1c-93d4-eec969d63727",
        "type": "message",
        "text": "Worth trying :smiley:",
        "user": "U5M5PLH9S",
        "ts": "1626192384.006800",
        "team": "T5M5PLH8U",
        "user_team": "T5M5PLH8U",
        "source_team": "T5M5PLH8U",
        "user_profile": {
            "avatar_hash": "e4fb6ae9f526",
            "image_72": "https:\/\/avatars.slack-edge.com\/2017-06-01\/191144530514_e4fb6ae9f526531fd41c_72.jpg",
            "first_name": "",
            "real_name": "kelu",
            "display_name": "",
            "team": "T5M5PLH8U",
            "name": "kelu",
            "is_restricted": false,
            "is_ultra_restricted": false
        },
        "blocks": [
            {
                "type": "rich_text",
                "block_id": "DTle",
                "elements": [
                    {
                        "type": "rich_text_section",
                        "elements": [
                            {
                                "type": "text",
                                "text": "Worth trying "
                            },
                            {
                                "type": "emoji",
                                "name": "smiley"
                            }
                        ]
                    }
                ]
            }
        ]
    },
    {
        "client_msg_id": "3b131623-170b-4779-a436-b1b7d1ce8eea",
        "type": "message",
        "text": "If you can firm up prices, I'm interested to know and happy to support completing the API :wink:",
        "user": "U5M5PLH9S",
        "ts": "1626192480.007300",
        "team": "T5M5PLH8U",
        "user_team": "T5M5PLH8U",
        "source_team": "T5M5PLH8U",
        "user_profile": {
            "avatar_hash": "e4fb6ae9f526",
            "image_72": "https:\/\/avatars.slack-edge.com\/2017-06-01\/191144530514_e4fb6ae9f526531fd41c_72.jpg",
            "first_name": "",
            "real_name": "kelu",
            "display_name": "",
            "team": "T5M5PLH8U",
            "name": "kelu",
            "is_restricted": false,
            "is_ultra_restricted": false
        },
        "blocks": [
            {
                "type": "rich_text",
                "block_id": "8qds",
                "elements": [
                    {
                        "type": "rich_text_section",
                        "elements": [
                            {
                                "type": "text",
                                "text": "If you can firm up prices, I'm interested to know and happy to support completing the API "
                            },
                            {
                                "type": "emoji",
                                "name": "wink"
                            }
                        ]
                    }
                ]
            }
        ]
    },
    {
        "client_msg_id": "88bf2c0d-96be-46ca-88a1-a4d2d52c2407",
        "type": "message",
        "text": "oh rad!",
        "user": "U028M4FEK8Q",
        "ts": "1626192637.007500",
        "team": "T5M5PLH8U",
        "user_team": "T5M5PLH8U",
        "source_team": "T5M5PLH8U",
        "user_profile": {
            "avatar_hash": "g3eb78d4d73a",
            "image_72": "https:\/\/secure.gravatar.com\/avatar\/3eb78d4d73a2c15ce0739e7ba141f66c.jpg?s=72&d=https%3A%2F%2Fa.slack-edge.com%2Fdf10d%2Fimg%2Favatars%2Fava_0008-72.png",
            "first_name": "",
            "real_name": "Jesse Adamson",
            "display_name": "Jesse Adamson",
            "team": "T5M5PLH8U",
            "name": "adamsonjesse",
            "is_restricted": false,
            "is_ultra_restricted": false
        },
        "blocks": [
            {
                "type": "rich_text",
                "block_id": "WM+=O",
                "elements": [
                    {
                        "type": "rich_text_section",
                        "elements": [
                            {
                                "type": "text",
                                "text": "oh rad!"
                            }
                        ]
                    }
                ]
            }
        ]
    },
    {
        "client_msg_id": "309763ad-5779-4753-8e17-090266eb61a3",
        "type": "message",
        "text": "I think maybe I'll start by making a table of all the probes I can find on alibaba with a few notes and sample prices and go from there",
        "user": "U028M4FEK8Q",
        "ts": "1626192679.008200",
        "team": "T5M5PLH8U",
        "user_team": "T5M5PLH8U",
        "source_team": "T5M5PLH8U",
        "user_profile": {
            "avatar_hash": "g3eb78d4d73a",
            "image_72": "https:\/\/secure.gravatar.com\/avatar\/3eb78d4d73a2c15ce0739e7ba141f66c.jpg?s=72&d=https%3A%2F%2Fa.slack-edge.com%2Fdf10d%2Fimg%2Favatars%2Fava_0008-72.png",
            "first_name": "",
            "real_name": "Jesse Adamson",
            "display_name": "Jesse Adamson",
            "team": "T5M5PLH8U",
            "name": "adamsonjesse",
            "is_restricted": false,
            "is_ultra_restricted": false
        },
        "blocks": [
            {
                "type": "rich_text",
                "block_id": "Q5K1+",
                "elements": [
                    {
                        "type": "rich_text_section",
                        "elements": [
                            {
                                "type": "text",
                                "text": "I think maybe I'll start by making a table of all the probes I can find on alibaba with a few notes and sample prices and go from there"
                            }
                        ]
                    }
                ]
            }
        ],
        "reactions": [
            {
                "name": "+1",
                "users": [
                    "U5M5PLH9S"
                ],
                "count": 1
            }
        ]
    },
    {
        "client_msg_id": "c6ba2065-9d46-4ff8-aaec-d274863dc194",
        "type": "message",
        "text": "I'll report back later",
        "user": "U028M4FEK8Q",
        "ts": "1626192734.008700",
        "team": "T5M5PLH8U",
        "user_team": "T5M5PLH8U",
        "source_team": "T5M5PLH8U",
        "user_profile": {
            "avatar_hash": "g3eb78d4d73a",
            "image_72": "https:\/\/secure.gravatar.com\/avatar\/3eb78d4d73a2c15ce0739e7ba141f66c.jpg?s=72&d=https%3A%2F%2Fa.slack-edge.com%2Fdf10d%2Fimg%2Favatars%2Fava_0008-72.png",
            "first_name": "",
            "real_name": "Jesse Adamson",
            "display_name": "Jesse Adamson",
            "team": "T5M5PLH8U",
            "name": "adamsonjesse",
            "is_restricted": false,
            "is_ultra_restricted": false
        },
        "blocks": [
            {
                "type": "rich_text",
                "block_id": "f+W",
                "elements": [
                    {
                        "type": "rich_text_section",
                        "elements": [
                            {
                                "type": "text",
                                "text": "I'll report back later"
                            }
                        ]
                    }
                ]
            }
        ]
    }
]