[
    {
        "client_msg_id": "4126191c-048c-4910-b0d7-b7a46771d2fe",
        "type": "message",
        "text": "Heart and liver are good candidates. Heart is dynamic, and liver large with good veins.",
        "user": "U5M5PLH9S",
        "ts": "1627833919.004400",
        "team": "T5M5PLH8U",
        "user_team": "T5M5PLH8U",
        "source_team": "T5M5PLH8U",
        "user_profile": {
            "avatar_hash": "e4fb6ae9f526",
            "image_72": "https:\/\/avatars.slack-edge.com\/2017-06-01\/191144530514_e4fb6ae9f526531fd41c_72.jpg",
            "first_name": "",
            "real_name": "kelu",
            "display_name": "",
            "team": "T5M5PLH8U",
            "name": "kelu",
            "is_restricted": false,
            "is_ultra_restricted": false
        },
        "blocks": [
            {
                "type": "rich_text",
                "block_id": "WMde",
                "elements": [
                    {
                        "type": "rich_text_section",
                        "elements": [
                            {
                                "type": "text",
                                "text": "Heart and liver are good candidates. Heart is dynamic, and liver large with good veins."
                            }
                        ]
                    }
                ]
            }
        ]
    }
]