[
    {
        "type": "message",
        "subtype": "channel_join",
        "ts": "1619718094.000200",
        "user": "U5M5PLH9S",
        "text": "<@U5M5PLH9S> has joined the channel"
    },
    {
        "type": "message",
        "subtype": "channel_purpose",
        "ts": "1619718094.000300",
        "user": "U5M5PLH9S",
        "text": "set the channel description: For the usb-capable probes",
        "purpose": "For the usb-capable probes"
    },
    {
        "type": "message",
        "text": "Creating a channel for the drivers for usb probes. Reference code at <https:\/\/github.com\/kelu124\/pyusbus\/>",
        "files": [
            {
                "id": "F020UHK5L81",
                "created": 1619718126,
                "timestamp": 1619718126,
                "name": "image.png",
                "title": "image.png",
                "mimetype": "image\/png",
                "filetype": "png",
                "pretty_type": "PNG",
                "user": "U5M5PLH9S",
                "editable": false,
                "size": 43534,
                "mode": "hosted",
                "is_external": false,
                "external_type": "",
                "is_public": true,
                "public_url_shared": false,
                "display_as_bot": false,
                "username": "",
                "url_private": "https:\/\/files.slack.com\/files-pri\/T5M5PLH8U-F020UHK5L81\/image.png?t=xoxe-191193697300-2381439834979-2387440767812-d973f70d679d3caabfeb15fb25f95fa2",
                "url_private_download": "https:\/\/files.slack.com\/files-pri\/T5M5PLH8U-F020UHK5L81\/download\/image.png?t=xoxe-191193697300-2381439834979-2387440767812-d973f70d679d3caabfeb15fb25f95fa2",
                "media_display_type": "unknown",
                "thumb_64": "https:\/\/files.slack.com\/files-tmb\/T5M5PLH8U-F020UHK5L81-f502efc381\/image_64.png?t=xoxe-191193697300-2381439834979-2387440767812-d973f70d679d3caabfeb15fb25f95fa2",
                "thumb_80": "https:\/\/files.slack.com\/files-tmb\/T5M5PLH8U-F020UHK5L81-f502efc381\/image_80.png?t=xoxe-191193697300-2381439834979-2387440767812-d973f70d679d3caabfeb15fb25f95fa2",
                "thumb_360": "https:\/\/files.slack.com\/files-tmb\/T5M5PLH8U-F020UHK5L81-f502efc381\/image_360.png?t=xoxe-191193697300-2381439834979-2387440767812-d973f70d679d3caabfeb15fb25f95fa2",
                "thumb_360_w": 325,
                "thumb_360_h": 360,
                "thumb_480": "https:\/\/files.slack.com\/files-tmb\/T5M5PLH8U-F020UHK5L81-f502efc381\/image_480.png?t=xoxe-191193697300-2381439834979-2387440767812-d973f70d679d3caabfeb15fb25f95fa2",
                "thumb_480_w": 433,
                "thumb_480_h": 480,
                "thumb_160": "https:\/\/files.slack.com\/files-tmb\/T5M5PLH8U-F020UHK5L81-f502efc381\/image_160.png?t=xoxe-191193697300-2381439834979-2387440767812-d973f70d679d3caabfeb15fb25f95fa2",
                "original_w": 480,
                "original_h": 532,
                "thumb_tiny": "AwAwACvQllWLG9gM+tR\/a4v+eifnVXVzhYvqazNx9aAN77VB\/wA9Fo+1Qf8APRawd59aN59aAN8XUBOBItS1zsTEyp\/vD+ddFQBm6x92L6msutTWPuxfU1l0AFFFFAD4f9cn+8P510dc5D\/rk\/3h\/OujoAzdY+7F9TWXWvqsUkqx+WjNgnOBWd9kuP8Ani\/\/AHzQBDRU32S4\/wCeL\/8AfNH2S4\/54v8A980AMh\/1yf7w\/nXR1gxWs4lQmF8Bh2reoA\/\/2Q==",
                "permalink": "https:\/\/usdevkit.slack.com\/files\/U5M5PLH9S\/F020UHK5L81\/image.png",
                "permalink_public": "https:\/\/slack-files.com\/T5M5PLH8U-F020UHK5L81-d05724c108",
                "is_starred": false,
                "has_rich_preview": false
            }
        ],
        "upload": false,
        "blocks": [
            {
                "type": "rich_text",
                "block_id": "7WTF",
                "elements": [
                    {
                        "type": "rich_text_section",
                        "elements": [
                            {
                                "type": "text",
                                "text": "Creating a channel for the drivers for usb probes. Reference code at "
                            },
                            {
                                "type": "link",
                                "url": "https:\/\/github.com\/kelu124\/pyusbus\/"
                            }
                        ]
                    }
                ]
            }
        ],
        "user": "U5M5PLH9S",
        "display_as_bot": false,
        "ts": "1619718147.000700"
    }
]