[
    {
        "client_msg_id": "63445fa8-bffe-4d42-a9bc-c57cc034ce41",
        "type": "message",
        "text": "There is somehow, on one of them, as there are weights in the configuration packages on the healson probe - so one could imagine having a custom beamformed signal.",
        "user": "U5M5PLH9S",
        "ts": "1626685378.011900",
        "team": "T5M5PLH8U",
        "user_team": "T5M5PLH8U",
        "source_team": "T5M5PLH8U",
        "user_profile": {
            "avatar_hash": "e4fb6ae9f526",
            "image_72": "https:\/\/avatars.slack-edge.com\/2017-06-01\/191144530514_e4fb6ae9f526531fd41c_72.jpg",
            "first_name": "",
            "real_name": "kelu",
            "display_name": "",
            "team": "T5M5PLH8U",
            "name": "kelu",
            "is_restricted": false,
            "is_ultra_restricted": false
        },
        "blocks": [
            {
                "type": "rich_text",
                "block_id": "5itTd",
                "elements": [
                    {
                        "type": "rich_text_section",
                        "elements": [
                            {
                                "type": "text",
                                "text": "There is somehow, on one of them, as there are weights in the configuration packages on the healson probe - so one could imagine having a custom beamformed signal."
                            }
                        ]
                    }
                ]
            }
        ],
        "thread_ts": "1626654935.011100",
        "parent_user_id": "U028M4FEK8Q"
    },
    {
        "client_msg_id": "ce0e44c2-06ff-4af7-b73c-5b30c14c36c7",
        "type": "message",
        "text": "Or no excitation, and you just receiving",
        "user": "U5M5PLH9S",
        "ts": "1626685401.012100",
        "team": "T5M5PLH8U",
        "user_team": "T5M5PLH8U",
        "source_team": "T5M5PLH8U",
        "user_profile": {
            "avatar_hash": "e4fb6ae9f526",
            "image_72": "https:\/\/avatars.slack-edge.com\/2017-06-01\/191144530514_e4fb6ae9f526531fd41c_72.jpg",
            "first_name": "",
            "real_name": "kelu",
            "display_name": "",
            "team": "T5M5PLH8U",
            "name": "kelu",
            "is_restricted": false,
            "is_ultra_restricted": false
        },
        "blocks": [
            {
                "type": "rich_text",
                "block_id": "8S5W",
                "elements": [
                    {
                        "type": "rich_text_section",
                        "elements": [
                            {
                                "type": "text",
                                "text": "Or no excitation, and you just receiving"
                            }
                        ]
                    }
                ]
            }
        ],
        "thread_ts": "1626654935.011100",
        "parent_user_id": "U028M4FEK8Q"
    },
    {
        "client_msg_id": "77ace77a-8b5b-4f86-aec0-0419044d1c0a",
        "type": "message",
        "text": "still, these probes are \"reworked\" and not really made for this, so it may need a bit more work on your side.",
        "user": "U5M5PLH9S",
        "ts": "1626685425.012300",
        "team": "T5M5PLH8U",
        "user_team": "T5M5PLH8U",
        "source_team": "T5M5PLH8U",
        "user_profile": {
            "avatar_hash": "e4fb6ae9f526",
            "image_72": "https:\/\/avatars.slack-edge.com\/2017-06-01\/191144530514_e4fb6ae9f526531fd41c_72.jpg",
            "first_name": "",
            "real_name": "kelu",
            "display_name": "",
            "team": "T5M5PLH8U",
            "name": "kelu",
            "is_restricted": false,
            "is_ultra_restricted": false
        },
        "blocks": [
            {
                "type": "rich_text",
                "block_id": "hOLZ",
                "elements": [
                    {
                        "type": "rich_text_section",
                        "elements": [
                            {
                                "type": "text",
                                "text": "still, these probes are \"reworked\" and not really made for this, so it may need a bit more work on your side."
                            }
                        ]
                    }
                ]
            }
        ],
        "thread_ts": "1626654935.011100",
        "parent_user_id": "U028M4FEK8Q"
    },
    {
        "client_msg_id": "31b9bc0d-27f4-4d8b-aa1d-efe6d5333aa7",
        "type": "message",
        "text": "Yup, there are a couple of interesting probes (butterfly, kosmos, lumify, clarius, older vscan or sifsof, chison, ..), but I doubt you will have access to low level API",
        "user": "U5M5PLH9S",
        "ts": "1626685565.012500",
        "team": "T5M5PLH8U",
        "user_team": "T5M5PLH8U",
        "source_team": "T5M5PLH8U",
        "user_profile": {
            "avatar_hash": "e4fb6ae9f526",
            "image_72": "https:\/\/avatars.slack-edge.com\/2017-06-01\/191144530514_e4fb6ae9f526531fd41c_72.jpg",
            "first_name": "",
            "real_name": "kelu",
            "display_name": "",
            "team": "T5M5PLH8U",
            "name": "kelu",
            "is_restricted": false,
            "is_ultra_restricted": false
        },
        "blocks": [
            {
                "type": "rich_text",
                "block_id": "sRBr",
                "elements": [
                    {
                        "type": "rich_text_section",
                        "elements": [
                            {
                                "type": "text",
                                "text": "Yup, there are a couple of interesting probes (butterfly, kosmos, lumify, clarius, older vscan or sifsof, chison, ..), but I doubt you will have access to low level API"
                            }
                        ]
                    }
                ]
            }
        ],
        "thread_ts": "1626658114.011500",
        "parent_user_id": "U028M4FEK8Q"
    },
    {
        "client_msg_id": "d2f8c027-deb8-480c-b518-193c2c097a11",
        "type": "message",
        "text": "you need for this to get verasonics-related stuff, which is more difficult to \"rebuild\" or expensive",
        "user": "U5M5PLH9S",
        "ts": "1626685642.012700",
        "team": "T5M5PLH8U",
        "user_team": "T5M5PLH8U",
        "source_team": "T5M5PLH8U",
        "user_profile": {
            "avatar_hash": "e4fb6ae9f526",
            "image_72": "https:\/\/avatars.slack-edge.com\/2017-06-01\/191144530514_e4fb6ae9f526531fd41c_72.jpg",
            "first_name": "",
            "real_name": "kelu",
            "display_name": "",
            "team": "T5M5PLH8U",
            "name": "kelu",
            "is_restricted": false,
            "is_ultra_restricted": false
        },
        "blocks": [
            {
                "type": "rich_text",
                "block_id": "3\/o",
                "elements": [
                    {
                        "type": "rich_text_section",
                        "elements": [
                            {
                                "type": "text",
                                "text": "you need for this to get verasonics-related stuff, which is more difficult to \"rebuild\" or expensive"
                            }
                        ]
                    }
                ]
            }
        ],
        "thread_ts": "1626658114.011500",
        "parent_user_id": "U028M4FEK8Q"
    },
    {
        "client_msg_id": "572d38cf-adeb-4042-8e1c-17ea919eb94e",
        "type": "message",
        "text": "Ah yeah I was thinking the butterfly is probably pretty locked down. Verasonics is a \"research\" probe eh? That's pretty cool.",
        "user": "U028M4FEK8Q",
        "ts": "1626710314.012900",
        "team": "T5M5PLH8U",
        "user_team": "T5M5PLH8U",
        "source_team": "T5M5PLH8U",
        "user_profile": {
            "avatar_hash": "g3eb78d4d73a",
            "image_72": "https:\/\/secure.gravatar.com\/avatar\/3eb78d4d73a2c15ce0739e7ba141f66c.jpg?s=72&d=https%3A%2F%2Fa.slack-edge.com%2Fdf10d%2Fimg%2Favatars%2Fava_0008-72.png",
            "first_name": "",
            "real_name": "Jesse Adamson",
            "display_name": "Jesse Adamson",
            "team": "T5M5PLH8U",
            "name": "adamsonjesse",
            "is_restricted": false,
            "is_ultra_restricted": false
        },
        "blocks": [
            {
                "type": "rich_text",
                "block_id": "b23",
                "elements": [
                    {
                        "type": "rich_text_section",
                        "elements": [
                            {
                                "type": "text",
                                "text": "Ah yeah I was thinking the butterfly is probably pretty locked down. Verasonics is a \"research\" probe eh? That's pretty cool."
                            }
                        ]
                    }
                ]
            }
        ],
        "thread_ts": "1626658114.011500",
        "parent_user_id": "U028M4FEK8Q"
    },
    {
        "client_msg_id": "46942fc5-721c-4303-8393-f1e4998837fe",
        "type": "message",
        "text": "Oh that's awesome and worth experimenting with for sure. I'll just get one of the cheap healson probes then to start playing around with, like that UP20, unless you think there's much advantage to the HD or the doppler model?",
        "user": "U028M4FEK8Q",
        "ts": "1626710482.013100",
        "team": "T5M5PLH8U",
        "user_team": "T5M5PLH8U",
        "source_team": "T5M5PLH8U",
        "user_profile": {
            "avatar_hash": "g3eb78d4d73a",
            "image_72": "https:\/\/secure.gravatar.com\/avatar\/3eb78d4d73a2c15ce0739e7ba141f66c.jpg?s=72&d=https%3A%2F%2Fa.slack-edge.com%2Fdf10d%2Fimg%2Favatars%2Fava_0008-72.png",
            "first_name": "",
            "real_name": "Jesse Adamson",
            "display_name": "Jesse Adamson",
            "team": "T5M5PLH8U",
            "name": "adamsonjesse",
            "is_restricted": false,
            "is_ultra_restricted": false
        },
        "blocks": [
            {
                "type": "rich_text",
                "block_id": "e3n",
                "elements": [
                    {
                        "type": "rich_text_section",
                        "elements": [
                            {
                                "type": "text",
                                "text": "Oh that's awesome and worth experimenting with for sure. I'll just get one of the cheap healson probes then to start playing around with, like that UP20, unless you think there's much advantage to the HD or the doppler model?"
                            }
                        ]
                    }
                ]
            }
        ],
        "thread_ts": "1626654935.011100",
        "parent_user_id": "U028M4FEK8Q"
    }
]