[
    {
        "client_msg_id": "b11c0538-8b22-4ad2-a39e-2877b733821c",
        "type": "message",
        "text": "If photoacoustics, I'd go for linear, surfacic:)\nNo need for doppler I guess ?",
        "user": "U5M5PLH9S",
        "ts": "1626765592.013300",
        "team": "T5M5PLH8U",
        "user_team": "T5M5PLH8U",
        "source_team": "T5M5PLH8U",
        "user_profile": {
            "avatar_hash": "e4fb6ae9f526",
            "image_72": "https:\/\/avatars.slack-edge.com\/2017-06-01\/191144530514_e4fb6ae9f526531fd41c_72.jpg",
            "first_name": "",
            "real_name": "kelu",
            "display_name": "",
            "team": "T5M5PLH8U",
            "name": "kelu",
            "is_restricted": false,
            "is_ultra_restricted": false
        },
        "blocks": [
            {
                "type": "rich_text",
                "block_id": "QV3Ay",
                "elements": [
                    {
                        "type": "rich_text_section",
                        "elements": [
                            {
                                "type": "text",
                                "text": "If photoacoustics, I'd go for linear, surfacic:)\nNo need for doppler I guess ?"
                            }
                        ]
                    }
                ]
            }
        ],
        "thread_ts": "1626654935.011100",
        "parent_user_id": "U028M4FEK8Q"
    },
    {
        "client_msg_id": "f940793f-6b36-4131-9482-96c4c46014f4",
        "type": "message",
        "text": "It is supposed to be research hardware on which you can plug your own arrays :)",
        "user": "U5M5PLH9S",
        "ts": "1626765620.013500",
        "team": "T5M5PLH8U",
        "user_team": "T5M5PLH8U",
        "source_team": "T5M5PLH8U",
        "user_profile": {
            "avatar_hash": "e4fb6ae9f526",
            "image_72": "https:\/\/avatars.slack-edge.com\/2017-06-01\/191144530514_e4fb6ae9f526531fd41c_72.jpg",
            "first_name": "",
            "real_name": "kelu",
            "display_name": "",
            "team": "T5M5PLH8U",
            "name": "kelu",
            "is_restricted": false,
            "is_ultra_restricted": false
        },
        "blocks": [
            {
                "type": "rich_text",
                "block_id": "vNKE",
                "elements": [
                    {
                        "type": "rich_text_section",
                        "elements": [
                            {
                                "type": "text",
                                "text": "It is supposed to be research hardware on which you can plug your own arrays :)"
                            }
                        ]
                    }
                ]
            }
        ],
        "thread_ts": "1626658114.011500",
        "parent_user_id": "U028M4FEK8Q"
    }
]