[
    {
        "client_msg_id": "5094d692-8aa8-4a0c-b35e-d766a2d8f3e0",
        "type": "message",
        "text": "well I got the Healson HS-UP20L and some gel and tried it out a bit",
        "user": "U028M4FEK8Q",
        "ts": "1627795847.000500",
        "team": "T5M5PLH8U",
        "user_team": "T5M5PLH8U",
        "source_team": "T5M5PLH8U",
        "user_profile": {
            "avatar_hash": "g3eb78d4d73a",
            "image_72": "https:\/\/secure.gravatar.com\/avatar\/3eb78d4d73a2c15ce0739e7ba141f66c.jpg?s=72&d=https%3A%2F%2Fa.slack-edge.com%2Fdf10d%2Fimg%2Favatars%2Fava_0008-72.png",
            "first_name": "",
            "real_name": "Jesse Adamson",
            "display_name": "Jesse Adamson",
            "team": "T5M5PLH8U",
            "name": "adamsonjesse",
            "is_restricted": false,
            "is_ultra_restricted": false
        },
        "blocks": [
            {
                "type": "rich_text",
                "block_id": "JryKt",
                "elements": [
                    {
                        "type": "rich_text_section",
                        "elements": [
                            {
                                "type": "text",
                                "text": "well I got the Healson HS-UP20L and some gel and tried it out a bit"
                            }
                        ]
                    }
                ]
            }
        ]
    },
    {
        "client_msg_id": "d63e1c5a-60a0-469b-bbd9-8792c989067f",
        "type": "message",
        "text": "I don't have any ultrasound skills so I struggling to find anything interesting so far",
        "user": "U028M4FEK8Q",
        "ts": "1627795886.001200",
        "team": "T5M5PLH8U",
        "user_team": "T5M5PLH8U",
        "source_team": "T5M5PLH8U",
        "user_profile": {
            "avatar_hash": "g3eb78d4d73a",
            "image_72": "https:\/\/secure.gravatar.com\/avatar\/3eb78d4d73a2c15ce0739e7ba141f66c.jpg?s=72&d=https%3A%2F%2Fa.slack-edge.com%2Fdf10d%2Fimg%2Favatars%2Fava_0008-72.png",
            "first_name": "",
            "real_name": "Jesse Adamson",
            "display_name": "Jesse Adamson",
            "team": "T5M5PLH8U",
            "name": "adamsonjesse",
            "is_restricted": false,
            "is_ultra_restricted": false
        },
        "blocks": [
            {
                "type": "rich_text",
                "block_id": "o4kv",
                "elements": [
                    {
                        "type": "rich_text_section",
                        "elements": [
                            {
                                "type": "text",
                                "text": "I don't have any ultrasound skills so I struggling to find anything interesting so far"
                            }
                        ]
                    }
                ]
            }
        ]
    },
    {
        "client_msg_id": "ef39d561-1a41-418a-9a76-c16f302cb27c",
        "type": "message",
        "text": "found this online and tried to find my \"Median vein\"",
        "user": "U028M4FEK8Q",
        "ts": "1627795935.001900",
        "team": "T5M5PLH8U",
        "user_team": "T5M5PLH8U",
        "source_team": "T5M5PLH8U",
        "user_profile": {
            "avatar_hash": "g3eb78d4d73a",
            "image_72": "https:\/\/secure.gravatar.com\/avatar\/3eb78d4d73a2c15ce0739e7ba141f66c.jpg?s=72&d=https%3A%2F%2Fa.slack-edge.com%2Fdf10d%2Fimg%2Favatars%2Fava_0008-72.png",
            "first_name": "",
            "real_name": "Jesse Adamson",
            "display_name": "Jesse Adamson",
            "team": "T5M5PLH8U",
            "name": "adamsonjesse",
            "is_restricted": false,
            "is_ultra_restricted": false
        },
        "blocks": [
            {
                "type": "rich_text",
                "block_id": "KvEO\/",
                "elements": [
                    {
                        "type": "rich_text_section",
                        "elements": [
                            {
                                "type": "text",
                                "text": "found this online and tried to find my \"Median vein\""
                            }
                        ]
                    }
                ]
            }
        ]
    },
    {
        "type": "message",
        "text": "",
        "files": [
            {
                "id": "F029M30GKCN",
                "created": 1627795940,
                "timestamp": 1627795940,
                "name": "image.png",
                "title": "image.png",
                "mimetype": "image\/png",
                "filetype": "png",
                "pretty_type": "PNG",
                "user": "U028M4FEK8Q",
                "editable": false,
                "size": 572059,
                "mode": "hosted",
                "is_external": false,
                "external_type": "",
                "is_public": true,
                "public_url_shared": false,
                "display_as_bot": false,
                "username": "",
                "url_private": "https:\/\/files.slack.com\/files-pri\/T5M5PLH8U-F029M30GKCN\/image.png?t=xoxe-191193697300-2381439834979-2387440767812-d973f70d679d3caabfeb15fb25f95fa2",
                "url_private_download": "https:\/\/files.slack.com\/files-pri\/T5M5PLH8U-F029M30GKCN\/download\/image.png?t=xoxe-191193697300-2381439834979-2387440767812-d973f70d679d3caabfeb15fb25f95fa2",
                "media_display_type": "unknown",
                "thumb_64": "https:\/\/files.slack.com\/files-tmb\/T5M5PLH8U-F029M30GKCN-a18e75716b\/image_64.png?t=xoxe-191193697300-2381439834979-2387440767812-d973f70d679d3caabfeb15fb25f95fa2",
                "thumb_80": "https:\/\/files.slack.com\/files-tmb\/T5M5PLH8U-F029M30GKCN-a18e75716b\/image_80.png?t=xoxe-191193697300-2381439834979-2387440767812-d973f70d679d3caabfeb15fb25f95fa2",
                "thumb_360": "https:\/\/files.slack.com\/files-tmb\/T5M5PLH8U-F029M30GKCN-a18e75716b\/image_360.png?t=xoxe-191193697300-2381439834979-2387440767812-d973f70d679d3caabfeb15fb25f95fa2",
                "thumb_360_w": 360,
                "thumb_360_h": 336,
                "thumb_480": "https:\/\/files.slack.com\/files-tmb\/T5M5PLH8U-F029M30GKCN-a18e75716b\/image_480.png?t=xoxe-191193697300-2381439834979-2387440767812-d973f70d679d3caabfeb15fb25f95fa2",
                "thumb_480_w": 480,
                "thumb_480_h": 447,
                "thumb_160": "https:\/\/files.slack.com\/files-tmb\/T5M5PLH8U-F029M30GKCN-a18e75716b\/image_160.png?t=xoxe-191193697300-2381439834979-2387440767812-d973f70d679d3caabfeb15fb25f95fa2",
                "thumb_720": "https:\/\/files.slack.com\/files-tmb\/T5M5PLH8U-F029M30GKCN-a18e75716b\/image_720.png?t=xoxe-191193697300-2381439834979-2387440767812-d973f70d679d3caabfeb15fb25f95fa2",
                "thumb_720_w": 720,
                "thumb_720_h": 671,
                "thumb_800": "https:\/\/files.slack.com\/files-tmb\/T5M5PLH8U-F029M30GKCN-a18e75716b\/image_800.png?t=xoxe-191193697300-2381439834979-2387440767812-d973f70d679d3caabfeb15fb25f95fa2",
                "thumb_800_w": 800,
                "thumb_800_h": 746,
                "original_w": 886,
                "original_h": 826,
                "thumb_tiny": "AwAsADDQklSLHmNtz0pqXMMhARwSahvoJZ\/L8rHy5zk4qK1s5Ypld9uB6GgDQqs07FiqcnvzgCpwW7gVUtBu35PU5oY0L5jCZQ42gg4OcgmrKHgZOfwqOZ4ogN+Tk8d6al9CzBV3cnHSkgbKl0lwbh9iOVJ4I+lOsknWcb0ZVweTVX7bMRnzGH\/Aq0NPd57cs7kkMRTETXDmOBiT14zUdsFw2Rjp1pbv7ignv\/Sn24Kw5xnPNAyG\/jV41IfYAewzmqVskRmQJLzuHVOv61oXjhbfc6ZGRwTVKB4\/tCDygGLDByaBGn5Uf9xfyFOChRhQB7ClooAz55S0jLJgNjAAPTNXhlQABwBVdoEa4Gc88\/jVqgDNubvc7RNGjBW6GprOKGWNZREoYHjFTNawMxZolJJyTUkcaRrtRQo9BQB\/\/9k=",
                "permalink": "https:\/\/usdevkit.slack.com\/files\/U028M4FEK8Q\/F029M30GKCN\/image.png",
                "permalink_public": "https:\/\/slack-files.com\/T5M5PLH8U-F029M30GKCN-54e7c9284f",
                "is_starred": false,
                "has_rich_preview": false
            }
        ],
        "upload": false,
        "user": "U028M4FEK8Q",
        "display_as_bot": false,
        "ts": "1627795942.002000"
    },
    {
        "type": "message",
        "text": "this might be it hah",
        "files": [
            {
                "id": "F02A6EAARQR",
                "created": 1627796005,
                "timestamp": 1627796005,
                "name": "image.png",
                "title": "image.png",
                "mimetype": "image\/png",
                "filetype": "png",
                "pretty_type": "PNG",
                "user": "U028M4FEK8Q",
                "editable": false,
                "size": 1671163,
                "mode": "hosted",
                "is_external": false,
                "external_type": "",
                "is_public": true,
                "public_url_shared": false,
                "display_as_bot": false,
                "username": "",
                "url_private": "https:\/\/files.slack.com\/files-pri\/T5M5PLH8U-F02A6EAARQR\/image.png?t=xoxe-191193697300-2381439834979-2387440767812-d973f70d679d3caabfeb15fb25f95fa2",
                "url_private_download": "https:\/\/files.slack.com\/files-pri\/T5M5PLH8U-F02A6EAARQR\/download\/image.png?t=xoxe-191193697300-2381439834979-2387440767812-d973f70d679d3caabfeb15fb25f95fa2",
                "media_display_type": "unknown",
                "thumb_64": "https:\/\/files.slack.com\/files-tmb\/T5M5PLH8U-F02A6EAARQR-bad44d7a2e\/image_64.png?t=xoxe-191193697300-2381439834979-2387440767812-d973f70d679d3caabfeb15fb25f95fa2",
                "thumb_80": "https:\/\/files.slack.com\/files-tmb\/T5M5PLH8U-F02A6EAARQR-bad44d7a2e\/image_80.png?t=xoxe-191193697300-2381439834979-2387440767812-d973f70d679d3caabfeb15fb25f95fa2",
                "thumb_360": "https:\/\/files.slack.com\/files-tmb\/T5M5PLH8U-F02A6EAARQR-bad44d7a2e\/image_360.png?t=xoxe-191193697300-2381439834979-2387440767812-d973f70d679d3caabfeb15fb25f95fa2",
                "thumb_360_w": 360,
                "thumb_360_h": 203,
                "thumb_480": "https:\/\/files.slack.com\/files-tmb\/T5M5PLH8U-F02A6EAARQR-bad44d7a2e\/image_480.png?t=xoxe-191193697300-2381439834979-2387440767812-d973f70d679d3caabfeb15fb25f95fa2",
                "thumb_480_w": 480,
                "thumb_480_h": 270,
                "thumb_160": "https:\/\/files.slack.com\/files-tmb\/T5M5PLH8U-F02A6EAARQR-bad44d7a2e\/image_160.png?t=xoxe-191193697300-2381439834979-2387440767812-d973f70d679d3caabfeb15fb25f95fa2",
                "thumb_720": "https:\/\/files.slack.com\/files-tmb\/T5M5PLH8U-F02A6EAARQR-bad44d7a2e\/image_720.png?t=xoxe-191193697300-2381439834979-2387440767812-d973f70d679d3caabfeb15fb25f95fa2",
                "thumb_720_w": 720,
                "thumb_720_h": 405,
                "thumb_800": "https:\/\/files.slack.com\/files-tmb\/T5M5PLH8U-F02A6EAARQR-bad44d7a2e\/image_800.png?t=xoxe-191193697300-2381439834979-2387440767812-d973f70d679d3caabfeb15fb25f95fa2",
                "thumb_800_w": 800,
                "thumb_800_h": 450,
                "thumb_960": "https:\/\/files.slack.com\/files-tmb\/T5M5PLH8U-F02A6EAARQR-bad44d7a2e\/image_960.png?t=xoxe-191193697300-2381439834979-2387440767812-d973f70d679d3caabfeb15fb25f95fa2",
                "thumb_960_w": 960,
                "thumb_960_h": 540,
                "thumb_1024": "https:\/\/files.slack.com\/files-tmb\/T5M5PLH8U-F02A6EAARQR-bad44d7a2e\/image_1024.png?t=xoxe-191193697300-2381439834979-2387440767812-d973f70d679d3caabfeb15fb25f95fa2",
                "thumb_1024_w": 1024,
                "thumb_1024_h": 576,
                "original_w": 3840,
                "original_h": 2160,
                "thumb_tiny": "AwAbADCoSAucCoxJhzwGHoae\/wDq+9QAEngZNAE\/mjH+qAP40GVQM+Wv4mowGY4Pb1oZQoOWGfQUADyFjwoX6U3Jx1NJS9qAJnx5faoKnJO0Ck\/AflQA3zG2\/wBSM0wnNPPekoAZTtpx0NLUnagD\/9k=",
                "permalink": "https:\/\/usdevkit.slack.com\/files\/U028M4FEK8Q\/F02A6EAARQR\/image.png",
                "permalink_public": "https:\/\/slack-files.com\/T5M5PLH8U-F02A6EAARQR-cc0a64d26b",
                "is_starred": false,
                "has_rich_preview": false
            }
        ],
        "upload": false,
        "blocks": [
            {
                "type": "rich_text",
                "block_id": "LCLaZ",
                "elements": [
                    {
                        "type": "rich_text_section",
                        "elements": [
                            {
                                "type": "text",
                                "text": "this might be it hah"
                            }
                        ]
                    }
                ]
            }
        ],
        "user": "U028M4FEK8Q",
        "display_as_bot": false,
        "ts": "1627796025.002600"
    },
    {
        "client_msg_id": "ebf0faa9-f117-408b-9d5d-fe6d461de454",
        "type": "message",
        "text": "I'll have to try out the API soon",
        "user": "U028M4FEK8Q",
        "ts": "1627796060.003200",
        "team": "T5M5PLH8U",
        "user_team": "T5M5PLH8U",
        "source_team": "T5M5PLH8U",
        "user_profile": {
            "avatar_hash": "g3eb78d4d73a",
            "image_72": "https:\/\/secure.gravatar.com\/avatar\/3eb78d4d73a2c15ce0739e7ba141f66c.jpg?s=72&d=https%3A%2F%2Fa.slack-edge.com%2Fdf10d%2Fimg%2Favatars%2Fava_0008-72.png",
            "first_name": "",
            "real_name": "Jesse Adamson",
            "display_name": "Jesse Adamson",
            "team": "T5M5PLH8U",
            "name": "adamsonjesse",
            "is_restricted": false,
            "is_ultra_restricted": false
        },
        "blocks": [
            {
                "type": "rich_text",
                "block_id": "Gk1",
                "elements": [
                    {
                        "type": "rich_text_section",
                        "elements": [
                            {
                                "type": "text",
                                "text": "I'll have to try out the API soon"
                            }
                        ]
                    }
                ]
            }
        ]
    }
]