[
    {
        "client_msg_id": "20858936-e78b-4a41-8463-a37ea0995706",
        "type": "message",
        "text": "Mas <@UP3NUN9LG> sampean bikin apa ?",
        "user": "UE3JX8LUT",
        "ts": "1613261302.000100",
        "team": "T5M5PLH8U",
        "user_team": "T5M5PLH8U",
        "source_team": "T5M5PLH8U",
        "user_profile": {
            "avatar_hash": "a9159a929398",
            "image_72": "https:\/\/avatars.slack-edge.com\/2018-11-15\/479026488288_a9159a929398c4006149_72.jpg",
            "first_name": "Fadhli",
            "real_name": "Fadhli",
            "display_name": "Fadhli",
            "team": "T5M5PLH8U",
            "name": "fadhliazinnuddin",
            "is_restricted": false,
            "is_ultra_restricted": false
        },
        "blocks": [
            {
                "type": "rich_text",
                "block_id": "E37",
                "elements": [
                    {
                        "type": "rich_text_section",
                        "elements": [
                            {
                                "type": "text",
                                "text": "Mas "
                            },
                            {
                                "type": "user",
                                "user_id": "UP3NUN9LG"
                            },
                            {
                                "type": "text",
                                "text": " sampean bikin apa ?"
                            }
                        ]
                    }
                ]
            }
        ],
        "thread_ts": "1608567804.000100",
        "parent_user_id": "U5M5PLH9S"
    }
]