[
    {
        "type": "message",
        "text": "<@U01AQTPSLUA> <@U01A7SLF2LD> and <@U01E1PT1A8P> - for info I've played with a HP probe I had - got some signals ( <https:\/\/github.com\/kelu124\/echomods\/tree\/master\/matty\/20201230a> ).  <https:\/\/github.com\/kelu124\/echomods\/blob\/master\/matty\/20201230a\/images\/2DArray_20201230a-1.png?raw=true> for the 2D, an example of line here. Datasets available in the repo if you want to play with loads of data.",
        "files": [
            {
                "id": "F01J7VA8WH0",
                "created": 1610051266,
                "timestamp": 1610051266,
                "name": "image.png",
                "title": "image.png",
                "mimetype": "image\/png",
                "filetype": "png",
                "pretty_type": "PNG",
                "user": "U5M5PLH9S",
                "editable": false,
                "size": 204376,
                "mode": "hosted",
                "is_external": false,
                "external_type": "",
                "is_public": true,
                "public_url_shared": false,
                "display_as_bot": false,
                "username": "",
                "url_private": "https:\/\/files.slack.com\/files-pri\/T5M5PLH8U-F01J7VA8WH0\/image.png?t=xoxe-191193697300-2381439834979-2387440767812-d973f70d679d3caabfeb15fb25f95fa2",
                "url_private_download": "https:\/\/files.slack.com\/files-pri\/T5M5PLH8U-F01J7VA8WH0\/download\/image.png?t=xoxe-191193697300-2381439834979-2387440767812-d973f70d679d3caabfeb15fb25f95fa2",
                "media_display_type": "unknown",
                "thumb_64": "https:\/\/files.slack.com\/files-tmb\/T5M5PLH8U-F01J7VA8WH0-3e34c12eb9\/image_64.png?t=xoxe-191193697300-2381439834979-2387440767812-d973f70d679d3caabfeb15fb25f95fa2",
                "thumb_80": "https:\/\/files.slack.com\/files-tmb\/T5M5PLH8U-F01J7VA8WH0-3e34c12eb9\/image_80.png?t=xoxe-191193697300-2381439834979-2387440767812-d973f70d679d3caabfeb15fb25f95fa2",
                "thumb_360": "https:\/\/files.slack.com\/files-tmb\/T5M5PLH8U-F01J7VA8WH0-3e34c12eb9\/image_360.png?t=xoxe-191193697300-2381439834979-2387440767812-d973f70d679d3caabfeb15fb25f95fa2",
                "thumb_360_w": 360,
                "thumb_360_h": 180,
                "thumb_480": "https:\/\/files.slack.com\/files-tmb\/T5M5PLH8U-F01J7VA8WH0-3e34c12eb9\/image_480.png?t=xoxe-191193697300-2381439834979-2387440767812-d973f70d679d3caabfeb15fb25f95fa2",
                "thumb_480_w": 480,
                "thumb_480_h": 240,
                "thumb_160": "https:\/\/files.slack.com\/files-tmb\/T5M5PLH8U-F01J7VA8WH0-3e34c12eb9\/image_160.png?t=xoxe-191193697300-2381439834979-2387440767812-d973f70d679d3caabfeb15fb25f95fa2",
                "thumb_720": "https:\/\/files.slack.com\/files-tmb\/T5M5PLH8U-F01J7VA8WH0-3e34c12eb9\/image_720.png?t=xoxe-191193697300-2381439834979-2387440767812-d973f70d679d3caabfeb15fb25f95fa2",
                "thumb_720_w": 720,
                "thumb_720_h": 360,
                "thumb_800": "https:\/\/files.slack.com\/files-tmb\/T5M5PLH8U-F01J7VA8WH0-3e34c12eb9\/image_800.png?t=xoxe-191193697300-2381439834979-2387440767812-d973f70d679d3caabfeb15fb25f95fa2",
                "thumb_800_w": 800,
                "thumb_800_h": 400,
                "thumb_960": "https:\/\/files.slack.com\/files-tmb\/T5M5PLH8U-F01J7VA8WH0-3e34c12eb9\/image_960.png?t=xoxe-191193697300-2381439834979-2387440767812-d973f70d679d3caabfeb15fb25f95fa2",
                "thumb_960_w": 960,
                "thumb_960_h": 480,
                "thumb_1024": "https:\/\/files.slack.com\/files-tmb\/T5M5PLH8U-F01J7VA8WH0-3e34c12eb9\/image_1024.png?t=xoxe-191193697300-2381439834979-2387440767812-d973f70d679d3caabfeb15fb25f95fa2",
                "thumb_1024_w": 1024,
                "thumb_1024_h": 512,
                "original_w": 1440,
                "original_h": 720,
                "thumb_tiny": "AwAYADBLXT4ZrdJGL5bPQ1N\/ZUH96T8x\/hT7HP2OHHv\/ADNWgxPQZoApf2VB\/ek\/Mf4Uf2VB\/ek\/Mf4VaJfeMAd+9L+83dFx9aAKn9lwf3pPzH+FQ3WnxQ27yKz5UdzWl8\/otQX2fsUucdP60AVrWaEW0KvKq7c7lJq39st\/+eyfnWBRQBv\/AGy3\/wCeyfnR9st\/+eyfnWBRQBv\/AGy3\/wCeyfnUN7cwvaSKsqliOADWNRQB\/9k=",
                "permalink": "https:\/\/usdevkit.slack.com\/files\/U5M5PLH9S\/F01J7VA8WH0\/image.png",
                "permalink_public": "https:\/\/slack-files.com\/T5M5PLH8U-F01J7VA8WH0-465a58b99f",
                "is_starred": false,
                "has_rich_preview": false
            }
        ],
        "upload": false,
        "blocks": [
            {
                "type": "rich_text",
                "block_id": "pIrEK",
                "elements": [
                    {
                        "type": "rich_text_section",
                        "elements": [
                            {
                                "type": "user",
                                "user_id": "U01AQTPSLUA"
                            },
                            {
                                "type": "text",
                                "text": " "
                            },
                            {
                                "type": "user",
                                "user_id": "U01A7SLF2LD"
                            },
                            {
                                "type": "text",
                                "text": " and "
                            },
                            {
                                "type": "user",
                                "user_id": "U01E1PT1A8P"
                            },
                            {
                                "type": "text",
                                "text": " - for info I've played with a HP probe I had - got some signals ( "
                            },
                            {
                                "type": "link",
                                "url": "https:\/\/github.com\/kelu124\/echomods\/tree\/master\/matty\/20201230a"
                            },
                            {
                                "type": "text",
                                "text": " ).  "
                            },
                            {
                                "type": "link",
                                "url": "https:\/\/github.com\/kelu124\/echomods\/blob\/master\/matty\/20201230a\/images\/2DArray_20201230a-1.png?raw=true"
                            },
                            {
                                "type": "text",
                                "text": " for the 2D, an example of line here. Datasets available in the repo if you want to play with loads of data."
                            }
                        ]
                    }
                ]
            }
        ],
        "user": "U5M5PLH9S",
        "display_as_bot": false,
        "ts": "1610051320.001400",
        "reactions": [
            {
                "name": "+1",
                "users": [
                    "U01A7SLF2LD"
                ],
                "count": 1
            }
        ]
    },
    {
        "client_msg_id": "8ee90b08-5bff-44e4-8781-824633b04bc6",
        "type": "message",
        "text": "Cool thanks! That'll be super helpful",
        "user": "U01AQTPSLUA",
        "ts": "1610052261.002000",
        "team": "T5M5PLH8U",
        "user_team": "T5M5PLH8U",
        "source_team": "T5M5PLH8U",
        "user_profile": {
            "avatar_hash": "349191a26b66",
            "image_72": "https:\/\/avatars.slack-edge.com\/2020-09-15\/1364941997842_349191a26b660058ea59_72.jpg",
            "first_name": "",
            "real_name": "Stephanie Moreira",
            "display_name": "Stephanie Moreira",
            "team": "T5M5PLH8U",
            "name": "steph.moreira21",
            "is_restricted": false,
            "is_ultra_restricted": false
        },
        "blocks": [
            {
                "type": "rich_text",
                "block_id": "RbUu",
                "elements": [
                    {
                        "type": "rich_text_section",
                        "elements": [
                            {
                                "type": "text",
                                "text": "Cool thanks! That'll be super helpful"
                            }
                        ]
                    }
                ]
            }
        ],
        "thread_ts": "1610052261.002000",
        "reply_count": 1,
        "reply_users_count": 1,
        "latest_reply": "1610052683.002200",
        "reply_users": [
            "U5M5PLH9S"
        ],
        "replies": [
            {
                "user": "U5M5PLH9S",
                "ts": "1610052683.002200"
            }
        ],
        "is_locked": false,
        "subscribed": true,
        "last_read": "1610052683.002200"
    },
    {
        "type": "message",
        "text": "Great :smiley:\nNormally, you'll get how I got those in <https:\/\/github.com\/kelu124\/echomods\/blob\/master\/matty\/20201230a\/20201230a-Processing.ipynb> where I'm applying a first naive filter to improve SNR, yielding a \"flatter\" image",
        "files": [
            {
                "id": "F01JE6L30GL",
                "created": 1610052681,
                "timestamp": 1610052681,
                "name": "image.png",
                "title": "image.png",
                "mimetype": "image\/png",
                "filetype": "png",
                "pretty_type": "PNG",
                "user": "U5M5PLH9S",
                "editable": false,
                "size": 77954,
                "mode": "hosted",
                "is_external": false,
                "external_type": "",
                "is_public": true,
                "public_url_shared": false,
                "display_as_bot": false,
                "username": "",
                "url_private": "https:\/\/files.slack.com\/files-pri\/T5M5PLH8U-F01JE6L30GL\/image.png?t=xoxe-191193697300-2381439834979-2387440767812-d973f70d679d3caabfeb15fb25f95fa2",
                "url_private_download": "https:\/\/files.slack.com\/files-pri\/T5M5PLH8U-F01JE6L30GL\/download\/image.png?t=xoxe-191193697300-2381439834979-2387440767812-d973f70d679d3caabfeb15fb25f95fa2",
                "media_display_type": "unknown",
                "thumb_64": "https:\/\/files.slack.com\/files-tmb\/T5M5PLH8U-F01JE6L30GL-9dd4e4f5cf\/image_64.png?t=xoxe-191193697300-2381439834979-2387440767812-d973f70d679d3caabfeb15fb25f95fa2",
                "thumb_80": "https:\/\/files.slack.com\/files-tmb\/T5M5PLH8U-F01JE6L30GL-9dd4e4f5cf\/image_80.png?t=xoxe-191193697300-2381439834979-2387440767812-d973f70d679d3caabfeb15fb25f95fa2",
                "thumb_360": "https:\/\/files.slack.com\/files-tmb\/T5M5PLH8U-F01JE6L30GL-9dd4e4f5cf\/image_360.png?t=xoxe-191193697300-2381439834979-2387440767812-d973f70d679d3caabfeb15fb25f95fa2",
                "thumb_360_w": 360,
                "thumb_360_h": 192,
                "thumb_160": "https:\/\/files.slack.com\/files-tmb\/T5M5PLH8U-F01JE6L30GL-9dd4e4f5cf\/image_160.png?t=xoxe-191193697300-2381439834979-2387440767812-d973f70d679d3caabfeb15fb25f95fa2",
                "original_w": 379,
                "original_h": 202,
                "thumb_tiny": "AwAZADDPjAIbOOnelCqByDntRF0bjtS4BHzEg9higBAB7UADPb8aBSgc9AfqaAEIHtSEDHSnHHpSN92gBI2Chs9xS5UjlgMdsVHRQA8MAaNy555plFAD9y9qQsCKbRQB\/9k=",
                "permalink": "https:\/\/usdevkit.slack.com\/files\/U5M5PLH9S\/F01JE6L30GL\/image.png",
                "permalink_public": "https:\/\/slack-files.com\/T5M5PLH8U-F01JE6L30GL-d8cf546b9f",
                "is_starred": false,
                "has_rich_preview": false
            }
        ],
        "upload": false,
        "blocks": [
            {
                "type": "rich_text",
                "block_id": "WfAN",
                "elements": [
                    {
                        "type": "rich_text_section",
                        "elements": [
                            {
                                "type": "text",
                                "text": "Great "
                            },
                            {
                                "type": "emoji",
                                "name": "smiley"
                            },
                            {
                                "type": "text",
                                "text": "\nNormally, you'll get how I got those in "
                            },
                            {
                                "type": "link",
                                "url": "https:\/\/github.com\/kelu124\/echomods\/blob\/master\/matty\/20201230a\/20201230a-Processing.ipynb"
                            },
                            {
                                "type": "text",
                                "text": " where I'm applying a first naive filter to improve SNR, yielding a \"flatter\" image"
                            }
                        ]
                    }
                ]
            }
        ],
        "user": "U5M5PLH9S",
        "display_as_bot": false,
        "ts": "1610052683.002200",
        "thread_ts": "1610052261.002000",
        "parent_user_id": "U01AQTPSLUA",
        "reactions": [
            {
                "name": "+1",
                "users": [
                    "U01A7SLF2LD"
                ],
                "count": 1
            }
        ]
    }
]