[
    {
        "type": "message",
        "text": "Also a bit more signal processing, that goes to \"cleaner\" and more geometric images - more at <https:\/\/github.com\/kelu124\/echomods\/blob\/master\/matty\/20201230a\/20201230a-Processing.ipynb> .",
        "files": [
            {
                "id": "F01JG03MDGT",
                "created": 1610398026,
                "timestamp": 1610398026,
                "name": "compare.png",
                "title": "compare.png",
                "mimetype": "image\/png",
                "filetype": "png",
                "pretty_type": "PNG",
                "user": "U5M5PLH9S",
                "editable": false,
                "size": 245195,
                "mode": "hosted",
                "is_external": false,
                "external_type": "",
                "is_public": true,
                "public_url_shared": false,
                "display_as_bot": false,
                "username": "",
                "url_private": "https:\/\/files.slack.com\/files-pri\/T5M5PLH8U-F01JG03MDGT\/compare.png?t=xoxe-191193697300-2381439834979-2387440767812-d973f70d679d3caabfeb15fb25f95fa2",
                "url_private_download": "https:\/\/files.slack.com\/files-pri\/T5M5PLH8U-F01JG03MDGT\/download\/compare.png?t=xoxe-191193697300-2381439834979-2387440767812-d973f70d679d3caabfeb15fb25f95fa2",
                "media_display_type": "unknown",
                "thumb_64": "https:\/\/files.slack.com\/files-tmb\/T5M5PLH8U-F01JG03MDGT-80115839e8\/compare_64.png?t=xoxe-191193697300-2381439834979-2387440767812-d973f70d679d3caabfeb15fb25f95fa2",
                "thumb_80": "https:\/\/files.slack.com\/files-tmb\/T5M5PLH8U-F01JG03MDGT-80115839e8\/compare_80.png?t=xoxe-191193697300-2381439834979-2387440767812-d973f70d679d3caabfeb15fb25f95fa2",
                "thumb_360": "https:\/\/files.slack.com\/files-tmb\/T5M5PLH8U-F01JG03MDGT-80115839e8\/compare_360.png?t=xoxe-191193697300-2381439834979-2387440767812-d973f70d679d3caabfeb15fb25f95fa2",
                "thumb_360_w": 360,
                "thumb_360_h": 240,
                "thumb_480": "https:\/\/files.slack.com\/files-tmb\/T5M5PLH8U-F01JG03MDGT-80115839e8\/compare_480.png?t=xoxe-191193697300-2381439834979-2387440767812-d973f70d679d3caabfeb15fb25f95fa2",
                "thumb_480_w": 480,
                "thumb_480_h": 320,
                "thumb_160": "https:\/\/files.slack.com\/files-tmb\/T5M5PLH8U-F01JG03MDGT-80115839e8\/compare_160.png?t=xoxe-191193697300-2381439834979-2387440767812-d973f70d679d3caabfeb15fb25f95fa2",
                "thumb_720": "https:\/\/files.slack.com\/files-tmb\/T5M5PLH8U-F01JG03MDGT-80115839e8\/compare_720.png?t=xoxe-191193697300-2381439834979-2387440767812-d973f70d679d3caabfeb15fb25f95fa2",
                "thumb_720_w": 720,
                "thumb_720_h": 480,
                "thumb_800": "https:\/\/files.slack.com\/files-tmb\/T5M5PLH8U-F01JG03MDGT-80115839e8\/compare_800.png?t=xoxe-191193697300-2381439834979-2387440767812-d973f70d679d3caabfeb15fb25f95fa2",
                "thumb_800_w": 800,
                "thumb_800_h": 533,
                "thumb_960": "https:\/\/files.slack.com\/files-tmb\/T5M5PLH8U-F01JG03MDGT-80115839e8\/compare_960.png?t=xoxe-191193697300-2381439834979-2387440767812-d973f70d679d3caabfeb15fb25f95fa2",
                "thumb_960_w": 960,
                "thumb_960_h": 640,
                "thumb_1024": "https:\/\/files.slack.com\/files-tmb\/T5M5PLH8U-F01JG03MDGT-80115839e8\/compare_1024.png?t=xoxe-191193697300-2381439834979-2387440767812-d973f70d679d3caabfeb15fb25f95fa2",
                "thumb_1024_w": 1024,
                "thumb_1024_h": 683,
                "original_w": 1080,
                "original_h": 720,
                "thumb_tiny": "AwAgADDNQBmAJwPWpfKj\/wCeh\/KolJByOtOOSMk9aAHNEgUkOT+FRDHc0vNAyRjsOaAF2r2Y\/lTSMHFLj3pKAAdakGMHPXtUY4NLu9qAFPSkGMjNG6kzQA5sZ4H602jNFAH\/2Q==",
                "permalink": "https:\/\/usdevkit.slack.com\/files\/U5M5PLH9S\/F01JG03MDGT\/compare.png",
                "permalink_public": "https:\/\/slack-files.com\/T5M5PLH8U-F01JG03MDGT-8327cd302c",
                "is_starred": false,
                "has_rich_preview": false
            }
        ],
        "upload": false,
        "blocks": [
            {
                "type": "rich_text",
                "block_id": "WwWD",
                "elements": [
                    {
                        "type": "rich_text_section",
                        "elements": [
                            {
                                "type": "text",
                                "text": "Also a bit more signal processing, that goes to \"cleaner\" and more geometric images - more at "
                            },
                            {
                                "type": "link",
                                "url": "https:\/\/github.com\/kelu124\/echomods\/blob\/master\/matty\/20201230a\/20201230a-Processing.ipynb"
                            },
                            {
                                "type": "text",
                                "text": " ."
                            }
                        ]
                    }
                ]
            }
        ],
        "user": "U5M5PLH9S",
        "display_as_bot": false,
        "ts": "1610398068.000500"
    }
]