[
    {
        "type": "message",
        "text": "Working on the hp probe page : <http:\/\/un0rick.cc\/probes\/hp> - interesting and relatively easy setup for a mechanical probe.",
        "files": [
            {
                "id": "F01S2BH7VEJ",
                "created": 1616580926,
                "timestamp": 1616580926,
                "name": "image.png",
                "title": "image.png",
                "mimetype": "image\/png",
                "filetype": "png",
                "pretty_type": "PNG",
                "user": "U5M5PLH9S",
                "editable": false,
                "size": 16754,
                "mode": "hosted",
                "is_external": false,
                "external_type": "",
                "is_public": true,
                "public_url_shared": false,
                "display_as_bot": false,
                "username": "",
                "url_private": "https:\/\/files.slack.com\/files-pri\/T5M5PLH8U-F01S2BH7VEJ\/image.png?t=xoxe-191193697300-2381439834979-2387440767812-d973f70d679d3caabfeb15fb25f95fa2",
                "url_private_download": "https:\/\/files.slack.com\/files-pri\/T5M5PLH8U-F01S2BH7VEJ\/download\/image.png?t=xoxe-191193697300-2381439834979-2387440767812-d973f70d679d3caabfeb15fb25f95fa2",
                "media_display_type": "unknown",
                "thumb_64": "https:\/\/files.slack.com\/files-tmb\/T5M5PLH8U-F01S2BH7VEJ-3d41f399c2\/image_64.png?t=xoxe-191193697300-2381439834979-2387440767812-d973f70d679d3caabfeb15fb25f95fa2",
                "thumb_80": "https:\/\/files.slack.com\/files-tmb\/T5M5PLH8U-F01S2BH7VEJ-3d41f399c2\/image_80.png?t=xoxe-191193697300-2381439834979-2387440767812-d973f70d679d3caabfeb15fb25f95fa2",
                "thumb_360": "https:\/\/files.slack.com\/files-tmb\/T5M5PLH8U-F01S2BH7VEJ-3d41f399c2\/image_360.png?t=xoxe-191193697300-2381439834979-2387440767812-d973f70d679d3caabfeb15fb25f95fa2",
                "thumb_360_w": 360,
                "thumb_360_h": 147,
                "thumb_480": "https:\/\/files.slack.com\/files-tmb\/T5M5PLH8U-F01S2BH7VEJ-3d41f399c2\/image_480.png?t=xoxe-191193697300-2381439834979-2387440767812-d973f70d679d3caabfeb15fb25f95fa2",
                "thumb_480_w": 480,
                "thumb_480_h": 195,
                "thumb_160": "https:\/\/files.slack.com\/files-tmb\/T5M5PLH8U-F01S2BH7VEJ-3d41f399c2\/image_160.png?t=xoxe-191193697300-2381439834979-2387440767812-d973f70d679d3caabfeb15fb25f95fa2",
                "original_w": 641,
                "original_h": 261,
                "thumb_tiny": "AwATADDRIOfvEfhSYP8AfP5U5ulIMd6AFyMdaMijiloATIpQQaKKADFGKKKACiiigAooooA\/\/9k=",
                "permalink": "https:\/\/usdevkit.slack.com\/files\/U5M5PLH9S\/F01S2BH7VEJ\/image.png",
                "permalink_public": "https:\/\/slack-files.com\/T5M5PLH8U-F01S2BH7VEJ-78932dfff4",
                "is_starred": false,
                "has_rich_preview": false
            }
        ],
        "upload": false,
        "blocks": [
            {
                "type": "rich_text",
                "block_id": "2ZRst",
                "elements": [
                    {
                        "type": "rich_text_section",
                        "elements": [
                            {
                                "type": "text",
                                "text": "Working on the hp probe page : "
                            },
                            {
                                "type": "link",
                                "url": "http:\/\/un0rick.cc\/probes\/hp"
                            },
                            {
                                "type": "text",
                                "text": " - interesting and relatively easy setup for a mechanical probe."
                            }
                        ]
                    }
                ]
            }
        ],
        "user": "U5M5PLH9S",
        "display_as_bot": false,
        "ts": "1616580945.000500"
    },
    {
        "client_msg_id": "a5c7a9be-6f8d-4bd7-ba69-e2a24f4c3b2c",
        "type": "message",
        "text": ":ok_hand:",
        "user": "U01N3PNAHS9",
        "ts": "1616633605.000800",
        "team": "T5M5PLH8U",
        "user_team": "T5M5PLH8U",
        "source_team": "T5M5PLH8U",
        "user_profile": {
            "avatar_hash": "96f2f41bd32d",
            "image_72": "https:\/\/avatars.slack-edge.com\/2021-02-15\/1761057808980_96f2f41bd32d3c2b97ec_72.jpg",
            "first_name": "",
            "real_name": "lewis mcfadyen",
            "display_name": "lewis mcfadyen",
            "team": "T5M5PLH8U",
            "name": "lewismcfadyen",
            "is_restricted": false,
            "is_ultra_restricted": false
        },
        "blocks": [
            {
                "type": "rich_text",
                "block_id": "2KZs9",
                "elements": [
                    {
                        "type": "rich_text_section",
                        "elements": [
                            {
                                "type": "emoji",
                                "name": "ok_hand"
                            }
                        ]
                    }
                ]
            }
        ]
    }
]