[
    {
        "client_msg_id": "1f8737bc-b0c0-4941-bd7e-e74a9e74d8cf",
        "type": "message",
        "text": "Whats he make ?",
        "user": "UE3JX8LUT",
        "ts": "1613138870.000100",
        "team": "T5M5PLH8U",
        "user_team": "T5M5PLH8U",
        "source_team": "T5M5PLH8U",
        "user_profile": {
            "avatar_hash": "a9159a929398",
            "image_72": "https:\/\/avatars.slack-edge.com\/2018-11-15\/479026488288_a9159a929398c4006149_72.jpg",
            "first_name": "Fadhli",
            "real_name": "Fadhli",
            "display_name": "Fadhli",
            "team": "T5M5PLH8U",
            "name": "fadhliazinnuddin",
            "is_restricted": false,
            "is_ultra_restricted": false
        },
        "blocks": [
            {
                "type": "rich_text",
                "block_id": "1qoR",
                "elements": [
                    {
                        "type": "rich_text_section",
                        "elements": [
                            {
                                "type": "text",
                                "text": "Whats he make ?"
                            }
                        ]
                    }
                ]
            }
        ],
        "thread_ts": "1608567804.000100",
        "parent_user_id": "U5M5PLH9S"
    },
    {
        "client_msg_id": "f150eadb-406b-4791-9785-147abe6194e7",
        "type": "message",
        "text": "You may want to ask him directly ;)",
        "user": "U5M5PLH9S",
        "ts": "1613138987.000300",
        "team": "T5M5PLH8U",
        "user_team": "T5M5PLH8U",
        "source_team": "T5M5PLH8U",
        "user_profile": {
            "avatar_hash": "e4fb6ae9f526",
            "image_72": "https:\/\/avatars.slack-edge.com\/2017-06-01\/191144530514_e4fb6ae9f526531fd41c_72.jpg",
            "first_name": "",
            "real_name": "kelu",
            "display_name": "",
            "team": "T5M5PLH8U",
            "name": "kelu",
            "is_restricted": false,
            "is_ultra_restricted": false
        },
        "blocks": [
            {
                "type": "rich_text",
                "block_id": "iZ9G",
                "elements": [
                    {
                        "type": "rich_text_section",
                        "elements": [
                            {
                                "type": "text",
                                "text": "You may want to ask him directly ;)"
                            }
                        ]
                    }
                ]
            }
        ],
        "thread_ts": "1608567804.000100",
        "parent_user_id": "U5M5PLH9S"
    }
]