[
{"user_id":"UTEL7RL8P","user_name":"yarulik1986","date":"1599718066","change_type":"added","app_type":"Language Translation Bot","app_id":"AFQ66STHP","scope":"identify,bot,commands,team:read,chat:write:user,chat:write:bot"},
{"user_id":"U5M5PLH9S","user_name":"kelu","date":"1582307738","change_type":"expanded","service_id":963610378032,"service_type":"App","scope":null,"app_type":"GitHub","app_id":"A8GBNUWU8"},
{"user_id":"U5M5PLH9S","user_name":"kelu","date":"1582307738","change_type":"resource_grant_created","service_id":963610378032,"service_type":"App","scope":null,"app_type":"GitHub","app_id":"A8GBNUWU8"},
{"user_id":"U5M5PLH9S","user_name":"kelu","date":"1582307738","change_type":"wildcard_resource_grant_created","service_id":963610378032,"service_type":"App","scope":null,"app_type":"GitHub","app_id":"A8GBNUWU8"},
{"user_id":"U5M5PLH9S","user_name":"kelu","date":"1582307738","change_type":"expanded","service_id":963610378032,"service_type":"App","scope":null,"app_type":"GitHub","app_id":"A8GBNUWU8"},
{"user_id":"U5M5PLH9S","user_name":"kelu","date":"1582307738","change_type":"resource_grant_created","service_id":963610378032,"service_type":"App","scope":null,"channel":"private","app_type":"GitHub","app_id":"A8GBNUWU8"},
{"user_id":"U5M5PLH9S","user_name":"kelu","date":"1582307738","change_type":"added","app_type":"GitHub","app_id":"A8GBNUWU8"},
{"user_id":"U5M5PLH9S","user_name":"kelu","date":"1547842744","change_type":"added","app_type":"Simple Poll","app_id":"A0HFW7MR6","scope":"identify,commands,chat:write:bot,reactions:write"},
{"user_id":"U5M5PLH9S","user_name":"kelu","date":"1547064454","change_type":"added","app_type":"Google Drive","app_id":"A6NL8MJ6Q","scope":"identify,bot,channels:read,files:read,team:read,users:read,users:read.email,chat:write:bot,links:read"},
{"user_id":"U5MRX6SSV","user_name":"fl.throwaway.3.141592","date":"1496616230","change_type":"updated","service_id":192533875748,"service_type":"Outgoing WebHooks","scope":"channels:history","channel":"C5M48DNKC"},
{"user_id":"U5MRX6SSV","user_name":"fl.throwaway.3.141592","date":"1496616218","change_type":"added","service_id":192533875748,"service_type":"Outgoing WebHooks","scope":"channels:history"},
{"user_id":"U5MRX6SSV","user_name":"fl.throwaway.3.141592","date":"1496616209","change_type":"updated","service_id":192579606917,"service_type":"Incoming WebHooks","scope":"incoming-webhook","channel":"C5M48DNKC"},
{"user_id":"U5MRX6SSV","user_name":"fl.throwaway.3.141592","date":"1496616142","change_type":"added","service_id":192579606917,"service_type":"Incoming WebHooks","scope":"incoming-webhook","channel":"C5M48DNKC"},
{"user_id":"U5MRX6SSV","user_name":"fl.throwaway.3.141592","date":"1496614552","change_type":"updated","service_id":192481304978,"service_type":"Outgoing WebHooks","scope":"channels:history","channel":"C5M71F0DT"},
{"user_id":"U5MRX6SSV","user_name":"fl.throwaway.3.141592","date":"1496614466","change_type":"updated","service_id":192481304978,"service_type":"Outgoing WebHooks","scope":"channels:history"},
{"user_id":"U5MRX6SSV","user_name":"fl.throwaway.3.141592","date":"1496614445","change_type":"added","app_type":"Element Bridge","app_id":"A1BKR8Y8J","scope":"identify,channels:history,channels:read,team:read,users:read,users:read.email,files:write:user"},
{"user_id":"U5MRX6SSV","user_name":"fl.throwaway.3.141592","date":"1496614415","change_type":"updated","service_id":192481304978,"service_type":"Outgoing WebHooks","scope":"channels:history"},
{"user_id":"U5MRX6SSV","user_name":"fl.throwaway.3.141592","date":"1496614405","change_type":"added","service_id":192481304978,"service_type":"Outgoing WebHooks","scope":"channels:history"},
{"user_id":"U5MRX6SSV","user_name":"fl.throwaway.3.141592","date":"1496614369","change_type":"added","service_id":191813827536,"service_type":"Incoming WebHooks","scope":"incoming-webhook","channel":"C5M71F0DT"},
{"user_id":0,"user_name":"slack","date":"1496320844","change_type":"added","service_id":191239513429,"service_type":"Google Drive","scope":"files:write:user"}
]