[
    {
        "type": "message",
        "text": "Making progress ^^",
        "user": "U5M5PLH9S",
        "ts": "1571854504.000100",
        "team": "T5M5PLH8U",
        "user_team": "T5M5PLH8U",
        "source_team": "T5M5PLH8U",
        "user_profile": {
            "avatar_hash": "e4fb6ae9f526",
            "image_72": "https:\/\/avatars.slack-edge.com\/2017-06-01\/191144530514_e4fb6ae9f526531fd41c_72.jpg",
            "first_name": "",
            "real_name": "kelu",
            "display_name": "",
            "team": "T5M5PLH8U",
            "name": "kelu",
            "is_restricted": false,
            "is_ultra_restricted": false
        },
        "attachments": [
            {
                "fallback": "[October 23rd, 2019 8:14 PM] kelu: Hehe good news, the up5k board seems up and running ! Details on acqs - <https:\/\/github.com\/kelu124\/echomods\/tree\/master\/matty\/20191023a> - there was a last hardware bug :sweat_smile:\nAcquisitions of 300us at 64msps, 12bits, seem to work fine :smiley:",
                "ts": "1571854456.001400",
                "author_id": "U5M5PLH9S",
                "author_subname": "kelu",
                "channel_id": "C5M71F0DT",
                "channel_name": "general",
                "is_msg_unfurl": true,
                "text": "Hehe good news, the up5k board seems up and running ! Details on acqs - <https:\/\/github.com\/kelu124\/echomods\/tree\/master\/matty\/20191023a> - there was a last hardware bug :sweat_smile:\nAcquisitions of 300us at 64msps, 12bits, seem to work fine :smiley:",
                "author_name": "kelu",
                "author_link": "https:\/\/usdevkit.slack.com\/team\/U5M5PLH9S",
                "author_icon": "https:\/\/avatars.slack-edge.com\/2017-06-01\/191144530514_e4fb6ae9f526531fd41c_48.jpg",
                "mrkdwn_in": [
                    "text"
                ],
                "files": [
                    {
                        "id": "FPSLXGA30",
                        "created": 1571854451,
                        "timestamp": 1571854451,
                        "name": "20191023a-10.jpg",
                        "title": "20191023a-10.jpg",
                        "mimetype": "image\/jpeg",
                        "filetype": "jpg",
                        "pretty_type": "JPEG",
                        "user": "U5M5PLH9S",
                        "editable": false,
                        "size": 169033,
                        "mode": "hosted",
                        "is_external": false,
                        "external_type": "",
                        "is_public": true,
                        "public_url_shared": false,
                        "display_as_bot": false,
                        "username": "",
                        "url_private": "https:\/\/files.slack.com\/files-pri\/T5M5PLH8U-FPSLXGA30\/20191023a-10.jpg",
                        "url_private_download": "https:\/\/files.slack.com\/files-pri\/T5M5PLH8U-FPSLXGA30\/download\/20191023a-10.jpg",
                        "thumb_64": "https:\/\/files.slack.com\/files-tmb\/T5M5PLH8U-FPSLXGA30-40135041d9\/20191023a-10_64.jpg",
                        "thumb_80": "https:\/\/files.slack.com\/files-tmb\/T5M5PLH8U-FPSLXGA30-40135041d9\/20191023a-10_80.jpg",
                        "thumb_360": "https:\/\/files.slack.com\/files-tmb\/T5M5PLH8U-FPSLXGA30-40135041d9\/20191023a-10_360.jpg",
                        "thumb_360_w": 360,
                        "thumb_360_h": 180,
                        "thumb_480": "https:\/\/files.slack.com\/files-tmb\/T5M5PLH8U-FPSLXGA30-40135041d9\/20191023a-10_480.jpg",
                        "thumb_480_w": 480,
                        "thumb_480_h": 240,
                        "thumb_160": "https:\/\/files.slack.com\/files-tmb\/T5M5PLH8U-FPSLXGA30-40135041d9\/20191023a-10_160.jpg",
                        "thumb_720": "https:\/\/files.slack.com\/files-tmb\/T5M5PLH8U-FPSLXGA30-40135041d9\/20191023a-10_720.jpg",
                        "thumb_720_w": 720,
                        "thumb_720_h": 360,
                        "thumb_800": "https:\/\/files.slack.com\/files-tmb\/T5M5PLH8U-FPSLXGA30-40135041d9\/20191023a-10_800.jpg",
                        "thumb_800_w": 800,
                        "thumb_800_h": 400,
                        "thumb_960": "https:\/\/files.slack.com\/files-tmb\/T5M5PLH8U-FPSLXGA30-40135041d9\/20191023a-10_960.jpg",
                        "thumb_960_w": 960,
                        "thumb_960_h": 480,
                        "thumb_1024": "https:\/\/files.slack.com\/files-tmb\/T5M5PLH8U-FPSLXGA30-40135041d9\/20191023a-10_1024.jpg",
                        "thumb_1024_w": 1024,
                        "thumb_1024_h": 512,
                        "image_exif_rotation": 1,
                        "original_w": 2000,
                        "original_h": 1000,
                        "thumb_tiny": "AwAYADDTpAeAfWjJqBfN8hM7d2Rj6ZppXAnKg0BQKaN\/mHptx+tKN+3nbnNFgHUUnPtRzikAtIBgAelLRQAUUdqQdKAFzRRRQB\/\/2Q==",
                        "permalink": "https:\/\/usdevkit.slack.com\/files\/U5M5PLH9S\/FPSLXGA30\/20191023a-10.jpg",
                        "permalink_public": "https:\/\/slack-files.com\/T5M5PLH8U-FPSLXGA30-5bb849a150",
                        "is_starred": false,
                        "has_rich_preview": false
                    },
                    {
                        "id": "FPSLXGA86",
                        "created": 1571854451,
                        "timestamp": 1571854451,
                        "name": "20191023a-10-fft.jpg",
                        "title": "20191023a-10-fft.jpg",
                        "mimetype": "image\/jpeg",
                        "filetype": "jpg",
                        "pretty_type": "JPEG",
                        "user": "U5M5PLH9S",
                        "editable": false,
                        "size": 72436,
                        "mode": "hosted",
                        "is_external": false,
                        "external_type": "",
                        "is_public": true,
                        "public_url_shared": false,
                        "display_as_bot": false,
                        "username": "",
                        "url_private": "https:\/\/files.slack.com\/files-pri\/T5M5PLH8U-FPSLXGA86\/20191023a-10-fft.jpg",
                        "url_private_download": "https:\/\/files.slack.com\/files-pri\/T5M5PLH8U-FPSLXGA86\/download\/20191023a-10-fft.jpg",
                        "thumb_64": "https:\/\/files.slack.com\/files-tmb\/T5M5PLH8U-FPSLXGA86-be293187b6\/20191023a-10-fft_64.jpg",
                        "thumb_80": "https:\/\/files.slack.com\/files-tmb\/T5M5PLH8U-FPSLXGA86-be293187b6\/20191023a-10-fft_80.jpg",
                        "thumb_360": "https:\/\/files.slack.com\/files-tmb\/T5M5PLH8U-FPSLXGA86-be293187b6\/20191023a-10-fft_360.jpg",
                        "thumb_360_w": 360,
                        "thumb_360_h": 120,
                        "thumb_480": "https:\/\/files.slack.com\/files-tmb\/T5M5PLH8U-FPSLXGA86-be293187b6\/20191023a-10-fft_480.jpg",
                        "thumb_480_w": 480,
                        "thumb_480_h": 160,
                        "thumb_160": "https:\/\/files.slack.com\/files-tmb\/T5M5PLH8U-FPSLXGA86-be293187b6\/20191023a-10-fft_160.jpg",
                        "thumb_720": "https:\/\/files.slack.com\/files-tmb\/T5M5PLH8U-FPSLXGA86-be293187b6\/20191023a-10-fft_720.jpg",
                        "thumb_720_w": 720,
                        "thumb_720_h": 240,
                        "thumb_800": "https:\/\/files.slack.com\/files-tmb\/T5M5PLH8U-FPSLXGA86-be293187b6\/20191023a-10-fft_800.jpg",
                        "thumb_800_w": 800,
                        "thumb_800_h": 267,
                        "thumb_960": "https:\/\/files.slack.com\/files-tmb\/T5M5PLH8U-FPSLXGA86-be293187b6\/20191023a-10-fft_960.jpg",
                        "thumb_960_w": 960,
                        "thumb_960_h": 320,
                        "thumb_1024": "https:\/\/files.slack.com\/files-tmb\/T5M5PLH8U-FPSLXGA86-be293187b6\/20191023a-10-fft_1024.jpg",
                        "thumb_1024_w": 1024,
                        "thumb_1024_h": 341,
                        "image_exif_rotation": 1,
                        "original_w": 1500,
                        "original_h": 500,
                        "thumb_tiny": "AwAQADDSpajkDFdqjrwTnpTssF+7k0AOwKMCmbmxyh\/MUoY4+6f0oAdRSbj\/AHTRknsRQB\/\/2Q==",
                        "permalink": "https:\/\/usdevkit.slack.com\/files\/U5M5PLH9S\/FPSLXGA86\/20191023a-10-fft.jpg",
                        "permalink_public": "https:\/\/slack-files.com\/T5M5PLH8U-FPSLXGA86-69eac58df2",
                        "is_starred": false,
                        "has_rich_preview": false
                    }
                ],
                "color": "D0D0D0",
                "from_url": "https:\/\/usdevkit.slack.com\/archives\/C5M71F0DT\/p1571854456001400",
                "is_share": true,
                "footer": "Posted in #general"
            }
        ]
    }
]