[
    {
        "type": "message",
        "subtype": "channel_join",
        "ts": "1561884744.000200",
        "user": "U5M5PLH9S",
        "text": "<@U5M5PLH9S> has joined the channel"
    },
    {
        "type": "message",
        "text": "First image of the smaller up5k board",
        "user": "U5M5PLH9S",
        "ts": "1561884761.000300",
        "team": "T5M5PLH8U",
        "user_team": "T5M5PLH8U",
        "source_team": "T5M5PLH8U",
        "user_profile": {
            "avatar_hash": "e4fb6ae9f526",
            "image_72": "https:\/\/avatars.slack-edge.com\/2017-06-01\/191144530514_e4fb6ae9f526531fd41c_72.jpg",
            "first_name": "",
            "real_name": "kelu",
            "display_name": "",
            "team": "T5M5PLH8U",
            "name": "kelu",
            "is_restricted": false,
            "is_ultra_restricted": false
        },
        "attachments": [
            {
                "fallback": "[February 16th, 2019 2:14 PM] kelu: Tests of the pHAT-like lit3rick coming soon ;)",
                "ts": "1550322852.010200",
                "author_id": "U5M5PLH9S",
                "author_subname": "kelu",
                "channel_id": "C5M71F0DT",
                "channel_name": "general",
                "is_msg_unfurl": true,
                "is_thread_root_unfurl": true,
                "text": "Tests of the pHAT-like lit3rick coming soon ;)",
                "author_name": "kelu",
                "author_link": "https:\/\/usdevkit.slack.com\/team\/U5M5PLH9S",
                "author_icon": "https:\/\/avatars.slack-edge.com\/2017-06-01\/191144530514_e4fb6ae9f526531fd41c_48.jpg",
                "mrkdwn_in": [
                    "text"
                ],
                "files": [
                    {
                        "id": "FGAB7TTV4",
                        "created": 1550322852,
                        "timestamp": 1550322852,
                        "name": "IMG_20190216_141307.jpg",
                        "title": "IMG_20190216_141307.jpg",
                        "mimetype": "image\/jpeg",
                        "filetype": "jpg",
                        "pretty_type": "JPEG",
                        "user": "U5M5PLH9S",
                        "editable": false,
                        "size": 803398,
                        "mode": "hosted",
                        "is_external": false,
                        "external_type": "",
                        "is_public": true,
                        "public_url_shared": false,
                        "display_as_bot": false,
                        "username": "",
                        "url_private": "https:\/\/files.slack.com\/files-pri\/T5M5PLH8U-FGAB7TTV4\/img_20190216_141307.jpg",
                        "url_private_download": "https:\/\/files.slack.com\/files-pri\/T5M5PLH8U-FGAB7TTV4\/download\/img_20190216_141307.jpg",
                        "thumb_64": "https:\/\/files.slack.com\/files-tmb\/T5M5PLH8U-FGAB7TTV4-4343e3b204\/img_20190216_141307_64.jpg",
                        "thumb_80": "https:\/\/files.slack.com\/files-tmb\/T5M5PLH8U-FGAB7TTV4-4343e3b204\/img_20190216_141307_80.jpg",
                        "thumb_360": "https:\/\/files.slack.com\/files-tmb\/T5M5PLH8U-FGAB7TTV4-4343e3b204\/img_20190216_141307_360.jpg",
                        "thumb_360_w": 270,
                        "thumb_360_h": 360,
                        "thumb_480": "https:\/\/files.slack.com\/files-tmb\/T5M5PLH8U-FGAB7TTV4-4343e3b204\/img_20190216_141307_480.jpg",
                        "thumb_480_w": 360,
                        "thumb_480_h": 480,
                        "thumb_160": "https:\/\/files.slack.com\/files-tmb\/T5M5PLH8U-FGAB7TTV4-4343e3b204\/img_20190216_141307_160.jpg",
                        "thumb_720": "https:\/\/files.slack.com\/files-tmb\/T5M5PLH8U-FGAB7TTV4-4343e3b204\/img_20190216_141307_720.jpg",
                        "thumb_720_w": 540,
                        "thumb_720_h": 720,
                        "thumb_800": "https:\/\/files.slack.com\/files-tmb\/T5M5PLH8U-FGAB7TTV4-4343e3b204\/img_20190216_141307_800.jpg",
                        "thumb_800_w": 800,
                        "thumb_800_h": 1067,
                        "thumb_960": "https:\/\/files.slack.com\/files-tmb\/T5M5PLH8U-FGAB7TTV4-4343e3b204\/img_20190216_141307_960.jpg",
                        "thumb_960_w": 720,
                        "thumb_960_h": 960,
                        "thumb_1024": "https:\/\/files.slack.com\/files-tmb\/T5M5PLH8U-FGAB7TTV4-4343e3b204\/img_20190216_141307_1024.jpg",
                        "thumb_1024_w": 768,
                        "thumb_1024_h": 1024,
                        "image_exif_rotation": 1,
                        "original_w": 2448,
                        "original_h": 3264,
                        "permalink": "https:\/\/usdevkit.slack.com\/files\/U5M5PLH9S\/FGAB7TTV4\/img_20190216_141307.jpg",
                        "permalink_public": "https:\/\/slack-files.com\/T5M5PLH8U-FGAB7TTV4-20ab3c347f",
                        "is_starred": false,
                        "has_rich_preview": false
                    }
                ],
                "color": "D0D0D0",
                "from_url": "https:\/\/usdevkit.slack.com\/archives\/C5M71F0DT\/p1550322852010200?thread_ts=1550322852010200&cid=C5M71F0DT",
                "is_share": true,
                "footer": "Thread in #general"
            }
        ]
    },
    {
        "type": "message",
        "subtype": "channel_purpose",
        "ts": "1561884781.000500",
        "user": "U5M5PLH9S",
        "text": "<@U5M5PLH9S> set the channel purpose: To discuss the pHAT board",
        "purpose": "To discuss the pHAT board"
    },
    {
        "type": "message",
        "text": "Initial design",
        "files": [
            {
                "id": "FL2KHSVCN",
                "created": 1561884808,
                "timestamp": 1561884808,
                "name": "lit3rick.png",
                "title": "lit3rick.png",
                "mimetype": "image\/png",
                "filetype": "png",
                "pretty_type": "PNG",
                "user": "U5M5PLH9S",
                "editable": false,
                "size": 177134,
                "mode": "hosted",
                "is_external": false,
                "external_type": "",
                "is_public": true,
                "public_url_shared": false,
                "display_as_bot": false,
                "username": "",
                "url_private": "https:\/\/files.slack.com\/files-pri\/T5M5PLH8U-FL2KHSVCN\/lit3rick.png?t=xoxe-191193697300-964750812979-978081040215-70140a522cd1d53d5dacb8121ac10305",
                "url_private_download": "https:\/\/files.slack.com\/files-pri\/T5M5PLH8U-FL2KHSVCN\/download\/lit3rick.png?t=xoxe-191193697300-964750812979-978081040215-70140a522cd1d53d5dacb8121ac10305",
                "thumb_64": "https:\/\/files.slack.com\/files-tmb\/T5M5PLH8U-FL2KHSVCN-b99ba150a4\/lit3rick_64.png?t=xoxe-191193697300-964750812979-978081040215-70140a522cd1d53d5dacb8121ac10305",
                "thumb_80": "https:\/\/files.slack.com\/files-tmb\/T5M5PLH8U-FL2KHSVCN-b99ba150a4\/lit3rick_80.png?t=xoxe-191193697300-964750812979-978081040215-70140a522cd1d53d5dacb8121ac10305",
                "thumb_360": "https:\/\/files.slack.com\/files-tmb\/T5M5PLH8U-FL2KHSVCN-b99ba150a4\/lit3rick_360.png?t=xoxe-191193697300-964750812979-978081040215-70140a522cd1d53d5dacb8121ac10305",
                "thumb_360_w": 360,
                "thumb_360_h": 175,
                "thumb_480": "https:\/\/files.slack.com\/files-tmb\/T5M5PLH8U-FL2KHSVCN-b99ba150a4\/lit3rick_480.png?t=xoxe-191193697300-964750812979-978081040215-70140a522cd1d53d5dacb8121ac10305",
                "thumb_480_w": 480,
                "thumb_480_h": 234,
                "thumb_160": "https:\/\/files.slack.com\/files-tmb\/T5M5PLH8U-FL2KHSVCN-b99ba150a4\/lit3rick_160.png?t=xoxe-191193697300-964750812979-978081040215-70140a522cd1d53d5dacb8121ac10305",
                "image_exif_rotation": 1,
                "original_w": 630,
                "original_h": 307,
                "permalink": "https:\/\/usdevkit.slack.com\/files\/U5M5PLH9S\/FL2KHSVCN\/lit3rick.png",
                "permalink_public": "https:\/\/slack-files.com\/T5M5PLH8U-FL2KHSVCN-f4c1fd66c3",
                "is_starred": false,
                "has_rich_preview": false
            }
        ],
        "upload": true,
        "user": "U5M5PLH9S",
        "display_as_bot": false,
        "ts": "1561884809.000600",
        "client_msg_id": "4dd3632a-ea08-4da1-9290-d241083c244f"
    },
    {
        "type": "message",
        "text": "And the first iteration of the schematics",
        "files": [
            {
                "id": "FL0FL5A2H",
                "created": 1561884837,
                "timestamp": 1561884837,
                "name": "schematics.pdf",
                "title": "schematics.pdf",
                "mimetype": "application\/pdf",
                "filetype": "pdf",
                "pretty_type": "PDF",
                "user": "U5M5PLH9S",
                "editable": false,
                "size": 758970,
                "mode": "hosted",
                "is_external": false,
                "external_type": "",
                "is_public": true,
                "public_url_shared": false,
                "display_as_bot": false,
                "username": "",
                "url_private": "https:\/\/files.slack.com\/files-pri\/T5M5PLH8U-FL0FL5A2H\/schematics.pdf?t=xoxe-191193697300-964750812979-978081040215-70140a522cd1d53d5dacb8121ac10305",
                "url_private_download": "https:\/\/files.slack.com\/files-pri\/T5M5PLH8U-FL0FL5A2H\/download\/schematics.pdf?t=xoxe-191193697300-964750812979-978081040215-70140a522cd1d53d5dacb8121ac10305",
                "thumb_pdf": "https:\/\/files.slack.com\/files-tmb\/T5M5PLH8U-FL0FL5A2H-8b777d5bec\/schematics_thumb_pdf.png?t=xoxe-191193697300-964750812979-978081040215-70140a522cd1d53d5dacb8121ac10305",
                "thumb_pdf_w": 5589,
                "thumb_pdf_h": 2960,
                "permalink": "https:\/\/usdevkit.slack.com\/files\/U5M5PLH9S\/FL0FL5A2H\/schematics.pdf",
                "permalink_public": "https:\/\/slack-files.com\/T5M5PLH8U-FL0FL5A2H-802daa9733",
                "is_starred": false,
                "has_rich_preview": false
            }
        ],
        "upload": true,
        "user": "U5M5PLH9S",
        "display_as_bot": false,
        "ts": "1561884839.000900",
        "client_msg_id": "b360c061-44d4-4707-8f73-bc74af847730"
    }
]