[
    {
        "type": "message",
        "text": "<@U8Z3VB1T2> <@UCKEJ93DZ> there is still this mechanical probe than one could use",
        "files": [
            {
                "id": "FCLNQEQKH",
                "created": 1535874556,
                "timestamp": 1535874556,
                "name": "mech_probe.jpg",
                "title": "mech_probe.jpg",
                "mimetype": "image\/jpeg",
                "filetype": "jpg",
                "pretty_type": "JPEG",
                "user": "U5M5PLH9S",
                "editable": false,
                "size": 106425,
                "mode": "hosted",
                "is_external": false,
                "external_type": "",
                "is_public": true,
                "public_url_shared": false,
                "display_as_bot": false,
                "username": "",
                "url_private": "https:\/\/files.slack.com\/files-pri\/T5M5PLH8U-FCLNQEQKH\/mech_probe.jpg?t=xoxe-191193697300-1655641665238-1662624174259-9d4966033b52bec8bbd54ad611c52557",
                "url_private_download": "https:\/\/files.slack.com\/files-pri\/T5M5PLH8U-FCLNQEQKH\/download\/mech_probe.jpg?t=xoxe-191193697300-1655641665238-1662624174259-9d4966033b52bec8bbd54ad611c52557",
                "thumb_64": "https:\/\/files.slack.com\/files-tmb\/T5M5PLH8U-FCLNQEQKH-dbfd23eb95\/mech_probe_64.jpg?t=xoxe-191193697300-1655641665238-1662624174259-9d4966033b52bec8bbd54ad611c52557",
                "thumb_80": "https:\/\/files.slack.com\/files-tmb\/T5M5PLH8U-FCLNQEQKH-dbfd23eb95\/mech_probe_80.jpg?t=xoxe-191193697300-1655641665238-1662624174259-9d4966033b52bec8bbd54ad611c52557",
                "thumb_360": "https:\/\/files.slack.com\/files-tmb\/T5M5PLH8U-FCLNQEQKH-dbfd23eb95\/mech_probe_360.jpg?t=xoxe-191193697300-1655641665238-1662624174259-9d4966033b52bec8bbd54ad611c52557",
                "thumb_360_w": 270,
                "thumb_360_h": 360,
                "thumb_480": "https:\/\/files.slack.com\/files-tmb\/T5M5PLH8U-FCLNQEQKH-dbfd23eb95\/mech_probe_480.jpg?t=xoxe-191193697300-1655641665238-1662624174259-9d4966033b52bec8bbd54ad611c52557",
                "thumb_480_w": 360,
                "thumb_480_h": 480,
                "thumb_160": "https:\/\/files.slack.com\/files-tmb\/T5M5PLH8U-FCLNQEQKH-dbfd23eb95\/mech_probe_160.jpg?t=xoxe-191193697300-1655641665238-1662624174259-9d4966033b52bec8bbd54ad611c52557",
                "thumb_720": "https:\/\/files.slack.com\/files-tmb\/T5M5PLH8U-FCLNQEQKH-dbfd23eb95\/mech_probe_720.jpg?t=xoxe-191193697300-1655641665238-1662624174259-9d4966033b52bec8bbd54ad611c52557",
                "thumb_720_w": 540,
                "thumb_720_h": 720,
                "thumb_800": "https:\/\/files.slack.com\/files-tmb\/T5M5PLH8U-FCLNQEQKH-dbfd23eb95\/mech_probe_800.jpg?t=xoxe-191193697300-1655641665238-1662624174259-9d4966033b52bec8bbd54ad611c52557",
                "thumb_800_w": 800,
                "thumb_800_h": 1067,
                "thumb_960": "https:\/\/files.slack.com\/files-tmb\/T5M5PLH8U-FCLNQEQKH-dbfd23eb95\/mech_probe_960.jpg?t=xoxe-191193697300-1655641665238-1662624174259-9d4966033b52bec8bbd54ad611c52557",
                "thumb_960_w": 720,
                "thumb_960_h": 960,
                "thumb_1024": "https:\/\/files.slack.com\/files-tmb\/T5M5PLH8U-FCLNQEQKH-dbfd23eb95\/mech_probe_1024.jpg?t=xoxe-191193697300-1655641665238-1662624174259-9d4966033b52bec8bbd54ad611c52557",
                "thumb_1024_w": 768,
                "thumb_1024_h": 1024,
                "image_exif_rotation": 1,
                "original_w": 960,
                "original_h": 1280,
                "permalink": "https:\/\/usdevkit.slack.com\/files\/U5M5PLH9S\/FCLNQEQKH\/mech_probe.jpg",
                "permalink_public": "https:\/\/slack-files.com\/T5M5PLH8U-FCLNQEQKH-ba7ff993ce",
                "is_starred": false,
                "has_rich_preview": false
            }
        ],
        "upload": true,
        "user": "U5M5PLH9S",
        "display_as_bot": false,
        "ts": "1535874559.000100",
        "client_msg_id": "47ff4397-0ef6-4ce1-8c58-154dabf048fc"
    },
    {
        "type": "message",
        "subtype": "channel_join",
        "ts": "1535874578.000200",
        "user": "UCKEJ93DZ",
        "text": "<@UCKEJ93DZ> has joined the channel",
        "inviter": "U5M5PLH9S"
    }
]