[
    {
        "type": "message",
        "subtype": "channel_join",
        "ts": "1525178842.000292",
        "user": "U5M5PLH9S",
        "text": "<@U5M5PLH9S> has joined the channel"
    },
    {
        "type": "message",
        "subtype": "channel_purpose",
        "ts": "1525178843.000194",
        "user": "U5M5PLH9S",
        "text": "<@U5M5PLH9S> set the channel purpose: Providing ideas about Shenzen probe and hardware suppliers.",
        "purpose": "Providing ideas about Shenzen probe and hardware suppliers."
    },
    {
        "type": "message",
        "text": "A first supplier to provide with a cable, mechanical probe. <https:\/\/github.com\/kelu124\/echomods\/tree\/master\/include\/cn_mechprob>",
        "user": "U5M5PLH9S",
        "ts": "1525178924.000180",
        "team": "T5M5PLH8U",
        "user_team": "T5M5PLH8U",
        "source_team": "T5M5PLH8U",
        "user_profile": {
            "avatar_hash": "e4fb6ae9f526",
            "image_72": "https:\/\/avatars.slack-edge.com\/2017-06-01\/191144530514_e4fb6ae9f526531fd41c_72.jpg",
            "first_name": "",
            "real_name": "kelu",
            "display_name": "",
            "team": "T5M5PLH8U",
            "name": "kelu",
            "is_restricted": false,
            "is_ultra_restricted": false
        }
    },
    {
        "type": "message",
        "text": "Also another wireless probe I've been playing with, got the way to get images out of it: <https:\/\/github.com\/kelu124\/pyUProbe1>",
        "user": "U5M5PLH9S",
        "ts": "1525178962.000006",
        "team": "T5M5PLH8U",
        "user_team": "T5M5PLH8U",
        "source_team": "T5M5PLH8U",
        "user_profile": {
            "avatar_hash": "e4fb6ae9f526",
            "image_72": "https:\/\/avatars.slack-edge.com\/2017-06-01\/191144530514_e4fb6ae9f526531fd41c_72.jpg",
            "first_name": "",
            "real_name": "kelu",
            "display_name": "",
            "team": "T5M5PLH8U",
            "name": "kelu",
            "is_restricted": false,
            "is_ultra_restricted": false
        }
    },
    {
        "type": "message",
        "text": "Also found pics of another shenzen wireless probe, before being assembled, at <https:\/\/github.com\/kelu124\/echomods\/tree\/master\/retired\/loftus\/source\/s3>",
        "user": "U5M5PLH9S",
        "ts": "1525179053.000451",
        "team": "T5M5PLH8U",
        "user_team": "T5M5PLH8U",
        "source_team": "T5M5PLH8U",
        "user_profile": {
            "avatar_hash": "e4fb6ae9f526",
            "image_72": "https:\/\/avatars.slack-edge.com\/2017-06-01\/191144530514_e4fb6ae9f526531fd41c_72.jpg",
            "first_name": "",
            "real_name": "kelu",
            "display_name": "",
            "team": "T5M5PLH8U",
            "name": "kelu",
            "is_restricted": false,
            "is_ultra_restricted": false
        }
    }
]