[
    {
        "type": "message",
        "text": "Some new probes :smiley:",
        "user": "U5M5PLH9S",
        "ts": "1561884655.000100",
        "team": "T5M5PLH8U",
        "user_team": "T5M5PLH8U",
        "source_team": "T5M5PLH8U",
        "user_profile": {
            "avatar_hash": "e4fb6ae9f526",
            "image_72": "https:\/\/avatars.slack-edge.com\/2017-06-01\/191144530514_e4fb6ae9f526531fd41c_72.jpg",
            "first_name": "",
            "real_name": "kelu",
            "display_name": "",
            "team": "T5M5PLH8U",
            "name": "kelu",
            "is_restricted": false,
            "is_ultra_restricted": false
        },
        "attachments": [
            {
                "fallback": "[June 15th, 2019 11:42 AM] kelu: Salut <!channel>, I may be able to source some probes heads (motor + piezo in appropriate casing) from shenzen, parts are around 210$ (large head) to 250$ (smaller head) per unit, anyone interested ? I'm hoping for a bulk discount :wink:",
                "ts": "1560591742.003000",
                "author_id": "U5M5PLH9S",
                "author_subname": "kelu",
                "channel_id": "C5M71F0DT",
                "channel_name": "general",
                "is_msg_unfurl": true,
                "text": "Salut <!channel>, I may be able to source some probes heads (motor + piezo in appropriate casing) from shenzen, parts are around 210$ (large head) to 250$ (smaller head) per unit, anyone interested ? I'm hoping for a bulk discount :wink:",
                "author_name": "kelu",
                "author_link": "https:\/\/usdevkit.slack.com\/team\/U5M5PLH9S",
                "author_icon": "https:\/\/avatars.slack-edge.com\/2017-06-01\/191144530514_e4fb6ae9f526531fd41c_48.jpg",
                "mrkdwn_in": [
                    "text"
                ],
                "files": [
                    {
                        "id": "FKL627DME",
                        "created": 1560591739,
                        "timestamp": 1560591739,
                        "name": "probes_heads.png",
                        "title": "probes_heads.png",
                        "mimetype": "image\/png",
                        "filetype": "png",
                        "pretty_type": "PNG",
                        "user": "U5M5PLH9S",
                        "editable": false,
                        "size": 627126,
                        "mode": "hosted",
                        "is_external": false,
                        "external_type": "",
                        "is_public": true,
                        "public_url_shared": false,
                        "display_as_bot": false,
                        "username": "",
                        "url_private": "https:\/\/files.slack.com\/files-pri\/T5M5PLH8U-FKL627DME\/probes_heads.png",
                        "url_private_download": "https:\/\/files.slack.com\/files-pri\/T5M5PLH8U-FKL627DME\/download\/probes_heads.png",
                        "thumb_64": "https:\/\/files.slack.com\/files-tmb\/T5M5PLH8U-FKL627DME-683653dadb\/probes_heads_64.png",
                        "thumb_80": "https:\/\/files.slack.com\/files-tmb\/T5M5PLH8U-FKL627DME-683653dadb\/probes_heads_80.png",
                        "thumb_360": "https:\/\/files.slack.com\/files-tmb\/T5M5PLH8U-FKL627DME-683653dadb\/probes_heads_360.png",
                        "thumb_360_w": 257,
                        "thumb_360_h": 360,
                        "thumb_480": "https:\/\/files.slack.com\/files-tmb\/T5M5PLH8U-FKL627DME-683653dadb\/probes_heads_480.png",
                        "thumb_480_w": 343,
                        "thumb_480_h": 480,
                        "thumb_160": "https:\/\/files.slack.com\/files-tmb\/T5M5PLH8U-FKL627DME-683653dadb\/probes_heads_160.png",
                        "thumb_720": "https:\/\/files.slack.com\/files-tmb\/T5M5PLH8U-FKL627DME-683653dadb\/probes_heads_720.png",
                        "thumb_720_w": 515,
                        "thumb_720_h": 720,
                        "image_exif_rotation": 1,
                        "original_w": 520,
                        "original_h": 727,
                        "permalink": "https:\/\/usdevkit.slack.com\/files\/U5M5PLH9S\/FKL627DME\/probes_heads.png",
                        "permalink_public": "https:\/\/slack-files.com\/T5M5PLH8U-FKL627DME-99fea56132",
                        "is_starred": false,
                        "has_rich_preview": false
                    }
                ],
                "color": "D0D0D0",
                "from_url": "https:\/\/usdevkit.slack.com\/archives\/C5M71F0DT\/p1560591742003000",
                "is_share": true,
                "footer": "Posted in #general"
            }
        ]
    }
]