[
    {
        "client_msg_id": "b161c5d0-8f64-458e-bc13-f07db3c8a06f",
        "type": "message",
        "text": "Id love to get a small 8 element array :)",
        "user": "U5M5PLH9S",
        "ts": "1619430343.011800",
        "team": "T5M5PLH8U",
        "user_team": "T5M5PLH8U",
        "source_team": "T5M5PLH8U",
        "user_profile": {
            "avatar_hash": "e4fb6ae9f526",
            "image_72": "https:\/\/avatars.slack-edge.com\/2017-06-01\/191144530514_e4fb6ae9f526531fd41c_72.jpg",
            "first_name": "",
            "real_name": "kelu",
            "display_name": "",
            "team": "T5M5PLH8U",
            "name": "kelu",
            "is_restricted": false,
            "is_ultra_restricted": false
        },
        "blocks": [
            {
                "type": "rich_text",
                "block_id": "kUzI",
                "elements": [
                    {
                        "type": "rich_text_section",
                        "elements": [
                            {
                                "type": "text",
                                "text": "Id love to get a small 8 element array :)"
                            }
                        ]
                    }
                ]
            }
        ],
        "thread_ts": "1619292140.009200",
        "parent_user_id": "U5M5PLH9S",
        "reactions": [
            {
                "name": "heart_eyes",
                "users": [
                    "U8Z3VB1T2"
                ],
                "count": 1
            }
        ]
    },
    {
        "client_msg_id": "d3f60b2f-4637-4f4f-a526-d1dc1d27b3d4",
        "type": "message",
        "text": "Hehe yup, would you know where to source one? ;)",
        "user": "U5M5PLH9S",
        "ts": "1619465859.012300",
        "team": "T5M5PLH8U",
        "user_team": "T5M5PLH8U",
        "source_team": "T5M5PLH8U",
        "user_profile": {
            "avatar_hash": "e4fb6ae9f526",
            "image_72": "https:\/\/avatars.slack-edge.com\/2017-06-01\/191144530514_e4fb6ae9f526531fd41c_72.jpg",
            "first_name": "",
            "real_name": "kelu",
            "display_name": "",
            "team": "T5M5PLH8U",
            "name": "kelu",
            "is_restricted": false,
            "is_ultra_restricted": false
        },
        "blocks": [
            {
                "type": "rich_text",
                "block_id": "dhSm",
                "elements": [
                    {
                        "type": "rich_text_section",
                        "elements": [
                            {
                                "type": "text",
                                "text": "Hehe yup, would you know where to source one? ;)"
                            }
                        ]
                    }
                ]
            }
        ],
        "thread_ts": "1619292140.009200",
        "parent_user_id": "U5M5PLH9S"
    },
    {
        "client_msg_id": "B47884CB-D5EA-4EE4-B441-58D717FAF049",
        "type": "message",
        "text": "What about the Shenzhen probes? Or eBay ",
        "user": "U8Z3VB1T2",
        "ts": "1619496627.013000",
        "team": "T5M5PLH8U",
        "user_team": "T5M5PLH8U",
        "source_team": "T5M5PLH8U",
        "user_profile": {
            "avatar_hash": "g49ad52d7df8",
            "image_72": "https:\/\/secure.gravatar.com\/avatar\/449ad52d7df89ecbe8ebe0fd87d3f63f.jpg?s=72&d=https%3A%2F%2Fa.slack-edge.com%2Fdf10d%2Fimg%2Favatars%2Fava_0026-72.png",
            "first_name": "",
            "real_name": "William Meng",
            "display_name": "",
            "team": "T5M5PLH8U",
            "name": "wlmeng11",
            "is_restricted": false,
            "is_ultra_restricted": false
        },
        "blocks": [
            {
                "type": "rich_text",
                "block_id": "PsP8",
                "elements": [
                    {
                        "type": "rich_text_section",
                        "elements": [
                            {
                                "type": "text",
                                "text": "What about the Shenzhen probes? Or eBay "
                            }
                        ]
                    }
                ]
            }
        ],
        "thread_ts": "1619292140.009200",
        "parent_user_id": "U5M5PLH9S"
    },
    {
        "type": "message",
        "subtype": "channel_join",
        "ts": "1619500926.013200",
        "user": "U01UTJ7S1CP",
        "text": "<@U01UTJ7S1CP> has joined the channel"
    }
]