[
    {
        "client_msg_id": "a1f90283-0d64-47c7-baed-5996da284ad2",
        "type": "message",
        "text": "Never heard of using degassed or de-ionized water. But some people use a kind of surfactant to avoid bubbles on solid surfaces (transducer and samples).",
        "user": "U01DD9YA5B6",
        "ts": "1615208497.000100",
        "team": "T5M5PLH8U",
        "user_team": "T5M5PLH8U",
        "source_team": "T5M5PLH8U",
        "user_profile": {
            "avatar_hash": "d725de0fc2d1",
            "image_72": "https:\/\/avatars.slack-edge.com\/2020-10-23\/1449383526547_d725de0fc2d11939436c_72.jpg",
            "first_name": "",
            "real_name": "Silvio Kruger",
            "display_name": "Silvio Kruger",
            "team": "T5M5PLH8U",
            "name": "silvio.e.kruger",
            "is_restricted": false,
            "is_ultra_restricted": false
        },
        "blocks": [
            {
                "type": "rich_text",
                "block_id": "q41r",
                "elements": [
                    {
                        "type": "rich_text_section",
                        "elements": [
                            {
                                "type": "text",
                                "text": "Never heard of using degassed or de-ionized water. But some people use a kind of surfactant to avoid bubbles on solid surfaces (transducer and samples)."
                            }
                        ]
                    }
                ]
            }
        ],
        "thread_ts": "1614982522.000700",
        "parent_user_id": "UGJ8GJGNR"
    }
]