[
    {
        "client_msg_id": "815af2fc-84f8-4681-94f1-187604ea8e74",
        "type": "message",
        "text": "Did a little compressed sensing ultrasound for a class project: <https:\/\/williammeng.com\/ee367.html>\nBased on the Kruizinga 2017 paper, but with a very simplified simulation-based model.",
        "user": "U8Z3VB1T2",
        "ts": "1617740047.000900",
        "team": "T5M5PLH8U",
        "user_team": "T5M5PLH8U",
        "source_team": "T5M5PLH8U",
        "user_profile": {
            "avatar_hash": "g49ad52d7df8",
            "image_72": "https:\/\/secure.gravatar.com\/avatar\/449ad52d7df89ecbe8ebe0fd87d3f63f.jpg?s=72&d=https%3A%2F%2Fa.slack-edge.com%2Fdf10d%2Fimg%2Favatars%2Fava_0026-72.png",
            "first_name": "",
            "real_name": "William Meng",
            "display_name": "",
            "team": "T5M5PLH8U",
            "name": "wlmeng11",
            "is_restricted": false,
            "is_ultra_restricted": false
        },
        "blocks": [
            {
                "type": "rich_text",
                "block_id": "8gG",
                "elements": [
                    {
                        "type": "rich_text_section",
                        "elements": [
                            {
                                "type": "text",
                                "text": "Did a little compressed sensing ultrasound for a class project: "
                            },
                            {
                                "type": "link",
                                "url": "https:\/\/williammeng.com\/ee367.html"
                            },
                            {
                                "type": "text",
                                "text": "\nBased on the Kruizinga 2017 paper, but with a very simplified simulation-based model."
                            }
                        ]
                    }
                ]
            }
        ],
        "thread_ts": "1617740047.000900",
        "reply_count": 3,
        "reply_users_count": 1,
        "latest_reply": "1617809203.002600",
        "reply_users": [
            "U5M5PLH9S"
        ],
        "replies": [
            {
                "user": "U5M5PLH9S",
                "ts": "1617809162.002200"
            },
            {
                "user": "U5M5PLH9S",
                "ts": "1617809176.002400"
            },
            {
                "user": "U5M5PLH9S",
                "ts": "1617809203.002600"
            }
        ],
        "is_locked": false,
        "subscribed": true,
        "last_read": "1617809203.002600",
        "reactions": [
            {
                "name": "raised_hands",
                "users": [
                    "U01DD9YA5B6"
                ],
                "count": 1
            },
            {
                "name": "star-struck",
                "users": [
                    "U5M5PLH9S"
                ],
                "count": 1
            },
            {
                "name": "+1",
                "users": [
                    "U01KMDLDL6L"
                ],
                "count": 1
            }
        ]
    },
    {
        "client_msg_id": "27b534cf-0522-4814-b7b9-cd9bd20ed918",
        "type": "message",
        "text": "Great report! :raised_hands:",
        "user": "U8Z3VB1T2",
        "ts": "1617759163.001200",
        "team": "T5M5PLH8U",
        "user_team": "T5M5PLH8U",
        "source_team": "T5M5PLH8U",
        "user_profile": {
            "avatar_hash": "g49ad52d7df8",
            "image_72": "https:\/\/secure.gravatar.com\/avatar\/449ad52d7df89ecbe8ebe0fd87d3f63f.jpg?s=72&d=https%3A%2F%2Fa.slack-edge.com%2Fdf10d%2Fimg%2Favatars%2Fava_0026-72.png",
            "first_name": "",
            "real_name": "William Meng",
            "display_name": "",
            "team": "T5M5PLH8U",
            "name": "wlmeng11",
            "is_restricted": false,
            "is_ultra_restricted": false
        },
        "blocks": [
            {
                "type": "rich_text",
                "block_id": "Bq8p",
                "elements": [
                    {
                        "type": "rich_text_section",
                        "elements": [
                            {
                                "type": "text",
                                "text": "Great report! "
                            },
                            {
                                "type": "emoji",
                                "name": "raised_hands"
                            }
                        ]
                    }
                ]
            }
        ],
        "thread_ts": "1617292155.003800",
        "parent_user_id": "U5M5PLH9S"
    },
    {
        "client_msg_id": "4310c8f2-bef5-4ff9-bc27-c367dcae8fd8",
        "type": "message",
        "text": "If you know the sampling frequency, then a trivial way to determine if it's RF data is just look at the carrier freq (either as peak in FFT, or just count the samples per cycle in time domain)",
        "user": "U8Z3VB1T2",
        "ts": "1617759241.001400",
        "team": "T5M5PLH8U",
        "user_team": "T5M5PLH8U",
        "source_team": "T5M5PLH8U",
        "user_profile": {
            "avatar_hash": "g49ad52d7df8",
            "image_72": "https:\/\/secure.gravatar.com\/avatar\/449ad52d7df89ecbe8ebe0fd87d3f63f.jpg?s=72&d=https%3A%2F%2Fa.slack-edge.com%2Fdf10d%2Fimg%2Favatars%2Fava_0026-72.png",
            "first_name": "",
            "real_name": "William Meng",
            "display_name": "",
            "team": "T5M5PLH8U",
            "name": "wlmeng11",
            "is_restricted": false,
            "is_ultra_restricted": false
        },
        "blocks": [
            {
                "type": "rich_text",
                "block_id": "wmOKK",
                "elements": [
                    {
                        "type": "rich_text_section",
                        "elements": [
                            {
                                "type": "text",
                                "text": "If you know the sampling frequency, then a trivial way to determine if it's RF data is just look at the carrier freq (either as peak in FFT, or just count the samples per cycle in time domain)"
                            }
                        ]
                    }
                ]
            }
        ],
        "thread_ts": "1617292155.003800",
        "parent_user_id": "U5M5PLH9S"
    },
    {
        "client_msg_id": "669e003e-2076-4887-942d-e0787c7518ea",
        "type": "message",
        "text": "Other than that... IQ data should have two separate streams for I and Q components (or a single stream of complex numbers representing I + jQ)",
        "user": "U8Z3VB1T2",
        "ts": "1617759354.001600",
        "team": "T5M5PLH8U",
        "user_team": "T5M5PLH8U",
        "source_team": "T5M5PLH8U",
        "user_profile": {
            "avatar_hash": "g49ad52d7df8",
            "image_72": "https:\/\/secure.gravatar.com\/avatar\/449ad52d7df89ecbe8ebe0fd87d3f63f.jpg?s=72&d=https%3A%2F%2Fa.slack-edge.com%2Fdf10d%2Fimg%2Favatars%2Fava_0026-72.png",
            "first_name": "",
            "real_name": "William Meng",
            "display_name": "",
            "team": "T5M5PLH8U",
            "name": "wlmeng11",
            "is_restricted": false,
            "is_ultra_restricted": false
        },
        "blocks": [
            {
                "type": "rich_text",
                "block_id": "eN9Q",
                "elements": [
                    {
                        "type": "rich_text_section",
                        "elements": [
                            {
                                "type": "text",
                                "text": "Other than that... IQ data should have two separate streams for I and Q components (or a single stream of complex numbers representing I + jQ)"
                            }
                        ]
                    }
                ]
            }
        ],
        "thread_ts": "1617292155.003800",
        "parent_user_id": "U5M5PLH9S"
    },
    {
        "client_msg_id": "033a8718-b753-4f89-9565-767f543ae0ce",
        "type": "message",
        "text": "Another possibility is that the signal is downconverted (so entire spectrum is shifted down), then the output is a single stream of real numbers but the spectral content is lower than the original spectrum.",
        "user": "U8Z3VB1T2",
        "ts": "1617759538.001800",
        "team": "T5M5PLH8U",
        "user_team": "T5M5PLH8U",
        "source_team": "T5M5PLH8U",
        "user_profile": {
            "avatar_hash": "g49ad52d7df8",
            "image_72": "https:\/\/secure.gravatar.com\/avatar\/449ad52d7df89ecbe8ebe0fd87d3f63f.jpg?s=72&d=https%3A%2F%2Fa.slack-edge.com%2Fdf10d%2Fimg%2Favatars%2Fava_0026-72.png",
            "first_name": "",
            "real_name": "William Meng",
            "display_name": "",
            "team": "T5M5PLH8U",
            "name": "wlmeng11",
            "is_restricted": false,
            "is_ultra_restricted": false
        },
        "blocks": [
            {
                "type": "rich_text",
                "block_id": "NSB",
                "elements": [
                    {
                        "type": "rich_text_section",
                        "elements": [
                            {
                                "type": "text",
                                "text": "Another possibility is that the signal is downconverted (so entire spectrum is shifted down), then the output is a single stream of real numbers but the spectral content is lower than the original spectrum."
                            }
                        ]
                    }
                ]
            }
        ],
        "thread_ts": "1617292155.003800",
        "parent_user_id": "U5M5PLH9S"
    }
]