[
    {
        "type": "message",
        "text": "Heya! Just sharing the results of a hackathon this week-end - saving with world with ultrasound and ML\/AI :wink:",
        "files": [
            {
                "id": "F01URADP691",
                "created": 1618840359,
                "timestamp": 1618840359,
                "name": "Ultrasounds Probe API proposal - v2.pdf",
                "title": "Ultrasounds Probe API proposal - v2.pdf",
                "mimetype": "application\/pdf",
                "filetype": "pdf",
                "pretty_type": "PDF",
                "user": "U5M5PLH9S",
                "editable": false,
                "size": 2143082,
                "mode": "hosted",
                "is_external": false,
                "external_type": "",
                "is_public": true,
                "public_url_shared": false,
                "display_as_bot": false,
                "username": "",
                "url_private": "https:\/\/files.slack.com\/files-pri\/T5M5PLH8U-F01URADP691\/ultrasounds_probe_api_proposal_-_v2.pdf?t=xoxe-191193697300-2381439834979-2387440767812-d973f70d679d3caabfeb15fb25f95fa2",
                "url_private_download": "https:\/\/files.slack.com\/files-pri\/T5M5PLH8U-F01URADP691\/download\/ultrasounds_probe_api_proposal_-_v2.pdf?t=xoxe-191193697300-2381439834979-2387440767812-d973f70d679d3caabfeb15fb25f95fa2",
                "media_display_type": "unknown",
                "thumb_pdf": "https:\/\/files.slack.com\/files-tmb\/T5M5PLH8U-F01URADP691-dc9fce9ebf\/ultrasounds_probe_api_proposal_-_v2_thumb_pdf.png?t=xoxe-191193697300-2381439834979-2387440767812-d973f70d679d3caabfeb15fb25f95fa2",
                "thumb_pdf_w": 935,
                "thumb_pdf_h": 1210,
                "permalink": "https:\/\/usdevkit.slack.com\/files\/U5M5PLH9S\/F01URADP691\/ultrasounds_probe_api_proposal_-_v2.pdf",
                "permalink_public": "https:\/\/slack-files.com\/T5M5PLH8U-F01URADP691-b7fda463d6",
                "is_starred": false,
                "has_rich_preview": false
            }
        ],
        "upload": false,
        "blocks": [
            {
                "type": "rich_text",
                "block_id": "jvX",
                "elements": [
                    {
                        "type": "rich_text_section",
                        "elements": [
                            {
                                "type": "text",
                                "text": "Heya! Just sharing the results of a hackathon this week-end - saving with world with ultrasound and ML\/AI "
                            },
                            {
                                "type": "emoji",
                                "name": "wink"
                            }
                        ]
                    }
                ]
            }
        ],
        "user": "U5M5PLH9S",
        "display_as_bot": false,
        "ts": "1618840386.008400",
        "reactions": [
            {
                "name": "raised_hands",
                "users": [
                    "U01DD9YA5B6",
                    "U01N3PNAHS9"
                ],
                "count": 2
            },
            {
                "name": "100",
                "users": [
                    "U01UNUL8QJE"
                ],
                "count": 1
            }
        ]
    },
    {
        "client_msg_id": "8eb8f9ea-649c-4db1-a331-aecb4af0646b",
        "type": "message",
        "text": "Welcome <@U01UNUL8QJE> :smiley: Happy to see you there!\nInterested in ultrasound, rf and SDR, is that correct? Don't hesitate if you have any question !",
        "user": "U5M5PLH9S",
        "ts": "1618840416.009300",
        "team": "T5M5PLH8U",
        "user_team": "T5M5PLH8U",
        "source_team": "T5M5PLH8U",
        "user_profile": {
            "avatar_hash": "e4fb6ae9f526",
            "image_72": "https:\/\/avatars.slack-edge.com\/2017-06-01\/191144530514_e4fb6ae9f526531fd41c_72.jpg",
            "first_name": "",
            "real_name": "kelu",
            "display_name": "",
            "team": "T5M5PLH8U",
            "name": "kelu",
            "is_restricted": false,
            "is_ultra_restricted": false
        },
        "blocks": [
            {
                "type": "rich_text",
                "block_id": "8lCbc",
                "elements": [
                    {
                        "type": "rich_text_section",
                        "elements": [
                            {
                                "type": "text",
                                "text": "Welcome "
                            },
                            {
                                "type": "user",
                                "user_id": "U01UNUL8QJE"
                            },
                            {
                                "type": "text",
                                "text": " "
                            },
                            {
                                "type": "emoji",
                                "name": "smiley"
                            },
                            {
                                "type": "text",
                                "text": " Happy to see you there!\nInterested in ultrasound, rf and SDR, is that correct? Don't hesitate if you have any question !"
                            }
                        ]
                    }
                ]
            }
        ]
    },
    {
        "client_msg_id": "13fd41ae-67ac-4239-9692-1462747f85f6",
        "type": "message",
        "text": "Thats right <@U5M5PLH9S> :thumbsup:",
        "user": "U01UNUL8QJE",
        "ts": "1618849170.009900",
        "team": "T5M5PLH8U",
        "user_team": "T5M5PLH8U",
        "source_team": "T5M5PLH8U",
        "user_profile": {
            "avatar_hash": "097a510bdd52",
            "image_72": "https:\/\/avatars.slack-edge.com\/2021-04-18\/1975184203859_097a510bdd526f466a45_72.png",
            "first_name": "NeuroForLunch",
            "real_name": "NeuroForLunch",
            "display_name": "NeuroForLunch",
            "team": "T5M5PLH8U",
            "name": "neuro.for.lunch",
            "is_restricted": false,
            "is_ultra_restricted": false
        },
        "blocks": [
            {
                "type": "rich_text",
                "block_id": "GwK5",
                "elements": [
                    {
                        "type": "rich_text_section",
                        "elements": [
                            {
                                "type": "text",
                                "text": "Thats right "
                            },
                            {
                                "type": "user",
                                "user_id": "U5M5PLH9S"
                            },
                            {
                                "type": "text",
                                "text": " "
                            },
                            {
                                "type": "emoji",
                                "name": "thumbsup"
                            }
                        ]
                    }
                ]
            }
        ],
        "thread_ts": "1618849170.009900",
        "reply_count": 6,
        "reply_users_count": 2,
        "latest_reply": "1618897835.005400",
        "reply_users": [
            "U5M5PLH9S",
            "U01UNUL8QJE"
        ],
        "replies": [
            {
                "user": "U5M5PLH9S",
                "ts": "1618862547.000700"
            },
            {
                "user": "U01UNUL8QJE",
                "ts": "1618872241.004400"
            },
            {
                "user": "U01UNUL8QJE",
                "ts": "1618872572.004600"
            },
            {
                "user": "U5M5PLH9S",
                "ts": "1618897675.004900"
            },
            {
                "user": "U5M5PLH9S",
                "ts": "1618897804.005100"
            },
            {
                "user": "U5M5PLH9S",
                "ts": "1618897835.005400"
            }
        ],
        "is_locked": false,
        "subscribed": true,
        "last_read": "1618897835.005400"
    },
    {
        "client_msg_id": "3576add7-89a6-4fbd-92cc-f171699a6185",
        "type": "message",
        "text": "Any ideas on where to buy mmwave antennas and\/or related hardware?",
        "user": "U01UNUL8QJE",
        "ts": "1618849494.011000",
        "team": "T5M5PLH8U",
        "user_team": "T5M5PLH8U",
        "source_team": "T5M5PLH8U",
        "user_profile": {
            "avatar_hash": "097a510bdd52",
            "image_72": "https:\/\/avatars.slack-edge.com\/2021-04-18\/1975184203859_097a510bdd526f466a45_72.png",
            "first_name": "NeuroForLunch",
            "real_name": "NeuroForLunch",
            "display_name": "NeuroForLunch",
            "team": "T5M5PLH8U",
            "name": "neuro.for.lunch",
            "is_restricted": false,
            "is_ultra_restricted": false
        },
        "blocks": [
            {
                "type": "rich_text",
                "block_id": "RZE",
                "elements": [
                    {
                        "type": "rich_text_section",
                        "elements": [
                            {
                                "type": "text",
                                "text": "Any ideas on where to buy mmwave antennas and\/or related hardware?"
                            }
                        ]
                    }
                ]
            }
        ]
    },
    {
        "client_msg_id": "6773c65c-c971-41e3-8dff-5bbb1e7262df",
        "type": "message",
        "text": "~96GHZ",
        "user": "U01UNUL8QJE",
        "ts": "1618849507.011300",
        "team": "T5M5PLH8U",
        "user_team": "T5M5PLH8U",
        "source_team": "T5M5PLH8U",
        "user_profile": {
            "avatar_hash": "097a510bdd52",
            "image_72": "https:\/\/avatars.slack-edge.com\/2021-04-18\/1975184203859_097a510bdd526f466a45_72.png",
            "first_name": "NeuroForLunch",
            "real_name": "NeuroForLunch",
            "display_name": "NeuroForLunch",
            "team": "T5M5PLH8U",
            "name": "neuro.for.lunch",
            "is_restricted": false,
            "is_ultra_restricted": false
        },
        "blocks": [
            {
                "type": "rich_text",
                "block_id": "+Qf",
                "elements": [
                    {
                        "type": "rich_text_section",
                        "elements": [
                            {
                                "type": "text",
                                "text": "~96GHZ"
                            }
                        ]
                    }
                ]
            }
        ],
        "thread_ts": "1618849507.011300",
        "reply_count": 16,
        "reply_users_count": 2,
        "latest_reply": "1618868949.004200",
        "reply_users": [
            "U5M5PLH9S",
            "U01UNUL8QJE"
        ],
        "replies": [
            {
                "user": "U5M5PLH9S",
                "ts": "1618862433.000100"
            },
            {
                "user": "U5M5PLH9S",
                "ts": "1618862470.000300"
            },
            {
                "user": "U5M5PLH9S",
                "ts": "1618862524.000500"
            },
            {
                "user": "U01UNUL8QJE",
                "ts": "1618863808.000900"
            },
            {
                "user": "U01UNUL8QJE",
                "ts": "1618863845.001100"
            },
            {
                "user": "U01UNUL8QJE",
                "ts": "1618863852.001400"
            },
            {
                "user": "U5M5PLH9S",
                "ts": "1618863982.001600"
            },
            {
                "user": "U5M5PLH9S",
                "ts": "1618864106.001800"
            },
            {
                "user": "U5M5PLH9S",
                "ts": "1618864163.002000"
            },
            {
                "user": "U5M5PLH9S",
                "ts": "1618864240.002200"
            },
            {
                "user": "U01UNUL8QJE",
                "ts": "1618864428.002600"
            },
            {
                "user": "U01UNUL8QJE",
                "ts": "1618864484.002800"
            },
            {
                "user": "U01UNUL8QJE",
                "ts": "1618864582.003000"
            },
            {
                "user": "U01UNUL8QJE",
                "ts": "1618864625.003400"
            },
            {
                "user": "U01UNUL8QJE",
                "ts": "1618866380.003800"
            },
            {
                "user": "U01UNUL8QJE",
                "ts": "1618868949.004200"
            }
        ],
        "is_locked": false,
        "subscribed": true,
        "last_read": "1618868949.004200"
    },
    {
        "client_msg_id": "518bf364-4ee3-4c7a-b819-e98161931d11",
        "type": "message",
        "text": "Haha sorry I won't be able to help, you're like 4 orders of magnitude above ndt\/ ultrasound imaging :smiley:",
        "user": "U5M5PLH9S",
        "ts": "1618862433.000100",
        "team": "T5M5PLH8U",
        "user_team": "T5M5PLH8U",
        "source_team": "T5M5PLH8U",
        "user_profile": {
            "avatar_hash": "e4fb6ae9f526",
            "image_72": "https:\/\/avatars.slack-edge.com\/2017-06-01\/191144530514_e4fb6ae9f526531fd41c_72.jpg",
            "first_name": "",
            "real_name": "kelu",
            "display_name": "",
            "team": "T5M5PLH8U",
            "name": "kelu",
            "is_restricted": false,
            "is_ultra_restricted": false
        },
        "blocks": [
            {
                "type": "rich_text",
                "block_id": "Wa\/ql",
                "elements": [
                    {
                        "type": "rich_text_section",
                        "elements": [
                            {
                                "type": "text",
                                "text": "Haha sorry I won't be able to help, you're like 4 orders of magnitude above ndt\/ ultrasound imaging "
                            },
                            {
                                "type": "emoji",
                                "name": "smiley"
                            }
                        ]
                    }
                ]
            }
        ],
        "thread_ts": "1618849507.011300",
        "parent_user_id": "U01UNUL8QJE"
    },
    {
        "client_msg_id": "7df1590d-6184-4f20-8f6c-3ac8d348d22e",
        "type": "message",
        "text": "Would be interesting to know the hardware behind that, routing gets complicated at these speeds :smiley:",
        "user": "U5M5PLH9S",
        "ts": "1618862470.000300",
        "team": "T5M5PLH8U",
        "user_team": "T5M5PLH8U",
        "source_team": "T5M5PLH8U",
        "user_profile": {
            "avatar_hash": "e4fb6ae9f526",
            "image_72": "https:\/\/avatars.slack-edge.com\/2017-06-01\/191144530514_e4fb6ae9f526531fd41c_72.jpg",
            "first_name": "",
            "real_name": "kelu",
            "display_name": "",
            "team": "T5M5PLH8U",
            "name": "kelu",
            "is_restricted": false,
            "is_ultra_restricted": false
        },
        "blocks": [
            {
                "type": "rich_text",
                "block_id": "qav",
                "elements": [
                    {
                        "type": "rich_text_section",
                        "elements": [
                            {
                                "type": "text",
                                "text": "Would be interesting to know the hardware behind that, routing gets complicated at these speeds "
                            },
                            {
                                "type": "emoji",
                                "name": "smiley"
                            }
                        ]
                    }
                ]
            }
        ],
        "thread_ts": "1618849507.011300",
        "parent_user_id": "U01UNUL8QJE"
    },
    {
        "client_msg_id": "52b2cd18-25a1-48d6-b953-df1dd1154e20",
        "type": "message",
        "text": "What's your use case?",
        "user": "U5M5PLH9S",
        "ts": "1618862524.000500",
        "team": "T5M5PLH8U",
        "user_team": "T5M5PLH8U",
        "source_team": "T5M5PLH8U",
        "user_profile": {
            "avatar_hash": "e4fb6ae9f526",
            "image_72": "https:\/\/avatars.slack-edge.com\/2017-06-01\/191144530514_e4fb6ae9f526531fd41c_72.jpg",
            "first_name": "",
            "real_name": "kelu",
            "display_name": "",
            "team": "T5M5PLH8U",
            "name": "kelu",
            "is_restricted": false,
            "is_ultra_restricted": false
        },
        "blocks": [
            {
                "type": "rich_text",
                "block_id": "\/tu",
                "elements": [
                    {
                        "type": "rich_text_section",
                        "elements": [
                            {
                                "type": "text",
                                "text": "What's your use case?"
                            }
                        ]
                    }
                ]
            }
        ],
        "thread_ts": "1618849507.011300",
        "parent_user_id": "U01UNUL8QJE"
    },
    {
        "client_msg_id": "4b658117-9efc-4290-ae76-3e8f5e850506",
        "type": "message",
        "text": "I still need to explore SDR.\nAm wondering if one could use a hx4k to do some SDR application directly",
        "user": "U5M5PLH9S",
        "ts": "1618862547.000700",
        "team": "T5M5PLH8U",
        "user_team": "T5M5PLH8U",
        "source_team": "T5M5PLH8U",
        "user_profile": {
            "avatar_hash": "e4fb6ae9f526",
            "image_72": "https:\/\/avatars.slack-edge.com\/2017-06-01\/191144530514_e4fb6ae9f526531fd41c_72.jpg",
            "first_name": "",
            "real_name": "kelu",
            "display_name": "",
            "team": "T5M5PLH8U",
            "name": "kelu",
            "is_restricted": false,
            "is_ultra_restricted": false
        },
        "blocks": [
            {
                "type": "rich_text",
                "block_id": "h5O5J",
                "elements": [
                    {
                        "type": "rich_text_section",
                        "elements": [
                            {
                                "type": "text",
                                "text": "I still need to explore SDR.\nAm wondering if one could use a hx4k to do some SDR application directly"
                            }
                        ]
                    }
                ]
            }
        ],
        "thread_ts": "1618849170.009900",
        "parent_user_id": "U01UNUL8QJE"
    },
    {
        "client_msg_id": "59259281-cf62-472f-b004-7934ae34dd75",
        "type": "message",
        "text": "Detecting usage of this band where I live. It's being used quite a lot.",
        "user": "U01UNUL8QJE",
        "ts": "1618863808.000900",
        "team": "T5M5PLH8U",
        "user_team": "T5M5PLH8U",
        "source_team": "T5M5PLH8U",
        "user_profile": {
            "avatar_hash": "097a510bdd52",
            "image_72": "https:\/\/avatars.slack-edge.com\/2021-04-18\/1975184203859_097a510bdd526f466a45_72.png",
            "first_name": "NeuroForLunch",
            "real_name": "NeuroForLunch",
            "display_name": "NeuroForLunch",
            "team": "T5M5PLH8U",
            "name": "neuro.for.lunch",
            "is_restricted": false,
            "is_ultra_restricted": false
        },
        "blocks": [
            {
                "type": "rich_text",
                "block_id": "b3QDD",
                "elements": [
                    {
                        "type": "rich_text_section",
                        "elements": [
                            {
                                "type": "text",
                                "text": "Detecting usage of this band where I live. It's being used quite a lot."
                            }
                        ]
                    }
                ]
            }
        ],
        "thread_ts": "1618849507.011300",
        "parent_user_id": "U01UNUL8QJE"
    },
    {
        "client_msg_id": "84c9b3a2-7298-41f3-8288-e58fa5fc7dc7",
        "type": "message",
        "text": "<https:\/\/en.wikipedia.org\/wiki\/W_band>",
        "user": "U01UNUL8QJE",
        "ts": "1618863845.001100",
        "team": "T5M5PLH8U",
        "user_team": "T5M5PLH8U",
        "source_team": "T5M5PLH8U",
        "user_profile": {
            "avatar_hash": "097a510bdd52",
            "image_72": "https:\/\/avatars.slack-edge.com\/2021-04-18\/1975184203859_097a510bdd526f466a45_72.png",
            "first_name": "NeuroForLunch",
            "real_name": "NeuroForLunch",
            "display_name": "NeuroForLunch",
            "team": "T5M5PLH8U",
            "name": "neuro.for.lunch",
            "is_restricted": false,
            "is_ultra_restricted": false
        },
        "attachments": [
            {
                "title": "W band",
                "title_link": "https:\/\/en.wikipedia.org\/wiki\/W_band",
                "from_url": "https:\/\/en.wikipedia.org\/wiki\/W_band",
                "author_name": "Wikipedia",
                "author_link": "https:\/\/en.wikipedia.org\/",
                "text": "The W band of the microwave part of the electromagnetic spectrum ranges from 75 to 110 GHz, wavelength ≈2.7–4 mm. It sits above the U.S. IEEE-designated V band (40–75 GHz) in frequency, and overlaps the NATO designated M band (60–100 GHz). The W band is used for satellite communications, millimeter-wave radar research, military radar targeting and tracking applications, and some non-military applications.",
                "fallback": "wikipedia: W band",
                "service_icon": "https:\/\/a.slack-edge.com\/80588\/img\/unfurl_icons\/wikipedia.png",
                "id": 1,
                "original_url": "https:\/\/en.wikipedia.org\/wiki\/W_band"
            }
        ],
        "blocks": [
            {
                "type": "rich_text",
                "block_id": "yULIx",
                "elements": [
                    {
                        "type": "rich_text_section",
                        "elements": [
                            {
                                "type": "link",
                                "url": "https:\/\/en.wikipedia.org\/wiki\/W_band"
                            }
                        ]
                    }
                ]
            }
        ],
        "thread_ts": "1618849507.011300",
        "parent_user_id": "U01UNUL8QJE"
    },
    {
        "client_msg_id": "dd81cef8-0260-4be6-ad34-6b764d87dff4",
        "type": "message",
        "text": "Lots of uses for it",
        "user": "U01UNUL8QJE",
        "ts": "1618863852.001400",
        "team": "T5M5PLH8U",
        "user_team": "T5M5PLH8U",
        "source_team": "T5M5PLH8U",
        "user_profile": {
            "avatar_hash": "097a510bdd52",
            "image_72": "https:\/\/avatars.slack-edge.com\/2021-04-18\/1975184203859_097a510bdd526f466a45_72.png",
            "first_name": "NeuroForLunch",
            "real_name": "NeuroForLunch",
            "display_name": "NeuroForLunch",
            "team": "T5M5PLH8U",
            "name": "neuro.for.lunch",
            "is_restricted": false,
            "is_ultra_restricted": false
        },
        "blocks": [
            {
                "type": "rich_text",
                "block_id": "9LV",
                "elements": [
                    {
                        "type": "rich_text_section",
                        "elements": [
                            {
                                "type": "text",
                                "text": "Lots of uses for it"
                            }
                        ]
                    }
                ]
            }
        ],
        "thread_ts": "1618849507.011300",
        "parent_user_id": "U01UNUL8QJE"
    },
    {
        "client_msg_id": "bea3f747-cfb2-4afa-96aa-384a0b287ea1",
        "type": "message",
        "text": "Tapered slot antennas seem the way to go - microstrip ones",
        "user": "U5M5PLH9S",
        "ts": "1618863982.001600",
        "team": "T5M5PLH8U",
        "user_team": "T5M5PLH8U",
        "source_team": "T5M5PLH8U",
        "user_profile": {
            "avatar_hash": "e4fb6ae9f526",
            "image_72": "https:\/\/avatars.slack-edge.com\/2017-06-01\/191144530514_e4fb6ae9f526531fd41c_72.jpg",
            "first_name": "",
            "real_name": "kelu",
            "display_name": "",
            "team": "T5M5PLH8U",
            "name": "kelu",
            "is_restricted": false,
            "is_ultra_restricted": false
        },
        "blocks": [
            {
                "type": "rich_text",
                "block_id": "aUKuC",
                "elements": [
                    {
                        "type": "rich_text_section",
                        "elements": [
                            {
                                "type": "text",
                                "text": "Tapered slot antennas seem the way to go - microstrip ones"
                            }
                        ]
                    }
                ]
            }
        ],
        "thread_ts": "1618849507.011300",
        "parent_user_id": "U01UNUL8QJE"
    },
    {
        "client_msg_id": "a1dec176-5468-4251-8027-e6050c332b6c",
        "type": "message",
        "text": "Though what I'm seeing is more within the 6-10GHz band",
        "user": "U5M5PLH9S",
        "ts": "1618864106.001800",
        "team": "T5M5PLH8U",
        "user_team": "T5M5PLH8U",
        "source_team": "T5M5PLH8U",
        "user_profile": {
            "avatar_hash": "e4fb6ae9f526",
            "image_72": "https:\/\/avatars.slack-edge.com\/2017-06-01\/191144530514_e4fb6ae9f526531fd41c_72.jpg",
            "first_name": "",
            "real_name": "kelu",
            "display_name": "",
            "team": "T5M5PLH8U",
            "name": "kelu",
            "is_restricted": false,
            "is_ultra_restricted": false
        },
        "blocks": [
            {
                "type": "rich_text",
                "block_id": "8hv+",
                "elements": [
                    {
                        "type": "rich_text_section",
                        "elements": [
                            {
                                "type": "text",
                                "text": "Though what I'm seeing is more within the 6-10GHz band"
                            }
                        ]
                    }
                ]
            }
        ],
        "thread_ts": "1618849507.011300",
        "parent_user_id": "U01UNUL8QJE"
    },
    {
        "client_msg_id": "c3ac2adb-35b4-4d2f-86d1-d9abd218d1d4",
        "type": "message",
        "text": "Then that goes to horn antennas",
        "user": "U5M5PLH9S",
        "ts": "1618864163.002000",
        "team": "T5M5PLH8U",
        "user_team": "T5M5PLH8U",
        "source_team": "T5M5PLH8U",
        "user_profile": {
            "avatar_hash": "e4fb6ae9f526",
            "image_72": "https:\/\/avatars.slack-edge.com\/2017-06-01\/191144530514_e4fb6ae9f526531fd41c_72.jpg",
            "first_name": "",
            "real_name": "kelu",
            "display_name": "",
            "team": "T5M5PLH8U",
            "name": "kelu",
            "is_restricted": false,
            "is_ultra_restricted": false
        },
        "blocks": [
            {
                "type": "rich_text",
                "block_id": "GK6w",
                "elements": [
                    {
                        "type": "rich_text_section",
                        "elements": [
                            {
                                "type": "text",
                                "text": "Then that goes to horn antennas"
                            }
                        ]
                    }
                ]
            }
        ],
        "thread_ts": "1618849507.011300",
        "parent_user_id": "U01UNUL8QJE"
    },
    {
        "type": "message",
        "text": "Fun stuff though!",
        "files": [
            {
                "id": "F01UZ2E441J",
                "created": 1618864235,
                "timestamp": 1618864235,
                "name": "rachid2013.pdf",
                "title": "rachid2013.pdf",
                "mimetype": "application\/pdf",
                "filetype": "pdf",
                "pretty_type": "PDF",
                "user": "U5M5PLH9S",
                "editable": false,
                "size": 1041941,
                "mode": "hosted",
                "is_external": false,
                "external_type": "",
                "is_public": true,
                "public_url_shared": false,
                "display_as_bot": false,
                "username": "",
                "url_private": "https:\/\/files.slack.com\/files-pri\/T5M5PLH8U-F01UZ2E441J\/rachid2013.pdf?t=xoxe-191193697300-2381439834979-2387440767812-d973f70d679d3caabfeb15fb25f95fa2",
                "url_private_download": "https:\/\/files.slack.com\/files-pri\/T5M5PLH8U-F01UZ2E441J\/download\/rachid2013.pdf?t=xoxe-191193697300-2381439834979-2387440767812-d973f70d679d3caabfeb15fb25f95fa2",
                "media_display_type": "unknown",
                "thumb_pdf": "https:\/\/files.slack.com\/files-tmb\/T5M5PLH8U-F01UZ2E441J-edd226d29c\/rachid2013_thumb_pdf.png?t=xoxe-191193697300-2381439834979-2387440767812-d973f70d679d3caabfeb15fb25f95fa2",
                "thumb_pdf_w": 935,
                "thumb_pdf_h": 1210,
                "permalink": "https:\/\/usdevkit.slack.com\/files\/U5M5PLH9S\/F01UZ2E441J\/rachid2013.pdf",
                "permalink_public": "https:\/\/slack-files.com\/T5M5PLH8U-F01UZ2E441J-e703ba5702",
                "is_starred": false,
                "has_rich_preview": false
            }
        ],
        "upload": false,
        "blocks": [
            {
                "type": "rich_text",
                "block_id": "S39p",
                "elements": [
                    {
                        "type": "rich_text_section",
                        "elements": [
                            {
                                "type": "text",
                                "text": "Fun stuff though!"
                            }
                        ]
                    }
                ]
            }
        ],
        "user": "U5M5PLH9S",
        "display_as_bot": false,
        "ts": "1618864240.002200",
        "thread_ts": "1618849507.011300",
        "parent_user_id": "U01UNUL8QJE"
    },
    {
        "client_msg_id": "d8925339-7c6e-49c7-902c-5e153082a6e1",
        "type": "message",
        "text": "Thank you. It seems I will have to make my own antennas",
        "user": "U01UNUL8QJE",
        "ts": "1618864428.002600",
        "team": "T5M5PLH8U",
        "user_team": "T5M5PLH8U",
        "source_team": "T5M5PLH8U",
        "user_profile": {
            "avatar_hash": "097a510bdd52",
            "image_72": "https:\/\/avatars.slack-edge.com\/2021-04-18\/1975184203859_097a510bdd526f466a45_72.png",
            "first_name": "NeuroForLunch",
            "real_name": "NeuroForLunch",
            "display_name": "NeuroForLunch",
            "team": "T5M5PLH8U",
            "name": "neuro.for.lunch",
            "is_restricted": false,
            "is_ultra_restricted": false
        },
        "blocks": [
            {
                "type": "rich_text",
                "block_id": "q+Coc",
                "elements": [
                    {
                        "type": "rich_text_section",
                        "elements": [
                            {
                                "type": "text",
                                "text": "Thank you. It seems I will have to make my own antennas"
                            }
                        ]
                    }
                ]
            }
        ],
        "thread_ts": "1618849507.011300",
        "parent_user_id": "U01UNUL8QJE"
    },
    {
        "client_msg_id": "e267059f-ba6f-4fbc-96ac-a8b6dbbbdef2",
        "type": "message",
        "text": "I had not seen the paper you sent but I did a lot of research before and was going to use a simpler design. I'll have to compare. It was simply done using silk screen printing on a flexible substrate",
        "user": "U01UNUL8QJE",
        "ts": "1618864484.002800",
        "team": "T5M5PLH8U",
        "user_team": "T5M5PLH8U",
        "source_team": "T5M5PLH8U",
        "user_profile": {
            "avatar_hash": "097a510bdd52",
            "image_72": "https:\/\/avatars.slack-edge.com\/2021-04-18\/1975184203859_097a510bdd526f466a45_72.png",
            "first_name": "NeuroForLunch",
            "real_name": "NeuroForLunch",
            "display_name": "NeuroForLunch",
            "team": "T5M5PLH8U",
            "name": "neuro.for.lunch",
            "is_restricted": false,
            "is_ultra_restricted": false
        },
        "blocks": [
            {
                "type": "rich_text",
                "block_id": "LhRV6",
                "elements": [
                    {
                        "type": "rich_text_section",
                        "elements": [
                            {
                                "type": "text",
                                "text": "I had not seen the paper you sent but I did a lot of research before and was going to use a simpler design. I'll have to compare. It was simply done using silk screen printing on a flexible substrate"
                            }
                        ]
                    }
                ]
            }
        ],
        "thread_ts": "1618849507.011300",
        "parent_user_id": "U01UNUL8QJE"
    },
    {
        "type": "message",
        "text": "",
        "files": [
            {
                "id": "F0202MS74SU",
                "created": 1618864578,
                "timestamp": 1618864578,
                "name": "klion3ab-2955507-large.gif",
                "title": "klion3ab-2955507-large.gif",
                "mimetype": "image\/gif",
                "filetype": "gif",
                "pretty_type": "GIF",
                "user": "U01UNUL8QJE",
                "editable": false,
                "size": 167656,
                "mode": "hosted",
                "is_external": false,
                "external_type": "",
                "is_public": true,
                "public_url_shared": false,
                "display_as_bot": false,
                "username": "",
                "url_private": "https:\/\/files.slack.com\/files-pri\/T5M5PLH8U-F0202MS74SU\/klion3ab-2955507-large.gif?t=xoxe-191193697300-2381439834979-2387440767812-d973f70d679d3caabfeb15fb25f95fa2",
                "url_private_download": "https:\/\/files.slack.com\/files-pri\/T5M5PLH8U-F0202MS74SU\/download\/klion3ab-2955507-large.gif?t=xoxe-191193697300-2381439834979-2387440767812-d973f70d679d3caabfeb15fb25f95fa2",
                "media_display_type": "unknown",
                "thumb_64": "https:\/\/files.slack.com\/files-tmb\/T5M5PLH8U-F0202MS74SU-ddf4e70a0a\/klion3ab-2955507-large_64.png?t=xoxe-191193697300-2381439834979-2387440767812-d973f70d679d3caabfeb15fb25f95fa2",
                "thumb_80": "https:\/\/files.slack.com\/files-tmb\/T5M5PLH8U-F0202MS74SU-ddf4e70a0a\/klion3ab-2955507-large_80.png?t=xoxe-191193697300-2381439834979-2387440767812-d973f70d679d3caabfeb15fb25f95fa2",
                "thumb_360": "https:\/\/files.slack.com\/files-tmb\/T5M5PLH8U-F0202MS74SU-ddf4e70a0a\/klion3ab-2955507-large_360.png?t=xoxe-191193697300-2381439834979-2387440767812-d973f70d679d3caabfeb15fb25f95fa2",
                "thumb_360_w": 360,
                "thumb_360_h": 351,
                "thumb_480": "https:\/\/files.slack.com\/files-tmb\/T5M5PLH8U-F0202MS74SU-ddf4e70a0a\/klion3ab-2955507-large_480.png?t=xoxe-191193697300-2381439834979-2387440767812-d973f70d679d3caabfeb15fb25f95fa2",
                "thumb_480_w": 480,
                "thumb_480_h": 468,
                "thumb_160": "https:\/\/files.slack.com\/files-tmb\/T5M5PLH8U-F0202MS74SU-ddf4e70a0a\/klion3ab-2955507-large_160.png?t=xoxe-191193697300-2381439834979-2387440767812-d973f70d679d3caabfeb15fb25f95fa2",
                "thumb_720": "https:\/\/files.slack.com\/files-tmb\/T5M5PLH8U-F0202MS74SU-ddf4e70a0a\/klion3ab-2955507-large_720.png?t=xoxe-191193697300-2381439834979-2387440767812-d973f70d679d3caabfeb15fb25f95fa2",
                "thumb_720_w": 720,
                "thumb_720_h": 702,
                "thumb_800": "https:\/\/files.slack.com\/files-tmb\/T5M5PLH8U-F0202MS74SU-ddf4e70a0a\/klion3ab-2955507-large_800.png?t=xoxe-191193697300-2381439834979-2387440767812-d973f70d679d3caabfeb15fb25f95fa2",
                "thumb_800_w": 800,
                "thumb_800_h": 780,
                "thumb_360_gif": "https:\/\/files.slack.com\/files-tmb\/T5M5PLH8U-F0202MS74SU-ddf4e70a0a\/klion3ab-2955507-large_360.gif?t=xoxe-191193697300-2381439834979-2387440767812-d973f70d679d3caabfeb15fb25f95fa2",
                "thumb_480_gif": "https:\/\/files.slack.com\/files-tmb\/T5M5PLH8U-F0202MS74SU-ddf4e70a0a\/klion3ab-2955507-large_480.gif?t=xoxe-191193697300-2381439834979-2387440767812-d973f70d679d3caabfeb15fb25f95fa2",
                "original_w": 820,
                "original_h": 799,
                "deanimate": "https:\/\/files.slack.com\/files-tmb\/T5M5PLH8U-F0202MS74SU-ddf4e70a0a\/klion3ab-2955507-large_deanimate.png?t=xoxe-191193697300-2381439834979-2387440767812-d973f70d679d3caabfeb15fb25f95fa2",
                "deanimate_gif": "https:\/\/files.slack.com\/files-tmb\/T5M5PLH8U-F0202MS74SU-ddf4e70a0a\/klion3ab-2955507-large_deanimate_gif.png?t=xoxe-191193697300-2381439834979-2387440767812-d973f70d679d3caabfeb15fb25f95fa2",
                "thumb_tiny": "AwAuADC1eDEYOTyaqZNXblTJGAnJznrVb7PL\/c\/WqRlJajAxpdxp32eX+5+tH2eX+5+tFyeVdmMJNCE+Yv1FP+zy\/wBz9aVIJQ6kpwD60BbsmXtoHAGB7Uvamjk\/jTqk3EJ5wOtJyO9C8kmnUANI3LSBCO9KvBIp1ACHOeKTLCnUmDjGaAADAApaRjtGe1MEgJxzzQA5sg5Hej5qXHSl7+1AH\/\/Z",
                "permalink": "https:\/\/usdevkit.slack.com\/files\/U01UNUL8QJE\/F0202MS74SU\/klion3ab-2955507-large.gif",
                "permalink_public": "https:\/\/slack-files.com\/T5M5PLH8U-F0202MS74SU-76a5803518",
                "is_starred": false,
                "has_rich_preview": false
            }
        ],
        "upload": false,
        "user": "U01UNUL8QJE",
        "display_as_bot": false,
        "ts": "1618864582.003000",
        "thread_ts": "1618849507.011300",
        "parent_user_id": "U01UNUL8QJE"
    },
    {
        "type": "message",
        "text": "",
        "files": [
            {
                "id": "F01V5GAE6QZ",
                "created": 1618864620,
                "timestamp": 1618864620,
                "name": "The-geomentry-of-the-proposed-grid-antenna-array-for-5G-a-simulated-model-with-the.png",
                "title": "The-geomentry-of-the-proposed-grid-antenna-array-for-5G-a-simulated-model-with-the.png",
                "mimetype": "image\/png",
                "filetype": "png",
                "pretty_type": "PNG",
                "user": "U01UNUL8QJE",
                "editable": false,
                "size": 116133,
                "mode": "hosted",
                "is_external": false,
                "external_type": "",
                "is_public": true,
                "public_url_shared": false,
                "display_as_bot": false,
                "username": "",
                "url_private": "https:\/\/files.slack.com\/files-pri\/T5M5PLH8U-F01V5GAE6QZ\/the-geomentry-of-the-proposed-grid-antenna-array-for-5g-a-simulated-model-with-the.png?t=xoxe-191193697300-2381439834979-2387440767812-d973f70d679d3caabfeb15fb25f95fa2",
                "url_private_download": "https:\/\/files.slack.com\/files-pri\/T5M5PLH8U-F01V5GAE6QZ\/download\/the-geomentry-of-the-proposed-grid-antenna-array-for-5g-a-simulated-model-with-the.png?t=xoxe-191193697300-2381439834979-2387440767812-d973f70d679d3caabfeb15fb25f95fa2",
                "media_display_type": "unknown",
                "thumb_64": "https:\/\/files.slack.com\/files-tmb\/T5M5PLH8U-F01V5GAE6QZ-63c5aa7cf0\/the-geomentry-of-the-proposed-grid-antenna-array-for-5g-a-simulated-model-with-the_64.png?t=xoxe-191193697300-2381439834979-2387440767812-d973f70d679d3caabfeb15fb25f95fa2",
                "thumb_80": "https:\/\/files.slack.com\/files-tmb\/T5M5PLH8U-F01V5GAE6QZ-63c5aa7cf0\/the-geomentry-of-the-proposed-grid-antenna-array-for-5g-a-simulated-model-with-the_80.png?t=xoxe-191193697300-2381439834979-2387440767812-d973f70d679d3caabfeb15fb25f95fa2",
                "thumb_360": "https:\/\/files.slack.com\/files-tmb\/T5M5PLH8U-F01V5GAE6QZ-63c5aa7cf0\/the-geomentry-of-the-proposed-grid-antenna-array-for-5g-a-simulated-model-with-the_360.png?t=xoxe-191193697300-2381439834979-2387440767812-d973f70d679d3caabfeb15fb25f95fa2",
                "thumb_360_w": 360,
                "thumb_360_h": 207,
                "thumb_480": "https:\/\/files.slack.com\/files-tmb\/T5M5PLH8U-F01V5GAE6QZ-63c5aa7cf0\/the-geomentry-of-the-proposed-grid-antenna-array-for-5g-a-simulated-model-with-the_480.png?t=xoxe-191193697300-2381439834979-2387440767812-d973f70d679d3caabfeb15fb25f95fa2",
                "thumb_480_w": 480,
                "thumb_480_h": 277,
                "thumb_160": "https:\/\/files.slack.com\/files-tmb\/T5M5PLH8U-F01V5GAE6QZ-63c5aa7cf0\/the-geomentry-of-the-proposed-grid-antenna-array-for-5g-a-simulated-model-with-the_160.png?t=xoxe-191193697300-2381439834979-2387440767812-d973f70d679d3caabfeb15fb25f95fa2",
                "original_w": 694,
                "original_h": 400,
                "thumb_tiny": "AwAbADCw7tuOHPX1pN8n979aG++eO\/WkwPQfWs3JplWHqzlhlj19ai3zNI4VzgE96kXO9enWq6czS8Z+Y\/zppu1wtqShptu7ecfWl3yrtJY4PvSg5+bOf9r0\/Cmv\/CcdT19aEwaJnhck47n1pgRuhK9cdat1HsXdnH8WaqyJuRrFICDxwfWs2R9s79fvHkfWtqqT20TOxKck+pp2AhSTdExDNwM5\/wA\/WmiTe4AJIyOtWkt4lRwF4I55NC28QIwv6mkkNs\/\/2Q==",
                "permalink": "https:\/\/usdevkit.slack.com\/files\/U01UNUL8QJE\/F01V5GAE6QZ\/the-geomentry-of-the-proposed-grid-antenna-array-for-5g-a-simulated-model-with-the.png",
                "permalink_public": "https:\/\/slack-files.com\/T5M5PLH8U-F01V5GAE6QZ-7ea62601b4",
                "is_starred": false,
                "has_rich_preview": false
            }
        ],
        "upload": false,
        "user": "U01UNUL8QJE",
        "display_as_bot": false,
        "ts": "1618864625.003400",
        "thread_ts": "1618849507.011300",
        "parent_user_id": "U01UNUL8QJE"
    },
    {
        "client_msg_id": "4ceb8130-24ee-40ce-bd80-eea8e599588c",
        "type": "message",
        "text": "I forgot what the term is for ultrasonic waves generated by pulsed RF waves into human tissue. Anyone know? Edit: Found it - <https:\/\/en.wikipedia.org\/wiki\/Thermoacoustic_imaging>",
        "user": "U01UNUL8QJE",
        "ts": "1618866380.003800",
        "team": "T5M5PLH8U",
        "user_team": "T5M5PLH8U",
        "source_team": "T5M5PLH8U",
        "user_profile": {
            "avatar_hash": "097a510bdd52",
            "image_72": "https:\/\/avatars.slack-edge.com\/2021-04-18\/1975184203859_097a510bdd526f466a45_72.png",
            "first_name": "NeuroForLunch",
            "real_name": "NeuroForLunch",
            "display_name": "NeuroForLunch",
            "team": "T5M5PLH8U",
            "name": "neuro.for.lunch",
            "is_restricted": false,
            "is_ultra_restricted": false
        },
        "edited": {
            "user": "U01UNUL8QJE",
            "ts": "1618868398.000000"
        },
        "attachments": [
            {
                "image_url": "https:\/\/upload.wikimedia.org\/wikipedia\/commons\/4\/4d\/MRI_vs_TCT_composite_of_lamb_kidney.jpg",
                "image_width": 217,
                "image_height": 398,
                "image_bytes": 36504,
                "title": "Thermoacoustic imaging",
                "title_link": "https:\/\/en.wikipedia.org\/wiki\/Thermoacoustic_imaging",
                "from_url": "https:\/\/en.wikipedia.org\/wiki\/Thermoacoustic_imaging",
                "author_name": "Wikipedia",
                "author_link": "https:\/\/en.wikipedia.org\/",
                "text": "Thermoacoustic imaging was originally proposed by Theodore Bowen in 1981 as a strategy for studying the absorption properties of human tissue using virtually any kind of electromagnetic radiation. But Alexander Graham Bell first reported the physical principle upon which thermoacoustic imaging is based a century earlier. He observed that audible sound could be created by illuminating an intermittent beam of sunlight onto a rubber sheet. Shortly after Bowen's work was published, other researchers proposed methodology for thermoacoustic imaging using microwaves. In 1994 researchers used an infrared laser to produce the first thermoacoustic images of near-infrared optical absorption in a tissue-mimicking phantom, albeit in two dimensions (2D). In 1995 other researchers formulated a general reconstruction algorithm by which 2D thermoacoustic images could be computed from their \"projections,\" i.e. thermoacoustic computed tomography (TCT). By 1998 researchers at Indiana University Medical Center extended TCT to 3D and employed pulsed microwaves to produce the first fully three-dimensional (3D) thermoacoustic images of biologic tissue [an excised lamb kidney (Fig. 1)]. The following year they created the first fully 3D thermoacoustic images of cancer in the human breast, again using pulsed microwaves (Fig. 2).  Since that time, thermoacoustic imaging has gained widespread popularity in research institutions worldwide. As of 2008, three companies were developing commercial thermoacoustic imaging systems – Seno Medical, Endra, Inc. and OptoSonics, Inc.",
                "fallback": "wikipedia: Thermoacoustic imaging",
                "service_icon": "https:\/\/a.slack-edge.com\/80588\/img\/unfurl_icons\/wikipedia.png",
                "id": 1,
                "original_url": "https:\/\/en.wikipedia.org\/wiki\/Thermoacoustic_imaging"
            }
        ],
        "blocks": [
            {
                "type": "rich_text",
                "block_id": "EW5",
                "elements": [
                    {
                        "type": "rich_text_section",
                        "elements": [
                            {
                                "type": "text",
                                "text": "I forgot what the term is for ultrasonic waves generated by pulsed RF waves into human tissue. Anyone know? Edit: Found it - "
                            },
                            {
                                "type": "link",
                                "url": "https:\/\/en.wikipedia.org\/wiki\/Thermoacoustic_imaging"
                            }
                        ]
                    }
                ]
            }
        ],
        "thread_ts": "1618849507.011300",
        "parent_user_id": "U01UNUL8QJE"
    },
    {
        "client_msg_id": "1c48b7cc-c131-4b63-8532-3a1c363abbcb",
        "type": "message",
        "text": "<https:\/\/sites.uwm.edu\/patchs\/vhf-induced\/>",
        "user": "U01UNUL8QJE",
        "ts": "1618868949.004200",
        "team": "T5M5PLH8U",
        "user_team": "T5M5PLH8U",
        "source_team": "T5M5PLH8U",
        "user_profile": {
            "avatar_hash": "097a510bdd52",
            "image_72": "https:\/\/avatars.slack-edge.com\/2021-04-18\/1975184203859_097a510bdd526f466a45_72.png",
            "first_name": "NeuroForLunch",
            "real_name": "NeuroForLunch",
            "display_name": "NeuroForLunch",
            "team": "T5M5PLH8U",
            "name": "neuro.for.lunch",
            "is_restricted": false,
            "is_ultra_restricted": false
        },
        "blocks": [
            {
                "type": "rich_text",
                "block_id": "T\/t",
                "elements": [
                    {
                        "type": "rich_text_section",
                        "elements": [
                            {
                                "type": "link",
                                "url": "https:\/\/sites.uwm.edu\/patchs\/vhf-induced\/"
                            }
                        ]
                    }
                ]
            }
        ],
        "thread_ts": "1618849507.011300",
        "parent_user_id": "U01UNUL8QJE"
    },
    {
        "client_msg_id": "994c42c2-d7ef-4add-a3f1-727ce22609a6",
        "type": "message",
        "text": "Probably. Which hx4k are you using?",
        "user": "U01UNUL8QJE",
        "ts": "1618872241.004400",
        "team": "T5M5PLH8U",
        "user_team": "T5M5PLH8U",
        "source_team": "T5M5PLH8U",
        "user_profile": {
            "avatar_hash": "097a510bdd52",
            "image_72": "https:\/\/avatars.slack-edge.com\/2021-04-18\/1975184203859_097a510bdd526f466a45_72.png",
            "first_name": "NeuroForLunch",
            "real_name": "NeuroForLunch",
            "display_name": "NeuroForLunch",
            "team": "T5M5PLH8U",
            "name": "neuro.for.lunch",
            "is_restricted": false,
            "is_ultra_restricted": false
        },
        "blocks": [
            {
                "type": "rich_text",
                "block_id": "LSC",
                "elements": [
                    {
                        "type": "rich_text_section",
                        "elements": [
                            {
                                "type": "text",
                                "text": "Probably. Which hx4k are you using?"
                            }
                        ]
                    }
                ]
            }
        ],
        "thread_ts": "1618849170.009900",
        "parent_user_id": "U01UNUL8QJE"
    },
    {
        "client_msg_id": "d7de4de4-7ce4-496f-8f84-ecd22821b1e0",
        "type": "message",
        "text": "the un0rick is 10 bit... can you make something 16 bit using the hx4k?",
        "user": "U01UNUL8QJE",
        "ts": "1618872572.004600",
        "team": "T5M5PLH8U",
        "user_team": "T5M5PLH8U",
        "source_team": "T5M5PLH8U",
        "user_profile": {
            "avatar_hash": "097a510bdd52",
            "image_72": "https:\/\/avatars.slack-edge.com\/2021-04-18\/1975184203859_097a510bdd526f466a45_72.png",
            "first_name": "NeuroForLunch",
            "real_name": "NeuroForLunch",
            "display_name": "NeuroForLunch",
            "team": "T5M5PLH8U",
            "name": "neuro.for.lunch",
            "is_restricted": false,
            "is_ultra_restricted": false
        },
        "blocks": [
            {
                "type": "rich_text",
                "block_id": "w6wv",
                "elements": [
                    {
                        "type": "rich_text_section",
                        "elements": [
                            {
                                "type": "text",
                                "text": "the un0rick is 10 bit... can you make something 16 bit using the hx4k?"
                            }
                        ]
                    }
                ]
            }
        ],
        "thread_ts": "1618849170.009900",
        "parent_user_id": "U01UNUL8QJE"
    },
    {
        "client_msg_id": "ad6bcf4f-dd4c-45ce-a21c-54f5c02838e9",
        "type": "message",
        "text": "The 144 TQFP package for the hx4k (which is actually a hidden hx8k, 8k LUTS using yosys)",
        "user": "U5M5PLH9S",
        "ts": "1618897675.004900",
        "team": "T5M5PLH8U",
        "user_team": "T5M5PLH8U",
        "source_team": "T5M5PLH8U",
        "user_profile": {
            "avatar_hash": "e4fb6ae9f526",
            "image_72": "https:\/\/avatars.slack-edge.com\/2017-06-01\/191144530514_e4fb6ae9f526531fd41c_72.jpg",
            "first_name": "",
            "real_name": "kelu",
            "display_name": "",
            "team": "T5M5PLH8U",
            "name": "kelu",
            "is_restricted": false,
            "is_ultra_restricted": false
        },
        "blocks": [
            {
                "type": "rich_text",
                "block_id": "r4H",
                "elements": [
                    {
                        "type": "rich_text_section",
                        "elements": [
                            {
                                "type": "text",
                                "text": "The 144 TQFP package for the hx4k (which is actually a hidden hx8k, 8k LUTS using yosys)"
                            }
                        ]
                    }
                ]
            }
        ],
        "thread_ts": "1618849170.009900",
        "parent_user_id": "U01UNUL8QJE"
    },
    {
        "client_msg_id": "f19d9e56-a30d-461a-93ab-1589f90505a0",
        "type": "message",
        "text": "yeah, 16bits is possible. However, note that the nb of bits is limited by the noise on the board, wouldn't make sense to pay 60$+ for an ADC (here: <https:\/\/www.mouser.fr\/ProductDetail\/Analog-Devices\/AD9266TCPZRL7-65EP?qs=%2FtpEQrCGXCyijNJ0ZAoDxw%3D%3D> ) for 6 bits of noise",
        "user": "U5M5PLH9S",
        "ts": "1618897804.005100",
        "team": "T5M5PLH8U",
        "user_team": "T5M5PLH8U",
        "source_team": "T5M5PLH8U",
        "user_profile": {
            "avatar_hash": "e4fb6ae9f526",
            "image_72": "https:\/\/avatars.slack-edge.com\/2017-06-01\/191144530514_e4fb6ae9f526531fd41c_72.jpg",
            "first_name": "",
            "real_name": "kelu",
            "display_name": "",
            "team": "T5M5PLH8U",
            "name": "kelu",
            "is_restricted": false,
            "is_ultra_restricted": false
        },
        "attachments": [
            {
                "service_name": "Mouser Electronics",
                "title": "AD9266TCPZRL7-65EP Analog Devices | Mouser",
                "title_link": "https:\/\/www.mouser.fr\/ProductDetail\/Analog-Devices\/AD9266TCPZRL7-65EP?qs=%2FtpEQrCGXCyijNJ0ZAoDxw%3D%3D",
                "text": "AD9266TCPZRL7-65EP Analog Devices Convertisseurs analogique-numérique - CAN 16 Bit, 65 MSPS 1.8V Single ADC EP fiche technique, inventaire et tarifs",
                "fallback": "Mouser Electronics: AD9266TCPZRL7-65EP Analog Devices | Mouser",
                "thumb_url": "https:\/\/www.mouser.fr\/images\/adi\/images\/ITP_ADI_LFCSP-32_CP-32-12_t.jpg",
                "from_url": "https:\/\/www.mouser.fr\/ProductDetail\/Analog-Devices\/AD9266TCPZRL7-65EP?qs=%2FtpEQrCGXCyijNJ0ZAoDxw%3D%3D",
                "thumb_width": 150,
                "thumb_height": 149,
                "service_icon": "https:\/\/www.mouser.fr\/apple-touch-icon.png",
                "id": 1,
                "original_url": "https:\/\/www.mouser.fr\/ProductDetail\/Analog-Devices\/AD9266TCPZRL7-65EP?qs=%2FtpEQrCGXCyijNJ0ZAoDxw%3D%3D"
            }
        ],
        "blocks": [
            {
                "type": "rich_text",
                "block_id": "Wqn",
                "elements": [
                    {
                        "type": "rich_text_section",
                        "elements": [
                            {
                                "type": "text",
                                "text": "yeah, 16bits is possible. However, note that the nb of bits is limited by the noise on the board, wouldn't make sense to pay 60$+ for an ADC (here: "
                            },
                            {
                                "type": "link",
                                "url": "https:\/\/www.mouser.fr\/ProductDetail\/Analog-Devices\/AD9266TCPZRL7-65EP?qs=%2FtpEQrCGXCyijNJ0ZAoDxw%3D%3D"
                            },
                            {
                                "type": "text",
                                "text": " ) for 6 bits of noise"
                            }
                        ]
                    }
                ]
            }
        ],
        "thread_ts": "1618849170.009900",
        "parent_user_id": "U01UNUL8QJE",
        "reactions": [
            {
                "name": "+1",
                "users": [
                    "U01UNUL8QJE"
                ],
                "count": 1
            }
        ]
    },
    {
        "client_msg_id": "264690a6-8021-487f-8e2a-b00549c57121",
        "type": "message",
        "text": "that said, the ampli (AD8331) in front of the ADC allows to maximize the use of the dynamic range of your ADC.",
        "user": "U5M5PLH9S",
        "ts": "1618897835.005400",
        "team": "T5M5PLH8U",
        "user_team": "T5M5PLH8U",
        "source_team": "T5M5PLH8U",
        "user_profile": {
            "avatar_hash": "e4fb6ae9f526",
            "image_72": "https:\/\/avatars.slack-edge.com\/2017-06-01\/191144530514_e4fb6ae9f526531fd41c_72.jpg",
            "first_name": "",
            "real_name": "kelu",
            "display_name": "",
            "team": "T5M5PLH8U",
            "name": "kelu",
            "is_restricted": false,
            "is_ultra_restricted": false
        },
        "edited": {
            "user": "U5M5PLH9S",
            "ts": "1618897842.000000"
        },
        "blocks": [
            {
                "type": "rich_text",
                "block_id": "Ly0q",
                "elements": [
                    {
                        "type": "rich_text_section",
                        "elements": [
                            {
                                "type": "text",
                                "text": "that said, the ampli (AD8331) in front of the ADC allows to maximize the use of the dynamic range of your ADC."
                            }
                        ]
                    }
                ]
            }
        ],
        "thread_ts": "1618849170.009900",
        "parent_user_id": "U01UNUL8QJE"
    }
]