[
    {
        "client_msg_id": "5fceb4d7-d154-4e4a-8884-d83dc69d1663",
        "type": "message",
        "text": "Hi. Thanks for your answer.\n\nThe transducers we made so far are quite simple, only problem again PVDF is a little expensive and fragile when handled incorrectly.\nIt comes in sheets of defined thickness, with or without silver electrode layer on one or both sides, depending on your needs. From there one can simply cut out a small peace with a sharp utility knife. To attach cables it's best to use silver adhesive paste since PVDF is not suited for soldering. To waterproof it there are several options but one of the simplest might be using thin layers of PET and fusing the sensor between them. ^^\n\nI would love to share one with you but all material belongs to my institute and I think that it will get very complicated convincing them of this :disappointed:\n\nSince I was able to make it vibrate with a square wave signal 1000 Hz frequency and 10% duty cycle @ 5 Volts. I am relatively sure it should also work in the MHz range but not 100% since I wasn't able to find anyone who could confirm that. And I was also not able to see the effect of Voltage used (5, 24 or even 72 V) on image quality or depth of penetration therefore I hoped maybe in this community there is someone who has done something with PVDF already :slightly_smiling_face:",
        "user": "U01J55ULD9U",
        "ts": "1610290307.101000",
        "team": "T5M5PLH8U",
        "user_team": "T5M5PLH8U",
        "source_team": "T5M5PLH8U",
        "user_profile": {
            "avatar_hash": "gc6e605db74c",
            "image_72": "https:\/\/secure.gravatar.com\/avatar\/c6e605db74c14f40292bd3b43b22ff0d.jpg?s=72&d=https%3A%2F%2Fa.slack-edge.com%2Fdf10d%2Fimg%2Favatars%2Fava_0001-72.png",
            "first_name": "",
            "real_name": "Michael",
            "display_name": "Michael",
            "team": "T5M5PLH8U",
            "name": "michael.stix",
            "is_restricted": false,
            "is_ultra_restricted": false
        },
        "blocks": [
            {
                "type": "rich_text",
                "block_id": "AUoT",
                "elements": [
                    {
                        "type": "rich_text_section",
                        "elements": [
                            {
                                "type": "text",
                                "text": "Hi. Thanks for your answer.\n\nThe transducers we made so far are quite simple, only problem again PVDF is a little expensive and fragile when handled incorrectly.\nIt comes in sheets of defined thickness, with or without silver electrode layer on one or both sides, depending on your needs. From there one can simply cut out a small peace with a sharp utility knife. To attach cables it's best to use silver adhesive paste since PVDF is not suited for soldering. To waterproof it there are several options but one of the simplest might be using thin layers of PET and fusing the sensor between them. ^^\n\nI would love to share one with you but all material belongs to my institute and I think that it will get very complicated convincing them of this "
                            },
                            {
                                "type": "emoji",
                                "name": "disappointed"
                            },
                            {
                                "type": "text",
                                "text": "\n\nSince I was able to make it vibrate with a square wave signal 1000 Hz frequency and 10% duty cycle @ 5 Volts. I am relatively sure it should also work in the MHz range but not 100% since I wasn't able to find anyone who could confirm that. And I was also not able to see the effect of Voltage used (5, 24 or even 72 V) on image quality or depth of penetration therefore I hoped maybe in this community there is someone who has done something with PVDF already "
                            },
                            {
                                "type": "emoji",
                                "name": "slightly_smiling_face"
                            }
                        ]
                    }
                ]
            }
        ],
        "thread_ts": "1610205134.100700",
        "parent_user_id": "U01J55ULD9U",
        "reactions": [
            {
                "name": "+1",
                "users": [
                    "U5M5PLH9S"
                ],
                "count": 1
            }
        ]
    },
    {
        "client_msg_id": "879b9b38-4ee6-43b0-b749-5ccb6008518a",
        "type": "message",
        "text": "Great! Have you tried the nanovna to check the electrical behavior of your transducer ? ;)",
        "user": "U5M5PLH9S",
        "ts": "1610293547.101200",
        "team": "T5M5PLH8U",
        "user_team": "T5M5PLH8U",
        "source_team": "T5M5PLH8U",
        "user_profile": {
            "avatar_hash": "e4fb6ae9f526",
            "image_72": "https:\/\/avatars.slack-edge.com\/2017-06-01\/191144530514_e4fb6ae9f526531fd41c_72.jpg",
            "first_name": "",
            "real_name": "kelu",
            "display_name": "",
            "team": "T5M5PLH8U",
            "name": "kelu",
            "is_restricted": false,
            "is_ultra_restricted": false
        },
        "blocks": [
            {
                "type": "rich_text",
                "block_id": "cNjv",
                "elements": [
                    {
                        "type": "rich_text_section",
                        "elements": [
                            {
                                "type": "text",
                                "text": "Great! Have you tried the nanovna to check the electrical behavior of your transducer ? ;)"
                            }
                        ]
                    }
                ]
            }
        ],
        "thread_ts": "1610205134.100700",
        "parent_user_id": "U01J55ULD9U"
    },
    {
        "client_msg_id": "8f2c4ea4-45c1-4194-b080-bf49941ac351",
        "type": "message",
        "text": "No I actually haven't had the chance to use a VNA yet",
        "user": "U01J55ULD9U",
        "ts": "1610308369.101400",
        "team": "T5M5PLH8U",
        "user_team": "T5M5PLH8U",
        "source_team": "T5M5PLH8U",
        "user_profile": {
            "avatar_hash": "gc6e605db74c",
            "image_72": "https:\/\/secure.gravatar.com\/avatar\/c6e605db74c14f40292bd3b43b22ff0d.jpg?s=72&d=https%3A%2F%2Fa.slack-edge.com%2Fdf10d%2Fimg%2Favatars%2Fava_0001-72.png",
            "first_name": "",
            "real_name": "Michael",
            "display_name": "Michael",
            "team": "T5M5PLH8U",
            "name": "michael.stix",
            "is_restricted": false,
            "is_ultra_restricted": false
        },
        "blocks": [
            {
                "type": "rich_text",
                "block_id": "jxG3I",
                "elements": [
                    {
                        "type": "rich_text_section",
                        "elements": [
                            {
                                "type": "text",
                                "text": "No I actually haven't had the chance to use a VNA yet"
                            }
                        ]
                    }
                ]
            }
        ],
        "thread_ts": "1610205134.100700",
        "parent_user_id": "U01J55ULD9U"
    },
    {
        "client_msg_id": "72fac920-5303-486d-8b90-0be87646a7fb",
        "type": "message",
        "text": "Maybe be the best to finetune the electrical and acoustic parameters of your transducer :)",
        "user": "U5M5PLH9S",
        "ts": "1610351327.101700",
        "team": "T5M5PLH8U",
        "user_team": "T5M5PLH8U",
        "source_team": "T5M5PLH8U",
        "user_profile": {
            "avatar_hash": "e4fb6ae9f526",
            "image_72": "https:\/\/avatars.slack-edge.com\/2017-06-01\/191144530514_e4fb6ae9f526531fd41c_72.jpg",
            "first_name": "",
            "real_name": "kelu",
            "display_name": "",
            "team": "T5M5PLH8U",
            "name": "kelu",
            "is_restricted": false,
            "is_ultra_restricted": false
        },
        "blocks": [
            {
                "type": "rich_text",
                "block_id": "JG9=i",
                "elements": [
                    {
                        "type": "rich_text_section",
                        "elements": [
                            {
                                "type": "text",
                                "text": "Maybe be the best to finetune the electrical and acoustic parameters of your transducer :)"
                            }
                        ]
                    }
                ]
            }
        ],
        "thread_ts": "1610205134.100700",
        "parent_user_id": "U01J55ULD9U"
    }
]