[
    {
        "client_msg_id": "ec069d72-e0f6-4c86-a78f-0d4be2d5c611",
        "type": "message",
        "text": "<https:\/\/gist.github.com\/kelu124\/7765be25c833da0ee6eb3974627811bd> after some cleanup from the fab protocol, to make more sense (at least for me) and factorize code.",
        "user": "U5M5PLH9S",
        "ts": "1615473533.000100",
        "team": "T5M5PLH8U",
        "user_team": "T5M5PLH8U",
        "source_team": "T5M5PLH8U",
        "user_profile": {
            "avatar_hash": "e4fb6ae9f526",
            "image_72": "https:\/\/avatars.slack-edge.com\/2017-06-01\/191144530514_e4fb6ae9f526531fd41c_72.jpg",
            "first_name": "",
            "real_name": "kelu",
            "display_name": "",
            "team": "T5M5PLH8U",
            "name": "kelu",
            "is_restricted": false,
            "is_ultra_restricted": false
        },
        "blocks": [
            {
                "type": "rich_text",
                "block_id": "c3tsm",
                "elements": [
                    {
                        "type": "rich_text_section",
                        "elements": [
                            {
                                "type": "link",
                                "url": "https:\/\/gist.github.com\/kelu124\/7765be25c833da0ee6eb3974627811bd"
                            },
                            {
                                "type": "text",
                                "text": " after some cleanup from the fab protocol, to make more sense (at least for me) and factorize code."
                            }
                        ]
                    }
                ]
            }
        ],
        "thread_ts": "1615284297.002800",
        "parent_user_id": "U5M5PLH9S"
    },
    {
        "type": "message",
        "text": "<@U8Z3VB1T2> there are some things as you'll see attached. It seems we can read\/write from a 255*255 space, so I wouldn't be surprised for beamforming.",
        "files": [
            {
                "id": "F01QY6PB35Z",
                "created": 1615473607,
                "timestamp": 1615473607,
                "name": "image.png",
                "title": "image.png",
                "mimetype": "image\/png",
                "filetype": "png",
                "pretty_type": "PNG",
                "user": "U5M5PLH9S",
                "editable": false,
                "size": 17910,
                "mode": "hosted",
                "is_external": false,
                "external_type": "",
                "is_public": true,
                "public_url_shared": false,
                "display_as_bot": false,
                "username": "",
                "url_private": "https:\/\/files.slack.com\/files-pri\/T5M5PLH8U-F01QY6PB35Z\/image.png?t=xoxe-191193697300-2381439834979-2387440767812-d973f70d679d3caabfeb15fb25f95fa2",
                "url_private_download": "https:\/\/files.slack.com\/files-pri\/T5M5PLH8U-F01QY6PB35Z\/download\/image.png?t=xoxe-191193697300-2381439834979-2387440767812-d973f70d679d3caabfeb15fb25f95fa2",
                "media_display_type": "unknown",
                "thumb_64": "https:\/\/files.slack.com\/files-tmb\/T5M5PLH8U-F01QY6PB35Z-c32433fc5a\/image_64.png?t=xoxe-191193697300-2381439834979-2387440767812-d973f70d679d3caabfeb15fb25f95fa2",
                "thumb_80": "https:\/\/files.slack.com\/files-tmb\/T5M5PLH8U-F01QY6PB35Z-c32433fc5a\/image_80.png?t=xoxe-191193697300-2381439834979-2387440767812-d973f70d679d3caabfeb15fb25f95fa2",
                "thumb_360": "https:\/\/files.slack.com\/files-tmb\/T5M5PLH8U-F01QY6PB35Z-c32433fc5a\/image_360.png?t=xoxe-191193697300-2381439834979-2387440767812-d973f70d679d3caabfeb15fb25f95fa2",
                "thumb_360_w": 360,
                "thumb_360_h": 50,
                "thumb_480": "https:\/\/files.slack.com\/files-tmb\/T5M5PLH8U-F01QY6PB35Z-c32433fc5a\/image_480.png?t=xoxe-191193697300-2381439834979-2387440767812-d973f70d679d3caabfeb15fb25f95fa2",
                "thumb_480_w": 480,
                "thumb_480_h": 67,
                "thumb_160": "https:\/\/files.slack.com\/files-tmb\/T5M5PLH8U-F01QY6PB35Z-c32433fc5a\/image_160.png?t=xoxe-191193697300-2381439834979-2387440767812-d973f70d679d3caabfeb15fb25f95fa2",
                "thumb_720": "https:\/\/files.slack.com\/files-tmb\/T5M5PLH8U-F01QY6PB35Z-c32433fc5a\/image_720.png?t=xoxe-191193697300-2381439834979-2387440767812-d973f70d679d3caabfeb15fb25f95fa2",
                "thumb_720_w": 720,
                "thumb_720_h": 100,
                "thumb_800": "https:\/\/files.slack.com\/files-tmb\/T5M5PLH8U-F01QY6PB35Z-c32433fc5a\/image_800.png?t=xoxe-191193697300-2381439834979-2387440767812-d973f70d679d3caabfeb15fb25f95fa2",
                "thumb_800_w": 800,
                "thumb_800_h": 111,
                "thumb_960": "https:\/\/files.slack.com\/files-tmb\/T5M5PLH8U-F01QY6PB35Z-c32433fc5a\/image_960.png?t=xoxe-191193697300-2381439834979-2387440767812-d973f70d679d3caabfeb15fb25f95fa2",
                "thumb_960_w": 960,
                "thumb_960_h": 133,
                "original_w": 980,
                "original_h": 136,
                "thumb_tiny": "AwAGADCqKDQKDQAlGKKKADFGKKKAP\/\/Z",
                "permalink": "https:\/\/usdevkit.slack.com\/files\/U5M5PLH9S\/F01QY6PB35Z\/image.png",
                "permalink_public": "https:\/\/slack-files.com\/T5M5PLH8U-F01QY6PB35Z-60c6054ade",
                "is_starred": false,
                "has_rich_preview": false
            }
        ],
        "upload": false,
        "blocks": [
            {
                "type": "rich_text",
                "block_id": "1Wi",
                "elements": [
                    {
                        "type": "rich_text_section",
                        "elements": [
                            {
                                "type": "user",
                                "user_id": "U8Z3VB1T2"
                            },
                            {
                                "type": "text",
                                "text": " there are some things as you'll see attached. It seems we can read\/write from a 255*255 space, so I wouldn't be surprised for beamforming."
                            }
                        ]
                    }
                ]
            }
        ],
        "user": "U5M5PLH9S",
        "display_as_bot": false,
        "ts": "1615473646.000300",
        "thread_ts": "1615284297.002800",
        "parent_user_id": "U5M5PLH9S"
    },
    {
        "type": "message",
        "text": "Making progress: what does this remind you of ?  :)",
        "files": [
            {
                "id": "F01R4HTGJS0",
                "created": 1615478194,
                "timestamp": 1615478194,
                "name": "pack_329.jpg",
                "title": "pack_329.jpg",
                "mimetype": "image\/png",
                "filetype": "png",
                "pretty_type": "PNG",
                "user": "U5M5PLH9S",
                "editable": false,
                "size": 24440,
                "mode": "hosted",
                "is_external": false,
                "external_type": "",
                "is_public": true,
                "public_url_shared": false,
                "display_as_bot": false,
                "username": "",
                "url_private": "https:\/\/files.slack.com\/files-pri\/T5M5PLH8U-F01R4HTGJS0\/pack_329.jpg?t=xoxe-191193697300-2381439834979-2387440767812-d973f70d679d3caabfeb15fb25f95fa2",
                "url_private_download": "https:\/\/files.slack.com\/files-pri\/T5M5PLH8U-F01R4HTGJS0\/download\/pack_329.jpg?t=xoxe-191193697300-2381439834979-2387440767812-d973f70d679d3caabfeb15fb25f95fa2",
                "media_display_type": "unknown",
                "thumb_64": "https:\/\/files.slack.com\/files-tmb\/T5M5PLH8U-F01R4HTGJS0-11deaec9cb\/pack_329_64.png?t=xoxe-191193697300-2381439834979-2387440767812-d973f70d679d3caabfeb15fb25f95fa2",
                "thumb_80": "https:\/\/files.slack.com\/files-tmb\/T5M5PLH8U-F01R4HTGJS0-11deaec9cb\/pack_329_80.png?t=xoxe-191193697300-2381439834979-2387440767812-d973f70d679d3caabfeb15fb25f95fa2",
                "thumb_360": "https:\/\/files.slack.com\/files-tmb\/T5M5PLH8U-F01R4HTGJS0-11deaec9cb\/pack_329_360.png?t=xoxe-191193697300-2381439834979-2387440767812-d973f70d679d3caabfeb15fb25f95fa2",
                "thumb_360_w": 360,
                "thumb_360_h": 230,
                "thumb_160": "https:\/\/files.slack.com\/files-tmb\/T5M5PLH8U-F01R4HTGJS0-11deaec9cb\/pack_329_160.png?t=xoxe-191193697300-2381439834979-2387440767812-d973f70d679d3caabfeb15fb25f95fa2",
                "original_w": 389,
                "original_h": 248,
                "thumb_tiny": "AwAeADCpp6hryMMARzwfpW15EP8AzyT\/AL5FY2nf8f0f4\/yrdoAj8iH\/AJ5J\/wB8ikWGE5\/dJ1\/uipScAn0pF4FADPIh\/wCeSf8AfIqOeGIRPiNAdpP3RViopuYpfZT\/ACoAx9O\/4\/o\/x\/lW3v8ARTn6Vz0ErQSrIoBI9auf2rN\/cj\/I0AajNuXHQk4pc4J4P5Vk\/wBqS5z5cefoaX+1Zv7kf5GgDV3c8jGaZJ\/x7yn1B\/lWYdUmIwUj\/I0janKyFdiYIx3oA\/\/Z",
                "permalink": "https:\/\/usdevkit.slack.com\/files\/U5M5PLH9S\/F01R4HTGJS0\/pack_329.jpg",
                "permalink_public": "https:\/\/slack-files.com\/T5M5PLH8U-F01R4HTGJS0-1271b6bb8b",
                "is_starred": false,
                "has_rich_preview": false
            }
        ],
        "upload": false,
        "blocks": [
            {
                "type": "rich_text",
                "block_id": "=3KD5",
                "elements": [
                    {
                        "type": "rich_text_section",
                        "elements": [
                            {
                                "type": "text",
                                "text": "Making progress: what does this remind you of ?  :)"
                            }
                        ]
                    }
                ]
            }
        ],
        "user": "U5M5PLH9S",
        "display_as_bot": false,
        "ts": "1615478196.000700",
        "thread_ts": "1615284297.002800",
        "parent_user_id": "U5M5PLH9S"
    },
    {
        "type": "message",
        "text": "Now, I have a packet of size 128x7x7x7 bytes. Ploted as 64 points over 343 lines, I'm getting this. Definitely a hint with respect to geometry..",
        "files": [
            {
                "id": "F01QZ85EQ83",
                "created": 1615485044,
                "timestamp": 1615485044,
                "name": "pack337_imshow.jpg",
                "title": "pack337_imshow.jpg",
                "mimetype": "image\/jpeg",
                "filetype": "jpg",
                "pretty_type": "JPEG",
                "user": "U5M5PLH9S",
                "editable": false,
                "size": 172367,
                "mode": "hosted",
                "is_external": false,
                "external_type": "",
                "is_public": true,
                "public_url_shared": false,
                "display_as_bot": false,
                "username": "",
                "url_private": "https:\/\/files.slack.com\/files-pri\/T5M5PLH8U-F01QZ85EQ83\/pack337_imshow.jpg?t=xoxe-191193697300-2381439834979-2387440767812-d973f70d679d3caabfeb15fb25f95fa2",
                "url_private_download": "https:\/\/files.slack.com\/files-pri\/T5M5PLH8U-F01QZ85EQ83\/download\/pack337_imshow.jpg?t=xoxe-191193697300-2381439834979-2387440767812-d973f70d679d3caabfeb15fb25f95fa2",
                "media_display_type": "unknown",
                "thumb_64": "https:\/\/files.slack.com\/files-tmb\/T5M5PLH8U-F01QZ85EQ83-3f540d1265\/pack337_imshow_64.jpg?t=xoxe-191193697300-2381439834979-2387440767812-d973f70d679d3caabfeb15fb25f95fa2",
                "thumb_80": "https:\/\/files.slack.com\/files-tmb\/T5M5PLH8U-F01QZ85EQ83-3f540d1265\/pack337_imshow_80.jpg?t=xoxe-191193697300-2381439834979-2387440767812-d973f70d679d3caabfeb15fb25f95fa2",
                "thumb_360": "https:\/\/files.slack.com\/files-tmb\/T5M5PLH8U-F01QZ85EQ83-3f540d1265\/pack337_imshow_360.jpg?t=xoxe-191193697300-2381439834979-2387440767812-d973f70d679d3caabfeb15fb25f95fa2",
                "thumb_360_w": 360,
                "thumb_360_h": 360,
                "thumb_480": "https:\/\/files.slack.com\/files-tmb\/T5M5PLH8U-F01QZ85EQ83-3f540d1265\/pack337_imshow_480.jpg?t=xoxe-191193697300-2381439834979-2387440767812-d973f70d679d3caabfeb15fb25f95fa2",
                "thumb_480_w": 480,
                "thumb_480_h": 480,
                "thumb_160": "https:\/\/files.slack.com\/files-tmb\/T5M5PLH8U-F01QZ85EQ83-3f540d1265\/pack337_imshow_160.jpg?t=xoxe-191193697300-2381439834979-2387440767812-d973f70d679d3caabfeb15fb25f95fa2",
                "thumb_720": "https:\/\/files.slack.com\/files-tmb\/T5M5PLH8U-F01QZ85EQ83-3f540d1265\/pack337_imshow_720.jpg?t=xoxe-191193697300-2381439834979-2387440767812-d973f70d679d3caabfeb15fb25f95fa2",
                "thumb_720_w": 720,
                "thumb_720_h": 720,
                "original_w": 720,
                "original_h": 720,
                "thumb_tiny": "AwAwADDRdwilm6Co\/tUXqfyouv8AUN+FUf4s\/wD6qBNl77VF6n8qPtUXqfyqiOM+9J\/Dj\/8AXQK5f+1Rep\/KpI5FkBKnpWaeSParln9xj70DTH3X+oaqFX7r\/UNVCkJhRRRQIKuWX+rb61Tq5Zf6tvrQND7r\/UNVCtN1DqVbkGo\/s0X939aY2ihRV77NF\/d\/Wl+zRf3f1pCsUKuWX+rb60\/7NF\/d\/WnxxrGCFGM0xpH\/2Q==",
                "permalink": "https:\/\/usdevkit.slack.com\/files\/U5M5PLH9S\/F01QZ85EQ83\/pack337_imshow.jpg",
                "permalink_public": "https:\/\/slack-files.com\/T5M5PLH8U-F01QZ85EQ83-eef4349e1f",
                "is_starred": false,
                "has_rich_preview": false
            }
        ],
        "upload": false,
        "blocks": [
            {
                "type": "rich_text",
                "block_id": "IYGr",
                "elements": [
                    {
                        "type": "rich_text_section",
                        "elements": [
                            {
                                "type": "text",
                                "text": "Now, I have a packet of size 128x7x7x7 bytes. Ploted as 64 points over 343 lines, I'm getting this. Definitely a hint with respect to geometry.."
                            }
                        ]
                    }
                ]
            }
        ],
        "user": "U5M5PLH9S",
        "display_as_bot": false,
        "ts": "1615485094.001100",
        "thread_ts": "1615284297.002800",
        "parent_user_id": "U5M5PLH9S"
    },
    {
        "type": "message",
        "text": "Working now under Jupyter, here a forearm without proper gel, 40mm deep. Need to still understand a few features, but we're quite here :stuck_out_tongue:",
        "files": [
            {
                "id": "F01R0A5JDNF",
                "created": 1615498897,
                "timestamp": 1615498897,
                "name": "usb.gif",
                "title": "usb.gif",
                "mimetype": "image\/gif",
                "filetype": "gif",
                "pretty_type": "GIF",
                "user": "U5M5PLH9S",
                "editable": false,
                "size": 1437558,
                "mode": "hosted",
                "is_external": false,
                "external_type": "",
                "is_public": true,
                "public_url_shared": false,
                "display_as_bot": false,
                "username": "",
                "url_private": "https:\/\/files.slack.com\/files-pri\/T5M5PLH8U-F01R0A5JDNF\/usb.gif?t=xoxe-191193697300-2381439834979-2387440767812-d973f70d679d3caabfeb15fb25f95fa2",
                "url_private_download": "https:\/\/files.slack.com\/files-pri\/T5M5PLH8U-F01R0A5JDNF\/download\/usb.gif?t=xoxe-191193697300-2381439834979-2387440767812-d973f70d679d3caabfeb15fb25f95fa2",
                "media_display_type": "unknown",
                "thumb_64": "https:\/\/files.slack.com\/files-tmb\/T5M5PLH8U-F01R0A5JDNF-a1b74160e7\/usb_64.png?t=xoxe-191193697300-2381439834979-2387440767812-d973f70d679d3caabfeb15fb25f95fa2",
                "thumb_80": "https:\/\/files.slack.com\/files-tmb\/T5M5PLH8U-F01R0A5JDNF-a1b74160e7\/usb_80.png?t=xoxe-191193697300-2381439834979-2387440767812-d973f70d679d3caabfeb15fb25f95fa2",
                "thumb_360": "https:\/\/files.slack.com\/files-tmb\/T5M5PLH8U-F01R0A5JDNF-a1b74160e7\/usb_360.png?t=xoxe-191193697300-2381439834979-2387440767812-d973f70d679d3caabfeb15fb25f95fa2",
                "thumb_360_w": 360,
                "thumb_360_h": 357,
                "thumb_480": "https:\/\/files.slack.com\/files-tmb\/T5M5PLH8U-F01R0A5JDNF-a1b74160e7\/usb_480.png?t=xoxe-191193697300-2381439834979-2387440767812-d973f70d679d3caabfeb15fb25f95fa2",
                "thumb_480_w": 480,
                "thumb_480_h": 476,
                "thumb_160": "https:\/\/files.slack.com\/files-tmb\/T5M5PLH8U-F01R0A5JDNF-a1b74160e7\/usb_160.png?t=xoxe-191193697300-2381439834979-2387440767812-d973f70d679d3caabfeb15fb25f95fa2",
                "thumb_360_gif": "https:\/\/files.slack.com\/files-tmb\/T5M5PLH8U-F01R0A5JDNF-a1b74160e7\/usb_360.gif?t=xoxe-191193697300-2381439834979-2387440767812-d973f70d679d3caabfeb15fb25f95fa2",
                "thumb_480_gif": "https:\/\/files.slack.com\/files-tmb\/T5M5PLH8U-F01R0A5JDNF-a1b74160e7\/usb_480.gif?t=xoxe-191193697300-2381439834979-2387440767812-d973f70d679d3caabfeb15fb25f95fa2",
                "original_w": 487,
                "original_h": 483,
                "deanimate": "https:\/\/files.slack.com\/files-tmb\/T5M5PLH8U-F01R0A5JDNF-a1b74160e7\/usb_deanimate.png?t=xoxe-191193697300-2381439834979-2387440767812-d973f70d679d3caabfeb15fb25f95fa2",
                "deanimate_gif": "https:\/\/files.slack.com\/files-tmb\/T5M5PLH8U-F01R0A5JDNF-a1b74160e7\/usb_deanimate_gif.png?t=xoxe-191193697300-2381439834979-2387440767812-d973f70d679d3caabfeb15fb25f95fa2",
                "thumb_tiny": "AwAvADDTPSo2zk8Gnsdqk+gzVX7cn939aAJwPrn6U7d7H8qq\/bVz92l+2r\/c\/WiwFoHPrRUcEomUkDGDipcUANl\/1T\/Q1z2Tiuhl\/wBU\/wBDXPY4oAMmjJpcUYpgaulf8ezf75\/kKu1S0r\/j2b\/fP8hV2kA2QZjYD0NY32WfH+qf8q2jnB24z2zTMy\/3U\/OgDI+yz\/8APJ\/yo+yz\/wDPJ\/yrXzJj7i5+tAMvdU\/Oi4EOnxvHAwdSp3ZwatVHmX+4v508dOcZoA\/\/2Q==",
                "permalink": "https:\/\/usdevkit.slack.com\/files\/U5M5PLH9S\/F01R0A5JDNF\/usb.gif",
                "permalink_public": "https:\/\/slack-files.com\/T5M5PLH8U-F01R0A5JDNF-6d52d3a3b7",
                "is_starred": false,
                "has_rich_preview": false
            }
        ],
        "upload": false,
        "blocks": [
            {
                "type": "rich_text",
                "block_id": "bkqV",
                "elements": [
                    {
                        "type": "rich_text_section",
                        "elements": [
                            {
                                "type": "text",
                                "text": "Working now under Jupyter, here a forearm without proper gel, 40mm deep. Need to still understand a few features, but we're quite here "
                            },
                            {
                                "type": "emoji",
                                "name": "stuck_out_tongue"
                            }
                        ]
                    }
                ]
            }
        ],
        "user": "U5M5PLH9S",
        "display_as_bot": false,
        "ts": "1615498938.002300",
        "thread_ts": "1615498938.002300",
        "reply_count": 4,
        "reply_users_count": 3,
        "latest_reply": "1616706007.002000",
        "reply_users": [
            "U8Z3VB1T2",
            "U01N3PNAHS9",
            "U5M5PLH9S"
        ],
        "replies": [
            {
                "user": "U8Z3VB1T2",
                "ts": "1615534015.003300"
            },
            {
                "user": "U01N3PNAHS9",
                "ts": "1615604730.003900"
            },
            {
                "user": "U5M5PLH9S",
                "ts": "1615645697.000100"
            },
            {
                "user": "U5M5PLH9S",
                "ts": "1616706007.002000"
            }
        ],
        "is_locked": false,
        "subscribed": true,
        "last_read": "1616706007.002000",
        "reactions": [
            {
                "name": "raised_hands",
                "users": [
                    "U01N3PNAHS9",
                    "U8Z3VB1T2"
                ],
                "count": 2
            },
            {
                "name": "mechanical_arm",
                "users": [
                    "U01N3PNAHS9"
                ],
                "count": 1
            }
        ]
    },
    {
        "client_msg_id": "682F7407-B4EC-436F-918C-4C15DFFDB310",
        "type": "message",
        "text": "Awesome work, congrats!! :star-struck:",
        "user": "U8Z3VB1T2",
        "ts": "1615534015.003300",
        "team": "T5M5PLH8U",
        "user_team": "T5M5PLH8U",
        "source_team": "T5M5PLH8U",
        "user_profile": {
            "avatar_hash": "g49ad52d7df8",
            "image_72": "https:\/\/secure.gravatar.com\/avatar\/449ad52d7df89ecbe8ebe0fd87d3f63f.jpg?s=72&d=https%3A%2F%2Fa.slack-edge.com%2Fdf10d%2Fimg%2Favatars%2Fava_0026-72.png",
            "first_name": "",
            "real_name": "William Meng",
            "display_name": "",
            "team": "T5M5PLH8U",
            "name": "wlmeng11",
            "is_restricted": false,
            "is_ultra_restricted": false
        },
        "blocks": [
            {
                "type": "rich_text",
                "block_id": "aDf4",
                "elements": [
                    {
                        "type": "rich_text_section",
                        "elements": [
                            {
                                "type": "text",
                                "text": "Awesome work, congrats!! "
                            },
                            {
                                "type": "emoji",
                                "name": "star-struck"
                            }
                        ]
                    }
                ]
            }
        ],
        "thread_ts": "1615498938.002300",
        "parent_user_id": "U5M5PLH9S"
    }
]