[
    {
        "type": "message",
        "subtype": "channel_join",
        "ts": "1619035452.005900",
        "user": "U01V24W9ZPD",
        "text": "<@U01V24W9ZPD> has joined the channel",
        "reactions": [
            {
                "name": "raised_hands",
                "users": [
                    "U5M5PLH9S"
                ],
                "count": 1
            }
        ]
    },
    {
        "client_msg_id": "29980c26-85f5-4c81-99ca-f02d9777ecd9",
        "type": "message",
        "text": "Hey <@U01V24W9ZPD>, welcome here :smiley:",
        "user": "U5M5PLH9S",
        "ts": "1619073745.006300",
        "team": "T5M5PLH8U",
        "user_team": "T5M5PLH8U",
        "source_team": "T5M5PLH8U",
        "user_profile": {
            "avatar_hash": "e4fb6ae9f526",
            "image_72": "https:\/\/avatars.slack-edge.com\/2017-06-01\/191144530514_e4fb6ae9f526531fd41c_72.jpg",
            "first_name": "",
            "real_name": "kelu",
            "display_name": "",
            "team": "T5M5PLH8U",
            "name": "kelu",
            "is_restricted": false,
            "is_ultra_restricted": false
        },
        "blocks": [
            {
                "type": "rich_text",
                "block_id": "amb",
                "elements": [
                    {
                        "type": "rich_text_section",
                        "elements": [
                            {
                                "type": "text",
                                "text": "Hey "
                            },
                            {
                                "type": "user",
                                "user_id": "U01V24W9ZPD"
                            },
                            {
                                "type": "text",
                                "text": ", welcome here "
                            },
                            {
                                "type": "emoji",
                                "name": "smiley"
                            }
                        ]
                    }
                ]
            }
        ],
        "thread_ts": "1619073745.006300",
        "reply_count": 3,
        "reply_users_count": 3,
        "latest_reply": "1619102500.007000",
        "reply_users": [
            "U5M5PLH9S",
            "U01DD9YA5B6",
            "U01V24W9ZPD"
        ],
        "replies": [
            {
                "user": "U5M5PLH9S",
                "ts": "1619085408.006400"
            },
            {
                "user": "U01DD9YA5B6",
                "ts": "1619093065.006600"
            },
            {
                "user": "U01V24W9ZPD",
                "ts": "1619102500.007000"
            }
        ],
        "is_locked": false,
        "subscribed": true,
        "last_read": "1619102500.007000"
    }
]