[
    {
        "client_msg_id": "6437e857-3f03-4cd1-8249-8e401737e6dc",
        "type": "message",
        "text": "Lib now cleaned up a bit, ultrasound images in 3 lines of code ;)  <https:\/\/github.com\/kelu124\/pyusbus|https:\/\/github.com\/kelu124\/pyusbus>",
        "user": "U5M5PLH9S",
        "ts": "1616706007.002000",
        "team": "T5M5PLH8U",
        "user_team": "T5M5PLH8U",
        "source_team": "T5M5PLH8U",
        "user_profile": {
            "avatar_hash": "e4fb6ae9f526",
            "image_72": "https:\/\/avatars.slack-edge.com\/2017-06-01\/191144530514_e4fb6ae9f526531fd41c_72.jpg",
            "first_name": "",
            "real_name": "kelu",
            "display_name": "",
            "team": "T5M5PLH8U",
            "name": "kelu",
            "is_restricted": false,
            "is_ultra_restricted": false
        },
        "blocks": [
            {
                "type": "rich_text",
                "block_id": "=P6Uy",
                "elements": [
                    {
                        "type": "rich_text_section",
                        "elements": [
                            {
                                "type": "text",
                                "text": "Lib now cleaned up a bit, ultrasound images in 3 lines of code ;)  "
                            },
                            {
                                "type": "link",
                                "url": "https:\/\/github.com\/kelu124\/pyusbus",
                                "text": "https:\/\/github.com\/kelu124\/pyusbus"
                            }
                        ]
                    }
                ]
            }
        ],
        "thread_ts": "1615498938.002300",
        "parent_user_id": "U5M5PLH9S",
        "reactions": [
            {
                "name": "raised_hands",
                "users": [
                    "U8Z3VB1T2"
                ],
                "count": 1
            },
            {
                "name": "star-struck",
                "users": [
                    "U8Z3VB1T2"
                ],
                "count": 1
            }
        ]
    }
]