[
    {
        "type": "message",
        "text": "A few news on the <#C9H58ADJT|un0rick> : <http:\/\/un0rick.cc\/un0rick\/usb-setup|http:\/\/un0rick.cc\/un0rick\/usb-setup> has an update for the usb firmware.. Now outputting vga video.",
        "files": [
            {
                "id": "F01JVH65CMC",
                "created": 1611004489,
                "timestamp": 1611004489,
                "name": "20210117_180634.gif",
                "title": "20210117_180634.gif",
                "mimetype": "image\/gif",
                "filetype": "gif",
                "pretty_type": "GIF",
                "user": "U5M5PLH9S",
                "editable": false,
                "size": 18441480,
                "mode": "hosted",
                "is_external": false,
                "external_type": "",
                "is_public": true,
                "public_url_shared": false,
                "display_as_bot": false,
                "username": "",
                "url_private": "https:\/\/files.slack.com\/files-pri\/T5M5PLH8U-F01JVH65CMC\/20210117_180634.gif?t=xoxe-191193697300-2381439834979-2387440767812-d973f70d679d3caabfeb15fb25f95fa2",
                "url_private_download": "https:\/\/files.slack.com\/files-pri\/T5M5PLH8U-F01JVH65CMC\/download\/20210117_180634.gif?t=xoxe-191193697300-2381439834979-2387440767812-d973f70d679d3caabfeb15fb25f95fa2",
                "media_display_type": "unknown",
                "thumb_64": "https:\/\/files.slack.com\/files-tmb\/T5M5PLH8U-F01JVH65CMC-7010140f3b\/20210117_180634_64.png?t=xoxe-191193697300-2381439834979-2387440767812-d973f70d679d3caabfeb15fb25f95fa2",
                "thumb_80": "https:\/\/files.slack.com\/files-tmb\/T5M5PLH8U-F01JVH65CMC-7010140f3b\/20210117_180634_80.png?t=xoxe-191193697300-2381439834979-2387440767812-d973f70d679d3caabfeb15fb25f95fa2",
                "thumb_360": "https:\/\/files.slack.com\/files-tmb\/T5M5PLH8U-F01JVH65CMC-7010140f3b\/20210117_180634_360.png?t=xoxe-191193697300-2381439834979-2387440767812-d973f70d679d3caabfeb15fb25f95fa2",
                "thumb_360_w": 360,
                "thumb_360_h": 202,
                "thumb_480": "https:\/\/files.slack.com\/files-tmb\/T5M5PLH8U-F01JVH65CMC-7010140f3b\/20210117_180634_480.png?t=xoxe-191193697300-2381439834979-2387440767812-d973f70d679d3caabfeb15fb25f95fa2",
                "thumb_480_w": 480,
                "thumb_480_h": 270,
                "thumb_160": "https:\/\/files.slack.com\/files-tmb\/T5M5PLH8U-F01JVH65CMC-7010140f3b\/20210117_180634_160.png?t=xoxe-191193697300-2381439834979-2387440767812-d973f70d679d3caabfeb15fb25f95fa2",
                "thumb_360_gif": "https:\/\/files.slack.com\/files-tmb\/T5M5PLH8U-F01JVH65CMC-7010140f3b\/20210117_180634_360.gif?t=xoxe-191193697300-2381439834979-2387440767812-d973f70d679d3caabfeb15fb25f95fa2",
                "thumb_480_gif": "https:\/\/files.slack.com\/files-tmb\/T5M5PLH8U-F01JVH65CMC-7010140f3b\/20210117_180634_480.gif?t=xoxe-191193697300-2381439834979-2387440767812-d973f70d679d3caabfeb15fb25f95fa2",
                "original_w": 680,
                "original_h": 382,
                "deanimate": "https:\/\/files.slack.com\/files-tmb\/T5M5PLH8U-F01JVH65CMC-7010140f3b\/20210117_180634_deanimate.png?t=xoxe-191193697300-2381439834979-2387440767812-d973f70d679d3caabfeb15fb25f95fa2",
                "deanimate_gif": "https:\/\/files.slack.com\/files-tmb\/T5M5PLH8U-F01JVH65CMC-7010140f3b\/20210117_180634_deanimate_gif.png?t=xoxe-191193697300-2381439834979-2387440767812-d973f70d679d3caabfeb15fb25f95fa2",
                "thumb_tiny": "AwAaADCuZvMcs+QW6Y7GgsWXBxke\/SiYh181QAe6+hp8cuFAC4A680hWICzBuAD79aEduhOB64p+xZWdhzz64\/pSrGhcKB\/EATvzTsF2IX3DGQQOeBimgYX61q\/YLf8Aun\/vo1SvokgdVTOCueTmlYpMiYsw4GOe9IY3C5JySafCAVJIqb+GmJkAwqbSme5OaMJJGQiKslPb7wqReBxQBVKTL03j6NQJHV\/3gLD\/AGuoqeckJwcVVHNDY0j\/2Q==",
                "permalink": "https:\/\/usdevkit.slack.com\/files\/U5M5PLH9S\/F01JVH65CMC\/20210117_180634.gif",
                "permalink_public": "https:\/\/slack-files.com\/T5M5PLH8U-F01JVH65CMC-2a015a2f3a",
                "is_starred": false,
                "has_rich_preview": false
            }
        ],
        "upload": false,
        "blocks": [
            {
                "type": "rich_text",
                "block_id": "QUh",
                "elements": [
                    {
                        "type": "rich_text_section",
                        "elements": [
                            {
                                "type": "text",
                                "text": "A few news on the "
                            },
                            {
                                "type": "channel",
                                "channel_id": "C9H58ADJT"
                            },
                            {
                                "type": "text",
                                "text": " : "
                            },
                            {
                                "type": "link",
                                "url": "http:\/\/un0rick.cc\/un0rick\/usb-setup",
                                "text": "http:\/\/un0rick.cc\/un0rick\/usb-setup"
                            },
                            {
                                "type": "text",
                                "text": " has an update for the usb firmware.. Now outputting vga video."
                            }
                        ]
                    }
                ]
            }
        ],
        "user": "U5M5PLH9S",
        "display_as_bot": false,
        "ts": "1611004530.005500",
        "client_msg_id": "9c44060b-9632-49d9-a676-a46f169d3c84",
        "thread_ts": "1611004530.005500",
        "reply_count": 2,
        "reply_users_count": 2,
        "latest_reply": "1611150864.008200",
        "reply_users": [
            "U8Z3VB1T2",
            "U5M5PLH9S"
        ],
        "replies": [
            {
                "user": "U8Z3VB1T2",
                "ts": "1611107870.007900"
            },
            {
                "user": "U5M5PLH9S",
                "ts": "1611150864.008200"
            }
        ],
        "is_locked": false,
        "subscribed": true,
        "last_read": "1611150864.008200",
        "reactions": [
            {
                "name": "raised_hands",
                "users": [
                    "U8Z3VB1T2",
                    "U01N3PNAHS9"
                ],
                "count": 2
            }
        ]
    },
    {
        "client_msg_id": "381716a7-0bdc-405a-a656-b73d4bf1ba75",
        "type": "message",
        "text": "And for the curious ones, the <#CL0FKPP5K|lit3rick> running micropython on a riscv soc :) <http:\/\/un0rick.cc\/lit3rick\/upython|http:\/\/un0rick.cc\/lit3rick\/upython>",
        "user": "U5M5PLH9S",
        "ts": "1611004568.006700",
        "team": "T5M5PLH8U",
        "user_team": "T5M5PLH8U",
        "source_team": "T5M5PLH8U",
        "user_profile": {
            "avatar_hash": "e4fb6ae9f526",
            "image_72": "https:\/\/avatars.slack-edge.com\/2017-06-01\/191144530514_e4fb6ae9f526531fd41c_72.jpg",
            "first_name": "",
            "real_name": "kelu",
            "display_name": "",
            "team": "T5M5PLH8U",
            "name": "kelu",
            "is_restricted": false,
            "is_ultra_restricted": false
        },
        "attachments": [
            {
                "service_name": "un0rick open hardware",
                "title": "uPython",
                "title_link": "http:\/\/un0rick.cc\/lit3rick\/upython",
                "text": "un0rick is a open-source ultrasound project.",
                "fallback": "un0rick open hardware: uPython",
                "from_url": "http:\/\/un0rick.cc\/lit3rick\/upython",
                "id": 1,
                "original_url": "http:\/\/un0rick.cc\/lit3rick\/upython"
            }
        ],
        "blocks": [
            {
                "type": "rich_text",
                "block_id": "R\/ppU",
                "elements": [
                    {
                        "type": "rich_text_section",
                        "elements": [
                            {
                                "type": "text",
                                "text": "And for the curious ones, the "
                            },
                            {
                                "type": "channel",
                                "channel_id": "CL0FKPP5K"
                            },
                            {
                                "type": "text",
                                "text": " running micropython on a riscv soc :) "
                            },
                            {
                                "type": "link",
                                "url": "http:\/\/un0rick.cc\/lit3rick\/upython",
                                "text": "http:\/\/un0rick.cc\/lit3rick\/upython"
                            }
                        ]
                    }
                ]
            }
        ],
        "reactions": [
            {
                "name": "heart",
                "users": [
                    "U6E49CNV6"
                ],
                "count": 1
            }
        ]
    },
    {
        "type": "message",
        "subtype": "channel_join",
        "ts": "1611020361.007100",
        "user": "U01KSKTHJUQ",
        "text": "<@U01KSKTHJUQ> has joined the channel"
    }
]