[
    {
        "client_msg_id": "a3f283ba-da29-4b33-a37d-e4fcfcb42a1a",
        "type": "message",
        "text": "Hello, I’m looking for advice on whether people use degassed and de-ionized water in their ultrasound testing tank, and if so… what kind of system do you use?",
        "user": "UGJ8GJGNR",
        "ts": "1614982522.000700",
        "team": "T5M5PLH8U",
        "user_team": "T5M5PLH8U",
        "source_team": "T5M5PLH8U",
        "user_profile": {
            "avatar_hash": "ga7943669895",
            "image_72": "https:\/\/secure.gravatar.com\/avatar\/4a7943669895590493fa45985c7c746a.jpg?s=72&d=https%3A%2F%2Fa.slack-edge.com%2Fdf10d%2Fimg%2Favatars%2Fava_0024-72.png",
            "first_name": "",
            "real_name": "Jean Rintoul",
            "display_name": "jeantoul",
            "team": "T5M5PLH8U",
            "name": "jean.rintoul",
            "is_restricted": false,
            "is_ultra_restricted": false
        },
        "blocks": [
            {
                "type": "rich_text",
                "block_id": "0OQD",
                "elements": [
                    {
                        "type": "rich_text_section",
                        "elements": [
                            {
                                "type": "text",
                                "text": "Hello, I’m looking for advice on whether people use degassed and de-ionized water in their ultrasound testing tank, and if so… what kind of system do you use?"
                            }
                        ]
                    }
                ]
            }
        ],
        "thread_ts": "1614982522.000700",
        "reply_count": 2,
        "reply_users_count": 2,
        "latest_reply": "1615208497.000100",
        "reply_users": [
            "U5M5PLH9S",
            "U01DD9YA5B6"
        ],
        "replies": [
            {
                "user": "U5M5PLH9S",
                "ts": "1615044873.000100"
            },
            {
                "user": "U01DD9YA5B6",
                "ts": "1615208497.000100"
            }
        ],
        "is_locked": false,
        "subscribed": true,
        "last_read": "1615208497.000100"
    },
    {
        "client_msg_id": "aa93d4c9-b689-4678-a944-eea6996ef46f",
        "type": "message",
        "text": "I saw a few vacuum de-gassers on Amazon for degassing resins… and also heard you could use the degas mode on ultrasonic cleaners. Just wondering if there is something that others here recommend?",
        "user": "UGJ8GJGNR",
        "ts": "1614982578.001800",
        "team": "T5M5PLH8U",
        "user_team": "T5M5PLH8U",
        "source_team": "T5M5PLH8U",
        "user_profile": {
            "avatar_hash": "ga7943669895",
            "image_72": "https:\/\/secure.gravatar.com\/avatar\/4a7943669895590493fa45985c7c746a.jpg?s=72&d=https%3A%2F%2Fa.slack-edge.com%2Fdf10d%2Fimg%2Favatars%2Fava_0024-72.png",
            "first_name": "",
            "real_name": "Jean Rintoul",
            "display_name": "jeantoul",
            "team": "T5M5PLH8U",
            "name": "jean.rintoul",
            "is_restricted": false,
            "is_ultra_restricted": false
        },
        "blocks": [
            {
                "type": "rich_text",
                "block_id": "84z",
                "elements": [
                    {
                        "type": "rich_text_section",
                        "elements": [
                            {
                                "type": "text",
                                "text": "I saw a few vacuum de-gassers on Amazon for degassing resins… and also heard you could use the degas mode on ultrasonic cleaners. Just wondering if there is something that others here recommend?"
                            }
                        ]
                    }
                ]
            }
        ]
    }
]