[
    {
        "client_msg_id": "9ebac59e-e5fd-4773-91c0-465ab4c0fd08",
        "type": "message",
        "text": "It seems you are <@U01DD9YA5B6> \/ <@U01RJSBV54K> neighbour :wink:",
        "user": "U5M5PLH9S",
        "ts": "1619085408.006400",
        "team": "T5M5PLH8U",
        "user_team": "T5M5PLH8U",
        "source_team": "T5M5PLH8U",
        "user_profile": {
            "avatar_hash": "e4fb6ae9f526",
            "image_72": "https:\/\/avatars.slack-edge.com\/2017-06-01\/191144530514_e4fb6ae9f526531fd41c_72.jpg",
            "first_name": "",
            "real_name": "kelu",
            "display_name": "",
            "team": "T5M5PLH8U",
            "name": "kelu",
            "is_restricted": false,
            "is_ultra_restricted": false
        },
        "blocks": [
            {
                "type": "rich_text",
                "block_id": "qv1K2",
                "elements": [
                    {
                        "type": "rich_text_section",
                        "elements": [
                            {
                                "type": "text",
                                "text": "It seems you are "
                            },
                            {
                                "type": "user",
                                "user_id": "U01DD9YA5B6"
                            },
                            {
                                "type": "text",
                                "text": " \/ "
                            },
                            {
                                "type": "user",
                                "user_id": "U01RJSBV54K"
                            },
                            {
                                "type": "text",
                                "text": " neighbour "
                            },
                            {
                                "type": "emoji",
                                "name": "wink"
                            }
                        ]
                    }
                ]
            }
        ],
        "thread_ts": "1619073745.006300",
        "parent_user_id": "U5M5PLH9S"
    },
    {
        "client_msg_id": "5b4eb28d-68af-4fcf-9ca9-af9abcb5d186",
        "type": "message",
        "text": "Salut Baptiste, bienvenue!",
        "user": "U01DD9YA5B6",
        "ts": "1619093065.006600",
        "team": "T5M5PLH8U",
        "user_team": "T5M5PLH8U",
        "source_team": "T5M5PLH8U",
        "user_profile": {
            "avatar_hash": "d725de0fc2d1",
            "image_72": "https:\/\/avatars.slack-edge.com\/2020-10-23\/1449383526547_d725de0fc2d11939436c_72.jpg",
            "first_name": "",
            "real_name": "Silvio Kruger",
            "display_name": "Silvio Kruger",
            "team": "T5M5PLH8U",
            "name": "silvio.e.kruger",
            "is_restricted": false,
            "is_ultra_restricted": false
        },
        "blocks": [
            {
                "type": "rich_text",
                "block_id": "OZREN",
                "elements": [
                    {
                        "type": "rich_text_section",
                        "elements": [
                            {
                                "type": "text",
                                "text": "Salut Baptiste, bienvenue!"
                            }
                        ]
                    }
                ]
            }
        ],
        "thread_ts": "1619073745.006300",
        "parent_user_id": "U5M5PLH9S"
    },
    {
        "type": "message",
        "subtype": "channel_join",
        "ts": "1619094219.006900",
        "user": "U01VAH5J744",
        "text": "<@U01VAH5J744> has joined the channel"
    },
    {
        "client_msg_id": "83e69820-14d5-4b51-8463-8b6c92e6896c",
        "type": "message",
        "text": "Hello guys and thanks for the invitation <@U5M5PLH9S> ! Representing ÉTS Montreal and PULETS laboratory over here :wink: Mainly into NDT applications of ultrasound technologies. Usually I'm more on the imaging algorithm part but still interested in hardware as well. Nice to see you there Silvio !",
        "user": "U01V24W9ZPD",
        "ts": "1619102500.007000",
        "team": "T5M5PLH8U",
        "user_team": "T5M5PLH8U",
        "source_team": "T5M5PLH8U",
        "user_profile": {
            "avatar_hash": "46e36a3a1a1e",
            "image_72": "https:\/\/avatars.slack-edge.com\/2021-04-21\/1984991322645_46e36a3a1a1ed2c8f37f_72.jpg",
            "first_name": "Baptiste",
            "real_name": "Baptiste",
            "display_name": "Baptiste",
            "team": "T5M5PLH8U",
            "name": "baptiste.gauthier",
            "is_restricted": false,
            "is_ultra_restricted": false
        },
        "edited": {
            "user": "U01V24W9ZPD",
            "ts": "1619102549.000000"
        },
        "blocks": [
            {
                "type": "rich_text",
                "block_id": "8vG\/",
                "elements": [
                    {
                        "type": "rich_text_section",
                        "elements": [
                            {
                                "type": "text",
                                "text": "Hello guys and thanks for the invitation "
                            },
                            {
                                "type": "user",
                                "user_id": "U5M5PLH9S"
                            },
                            {
                                "type": "text",
                                "text": " ! Representing ÉTS Montreal and PULETS laboratory over here "
                            },
                            {
                                "type": "emoji",
                                "name": "wink"
                            },
                            {
                                "type": "text",
                                "text": " Mainly into NDT applications of ultrasound technologies. Usually I'm more on the imaging algorithm part but still interested in hardware as well. Nice to see you there Silvio !"
                            }
                        ]
                    }
                ]
            }
        ],
        "thread_ts": "1619073745.006300",
        "parent_user_id": "U5M5PLH9S",
        "reactions": [
            {
                "name": "raised_hands",
                "users": [
                    "U5M5PLH9S",
                    "U01N3PNAHS9"
                ],
                "count": 2
            }
        ]
    }
]