[
    {
        "client_msg_id": "29c273e5-7338-4eee-9864-44a792634080",
        "type": "message",
        "text": "Like how the fpga does the job. Throw in a riscv core and we could have a small dedicated unit :)",
        "user": "U5M5PLH9S",
        "ts": "1611150864.008200",
        "team": "T5M5PLH8U",
        "user_team": "T5M5PLH8U",
        "source_team": "T5M5PLH8U",
        "user_profile": {
            "avatar_hash": "e4fb6ae9f526",
            "image_72": "https:\/\/avatars.slack-edge.com\/2017-06-01\/191144530514_e4fb6ae9f526531fd41c_72.jpg",
            "first_name": "",
            "real_name": "kelu",
            "display_name": "",
            "team": "T5M5PLH8U",
            "name": "kelu",
            "is_restricted": false,
            "is_ultra_restricted": false
        },
        "blocks": [
            {
                "type": "rich_text",
                "block_id": "b7GrO",
                "elements": [
                    {
                        "type": "rich_text_section",
                        "elements": [
                            {
                                "type": "text",
                                "text": "Like how the fpga does the job. Throw in a riscv core and we could have a small dedicated unit :)"
                            }
                        ]
                    }
                ]
            }
        ],
        "thread_ts": "1611004530.005500",
        "parent_user_id": "U5M5PLH9S"
    },
    {
        "client_msg_id": "fdecaff1-a62b-48e9-9e8e-e5b27eac59c0",
        "type": "message",
        "text": "Hi <@U5M5PLH9S>, <@U01HEMQBHKR> and I managed to setup to <#C9H58ADJT|un0rick> from scratch and it works like a charm. Congratulations  and thank you",
        "user": "U01HRKXAH53",
        "ts": "1611163478.011500",
        "team": "T5M5PLH8U",
        "user_team": "T5M5PLH8U",
        "source_team": "T5M5PLH8U",
        "user_profile": {
            "avatar_hash": "gf91f161c512",
            "image_72": "https:\/\/secure.gravatar.com\/avatar\/f91f161c512e639bab1a7afd06dc933e.jpg?s=72&d=https%3A%2F%2Fa.slack-edge.com%2Fdf10d%2Fimg%2Favatars%2Fava_0017-72.png",
            "first_name": "jacques",
            "real_name": "jacques Feldmar",
            "display_name": "Koje",
            "team": "T5M5PLH8U",
            "name": "jfeldmar",
            "is_restricted": false,
            "is_ultra_restricted": false
        },
        "blocks": [
            {
                "type": "rich_text",
                "block_id": "0K7",
                "elements": [
                    {
                        "type": "rich_text_section",
                        "elements": [
                            {
                                "type": "text",
                                "text": "Hi "
                            },
                            {
                                "type": "user",
                                "user_id": "U5M5PLH9S"
                            },
                            {
                                "type": "text",
                                "text": ", "
                            },
                            {
                                "type": "user",
                                "user_id": "U01HEMQBHKR"
                            },
                            {
                                "type": "text",
                                "text": " and I managed to setup to "
                            },
                            {
                                "type": "channel",
                                "channel_id": "C9H58ADJT"
                            },
                            {
                                "type": "text",
                                "text": " from scratch and it works like a charm. Congratulations  and thank you"
                            }
                        ]
                    }
                ]
            }
        ],
        "reactions": [
            {
                "name": "raised_hands",
                "users": [
                    "U5M5PLH9S"
                ],
                "count": 1
            },
            {
                "name": "+1",
                "users": [
                    "U5M5PLH9S"
                ],
                "count": 1
            }
        ]
    }
]