[
    {
        "type": "message",
        "subtype": "channel_join",
        "ts": "1610798396.000200",
        "user": "U01KMDLDL6L",
        "text": "<@U01KMDLDL6L> has joined the channel"
    },
    {
        "client_msg_id": "be4519a1-fba3-4f47-a3a5-296714e409a5",
        "type": "message",
        "text": "Hi guys! Thanks <@U5M5PLH9S> for this unbelievable project guided me to this slack. After I read the whole docs, I am wondering is it possible to reach the medical use level ultrasound system? Like this company <https:\/\/www.butterflynetwork.com\/> , and if it is possible how much do you guys think we need to pay for the whole system?",
        "user": "U01KMDLDL6L",
        "ts": "1610798861.002500",
        "team": "T5M5PLH8U",
        "user_team": "T5M5PLH8U",
        "source_team": "T5M5PLH8U",
        "user_profile": {
            "avatar_hash": "3cea30e182aa",
            "image_72": "https:\/\/avatars.slack-edge.com\/2021-01-16\/1636843637126_3cea30e182aad90751ac_72.jpg",
            "first_name": "",
            "real_name": "Homin Luo",
            "display_name": "Homin Luo",
            "team": "T5M5PLH8U",
            "name": "homin.ro",
            "is_restricted": false,
            "is_ultra_restricted": false
        },
        "edited": {
            "user": "U01KMDLDL6L",
            "ts": "1610802181.000000"
        },
        "blocks": [
            {
                "type": "rich_text",
                "block_id": "ShdDd",
                "elements": [
                    {
                        "type": "rich_text_section",
                        "elements": [
                            {
                                "type": "text",
                                "text": "Hi guys! Thanks "
                            },
                            {
                                "type": "user",
                                "user_id": "U5M5PLH9S"
                            },
                            {
                                "type": "text",
                                "text": " for this unbelievable project guided me to this slack. After I read the whole docs, I am wondering is it possible to reach the medical use level ultrasound system? Like this company "
                            },
                            {
                                "type": "link",
                                "url": "https:\/\/www.butterflynetwork.com\/"
                            },
                            {
                                "type": "text",
                                "text": " , and if it is possible how much do you guys think we need to pay for the whole system?"
                            }
                        ]
                    }
                ]
            }
        ],
        "thread_ts": "1610798861.002500",
        "reply_count": 9,
        "reply_users_count": 3,
        "latest_reply": "1611738112.000100",
        "reply_users": [
            "U5M5PLH9S",
            "U01KMDLDL6L",
            "U8Z3VB1T2"
        ],
        "replies": [
            {
                "user": "U5M5PLH9S",
                "ts": "1610799142.003000"
            },
            {
                "user": "U5M5PLH9S",
                "ts": "1610799221.003200"
            },
            {
                "user": "U5M5PLH9S",
                "ts": "1610799258.003400"
            },
            {
                "user": "U5M5PLH9S",
                "ts": "1610799379.003600"
            },
            {
                "user": "U01KMDLDL6L",
                "ts": "1610800182.003800"
            },
            {
                "user": "U8Z3VB1T2",
                "ts": "1611099509.007300"
            },
            {
                "user": "U8Z3VB1T2",
                "ts": "1611099652.007500"
            },
            {
                "user": "U8Z3VB1T2",
                "ts": "1611099806.007700"
            },
            {
                "user": "U5M5PLH9S",
                "ts": "1611738112.000100"
            }
        ],
        "is_locked": false,
        "subscribed": true,
        "last_read": "1611738112.000100"
    },
    {
        "client_msg_id": "dd8afac8-b0a9-4f62-8ae4-d544b7fd1445",
        "type": "message",
        "text": "Heya <@U01KMDLDL6L>! How are you?\nHum to be fair that's quite easy, butterflynetworks got a few years and hundred M$+, give us the same and we're on the road to building it :smiley:",
        "user": "U5M5PLH9S",
        "ts": "1610799142.003000",
        "team": "T5M5PLH8U",
        "user_team": "T5M5PLH8U",
        "source_team": "T5M5PLH8U",
        "user_profile": {
            "avatar_hash": "e4fb6ae9f526",
            "image_72": "https:\/\/avatars.slack-edge.com\/2017-06-01\/191144530514_e4fb6ae9f526531fd41c_72.jpg",
            "first_name": "",
            "real_name": "kelu",
            "display_name": "",
            "team": "T5M5PLH8U",
            "name": "kelu",
            "is_restricted": false,
            "is_ultra_restricted": false
        },
        "blocks": [
            {
                "type": "rich_text",
                "block_id": "NWH",
                "elements": [
                    {
                        "type": "rich_text_section",
                        "elements": [
                            {
                                "type": "text",
                                "text": "Heya "
                            },
                            {
                                "type": "user",
                                "user_id": "U01KMDLDL6L"
                            },
                            {
                                "type": "text",
                                "text": "! How are you?\nHum to be fair that's quite easy, butterflynetworks got a few years and hundred M$+, give us the same and we're on the road to building it "
                            },
                            {
                                "type": "emoji",
                                "name": "smiley"
                            }
                        ]
                    }
                ]
            }
        ],
        "thread_ts": "1610798861.002500",
        "parent_user_id": "U01KMDLDL6L"
    },
    {
        "client_msg_id": "0d6e46e1-a5d2-40d2-8142-fa185a772e29",
        "type": "message",
        "text": "More seriously, there's quite a steep step here, as they managed to get rid of mechanical designs while building on piezos on silicon. And slapped a couple of patents on top of that - virtually allowing to stay on silicon for the whole tech stack.",
        "user": "U5M5PLH9S",
        "ts": "1610799221.003200",
        "team": "T5M5PLH8U",
        "user_team": "T5M5PLH8U",
        "source_team": "T5M5PLH8U",
        "user_profile": {
            "avatar_hash": "e4fb6ae9f526",
            "image_72": "https:\/\/avatars.slack-edge.com\/2017-06-01\/191144530514_e4fb6ae9f526531fd41c_72.jpg",
            "first_name": "",
            "real_name": "kelu",
            "display_name": "",
            "team": "T5M5PLH8U",
            "name": "kelu",
            "is_restricted": false,
            "is_ultra_restricted": false
        },
        "blocks": [
            {
                "type": "rich_text",
                "block_id": "IRH",
                "elements": [
                    {
                        "type": "rich_text_section",
                        "elements": [
                            {
                                "type": "text",
                                "text": "More seriously, there's quite a steep step here, as they managed to get rid of mechanical designs while building on piezos on silicon. And slapped a couple of patents on top of that - virtually allowing to stay on silicon for the whole tech stack."
                            }
                        ]
                    }
                ]
            }
        ],
        "thread_ts": "1610798861.002500",
        "parent_user_id": "U01KMDLDL6L"
    },
    {
        "client_msg_id": "098b3514-3ee6-4a48-b984-ffbca6954aa8",
        "type": "message",
        "text": "Quite smart, considering that you can remove the sensors bottleneck from your supply chain.",
        "user": "U5M5PLH9S",
        "ts": "1610799258.003400",
        "team": "T5M5PLH8U",
        "user_team": "T5M5PLH8U",
        "source_team": "T5M5PLH8U",
        "user_profile": {
            "avatar_hash": "e4fb6ae9f526",
            "image_72": "https:\/\/avatars.slack-edge.com\/2017-06-01\/191144530514_e4fb6ae9f526531fd41c_72.jpg",
            "first_name": "",
            "real_name": "kelu",
            "display_name": "",
            "team": "T5M5PLH8U",
            "name": "kelu",
            "is_restricted": false,
            "is_ultra_restricted": false
        },
        "blocks": [
            {
                "type": "rich_text",
                "block_id": "+HkG",
                "elements": [
                    {
                        "type": "rich_text_section",
                        "elements": [
                            {
                                "type": "text",
                                "text": "Quite smart, considering that you can remove the sensors bottleneck from your supply chain."
                            }
                        ]
                    }
                ]
            }
        ],
        "thread_ts": "1610798861.002500",
        "parent_user_id": "U01KMDLDL6L"
    },
    {
        "client_msg_id": "7e33789a-639e-41a5-a120-154db7ec60d9",
        "type": "message",
        "text": "That being said, I guess one could even put oneself even ahead of butterflynetworks, that's be with laser ultrasound, and\/or compressed sensing at large (single sensor = technologically simple, but requires more software behind it). My bet is on the last one (see <https:\/\/advances.sciencemag.org\/content\/3\/12\/e1701423> ).",
        "user": "U5M5PLH9S",
        "ts": "1610799379.003600",
        "team": "T5M5PLH8U",
        "user_team": "T5M5PLH8U",
        "source_team": "T5M5PLH8U",
        "user_profile": {
            "avatar_hash": "e4fb6ae9f526",
            "image_72": "https:\/\/avatars.slack-edge.com\/2017-06-01\/191144530514_e4fb6ae9f526531fd41c_72.jpg",
            "first_name": "",
            "real_name": "kelu",
            "display_name": "",
            "team": "T5M5PLH8U",
            "name": "kelu",
            "is_restricted": false,
            "is_ultra_restricted": false
        },
        "blocks": [
            {
                "type": "rich_text",
                "block_id": "Zbbj",
                "elements": [
                    {
                        "type": "rich_text_section",
                        "elements": [
                            {
                                "type": "text",
                                "text": "That being said, I guess one could even put oneself even ahead of butterflynetworks, that's be with laser ultrasound, and\/or compressed sensing at large (single sensor = technologically simple, but requires more software behind it). My bet is on the last one (see "
                            },
                            {
                                "type": "link",
                                "url": "https:\/\/advances.sciencemag.org\/content\/3\/12\/e1701423"
                            },
                            {
                                "type": "text",
                                "text": " )."
                            }
                        ]
                    }
                ]
            }
        ],
        "thread_ts": "1610798861.002500",
        "parent_user_id": "U01KMDLDL6L"
    },
    {
        "client_msg_id": "d07f1d20-8c17-4087-93af-293f92e04233",
        "type": "message",
        "text": "Damn it! This article helps! Thanks man",
        "user": "U01KMDLDL6L",
        "ts": "1610800182.003800",
        "team": "T5M5PLH8U",
        "user_team": "T5M5PLH8U",
        "source_team": "T5M5PLH8U",
        "user_profile": {
            "avatar_hash": "3cea30e182aa",
            "image_72": "https:\/\/avatars.slack-edge.com\/2021-01-16\/1636843637126_3cea30e182aad90751ac_72.jpg",
            "first_name": "",
            "real_name": "Homin Luo",
            "display_name": "Homin Luo",
            "team": "T5M5PLH8U",
            "name": "homin.ro",
            "is_restricted": false,
            "is_ultra_restricted": false
        },
        "blocks": [
            {
                "type": "rich_text",
                "block_id": "KAl",
                "elements": [
                    {
                        "type": "rich_text_section",
                        "elements": [
                            {
                                "type": "text",
                                "text": "Damn it! This article helps! Thanks man"
                            }
                        ]
                    }
                ]
            }
        ],
        "thread_ts": "1610798861.002500",
        "parent_user_id": "U01KMDLDL6L",
        "reactions": [
            {
                "name": "pray",
                "users": [
                    "U5M5PLH9S"
                ],
                "count": 1
            }
        ]
    }
]