[
    {
        "client_msg_id": "6909f34b-b7e4-40c3-8232-caae2bdf0380",
        "type": "message",
        "text": "Thanks for this! That's a black box so no way to get the sampling freq, just have this array :sweat_smile: Agreed for the two series, I'm wondering though if the array I have is not two interleaved arrays, so that odd indices are I and even Q.",
        "user": "U5M5PLH9S",
        "ts": "1617780048.002000",
        "team": "T5M5PLH8U",
        "user_team": "T5M5PLH8U",
        "source_team": "T5M5PLH8U",
        "user_profile": {
            "avatar_hash": "e4fb6ae9f526",
            "image_72": "https:\/\/avatars.slack-edge.com\/2017-06-01\/191144530514_e4fb6ae9f526531fd41c_72.jpg",
            "first_name": "",
            "real_name": "kelu",
            "display_name": "",
            "team": "T5M5PLH8U",
            "name": "kelu",
            "is_restricted": false,
            "is_ultra_restricted": false
        },
        "blocks": [
            {
                "type": "rich_text",
                "block_id": "ziY30",
                "elements": [
                    {
                        "type": "rich_text_section",
                        "elements": [
                            {
                                "type": "text",
                                "text": "Thanks for this! That's a black box so no way to get the sampling freq, just have this array "
                            },
                            {
                                "type": "emoji",
                                "name": "sweat_smile"
                            },
                            {
                                "type": "text",
                                "text": " Agreed for the two series, I'm wondering though if the array I have is not two interleaved arrays, so that odd indices are I and even Q."
                            }
                        ]
                    }
                ]
            }
        ],
        "thread_ts": "1617292155.003800",
        "parent_user_id": "U5M5PLH9S"
    },
    {
        "client_msg_id": "e1ca2b0c-d530-4ffe-bd16-da87823fd0b5",
        "type": "message",
        "text": "That's just so cool.",
        "user": "U5M5PLH9S",
        "ts": "1617809162.002200",
        "team": "T5M5PLH8U",
        "user_team": "T5M5PLH8U",
        "source_team": "T5M5PLH8U",
        "user_profile": {
            "avatar_hash": "e4fb6ae9f526",
            "image_72": "https:\/\/avatars.slack-edge.com\/2017-06-01\/191144530514_e4fb6ae9f526531fd41c_72.jpg",
            "first_name": "",
            "real_name": "kelu",
            "display_name": "",
            "team": "T5M5PLH8U",
            "name": "kelu",
            "is_restricted": false,
            "is_ultra_restricted": false
        },
        "blocks": [
            {
                "type": "rich_text",
                "block_id": "MxH",
                "elements": [
                    {
                        "type": "rich_text_section",
                        "elements": [
                            {
                                "type": "text",
                                "text": "That's just so cool."
                            }
                        ]
                    }
                ]
            }
        ],
        "thread_ts": "1617740047.000900",
        "parent_user_id": "U8Z3VB1T2"
    },
    {
        "client_msg_id": "1c9ddf6d-8d46-43fb-8205-9b33514e1c96",
        "type": "message",
        "text": "Now, up to us to find an experimental setup :smiley:",
        "user": "U5M5PLH9S",
        "ts": "1617809176.002400",
        "team": "T5M5PLH8U",
        "user_team": "T5M5PLH8U",
        "source_team": "T5M5PLH8U",
        "user_profile": {
            "avatar_hash": "e4fb6ae9f526",
            "image_72": "https:\/\/avatars.slack-edge.com\/2017-06-01\/191144530514_e4fb6ae9f526531fd41c_72.jpg",
            "first_name": "",
            "real_name": "kelu",
            "display_name": "",
            "team": "T5M5PLH8U",
            "name": "kelu",
            "is_restricted": false,
            "is_ultra_restricted": false
        },
        "blocks": [
            {
                "type": "rich_text",
                "block_id": "zqrc",
                "elements": [
                    {
                        "type": "rich_text_section",
                        "elements": [
                            {
                                "type": "text",
                                "text": "Now, up to us to find an experimental setup "
                            },
                            {
                                "type": "emoji",
                                "name": "smiley"
                            }
                        ]
                    }
                ]
            }
        ],
        "thread_ts": "1617740047.000900",
        "parent_user_id": "U8Z3VB1T2"
    },
    {
        "client_msg_id": "072d2612-5fa0-42aa-bfe2-2a2c51c89e06",
        "type": "message",
        "text": "<@UFPCMHBA6> could we discuss making a mask for a large piezo? :wink:",
        "user": "U5M5PLH9S",
        "ts": "1617809203.002600",
        "team": "T5M5PLH8U",
        "user_team": "T5M5PLH8U",
        "source_team": "T5M5PLH8U",
        "user_profile": {
            "avatar_hash": "e4fb6ae9f526",
            "image_72": "https:\/\/avatars.slack-edge.com\/2017-06-01\/191144530514_e4fb6ae9f526531fd41c_72.jpg",
            "first_name": "",
            "real_name": "kelu",
            "display_name": "",
            "team": "T5M5PLH8U",
            "name": "kelu",
            "is_restricted": false,
            "is_ultra_restricted": false
        },
        "blocks": [
            {
                "type": "rich_text",
                "block_id": "FF9g",
                "elements": [
                    {
                        "type": "rich_text_section",
                        "elements": [
                            {
                                "type": "user",
                                "user_id": "UFPCMHBA6"
                            },
                            {
                                "type": "text",
                                "text": " could we discuss making a mask for a large piezo? "
                            },
                            {
                                "type": "emoji",
                                "name": "wink"
                            }
                        ]
                    }
                ]
            }
        ],
        "thread_ts": "1617740047.000900",
        "parent_user_id": "U8Z3VB1T2",
        "reactions": [
            {
                "name": "+1",
                "users": [
                    "U01HRKXAH53"
                ],
                "count": 1
            }
        ]
    }
]