[
    {
        "client_msg_id": "5a8be5fd-b6df-43a8-bb4f-802b930c3758",
        "type": "message",
        "text": "Welcome <@U01VAH5J744> and <@U01UTJ7S1CP> :)",
        "user": "U5M5PLH9S",
        "ts": "1619520116.013300",
        "team": "T5M5PLH8U",
        "user_team": "T5M5PLH8U",
        "source_team": "T5M5PLH8U",
        "user_profile": {
            "avatar_hash": "e4fb6ae9f526",
            "image_72": "https:\/\/avatars.slack-edge.com\/2017-06-01\/191144530514_e4fb6ae9f526531fd41c_72.jpg",
            "first_name": "",
            "real_name": "kelu",
            "display_name": "",
            "team": "T5M5PLH8U",
            "name": "kelu",
            "is_restricted": false,
            "is_ultra_restricted": false
        },
        "blocks": [
            {
                "type": "rich_text",
                "block_id": "n3sEp",
                "elements": [
                    {
                        "type": "rich_text_section",
                        "elements": [
                            {
                                "type": "text",
                                "text": "Welcome "
                            },
                            {
                                "type": "user",
                                "user_id": "U01VAH5J744"
                            },
                            {
                                "type": "text",
                                "text": " and "
                            },
                            {
                                "type": "user",
                                "user_id": "U01UTJ7S1CP"
                            },
                            {
                                "type": "text",
                                "text": " :)"
                            }
                        ]
                    }
                ]
            }
        ],
        "thread_ts": "1619520116.013300",
        "reply_count": 2,
        "reply_users_count": 1,
        "latest_reply": "1619718190.014300",
        "reply_users": [
            "U5M5PLH9S"
        ],
        "replies": [
            {
                "user": "U5M5PLH9S",
                "ts": "1619543094.013700"
            },
            {
                "user": "U5M5PLH9S",
                "ts": "1619718190.014300"
            }
        ],
        "is_locked": false,
        "subscribed": true,
        "last_read": "1619718190.014300",
        "reactions": [
            {
                "name": "raised_hands",
                "users": [
                    "U01VAH5J744"
                ],
                "count": 1
            }
        ]
    },
    {
        "client_msg_id": "6f89329c-9a65-49e4-b06d-a5b8f628ac21",
        "type": "message",
        "text": "Hum good idea, I still wish to keep the shenzhen usb ones un-hacked, but yeah maybe I could find a small linear one to just cut open.",
        "user": "U5M5PLH9S",
        "ts": "1619523759.013500",
        "team": "T5M5PLH8U",
        "user_team": "T5M5PLH8U",
        "source_team": "T5M5PLH8U",
        "user_profile": {
            "avatar_hash": "e4fb6ae9f526",
            "image_72": "https:\/\/avatars.slack-edge.com\/2017-06-01\/191144530514_e4fb6ae9f526531fd41c_72.jpg",
            "first_name": "",
            "real_name": "kelu",
            "display_name": "",
            "team": "T5M5PLH8U",
            "name": "kelu",
            "is_restricted": false,
            "is_ultra_restricted": false
        },
        "blocks": [
            {
                "type": "rich_text",
                "block_id": "XjM2",
                "elements": [
                    {
                        "type": "rich_text_section",
                        "elements": [
                            {
                                "type": "text",
                                "text": "Hum good idea, I still wish to keep the shenzhen usb ones un-hacked, but yeah maybe I could find a small linear one to just cut open."
                            }
                        ]
                    }
                ]
            }
        ],
        "thread_ts": "1619292140.009200",
        "parent_user_id": "U5M5PLH9S"
    },
    {
        "client_msg_id": "3ae52e7c-a0e2-4b1f-8669-d918340ca795",
        "type": "message",
        "text": "Don't hesitate to introduce yourselves if you want - always happy to connect the dots within the community :smiley:",
        "user": "U5M5PLH9S",
        "ts": "1619543094.013700",
        "team": "T5M5PLH8U",
        "user_team": "T5M5PLH8U",
        "source_team": "T5M5PLH8U",
        "user_profile": {
            "avatar_hash": "e4fb6ae9f526",
            "image_72": "https:\/\/avatars.slack-edge.com\/2017-06-01\/191144530514_e4fb6ae9f526531fd41c_72.jpg",
            "first_name": "",
            "real_name": "kelu",
            "display_name": "",
            "team": "T5M5PLH8U",
            "name": "kelu",
            "is_restricted": false,
            "is_ultra_restricted": false
        },
        "blocks": [
            {
                "type": "rich_text",
                "block_id": "ZBET",
                "elements": [
                    {
                        "type": "rich_text_section",
                        "elements": [
                            {
                                "type": "text",
                                "text": "Don't hesitate to introduce yourselves if you want - always happy to connect the dots within the community "
                            },
                            {
                                "type": "emoji",
                                "name": "smiley"
                            }
                        ]
                    }
                ]
            }
        ],
        "thread_ts": "1619520116.013300",
        "parent_user_id": "U5M5PLH9S"
    },
    {
        "client_msg_id": "d0420279-a6cb-454b-9c9e-4831830153d5",
        "type": "message",
        "text": "<@UGJ8GJGNR> that may interest you for tomography :wink:",
        "user": "U5M5PLH9S",
        "ts": "1619589406.013900",
        "team": "T5M5PLH8U",
        "user_team": "T5M5PLH8U",
        "source_team": "T5M5PLH8U",
        "user_profile": {
            "avatar_hash": "e4fb6ae9f526",
            "image_72": "https:\/\/avatars.slack-edge.com\/2017-06-01\/191144530514_e4fb6ae9f526531fd41c_72.jpg",
            "first_name": "",
            "real_name": "kelu",
            "display_name": "",
            "team": "T5M5PLH8U",
            "name": "kelu",
            "is_restricted": false,
            "is_ultra_restricted": false
        },
        "blocks": [
            {
                "type": "rich_text",
                "block_id": "3ki",
                "elements": [
                    {
                        "type": "rich_text_section",
                        "elements": [
                            {
                                "type": "user",
                                "user_id": "UGJ8GJGNR"
                            },
                            {
                                "type": "text",
                                "text": " that may interest you for tomography "
                            },
                            {
                                "type": "emoji",
                                "name": "wink"
                            }
                        ]
                    }
                ]
            }
        ],
        "thread_ts": "1619292140.009200",
        "parent_user_id": "U5M5PLH9S"
    }
]