[
    {
        "type": "message",
        "subtype": "channel_join",
        "ts": "1626189313.003100",
        "user": "U028M4FEK8Q",
        "text": "<@U028M4FEK8Q> has joined the channel"
    },
    {
        "client_msg_id": "8a02cc16-2359-44b8-8079-ff2239b32c98",
        "type": "message",
        "text": "Hi I just joined. I am an power engineer in Seattle and I want to learn about ultrasound so I can prototype a photo-acoustic imager at some point. My first step is to get a probe hooked to my computer that I can get the raw data from, so I'm looking into the chinese usb probes on aliexpress. Anyway it'll be great to get your guys's advice as I work on this and if anyone has any power electronics questions feel free to ask.",
        "user": "U028M4FEK8Q",
        "ts": "1626191300.006400",
        "team": "T5M5PLH8U",
        "user_team": "T5M5PLH8U",
        "source_team": "T5M5PLH8U",
        "user_profile": {
            "avatar_hash": "g3eb78d4d73a",
            "image_72": "https:\/\/secure.gravatar.com\/avatar\/3eb78d4d73a2c15ce0739e7ba141f66c.jpg?s=72&d=https%3A%2F%2Fa.slack-edge.com%2Fdf10d%2Fimg%2Favatars%2Fava_0008-72.png",
            "first_name": "",
            "real_name": "Jesse Adamson",
            "display_name": "Jesse Adamson",
            "team": "T5M5PLH8U",
            "name": "adamsonjesse",
            "is_restricted": false,
            "is_ultra_restricted": false
        },
        "blocks": [
            {
                "type": "rich_text",
                "block_id": "R3Z",
                "elements": [
                    {
                        "type": "rich_text_section",
                        "elements": [
                            {
                                "type": "text",
                                "text": "Hi I just joined. I am an power engineer in Seattle and I want to learn about ultrasound so I can prototype a photo-acoustic imager at some point. My first step is to get a probe hooked to my computer that I can get the raw data from, so I'm looking into the chinese usb probes on aliexpress. Anyway it'll be great to get your guys's advice as I work on this and if anyone has any power electronics questions feel free to ask."
                            }
                        ]
                    }
                ]
            }
        ],
        "thread_ts": "1626191300.006400",
        "reply_count": 3,
        "reply_users_count": 2,
        "latest_reply": "1626193145.007100",
        "reply_users": [
            "U5M5PLH9S",
            "U028M4FEK8Q"
        ],
        "replies": [
            {
                "user": "U5M5PLH9S",
                "ts": "1626191833.006500"
            },
            {
                "user": "U028M4FEK8Q",
                "ts": "1626192618.006900"
            },
            {
                "user": "U5M5PLH9S",
                "ts": "1626193145.007100"
            }
        ],
        "is_locked": false,
        "subscribed": true,
        "last_read": "1626193145.007100"
    },
    {
        "client_msg_id": "b1d1322a-491f-4ba5-97cd-ea5e76de6427",
        "type": "message",
        "text": "Welcome here Jesse !\nBTW I used to work in Bothell, lived in Seattle - really a pleasant place (though .. rainy and cold .. though x2 I'm sorry for the heat wave you guys went through).",
        "user": "U5M5PLH9S",
        "ts": "1626191833.006500",
        "team": "T5M5PLH8U",
        "user_team": "T5M5PLH8U",
        "source_team": "T5M5PLH8U",
        "user_profile": {
            "avatar_hash": "e4fb6ae9f526",
            "image_72": "https:\/\/avatars.slack-edge.com\/2017-06-01\/191144530514_e4fb6ae9f526531fd41c_72.jpg",
            "first_name": "",
            "real_name": "kelu",
            "display_name": "",
            "team": "T5M5PLH8U",
            "name": "kelu",
            "is_restricted": false,
            "is_ultra_restricted": false
        },
        "blocks": [
            {
                "type": "rich_text",
                "block_id": "+QZ9",
                "elements": [
                    {
                        "type": "rich_text_section",
                        "elements": [
                            {
                                "type": "text",
                                "text": "Welcome here Jesse !\nBTW I used to work in Bothell, lived in Seattle - really a pleasant place (though .. rainy and cold .. though x2 I'm sorry for the heat wave you guys went through)."
                            }
                        ]
                    }
                ]
            }
        ],
        "thread_ts": "1626191300.006400",
        "parent_user_id": "U028M4FEK8Q"
    },
    {
        "type": "message",
        "subtype": "channel_join",
        "ts": "1626192052.006800",
        "user": "U027GURBHK9",
        "text": "<@U027GURBHK9> has joined the channel"
    },
    {
        "client_msg_id": "1898bee3-da28-4e7d-84bb-66bc0dece8f7",
        "type": "message",
        "text": "Oh nice! Yeah it's pretty chill compared to most places. I was in San Jose CA before and in southern Spain for a bit. Where are you living currently?",
        "user": "U028M4FEK8Q",
        "ts": "1626192618.006900",
        "team": "T5M5PLH8U",
        "user_team": "T5M5PLH8U",
        "source_team": "T5M5PLH8U",
        "user_profile": {
            "avatar_hash": "g3eb78d4d73a",
            "image_72": "https:\/\/secure.gravatar.com\/avatar\/3eb78d4d73a2c15ce0739e7ba141f66c.jpg?s=72&d=https%3A%2F%2Fa.slack-edge.com%2Fdf10d%2Fimg%2Favatars%2Fava_0008-72.png",
            "first_name": "",
            "real_name": "Jesse Adamson",
            "display_name": "Jesse Adamson",
            "team": "T5M5PLH8U",
            "name": "adamsonjesse",
            "is_restricted": false,
            "is_ultra_restricted": false
        },
        "blocks": [
            {
                "type": "rich_text",
                "block_id": "NVKUc",
                "elements": [
                    {
                        "type": "rich_text_section",
                        "elements": [
                            {
                                "type": "text",
                                "text": "Oh nice! Yeah it's pretty chill compared to most places. I was in San Jose CA before and in southern Spain for a bit. Where are you living currently?"
                            }
                        ]
                    }
                ]
            }
        ],
        "thread_ts": "1626191300.006400",
        "parent_user_id": "U028M4FEK8Q"
    },
    {
        "client_msg_id": "22164c62-a3f6-461b-8ce3-82eb5e626c76",
        "type": "message",
        "text": "Paris here :)",
        "user": "U5M5PLH9S",
        "ts": "1626193145.007100",
        "team": "T5M5PLH8U",
        "user_team": "T5M5PLH8U",
        "source_team": "T5M5PLH8U",
        "user_profile": {
            "avatar_hash": "e4fb6ae9f526",
            "image_72": "https:\/\/avatars.slack-edge.com\/2017-06-01\/191144530514_e4fb6ae9f526531fd41c_72.jpg",
            "first_name": "",
            "real_name": "kelu",
            "display_name": "",
            "team": "T5M5PLH8U",
            "name": "kelu",
            "is_restricted": false,
            "is_ultra_restricted": false
        },
        "blocks": [
            {
                "type": "rich_text",
                "block_id": "d0nn",
                "elements": [
                    {
                        "type": "rich_text_section",
                        "elements": [
                            {
                                "type": "text",
                                "text": "Paris here :)"
                            }
                        ]
                    }
                ]
            }
        ],
        "thread_ts": "1626191300.006400",
        "parent_user_id": "U028M4FEK8Q"
    },
    {
        "client_msg_id": "66ced89b-5a5b-43af-9da4-b640f6b622df",
        "type": "message",
        "text": "Welcome :)",
        "user": "U5M5PLH9S",
        "ts": "1626193213.007300",
        "team": "T5M5PLH8U",
        "user_team": "T5M5PLH8U",
        "source_team": "T5M5PLH8U",
        "user_profile": {
            "avatar_hash": "e4fb6ae9f526",
            "image_72": "https:\/\/avatars.slack-edge.com\/2017-06-01\/191144530514_e4fb6ae9f526531fd41c_72.jpg",
            "first_name": "",
            "real_name": "kelu",
            "display_name": "",
            "team": "T5M5PLH8U",
            "name": "kelu",
            "is_restricted": false,
            "is_ultra_restricted": false
        },
        "blocks": [
            {
                "type": "rich_text",
                "block_id": "H24L",
                "elements": [
                    {
                        "type": "rich_text_section",
                        "elements": [
                            {
                                "type": "text",
                                "text": "Welcome :)"
                            }
                        ]
                    }
                ]
            }
        ],
        "thread_ts": "1626192052.006800"
    }
]