[
    {
        "client_msg_id": "55033202-c390-40b1-9808-6e370e1efb0f",
        "type": "message",
        "text": "Heya gents, thanks for your patience! Welcome <@U01HEMQBHKR>. Would you have played with verilog\/vhdl in your embedded carrer? :wink:\n• To separate TX\/RX, indeed that's R26 that should be removed.\n• You can put two jumpers on the two 2x1 headers, so that 5V is connected to [HV+] source, and [HV-] is on GND. HV+ can accomodate [0 : 100V], and HV- can take [-100:0V].\n• \"ToPiezo\" is indeed the TX path, FromPiezo the RXPath.\n• By default, the TX and RX SMAs are connected (with R26, a 0R). So you can only put in place one SMA an connect this piezo to this SMA.\nHope this helps! I'm adjusting the documentation on <http:\/\/un0rick.cc\/lit3rick> to reflect this.",
        "user": "U5M5PLH9S",
        "ts": "1609601603.080000",
        "team": "T5M5PLH8U",
        "user_team": "T5M5PLH8U",
        "source_team": "T5M5PLH8U",
        "user_profile": {
            "avatar_hash": "e4fb6ae9f526",
            "image_72": "https:\/\/avatars.slack-edge.com\/2017-06-01\/191144530514_e4fb6ae9f526531fd41c_72.jpg",
            "first_name": "",
            "real_name": "kelu",
            "display_name": "",
            "team": "T5M5PLH8U",
            "name": "kelu",
            "is_restricted": false,
            "is_ultra_restricted": false
        },
        "edited": {
            "user": "U5M5PLH9S",
            "ts": "1609602381.000000"
        },
        "blocks": [
            {
                "type": "rich_text",
                "block_id": "C4R",
                "elements": [
                    {
                        "type": "rich_text_section",
                        "elements": [
                            {
                                "type": "text",
                                "text": "Heya gents, thanks for your patience! Welcome "
                            },
                            {
                                "type": "user",
                                "user_id": "U01HEMQBHKR"
                            },
                            {
                                "type": "text",
                                "text": ". Would you have played with verilog\/vhdl in your embedded carrer? "
                            },
                            {
                                "type": "emoji",
                                "name": "wink"
                            },
                            {
                                "type": "text",
                                "text": "\n"
                            }
                        ]
                    },
                    {
                        "type": "rich_text_list",
                        "elements": [
                            {
                                "type": "rich_text_section",
                                "elements": [
                                    {
                                        "type": "text",
                                        "text": "To separate TX\/RX, indeed that's R26 that should be removed."
                                    }
                                ]
                            },
                            {
                                "type": "rich_text_section",
                                "elements": [
                                    {
                                        "type": "text",
                                        "text": "You can put two jumpers on the two 2x1 headers, so that 5V is connected to [HV+] source, and [HV-] is on GND. HV+ can accomodate [0 : 100V], and HV- can take [-100:0V]."
                                    }
                                ]
                            },
                            {
                                "type": "rich_text_section",
                                "elements": [
                                    {
                                        "type": "text",
                                        "text": "\"ToPiezo\" is indeed the TX path, FromPiezo the RXPath."
                                    }
                                ]
                            },
                            {
                                "type": "rich_text_section",
                                "elements": [
                                    {
                                        "type": "text",
                                        "text": "By default, the TX and RX SMAs are connected (with R26, a 0R). So you can only put in place one SMA an connect this piezo to this SMA."
                                    }
                                ]
                            }
                        ],
                        "style": "bullet",
                        "indent": 0
                    },
                    {
                        "type": "rich_text_section",
                        "elements": [
                            {
                                "type": "text",
                                "text": "Hope this helps! I'm adjusting the documentation on "
                            },
                            {
                                "type": "link",
                                "url": "http:\/\/un0rick.cc\/lit3rick"
                            },
                            {
                                "type": "text",
                                "text": " to reflect this."
                            }
                        ]
                    }
                ]
            }
        ],
        "thread_ts": "1602016880.000800",
        "parent_user_id": "U5M5PLH9S"
    },
    {
        "client_msg_id": "a1b4bd67-225f-4f4a-b38b-736de43e666e",
        "type": "message",
        "text": "Depending on your needs, you may want to explore the un0rick too, which is a bit simpler, has a bit more RAM memory, and for which the embedded firmware allows at this stage more flexibility.",
        "user": "U5M5PLH9S",
        "ts": "1609602448.080700",
        "team": "T5M5PLH8U",
        "user_team": "T5M5PLH8U",
        "source_team": "T5M5PLH8U",
        "user_profile": {
            "avatar_hash": "e4fb6ae9f526",
            "image_72": "https:\/\/avatars.slack-edge.com\/2017-06-01\/191144530514_e4fb6ae9f526531fd41c_72.jpg",
            "first_name": "",
            "real_name": "kelu",
            "display_name": "",
            "team": "T5M5PLH8U",
            "name": "kelu",
            "is_restricted": false,
            "is_ultra_restricted": false
        },
        "blocks": [
            {
                "type": "rich_text",
                "block_id": "uxttQ",
                "elements": [
                    {
                        "type": "rich_text_section",
                        "elements": [
                            {
                                "type": "text",
                                "text": "Depending on your needs, you may want to explore the un0rick too, which is a bit simpler, has a bit more RAM memory, and for which the embedded firmware allows at this stage more flexibility."
                            }
                        ]
                    }
                ]
            }
        ],
        "thread_ts": "1602016880.000800",
        "parent_user_id": "U5M5PLH9S"
    },
    {
        "client_msg_id": "acc2705e-64c8-4d88-a169-7125eb1743a4",
        "type": "message",
        "text": "Thank you very much. It's clearer to me now.\nI did a little FPGA (VHDL), but not a lot.",
        "user": "U01HEMQBHKR",
        "ts": "1609610834.080900",
        "team": "T5M5PLH8U",
        "user_team": "T5M5PLH8U",
        "source_team": "T5M5PLH8U",
        "user_profile": {
            "avatar_hash": "ga3748ed6aef",
            "image_72": "https:\/\/secure.gravatar.com\/avatar\/a3748ed6aef381633b99680e6ad5a8ce.jpg?s=72&d=https%3A%2F%2Fa.slack-edge.com%2Fdf10d%2Fimg%2Favatars%2Fava_0009-72.png",
            "first_name": "",
            "real_name": "Jean-Michel",
            "display_name": "",
            "team": "T5M5PLH8U",
            "name": "jmleyrie",
            "is_restricted": false,
            "is_ultra_restricted": false
        },
        "blocks": [
            {
                "type": "rich_text",
                "block_id": "vqky4",
                "elements": [
                    {
                        "type": "rich_text_section",
                        "elements": [
                            {
                                "type": "text",
                                "text": "Thank you very much. It's clearer to me now.\nI did a little FPGA (VHDL), but not a lot."
                            }
                        ]
                    }
                ]
            }
        ],
        "thread_ts": "1602016880.000800",
        "parent_user_id": "U5M5PLH9S",
        "reactions": [
            {
                "name": "+1",
                "users": [
                    "U5M5PLH9S"
                ],
                "count": 1
            }
        ]
    },
    {
        "client_msg_id": "af73a241-1b7e-4ca0-9321-18cd58d89a1d",
        "type": "message",
        "text": "Hi <@UGJ8GJGNR>, my friend <@U01HEMQBHKR> and I have been following your openEIT\/Spectra development with the highest interest. I have just listened to one of your talks on YouTube and it is very inspiring. I have zillion of questions on your roadmap and short term focus but it seems to me that we are 100% on the same wavelenght:",
        "user": "U01HRKXAH53",
        "ts": "1609659737.081200",
        "team": "T5M5PLH8U",
        "user_team": "T5M5PLH8U",
        "source_team": "T5M5PLH8U",
        "user_profile": {
            "avatar_hash": "gf91f161c512",
            "image_72": "https:\/\/secure.gravatar.com\/avatar\/f91f161c512e639bab1a7afd06dc933e.jpg?s=72&d=https%3A%2F%2Fa.slack-edge.com%2Fdf10d%2Fimg%2Favatars%2Fava_0017-72.png",
            "first_name": "jacques",
            "real_name": "jacques Feldmar",
            "display_name": "Koje",
            "team": "T5M5PLH8U",
            "name": "jfeldmar",
            "is_restricted": false,
            "is_ultra_restricted": false
        },
        "blocks": [
            {
                "type": "rich_text",
                "block_id": "uwB",
                "elements": [
                    {
                        "type": "rich_text_section",
                        "elements": [
                            {
                                "type": "text",
                                "text": "Hi "
                            },
                            {
                                "type": "user",
                                "user_id": "UGJ8GJGNR"
                            },
                            {
                                "type": "text",
                                "text": ", my friend "
                            },
                            {
                                "type": "user",
                                "user_id": "U01HEMQBHKR"
                            },
                            {
                                "type": "text",
                                "text": " and I have been following your openEIT\/Spectra development with the highest interest. I have just listened to one of your talks on YouTube and it is very inspiring. I have zillion of questions on your roadmap and short term focus but it seems to me that we are 100% on the same wavelenght:"
                            }
                        ]
                    }
                ]
            }
        ],
        "thread_ts": "1609504294.066100",
        "parent_user_id": "U5M5PLH9S",
        "reactions": [
            {
                "name": "+1",
                "users": [
                    "U5M5PLH9S"
                ],
                "count": 1
            }
        ]
    },
    {
        "client_msg_id": "a2c65e44-0132-4da5-81ac-05033bbd09e1",
        "type": "message",
        "text": "1. Maxwell equations and tomography: actually, as you know, in ultrasound, we sometimes use full wave methods instead of \"ray tracing\" to inverse the acoustic wave propagation equations and recover local acoustic impedances. It seems to me that we could adapt this software to recover electro-magnetic impedances as suggested in your talk. We could do it in 2D or 3D even though 3D is very GPU demanding. Do you think that it would improve your reconstructions? Have you already identified some publications and algorithms?",
        "user": "U01HRKXAH53",
        "ts": "1609660065.081400",
        "team": "T5M5PLH8U",
        "user_team": "T5M5PLH8U",
        "source_team": "T5M5PLH8U",
        "user_profile": {
            "avatar_hash": "gf91f161c512",
            "image_72": "https:\/\/secure.gravatar.com\/avatar\/f91f161c512e639bab1a7afd06dc933e.jpg?s=72&d=https%3A%2F%2Fa.slack-edge.com%2Fdf10d%2Fimg%2Favatars%2Fava_0017-72.png",
            "first_name": "jacques",
            "real_name": "jacques Feldmar",
            "display_name": "Koje",
            "team": "T5M5PLH8U",
            "name": "jfeldmar",
            "is_restricted": false,
            "is_ultra_restricted": false
        },
        "blocks": [
            {
                "type": "rich_text",
                "block_id": "K=vi",
                "elements": [
                    {
                        "type": "rich_text_list",
                        "elements": [
                            {
                                "type": "rich_text_section",
                                "elements": [
                                    {
                                        "type": "text",
                                        "text": "Maxwell equations and tomography: actually, as you know, in ultrasound, we sometimes use full wave methods instead of \"ray tracing\" to inverse the acoustic wave propagation equations and recover local acoustic impedances. It seems to me that we could adapt this software to recover electro-magnetic impedances as suggested in your talk. We could do it in 2D or 3D even though 3D is very GPU demanding. Do you think that it would improve your reconstructions? Have you already identified some publications and algorithms?"
                                    }
                                ]
                            }
                        ],
                        "style": "ordered",
                        "indent": 0
                    }
                ]
            }
        ],
        "thread_ts": "1609504294.066100",
        "parent_user_id": "U5M5PLH9S"
    },
    {
        "client_msg_id": "dc4ca761-bea7-4a6f-a20d-a1b12d50ea80",
        "type": "message",
        "text": "2. It looks like you have tried to play with phases to try and focus the signal: does it improve resolution?",
        "user": "U01HRKXAH53",
        "ts": "1609660162.081600",
        "team": "T5M5PLH8U",
        "user_team": "T5M5PLH8U",
        "source_team": "T5M5PLH8U",
        "user_profile": {
            "avatar_hash": "gf91f161c512",
            "image_72": "https:\/\/secure.gravatar.com\/avatar\/f91f161c512e639bab1a7afd06dc933e.jpg?s=72&d=https%3A%2F%2Fa.slack-edge.com%2Fdf10d%2Fimg%2Favatars%2Fava_0017-72.png",
            "first_name": "jacques",
            "real_name": "jacques Feldmar",
            "display_name": "Koje",
            "team": "T5M5PLH8U",
            "name": "jfeldmar",
            "is_restricted": false,
            "is_ultra_restricted": false
        },
        "blocks": [
            {
                "type": "rich_text",
                "block_id": "\/GK",
                "elements": [
                    {
                        "type": "rich_text_section",
                        "elements": [
                            {
                                "type": "text",
                                "text": "2. It looks like you have tried to play with phases to try and focus the signal: does it improve resolution?"
                            }
                        ]
                    }
                ]
            }
        ],
        "thread_ts": "1609504294.066100",
        "parent_user_id": "U5M5PLH9S"
    },
    {
        "type": "message",
        "text": "3. I have not read the MAET publications yet. Are you thinking of combining ultrasound tomography and impedance tomography? Actually, a first step could be to use echo ultrasound to add some geometric constraints to your impedance reconstruction (assuming bones are not in the way). Do you know some publications on this idea?",
        "files": [
            {
                "id": "F01HWRAN2AF",
                "created": 1609660197,
                "timestamp": 1609660197,
                "name": "Rotational Magneto-Acousto-Electric Tomography.pdf",
                "title": "Rotational Magneto-Acousto-Electric Tomography.pdf",
                "mimetype": "application\/pdf",
                "filetype": "pdf",
                "pretty_type": "PDF",
                "user": "U01HRKXAH53",
                "editable": false,
                "size": 2754493,
                "mode": "hosted",
                "is_external": false,
                "external_type": "",
                "is_public": true,
                "public_url_shared": false,
                "display_as_bot": false,
                "username": "",
                "url_private": "https:\/\/files.slack.com\/files-pri\/T5M5PLH8U-F01HWRAN2AF\/rotational_magneto-acousto-electric_tomography.pdf?t=xoxe-191193697300-2381439834979-2387440767812-d973f70d679d3caabfeb15fb25f95fa2",
                "url_private_download": "https:\/\/files.slack.com\/files-pri\/T5M5PLH8U-F01HWRAN2AF\/download\/rotational_magneto-acousto-electric_tomography.pdf?t=xoxe-191193697300-2381439834979-2387440767812-d973f70d679d3caabfeb15fb25f95fa2",
                "media_display_type": "unknown",
                "thumb_pdf": "https:\/\/files.slack.com\/files-tmb\/T5M5PLH8U-F01HWRAN2AF-93f5058cc1\/rotational_magneto-acousto-electric_tomography_thumb_pdf.png?t=xoxe-191193697300-2381439834979-2387440767812-d973f70d679d3caabfeb15fb25f95fa2",
                "thumb_pdf_w": 935,
                "thumb_pdf_h": 1210,
                "permalink": "https:\/\/usdevkit.slack.com\/files\/U01HRKXAH53\/F01HWRAN2AF\/rotational_magneto-acousto-electric_tomography.pdf",
                "permalink_public": "https:\/\/slack-files.com\/T5M5PLH8U-F01HWRAN2AF-a8ac27e21a",
                "is_starred": false,
                "has_rich_preview": false
            }
        ],
        "upload": false,
        "blocks": [
            {
                "type": "rich_text",
                "block_id": "p8RH8",
                "elements": [
                    {
                        "type": "rich_text_section",
                        "elements": [
                            {
                                "type": "text",
                                "text": "3. I have not read the MAET publications yet. Are you thinking of combining ultrasound tomography and impedance tomography? Actually, a first step could be to use echo ultrasound to add some geometric constraints to your impedance reconstruction (assuming bones are not in the way). Do you know some publications on this idea?"
                            }
                        ]
                    }
                ]
            }
        ],
        "user": "U01HRKXAH53",
        "display_as_bot": false,
        "ts": "1609660337.081800",
        "thread_ts": "1609504294.066100",
        "parent_user_id": "U5M5PLH9S"
    },
    {
        "client_msg_id": "19ff981f-05b9-491b-9475-13e64849db7b",
        "type": "message",
        "text": "4. you also mention that we could do some functional imaging at the neurone level. That would be fantastic. Actually, my professional job is at <http:\/\/www.pixium-vision.com|www.pixium-vision.com> where we develop an artificial retina made of semi-conductors (photodiodes array). Do you think that we could image neuronal retina activity in animals assuming the eyes do not move. Actually, in ultrasound, <http:\/\/www.iconeus.com|www.iconeus.com> claim that they can do it but we have never managed to get to this microscopic level with EEG and it would be incredibly useful",
        "user": "U01HRKXAH53",
        "ts": "1609660616.082200",
        "team": "T5M5PLH8U",
        "user_team": "T5M5PLH8U",
        "source_team": "T5M5PLH8U",
        "user_profile": {
            "avatar_hash": "gf91f161c512",
            "image_72": "https:\/\/secure.gravatar.com\/avatar\/f91f161c512e639bab1a7afd06dc933e.jpg?s=72&d=https%3A%2F%2Fa.slack-edge.com%2Fdf10d%2Fimg%2Favatars%2Fava_0017-72.png",
            "first_name": "jacques",
            "real_name": "jacques Feldmar",
            "display_name": "Koje",
            "team": "T5M5PLH8U",
            "name": "jfeldmar",
            "is_restricted": false,
            "is_ultra_restricted": false
        },
        "blocks": [
            {
                "type": "rich_text",
                "block_id": "GUlNq",
                "elements": [
                    {
                        "type": "rich_text_section",
                        "elements": [
                            {
                                "type": "text",
                                "text": "4. you also mention that we could do some functional imaging at the neurone level. That would be fantastic. Actually, my professional job is at "
                            },
                            {
                                "type": "link",
                                "url": "http:\/\/www.pixium-vision.com",
                                "text": "www.pixium-vision.com"
                            },
                            {
                                "type": "text",
                                "text": " where we develop an artificial retina made of semi-conductors (photodiodes array). Do you think that we could image neuronal retina activity in animals assuming the eyes do not move. Actually, in ultrasound, "
                            },
                            {
                                "type": "link",
                                "url": "http:\/\/www.iconeus.com",
                                "text": "www.iconeus.com"
                            },
                            {
                                "type": "text",
                                "text": " claim that they can do it but we have never managed to get to this microscopic level with EEG and it would be incredibly useful"
                            }
                        ]
                    }
                ]
            }
        ],
        "thread_ts": "1609504294.066100",
        "parent_user_id": "U5M5PLH9S"
    }
]