[
    {
        "client_msg_id": "08bb1239-0b05-487d-91f1-12319d0d9a3f",
        "type": "message",
        "text": "What I wished we could be doing with ultrasound - and where things are already developed : <https:\/\/phys.org\/news\/2021-03-classification-single-pixel-detector.html> . Brilliant ! Could definitely be a plus for single element designs ^^",
        "user": "U5M5PLH9S",
        "ts": "1617283901.000800",
        "team": "T5M5PLH8U",
        "user_team": "T5M5PLH8U",
        "source_team": "T5M5PLH8U",
        "user_profile": {
            "avatar_hash": "e4fb6ae9f526",
            "image_72": "https:\/\/avatars.slack-edge.com\/2017-06-01\/191144530514_e4fb6ae9f526531fd41c_72.jpg",
            "first_name": "",
            "real_name": "kelu",
            "display_name": "",
            "team": "T5M5PLH8U",
            "name": "kelu",
            "is_restricted": false,
            "is_ultra_restricted": false
        },
        "attachments": [
            {
                "title": "Object classification through a single-pixel detector",
                "title_link": "https:\/\/phys.org\/news\/2021-03-classification-single-pixel-detector.html",
                "text": "Machine vision systems have many applications, including self-driving cars, intelligent manufacturing, robotic surgery and biomedical imaging, among many others. Most of these machine vision systems use lens-based cameras, and after an image or video is captured, typically with a few megapixels per frame, a digital processor is used to perform machine-learning tasks, such as object classification and scene segmentation. Such a traditional machine vision architecture suffers from several drawbacks. First, the large amount of digital information makes it hard to achieve image\/video analysis at high speed, especially using mobile and battery-powered devices. In addition, the captured images usually contain redundant information, which overwhelms the digital processor with a high computational burden, creating inefficiencies in terms of power and memory requirements. Moreover, beyond the visible wavelengths of light, fabricating high-pixel-count image sensors, such as what we have in our mobile phone cameras, is challenging and expensive, which limits the applications of standard machine vision methods at longer wavelengths, such as terahertz part of the spectrum.",
                "fallback": "Object classification through a single-pixel detector",
                "image_url": "https:\/\/scx2.b-cdn.net\/gfx\/news\/2021\/objectclassi.jpg",
                "from_url": "https:\/\/phys.org\/news\/2021-03-classification-single-pixel-detector.html",
                "image_width": 369,
                "image_height": 250,
                "image_bytes": 222299,
                "service_icon": "https:\/\/phys.b-cdn.net\/favicon.ico",
                "service_name": "phys.org",
                "id": 1,
                "original_url": "https:\/\/phys.org\/news\/2021-03-classification-single-pixel-detector.html"
            }
        ],
        "blocks": [
            {
                "type": "rich_text",
                "block_id": "KmIct",
                "elements": [
                    {
                        "type": "rich_text_section",
                        "elements": [
                            {
                                "type": "text",
                                "text": "What I wished we could be doing with ultrasound - and where things are already developed : "
                            },
                            {
                                "type": "link",
                                "url": "https:\/\/phys.org\/news\/2021-03-classification-single-pixel-detector.html"
                            },
                            {
                                "type": "text",
                                "text": " . Brilliant ! Could definitely be a plus for single element designs ^^"
                            }
                        ]
                    }
                ]
            }
        ],
        "thread_ts": "1617283901.000800",
        "reply_count": 1,
        "reply_users_count": 1,
        "latest_reply": "1617283979.001000",
        "reply_users": [
            "U5M5PLH9S"
        ],
        "replies": [
            {
                "user": "U5M5PLH9S",
                "ts": "1617283979.001000"
            }
        ],
        "is_locked": false,
        "subscribed": true,
        "last_read": "1617283979.001000"
    },
    {
        "client_msg_id": "0e727b67-b63c-4a69-afb7-89e79db389e4",
        "type": "message",
        "text": "Worth reading, as well as its ultrasound equivalent <https:\/\/advances.sciencemag.org\/content\/3\/12\/e1701423>",
        "user": "U5M5PLH9S",
        "ts": "1617283979.001000",
        "team": "T5M5PLH8U",
        "user_team": "T5M5PLH8U",
        "source_team": "T5M5PLH8U",
        "user_profile": {
            "avatar_hash": "e4fb6ae9f526",
            "image_72": "https:\/\/avatars.slack-edge.com\/2017-06-01\/191144530514_e4fb6ae9f526531fd41c_72.jpg",
            "first_name": "",
            "real_name": "kelu",
            "display_name": "",
            "team": "T5M5PLH8U",
            "name": "kelu",
            "is_restricted": false,
            "is_ultra_restricted": false
        },
        "blocks": [
            {
                "type": "rich_text",
                "block_id": "1c75",
                "elements": [
                    {
                        "type": "rich_text_section",
                        "elements": [
                            {
                                "type": "text",
                                "text": "Worth reading, as well as its ultrasound equivalent "
                            },
                            {
                                "type": "link",
                                "url": "https:\/\/advances.sciencemag.org\/content\/3\/12\/e1701423"
                            }
                        ]
                    }
                ]
            }
        ],
        "thread_ts": "1617283901.000800",
        "parent_user_id": "U5M5PLH9S"
    },
    {
        "type": "message",
        "text": "<@U8Z3VB1T2> i've got some #challenge for you ! I have somehow received RF packets from a probe, seems like I have RF data. But unsure if I'm getting ADC data, or rather IQ from a demodulating chip (like the AFE58XX family copied). How could I know if what I'm observing is IQ or raw RF ?\nThe signal I'm supposed to have should be around 3.5MHz here, with an imaging depth at ~20cm.\nHow could we find back what we have?",
        "files": [
            {
                "id": "F01TSM6EVCG",
                "created": 1617292006,
                "timestamp": 1617292006,
                "name": "raw.png",
                "title": "raw.png",
                "mimetype": "image\/png",
                "filetype": "png",
                "pretty_type": "PNG",
                "user": "U5M5PLH9S",
                "editable": false,
                "size": 29612,
                "mode": "hosted",
                "is_external": false,
                "external_type": "",
                "is_public": true,
                "public_url_shared": false,
                "display_as_bot": false,
                "username": "",
                "url_private": "https:\/\/files.slack.com\/files-pri\/T5M5PLH8U-F01TSM6EVCG\/raw.png?t=xoxe-191193697300-2381439834979-2387440767812-d973f70d679d3caabfeb15fb25f95fa2",
                "url_private_download": "https:\/\/files.slack.com\/files-pri\/T5M5PLH8U-F01TSM6EVCG\/download\/raw.png?t=xoxe-191193697300-2381439834979-2387440767812-d973f70d679d3caabfeb15fb25f95fa2",
                "media_display_type": "unknown",
                "thumb_64": "https:\/\/files.slack.com\/files-tmb\/T5M5PLH8U-F01TSM6EVCG-bbe38c8579\/raw_64.png?t=xoxe-191193697300-2381439834979-2387440767812-d973f70d679d3caabfeb15fb25f95fa2",
                "thumb_80": "https:\/\/files.slack.com\/files-tmb\/T5M5PLH8U-F01TSM6EVCG-bbe38c8579\/raw_80.png?t=xoxe-191193697300-2381439834979-2387440767812-d973f70d679d3caabfeb15fb25f95fa2",
                "thumb_360": "https:\/\/files.slack.com\/files-tmb\/T5M5PLH8U-F01TSM6EVCG-bbe38c8579\/raw_360.png?t=xoxe-191193697300-2381439834979-2387440767812-d973f70d679d3caabfeb15fb25f95fa2",
                "thumb_360_w": 360,
                "thumb_360_h": 121,
                "thumb_480": "https:\/\/files.slack.com\/files-tmb\/T5M5PLH8U-F01TSM6EVCG-bbe38c8579\/raw_480.png?t=xoxe-191193697300-2381439834979-2387440767812-d973f70d679d3caabfeb15fb25f95fa2",
                "thumb_480_w": 480,
                "thumb_480_h": 162,
                "thumb_160": "https:\/\/files.slack.com\/files-tmb\/T5M5PLH8U-F01TSM6EVCG-bbe38c8579\/raw_160.png?t=xoxe-191193697300-2381439834979-2387440767812-d973f70d679d3caabfeb15fb25f95fa2",
                "thumb_720": "https:\/\/files.slack.com\/files-tmb\/T5M5PLH8U-F01TSM6EVCG-bbe38c8579\/raw_720.png?t=xoxe-191193697300-2381439834979-2387440767812-d973f70d679d3caabfeb15fb25f95fa2",
                "thumb_720_w": 720,
                "thumb_720_h": 243,
                "thumb_800": "https:\/\/files.slack.com\/files-tmb\/T5M5PLH8U-F01TSM6EVCG-bbe38c8579\/raw_800.png?t=xoxe-191193697300-2381439834979-2387440767812-d973f70d679d3caabfeb15fb25f95fa2",
                "thumb_800_w": 800,
                "thumb_800_h": 270,
                "original_w": 898,
                "original_h": 303,
                "thumb_tiny": "AwAQADB+mbBaMzgff6n8KtnyuR8uQM1S02eKO2KySKp3ZwT9Kt\/arfn98n50AP8A3RIxt5HHFIDCQD8nPFN+1W+f9cn50farfj96n50xDiYgD9zg4NDCMhwAuQOmKb9qt\/8Ansn50jXUG1v3ycj1pDP\/2Q==",
                "permalink": "https:\/\/usdevkit.slack.com\/files\/U5M5PLH9S\/F01TSM6EVCG\/raw.png",
                "permalink_public": "https:\/\/slack-files.com\/T5M5PLH8U-F01TSM6EVCG-ecf497e274",
                "is_starred": false,
                "has_rich_preview": false
            },
            {
                "id": "F01SZQQ6KSR",
                "created": 1617292011,
                "timestamp": 1617292011,
                "name": "fft.png",
                "title": "fft.png",
                "mimetype": "image\/png",
                "filetype": "png",
                "pretty_type": "PNG",
                "user": "U5M5PLH9S",
                "editable": false,
                "size": 26844,
                "mode": "hosted",
                "is_external": false,
                "external_type": "",
                "is_public": true,
                "public_url_shared": false,
                "display_as_bot": false,
                "username": "",
                "url_private": "https:\/\/files.slack.com\/files-pri\/T5M5PLH8U-F01SZQQ6KSR\/fft.png?t=xoxe-191193697300-2381439834979-2387440767812-d973f70d679d3caabfeb15fb25f95fa2",
                "url_private_download": "https:\/\/files.slack.com\/files-pri\/T5M5PLH8U-F01SZQQ6KSR\/download\/fft.png?t=xoxe-191193697300-2381439834979-2387440767812-d973f70d679d3caabfeb15fb25f95fa2",
                "media_display_type": "unknown",
                "thumb_64": "https:\/\/files.slack.com\/files-tmb\/T5M5PLH8U-F01SZQQ6KSR-650ea434b0\/fft_64.png?t=xoxe-191193697300-2381439834979-2387440767812-d973f70d679d3caabfeb15fb25f95fa2",
                "thumb_80": "https:\/\/files.slack.com\/files-tmb\/T5M5PLH8U-F01SZQQ6KSR-650ea434b0\/fft_80.png?t=xoxe-191193697300-2381439834979-2387440767812-d973f70d679d3caabfeb15fb25f95fa2",
                "thumb_360": "https:\/\/files.slack.com\/files-tmb\/T5M5PLH8U-F01SZQQ6KSR-650ea434b0\/fft_360.png?t=xoxe-191193697300-2381439834979-2387440767812-d973f70d679d3caabfeb15fb25f95fa2",
                "thumb_360_w": 360,
                "thumb_360_h": 129,
                "thumb_480": "https:\/\/files.slack.com\/files-tmb\/T5M5PLH8U-F01SZQQ6KSR-650ea434b0\/fft_480.png?t=xoxe-191193697300-2381439834979-2387440767812-d973f70d679d3caabfeb15fb25f95fa2",
                "thumb_480_w": 480,
                "thumb_480_h": 172,
                "thumb_160": "https:\/\/files.slack.com\/files-tmb\/T5M5PLH8U-F01SZQQ6KSR-650ea434b0\/fft_160.png?t=xoxe-191193697300-2381439834979-2387440767812-d973f70d679d3caabfeb15fb25f95fa2",
                "thumb_720": "https:\/\/files.slack.com\/files-tmb\/T5M5PLH8U-F01SZQQ6KSR-650ea434b0\/fft_720.png?t=xoxe-191193697300-2381439834979-2387440767812-d973f70d679d3caabfeb15fb25f95fa2",
                "thumb_720_w": 720,
                "thumb_720_h": 259,
                "thumb_800": "https:\/\/files.slack.com\/files-tmb\/T5M5PLH8U-F01SZQQ6KSR-650ea434b0\/fft_800.png?t=xoxe-191193697300-2381439834979-2387440767812-d973f70d679d3caabfeb15fb25f95fa2",
                "thumb_800_w": 800,
                "thumb_800_h": 287,
                "original_w": 874,
                "original_h": 314,
                "thumb_tiny": "AwARADCeygie0jZokJI6lan+zQf88Y\/++RVe1mEdpENpbjt9akkuSQyop9jTsK4LHbtIyeVHkf7Ipyw275xFHwcfdFUx5gYnByRipIJHh42kgnJqnElSLX2aD\/njH\/3yKR7aAI37lOn90VClzKv3k3VOZkZDzgkHg1LVik7nPUUUUhhRRRQAUUUUAf\/Z",
                "permalink": "https:\/\/usdevkit.slack.com\/files\/U5M5PLH9S\/F01SZQQ6KSR\/fft.png",
                "permalink_public": "https:\/\/slack-files.com\/T5M5PLH8U-F01SZQQ6KSR-0ea70a0b72",
                "is_starred": false,
                "has_rich_preview": false
            },
            {
                "id": "F01T33VBG67",
                "created": 1617292013,
                "timestamp": 1617292013,
                "name": "image.png",
                "title": "image.png",
                "mimetype": "image\/png",
                "filetype": "png",
                "pretty_type": "PNG",
                "user": "U5M5PLH9S",
                "editable": false,
                "size": 41370,
                "mode": "hosted",
                "is_external": false,
                "external_type": "",
                "is_public": true,
                "public_url_shared": false,
                "display_as_bot": false,
                "username": "",
                "url_private": "https:\/\/files.slack.com\/files-pri\/T5M5PLH8U-F01T33VBG67\/image.png?t=xoxe-191193697300-2381439834979-2387440767812-d973f70d679d3caabfeb15fb25f95fa2",
                "url_private_download": "https:\/\/files.slack.com\/files-pri\/T5M5PLH8U-F01T33VBG67\/download\/image.png?t=xoxe-191193697300-2381439834979-2387440767812-d973f70d679d3caabfeb15fb25f95fa2",
                "media_display_type": "unknown",
                "thumb_64": "https:\/\/files.slack.com\/files-tmb\/T5M5PLH8U-F01T33VBG67-5528d4efc8\/image_64.png?t=xoxe-191193697300-2381439834979-2387440767812-d973f70d679d3caabfeb15fb25f95fa2",
                "thumb_80": "https:\/\/files.slack.com\/files-tmb\/T5M5PLH8U-F01T33VBG67-5528d4efc8\/image_80.png?t=xoxe-191193697300-2381439834979-2387440767812-d973f70d679d3caabfeb15fb25f95fa2",
                "thumb_360": "https:\/\/files.slack.com\/files-tmb\/T5M5PLH8U-F01T33VBG67-5528d4efc8\/image_360.png?t=xoxe-191193697300-2381439834979-2387440767812-d973f70d679d3caabfeb15fb25f95fa2",
                "thumb_360_w": 360,
                "thumb_360_h": 119,
                "thumb_480": "https:\/\/files.slack.com\/files-tmb\/T5M5PLH8U-F01T33VBG67-5528d4efc8\/image_480.png?t=xoxe-191193697300-2381439834979-2387440767812-d973f70d679d3caabfeb15fb25f95fa2",
                "thumb_480_w": 480,
                "thumb_480_h": 159,
                "thumb_160": "https:\/\/files.slack.com\/files-tmb\/T5M5PLH8U-F01T33VBG67-5528d4efc8\/image_160.png?t=xoxe-191193697300-2381439834979-2387440767812-d973f70d679d3caabfeb15fb25f95fa2",
                "thumb_720": "https:\/\/files.slack.com\/files-tmb\/T5M5PLH8U-F01T33VBG67-5528d4efc8\/image_720.png?t=xoxe-191193697300-2381439834979-2387440767812-d973f70d679d3caabfeb15fb25f95fa2",
                "thumb_720_w": 720,
                "thumb_720_h": 238,
                "original_w": 749,
                "original_h": 248,
                "thumb_tiny": "AwAPADC\/IAw5yPpTVCxrkbjn1p7oWHDEfSkCMFAJJI70C6illJAxwaQbM\/doZTgcmgcNjJzigYpYADikZ1UHIPp0pM5UHnGakPTpQB\/\/2Q==",
                "permalink": "https:\/\/usdevkit.slack.com\/files\/U5M5PLH9S\/F01T33VBG67\/image.png",
                "permalink_public": "https:\/\/slack-files.com\/T5M5PLH8U-F01T33VBG67-fd056f74e7",
                "is_starred": false,
                "has_rich_preview": false
            }
        ],
        "upload": false,
        "blocks": [
            {
                "type": "rich_text",
                "block_id": "7qpZr",
                "elements": [
                    {
                        "type": "rich_text_section",
                        "elements": [
                            {
                                "type": "user",
                                "user_id": "U8Z3VB1T2"
                            },
                            {
                                "type": "text",
                                "text": " i've got some #challenge for you ! I have somehow received RF packets from a probe, seems like I have RF data. But unsure if I'm getting ADC data, or rather IQ from a demodulating chip (like the AFE58XX family copied). How could I know if what I'm observing is IQ or raw RF ?\nThe signal I'm supposed to have should be around 3.5MHz here, with an imaging depth at ~20cm.\nHow could we find back what we have?"
                            }
                        ]
                    }
                ]
            }
        ],
        "user": "U5M5PLH9S",
        "ts": "1617292155.003800",
        "thread_ts": "1617292155.003800",
        "reply_count": 14,
        "reply_users_count": 2,
        "latest_reply": "1617780048.002000",
        "reply_users": [
            "U5M5PLH9S",
            "U8Z3VB1T2"
        ],
        "replies": [
            {
                "user": "U5M5PLH9S",
                "ts": "1617292180.004500"
            },
            {
                "user": "U5M5PLH9S",
                "ts": "1617297410.004700"
            },
            {
                "user": "U5M5PLH9S",
                "ts": "1617303319.005100"
            },
            {
                "user": "U5M5PLH9S",
                "ts": "1617303500.005600"
            },
            {
                "user": "U5M5PLH9S",
                "ts": "1617307565.006000"
            },
            {
                "user": "U5M5PLH9S",
                "ts": "1617309123.006900"
            },
            {
                "user": "U8Z3VB1T2",
                "ts": "1617319842.007300"
            },
            {
                "user": "U5M5PLH9S",
                "ts": "1617341924.007500"
            },
            {
                "user": "U5M5PLH9S",
                "ts": "1617635881.007700"
            },
            {
                "user": "U8Z3VB1T2",
                "ts": "1617759163.001200"
            },
            {
                "user": "U8Z3VB1T2",
                "ts": "1617759241.001400"
            },
            {
                "user": "U8Z3VB1T2",
                "ts": "1617759354.001600"
            },
            {
                "user": "U8Z3VB1T2",
                "ts": "1617759538.001800"
            },
            {
                "user": "U5M5PLH9S",
                "ts": "1617780048.002000"
            }
        ],
        "is_locked": false,
        "subscribed": true,
        "last_read": "1617780048.002000"
    },
    {
        "client_msg_id": "5ec4ae45-3a6a-40ae-a30c-c6e77a681f67",
        "type": "message",
        "text": "So I have here lines, FFT and block diag",
        "user": "U5M5PLH9S",
        "ts": "1617292180.004500",
        "team": "T5M5PLH8U",
        "user_team": "T5M5PLH8U",
        "source_team": "T5M5PLH8U",
        "user_profile": {
            "avatar_hash": "e4fb6ae9f526",
            "image_72": "https:\/\/avatars.slack-edge.com\/2017-06-01\/191144530514_e4fb6ae9f526531fd41c_72.jpg",
            "first_name": "",
            "real_name": "kelu",
            "display_name": "",
            "team": "T5M5PLH8U",
            "name": "kelu",
            "is_restricted": false,
            "is_ultra_restricted": false
        },
        "blocks": [
            {
                "type": "rich_text",
                "block_id": "t7jx",
                "elements": [
                    {
                        "type": "rich_text_section",
                        "elements": [
                            {
                                "type": "text",
                                "text": "So I have here lines, FFT and block diag"
                            }
                        ]
                    }
                ]
            }
        ],
        "thread_ts": "1617292155.003800",
        "parent_user_id": "U5M5PLH9S"
    },
    {
        "type": "message",
        "text": "With an FFT with moar points",
        "files": [
            {
                "id": "F01SWFF45PG",
                "created": 1617297408,
                "timestamp": 1617297408,
                "name": "image.png",
                "title": "image.png",
                "mimetype": "image\/png",
                "filetype": "png",
                "pretty_type": "PNG",
                "user": "U5M5PLH9S",
                "editable": false,
                "size": 25894,
                "mode": "hosted",
                "is_external": false,
                "external_type": "",
                "is_public": true,
                "public_url_shared": false,
                "display_as_bot": false,
                "username": "",
                "url_private": "https:\/\/files.slack.com\/files-pri\/T5M5PLH8U-F01SWFF45PG\/image.png?t=xoxe-191193697300-2381439834979-2387440767812-d973f70d679d3caabfeb15fb25f95fa2",
                "url_private_download": "https:\/\/files.slack.com\/files-pri\/T5M5PLH8U-F01SWFF45PG\/download\/image.png?t=xoxe-191193697300-2381439834979-2387440767812-d973f70d679d3caabfeb15fb25f95fa2",
                "media_display_type": "unknown",
                "thumb_64": "https:\/\/files.slack.com\/files-tmb\/T5M5PLH8U-F01SWFF45PG-9f5c95475f\/image_64.png?t=xoxe-191193697300-2381439834979-2387440767812-d973f70d679d3caabfeb15fb25f95fa2",
                "thumb_80": "https:\/\/files.slack.com\/files-tmb\/T5M5PLH8U-F01SWFF45PG-9f5c95475f\/image_80.png?t=xoxe-191193697300-2381439834979-2387440767812-d973f70d679d3caabfeb15fb25f95fa2",
                "thumb_360": "https:\/\/files.slack.com\/files-tmb\/T5M5PLH8U-F01SWFF45PG-9f5c95475f\/image_360.png?t=xoxe-191193697300-2381439834979-2387440767812-d973f70d679d3caabfeb15fb25f95fa2",
                "thumb_360_w": 360,
                "thumb_360_h": 131,
                "thumb_480": "https:\/\/files.slack.com\/files-tmb\/T5M5PLH8U-F01SWFF45PG-9f5c95475f\/image_480.png?t=xoxe-191193697300-2381439834979-2387440767812-d973f70d679d3caabfeb15fb25f95fa2",
                "thumb_480_w": 480,
                "thumb_480_h": 174,
                "thumb_160": "https:\/\/files.slack.com\/files-tmb\/T5M5PLH8U-F01SWFF45PG-9f5c95475f\/image_160.png?t=xoxe-191193697300-2381439834979-2387440767812-d973f70d679d3caabfeb15fb25f95fa2",
                "thumb_720": "https:\/\/files.slack.com\/files-tmb\/T5M5PLH8U-F01SWFF45PG-9f5c95475f\/image_720.png?t=xoxe-191193697300-2381439834979-2387440767812-d973f70d679d3caabfeb15fb25f95fa2",
                "thumb_720_w": 720,
                "thumb_720_h": 262,
                "thumb_800": "https:\/\/files.slack.com\/files-tmb\/T5M5PLH8U-F01SWFF45PG-9f5c95475f\/image_800.png?t=xoxe-191193697300-2381439834979-2387440767812-d973f70d679d3caabfeb15fb25f95fa2",
                "thumb_800_w": 800,
                "thumb_800_h": 291,
                "original_w": 864,
                "original_h": 314,
                "thumb_tiny": "AwARADCza28LWsRaJCSoySoqX7NB\/wA8Y\/8AvkVFbTKltCp5+UcinSXHC+WCeeeO1OwriCK3LHEUeM4+6PSni3tyeIo\/++RVRTIuflPJz+hH9aeJpFYsFPIGP0\/wp8ouYs\/ZoP8AnjH\/AN8ika2g2n9ynT+6KYtyd53Idp6e1PM6MCBnkHqMUrDuc\/RRRSGFFFFABRRRQB\/\/2Q==",
                "permalink": "https:\/\/usdevkit.slack.com\/files\/U5M5PLH9S\/F01SWFF45PG\/image.png",
                "permalink_public": "https:\/\/slack-files.com\/T5M5PLH8U-F01SWFF45PG-42ad74cad9",
                "is_starred": false,
                "has_rich_preview": false
            }
        ],
        "upload": false,
        "blocks": [
            {
                "type": "rich_text",
                "block_id": "mEtAm",
                "elements": [
                    {
                        "type": "rich_text_section",
                        "elements": [
                            {
                                "type": "text",
                                "text": "With an FFT with moar points"
                            }
                        ]
                    }
                ]
            }
        ],
        "user": "U5M5PLH9S",
        "display_as_bot": false,
        "ts": "1617297410.004700",
        "thread_ts": "1617292155.003800",
        "parent_user_id": "U5M5PLH9S"
    },
    {
        "type": "message",
        "text": "And with a loop of 5 frames :wink: (import with lLoop = np.load(\"loop.npz\")['loop'] )",
        "files": [
            {
                "id": "F01TTDXL1FA",
                "created": 1617303313,
                "timestamp": 1617303313,
                "name": "loop.npz",
                "title": "loop.npz",
                "mimetype": "application\/zip",
                "filetype": "zip",
                "pretty_type": "Zip",
                "user": "U5M5PLH9S",
                "editable": false,
                "size": 12480262,
                "mode": "hosted",
                "is_external": false,
                "external_type": "",
                "is_public": true,
                "public_url_shared": false,
                "display_as_bot": false,
                "username": "",
                "url_private": "https:\/\/files.slack.com\/files-pri\/T5M5PLH8U-F01TTDXL1FA\/loop.npz?t=xoxe-191193697300-2381439834979-2387440767812-d973f70d679d3caabfeb15fb25f95fa2",
                "url_private_download": "https:\/\/files.slack.com\/files-pri\/T5M5PLH8U-F01TTDXL1FA\/download\/loop.npz?t=xoxe-191193697300-2381439834979-2387440767812-d973f70d679d3caabfeb15fb25f95fa2",
                "media_display_type": "unknown",
                "permalink": "https:\/\/usdevkit.slack.com\/files\/U5M5PLH9S\/F01TTDXL1FA\/loop.npz",
                "permalink_public": "https:\/\/slack-files.com\/T5M5PLH8U-F01TTDXL1FA-7180231d29",
                "is_starred": false,
                "has_rich_preview": false
            }
        ],
        "upload": false,
        "blocks": [
            {
                "type": "rich_text",
                "block_id": "I=A",
                "elements": [
                    {
                        "type": "rich_text_section",
                        "elements": [
                            {
                                "type": "text",
                                "text": "And with a loop of 5 frames "
                            },
                            {
                                "type": "emoji",
                                "name": "wink"
                            },
                            {
                                "type": "text",
                                "text": " (import with lLoop = np.load(\"loop.npz\")['loop'] )"
                            }
                        ]
                    }
                ]
            }
        ],
        "user": "U5M5PLH9S",
        "display_as_bot": false,
        "ts": "1617303319.005100",
        "edited": {
            "user": "U5M5PLH9S",
            "ts": "1617303362.000000"
        },
        "thread_ts": "1617292155.003800",
        "parent_user_id": "U5M5PLH9S"
    },
    {
        "type": "message",
        "text": "And the GIF",
        "files": [
            {
                "id": "F01TG8R51PT",
                "created": 1617303485,
                "timestamp": 1617303485,
                "name": "frames.gif",
                "title": "frames.gif",
                "mimetype": "image\/gif",
                "filetype": "gif",
                "pretty_type": "GIF",
                "user": "U5M5PLH9S",
                "editable": false,
                "size": 1553313,
                "mode": "hosted",
                "is_external": false,
                "external_type": "",
                "is_public": true,
                "public_url_shared": false,
                "display_as_bot": false,
                "username": "",
                "url_private": "https:\/\/files.slack.com\/files-pri\/T5M5PLH8U-F01TG8R51PT\/frames.gif?t=xoxe-191193697300-2381439834979-2387440767812-d973f70d679d3caabfeb15fb25f95fa2",
                "url_private_download": "https:\/\/files.slack.com\/files-pri\/T5M5PLH8U-F01TG8R51PT\/download\/frames.gif?t=xoxe-191193697300-2381439834979-2387440767812-d973f70d679d3caabfeb15fb25f95fa2",
                "media_display_type": "unknown",
                "thumb_64": "https:\/\/files.slack.com\/files-tmb\/T5M5PLH8U-F01TG8R51PT-05b7792ea2\/frames_64.png?t=xoxe-191193697300-2381439834979-2387440767812-d973f70d679d3caabfeb15fb25f95fa2",
                "thumb_80": "https:\/\/files.slack.com\/files-tmb\/T5M5PLH8U-F01TG8R51PT-05b7792ea2\/frames_80.png?t=xoxe-191193697300-2381439834979-2387440767812-d973f70d679d3caabfeb15fb25f95fa2",
                "thumb_360": "https:\/\/files.slack.com\/files-tmb\/T5M5PLH8U-F01TG8R51PT-05b7792ea2\/frames_360.png?t=xoxe-191193697300-2381439834979-2387440767812-d973f70d679d3caabfeb15fb25f95fa2",
                "thumb_360_w": 360,
                "thumb_360_h": 360,
                "thumb_480": "https:\/\/files.slack.com\/files-tmb\/T5M5PLH8U-F01TG8R51PT-05b7792ea2\/frames_480.png?t=xoxe-191193697300-2381439834979-2387440767812-d973f70d679d3caabfeb15fb25f95fa2",
                "thumb_480_w": 480,
                "thumb_480_h": 480,
                "thumb_160": "https:\/\/files.slack.com\/files-tmb\/T5M5PLH8U-F01TG8R51PT-05b7792ea2\/frames_160.png?t=xoxe-191193697300-2381439834979-2387440767812-d973f70d679d3caabfeb15fb25f95fa2",
                "thumb_720": "https:\/\/files.slack.com\/files-tmb\/T5M5PLH8U-F01TG8R51PT-05b7792ea2\/frames_720.png?t=xoxe-191193697300-2381439834979-2387440767812-d973f70d679d3caabfeb15fb25f95fa2",
                "thumb_720_w": 720,
                "thumb_720_h": 720,
                "thumb_360_gif": "https:\/\/files.slack.com\/files-tmb\/T5M5PLH8U-F01TG8R51PT-05b7792ea2\/frames_360.gif?t=xoxe-191193697300-2381439834979-2387440767812-d973f70d679d3caabfeb15fb25f95fa2",
                "thumb_480_gif": "https:\/\/files.slack.com\/files-tmb\/T5M5PLH8U-F01TG8R51PT-05b7792ea2\/frames_480.gif?t=xoxe-191193697300-2381439834979-2387440767812-d973f70d679d3caabfeb15fb25f95fa2",
                "original_w": 720,
                "original_h": 720,
                "deanimate": "https:\/\/files.slack.com\/files-tmb\/T5M5PLH8U-F01TG8R51PT-05b7792ea2\/frames_deanimate.png?t=xoxe-191193697300-2381439834979-2387440767812-d973f70d679d3caabfeb15fb25f95fa2",
                "deanimate_gif": "https:\/\/files.slack.com\/files-tmb\/T5M5PLH8U-F01TG8R51PT-05b7792ea2\/frames_deanimate_gif.png?t=xoxe-191193697300-2381439834979-2387440767812-d973f70d679d3caabfeb15fb25f95fa2",
                "thumb_tiny": "AwAwADDRkdY0LOcKO9RfbIP+egpuof8AHo\/Pp\/OsfNAGyb2Ds4NH22Du9Y2aM0wNn7bB\/f8A0NSRTJMCYzkA4PFYWa09L\/1T\/wC9\/SkBLf8A\/Ho\/4fzrHxWxqH\/Hq\/Hpz+NZFMBu2jFOpKADFael\/wCqf\/e\/pWbWlpf+qf8A3v6UAS6h\/wAer9e386yK3pI1lQo4yp61B9gt\/wC4fzNIDIorX+w2\/wDc\/U0fYLf+4fzNMDIrS0v\/AFT\/AO9\/SpfsFv8A3D+ZqaKFIQRGMAnJ5pAf\/9k=",
                "permalink": "https:\/\/usdevkit.slack.com\/files\/U5M5PLH9S\/F01TG8R51PT\/frames.gif",
                "permalink_public": "https:\/\/slack-files.com\/T5M5PLH8U-F01TG8R51PT-d326d3251c",
                "is_starred": false,
                "has_rich_preview": false
            }
        ],
        "upload": false,
        "blocks": [
            {
                "type": "rich_text",
                "block_id": "HvX",
                "elements": [
                    {
                        "type": "rich_text_section",
                        "elements": [
                            {
                                "type": "text",
                                "text": "And the GIF"
                            }
                        ]
                    }
                ]
            }
        ],
        "user": "U5M5PLH9S",
        "display_as_bot": false,
        "ts": "1617303500.005600",
        "thread_ts": "1617292155.003800",
        "parent_user_id": "U5M5PLH9S"
    },
    {
        "client_msg_id": "e87cc8c1-e512-43a6-9034-3412bea0ee39",
        "type": "message",
        "text": "All cleaned up and summarized at <https:\/\/github.com\/kelu124\/pyusbus\/blob\/main\/experiments\/20210401-Convex.ipynb>",
        "user": "U5M5PLH9S",
        "ts": "1617307565.006000",
        "team": "T5M5PLH8U",
        "user_team": "T5M5PLH8U",
        "source_team": "T5M5PLH8U",
        "user_profile": {
            "avatar_hash": "e4fb6ae9f526",
            "image_72": "https:\/\/avatars.slack-edge.com\/2017-06-01\/191144530514_e4fb6ae9f526531fd41c_72.jpg",
            "first_name": "",
            "real_name": "kelu",
            "display_name": "",
            "team": "T5M5PLH8U",
            "name": "kelu",
            "is_restricted": false,
            "is_ultra_restricted": false
        },
        "blocks": [
            {
                "type": "rich_text",
                "block_id": "VxN",
                "elements": [
                    {
                        "type": "rich_text_section",
                        "elements": [
                            {
                                "type": "text",
                                "text": "All cleaned up and summarized at "
                            },
                            {
                                "type": "link",
                                "url": "https:\/\/github.com\/kelu124\/pyusbus\/blob\/main\/experiments\/20210401-Convex.ipynb"
                            }
                        ]
                    }
                ]
            }
        ],
        "thread_ts": "1617292155.003800",
        "parent_user_id": "U5M5PLH9S"
    },
    {
        "type": "message",
        "text": "Slightly better gif",
        "files": [
            {
                "id": "F01SX6RQE4W",
                "created": 1617309114,
                "timestamp": 1617309114,
                "name": "20210401.gif",
                "title": "20210401.gif",
                "mimetype": "image\/gif",
                "filetype": "gif",
                "pretty_type": "GIF",
                "user": "U5M5PLH9S",
                "editable": false,
                "size": 1242838,
                "mode": "hosted",
                "is_external": false,
                "external_type": "",
                "is_public": true,
                "public_url_shared": false,
                "display_as_bot": false,
                "username": "",
                "url_private": "https:\/\/files.slack.com\/files-pri\/T5M5PLH8U-F01SX6RQE4W\/20210401.gif?t=xoxe-191193697300-2381439834979-2387440767812-d973f70d679d3caabfeb15fb25f95fa2",
                "url_private_download": "https:\/\/files.slack.com\/files-pri\/T5M5PLH8U-F01SX6RQE4W\/download\/20210401.gif?t=xoxe-191193697300-2381439834979-2387440767812-d973f70d679d3caabfeb15fb25f95fa2",
                "media_display_type": "unknown",
                "thumb_64": "https:\/\/files.slack.com\/files-tmb\/T5M5PLH8U-F01SX6RQE4W-c321010604\/20210401_64.png?t=xoxe-191193697300-2381439834979-2387440767812-d973f70d679d3caabfeb15fb25f95fa2",
                "thumb_80": "https:\/\/files.slack.com\/files-tmb\/T5M5PLH8U-F01SX6RQE4W-c321010604\/20210401_80.png?t=xoxe-191193697300-2381439834979-2387440767812-d973f70d679d3caabfeb15fb25f95fa2",
                "thumb_360": "https:\/\/files.slack.com\/files-tmb\/T5M5PLH8U-F01SX6RQE4W-c321010604\/20210401_360.png?t=xoxe-191193697300-2381439834979-2387440767812-d973f70d679d3caabfeb15fb25f95fa2",
                "thumb_360_w": 360,
                "thumb_360_h": 360,
                "thumb_480": "https:\/\/files.slack.com\/files-tmb\/T5M5PLH8U-F01SX6RQE4W-c321010604\/20210401_480.png?t=xoxe-191193697300-2381439834979-2387440767812-d973f70d679d3caabfeb15fb25f95fa2",
                "thumb_480_w": 480,
                "thumb_480_h": 480,
                "thumb_160": "https:\/\/files.slack.com\/files-tmb\/T5M5PLH8U-F01SX6RQE4W-c321010604\/20210401_160.png?t=xoxe-191193697300-2381439834979-2387440767812-d973f70d679d3caabfeb15fb25f95fa2",
                "thumb_720": "https:\/\/files.slack.com\/files-tmb\/T5M5PLH8U-F01SX6RQE4W-c321010604\/20210401_720.png?t=xoxe-191193697300-2381439834979-2387440767812-d973f70d679d3caabfeb15fb25f95fa2",
                "thumb_720_w": 720,
                "thumb_720_h": 720,
                "thumb_360_gif": "https:\/\/files.slack.com\/files-tmb\/T5M5PLH8U-F01SX6RQE4W-c321010604\/20210401_360.gif?t=xoxe-191193697300-2381439834979-2387440767812-d973f70d679d3caabfeb15fb25f95fa2",
                "thumb_480_gif": "https:\/\/files.slack.com\/files-tmb\/T5M5PLH8U-F01SX6RQE4W-c321010604\/20210401_480.gif?t=xoxe-191193697300-2381439834979-2387440767812-d973f70d679d3caabfeb15fb25f95fa2",
                "original_w": 720,
                "original_h": 720,
                "deanimate": "https:\/\/files.slack.com\/files-tmb\/T5M5PLH8U-F01SX6RQE4W-c321010604\/20210401_deanimate.png?t=xoxe-191193697300-2381439834979-2387440767812-d973f70d679d3caabfeb15fb25f95fa2",
                "deanimate_gif": "https:\/\/files.slack.com\/files-tmb\/T5M5PLH8U-F01SX6RQE4W-c321010604\/20210401_deanimate_gif.png?t=xoxe-191193697300-2381439834979-2387440767812-d973f70d679d3caabfeb15fb25f95fa2",
                "thumb_tiny": "AwAwADDRkkWJCznCjvUX223\/AOegpmo\/8eb8+n8xWLg0AbbX0A6Pn6CgX8B6vj8KxAOac3WgDaF7bn\/loKlilSUExtkDiuexWrpP+of\/AHv6UATajn7G\/wCH8xWLmtnUf+PN+PTn8RWLQAueaVjzxTaKYC5rU0k5hf8A3v6VlVq6T\/qH\/wB7+lICXUf+PN+vb+YrFropY1lQo4yp6iq\/9n239w\/maAMWitr+z7b\/AJ5\/+PGj+z7b+4fzNAGLWrpP+of\/AHv6VL\/Z9t\/cP5mpoYI4FKxrgE560Af\/2Q==",
                "permalink": "https:\/\/usdevkit.slack.com\/files\/U5M5PLH9S\/F01SX6RQE4W\/20210401.gif",
                "permalink_public": "https:\/\/slack-files.com\/T5M5PLH8U-F01SX6RQE4W-dea5dbc10e",
                "is_starred": false,
                "has_rich_preview": false
            }
        ],
        "upload": false,
        "blocks": [
            {
                "type": "rich_text",
                "block_id": "PKhfY",
                "elements": [
                    {
                        "type": "rich_text_section",
                        "elements": [
                            {
                                "type": "text",
                                "text": "Slightly better gif"
                            }
                        ]
                    }
                ]
            }
        ],
        "user": "U5M5PLH9S",
        "display_as_bot": false,
        "ts": "1617309123.006900",
        "thread_ts": "1617292155.003800",
        "parent_user_id": "U5M5PLH9S"
    },
    {
        "client_msg_id": "65b96786-5f25-45e7-810b-a8f91c05582b",
        "type": "message",
        "text": "Very nice!! Hmm do you know the sampling frequency and\/or pulse repetition frequency?",
        "user": "U8Z3VB1T2",
        "ts": "1617319842.007300",
        "team": "T5M5PLH8U",
        "user_team": "T5M5PLH8U",
        "source_team": "T5M5PLH8U",
        "user_profile": {
            "avatar_hash": "g49ad52d7df8",
            "image_72": "https:\/\/secure.gravatar.com\/avatar\/449ad52d7df89ecbe8ebe0fd87d3f63f.jpg?s=72&d=https%3A%2F%2Fa.slack-edge.com%2Fdf10d%2Fimg%2Favatars%2Fava_0026-72.png",
            "first_name": "",
            "real_name": "William Meng",
            "display_name": "",
            "team": "T5M5PLH8U",
            "name": "wlmeng11",
            "is_restricted": false,
            "is_ultra_restricted": false
        },
        "blocks": [
            {
                "type": "rich_text",
                "block_id": "PNs",
                "elements": [
                    {
                        "type": "rich_text_section",
                        "elements": [
                            {
                                "type": "text",
                                "text": "Very nice!! Hmm do you know the sampling frequency and\/or pulse repetition frequency?"
                            }
                        ]
                    }
                ]
            }
        ],
        "thread_ts": "1617292155.003800",
        "parent_user_id": "U5M5PLH9S"
    },
    {
        "client_msg_id": "f5b94a00-876c-4d33-85bd-b25c033736fb",
        "type": "message",
        "text": "Nothing ;)\nI would assume the lignes to be 20cm deep. That being said, I could have a look at the usb packets timestamps, will check that.",
        "user": "U5M5PLH9S",
        "ts": "1617341924.007500",
        "team": "T5M5PLH8U",
        "user_team": "T5M5PLH8U",
        "source_team": "T5M5PLH8U",
        "user_profile": {
            "avatar_hash": "e4fb6ae9f526",
            "image_72": "https:\/\/avatars.slack-edge.com\/2017-06-01\/191144530514_e4fb6ae9f526531fd41c_72.jpg",
            "first_name": "",
            "real_name": "kelu",
            "display_name": "",
            "team": "T5M5PLH8U",
            "name": "kelu",
            "is_restricted": false,
            "is_ultra_restricted": false
        },
        "blocks": [
            {
                "type": "rich_text",
                "block_id": "LAQ",
                "elements": [
                    {
                        "type": "rich_text_section",
                        "elements": [
                            {
                                "type": "text",
                                "text": "Nothing ;)\nI would assume the lignes to be 20cm deep. That being said, I could have a look at the usb packets timestamps, will check that."
                            }
                        ]
                    }
                ]
            }
        ],
        "thread_ts": "1617292155.003800",
        "parent_user_id": "U5M5PLH9S"
    }
]