[
    {
        "type": "message",
        "subtype": "channel_join",
        "ts": "1613446259.000200",
        "user": "U01N71HJ43V",
        "text": "<@U01N71HJ43V> has joined the channel"
    },
    {
        "client_msg_id": "f962fe58-5cd6-44e3-a27d-daee389771b5",
        "type": "message",
        "text": "Hi <@U5M5PLH9S> wanted to inquire about the code for the working of the unOrick board. Where could I find this?",
        "user": "U01N71HJ43V",
        "ts": "1613446756.001000",
        "team": "T5M5PLH8U",
        "user_team": "T5M5PLH8U",
        "source_team": "T5M5PLH8U",
        "user_profile": {
            "avatar_hash": "gf54fcf8ffcf",
            "image_72": "https:\/\/secure.gravatar.com\/avatar\/f54fcf8ffcfad5ee045cac34be4edd7c.jpg?s=72&d=https%3A%2F%2Fa.slack-edge.com%2Fdf10d%2Fimg%2Favatars%2Fava_0018-72.png",
            "first_name": "",
            "real_name": "Annaliese",
            "display_name": "Annaliese",
            "team": "T5M5PLH8U",
            "name": "annaliese",
            "is_restricted": false,
            "is_ultra_restricted": false
        },
        "blocks": [
            {
                "type": "rich_text",
                "block_id": "HTkE",
                "elements": [
                    {
                        "type": "rich_text_section",
                        "elements": [
                            {
                                "type": "text",
                                "text": "Hi "
                            },
                            {
                                "type": "user",
                                "user_id": "U5M5PLH9S"
                            },
                            {
                                "type": "text",
                                "text": " wanted to inquire about the code for the working of the unOrick board. Where could I find this?"
                            }
                        ]
                    }
                ]
            }
        ],
        "thread_ts": "1613446756.001000",
        "reply_count": 1,
        "reply_users_count": 1,
        "latest_reply": "1613477382.001000",
        "reply_users": [
            "U5M5PLH9S"
        ],
        "replies": [
            {
                "user": "U5M5PLH9S",
                "ts": "1613477382.001000"
            }
        ],
        "is_locked": false,
        "subscribed": true,
        "last_read": "1613477382.001000"
    },
    {
        "type": "message",
        "subtype": "channel_join",
        "ts": "1613447981.001200",
        "user": "U01N3PNAHS9",
        "text": "<@U01N3PNAHS9> has joined the channel"
    }
]