[
    {
        "client_msg_id": "e38a83ec-c762-4cb0-8d01-1c5cbb00bb16",
        "type": "message",
        "text": "A recap here, not yet integrated timestamps <http:\/\/un0rick.cc\/goodies\/usbprobes>",
        "user": "U5M5PLH9S",
        "ts": "1617635881.007700",
        "team": "T5M5PLH8U",
        "user_team": "T5M5PLH8U",
        "source_team": "T5M5PLH8U",
        "user_profile": {
            "avatar_hash": "e4fb6ae9f526",
            "image_72": "https:\/\/avatars.slack-edge.com\/2017-06-01\/191144530514_e4fb6ae9f526531fd41c_72.jpg",
            "first_name": "",
            "real_name": "kelu",
            "display_name": "",
            "team": "T5M5PLH8U",
            "name": "kelu",
            "is_restricted": false,
            "is_ultra_restricted": false
        },
        "attachments": [
            {
                "service_name": "un0rick open hardware",
                "title": "USB Probes",
                "title_link": "http:\/\/un0rick.cc\/goodies\/usbprobes",
                "text": "un0rick is a open-source ultrasound project.",
                "fallback": "un0rick open hardware: USB Probes",
                "from_url": "http:\/\/un0rick.cc\/goodies\/usbprobes",
                "id": 1,
                "original_url": "http:\/\/un0rick.cc\/goodies\/usbprobes"
            }
        ],
        "blocks": [
            {
                "type": "rich_text",
                "block_id": "iH3tV",
                "elements": [
                    {
                        "type": "rich_text_section",
                        "elements": [
                            {
                                "type": "text",
                                "text": "A recap here, not yet integrated timestamps "
                            },
                            {
                                "type": "link",
                                "url": "http:\/\/un0rick.cc\/goodies\/usbprobes"
                            }
                        ]
                    }
                ]
            }
        ],
        "thread_ts": "1617292155.003800",
        "parent_user_id": "U5M5PLH9S"
    },
    {
        "type": "message",
        "subtype": "channel_join",
        "ts": "1617654818.008100",
        "user": "U01THH2TQTE",
        "text": "<@U01THH2TQTE> has joined the channel"
    }
]