[
    {
        "type": "message",
        "subtype": "channel_join",
        "ts": "1610203836.085400",
        "user": "U01J55ULD9U",
        "text": "<@U01J55ULD9U> has joined the channel"
    },
    {
        "client_msg_id": "232b6b1a-aef5-4301-b413-d216cd9b6006",
        "type": "message",
        "text": "Hi guys! Thanks <@U5M5PLH9S> for the invite.\n\nI'm quite new to the world of ultrasound and kinda overwhelmed.\nPretty happy to have finally found the un0rick from kelu and you guys here in this slack since I'm stuck with my work and hope you could maybe help me ^^\n\nCurrently I am working on my master thesis for the university of technology of Graz. Its goal is to make a portable ultrasound to be able to record both mechanical (ultrasound) and electrical (emg) activation of the human muscle. To be able to do that and have more flexibility than traditional PZT ultrasound probes I want to use PVDF (polyvinylidene fluoride) a piezoelectric polymer for the transducer.\nSince I am quite new to this topic, building a whole ultrasound transmit and receive circuitry is too time consuming and difficult of a task. Therefore I am very happy to have found this work, as it's the only I could find that is ready out of the box. Do other systems like the on0rick exist?\n\nBut my question is the following:\nConcerning the PVDF material I was so far able to make it  vibrate in the audible frequency range with a simple positive square wave impulse created with a frequency generator and also a micro controller. So it works with square waves I guess.\n\nBut do you know if the un0rick is suitable to drive a self made PVDF Transducer in the ultrasound range of ~1-5 MHz?\nThe problem is I would love to test it but I can't afford to buy the un0rick and then it turns out it doesn't work together with PVDF transducers, since it is still quite expensive for a masters thesis ^^'\n\nThank you so much for all your work and the inside you provide here!\n\nYours,\nMichael",
        "user": "U01J55ULD9U",
        "ts": "1610205134.100700",
        "team": "T5M5PLH8U",
        "user_team": "T5M5PLH8U",
        "source_team": "T5M5PLH8U",
        "user_profile": {
            "avatar_hash": "gc6e605db74c",
            "image_72": "https:\/\/secure.gravatar.com\/avatar\/c6e605db74c14f40292bd3b43b22ff0d.jpg?s=72&d=https%3A%2F%2Fa.slack-edge.com%2Fdf10d%2Fimg%2Favatars%2Fava_0001-72.png",
            "first_name": "",
            "real_name": "Michael",
            "display_name": "Michael",
            "team": "T5M5PLH8U",
            "name": "michael.stix",
            "is_restricted": false,
            "is_ultra_restricted": false
        },
        "blocks": [
            {
                "type": "rich_text",
                "block_id": "Gbu",
                "elements": [
                    {
                        "type": "rich_text_section",
                        "elements": [
                            {
                                "type": "text",
                                "text": "Hi guys! Thanks "
                            },
                            {
                                "type": "user",
                                "user_id": "U5M5PLH9S"
                            },
                            {
                                "type": "text",
                                "text": " for the invite.\n\nI'm quite new to the world of ultrasound and kinda overwhelmed.\nPretty happy to have finally found the un0rick from kelu and you guys here in this slack since I'm stuck with my work and hope you could maybe help me ^^\n\nCurrently I am working on my master thesis for the university of technology of Graz. Its goal is to make a portable ultrasound to be able to record both mechanical (ultrasound) and electrical (emg) activation of the human muscle. To be able to do that and have more flexibility than traditional PZT ultrasound probes I want to use PVDF (polyvinylidene fluoride) a piezoelectric polymer for the transducer.\nSince I am quite new to this topic, building a whole ultrasound transmit and receive circuitry is too time consuming and difficult of a task. Therefore I am very happy to have found this work, as it's the only I could find that is ready out of the box. Do other systems like the on0rick exist?\n\nBut my question is the following:\nConcerning the PVDF material I was so far able to make it  vibrate in the audible frequency range with a simple positive square wave impulse created with a frequency generator and also a micro controller. So it works with square waves I guess.\n\nBut do you know if the un0rick is suitable to drive a self made PVDF Transducer in the ultrasound range of ~1-5 MHz?\nThe problem is I would love to test it but I can't afford to buy the un0rick and then it turns out it doesn't work together with PVDF transducers, since it is still quite expensive for a masters thesis ^^'\n\nThank you so much for all your work and the inside you provide here!\n\nYours,\nMichael"
                            }
                        ]
                    }
                ]
            }
        ],
        "thread_ts": "1610205134.100700",
        "reply_count": 23,
        "reply_users_count": 2,
        "latest_reply": "1610527945.106300",
        "reply_users": [
            "U5M5PLH9S",
            "U01J55ULD9U"
        ],
        "replies": [
            {
                "user": "U5M5PLH9S",
                "ts": "1610209451.100800"
            },
            {
                "user": "U01J55ULD9U",
                "ts": "1610290307.101000"
            },
            {
                "user": "U5M5PLH9S",
                "ts": "1610293547.101200"
            },
            {
                "user": "U01J55ULD9U",
                "ts": "1610308369.101400"
            },
            {
                "user": "U5M5PLH9S",
                "ts": "1610351327.101700"
            },
            {
                "user": "U01J55ULD9U",
                "ts": "1610357283.101900"
            },
            {
                "user": "U01J55ULD9U",
                "ts": "1610357390.102100"
            },
            {
                "user": "U5M5PLH9S",
                "ts": "1610361173.102300"
            },
            {
                "user": "U5M5PLH9S",
                "ts": "1610361246.102500"
            },
            {
                "user": "U01J55ULD9U",
                "ts": "1610398058.102900"
            },
            {
                "user": "U5M5PLH9S",
                "ts": "1610398483.103100"
            },
            {
                "user": "U5M5PLH9S",
                "ts": "1610398562.103300"
            },
            {
                "user": "U5M5PLH9S",
                "ts": "1610398576.103500"
            },
            {
                "user": "U01J55ULD9U",
                "ts": "1610460132.104000"
            },
            {
                "user": "U5M5PLH9S",
                "ts": "1610467812.104300"
            },
            {
                "user": "U01J55ULD9U",
                "ts": "1610526063.104600"
            },
            {
                "user": "U5M5PLH9S",
                "ts": "1610527093.105000"
            },
            {
                "user": "U01J55ULD9U",
                "ts": "1610527275.105200"
            },
            {
                "user": "U01J55ULD9U",
                "ts": "1610527316.105400"
            },
            {
                "user": "U5M5PLH9S",
                "ts": "1610527388.105700"
            },
            {
                "user": "U5M5PLH9S",
                "ts": "1610527427.105900"
            },
            {
                "user": "U5M5PLH9S",
                "ts": "1610527870.106100"
            },
            {
                "user": "U5M5PLH9S",
                "ts": "1610527945.106300"
            }
        ],
        "is_locked": false,
        "subscribed": true,
        "last_read": "1610527945.106300"
    },
    {
        "client_msg_id": "8c8310c2-c213-4007-bdd5-64adfc7df2db",
        "type": "message",
        "text": "Salut <@U01J55ULD9U>! Welcome here, hope youll find what youre looking for :)\nPvdf should work, im happy to run a few tests if you share a self made sensor with me (curious too about how you made it !!).\nThe un0rick is designed to send a pulse, not necessarily sending a long wavetrain of pulses though.\nThere are a couple of other pulse echo boards (check lecoeur electronic) but they are a bit more expensive. The lit3rick is on the other hand a bit less expensive, depending on your needs, and if you need only 5v pulses.",
        "user": "U5M5PLH9S",
        "ts": "1610209451.100800",
        "team": "T5M5PLH8U",
        "user_team": "T5M5PLH8U",
        "source_team": "T5M5PLH8U",
        "user_profile": {
            "avatar_hash": "e4fb6ae9f526",
            "image_72": "https:\/\/avatars.slack-edge.com\/2017-06-01\/191144530514_e4fb6ae9f526531fd41c_72.jpg",
            "first_name": "",
            "real_name": "kelu",
            "display_name": "",
            "team": "T5M5PLH8U",
            "name": "kelu",
            "is_restricted": false,
            "is_ultra_restricted": false
        },
        "blocks": [
            {
                "type": "rich_text",
                "block_id": "Tnyf5",
                "elements": [
                    {
                        "type": "rich_text_section",
                        "elements": [
                            {
                                "type": "text",
                                "text": "Salut "
                            },
                            {
                                "type": "user",
                                "user_id": "U01J55ULD9U"
                            },
                            {
                                "type": "text",
                                "text": "! Welcome here, hope youll find what youre looking for :)\nPvdf should work, im happy to run a few tests if you share a self made sensor with me (curious too about how you made it !!).\nThe un0rick is designed to send a pulse, not necessarily sending a long wavetrain of pulses though.\nThere are a couple of other pulse echo boards (check lecoeur electronic) but they are a bit more expensive. The lit3rick is on the other hand a bit less expensive, depending on your needs, and if you need only 5v pulses."
                            }
                        ]
                    }
                ]
            }
        ],
        "thread_ts": "1610205134.100700",
        "parent_user_id": "U01J55ULD9U"
    }
]