[
    {
        "client_msg_id": "c4c11a28-106b-4e4a-b82d-df49cf2be14b",
        "type": "message",
        "text": "Came across this cool project: <https:\/\/www.alextoussaint.com\/2021-04-28_How-I-built-an-ultrasonic-3d-scanner.html>",
        "user": "U8Z3VB1T2",
        "ts": "1621215491.019500",
        "team": "T5M5PLH8U",
        "user_team": "T5M5PLH8U",
        "source_team": "T5M5PLH8U",
        "user_profile": {
            "avatar_hash": "g49ad52d7df8",
            "image_72": "https:\/\/secure.gravatar.com\/avatar\/449ad52d7df89ecbe8ebe0fd87d3f63f.jpg?s=72&d=https%3A%2F%2Fa.slack-edge.com%2Fdf10d%2Fimg%2Favatars%2Fava_0026-72.png",
            "first_name": "",
            "real_name": "William Meng",
            "display_name": "",
            "team": "T5M5PLH8U",
            "name": "wlmeng11",
            "is_restricted": false,
            "is_ultra_restricted": false
        },
        "blocks": [
            {
                "type": "rich_text",
                "block_id": "xWQ7",
                "elements": [
                    {
                        "type": "rich_text_section",
                        "elements": [
                            {
                                "type": "text",
                                "text": "Came across this cool project: "
                            },
                            {
                                "type": "link",
                                "url": "https:\/\/www.alextoussaint.com\/2021-04-28_How-I-built-an-ultrasonic-3d-scanner.html"
                            }
                        ]
                    }
                ]
            }
        ],
        "thread_ts": "1621215491.019500",
        "reply_count": 1,
        "reply_users_count": 1,
        "latest_reply": "1621277295.019600",
        "reply_users": [
            "U5M5PLH9S"
        ],
        "replies": [
            {
                "user": "U5M5PLH9S",
                "ts": "1621277295.019600"
            }
        ],
        "is_locked": false,
        "subscribed": true,
        "last_read": "1621277295.019600"
    }
]