[
    {
        "client_msg_id": "b8ce4934-c3a9-458d-b7e9-2b49aae91b15",
        "type": "message",
        "text": "Golay too - interesting ( <http:\/\/nature.com\/articles\/s41598-020-80406-x|nature.com\/articles\/s41598-020-80406-x> for some recent things)",
        "user": "U5M5PLH9S",
        "ts": "1611738112.000100",
        "team": "T5M5PLH8U",
        "user_team": "T5M5PLH8U",
        "source_team": "T5M5PLH8U",
        "user_profile": {
            "avatar_hash": "e4fb6ae9f526",
            "image_72": "https:\/\/avatars.slack-edge.com\/2017-06-01\/191144530514_e4fb6ae9f526531fd41c_72.jpg",
            "first_name": "",
            "real_name": "kelu",
            "display_name": "",
            "team": "T5M5PLH8U",
            "name": "kelu",
            "is_restricted": false,
            "is_ultra_restricted": false
        },
        "blocks": [
            {
                "type": "rich_text",
                "block_id": "272ws",
                "elements": [
                    {
                        "type": "rich_text_section",
                        "elements": [
                            {
                                "type": "text",
                                "text": "Golay too - interesting ( "
                            },
                            {
                                "type": "link",
                                "url": "http:\/\/nature.com\/articles\/s41598-020-80406-x",
                                "text": "nature.com\/articles\/s41598-020-80406-x"
                            },
                            {
                                "type": "text",
                                "text": " for some recent things)"
                            }
                        ]
                    }
                ]
            }
        ],
        "thread_ts": "1610798861.002500",
        "parent_user_id": "U01KMDLDL6L",
        "reactions": [
            {
                "name": "raised_hands",
                "users": [
                    "U8Z3VB1T2"
                ],
                "count": 1
            }
        ]
    }
]