[
    {
        "type": "message",
        "subtype": "channel_join",
        "ts": "1620126946.014900",
        "user": "U02107ARH28",
        "text": "<@U02107ARH28> has joined the channel"
    },
    {
        "client_msg_id": "1fd97467-9354-475a-a488-8480d8dbe37f",
        "type": "message",
        "text": "Salut <@U0213QGU48G>, <@U0210F18P7T> and <@U02107ARH28>, welcome here :smiley: Don't hesitate to shoot a quick intro of what is of interest to you here :smiley:",
        "user": "U5M5PLH9S",
        "ts": "1620127732.015500",
        "team": "T5M5PLH8U",
        "user_team": "T5M5PLH8U",
        "source_team": "T5M5PLH8U",
        "user_profile": {
            "avatar_hash": "e4fb6ae9f526",
            "image_72": "https:\/\/avatars.slack-edge.com\/2017-06-01\/191144530514_e4fb6ae9f526531fd41c_72.jpg",
            "first_name": "",
            "real_name": "kelu",
            "display_name": "",
            "team": "T5M5PLH8U",
            "name": "kelu",
            "is_restricted": false,
            "is_ultra_restricted": false
        },
        "blocks": [
            {
                "type": "rich_text",
                "block_id": "BYNn",
                "elements": [
                    {
                        "type": "rich_text_section",
                        "elements": [
                            {
                                "type": "text",
                                "text": "Salut "
                            },
                            {
                                "type": "user",
                                "user_id": "U0213QGU48G"
                            },
                            {
                                "type": "text",
                                "text": ", "
                            },
                            {
                                "type": "user",
                                "user_id": "U0210F18P7T"
                            },
                            {
                                "type": "text",
                                "text": " and "
                            },
                            {
                                "type": "user",
                                "user_id": "U02107ARH28"
                            },
                            {
                                "type": "text",
                                "text": ", welcome here "
                            },
                            {
                                "type": "emoji",
                                "name": "smiley"
                            },
                            {
                                "type": "text",
                                "text": " Don't hesitate to shoot a quick intro of what is of interest to you here "
                            },
                            {
                                "type": "emoji",
                                "name": "smiley"
                            }
                        ]
                    }
                ]
            }
        ]
    },
    {
        "client_msg_id": "8b820494-c41c-439b-ba04-cde11fa5d217",
        "type": "message",
        "text": "Hello everyone and <@U5M5PLH9S>! I'm working on an measuring flow process parameters with us pulse-echo (ndt related equipment\/transducers). I'm planning to investigate the un0rick and lit3rick performance for our application. :slightly_smiling_face: I will be implementing ML\/AI calibration for pulse-echo. I'm always interested in seeing related ML calibration for us transducers!\nI saw that both boards are out of stock on Tindie, any ideas when they will be available again?",
        "user": "U02107ARH28",
        "ts": "1620130201.018400",
        "team": "T5M5PLH8U",
        "user_team": "T5M5PLH8U",
        "source_team": "T5M5PLH8U",
        "user_profile": {
            "avatar_hash": "d10f3c624b40",
            "image_72": "https:\/\/avatars.slack-edge.com\/2021-05-04\/2040702829649_d10f3c624b4009820bd5_72.png",
            "first_name": "",
            "real_name": "Kristof Gladinez",
            "display_name": "Kristof Gladinez",
            "team": "T5M5PLH8U",
            "name": "kristofgladinez",
            "is_restricted": false,
            "is_ultra_restricted": false
        },
        "blocks": [
            {
                "type": "rich_text",
                "block_id": "QKK3+",
                "elements": [
                    {
                        "type": "rich_text_section",
                        "elements": [
                            {
                                "type": "text",
                                "text": "Hello everyone and "
                            },
                            {
                                "type": "user",
                                "user_id": "U5M5PLH9S"
                            },
                            {
                                "type": "text",
                                "text": "! I'm working on an measuring flow process parameters with us pulse-echo (ndt related equipment\/transducers). I'm planning to investigate the un0rick and lit3rick performance for our application. "
                            },
                            {
                                "type": "emoji",
                                "name": "slightly_smiling_face"
                            },
                            {
                                "type": "text",
                                "text": " I will be implementing ML\/AI calibration for pulse-echo. I'm always interested in seeing related ML calibration for us transducers!\nI saw that both boards are out of stock on Tindie, any ideas when they will be available again?"
                            }
                        ]
                    }
                ]
            }
        ],
        "thread_ts": "1620130201.018400",
        "reply_count": 3,
        "reply_users_count": 2,
        "latest_reply": "1620151500.019000",
        "reply_users": [
            "U5M5PLH9S",
            "U02107ARH28"
        ],
        "replies": [
            {
                "user": "U5M5PLH9S",
                "ts": "1620144920.018500"
            },
            {
                "user": "U02107ARH28",
                "ts": "1620150566.018700"
            },
            {
                "user": "U5M5PLH9S",
                "ts": "1620151500.019000"
            }
        ],
        "is_locked": false,
        "subscribed": true,
        "last_read": "1620151500.019000"
    },
    {
        "client_msg_id": "ff78066f-cad0-440b-bba1-9c760459bc03",
        "type": "message",
        "text": "Arf. Lit3rick is out of stock but un0rick should not. Will amend this .",
        "user": "U5M5PLH9S",
        "ts": "1620144920.018500",
        "team": "T5M5PLH8U",
        "user_team": "T5M5PLH8U",
        "source_team": "T5M5PLH8U",
        "user_profile": {
            "avatar_hash": "e4fb6ae9f526",
            "image_72": "https:\/\/avatars.slack-edge.com\/2017-06-01\/191144530514_e4fb6ae9f526531fd41c_72.jpg",
            "first_name": "",
            "real_name": "kelu",
            "display_name": "",
            "team": "T5M5PLH8U",
            "name": "kelu",
            "is_restricted": false,
            "is_ultra_restricted": false
        },
        "blocks": [
            {
                "type": "rich_text",
                "block_id": "vYPj",
                "elements": [
                    {
                        "type": "rich_text_section",
                        "elements": [
                            {
                                "type": "text",
                                "text": "Arf. Lit3rick is out of stock but un0rick should not. Will amend this ."
                            }
                        ]
                    }
                ]
            }
        ],
        "thread_ts": "1620130201.018400",
        "parent_user_id": "U02107ARH28"
    },
    {
        "client_msg_id": "82d8583c-dd44-434a-8a40-e4e23e555402",
        "type": "message",
        "text": "Thanks!",
        "user": "U02107ARH28",
        "ts": "1620150566.018700",
        "team": "T5M5PLH8U",
        "user_team": "T5M5PLH8U",
        "source_team": "T5M5PLH8U",
        "user_profile": {
            "avatar_hash": "d10f3c624b40",
            "image_72": "https:\/\/avatars.slack-edge.com\/2021-05-04\/2040702829649_d10f3c624b4009820bd5_72.png",
            "first_name": "",
            "real_name": "Kristof Gladinez",
            "display_name": "Kristof Gladinez",
            "team": "T5M5PLH8U",
            "name": "kristofgladinez",
            "is_restricted": false,
            "is_ultra_restricted": false
        },
        "edited": {
            "user": "U02107ARH28",
            "ts": "1620150590.000000"
        },
        "blocks": [
            {
                "type": "rich_text",
                "block_id": "u0f1w",
                "elements": [
                    {
                        "type": "rich_text_section",
                        "elements": [
                            {
                                "type": "text",
                                "text": "Thanks!"
                            }
                        ]
                    }
                ]
            }
        ],
        "thread_ts": "1620130201.018400",
        "parent_user_id": "U02107ARH28"
    },
    {
        "client_msg_id": "5d4a5ca0-b535-4ea4-b925-cd64dc14e1e0",
        "type": "message",
        "text": "And... that's updated.",
        "user": "U5M5PLH9S",
        "ts": "1620151500.019000",
        "team": "T5M5PLH8U",
        "user_team": "T5M5PLH8U",
        "source_team": "T5M5PLH8U",
        "user_profile": {
            "avatar_hash": "e4fb6ae9f526",
            "image_72": "https:\/\/avatars.slack-edge.com\/2017-06-01\/191144530514_e4fb6ae9f526531fd41c_72.jpg",
            "first_name": "",
            "real_name": "kelu",
            "display_name": "",
            "team": "T5M5PLH8U",
            "name": "kelu",
            "is_restricted": false,
            "is_ultra_restricted": false
        },
        "blocks": [
            {
                "type": "rich_text",
                "block_id": "o1I0",
                "elements": [
                    {
                        "type": "rich_text_section",
                        "elements": [
                            {
                                "type": "text",
                                "text": "And... that's updated."
                            }
                        ]
                    }
                ]
            }
        ],
        "thread_ts": "1620130201.018400",
        "parent_user_id": "U02107ARH28"
    }
]