[
    {
        "type": "message",
        "text": "Hey channel, not really linked to open source hardware (maybe at one stage ?), but playing around with \"cheap\" linear usb probes, I managed to find a way to control one from a purely USB-based API, here's the first frame.. not really sexy so far, but hey, one can get images straight from the probe :wink:\nAny use for controllable probes anyone?",
        "files": [
            {
                "id": "F01QEJC3JBG",
                "created": 1615284143,
                "timestamp": 1615284143,
                "name": "probe_linear.jpeg",
                "title": "probe_linear.jpeg",
                "mimetype": "image\/jpeg",
                "filetype": "jpg",
                "pretty_type": "JPEG",
                "user": "U5M5PLH9S",
                "editable": false,
                "size": 158014,
                "mode": "hosted",
                "is_external": false,
                "external_type": "",
                "is_public": true,
                "public_url_shared": false,
                "display_as_bot": false,
                "username": "",
                "url_private": "https:\/\/files.slack.com\/files-pri\/T5M5PLH8U-F01QEJC3JBG\/probe_linear.jpeg?t=xoxe-191193697300-2381439834979-2387440767812-d973f70d679d3caabfeb15fb25f95fa2",
                "url_private_download": "https:\/\/files.slack.com\/files-pri\/T5M5PLH8U-F01QEJC3JBG\/download\/probe_linear.jpeg?t=xoxe-191193697300-2381439834979-2387440767812-d973f70d679d3caabfeb15fb25f95fa2",
                "media_display_type": "unknown",
                "thumb_64": "https:\/\/files.slack.com\/files-tmb\/T5M5PLH8U-F01QEJC3JBG-6ca62e79bb\/probe_linear_64.jpg?t=xoxe-191193697300-2381439834979-2387440767812-d973f70d679d3caabfeb15fb25f95fa2",
                "thumb_80": "https:\/\/files.slack.com\/files-tmb\/T5M5PLH8U-F01QEJC3JBG-6ca62e79bb\/probe_linear_80.jpg?t=xoxe-191193697300-2381439834979-2387440767812-d973f70d679d3caabfeb15fb25f95fa2",
                "thumb_360": "https:\/\/files.slack.com\/files-tmb\/T5M5PLH8U-F01QEJC3JBG-6ca62e79bb\/probe_linear_360.jpg?t=xoxe-191193697300-2381439834979-2387440767812-d973f70d679d3caabfeb15fb25f95fa2",
                "thumb_360_w": 360,
                "thumb_360_h": 360,
                "thumb_480": "https:\/\/files.slack.com\/files-tmb\/T5M5PLH8U-F01QEJC3JBG-6ca62e79bb\/probe_linear_480.jpg?t=xoxe-191193697300-2381439834979-2387440767812-d973f70d679d3caabfeb15fb25f95fa2",
                "thumb_480_w": 480,
                "thumb_480_h": 480,
                "thumb_160": "https:\/\/files.slack.com\/files-tmb\/T5M5PLH8U-F01QEJC3JBG-6ca62e79bb\/probe_linear_160.jpg?t=xoxe-191193697300-2381439834979-2387440767812-d973f70d679d3caabfeb15fb25f95fa2",
                "thumb_720": "https:\/\/files.slack.com\/files-tmb\/T5M5PLH8U-F01QEJC3JBG-6ca62e79bb\/probe_linear_720.jpg?t=xoxe-191193697300-2381439834979-2387440767812-d973f70d679d3caabfeb15fb25f95fa2",
                "thumb_720_w": 720,
                "thumb_720_h": 720,
                "thumb_800": "https:\/\/files.slack.com\/files-tmb\/T5M5PLH8U-F01QEJC3JBG-6ca62e79bb\/probe_linear_800.jpg?t=xoxe-191193697300-2381439834979-2387440767812-d973f70d679d3caabfeb15fb25f95fa2",
                "thumb_800_w": 800,
                "thumb_800_h": 800,
                "thumb_960": "https:\/\/files.slack.com\/files-tmb\/T5M5PLH8U-F01QEJC3JBG-6ca62e79bb\/probe_linear_960.jpg?t=xoxe-191193697300-2381439834979-2387440767812-d973f70d679d3caabfeb15fb25f95fa2",
                "thumb_960_w": 960,
                "thumb_960_h": 960,
                "thumb_1024": "https:\/\/files.slack.com\/files-tmb\/T5M5PLH8U-F01QEJC3JBG-6ca62e79bb\/probe_linear_1024.jpg?t=xoxe-191193697300-2381439834979-2387440767812-d973f70d679d3caabfeb15fb25f95fa2",
                "thumb_1024_w": 1024,
                "thumb_1024_h": 1024,
                "original_w": 1080,
                "original_h": 1080,
                "thumb_tiny": "AwAwADDSZgi7j0qP7RH6n8qZfnbaOR7fzrI800AbX2mP1P5UfaY\/U\/lWKJTnoKPOb2pgbX2mP1P5U9JFkBKnpWH5zegrR0xi0Tk\/3v6UASaj\/wAeUn4fzrErb1D\/AI8pPw\/nWLSASilooAStXSf9Q\/8Avf0rLrV0n\/UP\/vf0oAl1D\/jzk\/D+dY1dBJGsqFHGVPaoPsFv\/wA8\/wBTQBjUVs\/YLf8A55\/qaPsFv\/zz\/U0AY1amlf6l\/wDe\/pUv2C3\/AOef6mpooY4VIjXAJz1oA\/\/Z",
                "permalink": "https:\/\/usdevkit.slack.com\/files\/U5M5PLH9S\/F01QEJC3JBG\/probe_linear.jpeg",
                "permalink_public": "https:\/\/slack-files.com\/T5M5PLH8U-F01QEJC3JBG-af46c01edd",
                "is_starred": false,
                "has_rich_preview": false
            }
        ],
        "upload": false,
        "blocks": [
            {
                "type": "rich_text",
                "block_id": "qPZ",
                "elements": [
                    {
                        "type": "rich_text_section",
                        "elements": [
                            {
                                "type": "text",
                                "text": "Hey channel, not really linked to open source hardware (maybe at one stage ?), but playing around with \"cheap\" linear usb probes, I managed to find a way to control one from a purely USB-based API, here's the first frame.. not really sexy so far, but hey, one can get images straight from the probe "
                            },
                            {
                                "type": "emoji",
                                "name": "wink"
                            },
                            {
                                "type": "text",
                                "text": "\nAny use for controllable probes anyone?"
                            }
                        ]
                    }
                ]
            }
        ],
        "user": "U5M5PLH9S",
        "display_as_bot": false,
        "ts": "1615284297.002800",
        "edited": {
            "user": "U5M5PLH9S",
            "ts": "1615284321.000000"
        },
        "thread_ts": "1615284297.002800",
        "reply_count": 17,
        "reply_users_count": 3,
        "latest_reply": "1615569297.003700",
        "reply_users": [
            "U5M5PLH9S",
            "U8Z3VB1T2",
            "U01N3PNAHS9"
        ],
        "replies": [
            {
                "user": "U5M5PLH9S",
                "ts": "1615286361.003200"
            },
            {
                "user": "U8Z3VB1T2",
                "ts": "1615322757.003700"
            },
            {
                "user": "U5M5PLH9S",
                "ts": "1615325714.003900"
            },
            {
                "user": "U5M5PLH9S",
                "ts": "1615327910.004100"
            },
            {
                "user": "U5M5PLH9S",
                "ts": "1615327978.004300"
            },
            {
                "user": "U5M5PLH9S",
                "ts": "1615328121.004500"
            },
            {
                "user": "U8Z3VB1T2",
                "ts": "1615336663.006100"
            },
            {
                "user": "U01N3PNAHS9",
                "ts": "1615344101.006300"
            },
            {
                "user": "U5M5PLH9S",
                "ts": "1615353232.006700"
            },
            {
                "user": "U5M5PLH9S",
                "ts": "1615353322.006900"
            },
            {
                "user": "U5M5PLH9S",
                "ts": "1615353377.007100"
            },
            {
                "user": "U5M5PLH9S",
                "ts": "1615473533.000100"
            },
            {
                "user": "U5M5PLH9S",
                "ts": "1615473646.000300"
            },
            {
                "user": "U5M5PLH9S",
                "ts": "1615478196.000700"
            },
            {
                "user": "U5M5PLH9S",
                "ts": "1615485094.001100"
            },
            {
                "user": "U01N3PNAHS9",
                "ts": "1615567770.003500"
            },
            {
                "user": "U5M5PLH9S",
                "ts": "1615569297.003700"
            }
        ],
        "is_locked": false,
        "subscribed": true,
        "last_read": "1615569297.003700"
    },
    {
        "client_msg_id": "2722a762-b63f-4512-aa22-0b99aecd6da2",
        "type": "message",
        "text": "I'm working on pcaps to try and analyse\/understand the comms protocol, if anyone is interested I have a couple of capture files ;)",
        "user": "U5M5PLH9S",
        "ts": "1615286361.003200",
        "team": "T5M5PLH8U",
        "user_team": "T5M5PLH8U",
        "source_team": "T5M5PLH8U",
        "user_profile": {
            "avatar_hash": "e4fb6ae9f526",
            "image_72": "https:\/\/avatars.slack-edge.com\/2017-06-01\/191144530514_e4fb6ae9f526531fd41c_72.jpg",
            "first_name": "",
            "real_name": "kelu",
            "display_name": "",
            "team": "T5M5PLH8U",
            "name": "kelu",
            "is_restricted": false,
            "is_ultra_restricted": false
        },
        "blocks": [
            {
                "type": "rich_text",
                "block_id": "wTa",
                "elements": [
                    {
                        "type": "rich_text_section",
                        "elements": [
                            {
                                "type": "text",
                                "text": "I'm working on pcaps to try and analyse\/understand the comms protocol, if anyone is interested I have a couple of capture files ;)"
                            }
                        ]
                    }
                ]
            }
        ],
        "thread_ts": "1615284297.002800",
        "parent_user_id": "U5M5PLH9S"
    },
    {
        "client_msg_id": "6FA6DE4B-0077-4631-BB7C-DB97FF48603B",
        "type": "message",
        "text": "Very cool! How many elements is the array? ",
        "user": "U8Z3VB1T2",
        "ts": "1615322757.003700",
        "team": "T5M5PLH8U",
        "user_team": "T5M5PLH8U",
        "source_team": "T5M5PLH8U",
        "user_profile": {
            "avatar_hash": "g49ad52d7df8",
            "image_72": "https:\/\/secure.gravatar.com\/avatar\/449ad52d7df89ecbe8ebe0fd87d3f63f.jpg?s=72&d=https%3A%2F%2Fa.slack-edge.com%2Fdf10d%2Fimg%2Favatars%2Fava_0026-72.png",
            "first_name": "",
            "real_name": "William Meng",
            "display_name": "",
            "team": "T5M5PLH8U",
            "name": "wlmeng11",
            "is_restricted": false,
            "is_ultra_restricted": false
        },
        "blocks": [
            {
                "type": "rich_text",
                "block_id": "8=qT",
                "elements": [
                    {
                        "type": "rich_text_section",
                        "elements": [
                            {
                                "type": "text",
                                "text": "Very cool! How many elements is the array? "
                            }
                        ]
                    }
                ]
            }
        ],
        "thread_ts": "1615284297.002800",
        "parent_user_id": "U5M5PLH9S"
    },
    {
        "client_msg_id": "972c6139-d49a-47c6-b5c9-a336419f8a09",
        "type": "message",
        "text": "80 I believe",
        "user": "U5M5PLH9S",
        "ts": "1615325714.003900",
        "team": "T5M5PLH8U",
        "user_team": "T5M5PLH8U",
        "source_team": "T5M5PLH8U",
        "user_profile": {
            "avatar_hash": "e4fb6ae9f526",
            "image_72": "https:\/\/avatars.slack-edge.com\/2017-06-01\/191144530514_e4fb6ae9f526531fd41c_72.jpg",
            "first_name": "",
            "real_name": "kelu",
            "display_name": "",
            "team": "T5M5PLH8U",
            "name": "kelu",
            "is_restricted": false,
            "is_ultra_restricted": false
        },
        "blocks": [
            {
                "type": "rich_text",
                "block_id": "Jv9S",
                "elements": [
                    {
                        "type": "rich_text_section",
                        "elements": [
                            {
                                "type": "text",
                                "text": "80 I believe"
                            }
                        ]
                    }
                ]
            }
        ],
        "thread_ts": "1615284297.002800",
        "parent_user_id": "U5M5PLH9S"
    },
    {
        "client_msg_id": "893ce8ae-60cb-4d34-9c12-fad51b1ac9fc",
        "type": "message",
        "text": "The \"good\" thing I believe is that the protocol should be the same for all probes within the family. That means that with proper care, one would even recycle the code with bigger arrays probes :smiley:",
        "user": "U5M5PLH9S",
        "ts": "1615327910.004100",
        "team": "T5M5PLH8U",
        "user_team": "T5M5PLH8U",
        "source_team": "T5M5PLH8U",
        "user_profile": {
            "avatar_hash": "e4fb6ae9f526",
            "image_72": "https:\/\/avatars.slack-edge.com\/2017-06-01\/191144530514_e4fb6ae9f526531fd41c_72.jpg",
            "first_name": "",
            "real_name": "kelu",
            "display_name": "",
            "team": "T5M5PLH8U",
            "name": "kelu",
            "is_restricted": false,
            "is_ultra_restricted": false
        },
        "blocks": [
            {
                "type": "rich_text",
                "block_id": "4PK",
                "elements": [
                    {
                        "type": "rich_text_section",
                        "elements": [
                            {
                                "type": "text",
                                "text": "The \"good\" thing I believe is that the protocol should be the same for all probes within the family. That means that with proper care, one would even recycle the code with bigger arrays probes "
                            },
                            {
                                "type": "emoji",
                                "name": "smiley"
                            }
                        ]
                    }
                ]
            }
        ],
        "thread_ts": "1615284297.002800",
        "parent_user_id": "U5M5PLH9S"
    },
    {
        "client_msg_id": "475d1efe-a8aa-4df4-8602-f2967f7ac0db",
        "type": "message",
        "text": "Hacking through the usb packets, i'm getting most of it, but there's a 4x4096bits array I can't seem to understand.",
        "user": "U5M5PLH9S",
        "ts": "1615327978.004300",
        "team": "T5M5PLH8U",
        "user_team": "T5M5PLH8U",
        "source_team": "T5M5PLH8U",
        "user_profile": {
            "avatar_hash": "e4fb6ae9f526",
            "image_72": "https:\/\/avatars.slack-edge.com\/2017-06-01\/191144530514_e4fb6ae9f526531fd41c_72.jpg",
            "first_name": "",
            "real_name": "kelu",
            "display_name": "",
            "team": "T5M5PLH8U",
            "name": "kelu",
            "is_restricted": false,
            "is_ultra_restricted": false
        },
        "blocks": [
            {
                "type": "rich_text",
                "block_id": "8MvT",
                "elements": [
                    {
                        "type": "rich_text_section",
                        "elements": [
                            {
                                "type": "text",
                                "text": "Hacking through the usb packets, i'm getting most of it, but there's a 4x4096bits array I can't seem to understand."
                            }
                        ]
                    }
                ]
            }
        ],
        "thread_ts": "1615284297.002800",
        "parent_user_id": "U5M5PLH9S"
    },
    {
        "client_msg_id": "0b2df7fb-3d8f-4c04-8215-82c7e0b35627",
        "type": "message",
        "text": "512px long for 40mm depth here",
        "user": "U5M5PLH9S",
        "ts": "1615328121.004500",
        "team": "T5M5PLH8U",
        "user_team": "T5M5PLH8U",
        "source_team": "T5M5PLH8U",
        "user_profile": {
            "avatar_hash": "e4fb6ae9f526",
            "image_72": "https:\/\/avatars.slack-edge.com\/2017-06-01\/191144530514_e4fb6ae9f526531fd41c_72.jpg",
            "first_name": "",
            "real_name": "kelu",
            "display_name": "",
            "team": "T5M5PLH8U",
            "name": "kelu",
            "is_restricted": false,
            "is_ultra_restricted": false
        },
        "blocks": [
            {
                "type": "rich_text",
                "block_id": "W1+",
                "elements": [
                    {
                        "type": "rich_text_section",
                        "elements": [
                            {
                                "type": "text",
                                "text": "512px long for 40mm depth here"
                            }
                        ]
                    }
                ]
            }
        ],
        "thread_ts": "1615284297.002800",
        "parent_user_id": "U5M5PLH9S"
    },
    {
        "client_msg_id": "87b0143d-1c69-47c2-a31f-f97eb8f1568e",
        "type": "message",
        "text": "Nice work here Luc! We'll have to try this",
        "user": "U01N3PNAHS9",
        "ts": "1615335318.005100",
        "team": "T5M5PLH8U",
        "user_team": "T5M5PLH8U",
        "source_team": "T5M5PLH8U",
        "user_profile": {
            "avatar_hash": "96f2f41bd32d",
            "image_72": "https:\/\/avatars.slack-edge.com\/2021-02-15\/1761057808980_96f2f41bd32d3c2b97ec_72.jpg",
            "first_name": "",
            "real_name": "lewis mcfadyen",
            "display_name": "lewis mcfadyen",
            "team": "T5M5PLH8U",
            "name": "lewismcfadyen",
            "is_restricted": false,
            "is_ultra_restricted": false
        },
        "blocks": [
            {
                "type": "rich_text",
                "block_id": "rVT",
                "elements": [
                    {
                        "type": "rich_text_section",
                        "elements": [
                            {
                                "type": "text",
                                "text": "Nice work here Luc! We'll have to try this"
                            }
                        ]
                    }
                ]
            }
        ]
    },
    {
        "client_msg_id": "729a7cfc-0f6b-46a0-b1a9-5ad771845ddc",
        "type": "message",
        "text": "Just need our probe to arrive so we can connect to our un0rick board!",
        "user": "U01N3PNAHS9",
        "ts": "1615335479.006000",
        "team": "T5M5PLH8U",
        "user_team": "T5M5PLH8U",
        "source_team": "T5M5PLH8U",
        "user_profile": {
            "avatar_hash": "96f2f41bd32d",
            "image_72": "https:\/\/avatars.slack-edge.com\/2021-02-15\/1761057808980_96f2f41bd32d3c2b97ec_72.jpg",
            "first_name": "",
            "real_name": "lewis mcfadyen",
            "display_name": "lewis mcfadyen",
            "team": "T5M5PLH8U",
            "name": "lewismcfadyen",
            "is_restricted": false,
            "is_ultra_restricted": false
        },
        "blocks": [
            {
                "type": "rich_text",
                "block_id": "TK+hR",
                "elements": [
                    {
                        "type": "rich_text_section",
                        "elements": [
                            {
                                "type": "text",
                                "text": "Just need our probe to arrive so we can connect to our un0rick board!"
                            }
                        ]
                    }
                ]
            }
        ],
        "reactions": [
            {
                "name": "raised_hands",
                "users": [
                    "U5M5PLH9S"
                ],
                "count": 1
            }
        ]
    },
    {
        "client_msg_id": "af552c8e-6b5e-45fc-9693-5fa865155166",
        "type": "message",
        "text": "Oooh very nice, hopefully we can try out some beamforming algorithms with this!! :smile:",
        "user": "U8Z3VB1T2",
        "ts": "1615336663.006100",
        "team": "T5M5PLH8U",
        "user_team": "T5M5PLH8U",
        "source_team": "T5M5PLH8U",
        "user_profile": {
            "avatar_hash": "g49ad52d7df8",
            "image_72": "https:\/\/secure.gravatar.com\/avatar\/449ad52d7df89ecbe8ebe0fd87d3f63f.jpg?s=72&d=https%3A%2F%2Fa.slack-edge.com%2Fdf10d%2Fimg%2Favatars%2Fava_0026-72.png",
            "first_name": "",
            "real_name": "William Meng",
            "display_name": "",
            "team": "T5M5PLH8U",
            "name": "wlmeng11",
            "is_restricted": false,
            "is_ultra_restricted": false
        },
        "blocks": [
            {
                "type": "rich_text",
                "block_id": "oFWM",
                "elements": [
                    {
                        "type": "rich_text_section",
                        "elements": [
                            {
                                "type": "text",
                                "text": "Oooh very nice, hopefully we can try out some beamforming algorithms with this!! "
                            },
                            {
                                "type": "emoji",
                                "name": "smile"
                            }
                        ]
                    }
                ]
            }
        ],
        "thread_ts": "1615284297.002800",
        "parent_user_id": "U5M5PLH9S"
    },
    {
        "client_msg_id": "cd831b98-649f-49eb-bfdd-c03daf7eb713",
        "type": "message",
        "text": "great idea.",
        "user": "U01N3PNAHS9",
        "ts": "1615344101.006300",
        "team": "T5M5PLH8U",
        "user_team": "T5M5PLH8U",
        "source_team": "T5M5PLH8U",
        "user_profile": {
            "avatar_hash": "96f2f41bd32d",
            "image_72": "https:\/\/avatars.slack-edge.com\/2021-02-15\/1761057808980_96f2f41bd32d3c2b97ec_72.jpg",
            "first_name": "",
            "real_name": "lewis mcfadyen",
            "display_name": "lewis mcfadyen",
            "team": "T5M5PLH8U",
            "name": "lewismcfadyen",
            "is_restricted": false,
            "is_ultra_restricted": false
        },
        "blocks": [
            {
                "type": "rich_text",
                "block_id": "8QGo",
                "elements": [
                    {
                        "type": "rich_text_section",
                        "elements": [
                            {
                                "type": "text",
                                "text": "great idea."
                            }
                        ]
                    }
                ]
            }
        ],
        "thread_ts": "1615284297.002800",
        "parent_user_id": "U5M5PLH9S"
    },
    {
        "client_msg_id": "1709310e-077a-40dd-8bd2-b7156f8f18c1",
        "type": "message",
        "text": "two tricks here, one is I'm unsure of the fpga inside and existing connections, and second I'm unsure about how the delays are calculated - it sends back a preformed image.",
        "user": "U5M5PLH9S",
        "ts": "1615353232.006700",
        "team": "T5M5PLH8U",
        "user_team": "T5M5PLH8U",
        "source_team": "T5M5PLH8U",
        "user_profile": {
            "avatar_hash": "e4fb6ae9f526",
            "image_72": "https:\/\/avatars.slack-edge.com\/2017-06-01\/191144530514_e4fb6ae9f526531fd41c_72.jpg",
            "first_name": "",
            "real_name": "kelu",
            "display_name": "",
            "team": "T5M5PLH8U",
            "name": "kelu",
            "is_restricted": false,
            "is_ultra_restricted": false
        },
        "blocks": [
            {
                "type": "rich_text",
                "block_id": "jzXyV",
                "elements": [
                    {
                        "type": "rich_text_section",
                        "elements": [
                            {
                                "type": "text",
                                "text": "two tricks here, one is I'm unsure of the fpga inside and existing connections, and second I'm unsure about how the delays are calculated - it sends back a preformed image."
                            }
                        ]
                    }
                ]
            }
        ],
        "thread_ts": "1615284297.002800",
        "parent_user_id": "U5M5PLH9S"
    },
    {
        "client_msg_id": "30a2a69c-469d-494c-854d-dfcecac2ec28",
        "type": "message",
        "text": "But, there are some IQ parameters in the setup file, as well as a 80*12byte array, which could be beaformer parameters :wink:",
        "user": "U5M5PLH9S",
        "ts": "1615353322.006900",
        "team": "T5M5PLH8U",
        "user_team": "T5M5PLH8U",
        "source_team": "T5M5PLH8U",
        "user_profile": {
            "avatar_hash": "e4fb6ae9f526",
            "image_72": "https:\/\/avatars.slack-edge.com\/2017-06-01\/191144530514_e4fb6ae9f526531fd41c_72.jpg",
            "first_name": "",
            "real_name": "kelu",
            "display_name": "",
            "team": "T5M5PLH8U",
            "name": "kelu",
            "is_restricted": false,
            "is_ultra_restricted": false
        },
        "blocks": [
            {
                "type": "rich_text",
                "block_id": "9yyoK",
                "elements": [
                    {
                        "type": "rich_text_section",
                        "elements": [
                            {
                                "type": "text",
                                "text": "But, there are some IQ parameters in the setup file, as well as a 80*12byte array, which could be beaformer parameters "
                            },
                            {
                                "type": "emoji",
                                "name": "wink"
                            }
                        ]
                    }
                ]
            }
        ],
        "thread_ts": "1615284297.002800",
        "parent_user_id": "U5M5PLH9S"
    },
    {
        "client_msg_id": "90505f09-92b9-4410-9abc-7ca830cb58c2",
        "type": "message",
        "text": "Been discussing with the OEM to free the fpga code, not there yet :sweat_smile:",
        "user": "U5M5PLH9S",
        "ts": "1615353377.007100",
        "team": "T5M5PLH8U",
        "user_team": "T5M5PLH8U",
        "source_team": "T5M5PLH8U",
        "user_profile": {
            "avatar_hash": "e4fb6ae9f526",
            "image_72": "https:\/\/avatars.slack-edge.com\/2017-06-01\/191144530514_e4fb6ae9f526531fd41c_72.jpg",
            "first_name": "",
            "real_name": "kelu",
            "display_name": "",
            "team": "T5M5PLH8U",
            "name": "kelu",
            "is_restricted": false,
            "is_ultra_restricted": false
        },
        "blocks": [
            {
                "type": "rich_text",
                "block_id": "\/Op",
                "elements": [
                    {
                        "type": "rich_text_section",
                        "elements": [
                            {
                                "type": "text",
                                "text": "Been discussing with the OEM to free the fpga code, not there yet "
                            },
                            {
                                "type": "emoji",
                                "name": "sweat_smile"
                            }
                        ]
                    }
                ]
            }
        ],
        "thread_ts": "1615284297.002800",
        "parent_user_id": "U5M5PLH9S"
    }
]