[
    {
        "type": "message",
        "text": "With the documentation, managed to get clean echoes with an annular transducer ( <https:\/\/github.com\/kelu124\/max14866> ) using a piezo with 5 elements =)",
        "files": [
            {
                "id": "F01VD23JRNE",
                "created": 1619385882,
                "timestamp": 1619385882,
                "name": "image.png",
                "title": "image.png",
                "mimetype": "image\/png",
                "filetype": "png",
                "pretty_type": "PNG",
                "user": "U5M5PLH9S",
                "editable": false,
                "size": 269212,
                "mode": "hosted",
                "is_external": false,
                "external_type": "",
                "is_public": true,
                "public_url_shared": false,
                "display_as_bot": false,
                "username": "",
                "url_private": "https:\/\/files.slack.com\/files-pri\/T5M5PLH8U-F01VD23JRNE\/image.png?t=xoxe-191193697300-2381439834979-2387440767812-d973f70d679d3caabfeb15fb25f95fa2",
                "url_private_download": "https:\/\/files.slack.com\/files-pri\/T5M5PLH8U-F01VD23JRNE\/download\/image.png?t=xoxe-191193697300-2381439834979-2387440767812-d973f70d679d3caabfeb15fb25f95fa2",
                "media_display_type": "unknown",
                "thumb_64": "https:\/\/files.slack.com\/files-tmb\/T5M5PLH8U-F01VD23JRNE-d4fe40d616\/image_64.png?t=xoxe-191193697300-2381439834979-2387440767812-d973f70d679d3caabfeb15fb25f95fa2",
                "thumb_80": "https:\/\/files.slack.com\/files-tmb\/T5M5PLH8U-F01VD23JRNE-d4fe40d616\/image_80.png?t=xoxe-191193697300-2381439834979-2387440767812-d973f70d679d3caabfeb15fb25f95fa2",
                "thumb_360": "https:\/\/files.slack.com\/files-tmb\/T5M5PLH8U-F01VD23JRNE-d4fe40d616\/image_360.png?t=xoxe-191193697300-2381439834979-2387440767812-d973f70d679d3caabfeb15fb25f95fa2",
                "thumb_360_w": 360,
                "thumb_360_h": 192,
                "thumb_480": "https:\/\/files.slack.com\/files-tmb\/T5M5PLH8U-F01VD23JRNE-d4fe40d616\/image_480.png?t=xoxe-191193697300-2381439834979-2387440767812-d973f70d679d3caabfeb15fb25f95fa2",
                "thumb_480_w": 480,
                "thumb_480_h": 256,
                "thumb_160": "https:\/\/files.slack.com\/files-tmb\/T5M5PLH8U-F01VD23JRNE-d4fe40d616\/image_160.png?t=xoxe-191193697300-2381439834979-2387440767812-d973f70d679d3caabfeb15fb25f95fa2",
                "thumb_720": "https:\/\/files.slack.com\/files-tmb\/T5M5PLH8U-F01VD23JRNE-d4fe40d616\/image_720.png?t=xoxe-191193697300-2381439834979-2387440767812-d973f70d679d3caabfeb15fb25f95fa2",
                "thumb_720_w": 720,
                "thumb_720_h": 384,
                "thumb_800": "https:\/\/files.slack.com\/files-tmb\/T5M5PLH8U-F01VD23JRNE-d4fe40d616\/image_800.png?t=xoxe-191193697300-2381439834979-2387440767812-d973f70d679d3caabfeb15fb25f95fa2",
                "thumb_800_w": 800,
                "thumb_800_h": 427,
                "thumb_960": "https:\/\/files.slack.com\/files-tmb\/T5M5PLH8U-F01VD23JRNE-d4fe40d616\/image_960.png?t=xoxe-191193697300-2381439834979-2387440767812-d973f70d679d3caabfeb15fb25f95fa2",
                "thumb_960_w": 960,
                "thumb_960_h": 512,
                "thumb_1024": "https:\/\/files.slack.com\/files-tmb\/T5M5PLH8U-F01VD23JRNE-d4fe40d616\/image_1024.png?t=xoxe-191193697300-2381439834979-2387440767812-d973f70d679d3caabfeb15fb25f95fa2",
                "thumb_1024_w": 1024,
                "thumb_1024_h": 546,
                "original_w": 1080,
                "original_h": 576,
                "thumb_tiny": "AwAZADDTpu\/5gPU4pxqm\/mibhf4+PyoGlcufjRj3qMNJv5QYx60rM+OE7jvQIceBQh3DJppZuPl4780sf3aAHU0jLKfQ06igAo60UUAIeRQowKWigD\/\/2Q==",
                "permalink": "https:\/\/usdevkit.slack.com\/files\/U5M5PLH9S\/F01VD23JRNE\/image.png",
                "permalink_public": "https:\/\/slack-files.com\/T5M5PLH8U-F01VD23JRNE-ae901fafdf",
                "is_starred": false,
                "has_rich_preview": false
            },
            {
                "id": "F01VD23LERY",
                "created": 1619385888,
                "timestamp": 1619385888,
                "name": "image.png",
                "title": "image.png",
                "mimetype": "image\/png",
                "filetype": "png",
                "pretty_type": "PNG",
                "user": "U5M5PLH9S",
                "editable": false,
                "size": 77539,
                "mode": "hosted",
                "is_external": false,
                "external_type": "",
                "is_public": true,
                "public_url_shared": false,
                "display_as_bot": false,
                "username": "",
                "url_private": "https:\/\/files.slack.com\/files-pri\/T5M5PLH8U-F01VD23LERY\/image.png?t=xoxe-191193697300-2381439834979-2387440767812-d973f70d679d3caabfeb15fb25f95fa2",
                "url_private_download": "https:\/\/files.slack.com\/files-pri\/T5M5PLH8U-F01VD23LERY\/download\/image.png?t=xoxe-191193697300-2381439834979-2387440767812-d973f70d679d3caabfeb15fb25f95fa2",
                "media_display_type": "unknown",
                "thumb_64": "https:\/\/files.slack.com\/files-tmb\/T5M5PLH8U-F01VD23LERY-a0b4b44329\/image_64.png?t=xoxe-191193697300-2381439834979-2387440767812-d973f70d679d3caabfeb15fb25f95fa2",
                "thumb_80": "https:\/\/files.slack.com\/files-tmb\/T5M5PLH8U-F01VD23LERY-a0b4b44329\/image_80.png?t=xoxe-191193697300-2381439834979-2387440767812-d973f70d679d3caabfeb15fb25f95fa2",
                "thumb_360": "https:\/\/files.slack.com\/files-tmb\/T5M5PLH8U-F01VD23LERY-a0b4b44329\/image_360.png?t=xoxe-191193697300-2381439834979-2387440767812-d973f70d679d3caabfeb15fb25f95fa2",
                "thumb_360_w": 360,
                "thumb_360_h": 120,
                "thumb_480": "https:\/\/files.slack.com\/files-tmb\/T5M5PLH8U-F01VD23LERY-a0b4b44329\/image_480.png?t=xoxe-191193697300-2381439834979-2387440767812-d973f70d679d3caabfeb15fb25f95fa2",
                "thumb_480_w": 480,
                "thumb_480_h": 160,
                "thumb_160": "https:\/\/files.slack.com\/files-tmb\/T5M5PLH8U-F01VD23LERY-a0b4b44329\/image_160.png?t=xoxe-191193697300-2381439834979-2387440767812-d973f70d679d3caabfeb15fb25f95fa2",
                "thumb_720": "https:\/\/files.slack.com\/files-tmb\/T5M5PLH8U-F01VD23LERY-a0b4b44329\/image_720.png?t=xoxe-191193697300-2381439834979-2387440767812-d973f70d679d3caabfeb15fb25f95fa2",
                "thumb_720_w": 720,
                "thumb_720_h": 240,
                "thumb_800": "https:\/\/files.slack.com\/files-tmb\/T5M5PLH8U-F01VD23LERY-a0b4b44329\/image_800.png?t=xoxe-191193697300-2381439834979-2387440767812-d973f70d679d3caabfeb15fb25f95fa2",
                "thumb_800_w": 800,
                "thumb_800_h": 267,
                "thumb_960": "https:\/\/files.slack.com\/files-tmb\/T5M5PLH8U-F01VD23LERY-a0b4b44329\/image_960.png?t=xoxe-191193697300-2381439834979-2387440767812-d973f70d679d3caabfeb15fb25f95fa2",
                "thumb_960_w": 960,
                "thumb_960_h": 320,
                "thumb_1024": "https:\/\/files.slack.com\/files-tmb\/T5M5PLH8U-F01VD23LERY-a0b4b44329\/image_1024.png?t=xoxe-191193697300-2381439834979-2387440767812-d973f70d679d3caabfeb15fb25f95fa2",
                "thumb_1024_w": 1024,
                "thumb_1024_h": 341,
                "original_w": 1080,
                "original_h": 360,
                "thumb_tiny": "AwAQADDTNFBooAT8T+dHHr+tB6UtABRRRQB\/\/9k=",
                "permalink": "https:\/\/usdevkit.slack.com\/files\/U5M5PLH9S\/F01VD23LERY\/image.png",
                "permalink_public": "https:\/\/slack-files.com\/T5M5PLH8U-F01VD23LERY-11b676ce45",
                "is_starred": false,
                "has_rich_preview": false
            }
        ],
        "upload": false,
        "blocks": [
            {
                "type": "rich_text",
                "block_id": "8ve12",
                "elements": [
                    {
                        "type": "rich_text_section",
                        "elements": [
                            {
                                "type": "text",
                                "text": "With the documentation, managed to get clean echoes with an annular transducer ( "
                            },
                            {
                                "type": "link",
                                "url": "https:\/\/github.com\/kelu124\/max14866"
                            },
                            {
                                "type": "text",
                                "text": " ) using a piezo with 5 elements =)"
                            }
                        ]
                    }
                ]
            }
        ],
        "user": "U5M5PLH9S",
        "ts": "1619385901.009500",
        "thread_ts": "1619292140.009200",
        "parent_user_id": "U5M5PLH9S"
    },
    {
        "type": "message",
        "text": "With pink-phantom setup, 50mm deep, 15-30mm inclusion",
        "files": [
            {
                "id": "F01VD8SLUBD",
                "created": 1619387546,
                "timestamp": 1619387546,
                "name": "20210425_203655.jpg",
                "title": "20210425_203655.jpg",
                "mimetype": "image\/jpeg",
                "filetype": "jpg",
                "pretty_type": "JPEG",
                "user": "U5M5PLH9S",
                "editable": false,
                "size": 426478,
                "mode": "hosted",
                "is_external": false,
                "external_type": "",
                "is_public": true,
                "public_url_shared": false,
                "display_as_bot": false,
                "username": "",
                "url_private": "https:\/\/files.slack.com\/files-pri\/T5M5PLH8U-F01VD8SLUBD\/20210425_203655.jpg?t=xoxe-191193697300-2381439834979-2387440767812-d973f70d679d3caabfeb15fb25f95fa2",
                "url_private_download": "https:\/\/files.slack.com\/files-pri\/T5M5PLH8U-F01VD8SLUBD\/download\/20210425_203655.jpg?t=xoxe-191193697300-2381439834979-2387440767812-d973f70d679d3caabfeb15fb25f95fa2",
                "media_display_type": "unknown",
                "thumb_64": "https:\/\/files.slack.com\/files-tmb\/T5M5PLH8U-F01VD8SLUBD-6cafd79428\/20210425_203655_64.jpg?t=xoxe-191193697300-2381439834979-2387440767812-d973f70d679d3caabfeb15fb25f95fa2",
                "thumb_80": "https:\/\/files.slack.com\/files-tmb\/T5M5PLH8U-F01VD8SLUBD-6cafd79428\/20210425_203655_80.jpg?t=xoxe-191193697300-2381439834979-2387440767812-d973f70d679d3caabfeb15fb25f95fa2",
                "thumb_360": "https:\/\/files.slack.com\/files-tmb\/T5M5PLH8U-F01VD8SLUBD-6cafd79428\/20210425_203655_360.jpg?t=xoxe-191193697300-2381439834979-2387440767812-d973f70d679d3caabfeb15fb25f95fa2",
                "thumb_360_w": 360,
                "thumb_360_h": 203,
                "thumb_480": "https:\/\/files.slack.com\/files-tmb\/T5M5PLH8U-F01VD8SLUBD-6cafd79428\/20210425_203655_480.jpg?t=xoxe-191193697300-2381439834979-2387440767812-d973f70d679d3caabfeb15fb25f95fa2",
                "thumb_480_w": 480,
                "thumb_480_h": 270,
                "thumb_160": "https:\/\/files.slack.com\/files-tmb\/T5M5PLH8U-F01VD8SLUBD-6cafd79428\/20210425_203655_160.jpg?t=xoxe-191193697300-2381439834979-2387440767812-d973f70d679d3caabfeb15fb25f95fa2",
                "thumb_720": "https:\/\/files.slack.com\/files-tmb\/T5M5PLH8U-F01VD8SLUBD-6cafd79428\/20210425_203655_720.jpg?t=xoxe-191193697300-2381439834979-2387440767812-d973f70d679d3caabfeb15fb25f95fa2",
                "thumb_720_w": 720,
                "thumb_720_h": 405,
                "thumb_800": "https:\/\/files.slack.com\/files-tmb\/T5M5PLH8U-F01VD8SLUBD-6cafd79428\/20210425_203655_800.jpg?t=xoxe-191193697300-2381439834979-2387440767812-d973f70d679d3caabfeb15fb25f95fa2",
                "thumb_800_w": 800,
                "thumb_800_h": 450,
                "thumb_960": "https:\/\/files.slack.com\/files-tmb\/T5M5PLH8U-F01VD8SLUBD-6cafd79428\/20210425_203655_960.jpg?t=xoxe-191193697300-2381439834979-2387440767812-d973f70d679d3caabfeb15fb25f95fa2",
                "thumb_960_w": 960,
                "thumb_960_h": 540,
                "thumb_1024": "https:\/\/files.slack.com\/files-tmb\/T5M5PLH8U-F01VD8SLUBD-6cafd79428\/20210425_203655_1024.jpg?t=xoxe-191193697300-2381439834979-2387440767812-d973f70d679d3caabfeb15fb25f95fa2",
                "thumb_1024_w": 1024,
                "thumb_1024_h": 576,
                "original_w": 4032,
                "original_h": 2268,
                "thumb_tiny": "AwAbADCs\/wB7HpSYpCxLE0Llj1qbNlqSWg4LnngD3q1GvyAhFxjr61UAy3PAFXomXyFJOMDvTja4Sva5FKrPGRtAxyMVT3YxWgmACTnk96ok8nHQmm7XuSrtWHbRS49KWgcEVnc1toMY4cZ4HrQD8vU0p60U2xJdxCaaacaZSGz\/2Q==",
                "permalink": "https:\/\/usdevkit.slack.com\/files\/U5M5PLH9S\/F01VD8SLUBD\/20210425_203655.jpg",
                "permalink_public": "https:\/\/slack-files.com\/T5M5PLH8U-F01VD8SLUBD-c1756a9f58",
                "is_starred": false,
                "has_rich_preview": false
            }
        ],
        "upload": false,
        "blocks": [
            {
                "type": "rich_text",
                "block_id": "sOhd",
                "elements": [
                    {
                        "type": "rich_text_section",
                        "elements": [
                            {
                                "type": "text",
                                "text": "With pink-phantom setup, 50mm deep, 15-30mm inclusion"
                            }
                        ]
                    }
                ]
            }
        ],
        "user": "U5M5PLH9S",
        "display_as_bot": false,
        "ts": "1619387571.010100",
        "client_msg_id": "a4b0ca71-c474-4775-9bb6-0fb906b48e4a",
        "thread_ts": "1619292140.009200",
        "parent_user_id": "U5M5PLH9S"
    },
    {
        "client_msg_id": "a4a7bb57-b442-4d46-b24c-c3971110df92",
        "type": "message",
        "text": "Great work Luc!",
        "user": "U01N3PNAHS9",
        "ts": "1619400135.010500",
        "team": "T5M5PLH8U",
        "user_team": "T5M5PLH8U",
        "source_team": "T5M5PLH8U",
        "user_profile": {
            "avatar_hash": "96f2f41bd32d",
            "image_72": "https:\/\/avatars.slack-edge.com\/2021-02-15\/1761057808980_96f2f41bd32d3c2b97ec_72.jpg",
            "first_name": "",
            "real_name": "lewis mcfadyen",
            "display_name": "lewis mcfadyen",
            "team": "T5M5PLH8U",
            "name": "lewismcfadyen",
            "is_restricted": false,
            "is_ultra_restricted": false
        },
        "blocks": [
            {
                "type": "rich_text",
                "block_id": "VZm3",
                "elements": [
                    {
                        "type": "rich_text_section",
                        "elements": [
                            {
                                "type": "text",
                                "text": "Great work Luc!"
                            }
                        ]
                    }
                ]
            }
        ],
        "reactions": [
            {
                "name": "wink",
                "users": [
                    "U5M5PLH9S"
                ],
                "count": 1
            }
        ]
    },
    {
        "client_msg_id": "4850AF4E-DEEB-4D7B-B92E-8B766FCC7DB5",
        "type": "message",
        "text": "Very nice work!! Are you going to use this for synthetic aperture imaging? ",
        "user": "U8Z3VB1T2",
        "ts": "1619407204.011400",
        "team": "T5M5PLH8U",
        "user_team": "T5M5PLH8U",
        "source_team": "T5M5PLH8U",
        "user_profile": {
            "avatar_hash": "g49ad52d7df8",
            "image_72": "https:\/\/secure.gravatar.com\/avatar\/449ad52d7df89ecbe8ebe0fd87d3f63f.jpg?s=72&d=https%3A%2F%2Fa.slack-edge.com%2Fdf10d%2Fimg%2Favatars%2Fava_0026-72.png",
            "first_name": "",
            "real_name": "William Meng",
            "display_name": "",
            "team": "T5M5PLH8U",
            "name": "wlmeng11",
            "is_restricted": false,
            "is_ultra_restricted": false
        },
        "blocks": [
            {
                "type": "rich_text",
                "block_id": "LXX57",
                "elements": [
                    {
                        "type": "rich_text_section",
                        "elements": [
                            {
                                "type": "text",
                                "text": "Very nice work!! Are you going to use this for synthetic aperture imaging? "
                            }
                        ]
                    }
                ]
            }
        ],
        "thread_ts": "1619292140.009200",
        "parent_user_id": "U5M5PLH9S"
    },
    {
        "client_msg_id": "8d06b984-90cf-493a-8883-69987866afc4",
        "type": "message",
        "text": "One could ;)",
        "user": "U5M5PLH9S",
        "ts": "1619417097.011600",
        "team": "T5M5PLH8U",
        "user_team": "T5M5PLH8U",
        "source_team": "T5M5PLH8U",
        "user_profile": {
            "avatar_hash": "e4fb6ae9f526",
            "image_72": "https:\/\/avatars.slack-edge.com\/2017-06-01\/191144530514_e4fb6ae9f526531fd41c_72.jpg",
            "first_name": "",
            "real_name": "kelu",
            "display_name": "",
            "team": "T5M5PLH8U",
            "name": "kelu",
            "is_restricted": false,
            "is_ultra_restricted": false
        },
        "blocks": [
            {
                "type": "rich_text",
                "block_id": "sj+Qf",
                "elements": [
                    {
                        "type": "rich_text_section",
                        "elements": [
                            {
                                "type": "text",
                                "text": "One could ;)"
                            }
                        ]
                    }
                ]
            }
        ],
        "thread_ts": "1619292140.009200",
        "parent_user_id": "U5M5PLH9S"
    }
]