[
    {
        "client_msg_id": "64bd9d00-91dc-4b7b-8b30-702e49da31c6",
        "type": "message",
        "text": "I think you are right there yes.\n\nIf it's ok for you I also have a few questions concerning the lit3rick board of yours:\n\n1. Would it be possible to supply eg. +25 and -25 Volts from a standard lab bench power supply to create the pulse?\n2. Can it switch between pos. and neg. rail several time? For example creating a 1MHz pulse that goes from positive to negative 3 times and then back to 0?\n3. Is the lit3rick also capable of being controlled by my standard windows computer right out of the box?\n4. Does it have any mayor drawbacks compared to the un0rick?",
        "user": "U01J55ULD9U",
        "ts": "1610357283.101900",
        "team": "T5M5PLH8U",
        "user_team": "T5M5PLH8U",
        "source_team": "T5M5PLH8U",
        "user_profile": {
            "avatar_hash": "gc6e605db74c",
            "image_72": "https:\/\/secure.gravatar.com\/avatar\/c6e605db74c14f40292bd3b43b22ff0d.jpg?s=72&d=https%3A%2F%2Fa.slack-edge.com%2Fdf10d%2Fimg%2Favatars%2Fava_0001-72.png",
            "first_name": "",
            "real_name": "Michael",
            "display_name": "Michael",
            "team": "T5M5PLH8U",
            "name": "michael.stix",
            "is_restricted": false,
            "is_ultra_restricted": false
        },
        "blocks": [
            {
                "type": "rich_text",
                "block_id": "z6sx",
                "elements": [
                    {
                        "type": "rich_text_section",
                        "elements": [
                            {
                                "type": "text",
                                "text": "I think you are right there yes.\n\nIf it's ok for you I also have a few questions concerning the lit3rick board of yours:\n\n"
                            }
                        ]
                    },
                    {
                        "type": "rich_text_list",
                        "elements": [
                            {
                                "type": "rich_text_section",
                                "elements": [
                                    {
                                        "type": "text",
                                        "text": "Would it be possible to supply eg. +25 and -25 Volts from a standard lab bench power supply to create the pulse?"
                                    }
                                ]
                            },
                            {
                                "type": "rich_text_section",
                                "elements": [
                                    {
                                        "type": "text",
                                        "text": "Can it switch between pos. and neg. rail several time? For example creating a 1MHz pulse that goes from positive to negative 3 times and then back to 0?"
                                    }
                                ]
                            },
                            {
                                "type": "rich_text_section",
                                "elements": [
                                    {
                                        "type": "text",
                                        "text": "Is the lit3rick also capable of being controlled by my standard windows computer right out of the box?"
                                    }
                                ]
                            },
                            {
                                "type": "rich_text_section",
                                "elements": [
                                    {
                                        "type": "text",
                                        "text": "Does it have any mayor drawbacks compared to the un0rick?"
                                    }
                                ]
                            }
                        ],
                        "style": "ordered",
                        "indent": 0
                    }
                ]
            }
        ],
        "thread_ts": "1610205134.100700",
        "parent_user_id": "U01J55ULD9U"
    },
    {
        "client_msg_id": "25c00ede-e06f-49cb-bf73-8cb157b9fe94",
        "type": "message",
        "text": "Finally for the sourcing part over Tindie. Is there any other delivery method from France to Austria that doesn't amount to 50 dollars? ^^'",
        "user": "U01J55ULD9U",
        "ts": "1610357390.102100",
        "team": "T5M5PLH8U",
        "user_team": "T5M5PLH8U",
        "source_team": "T5M5PLH8U",
        "user_profile": {
            "avatar_hash": "gc6e605db74c",
            "image_72": "https:\/\/secure.gravatar.com\/avatar\/c6e605db74c14f40292bd3b43b22ff0d.jpg?s=72&d=https%3A%2F%2Fa.slack-edge.com%2Fdf10d%2Fimg%2Favatars%2Fava_0001-72.png",
            "first_name": "",
            "real_name": "Michael",
            "display_name": "Michael",
            "team": "T5M5PLH8U",
            "name": "michael.stix",
            "is_restricted": false,
            "is_ultra_restricted": false
        },
        "blocks": [
            {
                "type": "rich_text",
                "block_id": "9hGv",
                "elements": [
                    {
                        "type": "rich_text_section",
                        "elements": [
                            {
                                "type": "text",
                                "text": "Finally for the sourcing part over Tindie. Is there any other delivery method from France to Austria that doesn't amount to 50 dollars? ^^'"
                            }
                        ]
                    }
                ]
            }
        ],
        "thread_ts": "1610205134.100700",
        "parent_user_id": "U01J55ULD9U",
        "reactions": [
            {
                "name": "sweat_smile",
                "users": [
                    "U5M5PLH9S"
                ],
                "count": 1
            }
        ]
    },
    {
        "client_msg_id": "f95f8748-44b5-4c01-8d3f-0df2b7973572",
        "type": "message",
        "text": "Sure!\n1. Yup, as long as you respect polarity.\n2. Yes, though that needs to be updated in the firmware (vhdl, there is code for it)\n3. Nope, to cut costs I removed the usb controller. It can however be controlled through an external ftdi, you'd need to write to code to drive it\n4. Lit3rick has no hv generator, less memory to store buffer, and no usb. On the other hand, it has on-board digital processing, is smaller.",
        "user": "U5M5PLH9S",
        "ts": "1610361173.102300",
        "team": "T5M5PLH8U",
        "user_team": "T5M5PLH8U",
        "source_team": "T5M5PLH8U",
        "user_profile": {
            "avatar_hash": "e4fb6ae9f526",
            "image_72": "https:\/\/avatars.slack-edge.com\/2017-06-01\/191144530514_e4fb6ae9f526531fd41c_72.jpg",
            "first_name": "",
            "real_name": "kelu",
            "display_name": "",
            "team": "T5M5PLH8U",
            "name": "kelu",
            "is_restricted": false,
            "is_ultra_restricted": false
        },
        "edited": {
            "user": "U5M5PLH9S",
            "ts": "1610361280.000000"
        },
        "blocks": [
            {
                "type": "rich_text",
                "block_id": "2DmIt",
                "elements": [
                    {
                        "type": "rich_text_section",
                        "elements": [
                            {
                                "type": "text",
                                "text": "Sure!\n1. Yup, as long as you respect polarity.\n2. Yes, though that needs to be updated in the firmware (vhdl, there is code for it)\n3. Nope, to cut costs I removed the usb controller. It can however be controlled through an external ftdi, you'd need to write to code to drive it\n4. Lit3rick has no hv generator, less memory to store buffer, and no usb. On the other hand, it has on-board digital processing, is smaller."
                            }
                        ]
                    }
                ]
            }
        ],
        "thread_ts": "1610205134.100700",
        "parent_user_id": "U01J55ULD9U"
    },
    {
        "client_msg_id": "51a6d46c-c030-46fd-8518-00bbd77a6f79",
        "type": "message",
        "text": "For the sourcing, the board is assembled and stored in the texas, so the fab is shipping from there. I can check if it has untracked \/ less expensive shipping options.",
        "user": "U5M5PLH9S",
        "ts": "1610361246.102500",
        "team": "T5M5PLH8U",
        "user_team": "T5M5PLH8U",
        "source_team": "T5M5PLH8U",
        "user_profile": {
            "avatar_hash": "e4fb6ae9f526",
            "image_72": "https:\/\/avatars.slack-edge.com\/2017-06-01\/191144530514_e4fb6ae9f526531fd41c_72.jpg",
            "first_name": "",
            "real_name": "kelu",
            "display_name": "",
            "team": "T5M5PLH8U",
            "name": "kelu",
            "is_restricted": false,
            "is_ultra_restricted": false
        },
        "blocks": [
            {
                "type": "rich_text",
                "block_id": "jFe",
                "elements": [
                    {
                        "type": "rich_text_section",
                        "elements": [
                            {
                                "type": "text",
                                "text": "For the sourcing, the board is assembled and stored in the texas, so the fab is shipping from there. I can check if it has untracked \/ less expensive shipping options."
                            }
                        ]
                    }
                ]
            }
        ],
        "thread_ts": "1610205134.100700",
        "parent_user_id": "U01J55ULD9U"
    },
    {
        "client_msg_id": "8ccc1342-86b7-4189-ab7a-feec61119a45",
        "type": "message",
        "text": "Thanks again!\n\nThat would be awesome. :slightly_smiling_face:\n\nAbout the store buffer: Our goal is mainly to record with one transducer single measurements for the start. And later make distance measurements in human tissue or track muscle activation relative to recorded EMG signal. Do you think the lit3rick's memory would be sufficient for this tasks?",
        "user": "U01J55ULD9U",
        "ts": "1610398058.102900",
        "team": "T5M5PLH8U",
        "user_team": "T5M5PLH8U",
        "source_team": "T5M5PLH8U",
        "user_profile": {
            "avatar_hash": "gc6e605db74c",
            "image_72": "https:\/\/secure.gravatar.com\/avatar\/c6e605db74c14f40292bd3b43b22ff0d.jpg?s=72&d=https%3A%2F%2Fa.slack-edge.com%2Fdf10d%2Fimg%2Favatars%2Fava_0001-72.png",
            "first_name": "",
            "real_name": "Michael",
            "display_name": "Michael",
            "team": "T5M5PLH8U",
            "name": "michael.stix",
            "is_restricted": false,
            "is_ultra_restricted": false
        },
        "blocks": [
            {
                "type": "rich_text",
                "block_id": "H2V",
                "elements": [
                    {
                        "type": "rich_text_section",
                        "elements": [
                            {
                                "type": "text",
                                "text": "Thanks again!\n\nThat would be awesome. "
                            },
                            {
                                "type": "emoji",
                                "name": "slightly_smiling_face"
                            },
                            {
                                "type": "text",
                                "text": "\n\nAbout the store buffer: Our goal is mainly to record with one transducer single measurements for the start. And later make distance measurements in human tissue or track muscle activation relative to recorded EMG signal. Do you think the lit3rick's memory would be sufficient for this tasks?"
                            }
                        ]
                    }
                ]
            }
        ],
        "thread_ts": "1610205134.100700",
        "parent_user_id": "U01J55ULD9U",
        "reactions": [
            {
                "name": "+1",
                "users": [
                    "U5M5PLH9S"
                ],
                "count": 1
            }
        ]
    },
    {
        "client_msg_id": "53dc5eaf-15b3-4b7d-840d-16675d74f2f9",
        "type": "message",
        "text": "First prices are 13USD for untracked parcel (would not recommend) and 28 USD for slower UPS (tracked).\nYup, for memory, it can easily store 256us acquisitions, that represent 256*64 points.\nTo test for your piezo, I would have tested 10khz at 1% duty cycle (hence 10khz * 1\/1% ~ 1MHz :wink: ) - but I'm no transducer expert :smiley:",
        "user": "U5M5PLH9S",
        "ts": "1610398483.103100",
        "team": "T5M5PLH8U",
        "user_team": "T5M5PLH8U",
        "source_team": "T5M5PLH8U",
        "user_profile": {
            "avatar_hash": "e4fb6ae9f526",
            "image_72": "https:\/\/avatars.slack-edge.com\/2017-06-01\/191144530514_e4fb6ae9f526531fd41c_72.jpg",
            "first_name": "",
            "real_name": "kelu",
            "display_name": "",
            "team": "T5M5PLH8U",
            "name": "kelu",
            "is_restricted": false,
            "is_ultra_restricted": false
        },
        "blocks": [
            {
                "type": "rich_text",
                "block_id": "WCq",
                "elements": [
                    {
                        "type": "rich_text_section",
                        "elements": [
                            {
                                "type": "text",
                                "text": "First prices are 13USD for untracked parcel (would not recommend) and 28 USD for slower UPS (tracked).\nYup, for memory, it can easily store 256us acquisitions, that represent 256*64 points.\nTo test for your piezo, I would have tested 10khz at 1% duty cycle (hence 10khz * 1\/1% ~ 1MHz "
                            },
                            {
                                "type": "emoji",
                                "name": "wink"
                            },
                            {
                                "type": "text",
                                "text": " ) - but I'm no transducer expert "
                            },
                            {
                                "type": "emoji",
                                "name": "smiley"
                            }
                        ]
                    }
                ]
            }
        ],
        "thread_ts": "1610205134.100700",
        "parent_user_id": "U01J55ULD9U"
    },
    {
        "client_msg_id": "985e88a5-c7f3-45f8-ae61-6ec16d730fbd",
        "type": "message",
        "text": "Apologies, I have \"Onboard RAM for 64k points saves\", so using 64Msps acquisitions, that's a bit larger. Acquisitions at heart level or ~15cm should be OK.",
        "user": "U5M5PLH9S",
        "ts": "1610398562.103300",
        "team": "T5M5PLH8U",
        "user_team": "T5M5PLH8U",
        "source_team": "T5M5PLH8U",
        "user_profile": {
            "avatar_hash": "e4fb6ae9f526",
            "image_72": "https:\/\/avatars.slack-edge.com\/2017-06-01\/191144530514_e4fb6ae9f526531fd41c_72.jpg",
            "first_name": "",
            "real_name": "kelu",
            "display_name": "",
            "team": "T5M5PLH8U",
            "name": "kelu",
            "is_restricted": false,
            "is_ultra_restricted": false
        },
        "blocks": [
            {
                "type": "rich_text",
                "block_id": "1\/xJ",
                "elements": [
                    {
                        "type": "rich_text_section",
                        "elements": [
                            {
                                "type": "text",
                                "text": "Apologies, I have \"Onboard RAM for 64k points saves\", so using 64Msps acquisitions, that's a bit larger. Acquisitions at heart level or ~15cm should be OK."
                            }
                        ]
                    }
                ]
            }
        ],
        "thread_ts": "1610205134.100700",
        "parent_user_id": "U01J55ULD9U"
    },
    {
        "client_msg_id": "f19aad20-c0bd-4123-992e-cbf905b9ccc6",
        "type": "message",
        "text": "Even at max acquisition\/ADC frequency.",
        "user": "U5M5PLH9S",
        "ts": "1610398576.103500",
        "team": "T5M5PLH8U",
        "user_team": "T5M5PLH8U",
        "source_team": "T5M5PLH8U",
        "user_profile": {
            "avatar_hash": "e4fb6ae9f526",
            "image_72": "https:\/\/avatars.slack-edge.com\/2017-06-01\/191144530514_e4fb6ae9f526531fd41c_72.jpg",
            "first_name": "",
            "real_name": "kelu",
            "display_name": "",
            "team": "T5M5PLH8U",
            "name": "kelu",
            "is_restricted": false,
            "is_ultra_restricted": false
        },
        "blocks": [
            {
                "type": "rich_text",
                "block_id": "y1D",
                "elements": [
                    {
                        "type": "rich_text_section",
                        "elements": [
                            {
                                "type": "text",
                                "text": "Even at max acquisition\/ADC frequency."
                            }
                        ]
                    }
                ]
            }
        ],
        "thread_ts": "1610205134.100700",
        "parent_user_id": "U01J55ULD9U"
    }
]