[
    {
        "client_msg_id": "5b0b6b76-9d96-4b83-a23c-293793d86f57",
        "type": "message",
        "text": "Heya <@U01N71HJ43V> and <@U01N3PNAHS9>. Depending what you are looking for, you'll have:\n• <https:\/\/github.com\/kelu124\/python-usb-un0rick> for the python on the host side\n• <https:\/\/github.com\/kelu124\/un0rick\/tree\/master\/usb> for the verilog gateware \/ firmware",
        "user": "U5M5PLH9S",
        "ts": "1613477187.000800",
        "team": "T5M5PLH8U",
        "user_team": "T5M5PLH8U",
        "source_team": "T5M5PLH8U",
        "user_profile": {
            "avatar_hash": "e4fb6ae9f526",
            "image_72": "https:\/\/avatars.slack-edge.com\/2017-06-01\/191144530514_e4fb6ae9f526531fd41c_72.jpg",
            "first_name": "",
            "real_name": "kelu",
            "display_name": "",
            "team": "T5M5PLH8U",
            "name": "kelu",
            "is_restricted": false,
            "is_ultra_restricted": false
        },
        "edited": {
            "user": "U5M5PLH9S",
            "ts": "1613477236.000000"
        },
        "blocks": [
            {
                "type": "rich_text",
                "block_id": "0k7Ws",
                "elements": [
                    {
                        "type": "rich_text_section",
                        "elements": [
                            {
                                "type": "text",
                                "text": "Heya "
                            },
                            {
                                "type": "user",
                                "user_id": "U01N71HJ43V"
                            },
                            {
                                "type": "text",
                                "text": " and "
                            },
                            {
                                "type": "user",
                                "user_id": "U01N3PNAHS9"
                            },
                            {
                                "type": "text",
                                "text": ". Depending what you are looking for, you'll have:\n"
                            }
                        ]
                    },
                    {
                        "type": "rich_text_list",
                        "elements": [
                            {
                                "type": "rich_text_section",
                                "elements": [
                                    {
                                        "type": "link",
                                        "url": "https:\/\/github.com\/kelu124\/python-usb-un0rick"
                                    },
                                    {
                                        "type": "text",
                                        "text": " for the python on the host side"
                                    }
                                ]
                            },
                            {
                                "type": "rich_text_section",
                                "elements": [
                                    {
                                        "type": "link",
                                        "url": "https:\/\/github.com\/kelu124\/un0rick\/tree\/master\/usb"
                                    },
                                    {
                                        "type": "text",
                                        "text": " for the verilog gateware \/ firmware"
                                    }
                                ]
                            }
                        ],
                        "style": "bullet",
                        "indent": 0
                    }
                ]
            }
        ]
    },
    {
        "client_msg_id": "64a37915-cef2-4eca-9284-d045abacb5dd",
        "type": "message",
        "text": "Welcome :smiley:",
        "user": "U5M5PLH9S",
        "ts": "1613477382.001000",
        "team": "T5M5PLH8U",
        "user_team": "T5M5PLH8U",
        "source_team": "T5M5PLH8U",
        "user_profile": {
            "avatar_hash": "e4fb6ae9f526",
            "image_72": "https:\/\/avatars.slack-edge.com\/2017-06-01\/191144530514_e4fb6ae9f526531fd41c_72.jpg",
            "first_name": "",
            "real_name": "kelu",
            "display_name": "",
            "team": "T5M5PLH8U",
            "name": "kelu",
            "is_restricted": false,
            "is_ultra_restricted": false
        },
        "blocks": [
            {
                "type": "rich_text",
                "block_id": "GRumR",
                "elements": [
                    {
                        "type": "rich_text_section",
                        "elements": [
                            {
                                "type": "text",
                                "text": "Welcome "
                            },
                            {
                                "type": "emoji",
                                "name": "smiley"
                            }
                        ]
                    }
                ]
            }
        ],
        "thread_ts": "1613446756.001000",
        "parent_user_id": "U01N71HJ43V"
    }
]