[
    {
        "client_msg_id": "0585a3b7-30ee-433a-abc5-e5c7d902e3e5",
        "type": "message",
        "text": "Heya! Quite a specific question :smiley:\nNothing from my side :confused:\nI would have guessed resin degassers, but you already have covered that below.",
        "user": "U5M5PLH9S",
        "ts": "1615044873.000100",
        "team": "T5M5PLH8U",
        "user_team": "T5M5PLH8U",
        "source_team": "T5M5PLH8U",
        "user_profile": {
            "avatar_hash": "e4fb6ae9f526",
            "image_72": "https:\/\/avatars.slack-edge.com\/2017-06-01\/191144530514_e4fb6ae9f526531fd41c_72.jpg",
            "first_name": "",
            "real_name": "kelu",
            "display_name": "",
            "team": "T5M5PLH8U",
            "name": "kelu",
            "is_restricted": false,
            "is_ultra_restricted": false
        },
        "blocks": [
            {
                "type": "rich_text",
                "block_id": "mvF",
                "elements": [
                    {
                        "type": "rich_text_section",
                        "elements": [
                            {
                                "type": "text",
                                "text": "Heya! Quite a specific question "
                            },
                            {
                                "type": "emoji",
                                "name": "smiley"
                            },
                            {
                                "type": "text",
                                "text": "\nNothing from my side "
                            },
                            {
                                "type": "emoji",
                                "name": "confused"
                            },
                            {
                                "type": "text",
                                "text": "\nI would have guessed resin degassers, but you already have covered that below."
                            }
                        ]
                    }
                ]
            }
        ],
        "thread_ts": "1614982522.000700",
        "parent_user_id": "UGJ8GJGNR"
    }
]