[
    {
        "client_msg_id": "85df7ad0-f5fa-43b7-a97d-486d1608fbd0",
        "type": "message",
        "text": "Pretty cool !",
        "user": "U5M5PLH9S",
        "ts": "1621277295.019600",
        "team": "T5M5PLH8U",
        "user_team": "T5M5PLH8U",
        "source_team": "T5M5PLH8U",
        "user_profile": {
            "avatar_hash": "e4fb6ae9f526",
            "image_72": "https:\/\/avatars.slack-edge.com\/2017-06-01\/191144530514_e4fb6ae9f526531fd41c_72.jpg",
            "first_name": "",
            "real_name": "kelu",
            "display_name": "",
            "team": "T5M5PLH8U",
            "name": "kelu",
            "is_restricted": false,
            "is_ultra_restricted": false
        },
        "blocks": [
            {
                "type": "rich_text",
                "block_id": "0EC",
                "elements": [
                    {
                        "type": "rich_text_section",
                        "elements": [
                            {
                                "type": "text",
                                "text": "Pretty cool !"
                            }
                        ]
                    }
                ]
            }
        ],
        "thread_ts": "1621215491.019500",
        "parent_user_id": "U8Z3VB1T2"
    }
]