[
    {
        "type": "message",
        "text": "For the fun, an old mech probe :smiley:",
        "files": [
            {
                "id": "F01RW51MEP7",
                "created": 1616356843,
                "timestamp": 1616356843,
                "name": "eggleton1975.pdf",
                "title": "eggleton1975.pdf",
                "mimetype": "application\/pdf",
                "filetype": "pdf",
                "pretty_type": "PDF",
                "user": "U5M5PLH9S",
                "editable": false,
                "size": 12185784,
                "mode": "hosted",
                "is_external": false,
                "external_type": "",
                "is_public": true,
                "public_url_shared": false,
                "display_as_bot": false,
                "username": "",
                "url_private": "https:\/\/files.slack.com\/files-pri\/T5M5PLH8U-F01RW51MEP7\/eggleton1975.pdf?t=xoxe-191193697300-2381439834979-2387440767812-d973f70d679d3caabfeb15fb25f95fa2",
                "url_private_download": "https:\/\/files.slack.com\/files-pri\/T5M5PLH8U-F01RW51MEP7\/download\/eggleton1975.pdf?t=xoxe-191193697300-2381439834979-2387440767812-d973f70d679d3caabfeb15fb25f95fa2",
                "media_display_type": "unknown",
                "thumb_pdf": "https:\/\/files.slack.com\/files-tmb\/T5M5PLH8U-F01RW51MEP7-907294d8cd\/eggleton1975_thumb_pdf.png?t=xoxe-191193697300-2381439834979-2387440767812-d973f70d679d3caabfeb15fb25f95fa2",
                "thumb_pdf_w": 943,
                "thumb_pdf_h": 1216,
                "permalink": "https:\/\/usdevkit.slack.com\/files\/U5M5PLH9S\/F01RW51MEP7\/eggleton1975.pdf",
                "permalink_public": "https:\/\/slack-files.com\/T5M5PLH8U-F01RW51MEP7-ed2f0b96f1",
                "is_starred": false,
                "has_rich_preview": false
            }
        ],
        "upload": false,
        "blocks": [
            {
                "type": "rich_text",
                "block_id": "v4muE",
                "elements": [
                    {
                        "type": "rich_text_section",
                        "elements": [
                            {
                                "type": "text",
                                "text": "For the fun, an old mech probe "
                            },
                            {
                                "type": "emoji",
                                "name": "smiley"
                            }
                        ]
                    }
                ]
            }
        ],
        "user": "U5M5PLH9S",
        "display_as_bot": false,
        "ts": "1616356869.000500",
        "thread_ts": "1616356869.000500",
        "reply_count": 2,
        "reply_users_count": 1,
        "latest_reply": "1616358044.001200",
        "reply_users": [
            "U5M5PLH9S"
        ],
        "replies": [
            {
                "user": "U5M5PLH9S",
                "ts": "1616357048.000800"
            },
            {
                "user": "U5M5PLH9S",
                "ts": "1616358044.001200"
            }
        ],
        "is_locked": false,
        "subscribed": true,
        "last_read": "1616358044.001200",
        "reactions": [
            {
                "name": "hushed",
                "users": [
                    "U8Z3VB1T2"
                ],
                "count": 1
            }
        ]
    },
    {
        "type": "message",
        "text": "This comment is fantastic :smiley:",
        "files": [
            {
                "id": "F01SP1MC196",
                "created": 1616357046,
                "timestamp": 1616357046,
                "name": "image.png",
                "title": "image.png",
                "mimetype": "image\/png",
                "filetype": "png",
                "pretty_type": "PNG",
                "user": "U5M5PLH9S",
                "editable": false,
                "size": 28856,
                "mode": "hosted",
                "is_external": false,
                "external_type": "",
                "is_public": true,
                "public_url_shared": false,
                "display_as_bot": false,
                "username": "",
                "url_private": "https:\/\/files.slack.com\/files-pri\/T5M5PLH8U-F01SP1MC196\/image.png?t=xoxe-191193697300-2381439834979-2387440767812-d973f70d679d3caabfeb15fb25f95fa2",
                "url_private_download": "https:\/\/files.slack.com\/files-pri\/T5M5PLH8U-F01SP1MC196\/download\/image.png?t=xoxe-191193697300-2381439834979-2387440767812-d973f70d679d3caabfeb15fb25f95fa2",
                "media_display_type": "unknown",
                "thumb_64": "https:\/\/files.slack.com\/files-tmb\/T5M5PLH8U-F01SP1MC196-352e0831cf\/image_64.png?t=xoxe-191193697300-2381439834979-2387440767812-d973f70d679d3caabfeb15fb25f95fa2",
                "thumb_80": "https:\/\/files.slack.com\/files-tmb\/T5M5PLH8U-F01SP1MC196-352e0831cf\/image_80.png?t=xoxe-191193697300-2381439834979-2387440767812-d973f70d679d3caabfeb15fb25f95fa2",
                "thumb_360": "https:\/\/files.slack.com\/files-tmb\/T5M5PLH8U-F01SP1MC196-352e0831cf\/image_360.png?t=xoxe-191193697300-2381439834979-2387440767812-d973f70d679d3caabfeb15fb25f95fa2",
                "thumb_360_w": 324,
                "thumb_360_h": 146,
                "thumb_160": "https:\/\/files.slack.com\/files-tmb\/T5M5PLH8U-F01SP1MC196-352e0831cf\/image_160.png?t=xoxe-191193697300-2381439834979-2387440767812-d973f70d679d3caabfeb15fb25f95fa2",
                "original_w": 324,
                "original_h": 146,
                "thumb_tiny": "AwAVADC8WYEgkce1LuJ6GjcwJGc49qTL9d36UAKWbrnil+cjj\/8AXSbjn0oDN69KAF+fFOAI6tn8KYGORmnLk87iR9KAApk5zSBPfj6U+igBmz3\/AEpdgwMjNOooAbsX0pQAOgpaKAP\/2Q==",
                "permalink": "https:\/\/usdevkit.slack.com\/files\/U5M5PLH9S\/F01SP1MC196\/image.png",
                "permalink_public": "https:\/\/slack-files.com\/T5M5PLH8U-F01SP1MC196-6ee1377cb1",
                "is_starred": false,
                "has_rich_preview": false
            }
        ],
        "upload": false,
        "blocks": [
            {
                "type": "rich_text",
                "block_id": "1e3m",
                "elements": [
                    {
                        "type": "rich_text_section",
                        "elements": [
                            {
                                "type": "text",
                                "text": "This comment is fantastic "
                            },
                            {
                                "type": "emoji",
                                "name": "smiley"
                            }
                        ]
                    }
                ]
            }
        ],
        "user": "U5M5PLH9S",
        "display_as_bot": false,
        "ts": "1616357048.000800",
        "thread_ts": "1616356869.000500",
        "parent_user_id": "U5M5PLH9S"
    },
    {
        "type": "message",
        "text": "And moar interesting mech probes.",
        "files": [
            {
                "id": "F01RSEACPK8",
                "created": 1616358033,
                "timestamp": 1616358033,
                "name": "schuette_real_1976.pdf",
                "title": "schuette_real_1976.pdf",
                "mimetype": "application\/pdf",
                "filetype": "pdf",
                "pretty_type": "PDF",
                "user": "U5M5PLH9S",
                "editable": false,
                "size": 2478612,
                "mode": "hosted",
                "is_external": false,
                "external_type": "",
                "is_public": true,
                "public_url_shared": false,
                "display_as_bot": false,
                "username": "",
                "url_private": "https:\/\/files.slack.com\/files-pri\/T5M5PLH8U-F01RSEACPK8\/schuette_real_1976.pdf?t=xoxe-191193697300-2381439834979-2387440767812-d973f70d679d3caabfeb15fb25f95fa2",
                "url_private_download": "https:\/\/files.slack.com\/files-pri\/T5M5PLH8U-F01RSEACPK8\/download\/schuette_real_1976.pdf?t=xoxe-191193697300-2381439834979-2387440767812-d973f70d679d3caabfeb15fb25f95fa2",
                "media_display_type": "unknown",
                "thumb_pdf": "https:\/\/files.slack.com\/files-tmb\/T5M5PLH8U-F01RSEACPK8-8408915080\/schuette_real_1976_thumb_pdf.png?t=xoxe-191193697300-2381439834979-2387440767812-d973f70d679d3caabfeb15fb25f95fa2",
                "thumb_pdf_w": 965,
                "thumb_pdf_h": 1232,
                "permalink": "https:\/\/usdevkit.slack.com\/files\/U5M5PLH9S\/F01RSEACPK8\/schuette_real_1976.pdf",
                "permalink_public": "https:\/\/slack-files.com\/T5M5PLH8U-F01RSEACPK8-a98a00c695",
                "is_starred": false,
                "has_rich_preview": false
            },
            {
                "id": "F01RZ7W0FM0",
                "created": 1616358037,
                "timestamp": 1616358037,
                "name": "skolnick_new_1978.pdf",
                "title": "skolnick_new_1978.pdf",
                "mimetype": "application\/pdf",
                "filetype": "pdf",
                "pretty_type": "PDF",
                "user": "U5M5PLH9S",
                "editable": false,
                "size": 790150,
                "mode": "hosted",
                "is_external": false,
                "external_type": "",
                "is_public": true,
                "public_url_shared": false,
                "display_as_bot": false,
                "username": "",
                "url_private": "https:\/\/files.slack.com\/files-pri\/T5M5PLH8U-F01RZ7W0FM0\/skolnick_new_1978.pdf?t=xoxe-191193697300-2381439834979-2387440767812-d973f70d679d3caabfeb15fb25f95fa2",
                "url_private_download": "https:\/\/files.slack.com\/files-pri\/T5M5PLH8U-F01RZ7W0FM0\/download\/skolnick_new_1978.pdf?t=xoxe-191193697300-2381439834979-2387440767812-d973f70d679d3caabfeb15fb25f95fa2",
                "media_display_type": "unknown",
                "thumb_pdf": "https:\/\/files.slack.com\/files-tmb\/T5M5PLH8U-F01RZ7W0FM0-1c951ac699\/skolnick_new_1978_thumb_pdf.png?t=xoxe-191193697300-2381439834979-2387440767812-d973f70d679d3caabfeb15fb25f95fa2",
                "thumb_pdf_w": 909,
                "thumb_pdf_h": 1234,
                "permalink": "https:\/\/usdevkit.slack.com\/files\/U5M5PLH9S\/F01RZ7W0FM0\/skolnick_new_1978.pdf",
                "permalink_public": "https:\/\/slack-files.com\/T5M5PLH8U-F01RZ7W0FM0-ec7a74fbbc",
                "is_starred": false,
                "has_rich_preview": false
            }
        ],
        "upload": false,
        "blocks": [
            {
                "type": "rich_text",
                "block_id": "ylqK",
                "elements": [
                    {
                        "type": "rich_text_section",
                        "elements": [
                            {
                                "type": "text",
                                "text": "And moar interesting mech probes."
                            }
                        ]
                    }
                ]
            }
        ],
        "user": "U5M5PLH9S",
        "ts": "1616358044.001200",
        "thread_ts": "1616356869.000500",
        "parent_user_id": "U5M5PLH9S",
        "reactions": [
            {
                "name": "+1",
                "users": [
                    "UGJ8GJGNR"
                ],
                "count": 1
            }
        ]
    }
]