[
    {
        "type": "message",
        "subtype": "channel_join",
        "ts": "1627050261.014200",
        "user": "U028KNDPNQP",
        "text": "<@U028KNDPNQP> has joined the channel"
    },
    {
        "client_msg_id": "e78580bc-cafb-467f-b125-f3a1036b6db2",
        "type": "message",
        "text": "<@U5M5PLH9S> so if my assumptions are correct then I am interested in purchasing an Elmo board, but it seems that the tindie link is pretty old. are you still making them? or will I have to get one made based on your altium file?",
        "user": "U028V9ZMXKP",
        "ts": "1627060171.015600",
        "team": "T5M5PLH8U",
        "user_team": "T5M5PLH8U",
        "source_team": "T5M5PLH8U",
        "user_profile": {
            "avatar_hash": "12104d1d94c5",
            "image_72": "https:\/\/avatars.slack-edge.com\/2021-07-22\/2310565296212_12104d1d94c575e75ca8_72.jpg",
            "first_name": "",
            "real_name": "Bryce Smith",
            "display_name": "Bryce Smith",
            "team": "T5M5PLH8U",
            "name": "brycedrechselsmith",
            "is_restricted": false,
            "is_ultra_restricted": false
        },
        "blocks": [
            {
                "type": "rich_text",
                "block_id": "BPV",
                "elements": [
                    {
                        "type": "rich_text_section",
                        "elements": [
                            {
                                "type": "user",
                                "user_id": "U5M5PLH9S"
                            },
                            {
                                "type": "text",
                                "text": " so if my assumptions are correct then I am interested in purchasing an Elmo board, but it seems that the tindie link is pretty old. are you still making them? or will I have to get one made based on your altium file?"
                            }
                        ]
                    }
                ]
            }
        ]
    },
    {
        "client_msg_id": "af73378d-85f4-472d-a620-5178125761a9",
        "type": "message",
        "text": "conversely, for my needs, in your opinion would it be easier to go the bitscope\/arduino route? it seems that you had some pretty good results with that set up as well",
        "user": "U028V9ZMXKP",
        "ts": "1627060705.016500",
        "team": "T5M5PLH8U",
        "user_team": "T5M5PLH8U",
        "source_team": "T5M5PLH8U",
        "user_profile": {
            "avatar_hash": "12104d1d94c5",
            "image_72": "https:\/\/avatars.slack-edge.com\/2021-07-22\/2310565296212_12104d1d94c575e75ca8_72.jpg",
            "first_name": "",
            "real_name": "Bryce Smith",
            "display_name": "Bryce Smith",
            "team": "T5M5PLH8U",
            "name": "brycedrechselsmith",
            "is_restricted": false,
            "is_ultra_restricted": false
        },
        "blocks": [
            {
                "type": "rich_text",
                "block_id": "Hfr",
                "elements": [
                    {
                        "type": "rich_text_section",
                        "elements": [
                            {
                                "type": "text",
                                "text": "conversely, for my needs, in your opinion would it be easier to go the bitscope\/arduino route? it seems that you had some pretty good results with that set up as well"
                            }
                        ]
                    }
                ]
            }
        ],
        "thread_ts": "1627060705.016500",
        "reply_count": 58,
        "reply_users_count": 2,
        "latest_reply": "1627063168.029800",
        "reply_users": [
            "U5M5PLH9S",
            "U028V9ZMXKP"
        ],
        "replies": [
            {
                "user": "U5M5PLH9S",
                "ts": "1627061481.016600"
            },
            {
                "user": "U5M5PLH9S",
                "ts": "1627061509.016900"
            },
            {
                "user": "U028V9ZMXKP",
                "ts": "1627061527.017100"
            },
            {
                "user": "U5M5PLH9S",
                "ts": "1627061533.017300"
            },
            {
                "user": "U5M5PLH9S",
                "ts": "1627061535.017600"
            },
            {
                "user": "U5M5PLH9S",
                "ts": "1627061547.017900"
            },
            {
                "user": "U5M5PLH9S",
                "ts": "1627061574.018100"
            },
            {
                "user": "U028V9ZMXKP",
                "ts": "1627061587.018300"
            },
            {
                "user": "U028V9ZMXKP",
                "ts": "1627061616.018500"
            },
            {
                "user": "U5M5PLH9S",
                "ts": "1627061700.018700"
            },
            {
                "user": "U028V9ZMXKP",
                "ts": "1627061719.018900"
            },
            {
                "user": "U5M5PLH9S",
                "ts": "1627061751.019100"
            },
            {
                "user": "U5M5PLH9S",
                "ts": "1627061770.019300"
            },
            {
                "user": "U5M5PLH9S",
                "ts": "1627061782.019500"
            },
            {
                "user": "U028V9ZMXKP",
                "ts": "1627061788.019700"
            },
            {
                "user": "U028V9ZMXKP",
                "ts": "1627061800.019900"
            },
            {
                "user": "U5M5PLH9S",
                "ts": "1627061800.020100"
            },
            {
                "user": "U5M5PLH9S",
                "ts": "1627061818.020400"
            },
            {
                "user": "U5M5PLH9S",
                "ts": "1627061849.020800"
            },
            {
                "user": "U028V9ZMXKP",
                "ts": "1627061851.021000"
            },
            {
                "user": "U5M5PLH9S",
                "ts": "1627061860.021200"
            },
            {
                "user": "U5M5PLH9S",
                "ts": "1627061876.021400"
            },
            {
                "user": "U028V9ZMXKP",
                "ts": "1627061888.021600"
            },
            {
                "user": "U5M5PLH9S",
                "ts": "1627061934.021800"
            },
            {
                "user": "U5M5PLH9S",
                "ts": "1627061951.022100"
            },
            {
                "user": "U5M5PLH9S",
                "ts": "1627061970.022300"
            },
            {
                "user": "U028V9ZMXKP",
                "ts": "1627061987.022500"
            },
            {
                "user": "U028V9ZMXKP",
                "ts": "1627062028.022800"
            },
            {
                "user": "U5M5PLH9S",
                "ts": "1627062063.023000"
            },
            {
                "user": "U028V9ZMXKP",
                "ts": "1627062134.023400"
            },
            {
                "user": "U5M5PLH9S",
                "ts": "1627062190.023600"
            },
            {
                "user": "U5M5PLH9S",
                "ts": "1627062202.023900"
            },
            {
                "user": "U5M5PLH9S",
                "ts": "1627062233.024200"
            },
            {
                "user": "U028V9ZMXKP",
                "ts": "1627062261.024400"
            },
            {
                "user": "U5M5PLH9S",
                "ts": "1627062351.024700"
            },
            {
                "user": "U5M5PLH9S",
                "ts": "1627062396.024900"
            },
            {
                "user": "U5M5PLH9S",
                "ts": "1627062417.025100"
            },
            {
                "user": "U028V9ZMXKP",
                "ts": "1627062432.025300"
            },
            {
                "user": "U5M5PLH9S",
                "ts": "1627062441.025500"
            },
            {
                "user": "U5M5PLH9S",
                "ts": "1627062449.025700"
            },
            {
                "user": "U028V9ZMXKP",
                "ts": "1627062476.026000"
            },
            {
                "user": "U5M5PLH9S",
                "ts": "1627062480.026200"
            },
            {
                "user": "U5M5PLH9S",
                "ts": "1627062503.026400"
            },
            {
                "user": "U028V9ZMXKP",
                "ts": "1627062509.026600"
            },
            {
                "user": "U5M5PLH9S",
                "ts": "1627062541.026900"
            },
            {
                "user": "U028V9ZMXKP",
                "ts": "1627062571.027100"
            },
            {
                "user": "U5M5PLH9S",
                "ts": "1627062580.027300"
            },
            {
                "user": "U028V9ZMXKP",
                "ts": "1627062593.027500"
            },
            {
                "user": "U5M5PLH9S",
                "ts": "1627062606.027700"
            },
            {
                "user": "U5M5PLH9S",
                "ts": "1627062629.027900"
            },
            {
                "user": "U028V9ZMXKP",
                "ts": "1627062723.028200"
            },
            {
                "user": "U5M5PLH9S",
                "ts": "1627062737.028400"
            },
            {
                "user": "U028V9ZMXKP",
                "ts": "1627062796.028700"
            },
            {
                "user": "U5M5PLH9S",
                "ts": "1627062839.028900"
            },
            {
                "user": "U5M5PLH9S",
                "ts": "1627062940.029100"
            },
            {
                "user": "U028V9ZMXKP",
                "ts": "1627063121.029300"
            },
            {
                "user": "U028V9ZMXKP",
                "ts": "1627063149.029500"
            },
            {
                "user": "U028V9ZMXKP",
                "ts": "1627063168.029800"
            }
        ],
        "is_locked": false,
        "subscribed": true,
        "last_read": "1627063168.029800"
    },
    {
        "client_msg_id": "85d0def6-cf92-45f4-aa2a-5637e1dc6882",
        "type": "message",
        "text": "Hey again <@U028V9ZMXKP>, and welcome here!",
        "user": "U5M5PLH9S",
        "ts": "1627061481.016600",
        "team": "T5M5PLH8U",
        "user_team": "T5M5PLH8U",
        "source_team": "T5M5PLH8U",
        "user_profile": {
            "avatar_hash": "e4fb6ae9f526",
            "image_72": "https:\/\/avatars.slack-edge.com\/2017-06-01\/191144530514_e4fb6ae9f526531fd41c_72.jpg",
            "first_name": "",
            "real_name": "kelu",
            "display_name": "",
            "team": "T5M5PLH8U",
            "name": "kelu",
            "is_restricted": false,
            "is_ultra_restricted": false
        },
        "blocks": [
            {
                "type": "rich_text",
                "block_id": "2UC",
                "elements": [
                    {
                        "type": "rich_text_section",
                        "elements": [
                            {
                                "type": "text",
                                "text": "Hey again "
                            },
                            {
                                "type": "user",
                                "user_id": "U028V9ZMXKP"
                            },
                            {
                                "type": "text",
                                "text": ", and welcome here!"
                            }
                        ]
                    }
                ]
            }
        ],
        "thread_ts": "1627060705.016500",
        "parent_user_id": "U028V9ZMXKP",
        "reactions": [
            {
                "name": "raised_hands",
                "users": [
                    "U028V9ZMXKP"
                ],
                "count": 1
            }
        ]
    },
    {
        "client_msg_id": "c79fa35f-67c3-4fa8-9148-ee52f51f5274",
        "type": "message",
        "text": "I wouldn't recommend using my design if not to be used for ultrasound :smiley:",
        "user": "U5M5PLH9S",
        "ts": "1627061509.016900",
        "team": "T5M5PLH8U",
        "user_team": "T5M5PLH8U",
        "source_team": "T5M5PLH8U",
        "user_profile": {
            "avatar_hash": "e4fb6ae9f526",
            "image_72": "https:\/\/avatars.slack-edge.com\/2017-06-01\/191144530514_e4fb6ae9f526531fd41c_72.jpg",
            "first_name": "",
            "real_name": "kelu",
            "display_name": "",
            "team": "T5M5PLH8U",
            "name": "kelu",
            "is_restricted": false,
            "is_ultra_restricted": false
        },
        "blocks": [
            {
                "type": "rich_text",
                "block_id": "4V6d",
                "elements": [
                    {
                        "type": "rich_text_section",
                        "elements": [
                            {
                                "type": "text",
                                "text": "I wouldn't recommend using my design if not to be used for ultrasound "
                            },
                            {
                                "type": "emoji",
                                "name": "smiley"
                            }
                        ]
                    }
                ]
            }
        ],
        "thread_ts": "1627060705.016500",
        "parent_user_id": "U028V9ZMXKP",
        "reactions": [
            {
                "name": "white_check_mark",
                "users": [
                    "U028V9ZMXKP"
                ],
                "count": 1
            }
        ]
    },
    {
        "client_msg_id": "950b6683-3c92-458e-92a1-7c9554ea5aaa",
        "type": "message",
        "text": "thanks for all your wonderful documentation",
        "user": "U028V9ZMXKP",
        "ts": "1627061527.017100",
        "team": "T5M5PLH8U",
        "user_team": "T5M5PLH8U",
        "source_team": "T5M5PLH8U",
        "user_profile": {
            "avatar_hash": "12104d1d94c5",
            "image_72": "https:\/\/avatars.slack-edge.com\/2021-07-22\/2310565296212_12104d1d94c575e75ca8_72.jpg",
            "first_name": "",
            "real_name": "Bryce Smith",
            "display_name": "Bryce Smith",
            "team": "T5M5PLH8U",
            "name": "brycedrechselsmith",
            "is_restricted": false,
            "is_ultra_restricted": false
        },
        "blocks": [
            {
                "type": "rich_text",
                "block_id": "IVIGX",
                "elements": [
                    {
                        "type": "rich_text_section",
                        "elements": [
                            {
                                "type": "text",
                                "text": "thanks for all your wonderful documentation"
                            }
                        ]
                    }
                ]
            }
        ],
        "thread_ts": "1627060705.016500",
        "parent_user_id": "U028V9ZMXKP"
    },
    {
        "client_msg_id": "ba6cb295-9487-468a-9a82-c8146dd6279a",
        "type": "message",
        "text": "No worries!",
        "user": "U5M5PLH9S",
        "ts": "1627061533.017300",
        "team": "T5M5PLH8U",
        "user_team": "T5M5PLH8U",
        "source_team": "T5M5PLH8U",
        "user_profile": {
            "avatar_hash": "e4fb6ae9f526",
            "image_72": "https:\/\/avatars.slack-edge.com\/2017-06-01\/191144530514_e4fb6ae9f526531fd41c_72.jpg",
            "first_name": "",
            "real_name": "kelu",
            "display_name": "",
            "team": "T5M5PLH8U",
            "name": "kelu",
            "is_restricted": false,
            "is_ultra_restricted": false
        },
        "blocks": [
            {
                "type": "rich_text",
                "block_id": "+X2",
                "elements": [
                    {
                        "type": "rich_text_section",
                        "elements": [
                            {
                                "type": "text",
                                "text": "No worries!"
                            }
                        ]
                    }
                ]
            }
        ],
        "thread_ts": "1627060705.016500",
        "parent_user_id": "U028V9ZMXKP"
    },
    {
        "client_msg_id": "c9b34b8f-106a-40a6-a8b3-9c97c5ffdd3c",
        "type": "message",
        "text": "Can we start with the specs, as in the \"must have\" categories and \"nice to have\"?",
        "user": "U5M5PLH9S",
        "ts": "1627061535.017600",
        "team": "T5M5PLH8U",
        "user_team": "T5M5PLH8U",
        "source_team": "T5M5PLH8U",
        "user_profile": {
            "avatar_hash": "e4fb6ae9f526",
            "image_72": "https:\/\/avatars.slack-edge.com\/2017-06-01\/191144530514_e4fb6ae9f526531fd41c_72.jpg",
            "first_name": "",
            "real_name": "kelu",
            "display_name": "",
            "team": "T5M5PLH8U",
            "name": "kelu",
            "is_restricted": false,
            "is_ultra_restricted": false
        },
        "blocks": [
            {
                "type": "rich_text",
                "block_id": "if02i",
                "elements": [
                    {
                        "type": "rich_text_section",
                        "elements": [
                            {
                                "type": "text",
                                "text": "Can we start with the specs, as in the \"must have\" categories and \"nice to have\"?"
                            }
                        ]
                    }
                ]
            }
        ],
        "thread_ts": "1627060705.016500",
        "parent_user_id": "U028V9ZMXKP",
        "reactions": [
            {
                "name": "white_check_mark",
                "users": [
                    "U028V9ZMXKP"
                ],
                "count": 1
            }
        ]
    },
    {
        "client_msg_id": "f54366be-becc-4e26-8fd5-655c9265d764",
        "type": "message",
        "text": "Must have is wireless + 2.5Msps ADC ?",
        "user": "U5M5PLH9S",
        "ts": "1627061547.017900",
        "team": "T5M5PLH8U",
        "user_team": "T5M5PLH8U",
        "source_team": "T5M5PLH8U",
        "user_profile": {
            "avatar_hash": "e4fb6ae9f526",
            "image_72": "https:\/\/avatars.slack-edge.com\/2017-06-01\/191144530514_e4fb6ae9f526531fd41c_72.jpg",
            "first_name": "",
            "real_name": "kelu",
            "display_name": "",
            "team": "T5M5PLH8U",
            "name": "kelu",
            "is_restricted": false,
            "is_ultra_restricted": false
        },
        "blocks": [
            {
                "type": "rich_text",
                "block_id": "+Hi=",
                "elements": [
                    {
                        "type": "rich_text_section",
                        "elements": [
                            {
                                "type": "text",
                                "text": "Must have is wireless + 2.5Msps ADC ?"
                            }
                        ]
                    }
                ]
            }
        ],
        "thread_ts": "1627060705.016500",
        "parent_user_id": "U028V9ZMXKP"
    },
    {
        "client_msg_id": "4dad1b5a-f2e6-4fae-a91b-4c08083f57fd",
        "type": "message",
        "text": "How many bits on the ADC ?",
        "user": "U5M5PLH9S",
        "ts": "1627061574.018100",
        "team": "T5M5PLH8U",
        "user_team": "T5M5PLH8U",
        "source_team": "T5M5PLH8U",
        "user_profile": {
            "avatar_hash": "e4fb6ae9f526",
            "image_72": "https:\/\/avatars.slack-edge.com\/2017-06-01\/191144530514_e4fb6ae9f526531fd41c_72.jpg",
            "first_name": "",
            "real_name": "kelu",
            "display_name": "",
            "team": "T5M5PLH8U",
            "name": "kelu",
            "is_restricted": false,
            "is_ultra_restricted": false
        },
        "blocks": [
            {
                "type": "rich_text",
                "block_id": "XalF",
                "elements": [
                    {
                        "type": "rich_text_section",
                        "elements": [
                            {
                                "type": "text",
                                "text": "How many bits on the ADC ?"
                            }
                        ]
                    }
                ]
            }
        ],
        "thread_ts": "1627060705.016500",
        "parent_user_id": "U028V9ZMXKP"
    },
    {
        "client_msg_id": "86f88b40-3a94-4c91-99bb-b9ce623a5018",
        "type": "message",
        "text": "must have streaming 2Msps, 8bit",
        "user": "U028V9ZMXKP",
        "ts": "1627061587.018300",
        "team": "T5M5PLH8U",
        "user_team": "T5M5PLH8U",
        "source_team": "T5M5PLH8U",
        "user_profile": {
            "avatar_hash": "12104d1d94c5",
            "image_72": "https:\/\/avatars.slack-edge.com\/2021-07-22\/2310565296212_12104d1d94c575e75ca8_72.jpg",
            "first_name": "",
            "real_name": "Bryce Smith",
            "display_name": "Bryce Smith",
            "team": "T5M5PLH8U",
            "name": "brycedrechselsmith",
            "is_restricted": false,
            "is_ultra_restricted": false
        },
        "blocks": [
            {
                "type": "rich_text",
                "block_id": "\/nm",
                "elements": [
                    {
                        "type": "rich_text_section",
                        "elements": [
                            {
                                "type": "text",
                                "text": "must have streaming 2Msps, 8bit"
                            }
                        ]
                    }
                ]
            }
        ],
        "thread_ts": "1627060705.016500",
        "parent_user_id": "U028V9ZMXKP"
    },
    {
        "client_msg_id": "acd232be-77e5-4f27-b7ed-bbd89862aea3",
        "type": "message",
        "text": "everything else can be pushed down the road, but streaming over wifi is the end goal yes",
        "user": "U028V9ZMXKP",
        "ts": "1627061616.018500",
        "team": "T5M5PLH8U",
        "user_team": "T5M5PLH8U",
        "source_team": "T5M5PLH8U",
        "user_profile": {
            "avatar_hash": "12104d1d94c5",
            "image_72": "https:\/\/avatars.slack-edge.com\/2021-07-22\/2310565296212_12104d1d94c575e75ca8_72.jpg",
            "first_name": "",
            "real_name": "Bryce Smith",
            "display_name": "Bryce Smith",
            "team": "T5M5PLH8U",
            "name": "brycedrechselsmith",
            "is_restricted": false,
            "is_ultra_restricted": false
        },
        "blocks": [
            {
                "type": "rich_text",
                "block_id": "a4P",
                "elements": [
                    {
                        "type": "rich_text_section",
                        "elements": [
                            {
                                "type": "text",
                                "text": "everything else can be pushed down the road, but streaming over wifi is the end goal yes"
                            }
                        ]
                    }
                ]
            }
        ],
        "thread_ts": "1627060705.016500",
        "parent_user_id": "U028V9ZMXKP"
    },
    {
        "client_msg_id": "f62e4a42-4711-4fd8-8c9f-9d1dac3c3c00",
        "type": "message",
        "text": "Okay, let's have hence something akin to 2MB\/s",
        "user": "U5M5PLH9S",
        "ts": "1627061700.018700",
        "team": "T5M5PLH8U",
        "user_team": "T5M5PLH8U",
        "source_team": "T5M5PLH8U",
        "user_profile": {
            "avatar_hash": "e4fb6ae9f526",
            "image_72": "https:\/\/avatars.slack-edge.com\/2017-06-01\/191144530514_e4fb6ae9f526531fd41c_72.jpg",
            "first_name": "",
            "real_name": "kelu",
            "display_name": "",
            "team": "T5M5PLH8U",
            "name": "kelu",
            "is_restricted": false,
            "is_ultra_restricted": false
        },
        "blocks": [
            {
                "type": "rich_text",
                "block_id": "K9N",
                "elements": [
                    {
                        "type": "rich_text_section",
                        "elements": [
                            {
                                "type": "text",
                                "text": "Okay, let's have hence something akin to 2MB\/s"
                            }
                        ]
                    }
                ]
            }
        ],
        "thread_ts": "1627060705.016500",
        "parent_user_id": "U028V9ZMXKP"
    },
    {
        "client_msg_id": "9f5274ed-c8f7-4e82-b945-1e0d0ae9066b",
        "type": "message",
        "text": "correct",
        "user": "U028V9ZMXKP",
        "ts": "1627061719.018900",
        "team": "T5M5PLH8U",
        "user_team": "T5M5PLH8U",
        "source_team": "T5M5PLH8U",
        "user_profile": {
            "avatar_hash": "12104d1d94c5",
            "image_72": "https:\/\/avatars.slack-edge.com\/2021-07-22\/2310565296212_12104d1d94c575e75ca8_72.jpg",
            "first_name": "",
            "real_name": "Bryce Smith",
            "display_name": "Bryce Smith",
            "team": "T5M5PLH8U",
            "name": "brycedrechselsmith",
            "is_restricted": false,
            "is_ultra_restricted": false
        },
        "blocks": [
            {
                "type": "rich_text",
                "block_id": "Uena",
                "elements": [
                    {
                        "type": "rich_text_section",
                        "elements": [
                            {
                                "type": "text",
                                "text": "correct"
                            }
                        ]
                    }
                ]
            }
        ],
        "thread_ts": "1627060705.016500",
        "parent_user_id": "U028V9ZMXKP"
    },
    {
        "client_msg_id": "1283fee4-9fe8-4022-9f2e-61da171484a0",
        "type": "message",
        "text": "Wifi can be your friend, but it's tricky. Too many middlemen in between. TCP will wait for packets confirming they have been received, lowering feasible bandwidth",
        "user": "U5M5PLH9S",
        "ts": "1627061751.019100",
        "team": "T5M5PLH8U",
        "user_team": "T5M5PLH8U",
        "source_team": "T5M5PLH8U",
        "user_profile": {
            "avatar_hash": "e4fb6ae9f526",
            "image_72": "https:\/\/avatars.slack-edge.com\/2017-06-01\/191144530514_e4fb6ae9f526531fd41c_72.jpg",
            "first_name": "",
            "real_name": "kelu",
            "display_name": "",
            "team": "T5M5PLH8U",
            "name": "kelu",
            "is_restricted": false,
            "is_ultra_restricted": false
        },
        "blocks": [
            {
                "type": "rich_text",
                "block_id": "wGzS",
                "elements": [
                    {
                        "type": "rich_text_section",
                        "elements": [
                            {
                                "type": "text",
                                "text": "Wifi can be your friend, but it's tricky. Too many middlemen in between. TCP will wait for packets confirming they have been received, lowering feasible bandwidth"
                            }
                        ]
                    }
                ]
            }
        ],
        "thread_ts": "1627060705.016500",
        "parent_user_id": "U028V9ZMXKP"
    },
    {
        "client_msg_id": "35007eb6-fb19-4e0e-a9c8-55e04e60ba3c",
        "type": "message",
        "text": "UDP can be your friend, but you'll never know if you miss something.",
        "user": "U5M5PLH9S",
        "ts": "1627061770.019300",
        "team": "T5M5PLH8U",
        "user_team": "T5M5PLH8U",
        "source_team": "T5M5PLH8U",
        "user_profile": {
            "avatar_hash": "e4fb6ae9f526",
            "image_72": "https:\/\/avatars.slack-edge.com\/2017-06-01\/191144530514_e4fb6ae9f526531fd41c_72.jpg",
            "first_name": "",
            "real_name": "kelu",
            "display_name": "",
            "team": "T5M5PLH8U",
            "name": "kelu",
            "is_restricted": false,
            "is_ultra_restricted": false
        },
        "blocks": [
            {
                "type": "rich_text",
                "block_id": "mPVxu",
                "elements": [
                    {
                        "type": "rich_text_section",
                        "elements": [
                            {
                                "type": "text",
                                "text": "UDP can be your friend, but you'll never know if you miss something."
                            }
                        ]
                    }
                ]
            }
        ],
        "thread_ts": "1627060705.016500",
        "parent_user_id": "U028V9ZMXKP"
    },
    {
        "client_msg_id": "e6e4cbb3-df61-41d7-a5e0-69a2905eeaa5",
        "type": "message",
        "text": "Btw, do you want to acquire bursts or continuous?",
        "user": "U5M5PLH9S",
        "ts": "1627061782.019500",
        "team": "T5M5PLH8U",
        "user_team": "T5M5PLH8U",
        "source_team": "T5M5PLH8U",
        "user_profile": {
            "avatar_hash": "e4fb6ae9f526",
            "image_72": "https:\/\/avatars.slack-edge.com\/2017-06-01\/191144530514_e4fb6ae9f526531fd41c_72.jpg",
            "first_name": "",
            "real_name": "kelu",
            "display_name": "",
            "team": "T5M5PLH8U",
            "name": "kelu",
            "is_restricted": false,
            "is_ultra_restricted": false
        },
        "blocks": [
            {
                "type": "rich_text",
                "block_id": "p9R3e",
                "elements": [
                    {
                        "type": "rich_text_section",
                        "elements": [
                            {
                                "type": "text",
                                "text": "Btw, do you want to acquire bursts or continuous?"
                            }
                        ]
                    }
                ]
            }
        ],
        "thread_ts": "1627060705.016500",
        "parent_user_id": "U028V9ZMXKP"
    },
    {
        "client_msg_id": "a60743d9-5ead-4011-b233-98301594483f",
        "type": "message",
        "text": "continuous",
        "user": "U028V9ZMXKP",
        "ts": "1627061788.019700",
        "team": "T5M5PLH8U",
        "user_team": "T5M5PLH8U",
        "source_team": "T5M5PLH8U",
        "user_profile": {
            "avatar_hash": "12104d1d94c5",
            "image_72": "https:\/\/avatars.slack-edge.com\/2021-07-22\/2310565296212_12104d1d94c575e75ca8_72.jpg",
            "first_name": "",
            "real_name": "Bryce Smith",
            "display_name": "Bryce Smith",
            "team": "T5M5PLH8U",
            "name": "brycedrechselsmith",
            "is_restricted": false,
            "is_ultra_restricted": false
        },
        "blocks": [
            {
                "type": "rich_text",
                "block_id": "vJLG",
                "elements": [
                    {
                        "type": "rich_text_section",
                        "elements": [
                            {
                                "type": "text",
                                "text": "continuous"
                            }
                        ]
                    }
                ]
            }
        ],
        "thread_ts": "1627060705.016500",
        "parent_user_id": "U028V9ZMXKP"
    },
    {
        "client_msg_id": "0611d0a6-3ae6-4884-887d-eea889696ad9",
        "type": "message",
        "text": "the wireless transmission can be in burst however",
        "user": "U028V9ZMXKP",
        "ts": "1627061800.019900",
        "team": "T5M5PLH8U",
        "user_team": "T5M5PLH8U",
        "source_team": "T5M5PLH8U",
        "user_profile": {
            "avatar_hash": "12104d1d94c5",
            "image_72": "https:\/\/avatars.slack-edge.com\/2021-07-22\/2310565296212_12104d1d94c575e75ca8_72.jpg",
            "first_name": "",
            "real_name": "Bryce Smith",
            "display_name": "Bryce Smith",
            "team": "T5M5PLH8U",
            "name": "brycedrechselsmith",
            "is_restricted": false,
            "is_ultra_restricted": false
        },
        "edited": {
            "user": "U028V9ZMXKP",
            "ts": "1627061822.000000"
        },
        "blocks": [
            {
                "type": "rich_text",
                "block_id": "mWVOk",
                "elements": [
                    {
                        "type": "rich_text_section",
                        "elements": [
                            {
                                "type": "text",
                                "text": "the wireless transmission can be in burst however"
                            }
                        ]
                    }
                ]
            }
        ],
        "thread_ts": "1627060705.016500",
        "parent_user_id": "U028V9ZMXKP"
    },
    {
        "client_msg_id": "c065d9c6-8cbb-4ddd-9cf5-71d49ec21e34",
        "type": "message",
        "text": "Tricky indeed.",
        "user": "U5M5PLH9S",
        "ts": "1627061800.020100",
        "team": "T5M5PLH8U",
        "user_team": "T5M5PLH8U",
        "source_team": "T5M5PLH8U",
        "user_profile": {
            "avatar_hash": "e4fb6ae9f526",
            "image_72": "https:\/\/avatars.slack-edge.com\/2017-06-01\/191144530514_e4fb6ae9f526531fd41c_72.jpg",
            "first_name": "",
            "real_name": "kelu",
            "display_name": "",
            "team": "T5M5PLH8U",
            "name": "kelu",
            "is_restricted": false,
            "is_ultra_restricted": false
        },
        "blocks": [
            {
                "type": "rich_text",
                "block_id": "EVOIO",
                "elements": [
                    {
                        "type": "rich_text_section",
                        "elements": [
                            {
                                "type": "text",
                                "text": "Tricky indeed."
                            }
                        ]
                    }
                ]
            }
        ],
        "thread_ts": "1627060705.016500",
        "parent_user_id": "U028V9ZMXKP",
        "reactions": [
            {
                "name": "raised_hands",
                "users": [
                    "U028V9ZMXKP"
                ],
                "count": 1
            }
        ]
    },
    {
        "client_msg_id": "e713e962-612b-4771-b7cf-94cead9574d4",
        "type": "message",
        "text": "there's no choice for wifi, protocol imposes packets hence bursts :smiley:",
        "user": "U5M5PLH9S",
        "ts": "1627061818.020400",
        "team": "T5M5PLH8U",
        "user_team": "T5M5PLH8U",
        "source_team": "T5M5PLH8U",
        "user_profile": {
            "avatar_hash": "e4fb6ae9f526",
            "image_72": "https:\/\/avatars.slack-edge.com\/2017-06-01\/191144530514_e4fb6ae9f526531fd41c_72.jpg",
            "first_name": "",
            "real_name": "kelu",
            "display_name": "",
            "team": "T5M5PLH8U",
            "name": "kelu",
            "is_restricted": false,
            "is_ultra_restricted": false
        },
        "blocks": [
            {
                "type": "rich_text",
                "block_id": "NWzT",
                "elements": [
                    {
                        "type": "rich_text_section",
                        "elements": [
                            {
                                "type": "text",
                                "text": "there's no choice for wifi, protocol imposes packets hence bursts "
                            },
                            {
                                "type": "emoji",
                                "name": "smiley"
                            }
                        ]
                    }
                ]
            }
        ],
        "thread_ts": "1627060705.016500",
        "parent_user_id": "U028V9ZMXKP",
        "reactions": [
            {
                "name": "white_check_mark",
                "users": [
                    "U028V9ZMXKP"
                ],
                "count": 1
            }
        ]
    },
    {
        "client_msg_id": "43d0bbbe-4af3-413b-9488-293ce79bdee8",
        "type": "message",
        "text": "You'd need to have large packets, to optimize the overheads of the packets vs the actual message in a packet",
        "user": "U5M5PLH9S",
        "ts": "1627061849.020800",
        "team": "T5M5PLH8U",
        "user_team": "T5M5PLH8U",
        "source_team": "T5M5PLH8U",
        "user_profile": {
            "avatar_hash": "e4fb6ae9f526",
            "image_72": "https:\/\/avatars.slack-edge.com\/2017-06-01\/191144530514_e4fb6ae9f526531fd41c_72.jpg",
            "first_name": "",
            "real_name": "kelu",
            "display_name": "",
            "team": "T5M5PLH8U",
            "name": "kelu",
            "is_restricted": false,
            "is_ultra_restricted": false
        },
        "blocks": [
            {
                "type": "rich_text",
                "block_id": "TOr",
                "elements": [
                    {
                        "type": "rich_text_section",
                        "elements": [
                            {
                                "type": "text",
                                "text": "You'd need to have large packets, to optimize the overheads of the packets vs the actual message in a packet"
                            }
                        ]
                    }
                ]
            }
        ],
        "thread_ts": "1627060705.016500",
        "parent_user_id": "U028V9ZMXKP"
    },
    {
        "client_msg_id": "b5ba479a-e00e-4de7-a7bf-8694abc82f62",
        "type": "message",
        "text": "yes, experimentally I've been able to get ~5MB\/s over wifi",
        "user": "U028V9ZMXKP",
        "ts": "1627061851.021000",
        "team": "T5M5PLH8U",
        "user_team": "T5M5PLH8U",
        "source_team": "T5M5PLH8U",
        "user_profile": {
            "avatar_hash": "12104d1d94c5",
            "image_72": "https:\/\/avatars.slack-edge.com\/2021-07-22\/2310565296212_12104d1d94c575e75ca8_72.jpg",
            "first_name": "",
            "real_name": "Bryce Smith",
            "display_name": "Bryce Smith",
            "team": "T5M5PLH8U",
            "name": "brycedrechselsmith",
            "is_restricted": false,
            "is_ultra_restricted": false
        },
        "blocks": [
            {
                "type": "rich_text",
                "block_id": "yqZEe",
                "elements": [
                    {
                        "type": "rich_text_section",
                        "elements": [
                            {
                                "type": "text",
                                "text": "yes, experimentally I've been able to get ~5MB\/s over wifi"
                            }
                        ]
                    }
                ]
            }
        ],
        "thread_ts": "1627060705.016500",
        "parent_user_id": "U028V9ZMXKP"
    },
    {
        "client_msg_id": "10eb2e7c-45e1-463a-9791-145d454bb9ba",
        "type": "message",
        "text": "Using TCP or UDP ?",
        "user": "U5M5PLH9S",
        "ts": "1627061860.021200",
        "team": "T5M5PLH8U",
        "user_team": "T5M5PLH8U",
        "source_team": "T5M5PLH8U",
        "user_profile": {
            "avatar_hash": "e4fb6ae9f526",
            "image_72": "https:\/\/avatars.slack-edge.com\/2017-06-01\/191144530514_e4fb6ae9f526531fd41c_72.jpg",
            "first_name": "",
            "real_name": "kelu",
            "display_name": "",
            "team": "T5M5PLH8U",
            "name": "kelu",
            "is_restricted": false,
            "is_ultra_restricted": false
        },
        "blocks": [
            {
                "type": "rich_text",
                "block_id": "s+fc",
                "elements": [
                    {
                        "type": "rich_text_section",
                        "elements": [
                            {
                                "type": "text",
                                "text": "Using TCP or UDP ?"
                            }
                        ]
                    }
                ]
            }
        ],
        "thread_ts": "1627060705.016500",
        "parent_user_id": "U028V9ZMXKP"
    },
    {
        "client_msg_id": "33336b9c-f483-4818-b48c-e4c1cfbe9cd1",
        "type": "message",
        "text": "Hum using a microcontroller to stream?",
        "user": "U5M5PLH9S",
        "ts": "1627061876.021400",
        "team": "T5M5PLH8U",
        "user_team": "T5M5PLH8U",
        "source_team": "T5M5PLH8U",
        "user_profile": {
            "avatar_hash": "e4fb6ae9f526",
            "image_72": "https:\/\/avatars.slack-edge.com\/2017-06-01\/191144530514_e4fb6ae9f526531fd41c_72.jpg",
            "first_name": "",
            "real_name": "kelu",
            "display_name": "",
            "team": "T5M5PLH8U",
            "name": "kelu",
            "is_restricted": false,
            "is_ultra_restricted": false
        },
        "blocks": [
            {
                "type": "rich_text",
                "block_id": "eC5H\/",
                "elements": [
                    {
                        "type": "rich_text_section",
                        "elements": [
                            {
                                "type": "text",
                                "text": "Hum using a microcontroller to stream?"
                            }
                        ]
                    }
                ]
            }
        ],
        "thread_ts": "1627060705.016500",
        "parent_user_id": "U028V9ZMXKP"
    },
    {
        "client_msg_id": "1766815e-e050-44a6-82de-717c0cdf7b6a",
        "type": "message",
        "text": "yes, leveraging PyLSL",
        "user": "U028V9ZMXKP",
        "ts": "1627061888.021600",
        "team": "T5M5PLH8U",
        "user_team": "T5M5PLH8U",
        "source_team": "T5M5PLH8U",
        "user_profile": {
            "avatar_hash": "12104d1d94c5",
            "image_72": "https:\/\/avatars.slack-edge.com\/2021-07-22\/2310565296212_12104d1d94c575e75ca8_72.jpg",
            "first_name": "",
            "real_name": "Bryce Smith",
            "display_name": "Bryce Smith",
            "team": "T5M5PLH8U",
            "name": "brycedrechselsmith",
            "is_restricted": false,
            "is_ultra_restricted": false
        },
        "blocks": [
            {
                "type": "rich_text",
                "block_id": "m\/EN2",
                "elements": [
                    {
                        "type": "rich_text_section",
                        "elements": [
                            {
                                "type": "text",
                                "text": "yes, leveraging PyLSL"
                            }
                        ]
                    }
                ]
            }
        ],
        "thread_ts": "1627060705.016500",
        "parent_user_id": "U028V9ZMXKP"
    },
    {
        "client_msg_id": "cac2fc70-1d30-4d9e-a462-8c02f6d7cc96",
        "type": "message",
        "text": "ah I'll have to look into this, not aware of that. 5MB\/s seems very good.",
        "user": "U5M5PLH9S",
        "ts": "1627061934.021800",
        "team": "T5M5PLH8U",
        "user_team": "T5M5PLH8U",
        "source_team": "T5M5PLH8U",
        "user_profile": {
            "avatar_hash": "e4fb6ae9f526",
            "image_72": "https:\/\/avatars.slack-edge.com\/2017-06-01\/191144530514_e4fb6ae9f526531fd41c_72.jpg",
            "first_name": "",
            "real_name": "kelu",
            "display_name": "",
            "team": "T5M5PLH8U",
            "name": "kelu",
            "is_restricted": false,
            "is_ultra_restricted": false
        },
        "blocks": [
            {
                "type": "rich_text",
                "block_id": "jrY",
                "elements": [
                    {
                        "type": "rich_text_section",
                        "elements": [
                            {
                                "type": "text",
                                "text": "ah I'll have to look into this, not aware of that. 5MB\/s seems very good."
                            }
                        ]
                    }
                ]
            }
        ],
        "thread_ts": "1627060705.016500",
        "parent_user_id": "U028V9ZMXKP",
        "reactions": [
            {
                "name": "white_check_mark",
                "users": [
                    "U028V9ZMXKP"
                ],
                "count": 1
            }
        ]
    },
    {
        "client_msg_id": "3cc6755e-26b4-4fd7-ad6a-10abacd0e3e9",
        "type": "message",
        "text": "hum then it'll depend on your microcontroler",
        "user": "U5M5PLH9S",
        "ts": "1627061951.022100",
        "team": "T5M5PLH8U",
        "user_team": "T5M5PLH8U",
        "source_team": "T5M5PLH8U",
        "user_profile": {
            "avatar_hash": "e4fb6ae9f526",
            "image_72": "https:\/\/avatars.slack-edge.com\/2017-06-01\/191144530514_e4fb6ae9f526531fd41c_72.jpg",
            "first_name": "",
            "real_name": "kelu",
            "display_name": "",
            "team": "T5M5PLH8U",
            "name": "kelu",
            "is_restricted": false,
            "is_ultra_restricted": false
        },
        "blocks": [
            {
                "type": "rich_text",
                "block_id": "F2Dj",
                "elements": [
                    {
                        "type": "rich_text_section",
                        "elements": [
                            {
                                "type": "text",
                                "text": "hum then it'll depend on your microcontroler"
                            }
                        ]
                    }
                ]
            }
        ],
        "thread_ts": "1627060705.016500",
        "parent_user_id": "U028V9ZMXKP"
    },
    {
        "client_msg_id": "5527b22f-f782-4478-9033-9052a3f0fc5c",
        "type": "message",
        "text": "some can have embedded ADCs allowing 2.4Msps (STMs if I remember well)",
        "user": "U5M5PLH9S",
        "ts": "1627061970.022300",
        "team": "T5M5PLH8U",
        "user_team": "T5M5PLH8U",
        "source_team": "T5M5PLH8U",
        "user_profile": {
            "avatar_hash": "e4fb6ae9f526",
            "image_72": "https:\/\/avatars.slack-edge.com\/2017-06-01\/191144530514_e4fb6ae9f526531fd41c_72.jpg",
            "first_name": "",
            "real_name": "kelu",
            "display_name": "",
            "team": "T5M5PLH8U",
            "name": "kelu",
            "is_restricted": false,
            "is_ultra_restricted": false
        },
        "blocks": [
            {
                "type": "rich_text",
                "block_id": "Zpqo",
                "elements": [
                    {
                        "type": "rich_text_section",
                        "elements": [
                            {
                                "type": "text",
                                "text": "some can have embedded ADCs allowing 2.4Msps (STMs if I remember well)"
                            }
                        ]
                    }
                ]
            }
        ],
        "thread_ts": "1627060705.016500",
        "parent_user_id": "U028V9ZMXKP",
        "reactions": [
            {
                "name": "eyes",
                "users": [
                    "U028V9ZMXKP"
                ],
                "count": 1
            }
        ]
    },
    {
        "client_msg_id": "ceac71a3-a316-4b01-b8eb-4f61667ea617",
        "type": "message",
        "text": "yes, thats kind of what I've been seeing. I'm less concerned with the wireless transmission and more concerned with teh continuous acquisition at this stage though",
        "user": "U028V9ZMXKP",
        "ts": "1627061987.022500",
        "team": "T5M5PLH8U",
        "user_team": "T5M5PLH8U",
        "source_team": "T5M5PLH8U",
        "user_profile": {
            "avatar_hash": "12104d1d94c5",
            "image_72": "https:\/\/avatars.slack-edge.com\/2021-07-22\/2310565296212_12104d1d94c575e75ca8_72.jpg",
            "first_name": "",
            "real_name": "Bryce Smith",
            "display_name": "Bryce Smith",
            "team": "T5M5PLH8U",
            "name": "brycedrechselsmith",
            "is_restricted": false,
            "is_ultra_restricted": false
        },
        "blocks": [
            {
                "type": "rich_text",
                "block_id": "uUx",
                "elements": [
                    {
                        "type": "rich_text_section",
                        "elements": [
                            {
                                "type": "text",
                                "text": "yes, thats kind of what I've been seeing. I'm less concerned with the wireless transmission and more concerned with teh continuous acquisition at this stage though"
                            }
                        ]
                    }
                ]
            }
        ],
        "thread_ts": "1627060705.016500",
        "parent_user_id": "U028V9ZMXKP"
    },
    {
        "client_msg_id": "9b57ae24-8aac-48fe-a552-7d515474d563",
        "type": "message",
        "text": "yes I saw the stm32 dev boards, but am unfamiliar with them, have you used them?",
        "user": "U028V9ZMXKP",
        "ts": "1627062028.022800",
        "team": "T5M5PLH8U",
        "user_team": "T5M5PLH8U",
        "source_team": "T5M5PLH8U",
        "user_profile": {
            "avatar_hash": "12104d1d94c5",
            "image_72": "https:\/\/avatars.slack-edge.com\/2021-07-22\/2310565296212_12104d1d94c575e75ca8_72.jpg",
            "first_name": "",
            "real_name": "Bryce Smith",
            "display_name": "Bryce Smith",
            "team": "T5M5PLH8U",
            "name": "brycedrechselsmith",
            "is_restricted": false,
            "is_ultra_restricted": false
        },
        "blocks": [
            {
                "type": "rich_text",
                "block_id": "0BI",
                "elements": [
                    {
                        "type": "rich_text_section",
                        "elements": [
                            {
                                "type": "text",
                                "text": "yes I saw the stm32 dev boards, but am unfamiliar with them, have you used them?"
                            }
                        ]
                    }
                ]
            }
        ],
        "thread_ts": "1627060705.016500",
        "parent_user_id": "U028V9ZMXKP"
    },
    {
        "client_msg_id": "02135e14-e56a-4363-b3ba-13e5ff6c1413",
        "type": "message",
        "text": "I had played with the <https:\/\/www.adafruit.com\/product\/3056>",
        "user": "U5M5PLH9S",
        "ts": "1627062063.023000",
        "team": "T5M5PLH8U",
        "user_team": "T5M5PLH8U",
        "source_team": "T5M5PLH8U",
        "user_profile": {
            "avatar_hash": "e4fb6ae9f526",
            "image_72": "https:\/\/avatars.slack-edge.com\/2017-06-01\/191144530514_e4fb6ae9f526531fd41c_72.jpg",
            "first_name": "",
            "real_name": "kelu",
            "display_name": "",
            "team": "T5M5PLH8U",
            "name": "kelu",
            "is_restricted": false,
            "is_ultra_restricted": false
        },
        "blocks": [
            {
                "type": "rich_text",
                "block_id": "EmUe3",
                "elements": [
                    {
                        "type": "rich_text_section",
                        "elements": [
                            {
                                "type": "text",
                                "text": "I had played with the "
                            },
                            {
                                "type": "link",
                                "url": "https:\/\/www.adafruit.com\/product\/3056"
                            }
                        ]
                    }
                ]
            }
        ],
        "thread_ts": "1627060705.016500",
        "parent_user_id": "U028V9ZMXKP"
    },
    {
        "client_msg_id": "3064b5b5-a233-4b39-83aa-fe5c06608324",
        "type": "message",
        "text": "oh, ive actually used those before as well, but not for anything like this",
        "user": "U028V9ZMXKP",
        "ts": "1627062134.023400",
        "team": "T5M5PLH8U",
        "user_team": "T5M5PLH8U",
        "source_team": "T5M5PLH8U",
        "user_profile": {
            "avatar_hash": "12104d1d94c5",
            "image_72": "https:\/\/avatars.slack-edge.com\/2021-07-22\/2310565296212_12104d1d94c575e75ca8_72.jpg",
            "first_name": "",
            "real_name": "Bryce Smith",
            "display_name": "Bryce Smith",
            "team": "T5M5PLH8U",
            "name": "brycedrechselsmith",
            "is_restricted": false,
            "is_ultra_restricted": false
        },
        "blocks": [
            {
                "type": "rich_text",
                "block_id": "SV\/S",
                "elements": [
                    {
                        "type": "rich_text_section",
                        "elements": [
                            {
                                "type": "text",
                                "text": "oh, ive actually used those before as well, but not for anything like this"
                            }
                        ]
                    }
                ]
            }
        ],
        "thread_ts": "1627060705.016500",
        "parent_user_id": "U028V9ZMXKP"
    },
    {
        "client_msg_id": "c1a6a9cc-f8d2-41ab-b42c-634ac9b8a0d7",
        "type": "message",
        "text": "See : <https:\/\/github.com\/kelu124\/echomods\/tree\/master\/retired\/croaker>",
        "user": "U5M5PLH9S",
        "ts": "1627062190.023600",
        "team": "T5M5PLH8U",
        "user_team": "T5M5PLH8U",
        "source_team": "T5M5PLH8U",
        "user_profile": {
            "avatar_hash": "e4fb6ae9f526",
            "image_72": "https:\/\/avatars.slack-edge.com\/2017-06-01\/191144530514_e4fb6ae9f526531fd41c_72.jpg",
            "first_name": "",
            "real_name": "kelu",
            "display_name": "",
            "team": "T5M5PLH8U",
            "name": "kelu",
            "is_restricted": false,
            "is_ultra_restricted": false
        },
        "blocks": [
            {
                "type": "rich_text",
                "block_id": "Rzj",
                "elements": [
                    {
                        "type": "rich_text_section",
                        "elements": [
                            {
                                "type": "text",
                                "text": "See : "
                            },
                            {
                                "type": "link",
                                "url": "https:\/\/github.com\/kelu124\/echomods\/tree\/master\/retired\/croaker"
                            }
                        ]
                    }
                ]
            }
        ],
        "thread_ts": "1627060705.016500",
        "parent_user_id": "U028V9ZMXKP"
    },
    {
        "client_msg_id": "390b4614-6688-48df-bf70-6e418efd321a",
        "type": "message",
        "text": "\" In a nutshell: getting roughly 12bits, 2Msps+ ADC acquisition and Wifi-streaming, on a powerbank. <https:\/\/github.com\/kelu124\/echomods\/blob\/master\/retired\/croaker\/feather_tests\/2016-09-10-Feather_ADC.md|Read more here> for the details on the STM32 work. <https:\/\/github.com\/kelu124\/echomods\/blob\/master\/retired\/croaker\/feather_tests\/2ADC2UDP.ino|Arduino code here, with details for setup>. \"",
        "user": "U5M5PLH9S",
        "ts": "1627062202.023900",
        "team": "T5M5PLH8U",
        "user_team": "T5M5PLH8U",
        "source_team": "T5M5PLH8U",
        "user_profile": {
            "avatar_hash": "e4fb6ae9f526",
            "image_72": "https:\/\/avatars.slack-edge.com\/2017-06-01\/191144530514_e4fb6ae9f526531fd41c_72.jpg",
            "first_name": "",
            "real_name": "kelu",
            "display_name": "",
            "team": "T5M5PLH8U",
            "name": "kelu",
            "is_restricted": false,
            "is_ultra_restricted": false
        },
        "blocks": [
            {
                "type": "rich_text",
                "block_id": "gMG",
                "elements": [
                    {
                        "type": "rich_text_section",
                        "elements": [
                            {
                                "type": "text",
                                "text": "\" In a nutshell: getting roughly 12bits, 2Msps+ ADC acquisition and Wifi-streaming, on a powerbank. "
                            },
                            {
                                "type": "link",
                                "url": "https:\/\/github.com\/kelu124\/echomods\/blob\/master\/retired\/croaker\/feather_tests\/2016-09-10-Feather_ADC.md",
                                "text": "Read more here"
                            },
                            {
                                "type": "text",
                                "text": " for the details on the STM32 work. "
                            },
                            {
                                "type": "link",
                                "url": "https:\/\/github.com\/kelu124\/echomods\/blob\/master\/retired\/croaker\/feather_tests\/2ADC2UDP.ino",
                                "text": "Arduino code here, with details for setup"
                            },
                            {
                                "type": "text",
                                "text": ". \""
                            }
                        ]
                    }
                ]
            }
        ],
        "thread_ts": "1627060705.016500",
        "parent_user_id": "U028V9ZMXKP",
        "reactions": [
            {
                "name": "pray",
                "users": [
                    "U028V9ZMXKP"
                ],
                "count": 1
            }
        ]
    },
    {
        "client_msg_id": "e19060dd-44f8-4f53-b5fe-ebd1de3c843a",
        "type": "message",
        "text": "Not continuous though",
        "user": "U5M5PLH9S",
        "ts": "1627062233.024200",
        "team": "T5M5PLH8U",
        "user_team": "T5M5PLH8U",
        "source_team": "T5M5PLH8U",
        "user_profile": {
            "avatar_hash": "e4fb6ae9f526",
            "image_72": "https:\/\/avatars.slack-edge.com\/2017-06-01\/191144530514_e4fb6ae9f526531fd41c_72.jpg",
            "first_name": "",
            "real_name": "kelu",
            "display_name": "",
            "team": "T5M5PLH8U",
            "name": "kelu",
            "is_restricted": false,
            "is_ultra_restricted": false
        },
        "blocks": [
            {
                "type": "rich_text",
                "block_id": "=EV",
                "elements": [
                    {
                        "type": "rich_text_section",
                        "elements": [
                            {
                                "type": "text",
                                "text": "Not continuous though"
                            }
                        ]
                    }
                ]
            }
        ],
        "thread_ts": "1627060705.016500",
        "parent_user_id": "U028V9ZMXKP"
    },
    {
        "client_msg_id": "9b2d3cc8-b186-4008-9c1f-a73939e5adef",
        "type": "message",
        "text": "ah, what sort of interval?",
        "user": "U028V9ZMXKP",
        "ts": "1627062261.024400",
        "team": "T5M5PLH8U",
        "user_team": "T5M5PLH8U",
        "source_team": "T5M5PLH8U",
        "user_profile": {
            "avatar_hash": "12104d1d94c5",
            "image_72": "https:\/\/avatars.slack-edge.com\/2021-07-22\/2310565296212_12104d1d94c575e75ca8_72.jpg",
            "first_name": "",
            "real_name": "Bryce Smith",
            "display_name": "Bryce Smith",
            "team": "T5M5PLH8U",
            "name": "brycedrechselsmith",
            "is_restricted": false,
            "is_ultra_restricted": false
        },
        "blocks": [
            {
                "type": "rich_text",
                "block_id": "qEcl",
                "elements": [
                    {
                        "type": "rich_text_section",
                        "elements": [
                            {
                                "type": "text",
                                "text": "ah, what sort of interval?"
                            }
                        ]
                    }
                ]
            }
        ],
        "thread_ts": "1627060705.016500",
        "parent_user_id": "U028V9ZMXKP"
    },
    {
        "client_msg_id": "6e897a3b-f8cb-4cf5-ab2c-85374d79d09b",
        "type": "message",
        "text": "I think 250us then sending, continuously",
        "user": "U5M5PLH9S",
        "ts": "1627062351.024700",
        "team": "T5M5PLH8U",
        "user_team": "T5M5PLH8U",
        "source_team": "T5M5PLH8U",
        "user_profile": {
            "avatar_hash": "e4fb6ae9f526",
            "image_72": "https:\/\/avatars.slack-edge.com\/2017-06-01\/191144530514_e4fb6ae9f526531fd41c_72.jpg",
            "first_name": "",
            "real_name": "kelu",
            "display_name": "",
            "team": "T5M5PLH8U",
            "name": "kelu",
            "is_restricted": false,
            "is_ultra_restricted": false
        },
        "blocks": [
            {
                "type": "rich_text",
                "block_id": "oMd",
                "elements": [
                    {
                        "type": "rich_text_section",
                        "elements": [
                            {
                                "type": "text",
                                "text": "I think 250us then sending, continuously"
                            }
                        ]
                    }
                ]
            }
        ],
        "thread_ts": "1627060705.016500",
        "parent_user_id": "U028V9ZMXKP"
    },
    {
        "client_msg_id": "d2c08c6a-bddc-4eaf-a0f1-d35b8a0a0117",
        "type": "message",
        "text": "STM32F303 seems to have 5Msps ADC :smiley:",
        "user": "U5M5PLH9S",
        "ts": "1627062396.024900",
        "team": "T5M5PLH8U",
        "user_team": "T5M5PLH8U",
        "source_team": "T5M5PLH8U",
        "user_profile": {
            "avatar_hash": "e4fb6ae9f526",
            "image_72": "https:\/\/avatars.slack-edge.com\/2017-06-01\/191144530514_e4fb6ae9f526531fd41c_72.jpg",
            "first_name": "",
            "real_name": "kelu",
            "display_name": "",
            "team": "T5M5PLH8U",
            "name": "kelu",
            "is_restricted": false,
            "is_ultra_restricted": false
        },
        "blocks": [
            {
                "type": "rich_text",
                "block_id": "GyfbW",
                "elements": [
                    {
                        "type": "rich_text_section",
                        "elements": [
                            {
                                "type": "text",
                                "text": "STM32F303 seems to have 5Msps ADC "
                            },
                            {
                                "type": "emoji",
                                "name": "smiley"
                            }
                        ]
                    }
                ]
            }
        ],
        "thread_ts": "1627060705.016500",
        "parent_user_id": "U028V9ZMXKP"
    },
    {
        "client_msg_id": "a04360e5-a604-4522-9d48-fdc4bbd132b4",
        "type": "message",
        "text": "to be honest, it'll be tricky",
        "user": "U5M5PLH9S",
        "ts": "1627062417.025100",
        "team": "T5M5PLH8U",
        "user_team": "T5M5PLH8U",
        "source_team": "T5M5PLH8U",
        "user_profile": {
            "avatar_hash": "e4fb6ae9f526",
            "image_72": "https:\/\/avatars.slack-edge.com\/2017-06-01\/191144530514_e4fb6ae9f526531fd41c_72.jpg",
            "first_name": "",
            "real_name": "kelu",
            "display_name": "",
            "team": "T5M5PLH8U",
            "name": "kelu",
            "is_restricted": false,
            "is_ultra_restricted": false
        },
        "blocks": [
            {
                "type": "rich_text",
                "block_id": "ahkh",
                "elements": [
                    {
                        "type": "rich_text_section",
                        "elements": [
                            {
                                "type": "text",
                                "text": "to be honest, it'll be tricky"
                            }
                        ]
                    }
                ]
            }
        ],
        "thread_ts": "1627060705.016500",
        "parent_user_id": "U028V9ZMXKP"
    },
    {
        "client_msg_id": "74ebfd9f-34ab-497a-abdb-105440b42569",
        "type": "message",
        "text": "lordy dont i know it",
        "user": "U028V9ZMXKP",
        "ts": "1627062432.025300",
        "team": "T5M5PLH8U",
        "user_team": "T5M5PLH8U",
        "source_team": "T5M5PLH8U",
        "user_profile": {
            "avatar_hash": "12104d1d94c5",
            "image_72": "https:\/\/avatars.slack-edge.com\/2021-07-22\/2310565296212_12104d1d94c575e75ca8_72.jpg",
            "first_name": "",
            "real_name": "Bryce Smith",
            "display_name": "Bryce Smith",
            "team": "T5M5PLH8U",
            "name": "brycedrechselsmith",
            "is_restricted": false,
            "is_ultra_restricted": false
        },
        "blocks": [
            {
                "type": "rich_text",
                "block_id": "zrxl",
                "elements": [
                    {
                        "type": "rich_text_section",
                        "elements": [
                            {
                                "type": "text",
                                "text": "lordy dont i know it"
                            }
                        ]
                    }
                ]
            }
        ],
        "thread_ts": "1627060705.016500",
        "parent_user_id": "U028V9ZMXKP"
    },
    {
        "client_msg_id": "7645802d-48b7-4717-b079-95052ed7cb2d",
        "type": "message",
        "text": "^^",
        "user": "U5M5PLH9S",
        "ts": "1627062441.025500",
        "team": "T5M5PLH8U",
        "user_team": "T5M5PLH8U",
        "source_team": "T5M5PLH8U",
        "user_profile": {
            "avatar_hash": "e4fb6ae9f526",
            "image_72": "https:\/\/avatars.slack-edge.com\/2017-06-01\/191144530514_e4fb6ae9f526531fd41c_72.jpg",
            "first_name": "",
            "real_name": "kelu",
            "display_name": "",
            "team": "T5M5PLH8U",
            "name": "kelu",
            "is_restricted": false,
            "is_ultra_restricted": false
        },
        "blocks": [
            {
                "type": "rich_text",
                "block_id": "9b+8",
                "elements": [
                    {
                        "type": "rich_text_section",
                        "elements": [
                            {
                                "type": "text",
                                "text": "^^"
                            }
                        ]
                    }
                ]
            }
        ],
        "thread_ts": "1627060705.016500",
        "parent_user_id": "U028V9ZMXKP"
    },
    {
        "client_msg_id": "46c64333-c999-47d2-85ac-100212584ab5",
        "type": "message",
        "text": "btw, if your signal is modulated, why don't you put the demodulation in hardware and slow ADC + wifi ?",
        "user": "U5M5PLH9S",
        "ts": "1627062449.025700",
        "team": "T5M5PLH8U",
        "user_team": "T5M5PLH8U",
        "source_team": "T5M5PLH8U",
        "user_profile": {
            "avatar_hash": "e4fb6ae9f526",
            "image_72": "https:\/\/avatars.slack-edge.com\/2017-06-01\/191144530514_e4fb6ae9f526531fd41c_72.jpg",
            "first_name": "",
            "real_name": "kelu",
            "display_name": "",
            "team": "T5M5PLH8U",
            "name": "kelu",
            "is_restricted": false,
            "is_ultra_restricted": false
        },
        "edited": {
            "user": "U5M5PLH9S",
            "ts": "1627062457.000000"
        },
        "blocks": [
            {
                "type": "rich_text",
                "block_id": "cXzPN",
                "elements": [
                    {
                        "type": "rich_text_section",
                        "elements": [
                            {
                                "type": "text",
                                "text": "btw, if your signal is modulated, why don't you put the demodulation in hardware and slow ADC + wifi ?"
                            }
                        ]
                    }
                ]
            }
        ],
        "thread_ts": "1627060705.016500",
        "parent_user_id": "U028V9ZMXKP"
    },
    {
        "client_msg_id": "1822c7a3-efde-49f1-bcbc-833b1e54bb80",
        "type": "message",
        "text": "i was able to get continuous capture on an rpi0w with an ads7884 using dma, and streaming the data into a csv file",
        "user": "U028V9ZMXKP",
        "ts": "1627062476.026000",
        "team": "T5M5PLH8U",
        "user_team": "T5M5PLH8U",
        "source_team": "T5M5PLH8U",
        "user_profile": {
            "avatar_hash": "12104d1d94c5",
            "image_72": "https:\/\/avatars.slack-edge.com\/2021-07-22\/2310565296212_12104d1d94c575e75ca8_72.jpg",
            "first_name": "",
            "real_name": "Bryce Smith",
            "display_name": "Bryce Smith",
            "team": "T5M5PLH8U",
            "name": "brycedrechselsmith",
            "is_restricted": false,
            "is_ultra_restricted": false
        },
        "blocks": [
            {
                "type": "rich_text",
                "block_id": "8GG9x",
                "elements": [
                    {
                        "type": "rich_text_section",
                        "elements": [
                            {
                                "type": "text",
                                "text": "i was able to get continuous capture on an rpi0w with an ads7884 using dma, and streaming the data into a csv file"
                            }
                        ]
                    }
                ]
            }
        ],
        "thread_ts": "1627060705.016500",
        "parent_user_id": "U028V9ZMXKP"
    },
    {
        "client_msg_id": "b3146646-28ee-4e7d-b4dd-200c60099daa",
        "type": "message",
        "text": "Alternatively, i'd go for an wire connection :smiley:",
        "user": "U5M5PLH9S",
        "ts": "1627062480.026200",
        "team": "T5M5PLH8U",
        "user_team": "T5M5PLH8U",
        "source_team": "T5M5PLH8U",
        "user_profile": {
            "avatar_hash": "e4fb6ae9f526",
            "image_72": "https:\/\/avatars.slack-edge.com\/2017-06-01\/191144530514_e4fb6ae9f526531fd41c_72.jpg",
            "first_name": "",
            "real_name": "kelu",
            "display_name": "",
            "team": "T5M5PLH8U",
            "name": "kelu",
            "is_restricted": false,
            "is_ultra_restricted": false
        },
        "blocks": [
            {
                "type": "rich_text",
                "block_id": "J7bc1",
                "elements": [
                    {
                        "type": "rich_text_section",
                        "elements": [
                            {
                                "type": "text",
                                "text": "Alternatively, i'd go for an wire connection "
                            },
                            {
                                "type": "emoji",
                                "name": "smiley"
                            }
                        ]
                    }
                ]
            }
        ],
        "thread_ts": "1627060705.016500",
        "parent_user_id": "U028V9ZMXKP",
        "reactions": [
            {
                "name": "white_check_mark",
                "users": [
                    "U028V9ZMXKP"
                ],
                "count": 1
            }
        ]
    },
    {
        "client_msg_id": "8a1bdc7d-1d19-4090-9d92-10ecba1488a3",
        "type": "message",
        "text": "using a rpi0w isn't really a microcontroller but sounds good yup.",
        "user": "U5M5PLH9S",
        "ts": "1627062503.026400",
        "team": "T5M5PLH8U",
        "user_team": "T5M5PLH8U",
        "source_team": "T5M5PLH8U",
        "user_profile": {
            "avatar_hash": "e4fb6ae9f526",
            "image_72": "https:\/\/avatars.slack-edge.com\/2017-06-01\/191144530514_e4fb6ae9f526531fd41c_72.jpg",
            "first_name": "",
            "real_name": "kelu",
            "display_name": "",
            "team": "T5M5PLH8U",
            "name": "kelu",
            "is_restricted": false,
            "is_ultra_restricted": false
        },
        "blocks": [
            {
                "type": "rich_text",
                "block_id": "z7W+j",
                "elements": [
                    {
                        "type": "rich_text_section",
                        "elements": [
                            {
                                "type": "text",
                                "text": "using a rpi0w isn't really a microcontroller but sounds good yup."
                            }
                        ]
                    }
                ]
            }
        ],
        "thread_ts": "1627060705.016500",
        "parent_user_id": "U028V9ZMXKP"
    },
    {
        "client_msg_id": "860088ab-a7a0-4311-b3b6-7ea2965cdc0b",
        "type": "message",
        "text": "but continuous streaming was just not happeneing, couldnt set up a proper ping pong buffer, and i think the problem there was the way rpi works",
        "user": "U028V9ZMXKP",
        "ts": "1627062509.026600",
        "team": "T5M5PLH8U",
        "user_team": "T5M5PLH8U",
        "source_team": "T5M5PLH8U",
        "user_profile": {
            "avatar_hash": "12104d1d94c5",
            "image_72": "https:\/\/avatars.slack-edge.com\/2021-07-22\/2310565296212_12104d1d94c575e75ca8_72.jpg",
            "first_name": "",
            "real_name": "Bryce Smith",
            "display_name": "Bryce Smith",
            "team": "T5M5PLH8U",
            "name": "brycedrechselsmith",
            "is_restricted": false,
            "is_ultra_restricted": false
        },
        "blocks": [
            {
                "type": "rich_text",
                "block_id": "D8nX",
                "elements": [
                    {
                        "type": "rich_text_section",
                        "elements": [
                            {
                                "type": "text",
                                "text": "but continuous streaming was just not happeneing, couldnt set up a proper ping pong buffer, and i think the problem there was the way rpi works"
                            }
                        ]
                    }
                ]
            }
        ],
        "thread_ts": "1627060705.016500",
        "parent_user_id": "U028V9ZMXKP"
    },
    {
        "client_msg_id": "1c59ad64-2a21-47bb-ab50-f40b3ca2a3d8",
        "type": "message",
        "text": "if you have issues with how the RPi works, then using a microcontroler is .. courageous :smiley:",
        "user": "U5M5PLH9S",
        "ts": "1627062541.026900",
        "team": "T5M5PLH8U",
        "user_team": "T5M5PLH8U",
        "source_team": "T5M5PLH8U",
        "user_profile": {
            "avatar_hash": "e4fb6ae9f526",
            "image_72": "https:\/\/avatars.slack-edge.com\/2017-06-01\/191144530514_e4fb6ae9f526531fd41c_72.jpg",
            "first_name": "",
            "real_name": "kelu",
            "display_name": "",
            "team": "T5M5PLH8U",
            "name": "kelu",
            "is_restricted": false,
            "is_ultra_restricted": false
        },
        "blocks": [
            {
                "type": "rich_text",
                "block_id": "Tt4R",
                "elements": [
                    {
                        "type": "rich_text_section",
                        "elements": [
                            {
                                "type": "text",
                                "text": "if you have issues with how the RPi works, then using a microcontroler is .. courageous "
                            },
                            {
                                "type": "emoji",
                                "name": "smiley"
                            }
                        ]
                    }
                ]
            }
        ],
        "thread_ts": "1627060705.016500",
        "parent_user_id": "U028V9ZMXKP"
    },
    {
        "client_msg_id": "5847c947-66c4-47b3-81ec-567b206dfeb5",
        "type": "message",
        "text": "hahaha",
        "user": "U028V9ZMXKP",
        "ts": "1627062571.027100",
        "team": "T5M5PLH8U",
        "user_team": "T5M5PLH8U",
        "source_team": "T5M5PLH8U",
        "user_profile": {
            "avatar_hash": "12104d1d94c5",
            "image_72": "https:\/\/avatars.slack-edge.com\/2021-07-22\/2310565296212_12104d1d94c575e75ca8_72.jpg",
            "first_name": "",
            "real_name": "Bryce Smith",
            "display_name": "Bryce Smith",
            "team": "T5M5PLH8U",
            "name": "brycedrechselsmith",
            "is_restricted": false,
            "is_ultra_restricted": false
        },
        "blocks": [
            {
                "type": "rich_text",
                "block_id": "VmkYs",
                "elements": [
                    {
                        "type": "rich_text_section",
                        "elements": [
                            {
                                "type": "text",
                                "text": "hahaha"
                            }
                        ]
                    }
                ]
            }
        ],
        "thread_ts": "1627060705.016500",
        "parent_user_id": "U028V9ZMXKP"
    },
    {
        "client_msg_id": "5a30a97b-677e-46d3-b813-ec940d394f6c",
        "type": "message",
        "text": "hum I have seen some hardware buffers",
        "user": "U5M5PLH9S",
        "ts": "1627062580.027300",
        "team": "T5M5PLH8U",
        "user_team": "T5M5PLH8U",
        "source_team": "T5M5PLH8U",
        "user_profile": {
            "avatar_hash": "e4fb6ae9f526",
            "image_72": "https:\/\/avatars.slack-edge.com\/2017-06-01\/191144530514_e4fb6ae9f526531fd41c_72.jpg",
            "first_name": "",
            "real_name": "kelu",
            "display_name": "",
            "team": "T5M5PLH8U",
            "name": "kelu",
            "is_restricted": false,
            "is_ultra_restricted": false
        },
        "blocks": [
            {
                "type": "rich_text",
                "block_id": "iPT",
                "elements": [
                    {
                        "type": "rich_text_section",
                        "elements": [
                            {
                                "type": "text",
                                "text": "hum I have seen some hardware buffers"
                            }
                        ]
                    }
                ]
            }
        ],
        "thread_ts": "1627060705.016500",
        "parent_user_id": "U028V9ZMXKP"
    },
    {
        "client_msg_id": "466741b2-9e8b-4e0c-a40b-5662a4f0f1da",
        "type": "message",
        "text": "~brave~ stupid and desperate",
        "user": "U028V9ZMXKP",
        "ts": "1627062593.027500",
        "team": "T5M5PLH8U",
        "user_team": "T5M5PLH8U",
        "source_team": "T5M5PLH8U",
        "user_profile": {
            "avatar_hash": "12104d1d94c5",
            "image_72": "https:\/\/avatars.slack-edge.com\/2021-07-22\/2310565296212_12104d1d94c575e75ca8_72.jpg",
            "first_name": "",
            "real_name": "Bryce Smith",
            "display_name": "Bryce Smith",
            "team": "T5M5PLH8U",
            "name": "brycedrechselsmith",
            "is_restricted": false,
            "is_ultra_restricted": false
        },
        "blocks": [
            {
                "type": "rich_text",
                "block_id": "fF+",
                "elements": [
                    {
                        "type": "rich_text_section",
                        "elements": [
                            {
                                "type": "text",
                                "text": "brave",
                                "style": {
                                    "strike": true
                                }
                            },
                            {
                                "type": "text",
                                "text": " stupid and desperate"
                            }
                        ]
                    }
                ]
            }
        ],
        "thread_ts": "1627060705.016500",
        "parent_user_id": "U028V9ZMXKP"
    },
    {
        "client_msg_id": "3a863e81-31f0-4e4c-9f75-8b9780d3af53",
        "type": "message",
        "text": "there are some chips that can act as FIFOs, so that could be a solution",
        "user": "U5M5PLH9S",
        "ts": "1627062606.027700",
        "team": "T5M5PLH8U",
        "user_team": "T5M5PLH8U",
        "source_team": "T5M5PLH8U",
        "user_profile": {
            "avatar_hash": "e4fb6ae9f526",
            "image_72": "https:\/\/avatars.slack-edge.com\/2017-06-01\/191144530514_e4fb6ae9f526531fd41c_72.jpg",
            "first_name": "",
            "real_name": "kelu",
            "display_name": "",
            "team": "T5M5PLH8U",
            "name": "kelu",
            "is_restricted": false,
            "is_ultra_restricted": false
        },
        "blocks": [
            {
                "type": "rich_text",
                "block_id": "Aik",
                "elements": [
                    {
                        "type": "rich_text_section",
                        "elements": [
                            {
                                "type": "text",
                                "text": "there are some chips that can act as FIFOs, so that could be a solution"
                            }
                        ]
                    }
                ]
            }
        ],
        "thread_ts": "1627060705.016500",
        "parent_user_id": "U028V9ZMXKP"
    },
    {
        "client_msg_id": "ac0cfa5e-762c-4f21-a433-ce0cc19df54d",
        "type": "message",
        "text": "you connect the FIFO buffer between the RPi and ADC, and you get the RPi to read the FIFO by burst when not shipping through wifi",
        "user": "U5M5PLH9S",
        "ts": "1627062629.027900",
        "team": "T5M5PLH8U",
        "user_team": "T5M5PLH8U",
        "source_team": "T5M5PLH8U",
        "user_profile": {
            "avatar_hash": "e4fb6ae9f526",
            "image_72": "https:\/\/avatars.slack-edge.com\/2017-06-01\/191144530514_e4fb6ae9f526531fd41c_72.jpg",
            "first_name": "",
            "real_name": "kelu",
            "display_name": "",
            "team": "T5M5PLH8U",
            "name": "kelu",
            "is_restricted": false,
            "is_ultra_restricted": false
        },
        "blocks": [
            {
                "type": "rich_text",
                "block_id": "nxrR",
                "elements": [
                    {
                        "type": "rich_text_section",
                        "elements": [
                            {
                                "type": "text",
                                "text": "you connect the FIFO buffer between the RPi and ADC, and you get the RPi to read the FIFO by burst when not shipping through wifi"
                            }
                        ]
                    }
                ]
            }
        ],
        "thread_ts": "1627060705.016500",
        "parent_user_id": "U028V9ZMXKP",
        "reactions": [
            {
                "name": "thinking_face",
                "users": [
                    "U028V9ZMXKP"
                ],
                "count": 1
            }
        ]
    },
    {
        "client_msg_id": "691ee764-8a9c-4729-bff5-e5bff77417fe",
        "type": "message",
        "text": "thats a good idea, its essentially what I was trying to do with the ping pong buffer, i hadn't thought to put physical hardware in that position",
        "user": "U028V9ZMXKP",
        "ts": "1627062723.028200",
        "team": "T5M5PLH8U",
        "user_team": "T5M5PLH8U",
        "source_team": "T5M5PLH8U",
        "user_profile": {
            "avatar_hash": "12104d1d94c5",
            "image_72": "https:\/\/avatars.slack-edge.com\/2021-07-22\/2310565296212_12104d1d94c575e75ca8_72.jpg",
            "first_name": "",
            "real_name": "Bryce Smith",
            "display_name": "Bryce Smith",
            "team": "T5M5PLH8U",
            "name": "brycedrechselsmith",
            "is_restricted": false,
            "is_ultra_restricted": false
        },
        "blocks": [
            {
                "type": "rich_text",
                "block_id": "A2JpH",
                "elements": [
                    {
                        "type": "rich_text_section",
                        "elements": [
                            {
                                "type": "text",
                                "text": "thats a good idea, its essentially what I was trying to do with the ping pong buffer, i hadn't thought to put physical hardware in that position"
                            }
                        ]
                    }
                ]
            }
        ],
        "thread_ts": "1627060705.016500",
        "parent_user_id": "U028V9ZMXKP"
    },
    {
        "client_msg_id": "f450cba2-37a7-477c-9685-c4b795bcf291",
        "type": "message",
        "text": "hardware is nice :wink:",
        "user": "U5M5PLH9S",
        "ts": "1627062737.028400",
        "team": "T5M5PLH8U",
        "user_team": "T5M5PLH8U",
        "source_team": "T5M5PLH8U",
        "user_profile": {
            "avatar_hash": "e4fb6ae9f526",
            "image_72": "https:\/\/avatars.slack-edge.com\/2017-06-01\/191144530514_e4fb6ae9f526531fd41c_72.jpg",
            "first_name": "",
            "real_name": "kelu",
            "display_name": "",
            "team": "T5M5PLH8U",
            "name": "kelu",
            "is_restricted": false,
            "is_ultra_restricted": false
        },
        "blocks": [
            {
                "type": "rich_text",
                "block_id": "arxyr",
                "elements": [
                    {
                        "type": "rich_text_section",
                        "elements": [
                            {
                                "type": "text",
                                "text": "hardware is nice "
                            },
                            {
                                "type": "emoji",
                                "name": "wink"
                            }
                        ]
                    }
                ]
            }
        ],
        "thread_ts": "1627060705.016500",
        "parent_user_id": "U028V9ZMXKP",
        "reactions": [
            {
                "name": "white_check_mark",
                "users": [
                    "U028V9ZMXKP"
                ],
                "count": 1
            }
        ]
    },
    {
        "client_msg_id": "6e2971d3-8ba8-478d-a730-c2d76080431e",
        "type": "message",
        "text": "in answer to your earlier question about hardware for demod, I suggested that but was shot down...",
        "user": "U028V9ZMXKP",
        "ts": "1627062796.028700",
        "team": "T5M5PLH8U",
        "user_team": "T5M5PLH8U",
        "source_team": "T5M5PLH8U",
        "user_profile": {
            "avatar_hash": "12104d1d94c5",
            "image_72": "https:\/\/avatars.slack-edge.com\/2021-07-22\/2310565296212_12104d1d94c575e75ca8_72.jpg",
            "first_name": "",
            "real_name": "Bryce Smith",
            "display_name": "Bryce Smith",
            "team": "T5M5PLH8U",
            "name": "brycedrechselsmith",
            "is_restricted": false,
            "is_ultra_restricted": false
        },
        "blocks": [
            {
                "type": "rich_text",
                "block_id": "26Oo",
                "elements": [
                    {
                        "type": "rich_text_section",
                        "elements": [
                            {
                                "type": "text",
                                "text": "in answer to your earlier question about hardware for demod, I suggested that but was shot down..."
                            }
                        ]
                    }
                ]
            }
        ],
        "thread_ts": "1627060705.016500",
        "parent_user_id": "U028V9ZMXKP"
    },
    {
        "client_msg_id": "0c8dcc00-30a7-4855-aeaa-7cb6fdf47d26",
        "type": "message",
        "text": "to be honest I'd go for a small, cheap FPGA (like the up5k i use and like) that would go between the ADC and the buffer, then buffer to RPi.",
        "user": "U5M5PLH9S",
        "ts": "1627062839.028900",
        "team": "T5M5PLH8U",
        "user_team": "T5M5PLH8U",
        "source_team": "T5M5PLH8U",
        "user_profile": {
            "avatar_hash": "e4fb6ae9f526",
            "image_72": "https:\/\/avatars.slack-edge.com\/2017-06-01\/191144530514_e4fb6ae9f526531fd41c_72.jpg",
            "first_name": "",
            "real_name": "kelu",
            "display_name": "",
            "team": "T5M5PLH8U",
            "name": "kelu",
            "is_restricted": false,
            "is_ultra_restricted": false
        },
        "blocks": [
            {
                "type": "rich_text",
                "block_id": "mWDbS",
                "elements": [
                    {
                        "type": "rich_text_section",
                        "elements": [
                            {
                                "type": "text",
                                "text": "to be honest I'd go for a small, cheap FPGA (like the up5k i use and like) that would go between the ADC and the buffer, then buffer to RPi."
                            }
                        ]
                    }
                ]
            }
        ],
        "thread_ts": "1627060705.016500",
        "parent_user_id": "U028V9ZMXKP",
        "reactions": [
            {
                "name": "white_check_mark",
                "users": [
                    "U028V9ZMXKP"
                ],
                "count": 1
            }
        ]
    },
    {
        "client_msg_id": "aaaed2d2-c370-42ae-9bcb-176363f9c66e",
        "type": "message",
        "text": "trick is then when the RPi isn't sending to \"size\" the bandwidth required to read from the buffer",
        "user": "U5M5PLH9S",
        "ts": "1627062940.029100",
        "team": "T5M5PLH8U",
        "user_team": "T5M5PLH8U",
        "source_team": "T5M5PLH8U",
        "user_profile": {
            "avatar_hash": "e4fb6ae9f526",
            "image_72": "https:\/\/avatars.slack-edge.com\/2017-06-01\/191144530514_e4fb6ae9f526531fd41c_72.jpg",
            "first_name": "",
            "real_name": "kelu",
            "display_name": "",
            "team": "T5M5PLH8U",
            "name": "kelu",
            "is_restricted": false,
            "is_ultra_restricted": false
        },
        "blocks": [
            {
                "type": "rich_text",
                "block_id": "E00G",
                "elements": [
                    {
                        "type": "rich_text_section",
                        "elements": [
                            {
                                "type": "text",
                                "text": "trick is then when the RPi isn't sending to \"size\" the bandwidth required to read from the buffer"
                            }
                        ]
                    }
                ]
            }
        ],
        "thread_ts": "1627060705.016500",
        "parent_user_id": "U028V9ZMXKP"
    },
    {
        "client_msg_id": "aa541774-566f-480d-a782-e56f7417a713",
        "type": "message",
        "text": "interesting, I really appreciate your help!",
        "user": "U028V9ZMXKP",
        "ts": "1627063121.029300",
        "team": "T5M5PLH8U",
        "user_team": "T5M5PLH8U",
        "source_team": "T5M5PLH8U",
        "user_profile": {
            "avatar_hash": "12104d1d94c5",
            "image_72": "https:\/\/avatars.slack-edge.com\/2021-07-22\/2310565296212_12104d1d94c575e75ca8_72.jpg",
            "first_name": "",
            "real_name": "Bryce Smith",
            "display_name": "Bryce Smith",
            "team": "T5M5PLH8U",
            "name": "brycedrechselsmith",
            "is_restricted": false,
            "is_ultra_restricted": false
        },
        "blocks": [
            {
                "type": "rich_text",
                "block_id": "UiIPP",
                "elements": [
                    {
                        "type": "rich_text_section",
                        "elements": [
                            {
                                "type": "text",
                                "text": "interesting, I really appreciate your help!"
                            }
                        ]
                    }
                ]
            }
        ],
        "thread_ts": "1627060705.016500",
        "parent_user_id": "U028V9ZMXKP",
        "reactions": [
            {
                "name": "raised_hands",
                "users": [
                    "U5M5PLH9S"
                ],
                "count": 1
            }
        ]
    },
    {
        "client_msg_id": "84b78ea8-b3c1-40ec-8001-bf1a283a405a",
        "type": "message",
        "text": "you've given me quite a bit to research",
        "user": "U028V9ZMXKP",
        "ts": "1627063149.029500",
        "team": "T5M5PLH8U",
        "user_team": "T5M5PLH8U",
        "source_team": "T5M5PLH8U",
        "user_profile": {
            "avatar_hash": "12104d1d94c5",
            "image_72": "https:\/\/avatars.slack-edge.com\/2021-07-22\/2310565296212_12104d1d94c575e75ca8_72.jpg",
            "first_name": "",
            "real_name": "Bryce Smith",
            "display_name": "Bryce Smith",
            "team": "T5M5PLH8U",
            "name": "brycedrechselsmith",
            "is_restricted": false,
            "is_ultra_restricted": false
        },
        "blocks": [
            {
                "type": "rich_text",
                "block_id": "nma",
                "elements": [
                    {
                        "type": "rich_text_section",
                        "elements": [
                            {
                                "type": "text",
                                "text": "you've given me quite a bit to research"
                            }
                        ]
                    }
                ]
            }
        ],
        "thread_ts": "1627060705.016500",
        "parent_user_id": "U028V9ZMXKP",
        "reactions": [
            {
                "name": "man-cartwheeling",
                "users": [
                    "U5M5PLH9S"
                ],
                "count": 1
            }
        ]
    },
    {
        "client_msg_id": "f5d69461-342f-47c5-be0e-c78ff50c153c",
        "type": "message",
        "text": "thanks",
        "user": "U028V9ZMXKP",
        "ts": "1627063168.029800",
        "team": "T5M5PLH8U",
        "user_team": "T5M5PLH8U",
        "source_team": "T5M5PLH8U",
        "user_profile": {
            "avatar_hash": "12104d1d94c5",
            "image_72": "https:\/\/avatars.slack-edge.com\/2021-07-22\/2310565296212_12104d1d94c575e75ca8_72.jpg",
            "first_name": "",
            "real_name": "Bryce Smith",
            "display_name": "Bryce Smith",
            "team": "T5M5PLH8U",
            "name": "brycedrechselsmith",
            "is_restricted": false,
            "is_ultra_restricted": false
        },
        "blocks": [
            {
                "type": "rich_text",
                "block_id": "Yj0",
                "elements": [
                    {
                        "type": "rich_text_section",
                        "elements": [
                            {
                                "type": "text",
                                "text": "thanks"
                            }
                        ]
                    }
                ]
            }
        ],
        "thread_ts": "1627060705.016500",
        "parent_user_id": "U028V9ZMXKP",
        "reactions": [
            {
                "name": "nerd_face",
                "users": [
                    "U5M5PLH9S"
                ],
                "count": 1
            }
        ]
    }
]