[
    {
        "type": "message",
        "subtype": "channel_join",
        "ts": "1618162315.003000",
        "user": "U01TXUVBL6N",
        "text": "<@U01TXUVBL6N> has joined the channel"
    },
    {
        "client_msg_id": "b4efa4a8-60ff-4100-b179-e422e5c36d0b",
        "type": "message",
        "text": "Hello. <@U5M5PLH9S> kindly invited me to this Slack. My name is Lukas Brausch and I'm currently doing my PhD at Fraunhofer IBMT in Germany (<https:\/\/www.ibmt.fraunhofer.de\/en.html>). I mainly focus on using signal processing \/ machine learning techniques to classify 1-D ultrasound RF signals for age verification, muscle state classification and liver state classification. I'll read a bit about your work on here. I'm by no means an ultrasound hardware person but let me know if you have any questions or would like to collaborate on any project when it comes to ultrasound signal classifications. :slightly_smiling_face:\n\nP.S: I'm also on Twitter (@LukasBrausch).",
        "user": "U01TXUVBL6N",
        "ts": "1618163429.006500",
        "team": "T5M5PLH8U",
        "user_team": "T5M5PLH8U",
        "source_team": "T5M5PLH8U",
        "user_profile": {
            "avatar_hash": "gdbe428a1ce7",
            "image_72": "https:\/\/secure.gravatar.com\/avatar\/dbe428a1ce7232297054ed19a6c2a02d.jpg?s=72&d=https%3A%2F%2Fa.slack-edge.com%2Fdf10d%2Fimg%2Favatars%2Fava_0026-72.png",
            "first_name": "",
            "real_name": "Lukas Brausch",
            "display_name": "Lukas Brausch",
            "team": "T5M5PLH8U",
            "name": "lukas.brausch",
            "is_restricted": false,
            "is_ultra_restricted": false
        },
        "attachments": [
            {
                "title": "English",
                "title_link": "https:\/\/www.ibmt.fraunhofer.de\/en.html",
                "text": "Fraunhofer-Institut für Biomedizinische Technik IBMT Fraunhofer Institute for Biomedical Engineering IBMT",
                "fallback": "English",
                "image_url": "https:\/\/www.ibmt.fraunhofer.de\/en\/jcr:content\/stage\/stageParsys\/stage_slide\/image.img.4col.large.jpg\/1579853001228\/ibmt-stammzellen-projektzentrum-wuerzburg.jpg",
                "image_width": 376,
                "image_height": 250,
                "from_url": "https:\/\/www.ibmt.fraunhofer.de\/en.html",
                "image_bytes": 142275,
                "service_icon": "https:\/\/www.ibmt.fraunhofer.de\/static\/css\/fraunhofer\/resources\/img\/favicons\/apple-touch-icon_180x180.png",
                "service_name": "ibmt.fraunhofer.de",
                "id": 1,
                "original_url": "https:\/\/www.ibmt.fraunhofer.de\/en.html"
            }
        ],
        "blocks": [
            {
                "type": "rich_text",
                "block_id": "guWbj",
                "elements": [
                    {
                        "type": "rich_text_section",
                        "elements": [
                            {
                                "type": "text",
                                "text": "Hello. "
                            },
                            {
                                "type": "user",
                                "user_id": "U5M5PLH9S"
                            },
                            {
                                "type": "text",
                                "text": " kindly invited me to this Slack. My name is Lukas Brausch and I'm currently doing my PhD at Fraunhofer IBMT in Germany ("
                            },
                            {
                                "type": "link",
                                "url": "https:\/\/www.ibmt.fraunhofer.de\/en.html"
                            },
                            {
                                "type": "text",
                                "text": "). I mainly focus on using signal processing \/ machine learning techniques to classify 1-D ultrasound RF signals for age verification, muscle state classification and liver state classification. I'll read a bit about your work on here. I'm by no means an ultrasound hardware person but let me know if you have any questions or would like to collaborate on any project when it comes to ultrasound signal classifications. "
                            },
                            {
                                "type": "emoji",
                                "name": "slightly_smiling_face"
                            },
                            {
                                "type": "text",
                                "text": "\n\nP.S: I'm also on Twitter (@LukasBrausch)."
                            }
                        ]
                    }
                ]
            }
        ],
        "thread_ts": "1618163429.006500",
        "reply_count": 2,
        "reply_users_count": 2,
        "latest_reply": "1618190637.007300",
        "reply_users": [
            "U5M5PLH9S",
            "U01N3PNAHS9"
        ],
        "replies": [
            {
                "user": "U5M5PLH9S",
                "ts": "1618163767.006900"
            },
            {
                "user": "U01N3PNAHS9",
                "ts": "1618190637.007300"
            }
        ],
        "is_locked": false,
        "subscribed": true,
        "last_read": "1618190637.007300",
        "reactions": [
            {
                "name": "100",
                "users": [
                    "U5M5PLH9S"
                ],
                "count": 1
            },
            {
                "name": "raised_hands",
                "users": [
                    "U5M5PLH9S",
                    "U01N3PNAHS9"
                ],
                "count": 2
            }
        ]
    },
    {
        "client_msg_id": "48ba9421-1c26-40bd-9b75-4a30c7563094",
        "type": "message",
        "text": "Welcome <@U01TXUVBL6N>, really good to see you here :smiley:",
        "user": "U5M5PLH9S",
        "ts": "1618163767.006900",
        "team": "T5M5PLH8U",
        "user_team": "T5M5PLH8U",
        "source_team": "T5M5PLH8U",
        "user_profile": {
            "avatar_hash": "e4fb6ae9f526",
            "image_72": "https:\/\/avatars.slack-edge.com\/2017-06-01\/191144530514_e4fb6ae9f526531fd41c_72.jpg",
            "first_name": "",
            "real_name": "kelu",
            "display_name": "",
            "team": "T5M5PLH8U",
            "name": "kelu",
            "is_restricted": false,
            "is_ultra_restricted": false
        },
        "blocks": [
            {
                "type": "rich_text",
                "block_id": "F7WU",
                "elements": [
                    {
                        "type": "rich_text_section",
                        "elements": [
                            {
                                "type": "text",
                                "text": "Welcome "
                            },
                            {
                                "type": "user",
                                "user_id": "U01TXUVBL6N"
                            },
                            {
                                "type": "text",
                                "text": ", really good to see you here "
                            },
                            {
                                "type": "emoji",
                                "name": "smiley"
                            }
                        ]
                    }
                ]
            }
        ],
        "thread_ts": "1618163429.006500",
        "parent_user_id": "U01TXUVBL6N",
        "reactions": [
            {
                "name": "wave",
                "users": [
                    "U01TXUVBL6N"
                ],
                "count": 1
            }
        ]
    },
    {
        "client_msg_id": "d476c2a4-5173-4ae9-8134-118ed3c42601",
        "type": "message",
        "text": "Welcome <@U01TXUVBL6N>!",
        "user": "U01N3PNAHS9",
        "ts": "1618190637.007300",
        "team": "T5M5PLH8U",
        "user_team": "T5M5PLH8U",
        "source_team": "T5M5PLH8U",
        "user_profile": {
            "avatar_hash": "96f2f41bd32d",
            "image_72": "https:\/\/avatars.slack-edge.com\/2021-02-15\/1761057808980_96f2f41bd32d3c2b97ec_72.jpg",
            "first_name": "",
            "real_name": "lewis mcfadyen",
            "display_name": "lewis mcfadyen",
            "team": "T5M5PLH8U",
            "name": "lewismcfadyen",
            "is_restricted": false,
            "is_ultra_restricted": false
        },
        "blocks": [
            {
                "type": "rich_text",
                "block_id": "FpN",
                "elements": [
                    {
                        "type": "rich_text_section",
                        "elements": [
                            {
                                "type": "text",
                                "text": "Welcome "
                            },
                            {
                                "type": "user",
                                "user_id": "U01TXUVBL6N"
                            },
                            {
                                "type": "text",
                                "text": "!"
                            }
                        ]
                    }
                ]
            }
        ],
        "thread_ts": "1618163429.006500",
        "parent_user_id": "U01TXUVBL6N",
        "reactions": [
            {
                "name": "wave",
                "users": [
                    "U01TXUVBL6N"
                ],
                "count": 1
            }
        ]
    }
]