[
    {
        "type": "message",
        "text": "Now getting some images with a MUX on the un0rick board. Blue curve is piezo without MUX, orange with the signal routed on a MUX, and green with pulse\/echo set on a different pin than the piezo's. Not so bad, a bit of loss with the mux, but this may be due to the cable I'm using (croc on a 2.54 header).",
        "files": [
            {
                "id": "F020MTY73CY",
                "created": 1619292040,
                "timestamp": 1619292040,
                "name": "image.png",
                "title": "image.png",
                "mimetype": "image\/png",
                "filetype": "png",
                "pretty_type": "PNG",
                "user": "U5M5PLH9S",
                "editable": false,
                "size": 80261,
                "mode": "hosted",
                "is_external": false,
                "external_type": "",
                "is_public": true,
                "public_url_shared": false,
                "display_as_bot": false,
                "username": "",
                "url_private": "https:\/\/files.slack.com\/files-pri\/T5M5PLH8U-F020MTY73CY\/image.png?t=xoxe-191193697300-2381439834979-2387440767812-d973f70d679d3caabfeb15fb25f95fa2",
                "url_private_download": "https:\/\/files.slack.com\/files-pri\/T5M5PLH8U-F020MTY73CY\/download\/image.png?t=xoxe-191193697300-2381439834979-2387440767812-d973f70d679d3caabfeb15fb25f95fa2",
                "media_display_type": "unknown",
                "thumb_64": "https:\/\/files.slack.com\/files-tmb\/T5M5PLH8U-F020MTY73CY-38501b95ed\/image_64.png?t=xoxe-191193697300-2381439834979-2387440767812-d973f70d679d3caabfeb15fb25f95fa2",
                "thumb_80": "https:\/\/files.slack.com\/files-tmb\/T5M5PLH8U-F020MTY73CY-38501b95ed\/image_80.png?t=xoxe-191193697300-2381439834979-2387440767812-d973f70d679d3caabfeb15fb25f95fa2",
                "thumb_360": "https:\/\/files.slack.com\/files-tmb\/T5M5PLH8U-F020MTY73CY-38501b95ed\/image_360.png?t=xoxe-191193697300-2381439834979-2387440767812-d973f70d679d3caabfeb15fb25f95fa2",
                "thumb_360_w": 360,
                "thumb_360_h": 120,
                "thumb_480": "https:\/\/files.slack.com\/files-tmb\/T5M5PLH8U-F020MTY73CY-38501b95ed\/image_480.png?t=xoxe-191193697300-2381439834979-2387440767812-d973f70d679d3caabfeb15fb25f95fa2",
                "thumb_480_w": 480,
                "thumb_480_h": 159,
                "thumb_160": "https:\/\/files.slack.com\/files-tmb\/T5M5PLH8U-F020MTY73CY-38501b95ed\/image_160.png?t=xoxe-191193697300-2381439834979-2387440767812-d973f70d679d3caabfeb15fb25f95fa2",
                "thumb_720": "https:\/\/files.slack.com\/files-tmb\/T5M5PLH8U-F020MTY73CY-38501b95ed\/image_720.png?t=xoxe-191193697300-2381439834979-2387440767812-d973f70d679d3caabfeb15fb25f95fa2",
                "thumb_720_w": 720,
                "thumb_720_h": 239,
                "thumb_800": "https:\/\/files.slack.com\/files-tmb\/T5M5PLH8U-F020MTY73CY-38501b95ed\/image_800.png?t=xoxe-191193697300-2381439834979-2387440767812-d973f70d679d3caabfeb15fb25f95fa2",
                "thumb_800_w": 800,
                "thumb_800_h": 266,
                "thumb_960": "https:\/\/files.slack.com\/files-tmb\/T5M5PLH8U-F020MTY73CY-38501b95ed\/image_960.png?t=xoxe-191193697300-2381439834979-2387440767812-d973f70d679d3caabfeb15fb25f95fa2",
                "thumb_960_w": 960,
                "thumb_960_h": 319,
                "thumb_1024": "https:\/\/files.slack.com\/files-tmb\/T5M5PLH8U-F020MTY73CY-38501b95ed\/image_1024.png?t=xoxe-191193697300-2381439834979-2387440767812-d973f70d679d3caabfeb15fb25f95fa2",
                "thumb_1024_w": 1024,
                "thumb_1024_h": 340,
                "original_w": 1072,
                "original_h": 356,
                "thumb_tiny": "AwAPADB9nbwPaozxqWPUn61OLS2\/55L3qvZ3cEVqiO+GHXg+tTi\/tv8Anp\/46aABrO2wSI16VFZ2sD2kbvGpYjkn61K1\/bFSPM7f3TUNneQRWqI74YdRg+tAE32W13Y8pcUNZW2CRGvSk+3Wu7Pmf+Omla\/tipHmdv7poA\/\/2Q==",
                "permalink": "https:\/\/usdevkit.slack.com\/files\/U5M5PLH9S\/F020MTY73CY\/image.png",
                "permalink_public": "https:\/\/slack-files.com\/T5M5PLH8U-F020MTY73CY-151cc98f0e",
                "is_starred": false,
                "has_rich_preview": false
            }
        ],
        "upload": false,
        "blocks": [
            {
                "type": "rich_text",
                "block_id": "H2v",
                "elements": [
                    {
                        "type": "rich_text_section",
                        "elements": [
                            {
                                "type": "text",
                                "text": "Now getting some images with a MUX on the un0rick board. Blue curve is piezo without MUX, orange with the signal routed on a MUX, and green with pulse\/echo set on a different pin than the piezo's. Not so bad, a bit of loss with the mux, but this may be due to the cable I'm using (croc on a 2.54 header)."
                            }
                        ]
                    }
                ]
            }
        ],
        "user": "U5M5PLH9S",
        "display_as_bot": false,
        "ts": "1619292140.009200",
        "thread_ts": "1619292140.009200",
        "reply_count": 9,
        "reply_users_count": 2,
        "latest_reply": "1619589406.013900",
        "reply_users": [
            "U5M5PLH9S",
            "U8Z3VB1T2"
        ],
        "replies": [
            {
                "user": "U5M5PLH9S",
                "ts": "1619385901.009500"
            },
            {
                "user": "U5M5PLH9S",
                "ts": "1619387571.010100"
            },
            {
                "user": "U8Z3VB1T2",
                "ts": "1619407204.011400"
            },
            {
                "user": "U5M5PLH9S",
                "ts": "1619417097.011600"
            },
            {
                "user": "U5M5PLH9S",
                "ts": "1619430343.011800"
            },
            {
                "user": "U5M5PLH9S",
                "ts": "1619465859.012300"
            },
            {
                "user": "U8Z3VB1T2",
                "ts": "1619496627.013000"
            },
            {
                "user": "U5M5PLH9S",
                "ts": "1619523759.013500"
            },
            {
                "user": "U5M5PLH9S",
                "ts": "1619589406.013900"
            }
        ],
        "is_locked": false,
        "subscribed": true,
        "last_read": "1619589406.013900",
        "reactions": [
            {
                "name": "raised_hands",
                "users": [
                    "U01N3PNAHS9"
                ],
                "count": 1
            },
            {
                "name": "+1",
                "users": [
                    "U01DD9YA5B6"
                ],
                "count": 1
            }
        ]
    }
]