[
    {
        "client_msg_id": "d06b2fb6-3119-4de0-a603-18c8d6b9b16d",
        "type": "message",
        "text": "US tomography seems a hot topic, new articles every day :smiley:\n<https:\/\/www.researchgate.net\/publication\/348112763_Image_reconstruction_by_solving_the_inverse_problem_in_ultrasonic_transmission_tomography_system|https:\/\/www.researchgate.net\/publication\/348112763_Image_reconstruction_by_solving_the_[…]verse_problem_in_ultrasonic_transmission_tomography_system>",
        "user": "U5M5PLH9S",
        "ts": "1609838475.084300",
        "team": "T5M5PLH8U",
        "user_team": "T5M5PLH8U",
        "source_team": "T5M5PLH8U",
        "user_profile": {
            "avatar_hash": "e4fb6ae9f526",
            "image_72": "https:\/\/avatars.slack-edge.com\/2017-06-01\/191144530514_e4fb6ae9f526531fd41c_72.jpg",
            "first_name": "",
            "real_name": "kelu",
            "display_name": "",
            "team": "T5M5PLH8U",
            "name": "kelu",
            "is_restricted": false,
            "is_ultra_restricted": false
        },
        "blocks": [
            {
                "type": "rich_text",
                "block_id": "PCIk",
                "elements": [
                    {
                        "type": "rich_text_section",
                        "elements": [
                            {
                                "type": "text",
                                "text": "US tomography seems a hot topic, new articles every day "
                            },
                            {
                                "type": "emoji",
                                "name": "smiley"
                            },
                            {
                                "type": "text",
                                "text": "\n"
                            },
                            {
                                "type": "link",
                                "url": "https:\/\/www.researchgate.net\/publication\/348112763_Image_reconstruction_by_solving_the_inverse_problem_in_ultrasonic_transmission_tomography_system",
                                "text": "https:\/\/www.researchgate.net\/publication\/348112763_Image_reconstruction_by_solving_the_[…]verse_problem_in_ultrasonic_transmission_tomography_system"
                            }
                        ]
                    }
                ]
            }
        ],
        "thread_ts": "1609500170.063000",
        "parent_user_id": "U01HRKXAH53"
    }
]