[
    {
        "client_msg_id": "ee9e4e09-6e7c-4ca2-9a52-8b44d5c8e80f",
        "type": "message",
        "text": "Sorry wrong link: <https:\/\/www.raspberrypi.org\/products\/raspberry-pi-4-model-b\/>\n\nMeant to send the RB link.\nOR do you think one of the older models would work too?",
        "user": "U01J55ULD9U",
        "ts": "1610526063.104600",
        "team": "T5M5PLH8U",
        "user_team": "T5M5PLH8U",
        "source_team": "T5M5PLH8U",
        "user_profile": {
            "avatar_hash": "gc6e605db74c",
            "image_72": "https:\/\/secure.gravatar.com\/avatar\/c6e605db74c14f40292bd3b43b22ff0d.jpg?s=72&d=https%3A%2F%2Fa.slack-edge.com%2Fdf10d%2Fimg%2Favatars%2Fava_0001-72.png",
            "first_name": "",
            "real_name": "Michael",
            "display_name": "Michael",
            "team": "T5M5PLH8U",
            "name": "michael.stix",
            "is_restricted": false,
            "is_ultra_restricted": false
        },
        "edited": {
            "user": "U01J55ULD9U",
            "ts": "1610526547.000000"
        },
        "blocks": [
            {
                "type": "rich_text",
                "block_id": "kqU",
                "elements": [
                    {
                        "type": "rich_text_section",
                        "elements": [
                            {
                                "type": "text",
                                "text": "Sorry wrong link: "
                            },
                            {
                                "type": "link",
                                "url": "https:\/\/www.raspberrypi.org\/products\/raspberry-pi-4-model-b\/"
                            },
                            {
                                "type": "text",
                                "text": "\n\nMeant to send the RB link.\nOR do you think one of the older models would work too?"
                            }
                        ]
                    }
                ]
            }
        ],
        "thread_ts": "1610205134.100700",
        "parent_user_id": "U01J55ULD9U"
    },
    {
        "client_msg_id": "40fdf182-d5cb-4466-b7ca-e37d60fde079",
        "type": "message",
        "text": "I assume all will work. For un0rick, I have tried on both, but only on the pi4 for the lit3rick.",
        "user": "U5M5PLH9S",
        "ts": "1610527093.105000",
        "team": "T5M5PLH8U",
        "user_team": "T5M5PLH8U",
        "source_team": "T5M5PLH8U",
        "user_profile": {
            "avatar_hash": "e4fb6ae9f526",
            "image_72": "https:\/\/avatars.slack-edge.com\/2017-06-01\/191144530514_e4fb6ae9f526531fd41c_72.jpg",
            "first_name": "",
            "real_name": "kelu",
            "display_name": "",
            "team": "T5M5PLH8U",
            "name": "kelu",
            "is_restricted": false,
            "is_ultra_restricted": false
        },
        "blocks": [
            {
                "type": "rich_text",
                "block_id": "3S6Xo",
                "elements": [
                    {
                        "type": "rich_text_section",
                        "elements": [
                            {
                                "type": "text",
                                "text": "I assume all will work. For un0rick, I have tried on both, but only on the pi4 for the lit3rick."
                            }
                        ]
                    }
                ]
            }
        ],
        "thread_ts": "1610205134.100700",
        "parent_user_id": "U01J55ULD9U"
    },
    {
        "client_msg_id": "c3ae9733-8a84-4c07-bf98-66fc0697437a",
        "type": "message",
        "text": "Ok great. And finally I am I right, that the only things else I need for the lit3rick are:\n\n1x 40 pin header to solder and connect to raspberry\n2x sma header to connect to the probe",
        "user": "U01J55ULD9U",
        "ts": "1610527275.105200",
        "team": "T5M5PLH8U",
        "user_team": "T5M5PLH8U",
        "source_team": "T5M5PLH8U",
        "user_profile": {
            "avatar_hash": "gc6e605db74c",
            "image_72": "https:\/\/secure.gravatar.com\/avatar\/c6e605db74c14f40292bd3b43b22ff0d.jpg?s=72&d=https%3A%2F%2Fa.slack-edge.com%2Fdf10d%2Fimg%2Favatars%2Fava_0001-72.png",
            "first_name": "",
            "real_name": "Michael",
            "display_name": "Michael",
            "team": "T5M5PLH8U",
            "name": "michael.stix",
            "is_restricted": false,
            "is_ultra_restricted": false
        },
        "blocks": [
            {
                "type": "rich_text",
                "block_id": "J80i=",
                "elements": [
                    {
                        "type": "rich_text_section",
                        "elements": [
                            {
                                "type": "text",
                                "text": "Ok great. And finally I am I right, that the only things else I need for the lit3rick are:\n\n1x 40 pin header to solder and connect to raspberry\n2x sma header to connect to the probe"
                            }
                        ]
                    }
                ]
            }
        ],
        "thread_ts": "1610205134.100700",
        "parent_user_id": "U01J55ULD9U"
    },
    {
        "client_msg_id": "9a6eaf80-41df-4c28-b1bc-eaf811881da3",
        "type": "message",
        "text": "<https:\/\/www.digikey.at\/product-detail\/de\/taoglas-limited\/EMPCB-SMAFSTJ-B-HT\/931-1175-ND\/3522337>",
        "user": "U01J55ULD9U",
        "ts": "1610527316.105400",
        "team": "T5M5PLH8U",
        "user_team": "T5M5PLH8U",
        "source_team": "T5M5PLH8U",
        "user_profile": {
            "avatar_hash": "gc6e605db74c",
            "image_72": "https:\/\/secure.gravatar.com\/avatar\/c6e605db74c14f40292bd3b43b22ff0d.jpg?s=72&d=https%3A%2F%2Fa.slack-edge.com%2Fdf10d%2Fimg%2Favatars%2Fava_0001-72.png",
            "first_name": "",
            "real_name": "Michael",
            "display_name": "Michael",
            "team": "T5M5PLH8U",
            "name": "michael.stix",
            "is_restricted": false,
            "is_ultra_restricted": false
        },
        "attachments": [
            {
                "title": "EMPCB.SMAFSTJ.B.HT Taoglas Limited | Steckverbinder, Verbindungen | DigiKey ",
                "title_link": "https:\/\/www.digikey.at\/product-detail\/de\/taoglas-limited\/EMPCB-SMAFSTJ-B-HT\/931-1175-ND\/3522337",
                "text": "<http:\/\/EMPCB.SMAFSTJ.B.HT|EMPCB.SMAFSTJ.B.HT> | SMA Steckverbinder Buchse, Flanschdose 50Ohm Platinerand, End-Launch Lötverbindung von Taoglas Limited. Datenblätter und Inventar verfügbar. Lieferung in zwei Tagen!",
                "fallback": "EMPCB.SMAFSTJ.B.HT Taoglas Limited | Steckverbinder, Verbindungen | DigiKey ",
                "from_url": "https:\/\/www.digikey.at\/product-detail\/de\/taoglas-limited\/EMPCB-SMAFSTJ-B-HT\/931-1175-ND\/3522337",
                "service_icon": "https:\/\/www.digikey.at\/favicon.ico",
                "service_name": "digikey.at",
                "id": 1,
                "original_url": "https:\/\/www.digikey.at\/product-detail\/de\/taoglas-limited\/EMPCB-SMAFSTJ-B-HT\/931-1175-ND\/3522337"
            }
        ],
        "blocks": [
            {
                "type": "rich_text",
                "block_id": "b5w",
                "elements": [
                    {
                        "type": "rich_text_section",
                        "elements": [
                            {
                                "type": "link",
                                "url": "https:\/\/www.digikey.at\/product-detail\/de\/taoglas-limited\/EMPCB-SMAFSTJ-B-HT\/931-1175-ND\/3522337"
                            }
                        ]
                    }
                ]
            }
        ],
        "thread_ts": "1610205134.100700",
        "parent_user_id": "U01J55ULD9U"
    },
    {
        "client_msg_id": "d35a34fe-31b9-496c-a3b5-58dd00fe17ca",
        "type": "message",
        "text": "Hum quite :) pmfor pulse echo only on a common tx rx chnnel, one sma only is required. But you can solder wires too on the sma footprint.\nTo access the hv+ hv- i would also tecommend you using two 2x1 2.54\" headers",
        "user": "U5M5PLH9S",
        "ts": "1610527388.105700",
        "team": "T5M5PLH8U",
        "user_team": "T5M5PLH8U",
        "source_team": "T5M5PLH8U",
        "user_profile": {
            "avatar_hash": "e4fb6ae9f526",
            "image_72": "https:\/\/avatars.slack-edge.com\/2017-06-01\/191144530514_e4fb6ae9f526531fd41c_72.jpg",
            "first_name": "",
            "real_name": "kelu",
            "display_name": "",
            "team": "T5M5PLH8U",
            "name": "kelu",
            "is_restricted": false,
            "is_ultra_restricted": false
        },
        "blocks": [
            {
                "type": "rich_text",
                "block_id": "Yet",
                "elements": [
                    {
                        "type": "rich_text_section",
                        "elements": [
                            {
                                "type": "text",
                                "text": "Hum quite :) pmfor pulse echo only on a common tx rx chnnel, one sma only is required. But you can solder wires too on the sma footprint.\nTo access the hv+ hv- i would also tecommend you using two 2x1 2.54\" headers"
                            }
                        ]
                    }
                ]
            }
        ],
        "thread_ts": "1610205134.100700",
        "parent_user_id": "U01J55ULD9U"
    },
    {
        "client_msg_id": "93d6d3c3-d476-4ae8-9736-b63bea085e75",
        "type": "message",
        "text": "Maybe not the right size for this sma. Brb",
        "user": "U5M5PLH9S",
        "ts": "1610527427.105900",
        "team": "T5M5PLH8U",
        "user_team": "T5M5PLH8U",
        "source_team": "T5M5PLH8U",
        "user_profile": {
            "avatar_hash": "e4fb6ae9f526",
            "image_72": "https:\/\/avatars.slack-edge.com\/2017-06-01\/191144530514_e4fb6ae9f526531fd41c_72.jpg",
            "first_name": "",
            "real_name": "kelu",
            "display_name": "",
            "team": "T5M5PLH8U",
            "name": "kelu",
            "is_restricted": false,
            "is_ultra_restricted": false
        },
        "blocks": [
            {
                "type": "rich_text",
                "block_id": "x4V9",
                "elements": [
                    {
                        "type": "rich_text_section",
                        "elements": [
                            {
                                "type": "text",
                                "text": "Maybe not the right size for this sma. Brb"
                            }
                        ]
                    }
                ]
            }
        ],
        "thread_ts": "1610205134.100700",
        "parent_user_id": "U01J55ULD9U"
    },
    {
        "client_msg_id": "f6456308-b57f-4b26-83de-ff12082a2d00",
        "type": "message",
        "text": "The default footprint is Amphenol 132357-11",
        "user": "U5M5PLH9S",
        "ts": "1610527870.106100",
        "team": "T5M5PLH8U",
        "user_team": "T5M5PLH8U",
        "source_team": "T5M5PLH8U",
        "user_profile": {
            "avatar_hash": "e4fb6ae9f526",
            "image_72": "https:\/\/avatars.slack-edge.com\/2017-06-01\/191144530514_e4fb6ae9f526531fd41c_72.jpg",
            "first_name": "",
            "real_name": "kelu",
            "display_name": "",
            "team": "T5M5PLH8U",
            "name": "kelu",
            "is_restricted": false,
            "is_ultra_restricted": false
        },
        "blocks": [
            {
                "type": "rich_text",
                "block_id": "+X73",
                "elements": [
                    {
                        "type": "rich_text_section",
                        "elements": [
                            {
                                "type": "text",
                                "text": "The default footprint is Amphenol 132357-11"
                            }
                        ]
                    }
                ]
            }
        ],
        "thread_ts": "1610205134.100700",
        "parent_user_id": "U01J55ULD9U"
    },
    {
        "client_msg_id": "920a07a3-be2b-43a5-a3e6-0247b9d6fa0f",
        "type": "message",
        "text": "Drawing: <https:\/\/s3-us-west-2.amazonaws.com\/catsy.582\/132357-11.pdf>",
        "user": "U5M5PLH9S",
        "ts": "1610527945.106300",
        "team": "T5M5PLH8U",
        "user_team": "T5M5PLH8U",
        "source_team": "T5M5PLH8U",
        "user_profile": {
            "avatar_hash": "e4fb6ae9f526",
            "image_72": "https:\/\/avatars.slack-edge.com\/2017-06-01\/191144530514_e4fb6ae9f526531fd41c_72.jpg",
            "first_name": "",
            "real_name": "kelu",
            "display_name": "",
            "team": "T5M5PLH8U",
            "name": "kelu",
            "is_restricted": false,
            "is_ultra_restricted": false
        },
        "blocks": [
            {
                "type": "rich_text",
                "block_id": "8aDBb",
                "elements": [
                    {
                        "type": "rich_text_section",
                        "elements": [
                            {
                                "type": "text",
                                "text": "Drawing: "
                            },
                            {
                                "type": "link",
                                "url": "https:\/\/s3-us-west-2.amazonaws.com\/catsy.582\/132357-11.pdf"
                            }
                        ]
                    }
                ]
            }
        ],
        "thread_ts": "1610205134.100700",
        "parent_user_id": "U01J55ULD9U"
    }
]