[
    {
        "type": "message",
        "subtype": "channel_join",
        "ts": "1610454313.103900",
        "user": "U01JW84GXR7",
        "text": "<@U01JW84GXR7> has joined the channel"
    },
    {
        "client_msg_id": "b4955a20-7a4e-4e9d-bcfe-326b8eaae477",
        "type": "message",
        "text": "Perfekt. Thank you :slightly_smiling_face:\nRegarding all this and different available solutions i think the lit3rick is the best option.\n\nWould you recommend the RasberryPie4 2GB to control it?\n<https:\/\/www.tindie.com\/products\/kelu124\/a-ultrasound-pulse-echo-phat-lit3rick\/>",
        "user": "U01J55ULD9U",
        "ts": "1610460132.104000",
        "team": "T5M5PLH8U",
        "user_team": "T5M5PLH8U",
        "source_team": "T5M5PLH8U",
        "user_profile": {
            "avatar_hash": "gc6e605db74c",
            "image_72": "https:\/\/secure.gravatar.com\/avatar\/c6e605db74c14f40292bd3b43b22ff0d.jpg?s=72&d=https%3A%2F%2Fa.slack-edge.com%2Fdf10d%2Fimg%2Favatars%2Fava_0001-72.png",
            "first_name": "",
            "real_name": "Michael",
            "display_name": "Michael",
            "team": "T5M5PLH8U",
            "name": "michael.stix",
            "is_restricted": false,
            "is_ultra_restricted": false
        },
        "edited": {
            "user": "U01J55ULD9U",
            "ts": "1610526026.000000"
        },
        "blocks": [
            {
                "type": "rich_text",
                "block_id": "MY2",
                "elements": [
                    {
                        "type": "rich_text_section",
                        "elements": [
                            {
                                "type": "text",
                                "text": "Perfekt. Thank you "
                            },
                            {
                                "type": "emoji",
                                "name": "slightly_smiling_face"
                            },
                            {
                                "type": "text",
                                "text": "\nRegarding all this and different available solutions i think the lit3rick is the best option.\n\nWould you recommend the RasberryPie4 2GB to control it?\n"
                            },
                            {
                                "type": "link",
                                "url": "https:\/\/www.tindie.com\/products\/kelu124\/a-ultrasound-pulse-echo-phat-lit3rick\/"
                            }
                        ]
                    }
                ]
            }
        ],
        "thread_ts": "1610205134.100700",
        "parent_user_id": "U01J55ULD9U"
    },
    {
        "client_msg_id": "f37f4470-c69a-4af6-8438-dc75e54e627e",
        "type": "message",
        "text": "Yup, normally all should work, even the pi zero or w. You could consider putting a small one and put a server on it to control it :)",
        "user": "U5M5PLH9S",
        "ts": "1610467812.104300",
        "team": "T5M5PLH8U",
        "user_team": "T5M5PLH8U",
        "source_team": "T5M5PLH8U",
        "user_profile": {
            "avatar_hash": "e4fb6ae9f526",
            "image_72": "https:\/\/avatars.slack-edge.com\/2017-06-01\/191144530514_e4fb6ae9f526531fd41c_72.jpg",
            "first_name": "",
            "real_name": "kelu",
            "display_name": "",
            "team": "T5M5PLH8U",
            "name": "kelu",
            "is_restricted": false,
            "is_ultra_restricted": false
        },
        "blocks": [
            {
                "type": "rich_text",
                "block_id": "S1UC",
                "elements": [
                    {
                        "type": "rich_text_section",
                        "elements": [
                            {
                                "type": "text",
                                "text": "Yup, normally all should work, even the pi zero or w. You could consider putting a small one and put a server on it to control it :)"
                            }
                        ]
                    }
                ]
            }
        ],
        "thread_ts": "1610205134.100700",
        "parent_user_id": "U01J55ULD9U"
    }
]