[
    {
        "type": "message",
        "text": "Doing some progress on the mobisanté\/interson probe, image is a bot wobbly, i haven't applied scan conversion yet.. but we're getting close enough :smiley: (more to be posted in <#C020G5M9UKV|usb_probes> )",
        "files": [
            {
                "id": "F0237492ZC4",
                "created": 1621975295,
                "timestamp": 1621975295,
                "name": "loop.gif",
                "title": "loop.gif",
                "mimetype": "image\/gif",
                "filetype": "gif",
                "pretty_type": "GIF",
                "user": "U5M5PLH9S",
                "editable": false,
                "size": 4554287,
                "mode": "hosted",
                "is_external": false,
                "external_type": "",
                "is_public": true,
                "public_url_shared": false,
                "display_as_bot": false,
                "username": "",
                "url_private": "https:\/\/files.slack.com\/files-pri\/T5M5PLH8U-F0237492ZC4\/loop.gif?t=xoxe-191193697300-2381439834979-2387440767812-d973f70d679d3caabfeb15fb25f95fa2",
                "url_private_download": "https:\/\/files.slack.com\/files-pri\/T5M5PLH8U-F0237492ZC4\/download\/loop.gif?t=xoxe-191193697300-2381439834979-2387440767812-d973f70d679d3caabfeb15fb25f95fa2",
                "media_display_type": "unknown",
                "thumb_64": "https:\/\/files.slack.com\/files-tmb\/T5M5PLH8U-F0237492ZC4-6f8a280467\/loop_64.png?t=xoxe-191193697300-2381439834979-2387440767812-d973f70d679d3caabfeb15fb25f95fa2",
                "thumb_80": "https:\/\/files.slack.com\/files-tmb\/T5M5PLH8U-F0237492ZC4-6f8a280467\/loop_80.png?t=xoxe-191193697300-2381439834979-2387440767812-d973f70d679d3caabfeb15fb25f95fa2",
                "thumb_360": "https:\/\/files.slack.com\/files-tmb\/T5M5PLH8U-F0237492ZC4-6f8a280467\/loop_360.png?t=xoxe-191193697300-2381439834979-2387440767812-d973f70d679d3caabfeb15fb25f95fa2",
                "thumb_360_w": 360,
                "thumb_360_h": 360,
                "thumb_480": "https:\/\/files.slack.com\/files-tmb\/T5M5PLH8U-F0237492ZC4-6f8a280467\/loop_480.png?t=xoxe-191193697300-2381439834979-2387440767812-d973f70d679d3caabfeb15fb25f95fa2",
                "thumb_480_w": 480,
                "thumb_480_h": 480,
                "thumb_160": "https:\/\/files.slack.com\/files-tmb\/T5M5PLH8U-F0237492ZC4-6f8a280467\/loop_160.png?t=xoxe-191193697300-2381439834979-2387440767812-d973f70d679d3caabfeb15fb25f95fa2",
                "thumb_720": "https:\/\/files.slack.com\/files-tmb\/T5M5PLH8U-F0237492ZC4-6f8a280467\/loop_720.png?t=xoxe-191193697300-2381439834979-2387440767812-d973f70d679d3caabfeb15fb25f95fa2",
                "thumb_720_w": 720,
                "thumb_720_h": 720,
                "thumb_800": "https:\/\/files.slack.com\/files-tmb\/T5M5PLH8U-F0237492ZC4-6f8a280467\/loop_800.png?t=xoxe-191193697300-2381439834979-2387440767812-d973f70d679d3caabfeb15fb25f95fa2",
                "thumb_800_w": 800,
                "thumb_800_h": 800,
                "thumb_960": "https:\/\/files.slack.com\/files-tmb\/T5M5PLH8U-F0237492ZC4-6f8a280467\/loop_960.png?t=xoxe-191193697300-2381439834979-2387440767812-d973f70d679d3caabfeb15fb25f95fa2",
                "thumb_960_w": 960,
                "thumb_960_h": 960,
                "thumb_1024": "https:\/\/files.slack.com\/files-tmb\/T5M5PLH8U-F0237492ZC4-6f8a280467\/loop_1024.png?t=xoxe-191193697300-2381439834979-2387440767812-d973f70d679d3caabfeb15fb25f95fa2",
                "thumb_1024_w": 1024,
                "thumb_1024_h": 1024,
                "thumb_360_gif": "https:\/\/files.slack.com\/files-tmb\/T5M5PLH8U-F0237492ZC4-6f8a280467\/loop_360.gif?t=xoxe-191193697300-2381439834979-2387440767812-d973f70d679d3caabfeb15fb25f95fa2",
                "thumb_480_gif": "https:\/\/files.slack.com\/files-tmb\/T5M5PLH8U-F0237492ZC4-6f8a280467\/loop_480.gif?t=xoxe-191193697300-2381439834979-2387440767812-d973f70d679d3caabfeb15fb25f95fa2",
                "original_w": 1080,
                "original_h": 1080,
                "deanimate": "https:\/\/files.slack.com\/files-tmb\/T5M5PLH8U-F0237492ZC4-6f8a280467\/loop_deanimate.png?t=xoxe-191193697300-2381439834979-2387440767812-d973f70d679d3caabfeb15fb25f95fa2",
                "deanimate_gif": "https:\/\/files.slack.com\/files-tmb\/T5M5PLH8U-F0237492ZC4-6f8a280467\/loop_deanimate_gif.png?t=xoxe-191193697300-2381439834979-2387440767812-d973f70d679d3caabfeb15fb25f95fa2",
                "thumb_tiny": "AwAwADDSZgoyTgU3zo\/7wpLg4hYmqJlA9KYF\/wA5P71Hmp61nrOCccD\/AIDmhrgZwSv4rRYRoean96nKwYfKc1miZe1XLR96MfegAvf+PV8HHT+dZROOprVvji0c\/T+dY5bPShDJoymQCM\/jinStHvIAwB0wc0xC5fKpj6CmTKyud680CFPPQ5rQ00Yhf\/e\/pWWshQ9q1NMcvC5P97+lAyS\/\/wCPR8+386xwV3cr+tb0kayoUcZU9qg\/s+2\/55\/+PGkBmhtr+lNkkBfk59q1fsNv\/cP\/AH0aQ2Fsf+Wf\/jxp3AxiVPatTSseQ+P739Kk\/s+2\/wCef\/jxqaGCOBSsa4BOetID\/9k=",
                "permalink": "https:\/\/usdevkit.slack.com\/files\/U5M5PLH9S\/F0237492ZC4\/loop.gif",
                "permalink_public": "https:\/\/slack-files.com\/T5M5PLH8U-F0237492ZC4-185892c06c",
                "is_starred": false,
                "has_rich_preview": false
            }
        ],
        "upload": false,
        "blocks": [
            {
                "type": "rich_text",
                "block_id": "kjv",
                "elements": [
                    {
                        "type": "rich_text_section",
                        "elements": [
                            {
                                "type": "text",
                                "text": "Doing some progress on the mobisanté\/interson probe, image is a bot wobbly, i haven't applied scan conversion yet.. but we're getting close enough "
                            },
                            {
                                "type": "emoji",
                                "name": "smiley"
                            },
                            {
                                "type": "text",
                                "text": " (more to be posted in "
                            },
                            {
                                "type": "channel",
                                "channel_id": "C020G5M9UKV"
                            },
                            {
                                "type": "text",
                                "text": " )"
                            }
                        ]
                    }
                ]
            }
        ],
        "user": "U5M5PLH9S",
        "display_as_bot": false,
        "ts": "1622023955.000700",
        "reactions": [
            {
                "name": "clap",
                "users": [
                    "U021X7M2L81",
                    "U022UQHMNAG",
                    "U8Z3VB1T2",
                    "U019BD4E8LX"
                ],
                "count": 4
            },
            {
                "name": "muscle",
                "users": [
                    "U01N3PNAHS9"
                ],
                "count": 1
            }
        ]
    }
]