[
    {
        "client_msg_id": "02115616-5f49-4486-8ec1-89ae100bc359",
        "type": "message",
        "text": "Only the left one.",
        "user": "U5M5PLH9S",
        "ts": "1615645697.000100",
        "team": "T5M5PLH8U",
        "user_team": "T5M5PLH8U",
        "source_team": "T5M5PLH8U",
        "user_profile": {
            "avatar_hash": "e4fb6ae9f526",
            "image_72": "https:\/\/avatars.slack-edge.com\/2017-06-01\/191144530514_e4fb6ae9f526531fd41c_72.jpg",
            "first_name": "",
            "real_name": "kelu",
            "display_name": "",
            "team": "T5M5PLH8U",
            "name": "kelu",
            "is_restricted": false,
            "is_ultra_restricted": false
        },
        "blocks": [
            {
                "type": "rich_text",
                "block_id": "1PRM",
                "elements": [
                    {
                        "type": "rich_text_section",
                        "elements": [
                            {
                                "type": "text",
                                "text": "Only the left one."
                            }
                        ]
                    }
                ]
            }
        ],
        "thread_ts": "1615498938.002300",
        "parent_user_id": "U5M5PLH9S",
        "reactions": [
            {
                "name": "muscle",
                "users": [
                    "U01N3PNAHS9"
                ],
                "count": 1
            }
        ]
    }
]