[
    {
        "type": "message",
        "subtype": "channel_join",
        "ts": "1619690625.014200",
        "user": "U0213QGU48G",
        "text": "<@U0213QGU48G> has joined the channel"
    },
    {
        "client_msg_id": "4c76cac3-0b09-4cc9-a18a-bbf8cfccdfb2",
        "type": "message",
        "text": "<@U01VAH5J744>, the usb probes hacking is at its start, so opening a dedicated channel at <#C020G5M9UKV|usb_probes>.",
        "user": "U5M5PLH9S",
        "ts": "1619718190.014300",
        "team": "T5M5PLH8U",
        "user_team": "T5M5PLH8U",
        "source_team": "T5M5PLH8U",
        "user_profile": {
            "avatar_hash": "e4fb6ae9f526",
            "image_72": "https:\/\/avatars.slack-edge.com\/2017-06-01\/191144530514_e4fb6ae9f526531fd41c_72.jpg",
            "first_name": "",
            "real_name": "kelu",
            "display_name": "",
            "team": "T5M5PLH8U",
            "name": "kelu",
            "is_restricted": false,
            "is_ultra_restricted": false
        },
        "blocks": [
            {
                "type": "rich_text",
                "block_id": "x3sMW",
                "elements": [
                    {
                        "type": "rich_text_section",
                        "elements": [
                            {
                                "type": "user",
                                "user_id": "U01VAH5J744"
                            },
                            {
                                "type": "text",
                                "text": ", the usb probes hacking is at its start, so opening a dedicated channel at "
                            },
                            {
                                "type": "channel",
                                "channel_id": "C020G5M9UKV"
                            },
                            {
                                "type": "text",
                                "text": "."
                            }
                        ]
                    }
                ]
            }
        ],
        "thread_ts": "1619520116.013300",
        "parent_user_id": "U5M5PLH9S",
        "reactions": [
            {
                "name": "tada",
                "users": [
                    "U01VAH5J744"
                ],
                "count": 1
            }
        ]
    }
]