[
    {
        "client_msg_id": "d4d2a441-298c-4746-bfb8-0e8049b7485a",
        "type": "message",
        "text": "Gamestop's shareprice?",
        "user": "U01N3PNAHS9",
        "ts": "1615567770.003500",
        "team": "T5M5PLH8U",
        "user_team": "T5M5PLH8U",
        "source_team": "T5M5PLH8U",
        "user_profile": {
            "avatar_hash": "96f2f41bd32d",
            "image_72": "https:\/\/avatars.slack-edge.com\/2021-02-15\/1761057808980_96f2f41bd32d3c2b97ec_72.jpg",
            "first_name": "",
            "real_name": "lewis mcfadyen",
            "display_name": "lewis mcfadyen",
            "team": "T5M5PLH8U",
            "name": "lewismcfadyen",
            "is_restricted": false,
            "is_ultra_restricted": false
        },
        "blocks": [
            {
                "type": "rich_text",
                "block_id": "Gzm7",
                "elements": [
                    {
                        "type": "rich_text_section",
                        "elements": [
                            {
                                "type": "text",
                                "text": "Gamestop's shareprice?"
                            }
                        ]
                    }
                ]
            }
        ],
        "thread_ts": "1615284297.002800",
        "parent_user_id": "U5M5PLH9S"
    },
    {
        "client_msg_id": "80bcfda0-3efa-430f-84c3-3b764cf3b508",
        "type": "message",
        "text": "^^",
        "user": "U5M5PLH9S",
        "ts": "1615569297.003700",
        "team": "T5M5PLH8U",
        "user_team": "T5M5PLH8U",
        "source_team": "T5M5PLH8U",
        "user_profile": {
            "avatar_hash": "e4fb6ae9f526",
            "image_72": "https:\/\/avatars.slack-edge.com\/2017-06-01\/191144530514_e4fb6ae9f526531fd41c_72.jpg",
            "first_name": "",
            "real_name": "kelu",
            "display_name": "",
            "team": "T5M5PLH8U",
            "name": "kelu",
            "is_restricted": false,
            "is_ultra_restricted": false
        },
        "blocks": [
            {
                "type": "rich_text",
                "block_id": "wYxu1",
                "elements": [
                    {
                        "type": "rich_text_section",
                        "elements": [
                            {
                                "type": "text",
                                "text": "^^"
                            }
                        ]
                    }
                ]
            }
        ],
        "thread_ts": "1615284297.002800",
        "parent_user_id": "U5M5PLH9S"
    },
    {
        "client_msg_id": "aded5e01-73fb-47ba-ab1f-a269123643b0",
        "type": "message",
        "text": "Did you sacrifice your arm in the name of science?",
        "user": "U01N3PNAHS9",
        "ts": "1615604730.003900",
        "team": "T5M5PLH8U",
        "user_team": "T5M5PLH8U",
        "source_team": "T5M5PLH8U",
        "user_profile": {
            "avatar_hash": "96f2f41bd32d",
            "image_72": "https:\/\/avatars.slack-edge.com\/2021-02-15\/1761057808980_96f2f41bd32d3c2b97ec_72.jpg",
            "first_name": "",
            "real_name": "lewis mcfadyen",
            "display_name": "lewis mcfadyen",
            "team": "T5M5PLH8U",
            "name": "lewismcfadyen",
            "is_restricted": false,
            "is_ultra_restricted": false
        },
        "blocks": [
            {
                "type": "rich_text",
                "block_id": "uMMm",
                "elements": [
                    {
                        "type": "rich_text_section",
                        "elements": [
                            {
                                "type": "text",
                                "text": "Did you sacrifice your arm in the name of science?"
                            }
                        ]
                    }
                ]
            }
        ],
        "thread_ts": "1615498938.002300",
        "parent_user_id": "U5M5PLH9S",
        "reactions": [
            {
                "name": "grin",
                "users": [
                    "U5M5PLH9S"
                ],
                "count": 1
            }
        ]
    }
]