[
    {
        "type": "message",
        "subtype": "channel_join",
        "ts": "1626993379.007600",
        "user": "U028V9ZMXKP",
        "text": "<@U028V9ZMXKP> has joined the channel"
    },
    {
        "client_msg_id": "39a9a268-53d7-4d41-98a9-9b46d2669055",
        "type": "message",
        "text": "Hello, just joined, looking to do fast capture of analog signals that have been fm modulated to about ~1Mhz. With that in mind I want to capture that signal at 2-2.5Msamples\/sec. 8bit resolution should be fine, I'm hoping to capture the signal, digitize it, then send it out over wifi (or some wireless medium, as i realize the data rate is high)... I've tried doing this with a simple adc (ads7884) and a ping pong buffer using DMA on an RPi Zero W... but I now believe that is a dead end.\nYour project on ultrasound seems like it does all the things that I need, but I dont quite understand the interaction between the \"Elmo\" board and the \"goblin\". I think I would only need the Elmo board and an RPi to do the sampling correct?",
        "user": "U028V9ZMXKP",
        "ts": "1626993805.013500",
        "team": "T5M5PLH8U",
        "user_team": "T5M5PLH8U",
        "source_team": "T5M5PLH8U",
        "user_profile": {
            "avatar_hash": "12104d1d94c5",
            "image_72": "https:\/\/avatars.slack-edge.com\/2021-07-22\/2310565296212_12104d1d94c575e75ca8_72.jpg",
            "first_name": "",
            "real_name": "Bryce Smith",
            "display_name": "Bryce Smith",
            "team": "T5M5PLH8U",
            "name": "brycedrechselsmith",
            "is_restricted": false,
            "is_ultra_restricted": false
        },
        "blocks": [
            {
                "type": "rich_text",
                "block_id": "K1Bcb",
                "elements": [
                    {
                        "type": "rich_text_section",
                        "elements": [
                            {
                                "type": "text",
                                "text": "Hello, just joined, looking to do fast capture of analog signals that have been fm modulated to about ~1Mhz. With that in mind I want to capture that signal at 2-2.5Msamples\/sec. 8bit resolution should be fine, I'm hoping to capture the signal, digitize it, then send it out over wifi (or some wireless medium, as i realize the data rate is high)... I've tried doing this with a simple adc (ads7884) and a ping pong buffer using DMA on an RPi Zero W... but I now believe that is a dead end.\nYour project on ultrasound seems like it does all the things that I need, but I dont quite understand the interaction between the \"Elmo\" board and the \"goblin\". I think I would only need the Elmo board and an RPi to do the sampling correct?"
                            }
                        ]
                    }
                ]
            }
        ],
        "reactions": [
            {
                "name": "+1",
                "users": [
                    "U5M5PLH9S"
                ],
                "count": 1
            }
        ]
    },
    {
        "client_msg_id": "17593578-6c1d-465d-8537-cf91458d9840",
        "type": "message",
        "text": "to do continuous sampling*",
        "user": "U028V9ZMXKP",
        "ts": "1626998026.013900",
        "team": "T5M5PLH8U",
        "user_team": "T5M5PLH8U",
        "source_team": "T5M5PLH8U",
        "user_profile": {
            "avatar_hash": "12104d1d94c5",
            "image_72": "https:\/\/avatars.slack-edge.com\/2021-07-22\/2310565296212_12104d1d94c575e75ca8_72.jpg",
            "first_name": "",
            "real_name": "Bryce Smith",
            "display_name": "Bryce Smith",
            "team": "T5M5PLH8U",
            "name": "brycedrechselsmith",
            "is_restricted": false,
            "is_ultra_restricted": false
        },
        "blocks": [
            {
                "type": "rich_text",
                "block_id": "=U+5",
                "elements": [
                    {
                        "type": "rich_text_section",
                        "elements": [
                            {
                                "type": "text",
                                "text": "to do continuous sampling*"
                            }
                        ]
                    }
                ]
            }
        ]
    }
]