[
    {
        "type": "message",
        "subtype": "channel_join",
        "ts": "1623661642.002200",
        "user": "U025MAT0MJL",
        "text": "<@U025MAT0MJL> has joined the channel"
    },
    {
        "type": "message",
        "subtype": "channel_join",
        "ts": "1623676315.002300",
        "user": "U024UED0STX",
        "text": "<@U024UED0STX> has joined the channel"
    },
    {
        "type": "message",
        "subtype": "channel_join",
        "ts": "1623723706.002400",
        "user": "U024QP4TRN2",
        "text": "<@U024QP4TRN2> has joined the channel"
    }
]