[
    {
        "client_msg_id": "e1c95d36-4fc3-4f41-ad87-f52790d6322f",
        "type": "message",
        "text": "Found an interesting article, not exactly about ultrasound, but rather an SDR-based interferometer that can be used to accurately measure the displacement of an ultrasound transducer <https:\/\/www.osapublishing.org\/ao\/abstract.cfm?uri=ao-57-2-217>",
        "user": "U8Z3VB1T2",
        "ts": "1540428157.000100",
        "team": "T5M5PLH8U",
        "user_team": "T5M5PLH8U",
        "source_team": "T5M5PLH8U",
        "user_profile": {
            "avatar_hash": "g49ad52d7df8",
            "image_72": "https:\/\/secure.gravatar.com\/avatar\/449ad52d7df89ecbe8ebe0fd87d3f63f.jpg?s=72&d=https%3A%2F%2Fa.slack-edge.com%2Fdf10d%2Fimg%2Favatars%2Fava_0026-72.png",
            "first_name": "",
            "real_name": "William Meng",
            "display_name": "",
            "team": "T5M5PLH8U",
            "name": "wlmeng11",
            "is_restricted": false,
            "is_ultra_restricted": false
        },
        "attachments": [
            {
                "title": "High-speed real-time heterodyne interferometry using software-defined radio",
                "title_link": "https:\/\/www.osapublishing.org\/ao\/abstract.cfm?uri=ao-57-2-217",
                "text": "This paper describes the design and performance of a phase demodulation scheme based on software-defined radio (SDR), applied in heterodyne interferometry. The phase retrieval is performed in real time by means of a low-cost SDR with a wideband optoelectronic front-end. Compared to other demodulation schemes, the system is quite simpler, versatile, and of lower cost. The performance of the demodulator is demonstrated by measuring the displacement per volt of a thin-film polymeric piezoelectric transducer based on polyvinylidene fluoride for ultrasonic applications. We measured displacements between 3.5&amp;#x00A0;pm and 122&amp;#x00A0;pm with 7% relative uncertainty, in the frequency range from 20&amp;#x00A0;kHz to 1&amp;#x00A0;MHz.",
                "fallback": "High-speed real-time heterodyne interferometry using software-defined radio",
                "thumb_url": "https:\/\/www.osapublishing.org\/getThumbnail.cfm?uri=ao-57-2-217&o=y",
                "from_url": "https:\/\/www.osapublishing.org\/ao\/abstract.cfm?uri=ao-57-2-217",
                "thumb_width": 100,
                "thumb_height": 100,
                "service_icon": "https:\/\/www.osapublishing.org\/favicon.ico",
                "service_name": "osapublishing.org",
                "id": 1,
                "original_url": "https:\/\/www.osapublishing.org\/ao\/abstract.cfm?uri=ao-57-2-217"
            }
        ],
        "reactions": [
            {
                "name": "+1",
                "users": [
                    "U5M5PLH9S"
                ],
                "count": 1
            }
        ]
    },
    {
        "client_msg_id": "c3002c35-7f64-4175-8ba4-30062d9ebbf9",
        "type": "message",
        "text": "May be useful for characterizing DIY transducers",
        "user": "U8Z3VB1T2",
        "ts": "1540428182.000100",
        "team": "T5M5PLH8U",
        "user_team": "T5M5PLH8U",
        "source_team": "T5M5PLH8U",
        "user_profile": {
            "avatar_hash": "g49ad52d7df8",
            "image_72": "https:\/\/secure.gravatar.com\/avatar\/449ad52d7df89ecbe8ebe0fd87d3f63f.jpg?s=72&d=https%3A%2F%2Fa.slack-edge.com%2Fdf10d%2Fimg%2Favatars%2Fava_0026-72.png",
            "first_name": "",
            "real_name": "William Meng",
            "display_name": "",
            "team": "T5M5PLH8U",
            "name": "wlmeng11",
            "is_restricted": false,
            "is_ultra_restricted": false
        },
        "reactions": [
            {
                "name": "stuck_out_tongue",
                "users": [
                    "U5M5PLH9S"
                ],
                "count": 1
            }
        ]
    }
]