[
    {
        "type": "message",
        "subtype": "channel_join",
        "ts": "1537295061.000200",
        "user": "U5M5PLH9S",
        "text": "<@U5M5PLH9S> has joined the channel"
    },
    {
        "client_msg_id": "88d7a2e9-4c5f-4fc8-8a67-c839408a0994",
        "type": "message",
        "text": "Hi! The idea on this channel is to discuss an article I've been thinking of for a long time: a litterature review on simple, single element ultrasound imaging. I have a collected a 200+ article biblio, now is time to parse it. Subjects can range from principles of imaging, to design choices (piezos, materials, setups, ...), techn improvement (MSAS, time reversal, chaotic cavities, compressed sensing) and then showing open-source designs (such as <@U8Z3VB1T2>'s - possible <@U8DP2NWAD>'s ?). There's a bunch of info I guess useful to all.\nHappy to count you guys in the coauthors if you're willing to contribute and learn at the same time :smiley:\nBiblio and draft article at <https:\/\/github.com\/kelu124\/ssus> .",
        "user": "U5M5PLH9S",
        "ts": "1537295262.000100",
        "team": "T5M5PLH8U",
        "user_team": "T5M5PLH8U",
        "source_team": "T5M5PLH8U",
        "user_profile": {
            "avatar_hash": "e4fb6ae9f526",
            "image_72": "https:\/\/avatars.slack-edge.com\/2017-06-01\/191144530514_e4fb6ae9f526531fd41c_72.jpg",
            "first_name": "",
            "real_name": "kelu",
            "display_name": "",
            "team": "T5M5PLH8U",
            "name": "kelu",
            "is_restricted": false,
            "is_ultra_restricted": false
        }
    }
]