[
    {
        "client_msg_id": "4b2339a0-17e0-45a3-b55d-389b9fb107fe",
        "type": "message",
        "text": "Article from my lab on monolithic microscale ultrasound arrays: <https:\/\/ieeexplore.ieee.org\/document\/8614632>",
        "user": "U8Z3VB1T2",
        "ts": "1560175064.000400",
        "team": "T5M5PLH8U",
        "user_team": "T5M5PLH8U",
        "source_team": "T5M5PLH8U",
        "user_profile": {
            "avatar_hash": "g49ad52d7df8",
            "image_72": "https:\/\/secure.gravatar.com\/avatar\/449ad52d7df89ecbe8ebe0fd87d3f63f.jpg?s=72&d=https%3A%2F%2Fa.slack-edge.com%2Fdf10d%2Fimg%2Favatars%2Fava_0026-72.png",
            "first_name": "",
            "real_name": "William Meng",
            "display_name": "",
            "team": "T5M5PLH8U",
            "name": "wlmeng11",
            "is_restricted": false,
            "is_ultra_restricted": false
        },
        "reactions": [
            {
                "name": "smiley",
                "users": [
                    "U5M5PLH9S"
                ],
                "count": 1
            },
            {
                "name": "raised_hands",
                "users": [
                    "U5M5PLH9S"
                ],
                "count": 1
            }
        ]
    },
    {
        "client_msg_id": "0c77365b-256d-42e4-896e-52ac9b8d01d5",
        "type": "message",
        "text": "gimme one to play with, please ? :wink:",
        "user": "U5M5PLH9S",
        "ts": "1560186614.000900",
        "team": "T5M5PLH8U",
        "user_team": "T5M5PLH8U",
        "source_team": "T5M5PLH8U",
        "user_profile": {
            "avatar_hash": "e4fb6ae9f526",
            "image_72": "https:\/\/avatars.slack-edge.com\/2017-06-01\/191144530514_e4fb6ae9f526531fd41c_72.jpg",
            "first_name": "",
            "real_name": "kelu",
            "display_name": "",
            "team": "T5M5PLH8U",
            "name": "kelu",
            "is_restricted": false,
            "is_ultra_restricted": false
        }
    },
    {
        "client_msg_id": "D006F879-7081-4AD6-B41C-3458FB0D3306",
        "type": "message",
        "text": "Hahaha not my project and it’s probably quite expensive.. :sweat_smile:",
        "user": "U8Z3VB1T2",
        "ts": "1560227970.001500",
        "team": "T5M5PLH8U",
        "user_team": "T5M5PLH8U",
        "source_team": "T5M5PLH8U",
        "user_profile": {
            "avatar_hash": "g49ad52d7df8",
            "image_72": "https:\/\/secure.gravatar.com\/avatar\/449ad52d7df89ecbe8ebe0fd87d3f63f.jpg?s=72&d=https%3A%2F%2Fa.slack-edge.com%2Fdf10d%2Fimg%2Favatars%2Fava_0026-72.png",
            "first_name": "",
            "real_name": "William Meng",
            "display_name": "",
            "team": "T5M5PLH8U",
            "name": "wlmeng11",
            "is_restricted": false,
            "is_ultra_restricted": false
        },
        "reactions": [
            {
                "name": "rolling_on_the_floor_laughing",
                "users": [
                    "U5M5PLH9S"
                ],
                "count": 1
            }
        ]
    }
]