[
    {
        "client_msg_id": "def85c5b-6f5d-4b78-b717-171a5f2b9cac",
        "type": "message",
        "text": "<@UKA33T8N9> and <@U8Z3VB1T2> I've split the biblio in two files, just to keep this clean. all.bib is the file generated by zotero, so the refs you've added can go in the \"new.bib\" file, will be updating the zotero accordingly.",
        "user": "U5M5PLH9S",
        "ts": "1576235356.008300",
        "team": "T5M5PLH8U",
        "user_team": "T5M5PLH8U",
        "source_team": "T5M5PLH8U",
        "user_profile": {
            "avatar_hash": "e4fb6ae9f526",
            "image_72": "https:\/\/avatars.slack-edge.com\/2017-06-01\/191144530514_e4fb6ae9f526531fd41c_72.jpg",
            "first_name": "",
            "real_name": "kelu",
            "display_name": "",
            "team": "T5M5PLH8U",
            "name": "kelu",
            "is_restricted": false,
            "is_ultra_restricted": false
        },
        "blocks": [
            {
                "type": "rich_text",
                "block_id": "+jy",
                "elements": [
                    {
                        "type": "rich_text_section",
                        "elements": [
                            {
                                "type": "user",
                                "user_id": "UKA33T8N9"
                            },
                            {
                                "type": "text",
                                "text": " and "
                            },
                            {
                                "type": "user",
                                "user_id": "U8Z3VB1T2"
                            },
                            {
                                "type": "text",
                                "text": " I've split the biblio in two files, just to keep this clean. all.bib is the file generated by zotero, so the refs you've added can go in the \"new.bib\" file, will be updating the zotero accordingly."
                            }
                        ]
                    }
                ]
            }
        ]
    }
]