[
    {
        "client_msg_id": "90b03983-3224-45ce-a5ed-7b5131de44db",
        "type": "message",
        "text": "64 channel CMUT array with integrated electronics that fits inside a &lt;3mm catheter <https:\/\/ieeexplore.ieee.org\/document\/8537795>",
        "user": "U8Z3VB1T2",
        "ts": "1565557927.000700",
        "team": "T5M5PLH8U",
        "user_team": "T5M5PLH8U",
        "source_team": "T5M5PLH8U",
        "user_profile": {
            "avatar_hash": "g49ad52d7df8",
            "image_72": "https:\/\/secure.gravatar.com\/avatar\/449ad52d7df89ecbe8ebe0fd87d3f63f.jpg?s=72&d=https%3A%2F%2Fa.slack-edge.com%2Fdf10d%2Fimg%2Favatars%2Fava_0026-72.png",
            "first_name": "",
            "real_name": "William Meng",
            "display_name": "",
            "team": "T5M5PLH8U",
            "name": "wlmeng11",
            "is_restricted": false,
            "is_ultra_restricted": false
        }
    }
]