[
    {
        "client_msg_id": "f37fd57c-112a-4779-8f48-11367fe04084",
        "type": "message",
        "text": "Hi <@U8Z3VB1T2>, feel free to prune as necessary",
        "user": "U5M5PLH9S",
        "ts": "1576137975.001700",
        "team": "T5M5PLH8U",
        "user_team": "T5M5PLH8U",
        "source_team": "T5M5PLH8U",
        "user_profile": {
            "avatar_hash": "e4fb6ae9f526",
            "image_72": "https:\/\/avatars.slack-edge.com\/2017-06-01\/191144530514_e4fb6ae9f526531fd41c_72.jpg",
            "first_name": "",
            "real_name": "kelu",
            "display_name": "",
            "team": "T5M5PLH8U",
            "name": "kelu",
            "is_restricted": false,
            "is_ultra_restricted": false
        },
        "blocks": [
            {
                "type": "rich_text",
                "block_id": "KZVpW",
                "elements": [
                    {
                        "type": "rich_text_section",
                        "elements": [
                            {
                                "type": "text",
                                "text": "Hi "
                            },
                            {
                                "type": "user",
                                "user_id": "U8Z3VB1T2"
                            },
                            {
                                "type": "text",
                                "text": ", feel free to prune as necessary"
                            }
                        ]
                    }
                ]
            }
        ]
    },
    {
        "client_msg_id": "7da6186d-3221-467f-a3ba-6f03649a8810",
        "type": "message",
        "text": "So I have added some paragraphs on Frugal Innovation and Modularity, please feel free to rearrange them or prune if you feel it is too much information!",
        "user": "UKA33T8N9",
        "ts": "1576166310.002700",
        "team": "T5M5PLH8U",
        "user_team": "T5M5PLH8U",
        "source_team": "T5M5PLH8U",
        "user_profile": {
            "avatar_hash": "g67541a44c7f",
            "image_72": "https:\/\/secure.gravatar.com\/avatar\/667541a44c7fc2e815776f28ef88c51e.jpg?s=72&d=https%3A%2F%2Fa.slack-edge.com%2Fdf10d%2Fimg%2Favatars%2Fava_0009-72.png",
            "first_name": "",
            "real_name": "Carla Sch",
            "display_name": "Carla Sch",
            "team": "T5M5PLH8U",
            "name": "carla.schloh",
            "is_restricted": false,
            "is_ultra_restricted": false
        },
        "blocks": [
            {
                "type": "rich_text",
                "block_id": "Rulf",
                "elements": [
                    {
                        "type": "rich_text_section",
                        "elements": [
                            {
                                "type": "text",
                                "text": "So I have added some paragraphs on Frugal Innovation and Modularity, please feel free to rearrange them or prune if you feel it is too much information!"
                            }
                        ]
                    }
                ]
            }
        ]
    },
    {
        "client_msg_id": "8b3fdad4-84e8-4a03-b874-999210592995",
        "type": "message",
        "text": "Awesome !",
        "user": "U5M5PLH9S",
        "ts": "1576173088.002900",
        "team": "T5M5PLH8U",
        "user_team": "T5M5PLH8U",
        "source_team": "T5M5PLH8U",
        "user_profile": {
            "avatar_hash": "e4fb6ae9f526",
            "image_72": "https:\/\/avatars.slack-edge.com\/2017-06-01\/191144530514_e4fb6ae9f526531fd41c_72.jpg",
            "first_name": "",
            "real_name": "kelu",
            "display_name": "",
            "team": "T5M5PLH8U",
            "name": "kelu",
            "is_restricted": false,
            "is_ultra_restricted": false
        },
        "blocks": [
            {
                "type": "rich_text",
                "block_id": "cct",
                "elements": [
                    {
                        "type": "rich_text_section",
                        "elements": [
                            {
                                "type": "text",
                                "text": "Awesome !"
                            }
                        ]
                    }
                ]
            }
        ]
    },
    {
        "client_msg_id": "f1fcd37d-6ea1-48a3-a9fe-82bba6ae95a5",
        "type": "message",
        "text": "I've been cleaning the paper a bit, having tad of trouble putting authors on two lines and pushing the tables and figures in their rightful places, but that takes form !",
        "user": "U5M5PLH9S",
        "ts": "1576173131.003700",
        "team": "T5M5PLH8U",
        "user_team": "T5M5PLH8U",
        "source_team": "T5M5PLH8U",
        "user_profile": {
            "avatar_hash": "e4fb6ae9f526",
            "image_72": "https:\/\/avatars.slack-edge.com\/2017-06-01\/191144530514_e4fb6ae9f526531fd41c_72.jpg",
            "first_name": "",
            "real_name": "kelu",
            "display_name": "",
            "team": "T5M5PLH8U",
            "name": "kelu",
            "is_restricted": false,
            "is_ultra_restricted": false
        },
        "blocks": [
            {
                "type": "rich_text",
                "block_id": "S+H",
                "elements": [
                    {
                        "type": "rich_text_section",
                        "elements": [
                            {
                                "type": "text",
                                "text": "I've been cleaning the paper a bit, having tad of trouble putting authors on two lines and pushing the tables and figures in their rightful places, but that takes form !"
                            }
                        ]
                    }
                ]
            }
        ]
    },
    {
        "client_msg_id": "dc3a2651-f42f-4891-acd3-7f92561ff220",
        "type": "message",
        "text": "If that's fine with you, I'll be pushing the draft paper to the conf panel (to take place early march), that would give a bit more time to review the paper, include missing refs, details the ones that can be done, to be pushed on arXiv by mid-Feb for reference (if you're comfortable) - knowing that a review by an englishs native speaker will probably be required ;)",
        "user": "U5M5PLH9S",
        "ts": "1576173890.005300",
        "team": "T5M5PLH8U",
        "user_team": "T5M5PLH8U",
        "source_team": "T5M5PLH8U",
        "user_profile": {
            "avatar_hash": "e4fb6ae9f526",
            "image_72": "https:\/\/avatars.slack-edge.com\/2017-06-01\/191144530514_e4fb6ae9f526531fd41c_72.jpg",
            "first_name": "",
            "real_name": "kelu",
            "display_name": "",
            "team": "T5M5PLH8U",
            "name": "kelu",
            "is_restricted": false,
            "is_ultra_restricted": false
        },
        "blocks": [
            {
                "type": "rich_text",
                "block_id": "KDUR",
                "elements": [
                    {
                        "type": "rich_text_section",
                        "elements": [
                            {
                                "type": "text",
                                "text": "If that's fine with you, I'll be pushing the draft paper to the conf panel (to take place early march), that would give a bit more time to review the paper, include missing refs, details the ones that can be done, to be pushed on arXiv by mid-Feb for reference (if you're comfortable) - knowing that a review by an englishs native speaker will probably be required ;)"
                            }
                        ]
                    }
                ]
            }
        ]
    },
    {
        "client_msg_id": "512b8191-00ac-474e-8ef5-bd668fcd7b1f",
        "type": "message",
        "text": "Inviting <@UGJ8GJGNR> here too, if things are not getting too early with her :smiley:",
        "user": "U5M5PLH9S",
        "ts": "1576174011.005800",
        "team": "T5M5PLH8U",
        "user_team": "T5M5PLH8U",
        "source_team": "T5M5PLH8U",
        "user_profile": {
            "avatar_hash": "e4fb6ae9f526",
            "image_72": "https:\/\/avatars.slack-edge.com\/2017-06-01\/191144530514_e4fb6ae9f526531fd41c_72.jpg",
            "first_name": "",
            "real_name": "kelu",
            "display_name": "",
            "team": "T5M5PLH8U",
            "name": "kelu",
            "is_restricted": false,
            "is_ultra_restricted": false
        },
        "blocks": [
            {
                "type": "rich_text",
                "block_id": "8UJF",
                "elements": [
                    {
                        "type": "rich_text_section",
                        "elements": [
                            {
                                "type": "text",
                                "text": "Inviting "
                            },
                            {
                                "type": "user",
                                "user_id": "UGJ8GJGNR"
                            },
                            {
                                "type": "text",
                                "text": " here too, if things are not getting too early with her "
                            },
                            {
                                "type": "emoji",
                                "name": "smiley"
                            }
                        ]
                    }
                ]
            }
        ]
    },
    {
        "type": "message",
        "subtype": "channel_join",
        "ts": "1576174014.006000",
        "user": "UGJ8GJGNR",
        "text": "<@UGJ8GJGNR> has joined the channel",
        "inviter": "U5M5PLH9S"
    },
    {
        "client_msg_id": "392e53cc-faff-46b6-9179-ba1d9fc5e79d",
        "type": "message",
        "text": "Thanks <@UFCS7CKPD>, I've integrated your HV part :smiley:",
        "user": "U5M5PLH9S",
        "ts": "1576174420.006300",
        "team": "T5M5PLH8U",
        "user_team": "T5M5PLH8U",
        "source_team": "T5M5PLH8U",
        "user_profile": {
            "avatar_hash": "e4fb6ae9f526",
            "image_72": "https:\/\/avatars.slack-edge.com\/2017-06-01\/191144530514_e4fb6ae9f526531fd41c_72.jpg",
            "first_name": "",
            "real_name": "kelu",
            "display_name": "",
            "team": "T5M5PLH8U",
            "name": "kelu",
            "is_restricted": false,
            "is_ultra_restricted": false
        },
        "blocks": [
            {
                "type": "rich_text",
                "block_id": "\/v=T",
                "elements": [
                    {
                        "type": "rich_text_section",
                        "elements": [
                            {
                                "type": "text",
                                "text": "Thanks "
                            },
                            {
                                "type": "user",
                                "user_id": "UFCS7CKPD"
                            },
                            {
                                "type": "text",
                                "text": ", I've integrated your HV part "
                            },
                            {
                                "type": "emoji",
                                "name": "smiley"
                            }
                        ]
                    }
                ]
            }
        ]
    },
    {
        "client_msg_id": "8c69a903-d009-47ca-b33a-8b9e665bd964",
        "type": "message",
        "text": "<@UHP9P5JTE> <@UHQ2RDDD2> also if you want to review the paper, or contribute before second hard deadline, let me know :smiley:",
        "user": "U5M5PLH9S",
        "ts": "1576176022.007000",
        "team": "T5M5PLH8U",
        "user_team": "T5M5PLH8U",
        "source_team": "T5M5PLH8U",
        "user_profile": {
            "avatar_hash": "e4fb6ae9f526",
            "image_72": "https:\/\/avatars.slack-edge.com\/2017-06-01\/191144530514_e4fb6ae9f526531fd41c_72.jpg",
            "first_name": "",
            "real_name": "kelu",
            "display_name": "",
            "team": "T5M5PLH8U",
            "name": "kelu",
            "is_restricted": false,
            "is_ultra_restricted": false
        },
        "blocks": [
            {
                "type": "rich_text",
                "block_id": "wowwK",
                "elements": [
                    {
                        "type": "rich_text_section",
                        "elements": [
                            {
                                "type": "user",
                                "user_id": "UHP9P5JTE"
                            },
                            {
                                "type": "text",
                                "text": " "
                            },
                            {
                                "type": "user",
                                "user_id": "UHQ2RDDD2"
                            },
                            {
                                "type": "text",
                                "text": " also if you want to review the paper, or contribute before second hard deadline, let me know "
                            },
                            {
                                "type": "emoji",
                                "name": "smiley"
                            }
                        ]
                    }
                ]
            }
        ]
    }
]