[
    {
        "client_msg_id": "d8fa4ac5-ffb8-4e31-bd74-1320fffcd623",
        "type": "message",
        "text": "Thanks to <@UKA33T8N9>, <@U8Z3VB1T2> and <@UFCS7CKPD> for your kind suggestion to contribute to the article :smiley:",
        "user": "U5M5PLH9S",
        "ts": "1574799333.000900",
        "team": "T5M5PLH8U",
        "user_team": "T5M5PLH8U",
        "source_team": "T5M5PLH8U",
        "user_profile": {
            "avatar_hash": "e4fb6ae9f526",
            "image_72": "https:\/\/avatars.slack-edge.com\/2017-06-01\/191144530514_e4fb6ae9f526531fd41c_72.jpg",
            "first_name": "",
            "real_name": "kelu",
            "display_name": "",
            "team": "T5M5PLH8U",
            "name": "kelu",
            "is_restricted": false,
            "is_ultra_restricted": false
        },
        "blocks": [
            {
                "type": "rich_text",
                "block_id": "b2b",
                "elements": [
                    {
                        "type": "rich_text_section",
                        "elements": [
                            {
                                "type": "text",
                                "text": "Thanks to "
                            },
                            {
                                "type": "user",
                                "user_id": "UKA33T8N9"
                            },
                            {
                                "type": "text",
                                "text": ", "
                            },
                            {
                                "type": "user",
                                "user_id": "U8Z3VB1T2"
                            },
                            {
                                "type": "text",
                                "text": " and "
                            },
                            {
                                "type": "user",
                                "user_id": "UFCS7CKPD"
                            },
                            {
                                "type": "text",
                                "text": " for your kind suggestion to contribute to the article "
                            },
                            {
                                "type": "emoji",
                                "name": "smiley"
                            }
                        ]
                    }
                ]
            }
        ]
    },
    {
        "type": "message",
        "subtype": "channel_join",
        "ts": "1574799337.001100",
        "user": "UKA33T8N9",
        "text": "<@UKA33T8N9> has joined the channel",
        "inviter": "U5M5PLH9S"
    },
    {
        "type": "message",
        "subtype": "channel_join",
        "ts": "1574799337.001300",
        "user": "UFCS7CKPD",
        "text": "<@UFCS7CKPD> has joined the channel",
        "inviter": "U5M5PLH9S"
    },
    {
        "client_msg_id": "0fadbeaf-0913-450f-94da-98a33f51668a",
        "type": "message",
        "text": "As discussed, I'm preparing a small article for \"Designing an open-source ultrasound single element pulse echo device\" (including a state of the art study) -&gt; and just received an invitation from <https:\/\/open-design.sciencesconf.org\/> to submit an article.\nand you mentioned being interested in contributing to the paper \/ being co-author.\nThe article is in latex, on a collaborative platform (overleaf) - and deadline for submission 13 December 2019.",
        "user": "U5M5PLH9S",
        "ts": "1574799396.002000",
        "team": "T5M5PLH8U",
        "user_team": "T5M5PLH8U",
        "source_team": "T5M5PLH8U",
        "user_profile": {
            "avatar_hash": "e4fb6ae9f526",
            "image_72": "https:\/\/avatars.slack-edge.com\/2017-06-01\/191144530514_e4fb6ae9f526531fd41c_72.jpg",
            "first_name": "",
            "real_name": "kelu",
            "display_name": "",
            "team": "T5M5PLH8U",
            "name": "kelu",
            "is_restricted": false,
            "is_ultra_restricted": false
        },
        "blocks": [
            {
                "type": "rich_text",
                "block_id": "sfY",
                "elements": [
                    {
                        "type": "rich_text_section",
                        "elements": [
                            {
                                "type": "text",
                                "text": "As discussed, I'm preparing a small article for \"Designing an open-source ultrasound single element pulse echo device\" (including a state of the art study) -> and just received an invitation from "
                            },
                            {
                                "type": "link",
                                "url": "https:\/\/open-design.sciencesconf.org\/"
                            },
                            {
                                "type": "text",
                                "text": " to submit an article.\nand you mentioned being interested in contributing to the paper \/ being co-author.\nThe article is in latex, on a collaborative platform (overleaf) - and deadline for submission 13 December 2019."
                            }
                        ]
                    }
                ]
            }
        ]
    },
    {
        "client_msg_id": "d19a0ff6-debc-4141-9772-7fe8476cb432",
        "type": "message",
        "text": "I thought it easier to put common discussions there :smiley:",
        "user": "U5M5PLH9S",
        "ts": "1574799407.002300",
        "team": "T5M5PLH8U",
        "user_team": "T5M5PLH8U",
        "source_team": "T5M5PLH8U",
        "user_profile": {
            "avatar_hash": "e4fb6ae9f526",
            "image_72": "https:\/\/avatars.slack-edge.com\/2017-06-01\/191144530514_e4fb6ae9f526531fd41c_72.jpg",
            "first_name": "",
            "real_name": "kelu",
            "display_name": "",
            "team": "T5M5PLH8U",
            "name": "kelu",
            "is_restricted": false,
            "is_ultra_restricted": false
        },
        "blocks": [
            {
                "type": "rich_text",
                "block_id": "obLtZ",
                "elements": [
                    {
                        "type": "rich_text_section",
                        "elements": [
                            {
                                "type": "text",
                                "text": "I thought it easier to put common discussions there "
                            },
                            {
                                "type": "emoji",
                                "name": "smiley"
                            }
                        ]
                    }
                ]
            }
        ]
    },
    {
        "client_msg_id": "39e79fb0-68f6-409d-abd9-2d7f143fc6cc",
        "type": "message",
        "text": "As a first step, don't hesitate to comment directly in the overleaf document, I've put track change on :smiley:",
        "user": "U5M5PLH9S",
        "ts": "1574799562.002900",
        "team": "T5M5PLH8U",
        "user_team": "T5M5PLH8U",
        "source_team": "T5M5PLH8U",
        "user_profile": {
            "avatar_hash": "e4fb6ae9f526",
            "image_72": "https:\/\/avatars.slack-edge.com\/2017-06-01\/191144530514_e4fb6ae9f526531fd41c_72.jpg",
            "first_name": "",
            "real_name": "kelu",
            "display_name": "",
            "team": "T5M5PLH8U",
            "name": "kelu",
            "is_restricted": false,
            "is_ultra_restricted": false
        },
        "blocks": [
            {
                "type": "rich_text",
                "block_id": "Cab",
                "elements": [
                    {
                        "type": "rich_text_section",
                        "elements": [
                            {
                                "type": "text",
                                "text": "As a first step, don't hesitate to comment directly in the overleaf document, I've put track change on "
                            },
                            {
                                "type": "emoji",
                                "name": "smiley"
                            }
                        ]
                    }
                ]
            }
        ]
    }
]