[
    {
        "client_msg_id": "e07e8f2f-9a6f-4b7f-b9e1-0389104dc533",
        "type": "message",
        "text": "I will have another look and see what I can add this afternoon and tommorrow morning!",
        "user": "UKA33T8N9",
        "ts": "1576060475.000800",
        "team": "T5M5PLH8U",
        "user_team": "T5M5PLH8U",
        "source_team": "T5M5PLH8U",
        "user_profile": {
            "avatar_hash": "g67541a44c7f",
            "image_72": "https:\/\/secure.gravatar.com\/avatar\/667541a44c7fc2e815776f28ef88c51e.jpg?s=72&d=https%3A%2F%2Fa.slack-edge.com%2Fdf10d%2Fimg%2Favatars%2Fava_0009-72.png",
            "first_name": "",
            "real_name": "Carla Sch",
            "display_name": "Carla Sch",
            "team": "T5M5PLH8U",
            "name": "carla.schloh",
            "is_restricted": false,
            "is_ultra_restricted": false
        },
        "blocks": [
            {
                "type": "rich_text",
                "block_id": "4+W\/E",
                "elements": [
                    {
                        "type": "rich_text_section",
                        "elements": [
                            {
                                "type": "text",
                                "text": "I will have another look and see what I can add this afternoon and tommorrow morning!"
                            }
                        ]
                    }
                ]
            }
        ]
    },
    {
        "type": "message",
        "text": "Sure, here it is!",
        "files": [
            {
                "id": "FRK4T82P6",
                "created": 1576087692,
                "timestamp": 1576087692,
                "name": "The Case for a Portable Open-Source 3D Ultrasound, IEEE IUS, 2019.pdf",
                "title": "The Case for a Portable Open-Source 3D Ultrasound, IEEE IUS, 2019.pdf",
                "mimetype": "application\/pdf",
                "filetype": "pdf",
                "pretty_type": "PDF",
                "user": "U8Z3VB1T2",
                "editable": false,
                "size": 1510710,
                "mode": "hosted",
                "is_external": false,
                "external_type": "",
                "is_public": true,
                "public_url_shared": false,
                "display_as_bot": false,
                "username": "",
                "url_private": "https:\/\/files.slack.com\/files-pri\/T5M5PLH8U-FRK4T82P6\/the_case_for_a_portable_open-source_3d_ultrasound__ieee_ius__2019.pdf?t=xoxe-191193697300-1501897281926-1505540481365-290cf54ffdfc380367c1af72479de92b",
                "url_private_download": "https:\/\/files.slack.com\/files-pri\/T5M5PLH8U-FRK4T82P6\/download\/the_case_for_a_portable_open-source_3d_ultrasound__ieee_ius__2019.pdf?t=xoxe-191193697300-1501897281926-1505540481365-290cf54ffdfc380367c1af72479de92b",
                "thumb_pdf": "https:\/\/files.slack.com\/files-tmb\/T5M5PLH8U-FRK4T82P6-7239a9890e\/the_case_for_a_portable_open-source_3d_ultrasound__ieee_ius__2019_thumb_pdf.png?t=xoxe-191193697300-1501897281926-1505540481365-290cf54ffdfc380367c1af72479de92b",
                "thumb_pdf_w": 935,
                "thumb_pdf_h": 1210,
                "permalink": "https:\/\/usdevkit.slack.com\/files\/U8Z3VB1T2\/FRK4T82P6\/the_case_for_a_portable_open-source_3d_ultrasound__ieee_ius__2019.pdf",
                "permalink_public": "https:\/\/slack-files.com\/T5M5PLH8U-FRK4T82P6-63e2a634d9",
                "is_starred": false,
                "has_rich_preview": false
            }
        ],
        "upload": true,
        "blocks": [
            {
                "type": "rich_text",
                "block_id": "ZLOcx",
                "elements": [
                    {
                        "type": "rich_text_section",
                        "elements": [
                            {
                                "type": "text",
                                "text": "Sure, here it is!"
                            }
                        ]
                    }
                ]
            }
        ],
        "user": "U8Z3VB1T2",
        "display_as_bot": false,
        "ts": "1576087694.000100",
        "client_msg_id": "195ec887-9d4e-48cc-992b-a999c8d38f04"
    },
    {
        "client_msg_id": "d30fc519-628d-4495-84a3-a8f23c081fab",
        "type": "message",
        "text": "<@U5M5PLH9S> I added some content about quadrature sampling (including rtl-ultrasound ), and a few minor edits here and there!\nAlso as of now, there are many sections on a broad variety of topics without much content written, so I suggest to remove any parts that are less relevant to open source ultrasound.",
        "user": "U8Z3VB1T2",
        "ts": "1576107363.000900",
        "team": "T5M5PLH8U",
        "user_team": "T5M5PLH8U",
        "source_team": "T5M5PLH8U",
        "user_profile": {
            "avatar_hash": "g49ad52d7df8",
            "image_72": "https:\/\/secure.gravatar.com\/avatar\/449ad52d7df89ecbe8ebe0fd87d3f63f.jpg?s=72&d=https%3A%2F%2Fa.slack-edge.com%2Fdf10d%2Fimg%2Favatars%2Fava_0026-72.png",
            "first_name": "",
            "real_name": "William Meng",
            "display_name": "",
            "team": "T5M5PLH8U",
            "name": "wlmeng11",
            "is_restricted": false,
            "is_ultra_restricted": false
        },
        "blocks": [
            {
                "type": "rich_text",
                "block_id": "U4avg",
                "elements": [
                    {
                        "type": "rich_text_section",
                        "elements": [
                            {
                                "type": "user",
                                "user_id": "U5M5PLH9S"
                            },
                            {
                                "type": "text",
                                "text": " I added some content about quadrature sampling (including rtl-ultrasound ), and a few minor edits here and there!\nAlso as of now, there are many sections on a broad variety of topics without much content written, so I suggest to remove any parts that are less relevant to open source ultrasound."
                            }
                        ]
                    }
                ]
            }
        ],
        "reactions": [
            {
                "name": "nerd_face",
                "users": [
                    "U5M5PLH9S"
                ],
                "count": 1
            },
            {
                "name": "+1",
                "users": [
                    "U5M5PLH9S"
                ],
                "count": 1
            }
        ]
    }
]