[
    {
        "client_msg_id": "26eb8c63-070d-4eb5-9d04-1eabdf56d35d",
        "type": "message",
        "text": "ping <@UHP9P5JTE>, <@UHQ2RDDD2> possibly of interest to you too :wink:",
        "user": "U5M5PLH9S",
        "ts": "1554645122.000500",
        "team": "T5M5PLH8U",
        "user_team": "T5M5PLH8U",
        "source_team": "T5M5PLH8U",
        "user_profile": {
            "avatar_hash": "e4fb6ae9f526",
            "image_72": "https:\/\/avatars.slack-edge.com\/2017-06-01\/191144530514_e4fb6ae9f526531fd41c_72.jpg",
            "first_name": "",
            "real_name": "kelu",
            "display_name": "",
            "team": "T5M5PLH8U",
            "name": "kelu",
            "is_restricted": false,
            "is_ultra_restricted": false
        }
    },
    {
        "type": "message",
        "subtype": "channel_join",
        "ts": "1554645126.000700",
        "user": "UHP9P5JTE",
        "text": "<@UHP9P5JTE> has joined the channel",
        "inviter": "U5M5PLH9S"
    },
    {
        "type": "message",
        "subtype": "channel_join",
        "ts": "1554645126.000900",
        "user": "UHQ2RDDD2",
        "text": "<@UHQ2RDDD2> has joined the channel",
        "inviter": "U5M5PLH9S"
    }
]