[
    {
        "client_msg_id": "3dc928b8-1715-4b5b-9a5b-e41508cbe4ca",
        "type": "message",
        "text": "<@UGJ8GJGNR>, seems good then for tomo, on the hardware paper. I'm trying and removing too on this paper the OS aspects that'd go on the OSDesign \/ softer paper.",
        "user": "U5M5PLH9S",
        "ts": "1585679345.004700",
        "team": "T5M5PLH8U",
        "user_team": "T5M5PLH8U",
        "source_team": "T5M5PLH8U",
        "user_profile": {
            "avatar_hash": "e4fb6ae9f526",
            "image_72": "https:\/\/avatars.slack-edge.com\/2017-06-01\/191144530514_e4fb6ae9f526531fd41c_72.jpg",
            "first_name": "",
            "real_name": "kelu",
            "display_name": "",
            "team": "T5M5PLH8U",
            "name": "kelu",
            "is_restricted": false,
            "is_ultra_restricted": false
        },
        "blocks": [
            {
                "type": "rich_text",
                "block_id": "uLzM",
                "elements": [
                    {
                        "type": "rich_text_section",
                        "elements": [
                            {
                                "type": "user",
                                "user_id": "UGJ8GJGNR"
                            },
                            {
                                "type": "text",
                                "text": ", seems good then for tomo, on the hardware paper. I'm trying and removing too on this paper the OS aspects that'd go on the OSDesign \/ softer paper."
                            }
                        ]
                    }
                ]
            }
        ]
    },
    {
        "client_msg_id": "66c01343-19cc-4231-adb7-77d6370bc98a",
        "type": "message",
        "text": "Good news, they seem interested - sending them the early draft for their comments and impressions.",
        "user": "U5M5PLH9S",
        "ts": "1585681324.004800",
        "team": "T5M5PLH8U",
        "user_team": "T5M5PLH8U",
        "source_team": "T5M5PLH8U",
        "user_profile": {
            "avatar_hash": "e4fb6ae9f526",
            "image_72": "https:\/\/avatars.slack-edge.com\/2017-06-01\/191144530514_e4fb6ae9f526531fd41c_72.jpg",
            "first_name": "",
            "real_name": "kelu",
            "display_name": "",
            "team": "T5M5PLH8U",
            "name": "kelu",
            "is_restricted": false,
            "is_ultra_restricted": false
        },
        "blocks": [
            {
                "type": "rich_text",
                "block_id": "O3m\/H",
                "elements": [
                    {
                        "type": "rich_text_section",
                        "elements": [
                            {
                                "type": "text",
                                "text": "Good news, they seem interested - sending them the early draft for their comments and impressions."
                            }
                        ]
                    }
                ]
            }
        ],
        "thread_ts": "1584300159.002900"
    }
]