[
    {
        "client_msg_id": "daeade1b-f92c-411d-adad-fb87dbd71c19",
        "type": "message",
        "text": "Hey there, I just did some additions to the tomography section in overleaf and also added links into the all.bib file. I’d love any feedback on it. I included Tanter’s new work on ultrafast plane wave acoustic imaging, and also Witte’s acoustoelectric current density imaging as they point to important new potential applications. Also, there is new work on acoustic full-wave inversion, which is much higher resolution than ultrasound has previously gone, being translated from a geophysics application which I also referenced.",
        "user": "UGJ8GJGNR",
        "ts": "1585323961.001300",
        "team": "T5M5PLH8U",
        "user_team": "T5M5PLH8U",
        "source_team": "T5M5PLH8U",
        "user_profile": {
            "avatar_hash": "ga7943669895",
            "image_72": "https:\/\/secure.gravatar.com\/avatar\/4a7943669895590493fa45985c7c746a.jpg?s=72&d=https%3A%2F%2Fa.slack-edge.com%2Fdf10d%2Fimg%2Favatars%2Fava_0024-72.png",
            "first_name": "",
            "real_name": "Jean Rintoul",
            "display_name": "jeantoul",
            "team": "T5M5PLH8U",
            "name": "jean.rintoul",
            "is_restricted": false,
            "is_ultra_restricted": false
        },
        "edited": {
            "user": "UGJ8GJGNR",
            "ts": "1585324572.000000"
        },
        "blocks": [
            {
                "type": "rich_text",
                "block_id": "dZjK",
                "elements": [
                    {
                        "type": "rich_text_section",
                        "elements": [
                            {
                                "type": "text",
                                "text": "Hey there, I just did some additions to the tomography section in overleaf and also added links into the all.bib file. I’d love any feedback on it. I included Tanter’s new work on ultrafast plane wave acoustic imaging, and also Witte’s acoustoelectric current density imaging as they point to important new potential applications. Also, there is new work on acoustic full-wave inversion, which is much higher resolution than ultrasound has previously gone, being translated from a geophysics application which I also referenced."
                            }
                        ]
                    }
                ]
            }
        ],
        "thread_ts": "1585323961.001300",
        "reply_count": 2,
        "reply_users_count": 1,
        "latest_reply": "1585600401.003400",
        "reply_users": [
            "U5M5PLH9S"
        ],
        "replies": [
            {
                "user": "U5M5PLH9S",
                "ts": "1585581718.002400"
            },
            {
                "user": "U5M5PLH9S",
                "ts": "1585600401.003400"
            }
        ],
        "subscribed": true,
        "last_read": "1585600401.003400",
        "reactions": [
            {
                "name": "+1",
                "users": [
                    "U8Z3VB1T2"
                ],
                "count": 1
            },
            {
                "name": "100",
                "users": [
                    "U5M5PLH9S"
                ],
                "count": 1
            }
        ]
    },
    {
        "client_msg_id": "7fcda5e7-ca4a-4a1c-adf0-b5d2c5dee81f",
        "type": "message",
        "text": "Love to hear any feedback, recommendations etc. Thanks.",
        "user": "UGJ8GJGNR",
        "ts": "1585323980.001600",
        "team": "T5M5PLH8U",
        "user_team": "T5M5PLH8U",
        "source_team": "T5M5PLH8U",
        "user_profile": {
            "avatar_hash": "ga7943669895",
            "image_72": "https:\/\/secure.gravatar.com\/avatar\/4a7943669895590493fa45985c7c746a.jpg?s=72&d=https%3A%2F%2Fa.slack-edge.com%2Fdf10d%2Fimg%2Favatars%2Fava_0024-72.png",
            "first_name": "",
            "real_name": "Jean Rintoul",
            "display_name": "jeantoul",
            "team": "T5M5PLH8U",
            "name": "jean.rintoul",
            "is_restricted": false,
            "is_ultra_restricted": false
        },
        "blocks": [
            {
                "type": "rich_text",
                "block_id": "IBk",
                "elements": [
                    {
                        "type": "rich_text_section",
                        "elements": [
                            {
                                "type": "text",
                                "text": "Love to hear any feedback, recommendations etc. Thanks."
                            }
                        ]
                    }
                ]
            }
        ]
    }
]