[
    {
        "type": "message",
        "subtype": "bot_message",
        "text": "A bit put off by again the whole cycle :stuck_out_tongue: It'd be good if you're happy with the hardware review paper to at least put it out. Won't be perfect, but at least it's what we've done. Thinking of Zenodo + arXiv. *Would you be fine with it?* (In any case, last reviews much appreciated). ",
        "ts": "1588433934.001500",
        "bot_id": "BFK32LTAA",
        "thread_ts": "1588433934.001500",
        "reply_count": 2,
        "reply_users_count": 1,
        "latest_reply": "1588433994.002000",
        "reply_users": [
            "U5M5PLH9S"
        ],
        "replies": [
            {
                "user": "U5M5PLH9S",
                "ts": "1588433971.001700"
            },
            {
                "user": "U5M5PLH9S",
                "ts": "1588433994.002000"
            }
        ],
        "subscribed": true,
        "last_read": "1588433994.002000",
        "attachments": [
            {
                "text": "Please update to the latest version of Simple Poll :bar_chart:\n<https:\/\/simplepoll.rocks\/auth\/add_to_slack_start\/?source=update_simplepoll|Update Simple Poll>  •  <https:\/\/blog.simplepoll.rocks\/updating-simple-poll\/|Learn more>",
                "id": 1,
                "color": "daa038",
                "fallback": "Please update to the latest version of Simple Poll :bar_chart:\n<https:\/\/simplepoll.rocks\/auth\/add_to_slack_start\/?source=update_simplepoll|Update Simple Poll>  •  <https:\/\/blog.simplepoll.rocks\/updating-simple-poll\/|Learn more>"
            }
        ],
        "blocks": [
            {
                "type": "section",
                "block_id": "poll-a94605ec-30fb-4f70-ba19-b4f4daa6b743-title-and-menu",
                "text": {
                    "type": "mrkdwn",
                    "text": "*A bit put off by again the whole cycle :stuck_out_tongue: It'd be good if you're happy with the hardware review paper to at least put it out. Won't be perfect, but at least it's what we've done.\nThinking of Zenodo + arXiv.\n*Would you be fine with it?* (In any case, last reviews much appreciated). *",
                    "verbatim": false
                },
                "accessory": {
                    "type": "overflow",
                    "action_id": "title-and-menu",
                    "options": [
                        {
                            "text": {
                                "type": "plain_text",
                                "text": ":information_source: View info",
                                "emoji": true
                            },
                            "value": "view_info"
                        },
                        {
                            "text": {
                                "type": "plain_text",
                                "text": ":pushpin: Capture Decision from Poll",
                                "emoji": true
                            },
                            "value": "capture_decision_from_poll"
                        },
                        {
                            "text": {
                                "type": "plain_text",
                                "text": ":x: Delete Poll",
                                "emoji": true
                            },
                            "value": "delete_poll"
                        },
                        {
                            "text": {
                                "type": "plain_text",
                                "text": ":gear: Go to Settings",
                                "emoji": true
                            },
                            "value": "go_to_settings_from_poll",
                            "url": "https:\/\/simplepoll.rocks\/dashboard\/usdevkit\/settings\/"
                        }
                    ]
                }
            },
            {
                "type": "section",
                "block_id": "poll-a94605ec-30fb-4f70-ba19-b4f4daa6b743-vote-1",
                "text": {
                    "type": "mrkdwn",
                    "text": ":one: Yup\n",
                    "verbatim": false
                },
                "accessory": {
                    "type": "button",
                    "action_id": "vote-1",
                    "text": {
                        "type": "plain_text",
                        "text": ":one:",
                        "emoji": true
                    }
                }
            },
            {
                "type": "section",
                "block_id": "poll-a94605ec-30fb-4f70-ba19-b4f4daa6b743-vote-2",
                "text": {
                    "type": "mrkdwn",
                    "text": ":two: Nope    `1`\n<@U8Z3VB1T2>",
                    "verbatim": false
                },
                "accessory": {
                    "type": "button",
                    "action_id": "vote-2",
                    "text": {
                        "type": "plain_text",
                        "text": ":two:",
                        "emoji": true
                    }
                }
            },
            {
                "type": "context",
                "block_id": "a=rH",
                "elements": [
                    {
                        "type": "mrkdwn",
                        "text": "Created by <@U5M5PLH9S> with \/poll",
                        "verbatim": false
                    }
                ]
            }
        ],
        "edited": {
            "user": "BFK32LTAA",
            "ts": "1588802388.000000"
        }
    },
    {
        "client_msg_id": "fd78e4dd-ba61-43d3-b541-c0a0aa52b524",
        "type": "message",
        "text": "Link is there : <https:\/\/www.overleaf.com\/project\/5e4afda1f6734e000140c712>",
        "user": "U5M5PLH9S",
        "ts": "1588433971.001700",
        "team": "T5M5PLH8U",
        "user_team": "T5M5PLH8U",
        "source_team": "T5M5PLH8U",
        "user_profile": {
            "avatar_hash": "e4fb6ae9f526",
            "image_72": "https:\/\/avatars.slack-edge.com\/2017-06-01\/191144530514_e4fb6ae9f526531fd41c_72.jpg",
            "first_name": "",
            "real_name": "kelu",
            "display_name": "",
            "team": "T5M5PLH8U",
            "name": "kelu",
            "is_restricted": false,
            "is_ultra_restricted": false
        },
        "edited": {
            "user": "U5M5PLH9S",
            "ts": "1588435488.000000"
        },
        "blocks": [
            {
                "type": "rich_text",
                "block_id": "LmW",
                "elements": [
                    {
                        "type": "rich_text_section",
                        "elements": [
                            {
                                "type": "text",
                                "text": "Link is there : "
                            },
                            {
                                "type": "link",
                                "url": "https:\/\/www.overleaf.com\/project\/5e4afda1f6734e000140c712"
                            }
                        ]
                    }
                ]
            }
        ],
        "thread_ts": "1588433934.001500"
    },
    {
        "client_msg_id": "7e82a485-4165-4012-902e-223bcc9a52c6",
        "type": "message",
        "text": "ping the usual suspects <@UFCS7CKPD> <@U8Z3VB1T2> <@UKA33T8N9> <@UGJ8GJGNR>",
        "user": "U5M5PLH9S",
        "ts": "1588433994.002000",
        "team": "T5M5PLH8U",
        "user_team": "T5M5PLH8U",
        "source_team": "T5M5PLH8U",
        "user_profile": {
            "avatar_hash": "e4fb6ae9f526",
            "image_72": "https:\/\/avatars.slack-edge.com\/2017-06-01\/191144530514_e4fb6ae9f526531fd41c_72.jpg",
            "first_name": "",
            "real_name": "kelu",
            "display_name": "",
            "team": "T5M5PLH8U",
            "name": "kelu",
            "is_restricted": false,
            "is_ultra_restricted": false
        },
        "blocks": [
            {
                "type": "rich_text",
                "block_id": "C7i",
                "elements": [
                    {
                        "type": "rich_text_section",
                        "elements": [
                            {
                                "type": "text",
                                "text": "ping the usual suspects "
                            },
                            {
                                "type": "user",
                                "user_id": "UFCS7CKPD"
                            },
                            {
                                "type": "text",
                                "text": " "
                            },
                            {
                                "type": "user",
                                "user_id": "U8Z3VB1T2"
                            },
                            {
                                "type": "text",
                                "text": " "
                            },
                            {
                                "type": "user",
                                "user_id": "UKA33T8N9"
                            },
                            {
                                "type": "text",
                                "text": " "
                            },
                            {
                                "type": "user",
                                "user_id": "UGJ8GJGNR"
                            }
                        ]
                    }
                ]
            }
        ],
        "thread_ts": "1588433934.001500"
    }
]