[
    {
        "type": "message",
        "text": "For reference, the draft presentation I did at the event",
        "files": [
            {
                "id": "F0100T55B8U",
                "created": 1584298631,
                "timestamp": 1584298631,
                "name": "LucUltrasound.pdf",
                "title": "LucUltrasound.pdf",
                "mimetype": "application\/pdf",
                "filetype": "pdf",
                "pretty_type": "PDF",
                "user": "U5M5PLH9S",
                "editable": false,
                "size": 1008479,
                "mode": "hosted",
                "is_external": false,
                "external_type": "",
                "is_public": true,
                "public_url_shared": false,
                "display_as_bot": false,
                "username": "",
                "url_private": "https:\/\/files.slack.com\/files-pri\/T5M5PLH8U-F0100T55B8U\/lucultrasound.pdf?t=xoxe-191193697300-1501897281926-1505540481365-290cf54ffdfc380367c1af72479de92b",
                "url_private_download": "https:\/\/files.slack.com\/files-pri\/T5M5PLH8U-F0100T55B8U\/download\/lucultrasound.pdf?t=xoxe-191193697300-1501897281926-1505540481365-290cf54ffdfc380367c1af72479de92b",
                "thumb_pdf": "https:\/\/files.slack.com\/files-tmb\/T5M5PLH8U-F0100T55B8U-2d4a345b91\/lucultrasound_thumb_pdf.png?t=xoxe-191193697300-1501897281926-1505540481365-290cf54ffdfc380367c1af72479de92b",
                "thumb_pdf_w": 1467,
                "thumb_pdf_h": 825,
                "permalink": "https:\/\/usdevkit.slack.com\/files\/U5M5PLH9S\/F0100T55B8U\/lucultrasound.pdf",
                "permalink_public": "https:\/\/slack-files.com\/T5M5PLH8U-F0100T55B8U-86e79489ed",
                "is_starred": false,
                "has_rich_preview": false
            }
        ],
        "upload": true,
        "blocks": [
            {
                "type": "rich_text",
                "block_id": "LtCpi",
                "elements": [
                    {
                        "type": "rich_text_section",
                        "elements": [
                            {
                                "type": "text",
                                "text": "For reference, the draft presentation I did at the event"
                            }
                        ]
                    }
                ]
            }
        ],
        "user": "U5M5PLH9S",
        "display_as_bot": false,
        "ts": "1584298633.000100",
        "client_msg_id": "b7d126a4-ddc6-4424-a65d-337129e204f1"
    },
    {
        "client_msg_id": "a6b3ee10-1e2b-4823-972e-f5a04c9e6ae8",
        "type": "message",
        "text": "Sooo the deadline for the \"open source _design\"_ methodology is due by June 2020, I'm introducing some of the elements of the \"community study\" aspects (cf for example the personas introduced in the book above) in the paper, while shifting for example modes in the \"hardware paper\". Let me know if you do not have access to it",
        "user": "U5M5PLH9S",
        "ts": "1584298756.002200",
        "team": "T5M5PLH8U",
        "user_team": "T5M5PLH8U",
        "source_team": "T5M5PLH8U",
        "user_profile": {
            "avatar_hash": "e4fb6ae9f526",
            "image_72": "https:\/\/avatars.slack-edge.com\/2017-06-01\/191144530514_e4fb6ae9f526531fd41c_72.jpg",
            "first_name": "",
            "real_name": "kelu",
            "display_name": "",
            "team": "T5M5PLH8U",
            "name": "kelu",
            "is_restricted": false,
            "is_ultra_restricted": false
        },
        "blocks": [
            {
                "type": "rich_text",
                "block_id": "rMKq",
                "elements": [
                    {
                        "type": "rich_text_section",
                        "elements": [
                            {
                                "type": "text",
                                "text": "Sooo the deadline for the \"open source "
                            },
                            {
                                "type": "text",
                                "text": "design\" ",
                                "style": {
                                    "italic": true
                                }
                            },
                            {
                                "type": "text",
                                "text": "methodology is due by June 2020, I'm introducing some of the elements of the \"community study\" aspects (cf for example the personas introduced in the book above) in the paper, while shifting for example modes in the \"hardware paper\". Let me know if you do not have access to it"
                            }
                        ]
                    }
                ]
            }
        ],
        "thread_ts": "1584298756.002200",
        "reply_count": 3,
        "reply_users_count": 1,
        "latest_reply": "1584300897.003500",
        "reply_users": [
            "U5M5PLH9S"
        ],
        "replies": [
            {
                "user": "U5M5PLH9S",
                "ts": "1584300538.003100"
            },
            {
                "user": "U5M5PLH9S",
                "ts": "1584300568.003300"
            },
            {
                "user": "U5M5PLH9S",
                "ts": "1584300897.003500"
            }
        ],
        "subscribed": true,
        "last_read": "1584300897.003500"
    },
    {
        "client_msg_id": "be0e0322-1136-47cf-937a-742a6ddd1eef",
        "type": "message",
        "text": "Any preference btw for the hardware paper?",
        "user": "U5M5PLH9S",
        "ts": "1584300093.002600",
        "team": "T5M5PLH8U",
        "user_team": "T5M5PLH8U",
        "source_team": "T5M5PLH8U",
        "user_profile": {
            "avatar_hash": "e4fb6ae9f526",
            "image_72": "https:\/\/avatars.slack-edge.com\/2017-06-01\/191144530514_e4fb6ae9f526531fd41c_72.jpg",
            "first_name": "",
            "real_name": "kelu",
            "display_name": "",
            "team": "T5M5PLH8U",
            "name": "kelu",
            "is_restricted": false,
            "is_ultra_restricted": false
        },
        "blocks": [
            {
                "type": "rich_text",
                "block_id": "CQ=",
                "elements": [
                    {
                        "type": "rich_text_section",
                        "elements": [
                            {
                                "type": "text",
                                "text": "Any preference btw for the hardware paper?"
                            }
                        ]
                    }
                ]
            }
        ]
    },
    {
        "type": "message",
        "subtype": "bot_message",
        "text": "What would you rather have as a journal?",
        "ts": "1584300159.002900",
        "bot_id": "BFK32LTAA",
        "thread_ts": "1584300159.002900",
        "reply_count": 3,
        "reply_users_count": 1,
        "latest_reply": "1585681324.004800",
        "reply_users": [
            "U5M5PLH9S"
        ],
        "replies": [
            {
                "user": "U5M5PLH9S",
                "ts": "1585581773.002700"
            },
            {
                "user": "U5M5PLH9S",
                "ts": "1585600331.003200"
            },
            {
                "user": "U5M5PLH9S",
                "ts": "1585681324.004800"
            }
        ],
        "subscribed": true,
        "last_read": "1585681324.004800",
        "blocks": [
            {
                "type": "section",
                "block_id": "poll-680e12ff-e48b-471c-8f1a-0e1fc3af2f01-title-and-menu",
                "text": {
                    "type": "mrkdwn",
                    "text": "*What would you rather have as a journal?*",
                    "verbatim": false
                },
                "accessory": {
                    "type": "overflow",
                    "action_id": "title-and-menu",
                    "options": [
                        {
                            "text": {
                                "type": "plain_text",
                                "text": ":information_source: View info",
                                "emoji": true
                            },
                            "value": "view_info"
                        },
                        {
                            "text": {
                                "type": "plain_text",
                                "text": ":pushpin: Capture Decision from Poll",
                                "emoji": true
                            },
                            "value": "capture_decision_from_poll"
                        },
                        {
                            "text": {
                                "type": "plain_text",
                                "text": ":x: Delete Poll",
                                "emoji": true
                            },
                            "value": "delete_poll"
                        },
                        {
                            "text": {
                                "type": "plain_text",
                                "text": ":gear: Go to Settings",
                                "emoji": true
                            },
                            "value": "go_to_settings_from_poll",
                            "url": "https:\/\/simplepoll.rocks\/dashboard\/usdevkit\/settings\/"
                        }
                    ]
                }
            },
            {
                "type": "section",
                "block_id": "poll-680e12ff-e48b-471c-8f1a-0e1fc3af2f01-vote-1",
                "text": {
                    "type": "mrkdwn",
                    "text": ":one: HardwareX    `2`\n<@U8Z3VB1T2>, <@U5M5PLH9S>",
                    "verbatim": false
                },
                "accessory": {
                    "type": "button",
                    "action_id": "vote-1",
                    "text": {
                        "type": "plain_text",
                        "text": ":one:",
                        "emoji": true
                    }
                }
            },
            {
                "type": "section",
                "block_id": "poll-680e12ff-e48b-471c-8f1a-0e1fc3af2f01-vote-2",
                "text": {
                    "type": "mrkdwn",
                    "text": ":two: Open Hardware Journal    `4`\n<@UGJ8GJGNR>, <@UKA33T8N9>, <@U5M5PLH9S>, <@U8Z3VB1T2>",
                    "verbatim": false
                },
                "accessory": {
                    "type": "button",
                    "action_id": "vote-2",
                    "text": {
                        "type": "plain_text",
                        "text": ":two:",
                        "emoji": true
                    }
                }
            },
            {
                "type": "section",
                "block_id": "poll-680e12ff-e48b-471c-8f1a-0e1fc3af2f01-vote-3",
                "text": {
                    "type": "mrkdwn",
                    "text": ":three: Hardware for open science    `3`\n<@UKA33T8N9>, <@U5M5PLH9S>, <@UFCS7CKPD>",
                    "verbatim": false
                },
                "accessory": {
                    "type": "button",
                    "action_id": "vote-3",
                    "text": {
                        "type": "plain_text",
                        "text": ":three:",
                        "emoji": true
                    }
                }
            },
            {
                "type": "section",
                "block_id": "poll-680e12ff-e48b-471c-8f1a-0e1fc3af2f01-vote-4",
                "text": {
                    "type": "mrkdwn",
                    "text": ":four: Other\n",
                    "verbatim": false
                },
                "accessory": {
                    "type": "button",
                    "action_id": "vote-4",
                    "text": {
                        "type": "plain_text",
                        "text": ":four:",
                        "emoji": true
                    }
                }
            },
            {
                "type": "context",
                "block_id": "jNmX",
                "elements": [
                    {
                        "type": "mrkdwn",
                        "text": "Created by <@U5M5PLH9S> with \/poll",
                        "verbatim": false
                    }
                ]
            }
        ],
        "edited": {
            "user": "BFK32LTAA",
            "ts": "1585675836.000000"
        }
    },
    {
        "client_msg_id": "b4704fae-a182-4afe-8315-aef756d85f90",
        "type": "message",
        "text": "I find it exciting to share the lessons learnt, not on the hardware itself, but the process, could be helpful to others :smiley:",
        "user": "U5M5PLH9S",
        "ts": "1584300538.003100",
        "team": "T5M5PLH8U",
        "user_team": "T5M5PLH8U",
        "source_team": "T5M5PLH8U",
        "user_profile": {
            "avatar_hash": "e4fb6ae9f526",
            "image_72": "https:\/\/avatars.slack-edge.com\/2017-06-01\/191144530514_e4fb6ae9f526531fd41c_72.jpg",
            "first_name": "",
            "real_name": "kelu",
            "display_name": "",
            "team": "T5M5PLH8U",
            "name": "kelu",
            "is_restricted": false,
            "is_ultra_restricted": false
        },
        "blocks": [
            {
                "type": "rich_text",
                "block_id": "tXm",
                "elements": [
                    {
                        "type": "rich_text_section",
                        "elements": [
                            {
                                "type": "text",
                                "text": "I find it exciting to share the lessons learnt, not on the hardware itself, but the process, could be helpful to others "
                            },
                            {
                                "type": "emoji",
                                "name": "smiley"
                            }
                        ]
                    }
                ]
            }
        ],
        "thread_ts": "1584298756.002200",
        "parent_user_id": "U5M5PLH9S"
    },
    {
        "client_msg_id": "c1fb0054-da48-4214-86a9-1309e8660649",
        "type": "message",
        "text": "And I trust <@UGJ8GJGNR> that's something were you could chip in with your project, <@U8Z3VB1T2> with yours as well.",
        "user": "U5M5PLH9S",
        "ts": "1584300568.003300",
        "team": "T5M5PLH8U",
        "user_team": "T5M5PLH8U",
        "source_team": "T5M5PLH8U",
        "user_profile": {
            "avatar_hash": "e4fb6ae9f526",
            "image_72": "https:\/\/avatars.slack-edge.com\/2017-06-01\/191144530514_e4fb6ae9f526531fd41c_72.jpg",
            "first_name": "",
            "real_name": "kelu",
            "display_name": "",
            "team": "T5M5PLH8U",
            "name": "kelu",
            "is_restricted": false,
            "is_ultra_restricted": false
        },
        "blocks": [
            {
                "type": "rich_text",
                "block_id": "ktq",
                "elements": [
                    {
                        "type": "rich_text_section",
                        "elements": [
                            {
                                "type": "text",
                                "text": "And I trust "
                            },
                            {
                                "type": "user",
                                "user_id": "UGJ8GJGNR"
                            },
                            {
                                "type": "text",
                                "text": " that's something were you could chip in with your project, "
                            },
                            {
                                "type": "user",
                                "user_id": "U8Z3VB1T2"
                            },
                            {
                                "type": "text",
                                "text": " with yours as well."
                            }
                        ]
                    }
                ]
            }
        ],
        "thread_ts": "1584298756.002200",
        "parent_user_id": "U5M5PLH9S"
    },
    {
        "type": "message",
        "text": "For the community aspects, doing a short graph of some actors on the slack interactions: can you guess who's who? ;)",
        "files": [
            {
                "id": "F0101CDB8DB",
                "created": 1584300893,
                "timestamp": 1584300893,
                "name": "image.png",
                "title": "image.png",
                "mimetype": "image\/png",
                "filetype": "png",
                "pretty_type": "PNG",
                "user": "U5M5PLH9S",
                "editable": false,
                "size": 128846,
                "mode": "hosted",
                "is_external": false,
                "external_type": "",
                "is_public": true,
                "public_url_shared": false,
                "display_as_bot": false,
                "username": "",
                "url_private": "https:\/\/files.slack.com\/files-pri\/T5M5PLH8U-F0101CDB8DB\/image.png?t=xoxe-191193697300-1501897281926-1505540481365-290cf54ffdfc380367c1af72479de92b",
                "url_private_download": "https:\/\/files.slack.com\/files-pri\/T5M5PLH8U-F0101CDB8DB\/download\/image.png?t=xoxe-191193697300-1501897281926-1505540481365-290cf54ffdfc380367c1af72479de92b",
                "thumb_64": "https:\/\/files.slack.com\/files-tmb\/T5M5PLH8U-F0101CDB8DB-66e1965d62\/image_64.png?t=xoxe-191193697300-1501897281926-1505540481365-290cf54ffdfc380367c1af72479de92b",
                "thumb_80": "https:\/\/files.slack.com\/files-tmb\/T5M5PLH8U-F0101CDB8DB-66e1965d62\/image_80.png?t=xoxe-191193697300-1501897281926-1505540481365-290cf54ffdfc380367c1af72479de92b",
                "thumb_360": "https:\/\/files.slack.com\/files-tmb\/T5M5PLH8U-F0101CDB8DB-66e1965d62\/image_360.png?t=xoxe-191193697300-1501897281926-1505540481365-290cf54ffdfc380367c1af72479de92b",
                "thumb_360_w": 360,
                "thumb_360_h": 351,
                "thumb_480": "https:\/\/files.slack.com\/files-tmb\/T5M5PLH8U-F0101CDB8DB-66e1965d62\/image_480.png?t=xoxe-191193697300-1501897281926-1505540481365-290cf54ffdfc380367c1af72479de92b",
                "thumb_480_w": 480,
                "thumb_480_h": 468,
                "thumb_160": "https:\/\/files.slack.com\/files-tmb\/T5M5PLH8U-F0101CDB8DB-66e1965d62\/image_160.png?t=xoxe-191193697300-1501897281926-1505540481365-290cf54ffdfc380367c1af72479de92b",
                "thumb_720": "https:\/\/files.slack.com\/files-tmb\/T5M5PLH8U-F0101CDB8DB-66e1965d62\/image_720.png?t=xoxe-191193697300-1501897281926-1505540481365-290cf54ffdfc380367c1af72479de92b",
                "thumb_720_w": 720,
                "thumb_720_h": 701,
                "thumb_800": "https:\/\/files.slack.com\/files-tmb\/T5M5PLH8U-F0101CDB8DB-66e1965d62\/image_800.png?t=xoxe-191193697300-1501897281926-1505540481365-290cf54ffdfc380367c1af72479de92b",
                "thumb_800_w": 800,
                "thumb_800_h": 779,
                "image_exif_rotation": 1,
                "original_w": 851,
                "original_h": 829,
                "thumb_tiny": "AwAuADDQjRfLX5R0HanbF\/uj8qRP9WuPQUvUYYUAN2Lu6D6YpdqZxtH5UHIXg9PWloATYv8AdH5UjouxvlHQ9qd8qD0+lI5zGx9qABP9UuDjgUvIHJzSR\/6tfoKQHnGdxFACFgQev4ikQ5GQS1OYHpwfWlIPUdaAAZ7\/AKU1gGRiQeAetOGccjn0oY5jY4xwaAEjB2Lk5GBxTjwOBn2qFJ1CLwegp3nr6GgCQdKWoTOueM\/lS+evoaAJMgHB70187WwBjBpvnr6GkeddjcHpQB\/\/2Q==",
                "permalink": "https:\/\/usdevkit.slack.com\/files\/U5M5PLH9S\/F0101CDB8DB\/image.png",
                "permalink_public": "https:\/\/slack-files.com\/T5M5PLH8U-F0101CDB8DB-37d6778c64",
                "is_starred": false,
                "has_rich_preview": false
            }
        ],
        "upload": true,
        "blocks": [
            {
                "type": "rich_text",
                "block_id": "qxEP\/",
                "elements": [
                    {
                        "type": "rich_text_section",
                        "elements": [
                            {
                                "type": "text",
                                "text": "For the community aspects, doing a short graph of some actors on the slack interactions: can you guess who's who? ;)"
                            }
                        ]
                    }
                ]
            }
        ],
        "user": "U5M5PLH9S",
        "display_as_bot": false,
        "ts": "1584300897.003500",
        "client_msg_id": "bb29ce37-21ea-4c56-bfb5-2f717aa550b0",
        "thread_ts": "1584298756.002200",
        "parent_user_id": "U5M5PLH9S"
    }
]