[
    {
        "client_msg_id": "29d2f2a9-fb04-4b8f-970d-0842b4783d94",
        "type": "message",
        "text": "Hum in any case he's asking around if he can find accomodation from fellow researches in grenoble if that helps on the budget - really kind from his side :smiley:",
        "user": "U5M5PLH9S",
        "ts": "1580568891.000800",
        "team": "T5M5PLH8U",
        "user_team": "T5M5PLH8U",
        "source_team": "T5M5PLH8U",
        "user_profile": {
            "avatar_hash": "e4fb6ae9f526",
            "image_72": "https:\/\/avatars.slack-edge.com\/2017-06-01\/191144530514_e4fb6ae9f526531fd41c_72.jpg",
            "first_name": "",
            "real_name": "kelu",
            "display_name": "",
            "team": "T5M5PLH8U",
            "name": "kelu",
            "is_restricted": false,
            "is_ultra_restricted": false
        },
        "blocks": [
            {
                "type": "rich_text",
                "block_id": "2cTs",
                "elements": [
                    {
                        "type": "rich_text_section",
                        "elements": [
                            {
                                "type": "text",
                                "text": "Hum in any case he's asking around if he can find accomodation from fellow researches in grenoble if that helps on the budget - really kind from his side "
                            },
                            {
                                "type": "emoji",
                                "name": "smiley"
                            }
                        ]
                    }
                ]
            }
        ],
        "reactions": [
            {
                "name": "+1",
                "users": [
                    "U8Z3VB1T2"
                ],
                "count": 1
            }
        ]
    }
]