[
    {
        "client_msg_id": "301f4757-30ec-4dd3-8ba0-6be0e40a9c4f",
        "type": "message",
        "text": "Hi all, Thanks for adding me <@U5M5PLH9S>",
        "user": "UGJ8GJGNR",
        "ts": "1580224435.002500",
        "team": "T5M5PLH8U",
        "user_team": "T5M5PLH8U",
        "source_team": "T5M5PLH8U",
        "user_profile": {
            "avatar_hash": "ga7943669895",
            "image_72": "https:\/\/secure.gravatar.com\/avatar\/4a7943669895590493fa45985c7c746a.jpg?s=72&d=https%3A%2F%2Fa.slack-edge.com%2Fdf10d%2Fimg%2Favatars%2Fava_0024-72.png",
            "first_name": "",
            "real_name": "Jean Rintoul",
            "display_name": "jeantoul",
            "team": "T5M5PLH8U",
            "name": "jean.rintoul",
            "is_restricted": false,
            "is_ultra_restricted": false
        },
        "blocks": [
            {
                "type": "rich_text",
                "block_id": "7pMnM",
                "elements": [
                    {
                        "type": "rich_text_section",
                        "elements": [
                            {
                                "type": "text",
                                "text": "Hi all, Thanks for adding me "
                            },
                            {
                                "type": "user",
                                "user_id": "U5M5PLH9S"
                            }
                        ]
                    }
                ]
            }
        ]
    },
    {
        "client_msg_id": "d7756d4e-aa58-419a-a61f-66979c15ca95",
        "type": "message",
        "text": "I am behind the <http:\/\/openeit.github.io|openeit.github.io> project",
        "user": "UGJ8GJGNR",
        "ts": "1580224449.002900",
        "team": "T5M5PLH8U",
        "user_team": "T5M5PLH8U",
        "source_team": "T5M5PLH8U",
        "user_profile": {
            "avatar_hash": "ga7943669895",
            "image_72": "https:\/\/secure.gravatar.com\/avatar\/4a7943669895590493fa45985c7c746a.jpg?s=72&d=https%3A%2F%2Fa.slack-edge.com%2Fdf10d%2Fimg%2Favatars%2Fava_0024-72.png",
            "first_name": "",
            "real_name": "Jean Rintoul",
            "display_name": "jeantoul",
            "team": "T5M5PLH8U",
            "name": "jean.rintoul",
            "is_restricted": false,
            "is_ultra_restricted": false
        },
        "blocks": [
            {
                "type": "rich_text",
                "block_id": "\/ATG",
                "elements": [
                    {
                        "type": "rich_text_section",
                        "elements": [
                            {
                                "type": "text",
                                "text": "I am behind the "
                            },
                            {
                                "type": "link",
                                "url": "http:\/\/openeit.github.io",
                                "text": "openeit.github.io"
                            },
                            {
                                "type": "text",
                                "text": " project"
                            }
                        ]
                    }
                ]
            }
        ]
    },
    {
        "client_msg_id": "1a8f630e-d11b-45eb-9eea-92f6c559413d",
        "type": "message",
        "text": "I did a quick skim style review enough to see what I think are holes, and I’d love to understand what different authors focus or area so far has been. I’m a big fan of this project so please don’t feel bad about any critiques below as I wish for it to succeed.",
        "user": "UGJ8GJGNR",
        "ts": "1580224506.003900",
        "team": "T5M5PLH8U",
        "user_team": "T5M5PLH8U",
        "source_team": "T5M5PLH8U",
        "user_profile": {
            "avatar_hash": "ga7943669895",
            "image_72": "https:\/\/secure.gravatar.com\/avatar\/4a7943669895590493fa45985c7c746a.jpg?s=72&d=https%3A%2F%2Fa.slack-edge.com%2Fdf10d%2Fimg%2Favatars%2Fava_0024-72.png",
            "first_name": "",
            "real_name": "Jean Rintoul",
            "display_name": "jeantoul",
            "team": "T5M5PLH8U",
            "name": "jean.rintoul",
            "is_restricted": false,
            "is_ultra_restricted": false
        },
        "edited": {
            "user": "UGJ8GJGNR",
            "ts": "1580225703.000000"
        },
        "blocks": [
            {
                "type": "rich_text",
                "block_id": "EKd7",
                "elements": [
                    {
                        "type": "rich_text_section",
                        "elements": [
                            {
                                "type": "text",
                                "text": "I did a quick skim style review enough to see what I think are holes, and I’d love to understand what different authors focus or area so far has been. I’m a big fan of this project so please don’t feel bad about any critiques below as I wish for it to succeed."
                            }
                        ]
                    }
                ]
            }
        ],
        "thread_ts": "1580224506.003900",
        "reply_count": 1,
        "reply_users_count": 1,
        "latest_reply": "1580235246.007300",
        "reply_users": [
            "U5M5PLH9S"
        ],
        "replies": [
            {
                "user": "U5M5PLH9S",
                "ts": "1580235246.007300"
            }
        ],
        "subscribed": true,
        "last_read": "1580235246.007300"
    },
    {
        "client_msg_id": "ab1ec6ea-7ad9-47bf-808b-4710f5bcc924",
        "type": "message",
        "text": "Here is my review:",
        "user": "UGJ8GJGNR",
        "ts": "1580224510.004100",
        "team": "T5M5PLH8U",
        "user_team": "T5M5PLH8U",
        "source_team": "T5M5PLH8U",
        "user_profile": {
            "avatar_hash": "ga7943669895",
            "image_72": "https:\/\/secure.gravatar.com\/avatar\/4a7943669895590493fa45985c7c746a.jpg?s=72&d=https%3A%2F%2Fa.slack-edge.com%2Fdf10d%2Fimg%2Favatars%2Fava_0024-72.png",
            "first_name": "",
            "real_name": "Jean Rintoul",
            "display_name": "jeantoul",
            "team": "T5M5PLH8U",
            "name": "jean.rintoul",
            "is_restricted": false,
            "is_ultra_restricted": false
        },
        "blocks": [
            {
                "type": "rich_text",
                "block_id": "RUy",
                "elements": [
                    {
                        "type": "rich_text_section",
                        "elements": [
                            {
                                "type": "text",
                                "text": "Here is my review:"
                            }
                        ]
                    }
                ]
            }
        ]
    },
    {
        "client_msg_id": "e37e6863-735a-4563-9f74-6e698d1ad26a",
        "type": "message",
        "text": "I think it needs a high level clarification between technology review, and what progress authors have made for a clearly defined goal.\n\n\nI’ve put little post it notes on a version of the PDF I downloaded. Can you see them? I made them using preview.",
        "user": "UGJ8GJGNR",
        "ts": "1580224522.004300",
        "team": "T5M5PLH8U",
        "user_team": "T5M5PLH8U",
        "source_team": "T5M5PLH8U",
        "user_profile": {
            "avatar_hash": "ga7943669895",
            "image_72": "https:\/\/secure.gravatar.com\/avatar\/4a7943669895590493fa45985c7c746a.jpg?s=72&d=https%3A%2F%2Fa.slack-edge.com%2Fdf10d%2Fimg%2Favatars%2Fava_0024-72.png",
            "first_name": "",
            "real_name": "Jean Rintoul",
            "display_name": "jeantoul",
            "team": "T5M5PLH8U",
            "name": "jean.rintoul",
            "is_restricted": false,
            "is_ultra_restricted": false
        },
        "blocks": [
            {
                "type": "rich_text",
                "block_id": "+wG",
                "elements": [
                    {
                        "type": "rich_text_section",
                        "elements": [
                            {
                                "type": "text",
                                "text": "I think it needs a high level clarification between technology review, and what progress authors have made for a clearly defined goal.\n\n\nI’ve put little post it notes on a version of the PDF I downloaded. Can you see them? I made them using preview."
                            }
                        ]
                    }
                ]
            }
        ]
    },
    {
        "type": "message",
        "text": "Article with post it style note comments",
        "files": [
            {
                "id": "FT7CWP1GQ",
                "created": 1580224539,
                "timestamp": 1580224539,
                "name": "SUSS.pdf",
                "title": "SUSS.pdf",
                "mimetype": "application\/pdf",
                "filetype": "pdf",
                "pretty_type": "PDF",
                "user": "UGJ8GJGNR",
                "editable": false,
                "size": 1626880,
                "mode": "hosted",
                "is_external": false,
                "external_type": "",
                "is_public": true,
                "public_url_shared": false,
                "display_as_bot": false,
                "username": "",
                "url_private": "https:\/\/files.slack.com\/files-pri\/T5M5PLH8U-FT7CWP1GQ\/suss.pdf?t=xoxe-191193697300-1501897281926-1505540481365-290cf54ffdfc380367c1af72479de92b",
                "url_private_download": "https:\/\/files.slack.com\/files-pri\/T5M5PLH8U-FT7CWP1GQ\/download\/suss.pdf?t=xoxe-191193697300-1501897281926-1505540481365-290cf54ffdfc380367c1af72479de92b",
                "thumb_pdf": "https:\/\/files.slack.com\/files-tmb\/T5M5PLH8U-FT7CWP1GQ-844f7d257c\/suss_thumb_pdf.png?t=xoxe-191193697300-1501897281926-1505540481365-290cf54ffdfc380367c1af72479de92b",
                "thumb_pdf_w": 935,
                "thumb_pdf_h": 1210,
                "permalink": "https:\/\/usdevkit.slack.com\/files\/UGJ8GJGNR\/FT7CWP1GQ\/suss.pdf",
                "permalink_public": "https:\/\/slack-files.com\/T5M5PLH8U-FT7CWP1GQ-a3c6aff897",
                "is_starred": false,
                "has_rich_preview": false
            }
        ],
        "upload": true,
        "blocks": [
            {
                "type": "rich_text",
                "block_id": "euW=",
                "elements": [
                    {
                        "type": "rich_text_section",
                        "elements": [
                            {
                                "type": "text",
                                "text": "Article with post it style note comments"
                            }
                        ]
                    }
                ]
            }
        ],
        "user": "UGJ8GJGNR",
        "display_as_bot": false,
        "ts": "1580224543.004400",
        "client_msg_id": "0ae88c24-47ee-4192-aff8-26949678b594"
    },
    {
        "client_msg_id": "1bd21409-2393-42a8-8b29-87ac57fba136",
        "type": "message",
        "text": "Overview:\n- The abstract should summarize the new results of the research in open ultrasound.\n\n- The whole beginning overview part needs to be tightened up, some sections just mention a particular technology of ultrasound, but not the unique uses or why doppler ultrasound exists, or what an ultrasound capsule is and how it works. Each section on a different ultrasound technology needs to be succinct and have similar coverage. Is the main point you wish to get across that ultrasound is a powerful tool that is used extensively in medical imaging? This seems clear, whats more novel is how to make it open and accessible and what that entails.\n\n- Section 3, you don’t describe why you are reviewing open source software, nor do you list existing open source ultrasound software like FOCUS? Seems like it needs more context and to be tied into the whole.\n\n- The paper needs more higher level structure. Currently it skips around looking at different technologies, but it’s hard to see the results of open ultrasound project board vs general technology discussions. Compressed sensing, doppler, SAR are all interesting large areas but what is the purpose of listing them in this paper? It’d be good to frame the general technology review in terms of some coherent goal\/aim that’s in the abstract.",
        "user": "UGJ8GJGNR",
        "ts": "1580224581.004800",
        "team": "T5M5PLH8U",
        "user_team": "T5M5PLH8U",
        "source_team": "T5M5PLH8U",
        "user_profile": {
            "avatar_hash": "ga7943669895",
            "image_72": "https:\/\/secure.gravatar.com\/avatar\/4a7943669895590493fa45985c7c746a.jpg?s=72&d=https%3A%2F%2Fa.slack-edge.com%2Fdf10d%2Fimg%2Favatars%2Fava_0024-72.png",
            "first_name": "",
            "real_name": "Jean Rintoul",
            "display_name": "jeantoul",
            "team": "T5M5PLH8U",
            "name": "jean.rintoul",
            "is_restricted": false,
            "is_ultra_restricted": false
        },
        "edited": {
            "user": "UGJ8GJGNR",
            "ts": "1580224977.000000"
        },
        "blocks": [
            {
                "type": "rich_text",
                "block_id": "BoLFj",
                "elements": [
                    {
                        "type": "rich_text_section",
                        "elements": [
                            {
                                "type": "text",
                                "text": "Overview:\n- The abstract should summarize the new results of the research in open ultrasound.\n\n- The whole beginning overview part needs to be tightened up, some sections just mention a particular technology of ultrasound, but not the unique uses or why doppler ultrasound exists, or what an ultrasound capsule is and how it works. Each section on a different ultrasound technology needs to be succinct and have similar coverage. Is the main point you wish to get across that ultrasound is a powerful tool that is used extensively in medical imaging? This seems clear, whats more novel is how to make it open and accessible and what that entails.\n\n- Section 3, you don’t describe why you are reviewing open source software, nor do you list existing open source ultrasound software like FOCUS? Seems like it needs more context and to be tied into the whole.\n\n- The paper needs more higher level structure. Currently it skips around looking at different technologies, but it’s hard to see the results of open ultrasound project board vs general technology discussions. Compressed sensing, doppler, SAR are all interesting large areas but what is the purpose of listing them in this paper? It’d be good to frame the general technology review in terms of some coherent goal\/aim that’s in the abstract."
                            }
                        ]
                    }
                ]
            }
        ]
    },
    {
        "client_msg_id": "9f450aca-ab66-4a35-acaf-367adf134373",
        "type": "message",
        "text": "-&gt; Another comment from you I guess \"Ok, I didn’t realize what each author is doing so that helps me understand better. Either way I think it needs a high level clarification between technology review, and what progress authors have made for a clearly defined goal.\"",
        "user": "U5M5PLH9S",
        "ts": "1580235218.007200",
        "team": "T5M5PLH8U",
        "user_team": "T5M5PLH8U",
        "source_team": "T5M5PLH8U",
        "user_profile": {
            "avatar_hash": "e4fb6ae9f526",
            "image_72": "https:\/\/avatars.slack-edge.com\/2017-06-01\/191144530514_e4fb6ae9f526531fd41c_72.jpg",
            "first_name": "",
            "real_name": "kelu",
            "display_name": "",
            "team": "T5M5PLH8U",
            "name": "kelu",
            "is_restricted": false,
            "is_ultra_restricted": false
        },
        "blocks": [
            {
                "type": "rich_text",
                "block_id": "upov",
                "elements": [
                    {
                        "type": "rich_text_section",
                        "elements": [
                            {
                                "type": "text",
                                "text": "-> Another comment from you I guess \"Ok, I didn’t realize what each author is doing so that helps me understand better. Either way I think it needs a high level clarification between technology review, and what progress authors have made for a clearly defined goal.\""
                            }
                        ]
                    }
                ]
            }
        ]
    },
    {
        "client_msg_id": "2407a7a2-6988-48a2-9483-664553f91657",
        "type": "message",
        "text": "For this I guess we're aware the role of a reviewer is not to be too kind, but to be objective and suggest at what can be improved :smiley:",
        "user": "U5M5PLH9S",
        "ts": "1580235246.007300",
        "team": "T5M5PLH8U",
        "user_team": "T5M5PLH8U",
        "source_team": "T5M5PLH8U",
        "user_profile": {
            "avatar_hash": "e4fb6ae9f526",
            "image_72": "https:\/\/avatars.slack-edge.com\/2017-06-01\/191144530514_e4fb6ae9f526531fd41c_72.jpg",
            "first_name": "",
            "real_name": "kelu",
            "display_name": "",
            "team": "T5M5PLH8U",
            "name": "kelu",
            "is_restricted": false,
            "is_ultra_restricted": false
        },
        "blocks": [
            {
                "type": "rich_text",
                "block_id": "rrY+Z",
                "elements": [
                    {
                        "type": "rich_text_section",
                        "elements": [
                            {
                                "type": "text",
                                "text": "For this I guess we're aware the role of a reviewer is not to be too kind, but to be objective and suggest at what can be improved "
                            },
                            {
                                "type": "emoji",
                                "name": "smiley"
                            }
                        ]
                    }
                ]
            }
        ],
        "thread_ts": "1580224506.003900",
        "parent_user_id": "UGJ8GJGNR"
    },
    {
        "client_msg_id": "bba798e7-9f46-4885-b332-90de0871f0d2",
        "type": "message",
        "text": "Asked for a waiver from the org, they mentioned that the price is already low for such a conference - seems not possible to get a waiver for fees :confused:\nHowever, I guess all of us know what it's like to run on a tight budget for OSH :slightly_smiling_face:",
        "user": "U5M5PLH9S",
        "ts": "1580247576.008600",
        "team": "T5M5PLH8U",
        "user_team": "T5M5PLH8U",
        "source_team": "T5M5PLH8U",
        "user_profile": {
            "avatar_hash": "e4fb6ae9f526",
            "image_72": "https:\/\/avatars.slack-edge.com\/2017-06-01\/191144530514_e4fb6ae9f526531fd41c_72.jpg",
            "first_name": "",
            "real_name": "kelu",
            "display_name": "",
            "team": "T5M5PLH8U",
            "name": "kelu",
            "is_restricted": false,
            "is_ultra_restricted": false
        },
        "blocks": [
            {
                "type": "rich_text",
                "block_id": "Vpe",
                "elements": [
                    {
                        "type": "rich_text_section",
                        "elements": [
                            {
                                "type": "text",
                                "text": "Asked for a waiver from the org, they mentioned that the price is already low for such a conference - seems not possible to get a waiver for fees "
                            },
                            {
                                "type": "emoji",
                                "name": "confused"
                            },
                            {
                                "type": "text",
                                "text": "\nHowever, I guess all of us know what it's like to run on a tight budget for OSH "
                            },
                            {
                                "type": "emoji",
                                "name": "slightly_smiling_face"
                            }
                        ]
                    }
                ]
            }
        ],
        "reactions": [
            {
                "name": "sweat_smile",
                "users": [
                    "U8Z3VB1T2"
                ],
                "count": 1
            }
        ]
    }
]