[
    {
        "client_msg_id": "b18deb22-ad73-4ad3-9271-0ece1e730c3d",
        "type": "message",
        "text": "<!channel> - some goods news from the JOH contact -&gt; \"_sorry for getting back to you slowly. I finally found the time to look at your revision, and I copy in our new editors in chiefs of the journal for their information (I continue to be an editor, so it's OK to keep talking to me about it)._\n_First of all, I fully agree with your rational for the article and think it can be very valuable guidance for the open source efforts in the field. It is one of the most comprehensive technological reviews I have seen._\n_Secondly, WELL DONE!! This manuscript is a huge improvement on the last one you sent me and almost ready for submission. I made some comments in the manuscript that I hope will help. If you address most of these points, I recommend you submit the article straight away through the submission page of the journal! If possible, please consider copy-editing the article before submission (do you know a native speaker friend with technical English knowledge?), as there are a couple of sentences that could be misunderstood due to slight language issues_.\"",
        "user": "U5M5PLH9S",
        "ts": "1592155189.000200",
        "team": "T5M5PLH8U",
        "user_team": "T5M5PLH8U",
        "source_team": "T5M5PLH8U",
        "user_profile": {
            "avatar_hash": "e4fb6ae9f526",
            "image_72": "https:\/\/avatars.slack-edge.com\/2017-06-01\/191144530514_e4fb6ae9f526531fd41c_72.jpg",
            "first_name": "",
            "real_name": "kelu",
            "display_name": "",
            "team": "T5M5PLH8U",
            "name": "kelu",
            "is_restricted": false,
            "is_ultra_restricted": false
        },
        "edited": {
            "user": "U5M5PLH9S",
            "ts": "1592155341.000000"
        },
        "blocks": [
            {
                "type": "rich_text",
                "block_id": "I+p",
                "elements": [
                    {
                        "type": "rich_text_section",
                        "elements": [
                            {
                                "type": "broadcast",
                                "range": "channel"
                            },
                            {
                                "type": "text",
                                "text": " - some goods news from the JOH contact -> \""
                            },
                            {
                                "type": "text",
                                "text": "sorry for getting back to you slowly. I finally found the time to look at your revision, and I copy in our new editors in chiefs of the journal for their information (I continue to be an editor, so it's OK to keep talking to me about it).",
                                "style": {
                                    "italic": true
                                }
                            },
                            {
                                "type": "text",
                                "text": "\n"
                            },
                            {
                                "type": "text",
                                "text": "First of all, I fully agree with your rational for the article and think it can be very valuable guidance for the open source efforts in the field. It is one of the most comprehensive technological reviews I have seen.",
                                "style": {
                                    "italic": true
                                }
                            },
                            {
                                "type": "text",
                                "text": "\n"
                            },
                            {
                                "type": "text",
                                "text": "Secondly, WELL DONE!! This manuscript is a huge improvement on the last one you sent me and almost ready for submission. I made some comments in the manuscript that I hope will help. If you address most of these points, I recommend you submit the article straight away through the submission page of the journal! If possible, please consider copy-editing the article before submission (do you know a native speaker friend with technical English knowledge?), as there are a couple of sentences that could be misunderstood due to slight language issues",
                                "style": {
                                    "italic": true
                                }
                            },
                            {
                                "type": "text",
                                "text": ".\""
                            }
                        ]
                    }
                ]
            }
        ],
        "thread_ts": "1592155189.000200",
        "reply_count": 6,
        "reply_users_count": 2,
        "latest_reply": "1592653673.000100",
        "reply_users": [
            "U5M5PLH9S",
            "U8Z3VB1T2"
        ],
        "replies": [
            {
                "user": "U5M5PLH9S",
                "ts": "1592155212.000300"
            },
            {
                "user": "U5M5PLH9S",
                "ts": "1592155239.000500"
            },
            {
                "user": "U5M5PLH9S",
                "ts": "1592155361.001100"
            },
            {
                "user": "U8Z3VB1T2",
                "ts": "1592198398.001300"
            },
            {
                "user": "U5M5PLH9S",
                "ts": "1592210055.001600"
            },
            {
                "user": "U5M5PLH9S",
                "ts": "1592653673.000100"
            }
        ],
        "subscribed": true,
        "last_read": "1592653673.000100"
    },
    {
        "client_msg_id": "547a8886-0025-498e-902b-b01f0c5c22f5",
        "type": "message",
        "text": "Good news! Seeing an end to this :wink: big thanks <@U8Z3VB1T2> for your inputs.\n<@UFCS7CKPD>, <@UKA33T8N9>, <@UGJ8GJGNR> if you want to have last edits, feel free :smiley:",
        "user": "U5M5PLH9S",
        "ts": "1592155212.000300",
        "team": "T5M5PLH8U",
        "user_team": "T5M5PLH8U",
        "source_team": "T5M5PLH8U",
        "user_profile": {
            "avatar_hash": "e4fb6ae9f526",
            "image_72": "https:\/\/avatars.slack-edge.com\/2017-06-01\/191144530514_e4fb6ae9f526531fd41c_72.jpg",
            "first_name": "",
            "real_name": "kelu",
            "display_name": "",
            "team": "T5M5PLH8U",
            "name": "kelu",
            "is_restricted": false,
            "is_ultra_restricted": false
        },
        "edited": {
            "user": "U5M5PLH9S",
            "ts": "1592155297.000000"
        },
        "blocks": [
            {
                "type": "rich_text",
                "block_id": "rOkJ3",
                "elements": [
                    {
                        "type": "rich_text_section",
                        "elements": [
                            {
                                "type": "text",
                                "text": "Good news! Seeing an end to this "
                            },
                            {
                                "type": "emoji",
                                "name": "wink"
                            },
                            {
                                "type": "text",
                                "text": " big thanks "
                            },
                            {
                                "type": "user",
                                "user_id": "U8Z3VB1T2"
                            },
                            {
                                "type": "text",
                                "text": " for your inputs.\n"
                            },
                            {
                                "type": "user",
                                "user_id": "UFCS7CKPD"
                            },
                            {
                                "type": "text",
                                "text": ", "
                            },
                            {
                                "type": "user",
                                "user_id": "UKA33T8N9"
                            },
                            {
                                "type": "text",
                                "text": ", "
                            },
                            {
                                "type": "user",
                                "user_id": "UGJ8GJGNR"
                            },
                            {
                                "type": "text",
                                "text": " if you want to have last edits, feel free "
                            },
                            {
                                "type": "emoji",
                                "name": "smiley"
                            }
                        ]
                    }
                ]
            }
        ],
        "thread_ts": "1592155189.000200",
        "parent_user_id": "U5M5PLH9S"
    },
    {
        "client_msg_id": "877d0f7c-c359-4b1a-a48c-f2a1e195aa3d",
        "type": "message",
        "text": "I'll try and find a proofreader for english - let me know if you know one !",
        "user": "U5M5PLH9S",
        "ts": "1592155239.000500",
        "team": "T5M5PLH8U",
        "user_team": "T5M5PLH8U",
        "source_team": "T5M5PLH8U",
        "user_profile": {
            "avatar_hash": "e4fb6ae9f526",
            "image_72": "https:\/\/avatars.slack-edge.com\/2017-06-01\/191144530514_e4fb6ae9f526531fd41c_72.jpg",
            "first_name": "",
            "real_name": "kelu",
            "display_name": "",
            "team": "T5M5PLH8U",
            "name": "kelu",
            "is_restricted": false,
            "is_ultra_restricted": false
        },
        "blocks": [
            {
                "type": "rich_text",
                "block_id": "+GQB",
                "elements": [
                    {
                        "type": "rich_text_section",
                        "elements": [
                            {
                                "type": "text",
                                "text": "I'll try and find a proofreader for english - let me know if you know one !"
                            }
                        ]
                    }
                ]
            }
        ],
        "thread_ts": "1592155189.000200",
        "parent_user_id": "U5M5PLH9S"
    },
    {
        "client_msg_id": "531f0e7c-06f1-4625-9381-b707be3143d3",
        "type": "message",
        "text": "<@U013REN1D5F> if you want to have a look \/ can proof read, let us know :smiley:",
        "user": "U5M5PLH9S",
        "ts": "1592155361.001100",
        "team": "T5M5PLH8U",
        "user_team": "T5M5PLH8U",
        "source_team": "T5M5PLH8U",
        "user_profile": {
            "avatar_hash": "e4fb6ae9f526",
            "image_72": "https:\/\/avatars.slack-edge.com\/2017-06-01\/191144530514_e4fb6ae9f526531fd41c_72.jpg",
            "first_name": "",
            "real_name": "kelu",
            "display_name": "",
            "team": "T5M5PLH8U",
            "name": "kelu",
            "is_restricted": false,
            "is_ultra_restricted": false
        },
        "blocks": [
            {
                "type": "rich_text",
                "block_id": "bmcF",
                "elements": [
                    {
                        "type": "rich_text_section",
                        "elements": [
                            {
                                "type": "user",
                                "user_id": "U013REN1D5F"
                            },
                            {
                                "type": "text",
                                "text": " if you want to have a look \/ can proof read, let us know "
                            },
                            {
                                "type": "emoji",
                                "name": "smiley"
                            }
                        ]
                    }
                ]
            }
        ],
        "thread_ts": "1592155189.000200",
        "parent_user_id": "U5M5PLH9S"
    },
    {
        "client_msg_id": "e9faa2b9-9e1e-42cf-b3be-562fcd1b609c",
        "type": "message",
        "text": "Fantastic! I'll try to do some more edits this week!",
        "user": "U8Z3VB1T2",
        "ts": "1592198398.001300",
        "team": "T5M5PLH8U",
        "user_team": "T5M5PLH8U",
        "source_team": "T5M5PLH8U",
        "user_profile": {
            "avatar_hash": "g49ad52d7df8",
            "image_72": "https:\/\/secure.gravatar.com\/avatar\/449ad52d7df89ecbe8ebe0fd87d3f63f.jpg?s=72&d=https%3A%2F%2Fa.slack-edge.com%2Fdf10d%2Fimg%2Favatars%2Fava_0026-72.png",
            "first_name": "",
            "real_name": "William Meng",
            "display_name": "",
            "team": "T5M5PLH8U",
            "name": "wlmeng11",
            "is_restricted": false,
            "is_ultra_restricted": false
        },
        "blocks": [
            {
                "type": "rich_text",
                "block_id": "pw7ce",
                "elements": [
                    {
                        "type": "rich_text_section",
                        "elements": [
                            {
                                "type": "text",
                                "text": "Fantastic! I'll try to do some more edits this week!"
                            }
                        ]
                    }
                ]
            }
        ],
        "thread_ts": "1592155189.000200",
        "parent_user_id": "U5M5PLH9S",
        "reactions": [
            {
                "name": "bowtie",
                "users": [
                    "U5M5PLH9S"
                ],
                "count": 1
            }
        ]
    }
]