[
    {
        "client_msg_id": "1b7b6d76-b4c4-46cc-8745-638892486695",
        "type": "message",
        "text": "As I believe, the aim of the OSH is to convey the overall novelty and utility of the project (2nd reviewer), we should rather make sure to tell a story of all aspects of the project than too many technical specs. My idea would be to publish them in a second paper and reference to it....",
        "user": "UKA33T8N9",
        "ts": "1582016037.022800",
        "team": "T5M5PLH8U",
        "user_team": "T5M5PLH8U",
        "source_team": "T5M5PLH8U",
        "user_profile": {
            "avatar_hash": "g67541a44c7f",
            "image_72": "https:\/\/secure.gravatar.com\/avatar\/667541a44c7fc2e815776f28ef88c51e.jpg?s=72&d=https%3A%2F%2Fa.slack-edge.com%2Fdf10d%2Fimg%2Favatars%2Fava_0009-72.png",
            "first_name": "",
            "real_name": "Carla Sch",
            "display_name": "Carla Sch",
            "team": "T5M5PLH8U",
            "name": "carla.schloh",
            "is_restricted": false,
            "is_ultra_restricted": false
        },
        "blocks": [
            {
                "type": "rich_text",
                "block_id": "1NBG",
                "elements": [
                    {
                        "type": "rich_text_section",
                        "elements": [
                            {
                                "type": "text",
                                "text": "As I believe, the aim of the OSH is to convey the overall novelty and utility of the project (2nd reviewer), we should rather make sure to tell a story of all aspects of the project than too many technical specs. My idea would be to publish them in a second paper and reference to it...."
                            }
                        ]
                    }
                ]
            }
        ],
        "thread_ts": "1582016037.022800",
        "reply_count": 1,
        "reply_users_count": 1,
        "latest_reply": "1582016524.023200",
        "reply_users": [
            "UKA33T8N9"
        ],
        "replies": [
            {
                "user": "UKA33T8N9",
                "ts": "1582016524.023200"
            }
        ],
        "subscribed": false,
        "reactions": [
            {
                "name": "+1",
                "users": [
                    "U5M5PLH9S"
                ],
                "count": 1
            }
        ]
    },
    {
        "client_msg_id": "4faf47a3-5f95-43f1-ab30-c7d0c424cff6",
        "type": "message",
        "text": "1.    Why it's useful (argumentative: Limits of commercial US, Why ultrasound, Why open-source, what already works, project's history and aim (here we could make clear who's role is what in the paper, )\n2.    How it works (relatively short, with references to more technical information can be found on the GitHub, arxiv,..)\n3.    Then a (shorter) section on considerations in hardware design (from specs into blocks, examine what's available), impacts of OS in the different blocks\n4.    Leading into the discussion of future research\/ development (here we could sketch the multitude of design aspects in a table of categories, including the lit research we already have)\n5.     2-3 Case Studies (to show that it is indeed actually being used and adapted for projects)",
        "user": "UKA33T8N9",
        "ts": "1582016049.023100",
        "team": "T5M5PLH8U",
        "user_team": "T5M5PLH8U",
        "source_team": "T5M5PLH8U",
        "user_profile": {
            "avatar_hash": "g67541a44c7f",
            "image_72": "https:\/\/secure.gravatar.com\/avatar\/667541a44c7fc2e815776f28ef88c51e.jpg?s=72&d=https%3A%2F%2Fa.slack-edge.com%2Fdf10d%2Fimg%2Favatars%2Fava_0009-72.png",
            "first_name": "",
            "real_name": "Carla Sch",
            "display_name": "Carla Sch",
            "team": "T5M5PLH8U",
            "name": "carla.schloh",
            "is_restricted": false,
            "is_ultra_restricted": false
        },
        "blocks": [
            {
                "type": "rich_text",
                "block_id": "lecTf",
                "elements": [
                    {
                        "type": "rich_text_section",
                        "elements": [
                            {
                                "type": "text",
                                "text": "1.    Why it's useful (argumentative: Limits of commercial US, Why ultrasound, Why open-source, what already works, project's history and aim (here we could make clear who's role is what in the paper, )\n2.    How it works (relatively short, with references to more technical information can be found on the GitHub, arxiv,..)\n3.    Then a (shorter) section on considerations in hardware design (from specs into blocks, examine what's available), impacts of OS in the different blocks\n4.    Leading into the discussion of future research\/ development (here we could sketch the multitude of design aspects in a table of categories, including the lit research we already have)\n5.     2-3 Case Studies (to show that it is indeed actually being used and adapted for projects)"
                            }
                        ]
                    }
                ]
            }
        ]
    },
    {
        "client_msg_id": "31ca9455-d51c-49c6-af6b-331771e38b86",
        "type": "message",
        "text": "I had a look at the topics..they all sound more on the \"innovation management\" side : Topics\n         -      *Models and methods* for OSH design\n-      *Business models* for OSH products\n-      IT tools and software for OSH development\n-      *Case studies* of OSH projects\n-      *Analysis* of emerging practices\n-      *Sustainability* of OSH production model\n-      *Frugal innovation and open design*\n-      IP issues of OSH",
        "user": "UKA33T8N9",
        "ts": "1582016524.023200",
        "team": "T5M5PLH8U",
        "user_team": "T5M5PLH8U",
        "source_team": "T5M5PLH8U",
        "user_profile": {
            "avatar_hash": "g67541a44c7f",
            "image_72": "https:\/\/secure.gravatar.com\/avatar\/667541a44c7fc2e815776f28ef88c51e.jpg?s=72&d=https%3A%2F%2Fa.slack-edge.com%2Fdf10d%2Fimg%2Favatars%2Fava_0009-72.png",
            "first_name": "",
            "real_name": "Carla Sch",
            "display_name": "Carla Sch",
            "team": "T5M5PLH8U",
            "name": "carla.schloh",
            "is_restricted": false,
            "is_ultra_restricted": false
        },
        "blocks": [
            {
                "type": "rich_text",
                "block_id": "oj6",
                "elements": [
                    {
                        "type": "rich_text_section",
                        "elements": [
                            {
                                "type": "text",
                                "text": "I had a look at the topics..they all sound more on the \"innovation management\" side : Topics\n         -      "
                            },
                            {
                                "type": "text",
                                "text": "Models and methods",
                                "style": {
                                    "bold": true
                                }
                            },
                            {
                                "type": "text",
                                "text": " for OSH design\n-      "
                            },
                            {
                                "type": "text",
                                "text": "Business models",
                                "style": {
                                    "bold": true
                                }
                            },
                            {
                                "type": "text",
                                "text": " for OSH products\n-      IT tools and software for OSH development\n-      "
                            },
                            {
                                "type": "text",
                                "text": "Case studies",
                                "style": {
                                    "bold": true
                                }
                            },
                            {
                                "type": "text",
                                "text": " of OSH projects\n-     "
                            },
                            {
                                "type": "text",
                                "text": " Analysis ",
                                "style": {
                                    "bold": true
                                }
                            },
                            {
                                "type": "text",
                                "text": "of emerging practices\n-      "
                            },
                            {
                                "type": "text",
                                "text": "Sustainability ",
                                "style": {
                                    "bold": true
                                }
                            },
                            {
                                "type": "text",
                                "text": "of OSH production model\n-      "
                            },
                            {
                                "type": "text",
                                "text": "Frugal innovation and open design",
                                "style": {
                                    "bold": true
                                }
                            },
                            {
                                "type": "text",
                                "text": "\n-      IP issues of OSH"
                            }
                        ]
                    }
                ]
            }
        ],
        "thread_ts": "1582016037.022800",
        "parent_user_id": "UKA33T8N9"
    },
    {
        "client_msg_id": "f667bf85-3ba3-467c-a72f-31f52419e0ab",
        "type": "message",
        "text": "Perfect, we seem in agreement. I've kept a copy of the hardware section to be able to start from this copy when it'll come to the hardware paper.\nLet's now focus on OpenSource.",
        "user": "U5M5PLH9S",
        "ts": "1582046661.024100",
        "team": "T5M5PLH8U",
        "user_team": "T5M5PLH8U",
        "source_team": "T5M5PLH8U",
        "user_profile": {
            "avatar_hash": "e4fb6ae9f526",
            "image_72": "https:\/\/avatars.slack-edge.com\/2017-06-01\/191144530514_e4fb6ae9f526531fd41c_72.jpg",
            "first_name": "",
            "real_name": "kelu",
            "display_name": "",
            "team": "T5M5PLH8U",
            "name": "kelu",
            "is_restricted": false,
            "is_ultra_restricted": false
        },
        "blocks": [
            {
                "type": "rich_text",
                "block_id": "wwgkx",
                "elements": [
                    {
                        "type": "rich_text_section",
                        "elements": [
                            {
                                "type": "text",
                                "text": "Perfect, we seem in agreement. I've kept a copy of the hardware section to be able to start from this copy when it'll come to the hardware paper.\nLet's now focus on OpenSource."
                            }
                        ]
                    }
                ]
            }
        ]
    },
    {
        "client_msg_id": "da7c93b0-c34c-4b4a-85a6-e1080ac88925",
        "type": "message",
        "text": "In that sense, I'd even remove how it works (section 2), but expend on existing opensource insights (hardware and software, plus opportunities) in the section 3.\nWill have a go tonight on the restructuring of the paper along these lines.\nWill also keep the same authors (open ultrasound society ?) on the two papers :smiley:",
        "user": "U5M5PLH9S",
        "ts": "1582046783.026000",
        "team": "T5M5PLH8U",
        "user_team": "T5M5PLH8U",
        "source_team": "T5M5PLH8U",
        "user_profile": {
            "avatar_hash": "e4fb6ae9f526",
            "image_72": "https:\/\/avatars.slack-edge.com\/2017-06-01\/191144530514_e4fb6ae9f526531fd41c_72.jpg",
            "first_name": "",
            "real_name": "kelu",
            "display_name": "",
            "team": "T5M5PLH8U",
            "name": "kelu",
            "is_restricted": false,
            "is_ultra_restricted": false
        },
        "blocks": [
            {
                "type": "rich_text",
                "block_id": "9gnz",
                "elements": [
                    {
                        "type": "rich_text_section",
                        "elements": [
                            {
                                "type": "text",
                                "text": "In that sense, I'd even remove how it works (section 2), but expend on existing opensource insights (hardware and software, plus opportunities) in the section 3.\nWill have a go tonight on the restructuring of the paper along these lines.\nWill also keep the same authors (open ultrasound society ?) on the two papers "
                            },
                            {
                                "type": "emoji",
                                "name": "smiley"
                            }
                        ]
                    }
                ]
            }
        ]
    },
    {
        "client_msg_id": "f1abf3a0-628d-464b-9265-80356652a338",
        "type": "message",
        "text": "Also adding a few lines on hackaday, tindie, arxiv, upverter, macrofab.. all these enablers",
        "user": "U5M5PLH9S",
        "ts": "1582048617.027800",
        "team": "T5M5PLH8U",
        "user_team": "T5M5PLH8U",
        "source_team": "T5M5PLH8U",
        "user_profile": {
            "avatar_hash": "e4fb6ae9f526",
            "image_72": "https:\/\/avatars.slack-edge.com\/2017-06-01\/191144530514_e4fb6ae9f526531fd41c_72.jpg",
            "first_name": "",
            "real_name": "kelu",
            "display_name": "",
            "team": "T5M5PLH8U",
            "name": "kelu",
            "is_restricted": false,
            "is_ultra_restricted": false
        },
        "blocks": [
            {
                "type": "rich_text",
                "block_id": "jdst",
                "elements": [
                    {
                        "type": "rich_text_section",
                        "elements": [
                            {
                                "type": "text",
                                "text": "Also adding a few lines on hackaday, tindie, arxiv, upverter, macrofab.. all these enablers"
                            }
                        ]
                    }
                ]
            }
        ]
    },
    {
        "client_msg_id": "EDB6E92B-23CE-4484-A277-D0787ACEC92D",
        "type": "message",
        "text": "I like “open ultrasound society”! ",
        "user": "U8Z3VB1T2",
        "ts": "1582052984.028300",
        "team": "T5M5PLH8U",
        "user_team": "T5M5PLH8U",
        "source_team": "T5M5PLH8U",
        "user_profile": {
            "avatar_hash": "g49ad52d7df8",
            "image_72": "https:\/\/secure.gravatar.com\/avatar\/449ad52d7df89ecbe8ebe0fd87d3f63f.jpg?s=72&d=https%3A%2F%2Fa.slack-edge.com%2Fdf10d%2Fimg%2Favatars%2Fava_0026-72.png",
            "first_name": "",
            "real_name": "William Meng",
            "display_name": "",
            "team": "T5M5PLH8U",
            "name": "wlmeng11",
            "is_restricted": false,
            "is_ultra_restricted": false
        },
        "blocks": [
            {
                "type": "rich_text",
                "block_id": "XVn",
                "elements": [
                    {
                        "type": "rich_text_section",
                        "elements": [
                            {
                                "type": "text",
                                "text": "I like “open ultrasound society”! "
                            }
                        ]
                    }
                ]
            }
        ],
        "reactions": [
            {
                "name": "smiley",
                "users": [
                    "U5M5PLH9S"
                ],
                "count": 1
            }
        ]
    },
    {
        "client_msg_id": "a9f98ee1-f035-440b-b145-ee05d1861204",
        "type": "message",
        "text": "Started on restructuring <https:\/\/www.overleaf.com\/project\/5d2b0fe4b5923170e35ee45f> feel free to drop \/ add in your comments where available.",
        "user": "U5M5PLH9S",
        "ts": "1582064846.028900",
        "team": "T5M5PLH8U",
        "user_team": "T5M5PLH8U",
        "source_team": "T5M5PLH8U",
        "user_profile": {
            "avatar_hash": "e4fb6ae9f526",
            "image_72": "https:\/\/avatars.slack-edge.com\/2017-06-01\/191144530514_e4fb6ae9f526531fd41c_72.jpg",
            "first_name": "",
            "real_name": "kelu",
            "display_name": "",
            "team": "T5M5PLH8U",
            "name": "kelu",
            "is_restricted": false,
            "is_ultra_restricted": false
        },
        "edited": {
            "user": "U5M5PLH9S",
            "ts": "1582065794.000000"
        },
        "blocks": [
            {
                "type": "rich_text",
                "block_id": "6r7Hx",
                "elements": [
                    {
                        "type": "rich_text_section",
                        "elements": [
                            {
                                "type": "text",
                                "text": "Started on restructuring "
                            },
                            {
                                "type": "link",
                                "url": "https:\/\/www.overleaf.com\/project\/5d2b0fe4b5923170e35ee45f"
                            },
                            {
                                "type": "text",
                                "text": " feel free to drop \/ add in your comments where available."
                            }
                        ]
                    }
                ]
            }
        ]
    },
    {
        "client_msg_id": "375ea581-f917-4f97-a9cd-6aa0e4d70512",
        "type": "message",
        "text": "especially for <@U8Z3VB1T2> and <@UKA33T8N9>, for your two cases - Section \"Existing uses and forks\"",
        "user": "U5M5PLH9S",
        "ts": "1582064935.029500",
        "team": "T5M5PLH8U",
        "user_team": "T5M5PLH8U",
        "source_team": "T5M5PLH8U",
        "user_profile": {
            "avatar_hash": "e4fb6ae9f526",
            "image_72": "https:\/\/avatars.slack-edge.com\/2017-06-01\/191144530514_e4fb6ae9f526531fd41c_72.jpg",
            "first_name": "",
            "real_name": "kelu",
            "display_name": "",
            "team": "T5M5PLH8U",
            "name": "kelu",
            "is_restricted": false,
            "is_ultra_restricted": false
        },
        "blocks": [
            {
                "type": "rich_text",
                "block_id": "kKsQ\/",
                "elements": [
                    {
                        "type": "rich_text_section",
                        "elements": [
                            {
                                "type": "text",
                                "text": "especially for "
                            },
                            {
                                "type": "user",
                                "user_id": "U8Z3VB1T2"
                            },
                            {
                                "type": "text",
                                "text": " and "
                            },
                            {
                                "type": "user",
                                "user_id": "UKA33T8N9"
                            },
                            {
                                "type": "text",
                                "text": ", for your two cases - Section \"Existing uses and forks\""
                            }
                        ]
                    }
                ]
            }
        ],
        "thread_ts": "1582064935.029500",
        "reply_count": 1,
        "reply_users_count": 1,
        "latest_reply": "1582065826.031400",
        "reply_users": [
            "U5M5PLH9S"
        ],
        "replies": [
            {
                "user": "U5M5PLH9S",
                "ts": "1582065826.031400"
            }
        ],
        "subscribed": true,
        "last_read": "1582065826.031400"
    },
    {
        "client_msg_id": "f8a6a24e-ed14-4595-9efa-3c7b30b4079d",
        "type": "message",
        "text": "Just got a message from the organizer, he'd like me to present : \"My idea is to offer you a 20-minute speech on your approach and practice of open source. We are more interested in feedback, an analysis of practices, than on the technical aspects of development.\" (automatic translation )",
        "user": "U5M5PLH9S",
        "ts": "1582065122.030200",
        "team": "T5M5PLH8U",
        "user_team": "T5M5PLH8U",
        "source_team": "T5M5PLH8U",
        "user_profile": {
            "avatar_hash": "e4fb6ae9f526",
            "image_72": "https:\/\/avatars.slack-edge.com\/2017-06-01\/191144530514_e4fb6ae9f526531fd41c_72.jpg",
            "first_name": "",
            "real_name": "kelu",
            "display_name": "",
            "team": "T5M5PLH8U",
            "name": "kelu",
            "is_restricted": false,
            "is_ultra_restricted": false
        },
        "blocks": [
            {
                "type": "rich_text",
                "block_id": "qE=c",
                "elements": [
                    {
                        "type": "rich_text_section",
                        "elements": [
                            {
                                "type": "text",
                                "text": "Just got a message from the organizer, he'd like me to present : \"My idea is to offer you a 20-minute speech on your approach and practice of open source. We are more interested in feedback, an analysis of practices, than on the technical aspects of development.\" (automatic translation )"
                            }
                        ]
                    }
                ]
            }
        ]
    },
    {
        "client_msg_id": "b4f0d7c9-c4f7-42a1-98bd-0208288f5814",
        "type": "message",
        "text": "more in line indeed with open source",
        "user": "U5M5PLH9S",
        "ts": "1582065127.030400",
        "team": "T5M5PLH8U",
        "user_team": "T5M5PLH8U",
        "source_team": "T5M5PLH8U",
        "user_profile": {
            "avatar_hash": "e4fb6ae9f526",
            "image_72": "https:\/\/avatars.slack-edge.com\/2017-06-01\/191144530514_e4fb6ae9f526531fd41c_72.jpg",
            "first_name": "",
            "real_name": "kelu",
            "display_name": "",
            "team": "T5M5PLH8U",
            "name": "kelu",
            "is_restricted": false,
            "is_ultra_restricted": false
        },
        "blocks": [
            {
                "type": "rich_text",
                "block_id": "gc4",
                "elements": [
                    {
                        "type": "rich_text_section",
                        "elements": [
                            {
                                "type": "text",
                                "text": "more in line indeed with open source"
                            }
                        ]
                    }
                ]
            }
        ]
    },
    {
        "client_msg_id": "b26e61c4-38c1-440d-9485-62c787c7bcf6",
        "type": "message",
        "text": "Pushed also a few paragraphs on my experience with documentation (what's open source without documentation?) and the open hardware certification, may be useful in this light.",
        "user": "U5M5PLH9S",
        "ts": "1582065790.031200",
        "team": "T5M5PLH8U",
        "user_team": "T5M5PLH8U",
        "source_team": "T5M5PLH8U",
        "user_profile": {
            "avatar_hash": "e4fb6ae9f526",
            "image_72": "https:\/\/avatars.slack-edge.com\/2017-06-01\/191144530514_e4fb6ae9f526531fd41c_72.jpg",
            "first_name": "",
            "real_name": "kelu",
            "display_name": "",
            "team": "T5M5PLH8U",
            "name": "kelu",
            "is_restricted": false,
            "is_ultra_restricted": false
        },
        "blocks": [
            {
                "type": "rich_text",
                "block_id": "Bfm",
                "elements": [
                    {
                        "type": "rich_text_section",
                        "elements": [
                            {
                                "type": "text",
                                "text": "Pushed also a few paragraphs on my experience with documentation (what's open source without documentation?) and the open hardware certification, may be useful in this light."
                            }
                        ]
                    }
                ]
            }
        ]
    },
    {
        "client_msg_id": "4bbe58ab-2904-46e9-ab92-47c8c05869fc",
        "type": "message",
        "text": "<@UGJ8GJGNR> possibly if you want to write something here along with tomo ?",
        "user": "U5M5PLH9S",
        "ts": "1582065826.031400",
        "team": "T5M5PLH8U",
        "user_team": "T5M5PLH8U",
        "source_team": "T5M5PLH8U",
        "user_profile": {
            "avatar_hash": "e4fb6ae9f526",
            "image_72": "https:\/\/avatars.slack-edge.com\/2017-06-01\/191144530514_e4fb6ae9f526531fd41c_72.jpg",
            "first_name": "",
            "real_name": "kelu",
            "display_name": "",
            "team": "T5M5PLH8U",
            "name": "kelu",
            "is_restricted": false,
            "is_ultra_restricted": false
        },
        "blocks": [
            {
                "type": "rich_text",
                "block_id": "y50",
                "elements": [
                    {
                        "type": "rich_text_section",
                        "elements": [
                            {
                                "type": "user",
                                "user_id": "UGJ8GJGNR"
                            },
                            {
                                "type": "text",
                                "text": " possibly if you want to write something here along with tomo ?"
                            }
                        ]
                    }
                ]
            }
        ],
        "thread_ts": "1582064935.029500",
        "parent_user_id": "U5M5PLH9S"
    },
    {
        "client_msg_id": "4d66c1d0-efd1-4679-8dd7-9c726659cf7d",
        "type": "message",
        "text": "Don't hesitate to add you own bib files if you think of new references.",
        "user": "U5M5PLH9S",
        "ts": "1582065876.031900",
        "team": "T5M5PLH8U",
        "user_team": "T5M5PLH8U",
        "source_team": "T5M5PLH8U",
        "user_profile": {
            "avatar_hash": "e4fb6ae9f526",
            "image_72": "https:\/\/avatars.slack-edge.com\/2017-06-01\/191144530514_e4fb6ae9f526531fd41c_72.jpg",
            "first_name": "",
            "real_name": "kelu",
            "display_name": "",
            "team": "T5M5PLH8U",
            "name": "kelu",
            "is_restricted": false,
            "is_ultra_restricted": false
        },
        "blocks": [
            {
                "type": "rich_text",
                "block_id": "\/fd",
                "elements": [
                    {
                        "type": "rich_text_section",
                        "elements": [
                            {
                                "type": "text",
                                "text": "Don't hesitate to add you own bib files if you think of new references."
                            }
                        ]
                    }
                ]
            }
        ]
    },
    {
        "client_msg_id": "b6f76c17-f737-4a78-a07b-3b3b8e08a231",
        "type": "message",
        "text": "slashed donw the tech parts, now a more digest paper :smiley:",
        "user": "U5M5PLH9S",
        "ts": "1582066028.032300",
        "team": "T5M5PLH8U",
        "user_team": "T5M5PLH8U",
        "source_team": "T5M5PLH8U",
        "user_profile": {
            "avatar_hash": "e4fb6ae9f526",
            "image_72": "https:\/\/avatars.slack-edge.com\/2017-06-01\/191144530514_e4fb6ae9f526531fd41c_72.jpg",
            "first_name": "",
            "real_name": "kelu",
            "display_name": "",
            "team": "T5M5PLH8U",
            "name": "kelu",
            "is_restricted": false,
            "is_ultra_restricted": false
        },
        "blocks": [
            {
                "type": "rich_text",
                "block_id": "t0a",
                "elements": [
                    {
                        "type": "rich_text_section",
                        "elements": [
                            {
                                "type": "text",
                                "text": "slashed donw the tech parts, now a more digest paper "
                            },
                            {
                                "type": "emoji",
                                "name": "smiley"
                            }
                        ]
                    }
                ]
            }
        ]
    }
]