[
    {
        "client_msg_id": "89AACD0E-0987-4DC1-B372-2A09137E5791",
        "type": "message",
        "text": "Ok cool I see- so hardware paper separate from OS.",
        "user": "UGJ8GJGNR",
        "ts": "1586020834.005600",
        "team": "T5M5PLH8U",
        "user_team": "T5M5PLH8U",
        "source_team": "T5M5PLH8U",
        "user_profile": {
            "avatar_hash": "ga7943669895",
            "image_72": "https:\/\/secure.gravatar.com\/avatar\/4a7943669895590493fa45985c7c746a.jpg?s=72&d=https%3A%2F%2Fa.slack-edge.com%2Fdf10d%2Fimg%2Favatars%2Fava_0024-72.png",
            "first_name": "",
            "real_name": "Jean Rintoul",
            "display_name": "jeantoul",
            "team": "T5M5PLH8U",
            "name": "jean.rintoul",
            "is_restricted": false,
            "is_ultra_restricted": false
        },
        "blocks": [
            {
                "type": "rich_text",
                "block_id": "DUkJ9",
                "elements": [
                    {
                        "type": "rich_text_section",
                        "elements": [
                            {
                                "type": "text",
                                "text": "Ok cool I see- so hardware paper separate from OS."
                            }
                        ]
                    }
                ]
            }
        ]
    },
    {
        "client_msg_id": "dae1a0b0-dec1-4367-9e60-f82bf5eed72b",
        "type": "message",
        "text": "yup",
        "user": "U5M5PLH9S",
        "ts": "1586021005.005800",
        "team": "T5M5PLH8U",
        "user_team": "T5M5PLH8U",
        "source_team": "T5M5PLH8U",
        "user_profile": {
            "avatar_hash": "e4fb6ae9f526",
            "image_72": "https:\/\/avatars.slack-edge.com\/2017-06-01\/191144530514_e4fb6ae9f526531fd41c_72.jpg",
            "first_name": "",
            "real_name": "kelu",
            "display_name": "",
            "team": "T5M5PLH8U",
            "name": "kelu",
            "is_restricted": false,
            "is_ultra_restricted": false
        },
        "blocks": [
            {
                "type": "rich_text",
                "block_id": "gu814",
                "elements": [
                    {
                        "type": "rich_text_section",
                        "elements": [
                            {
                                "type": "text",
                                "text": "yup"
                            }
                        ]
                    }
                ]
            }
        ]
    },
    {
        "client_msg_id": "1a87b651-d63f-4aaf-a37b-670974b2e643",
        "type": "message",
        "text": "to avoid redundancy \/ copypaste in two sections",
        "user": "U5M5PLH9S",
        "ts": "1586021016.006100",
        "team": "T5M5PLH8U",
        "user_team": "T5M5PLH8U",
        "source_team": "T5M5PLH8U",
        "user_profile": {
            "avatar_hash": "e4fb6ae9f526",
            "image_72": "https:\/\/avatars.slack-edge.com\/2017-06-01\/191144530514_e4fb6ae9f526531fd41c_72.jpg",
            "first_name": "",
            "real_name": "kelu",
            "display_name": "",
            "team": "T5M5PLH8U",
            "name": "kelu",
            "is_restricted": false,
            "is_ultra_restricted": false
        },
        "blocks": [
            {
                "type": "rich_text",
                "block_id": "uzV",
                "elements": [
                    {
                        "type": "rich_text_section",
                        "elements": [
                            {
                                "type": "text",
                                "text": "to avoid redundancy \/ copypaste in two sections"
                            }
                        ]
                    }
                ]
            }
        ]
    },
    {
        "client_msg_id": "1a24af57-0fdd-4e1f-b174-9f2ba32fabf0",
        "type": "message",
        "text": "I'm still waiting feedback on the OS \/ design part from the OSH conf",
        "user": "U5M5PLH9S",
        "ts": "1586021034.006700",
        "team": "T5M5PLH8U",
        "user_team": "T5M5PLH8U",
        "source_team": "T5M5PLH8U",
        "user_profile": {
            "avatar_hash": "e4fb6ae9f526",
            "image_72": "https:\/\/avatars.slack-edge.com\/2017-06-01\/191144530514_e4fb6ae9f526531fd41c_72.jpg",
            "first_name": "",
            "real_name": "kelu",
            "display_name": "",
            "team": "T5M5PLH8U",
            "name": "kelu",
            "is_restricted": false,
            "is_ultra_restricted": false
        },
        "edited": {
            "user": "U5M5PLH9S",
            "ts": "1586021055.000000"
        },
        "blocks": [
            {
                "type": "rich_text",
                "block_id": "EB5",
                "elements": [
                    {
                        "type": "rich_text_section",
                        "elements": [
                            {
                                "type": "text",
                                "text": "I'm still waiting feedback on the OS \/ design part from the OSH conf"
                            }
                        ]
                    }
                ]
            }
        ]
    }
]