[
    {
        "client_msg_id": "79c7ee51-cc28-4ae4-a811-bfa45128a519",
        "type": "message",
        "text": "According to <https:\/\/open-design.sciencesconf.org\/>, there's a 115€ fee for attendance, will check if possible presenters fees can be waived.",
        "user": "U5M5PLH9S",
        "ts": "1579683739.003900",
        "team": "T5M5PLH8U",
        "user_team": "T5M5PLH8U",
        "source_team": "T5M5PLH8U",
        "user_profile": {
            "avatar_hash": "e4fb6ae9f526",
            "image_72": "https:\/\/avatars.slack-edge.com\/2017-06-01\/191144530514_e4fb6ae9f526531fd41c_72.jpg",
            "first_name": "",
            "real_name": "kelu",
            "display_name": "",
            "team": "T5M5PLH8U",
            "name": "kelu",
            "is_restricted": false,
            "is_ultra_restricted": false
        },
        "blocks": [
            {
                "type": "rich_text",
                "block_id": "HINM",
                "elements": [
                    {
                        "type": "rich_text_section",
                        "elements": [
                            {
                                "type": "text",
                                "text": "According to "
                            },
                            {
                                "type": "link",
                                "url": "https:\/\/open-design.sciencesconf.org\/"
                            },
                            {
                                "type": "text",
                                "text": ", there's a 115€ fee for attendance, will check if possible presenters fees can be waived."
                            }
                        ]
                    }
                ]
            }
        ],
        "reactions": [
            {
                "name": "+1",
                "users": [
                    "U8Z3VB1T2"
                ],
                "count": 1
            }
        ]
    },
    {
        "client_msg_id": "78b1213e-e669-4a1b-9aac-df034d10ab72",
        "type": "message",
        "text": "That'd be brilliant !",
        "user": "U5M5PLH9S",
        "ts": "1579683749.004000",
        "team": "T5M5PLH8U",
        "user_team": "T5M5PLH8U",
        "source_team": "T5M5PLH8U",
        "user_profile": {
            "avatar_hash": "e4fb6ae9f526",
            "image_72": "https:\/\/avatars.slack-edge.com\/2017-06-01\/191144530514_e4fb6ae9f526531fd41c_72.jpg",
            "first_name": "",
            "real_name": "kelu",
            "display_name": "",
            "team": "T5M5PLH8U",
            "name": "kelu",
            "is_restricted": false,
            "is_ultra_restricted": false
        },
        "blocks": [
            {
                "type": "rich_text",
                "block_id": "4sLz",
                "elements": [
                    {
                        "type": "rich_text_section",
                        "elements": [
                            {
                                "type": "text",
                                "text": "That'd be brilliant !"
                            }
                        ]
                    }
                ]
            }
        ],
        "thread_ts": "1579648422.003000",
        "parent_user_id": "U8Z3VB1T2",
        "reactions": [
            {
                "name": "smile",
                "users": [
                    "U8Z3VB1T2"
                ],
                "count": 1
            }
        ]
    },
    {
        "client_msg_id": "cfd8c80e-8e50-411c-943c-0b2bd556ecc3",
        "type": "message",
        "text": "For the reviews, I guess we can start without their own comments (as well for additions). I'll need to pay the overleaf fee for collaborators and will let you know when it's back !",
        "user": "U5M5PLH9S",
        "ts": "1579683794.004200",
        "team": "T5M5PLH8U",
        "user_team": "T5M5PLH8U",
        "source_team": "T5M5PLH8U",
        "user_profile": {
            "avatar_hash": "e4fb6ae9f526",
            "image_72": "https:\/\/avatars.slack-edge.com\/2017-06-01\/191144530514_e4fb6ae9f526531fd41c_72.jpg",
            "first_name": "",
            "real_name": "kelu",
            "display_name": "",
            "team": "T5M5PLH8U",
            "name": "kelu",
            "is_restricted": false,
            "is_ultra_restricted": false
        },
        "blocks": [
            {
                "type": "rich_text",
                "block_id": "fXPC",
                "elements": [
                    {
                        "type": "rich_text_section",
                        "elements": [
                            {
                                "type": "text",
                                "text": "For the reviews, I guess we can start without their own comments (as well for additions). I'll need to pay the overleaf fee for collaborators and will let you know when it's back !"
                            }
                        ]
                    }
                ]
            }
        ],
        "thread_ts": "1579648422.003000",
        "parent_user_id": "U8Z3VB1T2",
        "reactions": [
            {
                "name": "+1",
                "users": [
                    "U8Z3VB1T2"
                ],
                "count": 1
            }
        ]
    }
]