[
    {
        "client_msg_id": "d0796bb1-475e-423e-92c9-577c150c5025",
        "type": "message",
        "text": "<@UKA33T8N9>, <@UFCS7CKPD>, <@U8Z3VB1T2>: two additional contributors have shown interest in reviewing the article, contributing to sections (tomography, A-scan, hardware design and open source), between now and the final version.\nWould you be okay with them chipping in now, and adding their names to the coauthors ?",
        "user": "U5M5PLH9S",
        "ts": "1579643506.001600",
        "team": "T5M5PLH8U",
        "user_team": "T5M5PLH8U",
        "source_team": "T5M5PLH8U",
        "user_profile": {
            "avatar_hash": "e4fb6ae9f526",
            "image_72": "https:\/\/avatars.slack-edge.com\/2017-06-01\/191144530514_e4fb6ae9f526531fd41c_72.jpg",
            "first_name": "",
            "real_name": "kelu",
            "display_name": "",
            "team": "T5M5PLH8U",
            "name": "kelu",
            "is_restricted": false,
            "is_ultra_restricted": false
        },
        "blocks": [
            {
                "type": "rich_text",
                "block_id": "sfb+e",
                "elements": [
                    {
                        "type": "rich_text_section",
                        "elements": [
                            {
                                "type": "user",
                                "user_id": "UKA33T8N9"
                            },
                            {
                                "type": "text",
                                "text": ", "
                            },
                            {
                                "type": "user",
                                "user_id": "UFCS7CKPD"
                            },
                            {
                                "type": "text",
                                "text": ", "
                            },
                            {
                                "type": "user",
                                "user_id": "U8Z3VB1T2"
                            },
                            {
                                "type": "text",
                                "text": ": two additional contributors have shown interest in reviewing the article, contributing to sections (tomography, A-scan, hardware design and open source), between now and the final version.\nWould you be okay with them chipping in now, and adding their names to the coauthors ?"
                            }
                        ]
                    }
                ]
            }
        ]
    },
    {
        "client_msg_id": "c5f4bef7-ac86-412a-b62a-4501e4ec550b",
        "type": "message",
        "text": "Sure, fine with me! Btw for traveling to Grenoble, I will have to see if finances\/schedule permit, so I will let you know about that soon. For the review, I can perhaps do some more edits before the feedback from the reviewers, would that be helpful, or should we wait for the reviewers?",
        "user": "U8Z3VB1T2",
        "ts": "1579648422.003000",
        "team": "T5M5PLH8U",
        "user_team": "T5M5PLH8U",
        "source_team": "T5M5PLH8U",
        "user_profile": {
            "avatar_hash": "g49ad52d7df8",
            "image_72": "https:\/\/secure.gravatar.com\/avatar\/449ad52d7df89ecbe8ebe0fd87d3f63f.jpg?s=72&d=https%3A%2F%2Fa.slack-edge.com%2Fdf10d%2Fimg%2Favatars%2Fava_0026-72.png",
            "first_name": "",
            "real_name": "William Meng",
            "display_name": "",
            "team": "T5M5PLH8U",
            "name": "wlmeng11",
            "is_restricted": false,
            "is_ultra_restricted": false
        },
        "blocks": [
            {
                "type": "rich_text",
                "block_id": "YyHXl",
                "elements": [
                    {
                        "type": "rich_text_section",
                        "elements": [
                            {
                                "type": "text",
                                "text": "Sure, fine with me! Btw for traveling to Grenoble, I will have to see if finances\/schedule permit, so I will let you know about that soon. For the review, I can perhaps do some more edits before the feedback from the reviewers, would that be helpful, or should we wait for the reviewers?"
                            }
                        ]
                    }
                ]
            }
        ],
        "thread_ts": "1579648422.003000",
        "reply_count": 2,
        "reply_users_count": 1,
        "latest_reply": "1579683794.004200",
        "reply_users": [
            "U5M5PLH9S"
        ],
        "replies": [
            {
                "user": "U5M5PLH9S",
                "ts": "1579683749.004000"
            },
            {
                "user": "U5M5PLH9S",
                "ts": "1579683794.004200"
            }
        ],
        "subscribed": true,
        "last_read": "1579683794.004200"
    },
    {
        "client_msg_id": "1fca4cf9-40b0-4d62-93a1-7e68e24044cd",
        "type": "message",
        "text": "Is there a registration fee to attend the conference?",
        "user": "U8Z3VB1T2",
        "ts": "1579668446.003300",
        "team": "T5M5PLH8U",
        "user_team": "T5M5PLH8U",
        "source_team": "T5M5PLH8U",
        "user_profile": {
            "avatar_hash": "g49ad52d7df8",
            "image_72": "https:\/\/secure.gravatar.com\/avatar\/449ad52d7df89ecbe8ebe0fd87d3f63f.jpg?s=72&d=https%3A%2F%2Fa.slack-edge.com%2Fdf10d%2Fimg%2Favatars%2Fava_0026-72.png",
            "first_name": "",
            "real_name": "William Meng",
            "display_name": "",
            "team": "T5M5PLH8U",
            "name": "wlmeng11",
            "is_restricted": false,
            "is_ultra_restricted": false
        },
        "blocks": [
            {
                "type": "rich_text",
                "block_id": "W8EI",
                "elements": [
                    {
                        "type": "rich_text_section",
                        "elements": [
                            {
                                "type": "text",
                                "text": "Is there a registration fee to attend the conference?"
                            }
                        ]
                    }
                ]
            }
        ]
    }
]