[
    {
        "client_msg_id": "9abe85f7-6f02-4527-98be-2665ea2685c4",
        "type": "message",
        "text": "<!channel> took a bit more time, but now sent and in the pipes of the journal of open hardware !",
        "user": "U5M5PLH9S",
        "ts": "1596473921.000500",
        "team": "T5M5PLH8U",
        "user_team": "T5M5PLH8U",
        "source_team": "T5M5PLH8U",
        "user_profile": {
            "avatar_hash": "e4fb6ae9f526",
            "image_72": "https:\/\/avatars.slack-edge.com\/2017-06-01\/191144530514_e4fb6ae9f526531fd41c_72.jpg",
            "first_name": "",
            "real_name": "kelu",
            "display_name": "",
            "team": "T5M5PLH8U",
            "name": "kelu",
            "is_restricted": false,
            "is_ultra_restricted": false
        },
        "blocks": [
            {
                "type": "rich_text",
                "block_id": "T4A",
                "elements": [
                    {
                        "type": "rich_text_section",
                        "elements": [
                            {
                                "type": "broadcast",
                                "range": "channel"
                            },
                            {
                                "type": "text",
                                "text": " took a bit more time, but now sent and in the pipes of the journal of open hardware !"
                            }
                        ]
                    }
                ]
            }
        ],
        "thread_ts": "1596473921.000500",
        "reply_count": 3,
        "reply_users_count": 2,
        "latest_reply": "1603986294.000100",
        "reply_users": [
            "U8Z3VB1T2",
            "U5M5PLH9S"
        ],
        "replies": [
            {
                "user": "U8Z3VB1T2",
                "ts": "1596480840.001100"
            },
            {
                "user": "U5M5PLH9S",
                "ts": "1596481831.001300"
            },
            {
                "user": "U5M5PLH9S",
                "ts": "1603986294.000100"
            }
        ],
        "subscribed": true,
        "last_read": "1603986294.000100",
        "reactions": [
            {
                "name": "+1",
                "users": [
                    "URQAL47MW",
                    "U8Z3VB1T2",
                    "U6E49CNV6",
                    "UGJ8GJGNR"
                ],
                "count": 4
            }
        ]
    },
    {
        "client_msg_id": "FD994650-80F4-49A6-994B-6205145F386E",
        "type": "message",
        "text": "Woohoo fantastic! ",
        "user": "U8Z3VB1T2",
        "ts": "1596480840.001100",
        "team": "T5M5PLH8U",
        "user_team": "T5M5PLH8U",
        "source_team": "T5M5PLH8U",
        "user_profile": {
            "avatar_hash": "g49ad52d7df8",
            "image_72": "https:\/\/secure.gravatar.com\/avatar\/449ad52d7df89ecbe8ebe0fd87d3f63f.jpg?s=72&d=https%3A%2F%2Fa.slack-edge.com%2Fdf10d%2Fimg%2Favatars%2Fava_0026-72.png",
            "first_name": "",
            "real_name": "William Meng",
            "display_name": "",
            "team": "T5M5PLH8U",
            "name": "wlmeng11",
            "is_restricted": false,
            "is_ultra_restricted": false
        },
        "blocks": [
            {
                "type": "rich_text",
                "block_id": "suwRo",
                "elements": [
                    {
                        "type": "rich_text_section",
                        "elements": [
                            {
                                "type": "text",
                                "text": "Woohoo fantastic! "
                            }
                        ]
                    }
                ]
            }
        ],
        "thread_ts": "1596473921.000500",
        "parent_user_id": "U5M5PLH9S",
        "reactions": [
            {
                "name": "pray",
                "users": [
                    "U5M5PLH9S"
                ],
                "count": 1
            }
        ]
    },
    {
        "client_msg_id": "d9b69c26-b5ca-489e-acf7-2b5c84daa478",
        "type": "message",
        "text": ":stuck_out_tongue:",
        "user": "U5M5PLH9S",
        "ts": "1596481831.001300",
        "team": "T5M5PLH8U",
        "user_team": "T5M5PLH8U",
        "source_team": "T5M5PLH8U",
        "user_profile": {
            "avatar_hash": "e4fb6ae9f526",
            "image_72": "https:\/\/avatars.slack-edge.com\/2017-06-01\/191144530514_e4fb6ae9f526531fd41c_72.jpg",
            "first_name": "",
            "real_name": "kelu",
            "display_name": "",
            "team": "T5M5PLH8U",
            "name": "kelu",
            "is_restricted": false,
            "is_ultra_restricted": false
        },
        "blocks": [
            {
                "type": "rich_text",
                "block_id": "gKEyD",
                "elements": [
                    {
                        "type": "rich_text_section",
                        "elements": [
                            {
                                "type": "emoji",
                                "name": "stuck_out_tongue"
                            }
                        ]
                    }
                ]
            }
        ],
        "thread_ts": "1596473921.000500",
        "parent_user_id": "U5M5PLH9S"
    }
]