[
    {
        "type": "message",
        "text": "Sharing the commented PDF too, might help :stuck_out_tongue:",
        "files": [
            {
                "id": "F015L1ZBL04",
                "created": 1592210042,
                "timestamp": 1592210042,
                "name": "SUSS_Hardware_metaReview.pdf",
                "title": "SUSS_Hardware_metaReview.pdf",
                "mimetype": "application\/pdf",
                "filetype": "pdf",
                "pretty_type": "PDF",
                "user": "U5M5PLH9S",
                "editable": false,
                "size": 346830,
                "mode": "hosted",
                "is_external": false,
                "external_type": "",
                "is_public": true,
                "public_url_shared": false,
                "display_as_bot": false,
                "username": "",
                "url_private": "https:\/\/files.slack.com\/files-pri\/T5M5PLH8U-F015L1ZBL04\/suss_hardware_metareview.pdf?t=xoxe-191193697300-1501897281926-1505540481365-290cf54ffdfc380367c1af72479de92b",
                "url_private_download": "https:\/\/files.slack.com\/files-pri\/T5M5PLH8U-F015L1ZBL04\/download\/suss_hardware_metareview.pdf?t=xoxe-191193697300-1501897281926-1505540481365-290cf54ffdfc380367c1af72479de92b",
                "thumb_pdf": "https:\/\/files.slack.com\/files-tmb\/T5M5PLH8U-F015L1ZBL04-b2912f0e23\/suss_hardware_metareview_thumb_pdf.png?t=xoxe-191193697300-1501897281926-1505540481365-290cf54ffdfc380367c1af72479de92b",
                "thumb_pdf_w": 935,
                "thumb_pdf_h": 1210,
                "permalink": "https:\/\/usdevkit.slack.com\/files\/U5M5PLH9S\/F015L1ZBL04\/suss_hardware_metareview.pdf",
                "permalink_public": "https:\/\/slack-files.com\/T5M5PLH8U-F015L1ZBL04-a276368180",
                "is_starred": false,
                "has_rich_preview": false
            }
        ],
        "upload": false,
        "blocks": [
            {
                "type": "rich_text",
                "block_id": "uORKW",
                "elements": [
                    {
                        "type": "rich_text_section",
                        "elements": [
                            {
                                "type": "text",
                                "text": "Sharing the commented PDF too, might help "
                            },
                            {
                                "type": "emoji",
                                "name": "stuck_out_tongue"
                            }
                        ]
                    }
                ]
            }
        ],
        "user": "U5M5PLH9S",
        "display_as_bot": false,
        "ts": "1592210055.001600",
        "thread_ts": "1592155189.000200",
        "parent_user_id": "U5M5PLH9S"
    }
]