[
    {
        "client_msg_id": "858FCF2F-D647-473C-9E04-F83947B3E8F8",
        "type": "message",
        "text": "Bonjour tout le monde! Unfortunately I won’t be able to attend since I will be visiting graduate schools during the same weekend. I will work on editing the Overleaf document hopefully this weekend. Hope everything goes well at the conference! ",
        "user": "U8Z3VB1T2",
        "ts": "1581518392.004000",
        "team": "T5M5PLH8U",
        "user_team": "T5M5PLH8U",
        "source_team": "T5M5PLH8U",
        "user_profile": {
            "avatar_hash": "g49ad52d7df8",
            "image_72": "https:\/\/secure.gravatar.com\/avatar\/449ad52d7df89ecbe8ebe0fd87d3f63f.jpg?s=72&d=https%3A%2F%2Fa.slack-edge.com%2Fdf10d%2Fimg%2Favatars%2Fava_0026-72.png",
            "first_name": "",
            "real_name": "William Meng",
            "display_name": "",
            "team": "T5M5PLH8U",
            "name": "wlmeng11",
            "is_restricted": false,
            "is_ultra_restricted": false
        },
        "blocks": [
            {
                "type": "rich_text",
                "block_id": "ktmJC",
                "elements": [
                    {
                        "type": "rich_text_section",
                        "elements": [
                            {
                                "type": "text",
                                "text": "Bonjour tout le monde! Unfortunately I won’t be able to attend since I will be visiting graduate schools during the same weekend. I will work on editing the Overleaf document hopefully this weekend. Hope everything goes well at the conference! "
                            }
                        ]
                    }
                ]
            }
        ],
        "reactions": [
            {
                "name": "tired_face",
                "users": [
                    "U5M5PLH9S"
                ],
                "count": 1
            }
        ]
    }
]