[
    {
        "client_msg_id": "d7767bc6-e232-45f5-b374-b4eebdbbf740",
        "type": "message",
        "text": "Thanks, that was actually a great one !",
        "user": "U5M5PLH9S",
        "ts": "1583514911.000200",
        "team": "T5M5PLH8U",
        "user_team": "T5M5PLH8U",
        "source_team": "T5M5PLH8U",
        "user_profile": {
            "avatar_hash": "e4fb6ae9f526",
            "image_72": "https:\/\/avatars.slack-edge.com\/2017-06-01\/191144530514_e4fb6ae9f526531fd41c_72.jpg",
            "first_name": "",
            "real_name": "kelu",
            "display_name": "",
            "team": "T5M5PLH8U",
            "name": "kelu",
            "is_restricted": false,
            "is_ultra_restricted": false
        },
        "blocks": [
            {
                "type": "rich_text",
                "block_id": "tpJ9L",
                "elements": [
                    {
                        "type": "rich_text_section",
                        "elements": [
                            {
                                "type": "text",
                                "text": "Thanks, that was actually a great one !"
                            }
                        ]
                    }
                ]
            }
        ],
        "reactions": [
            {
                "name": "smile",
                "users": [
                    "U8Z3VB1T2"
                ],
                "count": 1
            }
        ]
    },
    {
        "client_msg_id": "0a2bdf05-1906-4cc5-b2d1-4ed1c6f80db3",
        "type": "message",
        "text": "I'll be doing some heavy editing, in line with the lead's feedback and from the session presentations (of articles in the PDF above). That's really a bit more meta on the open approach, with studies of the structure of the community and link with open source, design methodologies.. very very interesting - though quite different from the original paper.\nIf you're okay with this, I'll trim what can be put in the technical paper and focus on the design process \/ community aspects, for a review from all of you, before submission to the design journal.\nIn parallel, I'll be sharing (if not done) the more technical paper so that we can see to push it on arxiv or equivalent (possibly you have other ideas for the journal, like HardwareX or the journal of open data \/ hardware for open science) ?",
        "user": "U5M5PLH9S",
        "ts": "1583515082.003300",
        "team": "T5M5PLH8U",
        "user_team": "T5M5PLH8U",
        "source_team": "T5M5PLH8U",
        "user_profile": {
            "avatar_hash": "e4fb6ae9f526",
            "image_72": "https:\/\/avatars.slack-edge.com\/2017-06-01\/191144530514_e4fb6ae9f526531fd41c_72.jpg",
            "first_name": "",
            "real_name": "kelu",
            "display_name": "",
            "team": "T5M5PLH8U",
            "name": "kelu",
            "is_restricted": false,
            "is_ultra_restricted": false
        },
        "edited": {
            "user": "U5M5PLH9S",
            "ts": "1583515088.000000"
        },
        "blocks": [
            {
                "type": "rich_text",
                "block_id": "27F",
                "elements": [
                    {
                        "type": "rich_text_section",
                        "elements": [
                            {
                                "type": "text",
                                "text": "I'll be doing some heavy editing, in line with the lead's feedback and from the session presentations (of articles in the PDF above). That's really a bit more meta on the open approach, with studies of the structure of the community and link with open source, design methodologies.. very very interesting - though quite different from the original paper.\nIf you're okay with this, I'll trim what can be put in the technical paper and focus on the design process \/ community aspects, for a review from all of you, before submission to the design journal.\nIn parallel, I'll be sharing (if not done) the more technical paper so that we can see to push it on arxiv or equivalent (possibly you have other ideas for the journal, like HardwareX or the journal of open data \/ hardware for open science) ?"
                            }
                        ]
                    }
                ]
            }
        ],
        "reactions": [
            {
                "name": "+1",
                "users": [
                    "UKA33T8N9",
                    "U8Z3VB1T2"
                ],
                "count": 2
            }
        ]
    }
]