[
    {
        "client_msg_id": "8060adb5-fd3c-40f9-98f5-6bfe7d4fa446",
        "type": "message",
        "text": "I've followed up with them, no news so far, will keep you posted as things go !",
        "user": "U5M5PLH9S",
        "ts": "1603986294.000100",
        "team": "T5M5PLH8U",
        "user_team": "T5M5PLH8U",
        "source_team": "T5M5PLH8U",
        "user_profile": {
            "avatar_hash": "e4fb6ae9f526",
            "image_72": "https:\/\/avatars.slack-edge.com\/2017-06-01\/191144530514_e4fb6ae9f526531fd41c_72.jpg",
            "first_name": "",
            "real_name": "kelu",
            "display_name": "",
            "team": "T5M5PLH8U",
            "name": "kelu",
            "is_restricted": false,
            "is_ultra_restricted": false
        },
        "blocks": [
            {
                "type": "rich_text",
                "block_id": "2Mgl",
                "elements": [
                    {
                        "type": "rich_text_section",
                        "elements": [
                            {
                                "type": "text",
                                "text": "I've followed up with them, no news so far, will keep you posted as things go !"
                            }
                        ]
                    }
                ]
            }
        ],
        "thread_ts": "1596473921.000500",
        "parent_user_id": "U5M5PLH9S",
        "reactions": [
            {
                "name": "+1",
                "users": [
                    "U8Z3VB1T2"
                ],
                "count": 1
            }
        ]
    }
]