[
    {
        "client_msg_id": "8471358c-f37e-47dd-8875-b914dee5f0de",
        "type": "message",
        "text": "Now processing first set of comments. <@UGJ8GJGNR> seems I lost some of your references, could you have a look ? Still the same overleaf doc at <https:\/\/www.overleaf.com\/project\/5e4afda1f6734e000140c712>",
        "user": "U5M5PLH9S",
        "ts": "1592653673.000100",
        "team": "T5M5PLH8U",
        "user_team": "T5M5PLH8U",
        "source_team": "T5M5PLH8U",
        "user_profile": {
            "avatar_hash": "e4fb6ae9f526",
            "image_72": "https:\/\/avatars.slack-edge.com\/2017-06-01\/191144530514_e4fb6ae9f526531fd41c_72.jpg",
            "first_name": "",
            "real_name": "kelu",
            "display_name": "",
            "team": "T5M5PLH8U",
            "name": "kelu",
            "is_restricted": false,
            "is_ultra_restricted": false
        },
        "edited": {
            "user": "U5M5PLH9S",
            "ts": "1592658750.000000"
        },
        "blocks": [
            {
                "type": "rich_text",
                "block_id": "MQX6x",
                "elements": [
                    {
                        "type": "rich_text_section",
                        "elements": [
                            {
                                "type": "text",
                                "text": "Now processing first set of comments. "
                            },
                            {
                                "type": "user",
                                "user_id": "UGJ8GJGNR"
                            },
                            {
                                "type": "text",
                                "text": " seems I lost some of your references, could you have a look ? Still the same overleaf doc at "
                            },
                            {
                                "type": "link",
                                "url": "https:\/\/www.overleaf.com\/project\/5e4afda1f6734e000140c712"
                            }
                        ]
                    }
                ]
            }
        ],
        "thread_ts": "1592155189.000200",
        "parent_user_id": "U5M5PLH9S"
    }
]