[
    {
        "client_msg_id": "90a24e60-c9a2-4af4-a248-5b9066216865",
        "type": "message",
        "text": "<!channel> great news ! Mail subject \"Submission Accepted\".\n\n\"Thank you for submitting an abstract to our first international worksop on Open Design and Open Source Harware Developement that will take place in Grenoble 5 and 6 March 2020.  We will review your abstract and give feedback around mid February so that you can improve your proposition. \nRemember that you will have the possibility to propose a full paper to the thematic collection we plan to open in the Design Science Journal.\"\n\nLet's meet in Grenoble then, and possibly discuss in the meanwhile to polish the article for a preprint, if you all agree on this ?",
        "user": "U5M5PLH9S",
        "ts": "1579023708.001200",
        "team": "T5M5PLH8U",
        "user_team": "T5M5PLH8U",
        "source_team": "T5M5PLH8U",
        "user_profile": {
            "avatar_hash": "e4fb6ae9f526",
            "image_72": "https:\/\/avatars.slack-edge.com\/2017-06-01\/191144530514_e4fb6ae9f526531fd41c_72.jpg",
            "first_name": "",
            "real_name": "kelu",
            "display_name": "",
            "team": "T5M5PLH8U",
            "name": "kelu",
            "is_restricted": false,
            "is_ultra_restricted": false
        },
        "blocks": [
            {
                "type": "rich_text",
                "block_id": "kPf2",
                "elements": [
                    {
                        "type": "rich_text_section",
                        "elements": [
                            {
                                "type": "broadcast",
                                "range": "channel"
                            },
                            {
                                "type": "text",
                                "text": " great news ! Mail subject \"Submission Accepted\".\n\n\"Thank you for submitting an abstract to our first international worksop on Open Design and Open Source Harware Developement that will take place in Grenoble 5 and 6 March 2020.  We will review your abstract and give feedback around mid February so that you can improve your proposition. \nRemember that you will have the possibility to propose a full paper to the thematic collection we plan to open in the Design Science Journal.\"\n\nLet's meet in Grenoble then, and possibly discuss in the meanwhile to polish the article for a preprint, if you all agree on this ?"
                            }
                        ]
                    }
                ]
            }
        ],
        "reactions": [
            {
                "name": "raised_hands",
                "users": [
                    "U8Z3VB1T2",
                    "UKA33T8N9"
                ],
                "count": 2
            },
            {
                "name": "nerd_face",
                "users": [
                    "U5M5PLH9S"
                ],
                "count": 1
            }
        ]
    }
]