[
    {
        "client_msg_id": "d06a9996-2e8f-4a38-888e-726037be46c0",
        "type": "message",
        "text": "*-&gt; Reviews* can cover topics such as current controversies or the historical development of studies, issues of regional or temporal focus, s*ummaries of the technological state of the art of an instrumentation type*. Papers should critically engage with the relevant body of literature. Word limit: 5,000 words",
        "user": "U5M5PLH9S",
        "ts": "1588931118.004700",
        "team": "T5M5PLH8U",
        "user_team": "T5M5PLH8U",
        "source_team": "T5M5PLH8U",
        "user_profile": {
            "avatar_hash": "e4fb6ae9f526",
            "image_72": "https:\/\/avatars.slack-edge.com\/2017-06-01\/191144530514_e4fb6ae9f526531fd41c_72.jpg",
            "first_name": "",
            "real_name": "kelu",
            "display_name": "",
            "team": "T5M5PLH8U",
            "name": "kelu",
            "is_restricted": false,
            "is_ultra_restricted": false
        },
        "blocks": [
            {
                "type": "rich_text",
                "block_id": "f8yqy",
                "elements": [
                    {
                        "type": "rich_text_section",
                        "elements": [
                            {
                                "type": "text",
                                "text": "-> Reviews",
                                "style": {
                                    "bold": true
                                }
                            },
                            {
                                "type": "text",
                                "text": " can cover topics such as current controversies or the historical development of studies, issues of regional or temporal focus, s"
                            },
                            {
                                "type": "text",
                                "text": "ummaries of the technological state of the art of an instrumentation type",
                                "style": {
                                    "bold": true
                                }
                            },
                            {
                                "type": "text",
                                "text": ". Papers should critically engage with the relevant body of literature. Word limit: 5,000 words"
                            }
                        ]
                    }
                ]
            }
        ]
    },
    {
        "client_msg_id": "e0890560-bbeb-429b-996e-dd4ffe8902ca",
        "type": "message",
        "text": "Hum we're at 7.5k words",
        "user": "U5M5PLH9S",
        "ts": "1588931304.004900",
        "team": "T5M5PLH8U",
        "user_team": "T5M5PLH8U",
        "source_team": "T5M5PLH8U",
        "user_profile": {
            "avatar_hash": "e4fb6ae9f526",
            "image_72": "https:\/\/avatars.slack-edge.com\/2017-06-01\/191144530514_e4fb6ae9f526531fd41c_72.jpg",
            "first_name": "",
            "real_name": "kelu",
            "display_name": "",
            "team": "T5M5PLH8U",
            "name": "kelu",
            "is_restricted": false,
            "is_ultra_restricted": false
        },
        "blocks": [
            {
                "type": "rich_text",
                "block_id": "Pot34",
                "elements": [
                    {
                        "type": "rich_text_section",
                        "elements": [
                            {
                                "type": "text",
                                "text": "Hum we're at 7.5k words"
                            }
                        ]
                    }
                ]
            }
        ]
    },
    {
        "client_msg_id": "7fcf60ef-c506-4c1d-9fae-af59ed226e3c",
        "type": "message",
        "text": "Some heavy editing required :smiley:",
        "user": "U5M5PLH9S",
        "ts": "1588931315.005300",
        "team": "T5M5PLH8U",
        "user_team": "T5M5PLH8U",
        "source_team": "T5M5PLH8U",
        "user_profile": {
            "avatar_hash": "e4fb6ae9f526",
            "image_72": "https:\/\/avatars.slack-edge.com\/2017-06-01\/191144530514_e4fb6ae9f526531fd41c_72.jpg",
            "first_name": "",
            "real_name": "kelu",
            "display_name": "",
            "team": "T5M5PLH8U",
            "name": "kelu",
            "is_restricted": false,
            "is_ultra_restricted": false
        },
        "blocks": [
            {
                "type": "rich_text",
                "block_id": "aM0",
                "elements": [
                    {
                        "type": "rich_text_section",
                        "elements": [
                            {
                                "type": "text",
                                "text": "Some heavy editing required "
                            },
                            {
                                "type": "emoji",
                                "name": "smiley"
                            }
                        ]
                    }
                ]
            }
        ]
    },
    {
        "client_msg_id": "1e08c138-2b9a-4ea0-8b9e-56cb7ab0907e",
        "type": "message",
        "text": "Hum we could shift case studies (#4) in the actual hardware\/projects paper",
        "user": "U5M5PLH9S",
        "ts": "1588931526.006300",
        "team": "T5M5PLH8U",
        "user_team": "T5M5PLH8U",
        "source_team": "T5M5PLH8U",
        "user_profile": {
            "avatar_hash": "e4fb6ae9f526",
            "image_72": "https:\/\/avatars.slack-edge.com\/2017-06-01\/191144530514_e4fb6ae9f526531fd41c_72.jpg",
            "first_name": "",
            "real_name": "kelu",
            "display_name": "",
            "team": "T5M5PLH8U",
            "name": "kelu",
            "is_restricted": false,
            "is_ultra_restricted": false
        },
        "blocks": [
            {
                "type": "rich_text",
                "block_id": "owI",
                "elements": [
                    {
                        "type": "rich_text_section",
                        "elements": [
                            {
                                "type": "text",
                                "text": "Hum we could shift case studies (#4) in the actual hardware\/projects paper"
                            }
                        ]
                    }
                ]
            }
        ],
        "thread_ts": "1588931526.006300",
        "reply_count": 1,
        "reply_users_count": 1,
        "latest_reply": "1588931892.007000",
        "reply_users": [
            "U5M5PLH9S"
        ],
        "replies": [
            {
                "user": "U5M5PLH9S",
                "ts": "1588931892.007000"
            }
        ],
        "subscribed": true,
        "last_read": "1588931892.007000"
    },
    {
        "client_msg_id": "e0bdc281-14fe-45ae-ad89-be90636a5b20",
        "type": "message",
        "text": "I did not remember the structure of the JOH papers to be that structured :sweat_smile:",
        "user": "U5M5PLH9S",
        "ts": "1588931701.006900",
        "team": "T5M5PLH8U",
        "user_team": "T5M5PLH8U",
        "source_team": "T5M5PLH8U",
        "user_profile": {
            "avatar_hash": "e4fb6ae9f526",
            "image_72": "https:\/\/avatars.slack-edge.com\/2017-06-01\/191144530514_e4fb6ae9f526531fd41c_72.jpg",
            "first_name": "",
            "real_name": "kelu",
            "display_name": "",
            "team": "T5M5PLH8U",
            "name": "kelu",
            "is_restricted": false,
            "is_ultra_restricted": false
        },
        "blocks": [
            {
                "type": "rich_text",
                "block_id": "w4KvO",
                "elements": [
                    {
                        "type": "rich_text_section",
                        "elements": [
                            {
                                "type": "text",
                                "text": "I did not remember the structure of the JOH papers to be that structured "
                            },
                            {
                                "type": "emoji",
                                "name": "sweat_smile"
                            }
                        ]
                    }
                ]
            }
        ]
    },
    {
        "client_msg_id": "bb60c0d9-9003-4f3b-90d3-a4b7a9f0e835",
        "type": "message",
        "text": "(did not actually delete it, just pushed it in a tex file case_study in the repo)",
        "user": "U5M5PLH9S",
        "ts": "1588931892.007000",
        "team": "T5M5PLH8U",
        "user_team": "T5M5PLH8U",
        "source_team": "T5M5PLH8U",
        "user_profile": {
            "avatar_hash": "e4fb6ae9f526",
            "image_72": "https:\/\/avatars.slack-edge.com\/2017-06-01\/191144530514_e4fb6ae9f526531fd41c_72.jpg",
            "first_name": "",
            "real_name": "kelu",
            "display_name": "",
            "team": "T5M5PLH8U",
            "name": "kelu",
            "is_restricted": false,
            "is_ultra_restricted": false
        },
        "blocks": [
            {
                "type": "rich_text",
                "block_id": "AxHwU",
                "elements": [
                    {
                        "type": "rich_text_section",
                        "elements": [
                            {
                                "type": "text",
                                "text": "(did not actually delete it, just pushed it in a tex file case_study in the repo)"
                            }
                        ]
                    }
                ]
            }
        ],
        "thread_ts": "1588931526.006300",
        "parent_user_id": "U5M5PLH9S"
    },
    {
        "client_msg_id": "0e3c7c5d-32fc-4565-8884-c0858ee43a0a",
        "type": "message",
        "text": "5k4 words with some edits.. I guess this can be improved directly in the text too.",
        "user": "U5M5PLH9S",
        "ts": "1588939204.007700",
        "team": "T5M5PLH8U",
        "user_team": "T5M5PLH8U",
        "source_team": "T5M5PLH8U",
        "user_profile": {
            "avatar_hash": "e4fb6ae9f526",
            "image_72": "https:\/\/avatars.slack-edge.com\/2017-06-01\/191144530514_e4fb6ae9f526531fd41c_72.jpg",
            "first_name": "",
            "real_name": "kelu",
            "display_name": "",
            "team": "T5M5PLH8U",
            "name": "kelu",
            "is_restricted": false,
            "is_ultra_restricted": false
        },
        "blocks": [
            {
                "type": "rich_text",
                "block_id": "mh5",
                "elements": [
                    {
                        "type": "rich_text_section",
                        "elements": [
                            {
                                "type": "text",
                                "text": "5k4 words with some edits.. I guess this can be improved directly in the text too."
                            }
                        ]
                    }
                ]
            }
        ]
    }
]