[
    {
        "client_msg_id": "e5058a5b-6f8d-4d02-8c18-1e10b2115b23",
        "type": "message",
        "text": "Some guidelines for writing a review paper: <http:\/\/ueberfachliche-kompetenzen.ethz.ch\/dopraedi\/pdfs\/Mayer\/guidelines_review_article.pdf>",
        "user": "U8Z3VB1T2",
        "ts": "1589050698.000200",
        "team": "T5M5PLH8U",
        "user_team": "T5M5PLH8U",
        "source_team": "T5M5PLH8U",
        "user_profile": {
            "avatar_hash": "g49ad52d7df8",
            "image_72": "https:\/\/secure.gravatar.com\/avatar\/449ad52d7df89ecbe8ebe0fd87d3f63f.jpg?s=72&d=https%3A%2F%2Fa.slack-edge.com%2Fdf10d%2Fimg%2Favatars%2Fava_0026-72.png",
            "first_name": "",
            "real_name": "William Meng",
            "display_name": "",
            "team": "T5M5PLH8U",
            "name": "wlmeng11",
            "is_restricted": false,
            "is_ultra_restricted": false
        },
        "blocks": [
            {
                "type": "rich_text",
                "block_id": "xv4",
                "elements": [
                    {
                        "type": "rich_text_section",
                        "elements": [
                            {
                                "type": "text",
                                "text": "Some guidelines for writing a review paper: "
                            },
                            {
                                "type": "link",
                                "url": "http:\/\/ueberfachliche-kompetenzen.ethz.ch\/dopraedi\/pdfs\/Mayer\/guidelines_review_article.pdf"
                            }
                        ]
                    }
                ]
            }
        ],
        "reactions": [
            {
                "name": "+1",
                "users": [
                    "U5M5PLH9S"
                ],
                "count": 1
            }
        ]
    }
]