[
    {
        "type": "message",
        "text": "Hi there, sorry I took a bit to reply, but this was the .bib file for the few points that I added.",
        "files": [
            {
                "id": "F016HQ622N7",
                "created": 1593783735,
                "timestamp": 1593783735,
                "name": "USDevKit.bib",
                "title": "USDevKit.bib",
                "mimetype": "text\/plain",
                "filetype": "text",
                "pretty_type": "Plain Text",
                "user": "UGJ8GJGNR",
                "editable": true,
                "size": 2380,
                "mode": "snippet",
                "is_external": false,
                "external_type": "",
                "is_public": true,
                "public_url_shared": false,
                "display_as_bot": false,
                "username": "",
                "url_private": "https:\/\/files.slack.com\/files-pri\/T5M5PLH8U-F016HQ622N7\/usdevkit.bib?t=xoxe-191193697300-1501897281926-1505540481365-290cf54ffdfc380367c1af72479de92b",
                "url_private_download": "https:\/\/files.slack.com\/files-pri\/T5M5PLH8U-F016HQ622N7\/download\/usdevkit.bib?t=xoxe-191193697300-1501897281926-1505540481365-290cf54ffdfc380367c1af72479de92b",
                "permalink": "https:\/\/usdevkit.slack.com\/files\/UGJ8GJGNR\/F016HQ622N7\/usdevkit.bib",
                "permalink_public": "https:\/\/slack-files.com\/T5M5PLH8U-F016HQ622N7-8a41dc6d01",
                "edit_link": "https:\/\/usdevkit.slack.com\/files\/UGJ8GJGNR\/F016HQ622N7\/usdevkit.bib\/edit",
                "is_starred": false,
                "has_rich_preview": false
            }
        ],
        "upload": false,
        "blocks": [
            {
                "type": "rich_text",
                "block_id": "FMBgM",
                "elements": [
                    {
                        "type": "rich_text_section",
                        "elements": [
                            {
                                "type": "text",
                                "text": "Hi there, sorry I took a bit to reply, but this was the .bib file for the few points that I added."
                            }
                        ]
                    }
                ]
            }
        ],
        "user": "UGJ8GJGNR",
        "display_as_bot": false,
        "ts": "1593783740.000600"
    }
]