[
    {
        "client_msg_id": "9493d735-62a3-48fb-a23c-1eb8f9860da6",
        "type": "message",
        "text": "Awesome, good luck and have fun at the conference!! :smile:",
        "user": "U8Z3VB1T2",
        "ts": "1583374006.000500",
        "team": "T5M5PLH8U",
        "user_team": "T5M5PLH8U",
        "source_team": "T5M5PLH8U",
        "user_profile": {
            "avatar_hash": "g49ad52d7df8",
            "image_72": "https:\/\/secure.gravatar.com\/avatar\/449ad52d7df89ecbe8ebe0fd87d3f63f.jpg?s=72&d=https%3A%2F%2Fa.slack-edge.com%2Fdf10d%2Fimg%2Favatars%2Fava_0026-72.png",
            "first_name": "",
            "real_name": "William Meng",
            "display_name": "",
            "team": "T5M5PLH8U",
            "name": "wlmeng11",
            "is_restricted": false,
            "is_ultra_restricted": false
        },
        "blocks": [
            {
                "type": "rich_text",
                "block_id": "oOrY",
                "elements": [
                    {
                        "type": "rich_text_section",
                        "elements": [
                            {
                                "type": "text",
                                "text": "Awesome, good luck and have fun at the conference!! "
                            },
                            {
                                "type": "emoji",
                                "name": "smile"
                            }
                        ]
                    }
                ]
            }
        ],
        "reactions": [
            {
                "name": "+1",
                "users": [
                    "UGJ8GJGNR"
                ],
                "count": 1
            }
        ]
    }
]