[
    {
        "type": "message",
        "subtype": "channel_topic",
        "ts": "1582099850.032400",
        "user": "U5M5PLH9S",
        "text": "<@U5M5PLH9S> set the channel topic: Creation of the first Open Ultrasound Society papers :wink:",
        "topic": "Creation of the first Open Ultrasound Society papers :wink:"
    },
    {
        "type": "message",
        "subtype": "channel_join",
        "ts": "1582163755.032600",
        "user": "URQAL47MW",
        "text": "<@URQAL47MW> has joined the channel"
    }
]