[
    {
        "client_msg_id": "e105ffb2-0027-48f0-896e-f7f5f06b3c03",
        "type": "message",
        "text": "A bit longer feedback in the thread :smiley:",
        "user": "U5M5PLH9S",
        "ts": "1588345718.000300",
        "team": "T5M5PLH8U",
        "user_team": "T5M5PLH8U",
        "source_team": "T5M5PLH8U",
        "user_profile": {
            "avatar_hash": "e4fb6ae9f526",
            "image_72": "https:\/\/avatars.slack-edge.com\/2017-06-01\/191144530514_e4fb6ae9f526531fd41c_72.jpg",
            "first_name": "",
            "real_name": "kelu",
            "display_name": "",
            "team": "T5M5PLH8U",
            "name": "kelu",
            "is_restricted": false,
            "is_ultra_restricted": false
        },
        "blocks": [
            {
                "type": "rich_text",
                "block_id": "uvG",
                "elements": [
                    {
                        "type": "rich_text_section",
                        "elements": [
                            {
                                "type": "text",
                                "text": "A bit longer feedback in the thread "
                            },
                            {
                                "type": "emoji",
                                "name": "smiley"
                            }
                        ]
                    }
                ]
            }
        ],
        "thread_ts": "1588345718.000300",
        "reply_count": 4,
        "reply_users_count": 1,
        "latest_reply": "1588345875.001000",
        "reply_users": [
            "U5M5PLH9S"
        ],
        "replies": [
            {
                "user": "U5M5PLH9S",
                "ts": "1588345723.000400"
            },
            {
                "user": "U5M5PLH9S",
                "ts": "1588345860.000600"
            },
            {
                "user": "U5M5PLH9S",
                "ts": "1588345873.000800"
            },
            {
                "user": "U5M5PLH9S",
                "ts": "1588345875.001000"
            }
        ],
        "subscribed": true,
        "last_read": "1588345875.001000"
    },
    {
        "client_msg_id": "d043837e-c3ed-4cc5-a1f4-8e33f15f6fed",
        "type": "message",
        "text": "sorry for getting back to you so slowly.\nInitially I thought you would want to write on a new hardware implementation for ultrasound imaging. Looking at the draft, I think this material might be more suitable for a review on open-source ultrasound imaging (and then maybe seeing another brief metapaper of yours with the hardware itself). We would welcome a review in similar form.\nHere a few thoughts and advice:\n* In the introduction to the technology section, I recommend focusing on background, context (especially open source) and trends. Take the reader with you: E.g.: Why is it interesting to have an overview over all imaging modes? Which has furthest progressed in open source, which is best to tackle for prototyping? The rest should be short or detailed on Wikipedia instead for completeness.\n* I like the figures. A bit more information in the caption would be useful.\n* Why is it, that a simple hardware architecture is good for open source (I agree mostly, but explaining to the reader would be useful)\n* I think the approach you take to the review is very good and helpful: Introduction with background, Requirements for building a system; open approaches available (detail, compared to more general mention in introduction) and contrasting it with state of the art of closed-source systems; Interface and software choices for an open system; conclusions - state of openness today and development efforts needed as well where to look for ongoing efforts.\n* As a review, you should not mention mid-progress trials you have done, just abstract reflections on why what might be a good a approach and what is available already. Your specific choices should at this point be equally valued to alternative (sensible) approaches that could have been taken at various design decision points. Where that is not possible, you should clarify your non-neutrality. E.g.\"We\/The authors could envision an approach based on X-Y-Z to address this technological challenge\".\n* I understand that this is still a working document. But when the time comes, please ask those of your co-authors with more publishing experience to help further with academic style of the text (e.g. no references in the abstract, matter-of-fact wording instead of occasional narration, fact-backing of statements, focus only on most relevant aspects of the text - e.g. at some points possibly not all types of a module need to be detailed, but it might be worth focusing on the relevant ones and mention that there are others). This will make the review much smoother and help your publication timeline. Academic writing is contradictory in a sense: Even though it's supposed to be objective and fact-based, in a publication there should still be a storey or a red-thread (in contrast to the Wikipedia \"here is an onverview of all you need to know\" approach. Here, the storey should be along the lines of what technological choices might most feasibly lead to a high-spec open source ultrasound imaging project and what the reader needs to know for that.\nI hope that this feedback is helpful. Please don't hesitate to write to me again if you have further questions. Let me know how it's going!",
        "user": "U5M5PLH9S",
        "ts": "1588345723.000400",
        "team": "T5M5PLH8U",
        "user_team": "T5M5PLH8U",
        "source_team": "T5M5PLH8U",
        "user_profile": {
            "avatar_hash": "e4fb6ae9f526",
            "image_72": "https:\/\/avatars.slack-edge.com\/2017-06-01\/191144530514_e4fb6ae9f526531fd41c_72.jpg",
            "first_name": "",
            "real_name": "kelu",
            "display_name": "",
            "team": "T5M5PLH8U",
            "name": "kelu",
            "is_restricted": false,
            "is_ultra_restricted": false
        },
        "blocks": [
            {
                "type": "rich_text",
                "block_id": "ghOUl",
                "elements": [
                    {
                        "type": "rich_text_section",
                        "elements": [
                            {
                                "type": "text",
                                "text": "sorry for getting back to you so slowly.\nInitially I thought you would want to write on a new hardware implementation for ultrasound imaging. Looking at the draft, I think this material might be more suitable for a review on open-source ultrasound imaging (and then maybe seeing another brief metapaper of yours with the hardware itself). We would welcome a review in similar form.\nHere a few thoughts and advice:\n* In the introduction to the technology section, I recommend focusing on background, context (especially open source) and trends. Take the reader with you: E.g.: Why is it interesting to have an overview over all imaging modes? Which has furthest progressed in open source, which is best to tackle for prototyping? The rest should be short or detailed on Wikipedia instead for completeness.\n* I like the figures. A bit more information in the caption would be useful.\n* Why is it, that a simple hardware architecture is good for open source (I agree mostly, but explaining to the reader would be useful)\n* I think the approach you take to the review is very good and helpful: Introduction with background, Requirements for building a system; open approaches available (detail, compared to more general mention in introduction) and contrasting it with state of the art of closed-source systems; Interface and software choices for an open system; conclusions - state of openness today and development efforts needed as well where to look for ongoing efforts.\n* As a review, you should not mention mid-progress trials you have done, just abstract reflections on why what might be a good a approach and what is available already. Your specific choices should at this point be equally valued to alternative (sensible) approaches that could have been taken at various design decision points. Where that is not possible, you should clarify your non-neutrality. E.g.\"We\/The authors could envision an approach based on X-Y-Z to address this technological challenge\".\n* I understand that this is still a working document. But when the time comes, please ask those of your co-authors with more publishing experience to help further with academic style of the text (e.g. no references in the abstract, matter-of-fact wording instead of occasional narration, fact-backing of statements, focus only on most relevant aspects of the text - e.g. at some points possibly not all types of a module need to be detailed, but it might be worth focusing on the relevant ones and mention that there are others). This will make the review much smoother and help your publication timeline. Academic writing is contradictory in a sense: Even though it's supposed to be objective and fact-based, in a publication there should still be a storey or a red-thread (in contrast to the Wikipedia \"here is an onverview of all you need to know\" approach. Here, the storey should be along the lines of what technological choices might most feasibly lead to a high-spec open source ultrasound imaging project and what the reader needs to know for that.\nI hope that this feedback is helpful. Please don't hesitate to write to me again if you have further questions. Let me know how it's going!"
                            }
                        ]
                    }
                ]
            }
        ],
        "thread_ts": "1588345718.000300",
        "parent_user_id": "U5M5PLH9S"
    },
    {
        "client_msg_id": "100f37db-0442-4488-8308-806b5f5e0c89",
        "type": "message",
        "text": "Already two takeaways : style (but not a surprise) and suggestion to split the upcoming hardware part to a separate article",
        "user": "U5M5PLH9S",
        "ts": "1588345860.000600",
        "team": "T5M5PLH8U",
        "user_team": "T5M5PLH8U",
        "source_team": "T5M5PLH8U",
        "user_profile": {
            "avatar_hash": "e4fb6ae9f526",
            "image_72": "https:\/\/avatars.slack-edge.com\/2017-06-01\/191144530514_e4fb6ae9f526531fd41c_72.jpg",
            "first_name": "",
            "real_name": "kelu",
            "display_name": "",
            "team": "T5M5PLH8U",
            "name": "kelu",
            "is_restricted": false,
            "is_ultra_restricted": false
        },
        "blocks": [
            {
                "type": "rich_text",
                "block_id": "m\/0M4",
                "elements": [
                    {
                        "type": "rich_text_section",
                        "elements": [
                            {
                                "type": "text",
                                "text": "Already two takeaways : style (but not a surprise) and suggestion to split the upcoming hardware part to a separate article"
                            }
                        ]
                    }
                ]
            }
        ],
        "thread_ts": "1588345718.000300",
        "parent_user_id": "U5M5PLH9S"
    },
    {
        "client_msg_id": "2faf18e6-0480-4456-8d61-2a8c23a7bffd",
        "type": "message",
        "text": "that'd leave this as a \"meta\" review, you still ok to be on this?",
        "user": "U5M5PLH9S",
        "ts": "1588345873.000800",
        "team": "T5M5PLH8U",
        "user_team": "T5M5PLH8U",
        "source_team": "T5M5PLH8U",
        "user_profile": {
            "avatar_hash": "e4fb6ae9f526",
            "image_72": "https:\/\/avatars.slack-edge.com\/2017-06-01\/191144530514_e4fb6ae9f526531fd41c_72.jpg",
            "first_name": "",
            "real_name": "kelu",
            "display_name": "",
            "team": "T5M5PLH8U",
            "name": "kelu",
            "is_restricted": false,
            "is_ultra_restricted": false
        },
        "blocks": [
            {
                "type": "rich_text",
                "block_id": "LPK",
                "elements": [
                    {
                        "type": "rich_text_section",
                        "elements": [
                            {
                                "type": "text",
                                "text": "that'd leave this as a \"meta\" review, you still ok to be on this?"
                            }
                        ]
                    }
                ]
            }
        ],
        "thread_ts": "1588345718.000300",
        "parent_user_id": "U5M5PLH9S"
    },
    {
        "client_msg_id": "c6007310-249a-4642-92a5-b50383258170",
        "type": "message",
        "text": ":smiley:",
        "user": "U5M5PLH9S",
        "ts": "1588345875.001000",
        "team": "T5M5PLH8U",
        "user_team": "T5M5PLH8U",
        "source_team": "T5M5PLH8U",
        "user_profile": {
            "avatar_hash": "e4fb6ae9f526",
            "image_72": "https:\/\/avatars.slack-edge.com\/2017-06-01\/191144530514_e4fb6ae9f526531fd41c_72.jpg",
            "first_name": "",
            "real_name": "kelu",
            "display_name": "",
            "team": "T5M5PLH8U",
            "name": "kelu",
            "is_restricted": false,
            "is_ultra_restricted": false
        },
        "blocks": [
            {
                "type": "rich_text",
                "block_id": "JZ7K",
                "elements": [
                    {
                        "type": "rich_text_section",
                        "elements": [
                            {
                                "type": "emoji",
                                "name": "smiley"
                            }
                        ]
                    }
                ]
            }
        ],
        "thread_ts": "1588345718.000300",
        "parent_user_id": "U5M5PLH9S"
    }
]