[
    {
        "type": "message",
        "text": "Interesting paper for us OSHWxImaging ppl :smiley:",
        "files": [
            {
                "id": "FT6UW5FDH",
                "created": 1580840265,
                "timestamp": 1580840265,
                "name": "habibi_tmp_assetYGrYMX",
                "title": "habibi_tmp_assetYGrYMX",
                "mimetype": "application\/pdf",
                "filetype": "pdf",
                "pretty_type": "PDF",
                "user": "U5M5PLH9S",
                "editable": false,
                "size": 843196,
                "mode": "hosted",
                "is_external": false,
                "external_type": "",
                "is_public": true,
                "public_url_shared": false,
                "display_as_bot": false,
                "username": "",
                "url_private": "https:\/\/files.slack.com\/files-pri\/T5M5PLH8U-FT6UW5FDH\/habibi_tmp_assetygrymx?t=xoxe-191193697300-1501897281926-1505540481365-290cf54ffdfc380367c1af72479de92b",
                "url_private_download": "https:\/\/files.slack.com\/files-pri\/T5M5PLH8U-FT6UW5FDH\/download\/habibi_tmp_assetygrymx?t=xoxe-191193697300-1501897281926-1505540481365-290cf54ffdfc380367c1af72479de92b",
                "thumb_pdf": "https:\/\/files.slack.com\/files-tmb\/T5M5PLH8U-FT6UW5FDH-627f65eeda\/habibi_tmp_assetygrymx_thumb_pdf.png?t=xoxe-191193697300-1501897281926-1505540481365-290cf54ffdfc380367c1af72479de92b",
                "thumb_pdf_w": 935,
                "thumb_pdf_h": 1210,
                "permalink": "https:\/\/usdevkit.slack.com\/files\/U5M5PLH9S\/FT6UW5FDH\/habibi_tmp_assetygrymx",
                "permalink_public": "https:\/\/slack-files.com\/T5M5PLH8U-FT6UW5FDH-ee4fcad78f",
                "is_starred": false,
                "has_rich_preview": false
            }
        ],
        "upload": true,
        "blocks": [
            {
                "type": "rich_text",
                "block_id": "TsHw",
                "elements": [
                    {
                        "type": "rich_text_section",
                        "elements": [
                            {
                                "type": "text",
                                "text": "Interesting paper for us OSHWxImaging ppl "
                            },
                            {
                                "type": "emoji",
                                "name": "smiley"
                            }
                        ]
                    }
                ]
            }
        ],
        "user": "U5M5PLH9S",
        "display_as_bot": false,
        "ts": "1580840268.000100",
        "client_msg_id": "4c2805e2-dae3-4c9a-9f1c-74c15336e360",
        "reactions": [
            {
                "name": "+1",
                "users": [
                    "UGJ8GJGNR"
                ],
                "count": 1
            }
        ]
    }
]