[
    {
        "client_msg_id": "5d27e9e2-7078-405c-9fc9-8a0fd6f4b413",
        "type": "message",
        "text": "<@U8Z3VB1T2> <@UKA33T8N9> <@UFCS7CKPD>: Mail received :\n\nDear colleague,\nIt's my pleasure to announce that the registration to our \"First International workshop on Open Design and Open Source Hardware Product Development\" is now available -&gt; HERE\nForward to seeing you in Grenoble,\nBest regards,\nJean-François BOUJUT\n_Conference Chair_\n_<https:\/\/open-design.sciencesconf.org\/>_",
        "user": "U5M5PLH9S",
        "ts": "1580120813.000400",
        "team": "T5M5PLH8U",
        "user_team": "T5M5PLH8U",
        "source_team": "T5M5PLH8U",
        "user_profile": {
            "avatar_hash": "e4fb6ae9f526",
            "image_72": "https:\/\/avatars.slack-edge.com\/2017-06-01\/191144530514_e4fb6ae9f526531fd41c_72.jpg",
            "first_name": "",
            "real_name": "kelu",
            "display_name": "",
            "team": "T5M5PLH8U",
            "name": "kelu",
            "is_restricted": false,
            "is_ultra_restricted": false
        },
        "blocks": [
            {
                "type": "rich_text",
                "block_id": "0k47",
                "elements": [
                    {
                        "type": "rich_text_section",
                        "elements": [
                            {
                                "type": "user",
                                "user_id": "U8Z3VB1T2"
                            },
                            {
                                "type": "text",
                                "text": " "
                            },
                            {
                                "type": "user",
                                "user_id": "UKA33T8N9"
                            },
                            {
                                "type": "text",
                                "text": " "
                            },
                            {
                                "type": "user",
                                "user_id": "UFCS7CKPD"
                            },
                            {
                                "type": "text",
                                "text": ": Mail received :\n\nDear colleague,\nIt's my pleasure to announce that the registration to our \"First International workshop on Open Design and Open Source Hardware Product Development\" is now available -> HERE\nForward to seeing you in Grenoble,\nBest regards,\nJean-François BOUJUT\n"
                            },
                            {
                                "type": "text",
                                "text": "Conference Chair",
                                "style": {
                                    "italic": true
                                }
                            },
                            {
                                "type": "text",
                                "text": "\n"
                            },
                            {
                                "type": "link",
                                "url": "https:\/\/open-design.sciencesconf.org\/",
                                "style": {
                                    "italic": true
                                }
                            }
                        ]
                    }
                ]
            }
        ]
    },
    {
        "client_msg_id": "3dad2c7f-1498-427c-b926-e3cd33e388e4",
        "type": "message",
        "text": "Here being : <https:\/\/www.azur-colloque.fr\/DR11\/inscription\/>",
        "user": "U5M5PLH9S",
        "ts": "1580120828.000600",
        "team": "T5M5PLH8U",
        "user_team": "T5M5PLH8U",
        "source_team": "T5M5PLH8U",
        "user_profile": {
            "avatar_hash": "e4fb6ae9f526",
            "image_72": "https:\/\/avatars.slack-edge.com\/2017-06-01\/191144530514_e4fb6ae9f526531fd41c_72.jpg",
            "first_name": "",
            "real_name": "kelu",
            "display_name": "",
            "team": "T5M5PLH8U",
            "name": "kelu",
            "is_restricted": false,
            "is_ultra_restricted": false
        },
        "blocks": [
            {
                "type": "rich_text",
                "block_id": "gLpS",
                "elements": [
                    {
                        "type": "rich_text_section",
                        "elements": [
                            {
                                "type": "text",
                                "text": "Here being : "
                            },
                            {
                                "type": "link",
                                "url": "https:\/\/www.azur-colloque.fr\/DR11\/inscription\/"
                            }
                        ]
                    }
                ]
            }
        ]
    },
    {
        "client_msg_id": "6ebf3590-c61e-4dbb-9190-6da03cf24995",
        "type": "message",
        "text": "Fantastic! Did they say when is the deadline to register?",
        "user": "U8Z3VB1T2",
        "ts": "1580143429.001100",
        "team": "T5M5PLH8U",
        "user_team": "T5M5PLH8U",
        "source_team": "T5M5PLH8U",
        "user_profile": {
            "avatar_hash": "g49ad52d7df8",
            "image_72": "https:\/\/secure.gravatar.com\/avatar\/449ad52d7df89ecbe8ebe0fd87d3f63f.jpg?s=72&d=https%3A%2F%2Fa.slack-edge.com%2Fdf10d%2Fimg%2Favatars%2Fava_0026-72.png",
            "first_name": "",
            "real_name": "William Meng",
            "display_name": "",
            "team": "T5M5PLH8U",
            "name": "wlmeng11",
            "is_restricted": false,
            "is_ultra_restricted": false
        },
        "blocks": [
            {
                "type": "rich_text",
                "block_id": "YUO+",
                "elements": [
                    {
                        "type": "rich_text_section",
                        "elements": [
                            {
                                "type": "text",
                                "text": "Fantastic! Did they say when is the deadline to register?"
                            }
                        ]
                    }
                ]
            }
        ]
    },
    {
        "client_msg_id": "227eda61-d9d3-4d4c-8235-9157f0e1893a",
        "type": "message",
        "text": "Nop",
        "user": "U5M5PLH9S",
        "ts": "1580148176.001300",
        "team": "T5M5PLH8U",
        "user_team": "T5M5PLH8U",
        "source_team": "T5M5PLH8U",
        "user_profile": {
            "avatar_hash": "e4fb6ae9f526",
            "image_72": "https:\/\/avatars.slack-edge.com\/2017-06-01\/191144530514_e4fb6ae9f526531fd41c_72.jpg",
            "first_name": "",
            "real_name": "kelu",
            "display_name": "",
            "team": "T5M5PLH8U",
            "name": "kelu",
            "is_restricted": false,
            "is_ultra_restricted": false
        },
        "blocks": [
            {
                "type": "rich_text",
                "block_id": "lMPG",
                "elements": [
                    {
                        "type": "rich_text_section",
                        "elements": [
                            {
                                "type": "text",
                                "text": "Nop"
                            }
                        ]
                    }
                ]
            }
        ]
    },
    {
        "client_msg_id": "21631257-18ca-41a3-abc8-8c903310bc7c",
        "type": "message",
        "text": "bringing <@UGJ8GJGNR> to the channel",
        "user": "U5M5PLH9S",
        "ts": "1580159513.001600",
        "team": "T5M5PLH8U",
        "user_team": "T5M5PLH8U",
        "source_team": "T5M5PLH8U",
        "user_profile": {
            "avatar_hash": "e4fb6ae9f526",
            "image_72": "https:\/\/avatars.slack-edge.com\/2017-06-01\/191144530514_e4fb6ae9f526531fd41c_72.jpg",
            "first_name": "",
            "real_name": "kelu",
            "display_name": "",
            "team": "T5M5PLH8U",
            "name": "kelu",
            "is_restricted": false,
            "is_ultra_restricted": false
        },
        "blocks": [
            {
                "type": "rich_text",
                "block_id": "Da1",
                "elements": [
                    {
                        "type": "rich_text_section",
                        "elements": [
                            {
                                "type": "text",
                                "text": "bringing "
                            },
                            {
                                "type": "user",
                                "user_id": "UGJ8GJGNR"
                            },
                            {
                                "type": "text",
                                "text": " to the channel"
                            }
                        ]
                    }
                ]
            }
        ]
    },
    {
        "client_msg_id": "74bc4bd6-6b35-421a-8185-0ee6c8da3fbf",
        "type": "message",
        "text": "btw I've reactivated the overleaf account",
        "user": "U5M5PLH9S",
        "ts": "1580159524.002000",
        "team": "T5M5PLH8U",
        "user_team": "T5M5PLH8U",
        "source_team": "T5M5PLH8U",
        "user_profile": {
            "avatar_hash": "e4fb6ae9f526",
            "image_72": "https:\/\/avatars.slack-edge.com\/2017-06-01\/191144530514_e4fb6ae9f526531fd41c_72.jpg",
            "first_name": "",
            "real_name": "kelu",
            "display_name": "",
            "team": "T5M5PLH8U",
            "name": "kelu",
            "is_restricted": false,
            "is_ultra_restricted": false
        },
        "blocks": [
            {
                "type": "rich_text",
                "block_id": "QVnk",
                "elements": [
                    {
                        "type": "rich_text_section",
                        "elements": [
                            {
                                "type": "text",
                                "text": "btw I've reactivated the overleaf account"
                            }
                        ]
                    }
                ]
            }
        ],
        "reactions": [
            {
                "name": "+1",
                "users": [
                    "U8Z3VB1T2"
                ],
                "count": 1
            }
        ]
    }
]