[
    {
        "client_msg_id": "5616f54d-ca53-41e2-b5e4-23686907d2d9",
        "type": "message",
        "text": "Yop, I did a few modifications - we're looking at something a bit too \"written\" to keep simple bullet points (though it's my preferred choice), simplified a bit some parts, so normally good to go !",
        "user": "U5M5PLH9S",
        "ts": "1583149294.001200",
        "team": "T5M5PLH8U",
        "user_team": "T5M5PLH8U",
        "source_team": "T5M5PLH8U",
        "user_profile": {
            "avatar_hash": "e4fb6ae9f526",
            "image_72": "https:\/\/avatars.slack-edge.com\/2017-06-01\/191144530514_e4fb6ae9f526531fd41c_72.jpg",
            "first_name": "",
            "real_name": "kelu",
            "display_name": "",
            "team": "T5M5PLH8U",
            "name": "kelu",
            "is_restricted": false,
            "is_ultra_restricted": false
        },
        "blocks": [
            {
                "type": "rich_text",
                "block_id": "wNY4",
                "elements": [
                    {
                        "type": "rich_text_section",
                        "elements": [
                            {
                                "type": "text",
                                "text": "Yop, I did a few modifications - we're looking at something a bit too \"written\" to keep simple bullet points (though it's my preferred choice), simplified a bit some parts, so normally good to go !"
                            }
                        ]
                    }
                ]
            }
        ],
        "reactions": [
            {
                "name": "raised_hands",
                "users": [
                    "U8Z3VB1T2"
                ],
                "count": 1
            },
            {
                "name": "+1",
                "users": [
                    "UKA33T8N9"
                ],
                "count": 1
            }
        ]
    }
]