[
    {
        "client_msg_id": "936e3346-955e-411d-aecb-1c0949e08971",
        "type": "message",
        "text": "Let me know if you need any last minute changes.",
        "user": "UKA33T8N9",
        "ts": "1582709619.000700",
        "team": "T5M5PLH8U",
        "user_team": "T5M5PLH8U",
        "source_team": "T5M5PLH8U",
        "user_profile": {
            "avatar_hash": "g67541a44c7f",
            "image_72": "https:\/\/secure.gravatar.com\/avatar\/667541a44c7fc2e815776f28ef88c51e.jpg?s=72&d=https%3A%2F%2Fa.slack-edge.com%2Fdf10d%2Fimg%2Favatars%2Fava_0009-72.png",
            "first_name": "",
            "real_name": "Carla Sch",
            "display_name": "Carla Sch",
            "team": "T5M5PLH8U",
            "name": "carla.schloh",
            "is_restricted": false,
            "is_ultra_restricted": false
        },
        "blocks": [
            {
                "type": "rich_text",
                "block_id": "cW=6",
                "elements": [
                    {
                        "type": "rich_text_section",
                        "elements": [
                            {
                                "type": "text",
                                "text": "Let me know if you need any last minute changes."
                            }
                        ]
                    }
                ]
            }
        ],
        "reactions": [
            {
                "name": "nerd_face",
                "users": [
                    "U5M5PLH9S"
                ],
                "count": 1
            },
            {
                "name": "pray",
                "users": [
                    "U5M5PLH9S"
                ],
                "count": 1
            }
        ]
    }
]