[
    {
        "client_msg_id": "f7c5d52b-f8e8-4da9-b23e-97b69864b02f",
        "type": "message",
        "text": "Hey TJ <@UCMBM5C6L>, <@UCP4S66T1>, I trust you're from a team with similar objectives?",
        "user": "U5M5PLH9S",
        "ts": "1536219753.000100",
        "team": "T5M5PLH8U",
        "user_team": "T5M5PLH8U",
        "source_team": "T5M5PLH8U",
        "user_profile": {
            "avatar_hash": "e4fb6ae9f526",
            "image_72": "https:\/\/avatars.slack-edge.com\/2017-06-01\/191144530514_e4fb6ae9f526531fd41c_72.jpg",
            "first_name": "",
            "real_name": "kelu",
            "display_name": "",
            "team": "T5M5PLH8U",
            "name": "kelu",
            "is_restricted": false,
            "is_ultra_restricted": false
        }
    },
    {
        "client_msg_id": "bf54f720-b62b-4b21-a7a4-6cb37c4ea361",
        "type": "message",
        "text": "HI everyone!\nSorry for late self introduction. as Kelu said, I and NewWhite are in same project team in KAIST.\nafter a few hours later, I will explain about our project. Thanks :slightly_smiling_face:",
        "user": "UCMBM5C6L",
        "ts": "1536220960.000100",
        "team": "T5M5PLH8U",
        "user_team": "T5M5PLH8U",
        "source_team": "T5M5PLH8U",
        "user_profile": {
            "avatar_hash": "g44cf2181b23",
            "image_72": "https:\/\/secure.gravatar.com\/avatar\/a44cf2181b23bc20da69fd976d4a2046.jpg?s=72&d=https%3A%2F%2Fa.slack-edge.com%2Fdf10d%2Fimg%2Favatars%2Fava_0001-72.png",
            "first_name": "",
            "real_name": "Taeyoung Lee",
            "display_name": "",
            "team": "T5M5PLH8U",
            "name": "tylee0325",
            "is_restricted": false,
            "is_ultra_restricted": false
        },
        "reactions": [
            {
                "name": "smiley",
                "users": [
                    "U5M5PLH9S"
                ],
                "count": 1
            }
        ]
    },
    {
        "client_msg_id": "2946d332-3129-4fab-96de-d395f5a18664",
        "type": "message",
        "text": "I and my friends participate in “Samsung tomorrow solution” that is a kind of social contribution program. And we made it to the final with Idea of “low-cost ultrasonic diagnosis kit for African- specifically for Tanzania”. To realize this idea, we decided that following your project first, and then developing it with some machine learning technics or IoT tech … etc.",
        "user": "UCMBM5C6L",
        "ts": "1536230959.000100",
        "team": "T5M5PLH8U",
        "user_team": "T5M5PLH8U",
        "source_team": "T5M5PLH8U",
        "user_profile": {
            "avatar_hash": "g44cf2181b23",
            "image_72": "https:\/\/secure.gravatar.com\/avatar\/a44cf2181b23bc20da69fd976d4a2046.jpg?s=72&d=https%3A%2F%2Fa.slack-edge.com%2Fdf10d%2Fimg%2Favatars%2Fava_0001-72.png",
            "first_name": "",
            "real_name": "Taeyoung Lee",
            "display_name": "",
            "team": "T5M5PLH8U",
            "name": "tylee0325",
            "is_restricted": false,
            "is_ultra_restricted": false
        },
        "reactions": [
            {
                "name": "smiley",
                "users": [
                    "U5M5PLH9S"
                ],
                "count": 1
            }
        ]
    },
    {
        "client_msg_id": "02391e29-2b16-47bf-be16-883a8807203f",
        "type": "message",
        "text": "If you wonder what is “Samsung tomorrow solution”, you can refer below link.\n<https:\/\/www.tomorrowsolutions.org\/>",
        "user": "UCMBM5C6L",
        "ts": "1536230975.000100",
        "team": "T5M5PLH8U",
        "user_team": "T5M5PLH8U",
        "source_team": "T5M5PLH8U",
        "user_profile": {
            "avatar_hash": "g44cf2181b23",
            "image_72": "https:\/\/secure.gravatar.com\/avatar\/a44cf2181b23bc20da69fd976d4a2046.jpg?s=72&d=https%3A%2F%2Fa.slack-edge.com%2Fdf10d%2Fimg%2Favatars%2Fava_0001-72.png",
            "first_name": "",
            "real_name": "Taeyoung Lee",
            "display_name": "",
            "team": "T5M5PLH8U",
            "name": "tylee0325",
            "is_restricted": false,
            "is_ultra_restricted": false
        },
        "attachments": [
            {
                "title": "Samsung Tomorrow Solutions",
                "title_link": "https:\/\/www.tomorrowsolutions.org\/",
                "text": "더 나은 내일을 위한 삼성전자의 사회공헌 아이디어 공모전",
                "fallback": "Samsung Tomorrow Solutions",
                "from_url": "https:\/\/www.tomorrowsolutions.org\/",
                "service_icon": "https:\/\/www.tomorrowsolutions.org\/rs\/images\/web\/favicon.ico",
                "service_name": "tomorrowsolutions.org",
                "id": 1,
                "original_url": "https:\/\/www.tomorrowsolutions.org\/"
            }
        ]
    },
    {
        "client_msg_id": "48c93d66-d4e9-4200-9c90-9c7343f9e953",
        "type": "message",
        "text": "guys, I'm little bit confused which probe should I buy.,..\nDo you think is it appropriate to connect board?\n<https:\/\/www.dotmed.com\/listing\/ultrasound-transducer\/atl\/5.0mhz\/1690870>\n\nOr could you give me some recomendataion?",
        "user": "UCMBM5C6L",
        "ts": "1536231389.000100",
        "team": "T5M5PLH8U",
        "user_team": "T5M5PLH8U",
        "source_team": "T5M5PLH8U",
        "user_profile": {
            "avatar_hash": "g44cf2181b23",
            "image_72": "https:\/\/secure.gravatar.com\/avatar\/a44cf2181b23bc20da69fd976d4a2046.jpg?s=72&d=https%3A%2F%2Fa.slack-edge.com%2Fdf10d%2Fimg%2Favatars%2Fava_0001-72.png",
            "first_name": "",
            "real_name": "Taeyoung Lee",
            "display_name": "",
            "team": "T5M5PLH8U",
            "name": "tylee0325",
            "is_restricted": false,
            "is_ultra_restricted": false
        },
        "attachments": [
            {
                "title": "Used ATL 5.0MHz Ultrasound Transducer For Sale - DOTmed Listing #1690870:",
                "title_link": "https:\/\/www.dotmed.com\/listing\/ultrasound-transducer\/atl\/5.0mhz\/1690870",
                "text": "Used ATL 5.0MHz Ultrasound Transducer For Sale - DOTmed Listing #1690870:",
                "fallback": "Used ATL 5.0MHz Ultrasound Transducer For Sale - DOTmed Listing #1690870:",
                "from_url": "https:\/\/www.dotmed.com\/listing\/ultrasound-transducer\/atl\/5.0mhz\/1690870",
                "service_name": "dotmed.com",
                "id": 1,
                "original_url": "https:\/\/www.dotmed.com\/listing\/ultrasound-transducer\/atl\/5.0mhz\/1690870"
            }
        ]
    },
    {
        "client_msg_id": "5c9061d4-3731-4112-8414-272e6da63bf1",
        "type": "message",
        "text": "Hey! My team is also at Georgia Tech, we are working on something similar. Currently trying to figure out the hardware. Would be down to meet sometime",
        "user": "UCEM0M03B",
        "ts": "1536263595.000100",
        "team": "T5M5PLH8U",
        "user_team": "T5M5PLH8U",
        "source_team": "T5M5PLH8U",
        "user_profile": {
            "avatar_hash": "g8df861d6e1a",
            "image_72": "https:\/\/secure.gravatar.com\/avatar\/38df861d6e1a4873e56759ff168031d2.jpg?s=72&d=https%3A%2F%2Fa.slack-edge.com%2Fdf10d%2Fimg%2Favatars%2Fava_0017-72.png",
            "first_name": "",
            "real_name": "Lucas Muller",
            "display_name": "Lucas Muller",
            "team": "T5M5PLH8U",
            "name": "muller.gatech",
            "is_restricted": false,
            "is_ultra_restricted": false
        },
        "thread_ts": "1536172155.000100",
        "parent_user_id": "UCLLMJRGF"
    },
    {
        "client_msg_id": "db299040-f821-42b4-ae20-c8019bab58f2",
        "type": "message",
        "text": "Has anyone considered a multiple element array and how that might work with the un0rick? We were considering using a demux to switch between different elements so that rather than rotating a single element mechanically we can create images with stationary linear element arrays.",
        "user": "UCEM0M03B",
        "ts": "1536265483.000100",
        "team": "T5M5PLH8U",
        "user_team": "T5M5PLH8U",
        "source_team": "T5M5PLH8U",
        "user_profile": {
            "avatar_hash": "g8df861d6e1a",
            "image_72": "https:\/\/secure.gravatar.com\/avatar\/38df861d6e1a4873e56759ff168031d2.jpg?s=72&d=https%3A%2F%2Fa.slack-edge.com%2Fdf10d%2Fimg%2Favatars%2Fava_0017-72.png",
            "first_name": "",
            "real_name": "Lucas Muller",
            "display_name": "Lucas Muller",
            "team": "T5M5PLH8U",
            "name": "muller.gatech",
            "is_restricted": false,
            "is_ultra_restricted": false
        },
        "thread_ts": "1536265483.000100",
        "reply_count": 3,
        "reply_users_count": 2,
        "latest_reply": "1536421512.000100",
        "reply_users": [
            "U5M5PLH9S",
            "UCEM0M03B"
        ],
        "replies": [
            {
                "user": "U5M5PLH9S",
                "ts": "1536300807.000100"
            },
            {
                "user": "U5M5PLH9S",
                "ts": "1536300857.000100"
            },
            {
                "user": "UCEM0M03B",
                "ts": "1536421512.000100"
            }
        ],
        "subscribed": true,
        "last_read": "1536421512.000100",
        "reactions": [
            {
                "name": "stuck_out_tongue_closed_eyes",
                "users": [
                    "U5M5PLH9S"
                ],
                "count": 1
            }
        ]
    },
    {
        "client_msg_id": "39C2AB19-AE1B-43B6-9CAB-B6553701D33E",
        "type": "message",
        "text": "Hey <@UCEM0M03B>! Yes I would definitely be down to meet! I’ll message you, so we can find a time that works for both of us.",
        "user": "UCLLMJRGF",
        "ts": "1536266331.000100",
        "team": "T5M5PLH8U",
        "user_team": "T5M5PLH8U",
        "source_team": "T5M5PLH8U",
        "user_profile": {
            "avatar_hash": "2031e592789d",
            "image_72": "https:\/\/avatars.slack-edge.com\/2018-09-02\/429050042470_2031e592789da62d11b0_72.jpg",
            "first_name": "Yahia",
            "real_name": "Yahia Ali",
            "display_name": "",
            "team": "T5M5PLH8U",
            "name": "yahiaali124",
            "is_restricted": false,
            "is_ultra_restricted": false
        },
        "thread_ts": "1536172155.000100",
        "parent_user_id": "UCLLMJRGF"
    },
    {
        "client_msg_id": "afff3413-d6eb-46e5-927e-c41d307a0af0",
        "type": "message",
        "text": "Hi <@UCEM0M03B>, I did, but did not do in practice. Would be happy to get your views :)",
        "user": "U5M5PLH9S",
        "ts": "1536300807.000100",
        "team": "T5M5PLH8U",
        "user_team": "T5M5PLH8U",
        "source_team": "T5M5PLH8U",
        "user_profile": {
            "avatar_hash": "e4fb6ae9f526",
            "image_72": "https:\/\/avatars.slack-edge.com\/2017-06-01\/191144530514_e4fb6ae9f526531fd41c_72.jpg",
            "first_name": "",
            "real_name": "kelu",
            "display_name": "",
            "team": "T5M5PLH8U",
            "name": "kelu",
            "is_restricted": false,
            "is_ultra_restricted": false
        },
        "thread_ts": "1536265483.000100",
        "parent_user_id": "UCEM0M03B"
    },
    {
        "client_msg_id": "5efb56f8-e30b-490b-abf0-bde9255b4828",
        "type": "message",
        "text": "Need a hv MUX, there are enough ios on the board to control such a digital high speed high voltage mux. Have you one in mind?",
        "user": "U5M5PLH9S",
        "ts": "1536300857.000100",
        "team": "T5M5PLH8U",
        "user_team": "T5M5PLH8U",
        "source_team": "T5M5PLH8U",
        "user_profile": {
            "avatar_hash": "e4fb6ae9f526",
            "image_72": "https:\/\/avatars.slack-edge.com\/2017-06-01\/191144530514_e4fb6ae9f526531fd41c_72.jpg",
            "first_name": "",
            "real_name": "kelu",
            "display_name": "",
            "team": "T5M5PLH8U",
            "name": "kelu",
            "is_restricted": false,
            "is_ultra_restricted": false
        },
        "thread_ts": "1536265483.000100",
        "parent_user_id": "UCEM0M03B"
    }
]