[
    {
        "client_msg_id": "91A5AB0D-6FD0-4F3E-A609-2BC55055DEA9",
        "type": "message",
        "text": "Update: <@UCEM0M03B>  and I had a great introductory meeting yesterday here at Georgia Tech. Our priorities are a bit different, since Lucas’s team is looking to do ultrasound-guided spinal injections and my team is looking to improve low-cost fetal monitoring. This meeting was just for ideas so here’s are some things we discussed:\n• capacitive transducers would improve durability of the probe but they are difficult to obtain\n• probe’s durability issue could be addressed by identifying the scenarios in which the probe breaks and designing mechanical ways to prevent it (such as better mounting\/storage)\n• some companies like Olympus make transducers for non-destructive testing of materials and they have the parts available on their website\n• un0rick could possibly be adapted into fetal Doppler since it is single-channel\n\n<@UCEM0M03B> feel free to add anything if I missed it!",
        "user": "UCLLMJRGF",
        "ts": "1536510208.000100",
        "team": "T5M5PLH8U",
        "user_team": "T5M5PLH8U",
        "source_team": "T5M5PLH8U",
        "user_profile": {
            "avatar_hash": "2031e592789d",
            "image_72": "https:\/\/avatars.slack-edge.com\/2018-09-02\/429050042470_2031e592789da62d11b0_72.jpg",
            "first_name": "Yahia",
            "real_name": "Yahia Ali",
            "display_name": "",
            "team": "T5M5PLH8U",
            "name": "yahiaali124",
            "is_restricted": false,
            "is_ultra_restricted": false
        },
        "edited": {
            "user": "UCLLMJRGF",
            "ts": "1536510285.000000"
        },
        "thread_ts": "1536510208.000100",
        "reply_count": 1,
        "reply_users_count": 1,
        "latest_reply": "1536519490.000100",
        "reply_users": [
            "U5M5PLH9S"
        ],
        "replies": [
            {
                "user": "U5M5PLH9S",
                "ts": "1536519490.000100"
            }
        ],
        "subscribed": true,
        "last_read": "1536519490.000100"
    },
    {
        "type": "message",
        "subtype": "thread_broadcast",
        "text": "Awesome! I see some elements worth sharing:\n- transducers: there's a list of piezo fabs here at <https:\/\/github.com\/kelu124\/echomods\/tree\/a479ca0ee76d4f0e91d52c87de530f6b40d69607\/retired\/cletus\/suppliers> , could be interesting if you want alternatives to Olympus. I do recommend SmartMaterials.\n- I'm afraid un0rick can't do (maybe I'm wrong) doppler at this stage. The processing channel is a bit different (I do recommend this vintage DIY doppler article <https:\/\/github.com\/kelu124\/echomods\/blob\/a479ca0ee76d4f0e91d52c87de530f6b40d69607\/include\/20170325\/DIY-doppler.pdf> ).\n- However, un0rick can be used to do compressed sensing ( <http:\/\/advances.sciencemag.org\/content\/3\/12\/e1701423> ) or used to do mechanical scanning ( <https:\/\/ieeexplore.ieee.org\/document\/7982705\/figures> ). Both articles are for me excellent demos of what a single element can do :smiley:\nJust thinking aloud :smiley:",
        "user": "U5M5PLH9S",
        "ts": "1536519490.000100",
        "thread_ts": "1536510208.000100",
        "root": {
            "client_msg_id": "91A5AB0D-6FD0-4F3E-A609-2BC55055DEA9",
            "type": "message",
            "text": "Update: <@UCEM0M03B>  and I had a great introductory meeting yesterday here at Georgia Tech. Our priorities are a bit different, since Lucas’s team is looking to do ultrasound-guided spinal injections and my team is looking to improve low-cost fetal monitoring. This meeting was just for ideas so here’s are some things we discussed:\n• capacitive transducers would improve durability of the probe but they are difficult to obtain\n• probe’s durability issue could be addressed by identifying the scenarios in which the probe breaks and designing mechanical ways to prevent it (such as better mounting\/storage)\n• some companies like Olympus make transducers for non-destructive testing of materials and they have the parts available on their website\n• un0rick could possibly be adapted into fetal Doppler since it is single-channel\n\n<@UCEM0M03B> feel free to add anything if I missed it!",
            "user": "UCLLMJRGF",
            "ts": "1536510208.000100",
            "team": "T5M5PLH8U",
            "edited": {
                "user": "UCLLMJRGF",
                "ts": "1536510285.000000"
            },
            "thread_ts": "1536510208.000100",
            "reply_count": 1,
            "reply_users_count": 1,
            "latest_reply": "1536519490.000100",
            "reply_users": [
                "U5M5PLH9S"
            ],
            "replies": [
                {
                    "user": "U5M5PLH9S",
                    "ts": "1536519490.000100"
                }
            ],
            "subscribed": true,
            "last_read": "1536519490.000100"
        },
        "client_msg_id": "6f9f0bcf-f9a3-4cdb-a93e-589b9a591eb3",
        "reactions": [
            {
                "name": "+1",
                "users": [
                    "UCLLMJRGF",
                    "UCEM0M03B"
                ],
                "count": 2
            }
        ]
    }
]