[
    {
        "type": "message",
        "subtype": "channel_join",
        "ts": "1536162884.000200",
        "user": "U5M5PLH9S",
        "text": "<@U5M5PLH9S> has joined the channel"
    },
    {
        "type": "message",
        "subtype": "channel_purpose",
        "ts": "1536162884.000300",
        "user": "U5M5PLH9S",
        "text": "<@U5M5PLH9S> set the channel purpose: For teams who want to discuss low-cost medical devices :smiley:",
        "purpose": "For teams who want to discuss low-cost medical devices :smiley:"
    },
    {
        "type": "message",
        "subtype": "channel_join",
        "ts": "1536162938.000200",
        "user": "UC56L1BFG",
        "text": "<@UC56L1BFG> has joined the channel",
        "inviter": "U5M5PLH9S"
    },
    {
        "type": "message",
        "subtype": "channel_join",
        "ts": "1536162938.000400",
        "user": "UCLLMJRGF",
        "text": "<@UCLLMJRGF> has joined the channel",
        "inviter": "U5M5PLH9S"
    },
    {
        "type": "message",
        "subtype": "channel_join",
        "ts": "1536162980.000200",
        "user": "UCKEJ93DZ",
        "text": "<@UCKEJ93DZ> has joined the channel",
        "inviter": "U5M5PLH9S"
    },
    {
        "type": "message",
        "subtype": "channel_join",
        "ts": "1536162980.000400",
        "user": "U8Z3VB1T2",
        "text": "<@U8Z3VB1T2> has joined the channel",
        "inviter": "U5M5PLH9S"
    },
    {
        "type": "message",
        "subtype": "channel_join",
        "ts": "1536162996.000200",
        "user": "UCEM0M03B",
        "text": "<@UCEM0M03B> has joined the channel",
        "inviter": "U5M5PLH9S"
    },
    {
        "client_msg_id": "a8b4762d-ebfe-4f5c-b58a-fe02c56384ee",
        "type": "message",
        "text": "<!channel> Hi ladies and gents, I'm opening this channel as there are a few requests with respect to discussing a low-cost probe, for most targeting emerging markets. Instead of having bilateral discussions with all as PMs, I invite you to present yourselves and share (if you want, that's the spirit of being open :wink: ) what you're looking for, and what you can bring in.",
        "user": "U5M5PLH9S",
        "ts": "1536163122.000100",
        "team": "T5M5PLH8U",
        "user_team": "T5M5PLH8U",
        "source_team": "T5M5PLH8U",
        "user_profile": {
            "avatar_hash": "e4fb6ae9f526",
            "image_72": "https:\/\/avatars.slack-edge.com\/2017-06-01\/191144530514_e4fb6ae9f526531fd41c_72.jpg",
            "first_name": "",
            "real_name": "kelu",
            "display_name": "",
            "team": "T5M5PLH8U",
            "name": "kelu",
            "is_restricted": false,
            "is_ultra_restricted": false
        },
        "reactions": [
            {
                "name": "+1",
                "users": [
                    "UCLLMJRGF",
                    "UCKEJ93DZ",
                    "U5M5PLH9S"
                ],
                "count": 3
            }
        ]
    },
    {
        "client_msg_id": "c41f4c90-6035-4201-8f5e-ca8e9ba8b423",
        "type": "message",
        "text": "There will be of course people I'll be missing from older participants to the slack, please don't feel hurt if I forgot you :confused:",
        "user": "U5M5PLH9S",
        "ts": "1536163152.000100",
        "team": "T5M5PLH8U",
        "user_team": "T5M5PLH8U",
        "source_team": "T5M5PLH8U",
        "user_profile": {
            "avatar_hash": "e4fb6ae9f526",
            "image_72": "https:\/\/avatars.slack-edge.com\/2017-06-01\/191144530514_e4fb6ae9f526531fd41c_72.jpg",
            "first_name": "",
            "real_name": "kelu",
            "display_name": "",
            "team": "T5M5PLH8U",
            "name": "kelu",
            "is_restricted": false,
            "is_ultra_restricted": false
        }
    },
    {
        "client_msg_id": "13df7708-2e18-4921-92db-ac9a1241f537",
        "type": "message",
        "text": "Hello everyone! My biomedical engineering team at Georgia Tech is looking to make a low-cost medical device to help improve OB\/GYN care in Ethiopia. We are in the research phase of our project, so we are currently exploring many different ideas. Our prototype would have to be built by December and clinically tested in March, so we are definitely on an ambitious timeline! Our goal is to make our final product open-source so that engineers in Ethiopia and groups like this one can continue to develop it and make improvements in the future.\n\nI would be very interested in hearing about everyone else’s experiences with designing the low-cost probe or any other low-cost medical devices! Would anyone be available for a group call sometime this week?",
        "user": "UCLLMJRGF",
        "ts": "1536172155.000100",
        "team": "T5M5PLH8U",
        "user_team": "T5M5PLH8U",
        "source_team": "T5M5PLH8U",
        "user_profile": {
            "avatar_hash": "2031e592789d",
            "image_72": "https:\/\/avatars.slack-edge.com\/2018-09-02\/429050042470_2031e592789da62d11b0_72.jpg",
            "first_name": "Yahia",
            "real_name": "Yahia Ali",
            "display_name": "",
            "team": "T5M5PLH8U",
            "name": "yahiaali124",
            "is_restricted": false,
            "is_ultra_restricted": false
        },
        "thread_ts": "1536172155.000100",
        "reply_count": 2,
        "reply_users_count": 2,
        "latest_reply": "1536266331.000100",
        "reply_users": [
            "UCEM0M03B",
            "UCLLMJRGF"
        ],
        "replies": [
            {
                "user": "UCEM0M03B",
                "ts": "1536263595.000100"
            },
            {
                "user": "UCLLMJRGF",
                "ts": "1536266331.000100"
            }
        ],
        "subscribed": false,
        "reactions": [
            {
                "name": "smiley",
                "users": [
                    "U5M5PLH9S",
                    "UCEM0M03B"
                ],
                "count": 2
            }
        ]
    },
    {
        "client_msg_id": "E05027DD-0484-47AA-A63D-BEEC16E7A89C",
        "type": "message",
        "text": "I would love to hear what everyone will be using for the sensor (ultrasound probe head) ",
        "user": "UCKEJ93DZ",
        "ts": "1536193117.000100",
        "team": "T5M5PLH8U",
        "user_team": "T5M5PLH8U",
        "source_team": "T5M5PLH8U",
        "user_profile": {
            "avatar_hash": "g4534fcd52fe",
            "image_72": "https:\/\/secure.gravatar.com\/avatar\/74534fcd52fe31d4008e03891f0e3d3a.jpg?s=72&d=https%3A%2F%2Fa.slack-edge.com%2Fdf10d%2Fimg%2Favatars%2Fava_0001-72.png",
            "first_name": "",
            "real_name": "Steph",
            "display_name": "Stephp_101",
            "team": "T5M5PLH8U",
            "name": "stephpadron97",
            "is_restricted": false,
            "is_ultra_restricted": false
        },
        "reactions": [
            {
                "name": "smiley",
                "users": [
                    "U5M5PLH9S"
                ],
                "count": 1
            }
        ]
    },
    {
        "type": "message",
        "subtype": "channel_join",
        "ts": "1536209762.000200",
        "user": "UCP4S66T1",
        "text": "<@UCP4S66T1> has joined the channel"
    },
    {
        "type": "message",
        "subtype": "channel_join",
        "ts": "1536209766.000200",
        "user": "UCMBM5C6L",
        "text": "<@UCMBM5C6L> has joined the channel"
    }
]