[
    {
        "client_msg_id": "1a31919a-5bed-4f41-ad37-45c0a952c4a7",
        "type": "message",
        "text": "not yet, but we’ll let you know what we use if we go that route!",
        "user": "UCEM0M03B",
        "ts": "1536421512.000100",
        "team": "T5M5PLH8U",
        "user_team": "T5M5PLH8U",
        "source_team": "T5M5PLH8U",
        "user_profile": {
            "avatar_hash": "g8df861d6e1a",
            "image_72": "https:\/\/secure.gravatar.com\/avatar\/38df861d6e1a4873e56759ff168031d2.jpg?s=72&d=https%3A%2F%2Fa.slack-edge.com%2Fdf10d%2Fimg%2Favatars%2Fava_0017-72.png",
            "first_name": "",
            "real_name": "Lucas Muller",
            "display_name": "Lucas Muller",
            "team": "T5M5PLH8U",
            "name": "muller.gatech",
            "is_restricted": false,
            "is_ultra_restricted": false
        },
        "thread_ts": "1536265483.000100",
        "parent_user_id": "UCEM0M03B",
        "reactions": [
            {
                "name": "+1",
                "users": [
                    "U5M5PLH9S"
                ],
                "count": 1
            }
        ]
    }
]