[
    {
        "type": "message",
        "text": "<@U5M5PLH9S> yes I'm working in his lab for the summer!",
        "user": "U5Y9FPSN5",
        "ts": "1498591802.549680",
        "team": "T5M5PLH8U",
        "user_team": "T5M5PLH8U",
        "source_team": "T5M5PLH8U",
        "user_profile": {
            "avatar_hash": "g5f12f290bf6",
            "image_72": "https:\/\/secure.gravatar.com\/avatar\/15f12f290bf674f2df65b06716e00516.jpg?s=72&d=https%3A%2F%2Fa.slack-edge.com%2Fdf10d%2Fimg%2Favatars%2Fava_0022-72.png",
            "first_name": "Taylor",
            "real_name": "Taylor Combs",
            "display_name": "taylor",
            "team": "T5M5PLH8U",
            "name": "taylor",
            "is_restricted": false,
            "is_ultra_restricted": false
        }
    }
]