[
    {
        "type": "message",
        "text": "This is done with an analogical envelop detection - will be soon looking at filtering + enveloppe detection ;)",
        "user": "U5M5PLH9S",
        "ts": "1497258623.237420",
        "team": "T5M5PLH8U",
        "user_team": "T5M5PLH8U",
        "source_team": "T5M5PLH8U",
        "user_profile": {
            "avatar_hash": "e4fb6ae9f526",
            "image_72": "https:\/\/avatars.slack-edge.com\/2017-06-01\/191144530514_e4fb6ae9f526531fd41c_72.jpg",
            "first_name": "",
            "real_name": "kelu",
            "display_name": "",
            "team": "T5M5PLH8U",
            "name": "kelu",
            "is_restricted": false,
            "is_ultra_restricted": false
        }
    },
    {
        "type": "message",
        "subtype": "bot_message",
        "text": "Nice!",
        "ts": "1497275338.037933",
        "username": "toad_polo",
        "icons": {
            "image_48": "https:\/\/s3-us-west-2.amazonaws.com\/slack-files2\/bot_icons\/2017-06-04\/192576811829_48.png"
        },
        "bot_id": "B5MPXQBFS"
    },
    {
        "type": "message",
        "subtype": "bot_message",
        "text": "kelu: Today I'm going to try to grok all the requirements and put together a parts list. Do you have anything close to that for the latest version?",
        "ts": "1497275380.052533",
        "username": "toad_polo",
        "icons": {
            "image_48": "https:\/\/s3-us-west-2.amazonaws.com\/slack-files2\/bot_icons\/2017-06-04\/192576811829_48.png"
        },
        "bot_id": "B5MPXQBFS"
    },
    {
        "type": "message",
        "subtype": "bot_message",
        "text": "kelu: Also, is there angular distortion on those ultrasounds because of the shape of the wavefront? Is that standard?",
        "ts": "1497275839.215714",
        "username": "toad_polo",
        "icons": {
            "image_48": "https:\/\/s3-us-west-2.amazonaws.com\/slack-files2\/bot_icons\/2017-06-04\/192576811829_48.png"
        },
        "bot_id": "B5MPXQBFS"
    },
    {
        "type": "message",
        "subtype": "bot_message",
        "text": "Would it be way unusual to apply a skew type transformation to correct for that?",
        "ts": "1497275968.262300",
        "username": "toad_polo",
        "icons": {
            "image_48": "https:\/\/s3-us-west-2.amazonaws.com\/slack-files2\/bot_icons\/2017-06-04\/192576811829_48.png"
        },
        "bot_id": "B5MPXQBFS"
    },
    {
        "type": "message",
        "subtype": "bot_message",
        "text": "Maybe it's just the angle of the probe in this case.",
        "ts": "1497276027.286114",
        "username": "toad_polo",
        "icons": {
            "image_48": "https:\/\/s3-us-west-2.amazonaws.com\/slack-files2\/bot_icons\/2017-06-04\/192576811829_48.png"
        },
        "bot_id": "B5MPXQBFS"
    },
    {
        "type": "message",
        "text": "Yup, I have a list, am polishing it for release on the gitbook.",
        "user": "U5M5PLH9S",
        "ts": "1497279201.509222",
        "team": "T5M5PLH8U",
        "user_team": "T5M5PLH8U",
        "source_team": "T5M5PLH8U",
        "user_profile": {
            "avatar_hash": "e4fb6ae9f526",
            "image_72": "https:\/\/avatars.slack-edge.com\/2017-06-01\/191144530514_e4fb6ae9f526531fd41c_72.jpg",
            "first_name": "",
            "real_name": "kelu",
            "display_name": "",
            "team": "T5M5PLH8U",
            "name": "kelu",
            "is_restricted": false,
            "is_ultra_restricted": false
        }
    },
    {
        "type": "message",
        "text": "The deformation comes from the fact that my scan converter assumes the piezo is centered on the servo axis - when it's offset on one side by 1cm",
        "user": "U5M5PLH9S",
        "ts": "1497279265.534692",
        "team": "T5M5PLH8U",
        "user_team": "T5M5PLH8U",
        "source_team": "T5M5PLH8U",
        "user_profile": {
            "avatar_hash": "e4fb6ae9f526",
            "image_72": "https:\/\/avatars.slack-edge.com\/2017-06-01\/191144530514_e4fb6ae9f526531fd41c_72.jpg",
            "first_name": "",
            "real_name": "kelu",
            "display_name": "",
            "team": "T5M5PLH8U",
            "name": "kelu",
            "is_restricted": false,
            "is_ultra_restricted": false
        }
    },
    {
        "type": "message",
        "text": "So it's due to a mechanical imperfection",
        "user": "U5M5PLH9S",
        "ts": "1497279283.542092",
        "team": "T5M5PLH8U",
        "user_team": "T5M5PLH8U",
        "source_team": "T5M5PLH8U",
        "user_profile": {
            "avatar_hash": "e4fb6ae9f526",
            "image_72": "https:\/\/avatars.slack-edge.com\/2017-06-01\/191144530514_e4fb6ae9f526531fd41c_72.jpg",
            "first_name": "",
            "real_name": "kelu",
            "display_name": "",
            "team": "T5M5PLH8U",
            "name": "kelu",
            "is_restricted": false,
            "is_ultra_restricted": false
        }
    },
    {
        "type": "message",
        "subtype": "bot_message",
        "text": "Why the servo at all, actually? Is that because you want reproducible images of the phantom?",
        "ts": "1497290381.629653",
        "username": "toad_polo",
        "icons": {
            "image_48": "https:\/\/s3-us-west-2.amazonaws.com\/slack-files2\/bot_icons\/2017-06-04\/192576811829_48.png"
        },
        "bot_id": "B5MPXQBFS"
    },
    {
        "type": "message",
        "subtype": "bot_message",
        "text": "I guess the ATL is the thing that lets you use a handheld transducer?",
        "ts": "1497290408.640436",
        "username": "toad_polo",
        "icons": {
            "image_48": "https:\/\/s3-us-west-2.amazonaws.com\/slack-files2\/bot_icons\/2017-06-04\/192576811829_48.png"
        },
        "bot_id": "B5MPXQBFS"
    },
    {
        "type": "message",
        "text": "Yup, servo for say for use for debugging, on a setup I can easily reproduce",
        "user": "U5M5PLH9S",
        "ts": "1497291036.866232",
        "team": "T5M5PLH8U",
        "user_team": "T5M5PLH8U",
        "source_team": "T5M5PLH8U",
        "user_profile": {
            "avatar_hash": "e4fb6ae9f526",
            "image_72": "https:\/\/avatars.slack-edge.com\/2017-06-01\/191144530514_e4fb6ae9f526531fd41c_72.jpg",
            "first_name": "",
            "real_name": "kelu",
            "display_name": "",
            "team": "T5M5PLH8U",
            "name": "kelu",
            "is_restricted": false,
            "is_ultra_restricted": false
        }
    },
    {
        "type": "message",
        "text": "This way, I can easily shift to one position to the other, on a \"slow\" motion.",
        "user": "U5M5PLH9S",
        "ts": "1497291261.944111",
        "team": "T5M5PLH8U",
        "user_team": "T5M5PLH8U",
        "source_team": "T5M5PLH8U",
        "user_profile": {
            "avatar_hash": "e4fb6ae9f526",
            "image_72": "https:\/\/avatars.slack-edge.com\/2017-06-01\/191144530514_e4fb6ae9f526531fd41c_72.jpg",
            "first_name": "",
            "real_name": "kelu",
            "display_name": "",
            "team": "T5M5PLH8U",
            "name": "kelu",
            "is_restricted": false,
            "is_ultra_restricted": false
        }
    },
    {
        "type": "message",
        "text": "I've been sloppy, the most critical factor was that offset from the center of the servo :smiley: Skew is therefore removed. Details at <https:\/\/github.com\/kelu124\/echomods\/blob\/master\/elmo\/data\/arduino\/20170611-arduino.ipynb>",
        "files": [
            {
                "id": "F5SGMGUG4",
                "created": 1497293799,
                "timestamp": 1497293799,
                "name": "rawimageSC-corrected.png",
                "title": "Thanks for the challenge =)",
                "mimetype": "image\/png",
                "filetype": "png",
                "pretty_type": "PNG",
                "user": "U5M5PLH9S",
                "editable": false,
                "size": 98743,
                "mode": "hosted",
                "is_external": false,
                "external_type": "",
                "is_public": true,
                "public_url_shared": true,
                "display_as_bot": false,
                "username": "",
                "url_private": "https:\/\/files.slack.com\/files-pri\/T5M5PLH8U-F5SGMGUG4\/rawimagesc-corrected.png?t=xoxe-191193697300-964750812979-978081040215-70140a522cd1d53d5dacb8121ac10305",
                "url_private_download": "https:\/\/files.slack.com\/files-pri\/T5M5PLH8U-F5SGMGUG4\/download\/rawimagesc-corrected.png?t=xoxe-191193697300-964750812979-978081040215-70140a522cd1d53d5dacb8121ac10305",
                "thumb_64": "https:\/\/files.slack.com\/files-tmb\/T5M5PLH8U-F5SGMGUG4-3e45e17c91\/rawimagesc-corrected_64.png?t=xoxe-191193697300-964750812979-978081040215-70140a522cd1d53d5dacb8121ac10305",
                "thumb_80": "https:\/\/files.slack.com\/files-tmb\/T5M5PLH8U-F5SGMGUG4-3e45e17c91\/rawimagesc-corrected_80.png?t=xoxe-191193697300-964750812979-978081040215-70140a522cd1d53d5dacb8121ac10305",
                "thumb_360": "https:\/\/files.slack.com\/files-tmb\/T5M5PLH8U-F5SGMGUG4-3e45e17c91\/rawimagesc-corrected_360.png?t=xoxe-191193697300-964750812979-978081040215-70140a522cd1d53d5dacb8121ac10305",
                "thumb_360_w": 355,
                "thumb_360_h": 360,
                "thumb_480": "https:\/\/files.slack.com\/files-tmb\/T5M5PLH8U-F5SGMGUG4-3e45e17c91\/rawimagesc-corrected_480.png?t=xoxe-191193697300-964750812979-978081040215-70140a522cd1d53d5dacb8121ac10305",
                "thumb_480_w": 473,
                "thumb_480_h": 480,
                "thumb_160": "https:\/\/files.slack.com\/files-tmb\/T5M5PLH8U-F5SGMGUG4-3e45e17c91\/rawimagesc-corrected_160.png?t=xoxe-191193697300-964750812979-978081040215-70140a522cd1d53d5dacb8121ac10305",
                "image_exif_rotation": 1,
                "original_w": 594,
                "original_h": 603,
                "permalink": "https:\/\/usdevkit.slack.com\/files\/U5M5PLH9S\/F5SGMGUG4\/rawimagesc-corrected.png",
                "permalink_public": "https:\/\/slack-files.com\/T5M5PLH8U-F5SGMGUG4-56b53470d2",
                "is_starred": false,
                "has_rich_preview": false
            }
        ],
        "upload": true,
        "user": "U5M5PLH9S",
        "display_as_bot": false,
        "ts": "1497293800.845306"
    },
    {
        "type": "message",
        "subtype": "channel_join",
        "ts": "1497304701.249223",
        "user": "U5SJC4PQA",
        "text": "<@U5SJC4PQA> has joined the channel"
    }
]