[
    {
        "type": "message",
        "subtype": "channel_join",
        "ts": "1499066410.431549",
        "user": "U62TBFE9Z",
        "text": "<@U62TBFE9Z> has joined the channel"
    },
    {
        "type": "message",
        "text": "Getting a slightly clearer image - even with an ADC cape at half speed :)",
        "user": "U5M5PLH9S",
        "ts": "1499085511.507075",
        "team": "T5M5PLH8U",
        "user_team": "T5M5PLH8U",
        "source_team": "T5M5PLH8U",
        "user_profile": {
            "avatar_hash": "e4fb6ae9f526",
            "image_72": "https:\/\/avatars.slack-edge.com\/2017-06-01\/191144530514_e4fb6ae9f526531fd41c_72.jpg",
            "first_name": "",
            "real_name": "kelu",
            "display_name": "",
            "team": "T5M5PLH8U",
            "name": "kelu",
            "is_restricted": false,
            "is_ultra_restricted": false
        }
    },
    {
        "type": "message",
        "text": "<https:\/\/raw.githubusercontent.com\/kelu124\/echomods\/master\/elmo\/data\/arduinoffset\/LineImageEnveloppe.jpg>",
        "user": "U5M5PLH9S",
        "ts": "1499085515.508403",
        "team": "T5M5PLH8U",
        "user_team": "T5M5PLH8U",
        "source_team": "T5M5PLH8U",
        "user_profile": {
            "avatar_hash": "e4fb6ae9f526",
            "image_72": "https:\/\/avatars.slack-edge.com\/2017-06-01\/191144530514_e4fb6ae9f526531fd41c_72.jpg",
            "first_name": "",
            "real_name": "kelu",
            "display_name": "",
            "team": "T5M5PLH8U",
            "name": "kelu",
            "is_restricted": false,
            "is_ultra_restricted": false
        },
        "attachments": [
            {
                "fallback": "1242x659px image",
                "image_url": "https:\/\/raw.githubusercontent.com\/kelu124\/echomods\/master\/elmo\/data\/arduinoffset\/LineImageEnveloppe.jpg",
                "image_width": 1242,
                "image_height": 659,
                "image_bytes": 128349,
                "from_url": "https:\/\/raw.githubusercontent.com\/kelu124\/echomods\/master\/elmo\/data\/arduinoffset\/LineImageEnveloppe.jpg",
                "id": 1
            }
        ]
    }
]