[
    {
        "type": "message",
        "text": "Great thanks! I’ll read up a bit more about all this and get back to you!",
        "user": "U7UJ8QNAX",
        "ts": "1509878250.000037",
        "team": "T5M5PLH8U",
        "user_team": "T5M5PLH8U",
        "source_team": "T5M5PLH8U",
        "user_profile": {
            "avatar_hash": "g99b98c26d0e",
            "image_72": "https:\/\/secure.gravatar.com\/avatar\/999b98c26d0e60517772fd380f93440e.jpg?s=72&d=https%3A%2F%2Fa.slack-edge.com%2Fdf10d%2Fimg%2Favatars%2Fava_0021-72.png",
            "first_name": "",
            "real_name": "Will H",
            "display_name": "",
            "team": "T5M5PLH8U",
            "name": "will.hoyle",
            "is_restricted": false,
            "is_ultra_restricted": false
        }
    }
]