[
    {
        "type": "message",
        "subtype": "channel_join",
        "ts": "1509138104.000064",
        "user": "U7S5M4SG6",
        "text": "<@U7S5M4SG6> has joined the channel"
    },
    {
        "type": "message",
        "text": "Hi guys, I am a grad student working on ultrasound imaging for hand tracking and gesture recognition. Searched around and found this amazing project. Hope to experiment with this to implement realtime hand tracking.",
        "user": "U7S5M4SG6",
        "ts": "1509140133.000093",
        "team": "T5M5PLH8U",
        "user_team": "T5M5PLH8U",
        "source_team": "T5M5PLH8U",
        "user_profile": {
            "avatar_hash": "ga9f6b42ea9e",
            "image_72": "https:\/\/secure.gravatar.com\/avatar\/7a9f6b42ea9e4c8ca7d4595220dbe45b.jpg?s=72&d=https%3A%2F%2Fa.slack-edge.com%2Fdf10d%2Fimg%2Favatars%2Fava_0010-72.png",
            "first_name": "",
            "real_name": "Alan Zhang",
            "display_name": "alanzhang",
            "team": "T5M5PLH8U",
            "name": "alandtzhang",
            "is_restricted": false,
            "is_ultra_restricted": false
        }
    }
]