[
    {
        "type": "message",
        "subtype": "channel_join",
        "ts": "1496678867.004928",
        "user": "U5PJZ8YNT",
        "text": "<@U5PJZ8YNT> has joined the channel"
    },
    {
        "type": "message",
        "subtype": "channel_join",
        "ts": "1496685637.353651",
        "user": "U5N9RGB17",
        "text": "<@U5N9RGB17> has joined the channel"
    },
    {
        "type": "message",
        "text": "Hello, I'm an Electrical Engineer from Australia doing my final year project in applying Chirp functions to Ultrasound systems, Luc told me about this group.",
        "user": "U5N9RGB17",
        "ts": "1496686091.524881",
        "team": "T5M5PLH8U",
        "user_team": "T5M5PLH8U",
        "source_team": "T5M5PLH8U",
        "user_profile": {
            "avatar_hash": "g629ff5f9fd1",
            "image_72": "https:\/\/secure.gravatar.com\/avatar\/9629ff5f9fd1cd7a6d880c06e216d2c9.jpg?s=72&d=https%3A%2F%2Fa.slack-edge.com%2Fdf10d%2Fimg%2Favatars%2Fava_0002-72.png",
            "first_name": "William",
            "real_name": "William Tom",
            "display_name": "electricalwill",
            "team": "T5M5PLH8U",
            "name": "electricalwill",
            "is_restricted": false,
            "is_ultra_restricted": false
        }
    },
    {
        "type": "message",
        "text": "First time using Slack, but I suppose I'll be in and out as I work on my board.",
        "user": "U5N9RGB17",
        "ts": "1496686105.530061",
        "team": "T5M5PLH8U",
        "user_team": "T5M5PLH8U",
        "source_team": "T5M5PLH8U",
        "user_profile": {
            "avatar_hash": "g629ff5f9fd1",
            "image_72": "https:\/\/secure.gravatar.com\/avatar\/9629ff5f9fd1cd7a6d880c06e216d2c9.jpg?s=72&d=https%3A%2F%2Fa.slack-edge.com%2Fdf10d%2Fimg%2Favatars%2Fava_0002-72.png",
            "first_name": "William",
            "real_name": "William Tom",
            "display_name": "electricalwill",
            "team": "T5M5PLH8U",
            "name": "electricalwill",
            "is_restricted": false,
            "is_ultra_restricted": false
        }
    },
    {
        "type": "message",
        "text": "hello, also ultrasound guy here but more on the algorithm side, just finished my PhD in ultrasound imaging",
        "user": "U5PJZ8YNT",
        "ts": "1496686258.583510",
        "team": "T5M5PLH8U",
        "user_team": "T5M5PLH8U",
        "source_team": "T5M5PLH8U",
        "user_profile": {
            "avatar_hash": "g7f63884b4a1",
            "image_72": "https:\/\/secure.gravatar.com\/avatar\/97f63884b4a13a6add9a559e5954f9af.jpg?s=72&d=https%3A%2F%2Fa.slack-edge.com%2Fdf10d%2Fimg%2Favatars%2Fava_0026-72.png",
            "first_name": "Visa",
            "real_name": "Visa Suomi",
            "display_name": "ws",
            "team": "T5M5PLH8U",
            "name": "ws",
            "is_restricted": false,
            "is_ultra_restricted": false
        }
    },
    {
        "type": "message",
        "text": "and location Finland for now :slightly_smiling_face:",
        "user": "U5PJZ8YNT",
        "ts": "1496686284.592512",
        "team": "T5M5PLH8U",
        "user_team": "T5M5PLH8U",
        "source_team": "T5M5PLH8U",
        "user_profile": {
            "avatar_hash": "g7f63884b4a1",
            "image_72": "https:\/\/secure.gravatar.com\/avatar\/97f63884b4a13a6add9a559e5954f9af.jpg?s=72&d=https%3A%2F%2Fa.slack-edge.com%2Fdf10d%2Fimg%2Favatars%2Fava_0026-72.png",
            "first_name": "Visa",
            "real_name": "Visa Suomi",
            "display_name": "ws",
            "team": "T5M5PLH8U",
            "name": "ws",
            "is_restricted": false,
            "is_ultra_restricted": false
        }
    },
    {
        "type": "message",
        "text": "Ah, great to hear. I actually recently got a job offer to work on sonar systems, so ultrasound is becoming my life haha.",
        "user": "U5N9RGB17",
        "ts": "1496686429.643836",
        "team": "T5M5PLH8U",
        "user_team": "T5M5PLH8U",
        "source_team": "T5M5PLH8U",
        "user_profile": {
            "avatar_hash": "g629ff5f9fd1",
            "image_72": "https:\/\/secure.gravatar.com\/avatar\/9629ff5f9fd1cd7a6d880c06e216d2c9.jpg?s=72&d=https%3A%2F%2Fa.slack-edge.com%2Fdf10d%2Fimg%2Favatars%2Fava_0002-72.png",
            "first_name": "William",
            "real_name": "William Tom",
            "display_name": "electricalwill",
            "team": "T5M5PLH8U",
            "name": "electricalwill",
            "is_restricted": false,
            "is_ultra_restricted": false
        }
    },
    {
        "type": "message",
        "subtype": "bot_message",
        "text": "I'm a former chemist turned programmer, background is in low field NMR.",
        "ts": "1496688648.440172",
        "username": "bilge_emulsion",
        "icons": {
            "image_48": "https:\/\/s3-us-west-2.amazonaws.com\/slack-files2\/bot_icons\/2017-06-04\/192576811829_48.png"
        },
        "bot_id": "B5MPXQBFS"
    },
    {
        "type": "message",
        "text": "Had to google what low field NMR was, that's incredible",
        "user": "U5N9RGB17",
        "ts": "1496689495.746564",
        "team": "T5M5PLH8U",
        "user_team": "T5M5PLH8U",
        "source_team": "T5M5PLH8U",
        "user_profile": {
            "avatar_hash": "g629ff5f9fd1",
            "image_72": "https:\/\/secure.gravatar.com\/avatar\/9629ff5f9fd1cd7a6d880c06e216d2c9.jpg?s=72&d=https%3A%2F%2Fa.slack-edge.com%2Fdf10d%2Fimg%2Favatars%2Fava_0002-72.png",
            "first_name": "William",
            "real_name": "William Tom",
            "display_name": "electricalwill",
            "team": "T5M5PLH8U",
            "name": "electricalwill",
            "is_restricted": false,
            "is_ultra_restricted": false
        }
    },
    {
        "type": "message",
        "subtype": "bot_message",
        "text": "Yeah, it's pretty fun.",
        "ts": "1496690177.984463",
        "username": "toad_polo",
        "icons": {
            "image_48": "https:\/\/s3-us-west-2.amazonaws.com\/slack-files2\/bot_icons\/2017-06-04\/192576811829_48.png"
        },
        "bot_id": "B5MPXQBFS"
    },
    {
        "type": "message",
        "text": "Hehe happy to see these exchanges ^^",
        "user": "U5M5PLH9S",
        "ts": "1496699918.988250",
        "team": "T5M5PLH8U",
        "user_team": "T5M5PLH8U",
        "source_team": "T5M5PLH8U",
        "user_profile": {
            "avatar_hash": "e4fb6ae9f526",
            "image_72": "https:\/\/avatars.slack-edge.com\/2017-06-01\/191144530514_e4fb6ae9f526531fd41c_72.jpg",
            "first_name": "",
            "real_name": "kelu",
            "display_name": "",
            "team": "T5M5PLH8U",
            "name": "kelu",
            "is_restricted": false,
            "is_ultra_restricted": false
        }
    }
]