[
    {
        "type": "message",
        "subtype": "channel_join",
        "ts": "1496598153.222220",
        "user": "U5MRX6SSV",
        "text": "<@U5MRX6SSV> has joined the channel"
    },
    {
        "type": "message",
        "subtype": "channel_join",
        "ts": "1496608452.784794",
        "user": "U5P8N8F71",
        "text": "<@U5P8N8F71> has joined the channel"
    },
    {
        "type": "message",
        "subtype": "bot_add",
        "text": "added an integration to this channel: <https:\/\/usdevkit.slack.com\/services\/B5MPXQBFS|incoming-webhook>",
        "user": "U5MRX6SSV",
        "bot_id": "B5MPXQBFS",
        "bot_link": "<https:\/\/usdevkit.slack.com\/services\/B5MPXQBFS|incoming-webhook>",
        "ts": "1496614369.073035"
    },
    {
        "type": "message",
        "subtype": "bot_add",
        "text": "added an integration to this channel: <https:\/\/usdevkit.slack.com\/services\/B5NE58YUS|outgoing-webhook>",
        "user": "U5MRX6SSV",
        "bot_id": "B5NE58YUS",
        "bot_link": "<https:\/\/usdevkit.slack.com\/services\/B5NE58YUS|outgoing-webhook>",
        "ts": "1496614551.082130"
    },
    {
        "type": "message",
        "text": "Testing Matrix integration,.",
        "user": "U5MRX6SSV",
        "ts": "1496614565.082762",
        "team": "T5M5PLH8U",
        "user_team": "T5M5PLH8U",
        "source_team": "T5M5PLH8U",
        "user_profile": {
            "avatar_hash": "ged873897e97",
            "image_72": "https:\/\/secure.gravatar.com\/avatar\/4ed873897e9738819e45bbc9b1cb71c5.jpg?s=72&d=https%3A%2F%2Fa.slack-edge.com%2Fdf10d%2Fimg%2Favatars%2Fava_0009-72.png",
            "first_name": "First",
            "real_name": "First Last",
            "display_name": "fl.throwaway.3.141592",
            "team": "T5M5PLH8U",
            "name": "fl.throwaway.3.141592",
            "is_restricted": false,
            "is_ultra_restricted": false
        }
    },
    {
        "type": "message",
        "subtype": "bot_message",
        "text": "Slack-&gt;Matrix integration successful.",
        "ts": "1496614585.083788",
        "username": "bilge_emulsion",
        "icons": {
            "image_48": "https:\/\/s3-us-west-2.amazonaws.com\/slack-files2\/bot_icons\/2017-06-04\/192576811829_48.png"
        },
        "bot_id": "B5MPXQBFS"
    },
    {
        "type": "message",
        "text": "Matrix-&gt;Slack integration successful.",
        "user": "U5MRX6SSV",
        "ts": "1496614592.084108",
        "team": "T5M5PLH8U",
        "user_team": "T5M5PLH8U",
        "source_team": "T5M5PLH8U",
        "user_profile": {
            "avatar_hash": "ged873897e97",
            "image_72": "https:\/\/secure.gravatar.com\/avatar\/4ed873897e9738819e45bbc9b1cb71c5.jpg?s=72&d=https%3A%2F%2Fa.slack-edge.com%2Fdf10d%2Fimg%2Favatars%2Fava_0009-72.png",
            "first_name": "First",
            "real_name": "First Last",
            "display_name": "fl.throwaway.3.141592",
            "team": "T5M5PLH8U",
            "name": "fl.throwaway.3.141592",
            "is_restricted": false,
            "is_ultra_restricted": false
        }
    }
]