[
    {
        "type": "message",
        "subtype": "bot_message",
        "text": "So I noticed the comments on the hack a day nomination thing mentioned that high power ultrasound can cause deep tissue burns.",
        "ts": "1499180862.632096",
        "username": "toad_polo",
        "icons": {
            "image_48": "https:\/\/s3-us-west-2.amazonaws.com\/slack-files2\/bot_icons\/2017-06-04\/192576811829_48.png"
        },
        "bot_id": "B5MPXQBFS"
    },
    {
        "type": "message",
        "subtype": "bot_message",
        "text": "I assume it's not a problem in this case, the pulser doesn't look powerful enough for that, but I'm wondering if maybe some links to safety information might be in order somewhere.",
        "ts": "1499181005.678752",
        "username": "toad_polo",
        "icons": {
            "image_48": "https:\/\/s3-us-west-2.amazonaws.com\/slack-files2\/bot_icons\/2017-06-04\/192576811829_48.png"
        },
        "bot_id": "B5MPXQBFS"
    },
    {
        "type": "message",
        "subtype": "bot_message",
        "text": "I mean obviously nowhere on the page does it say to use it on humans, but it might be worth pointing to something like, \"here are the failure modes that can cause injury\"",
        "ts": "1499181121.716893",
        "username": "toad_polo",
        "icons": {
            "image_48": "https:\/\/s3-us-west-2.amazonaws.com\/slack-files2\/bot_icons\/2017-06-04\/192576811829_48.png"
        },
        "bot_id": "B5MPXQBFS"
    },
    {
        "type": "message",
        "text": "Sure. That's also why the project is a dev-kit, and not a medical device ;)",
        "user": "U5M5PLH9S",
        "ts": "1499183486.431541",
        "team": "T5M5PLH8U",
        "user_team": "T5M5PLH8U",
        "source_team": "T5M5PLH8U",
        "user_profile": {
            "avatar_hash": "e4fb6ae9f526",
            "image_72": "https:\/\/avatars.slack-edge.com\/2017-06-01\/191144530514_e4fb6ae9f526531fd41c_72.jpg",
            "first_name": "",
            "real_name": "kelu",
            "display_name": "",
            "team": "T5M5PLH8U",
            "name": "kelu",
            "is_restricted": false,
            "is_ultra_restricted": false
        },
        "edited": {
            "user": "U5M5PLH9S",
            "ts": "1499183507.000000"
        },
        "reactions": [
            {
                "name": "+1",
                "users": [
                    "U62TBFE9Z"
                ],
                "count": 1
            }
        ]
    },
    {
        "type": "message",
        "text": "That being said, cavitation happens in specific cases which are not ours - I'd say is orders of magnitude easier to get shocked by 240v or to get a laser un hour eyes than to be burned with ultrasounds.. especially since the power is limited by the power supply you provide.",
        "user": "U5M5PLH9S",
        "ts": "1499183621.469309",
        "team": "T5M5PLH8U",
        "user_team": "T5M5PLH8U",
        "source_team": "T5M5PLH8U",
        "user_profile": {
            "avatar_hash": "e4fb6ae9f526",
            "image_72": "https:\/\/avatars.slack-edge.com\/2017-06-01\/191144530514_e4fb6ae9f526531fd41c_72.jpg",
            "first_name": "",
            "real_name": "kelu",
            "display_name": "",
            "team": "T5M5PLH8U",
            "name": "kelu",
            "is_restricted": false,
            "is_ultra_restricted": false
        }
    },
    {
        "type": "message",
        "text": "A bit like saying that if you play with a laser pointer, you could burn stuff :) it's possible, but you need substantial modifications to it before it happens. ",
        "user": "U5M5PLH9S",
        "ts": "1499183698.491289",
        "team": "T5M5PLH8U",
        "user_team": "T5M5PLH8U",
        "source_team": "T5M5PLH8U",
        "user_profile": {
            "avatar_hash": "e4fb6ae9f526",
            "image_72": "https:\/\/avatars.slack-edge.com\/2017-06-01\/191144530514_e4fb6ae9f526531fd41c_72.jpg",
            "first_name": "",
            "real_name": "kelu",
            "display_name": "",
            "team": "T5M5PLH8U",
            "name": "kelu",
            "is_restricted": false,
            "is_ultra_restricted": false
        }
    },
    {
        "type": "message",
        "text": "I get your point though - sh** happens.",
        "user": "U5M5PLH9S",
        "ts": "1499183712.495606",
        "team": "T5M5PLH8U",
        "user_team": "T5M5PLH8U",
        "source_team": "T5M5PLH8U",
        "user_profile": {
            "avatar_hash": "e4fb6ae9f526",
            "image_72": "https:\/\/avatars.slack-edge.com\/2017-06-01\/191144530514_e4fb6ae9f526531fd41c_72.jpg",
            "first_name": "",
            "real_name": "kelu",
            "display_name": "",
            "team": "T5M5PLH8U",
            "name": "kelu",
            "is_restricted": false,
            "is_ultra_restricted": false
        }
    },
    {
        "type": "message",
        "text": "Or far easier to get burnt with your soldering iron !!",
        "user": "U5M5PLH9S",
        "ts": "1499183792.517484",
        "team": "T5M5PLH8U",
        "user_team": "T5M5PLH8U",
        "source_team": "T5M5PLH8U",
        "user_profile": {
            "avatar_hash": "e4fb6ae9f526",
            "image_72": "https:\/\/avatars.slack-edge.com\/2017-06-01\/191144530514_e4fb6ae9f526531fd41c_72.jpg",
            "first_name": "",
            "real_name": "kelu",
            "display_name": "",
            "team": "T5M5PLH8U",
            "name": "kelu",
            "is_restricted": false,
            "is_ultra_restricted": false
        }
    },
    {
        "type": "message",
        "text": "For a quick idea, the piezo draws 5mA at 5V -- and you have to consider efficiency losses which reduces this total :)",
        "user": "U5M5PLH9S",
        "ts": "1499183920.552526",
        "team": "T5M5PLH8U",
        "user_team": "T5M5PLH8U",
        "source_team": "T5M5PLH8U",
        "user_profile": {
            "avatar_hash": "e4fb6ae9f526",
            "image_72": "https:\/\/avatars.slack-edge.com\/2017-06-01\/191144530514_e4fb6ae9f526531fd41c_72.jpg",
            "first_name": "",
            "real_name": "kelu",
            "display_name": "",
            "team": "T5M5PLH8U",
            "name": "kelu",
            "is_restricted": false,
            "is_ultra_restricted": false
        }
    },
    {
        "type": "message",
        "subtype": "bot_message",
        "text": "Yeah, I'm not actually worried, I think the idea that if a medical device could injure you at all you should require a license to do anything with it is silly.",
        "ts": "1499184050.591154",
        "username": "toad_polo",
        "icons": {
            "image_48": "https:\/\/s3-us-west-2.amazonaws.com\/slack-files2\/bot_icons\/2017-06-04\/192576811829_48.png"
        },
        "bot_id": "B5MPXQBFS"
    },
    {
        "type": "message",
        "subtype": "bot_message",
        "text": "A knife can injure you easily but you don't need a knife license to operate one.",
        "ts": "1499184077.598686",
        "username": "toad_polo",
        "icons": {
            "image_48": "https:\/\/s3-us-west-2.amazonaws.com\/slack-files2\/bot_icons\/2017-06-04\/192576811829_48.png"
        },
        "bot_id": "B5MPXQBFS"
    },
    {
        "type": "message",
        "subtype": "bot_message",
        "text": "Just that it's good to know what the risks are in the first place, like even that a laser pointer can damage your eyes was not straightforward before they became popular.",
        "ts": "1499184136.615899",
        "username": "toad_polo",
        "icons": {
            "image_48": "https:\/\/s3-us-west-2.amazonaws.com\/slack-files2\/bot_icons\/2017-06-04\/192576811829_48.png"
        },
        "bot_id": "B5MPXQBFS"
    },
    {
        "type": "message",
        "subtype": "bot_message",
        "text": "It seems like so little light, but people were made aware of where the dangers were.",
        "ts": "1499184161.622895",
        "username": "toad_polo",
        "icons": {
            "image_48": "https:\/\/s3-us-west-2.amazonaws.com\/slack-files2\/bot_icons\/2017-06-04\/192576811829_48.png"
        },
        "bot_id": "B5MPXQBFS"
    },
    {
        "type": "message",
        "subtype": "bot_message",
        "text": "Probably best to put a link somewhere like: \"Here is safety information about how this could go wrong if you deviate too much from these plans\"",
        "ts": "1499184237.643201",
        "username": "toad_polo",
        "icons": {
            "image_48": "https:\/\/s3-us-west-2.amazonaws.com\/slack-files2\/bot_icons\/2017-06-04\/192576811829_48.png"
        },
        "bot_id": "B5MPXQBFS"
    },
    {
        "type": "message",
        "text": "Indeed. Even if the pointer can burn your insides if you point at them ;) but point well taken, will put one page on the gitbook !",
        "user": "U5M5PLH9S",
        "ts": "1499184838.797626",
        "team": "T5M5PLH8U",
        "user_team": "T5M5PLH8U",
        "source_team": "T5M5PLH8U",
        "user_profile": {
            "avatar_hash": "e4fb6ae9f526",
            "image_72": "https:\/\/avatars.slack-edge.com\/2017-06-01\/191144530514_e4fb6ae9f526531fd41c_72.jpg",
            "first_name": "",
            "real_name": "kelu",
            "display_name": "",
            "team": "T5M5PLH8U",
            "name": "kelu",
            "is_restricted": false,
            "is_ultra_restricted": false
        }
    }
]