[
    {
        "type": "message",
        "text": "Hey there! Been playing with the smaller dev kit, on a phantom, obtained not so bad images :smiley:",
        "user": "U5M5PLH9S",
        "ts": "1497219712.203343",
        "team": "T5M5PLH8U",
        "user_team": "T5M5PLH8U",
        "source_team": "T5M5PLH8U",
        "user_profile": {
            "avatar_hash": "e4fb6ae9f526",
            "image_72": "https:\/\/avatars.slack-edge.com\/2017-06-01\/191144530514_e4fb6ae9f526531fd41c_72.jpg",
            "first_name": "",
            "real_name": "kelu",
            "display_name": "",
            "team": "T5M5PLH8U",
            "name": "kelu",
            "is_restricted": false,
            "is_ultra_restricted": false
        }
    },
    {
        "type": "message",
        "text": "More details at <https:\/\/github.com\/kelu124\/echomods\/blob\/master\/elmo\/data\/arduino\/20170611-arduino.md>",
        "files": [
            {
                "id": "F5SR40BU7",
                "created": 1497219838,
                "timestamp": 1497219838,
                "name": "AD9200.png",
                "title": "Getting some first image from a wire phantom",
                "mimetype": "image\/png",
                "filetype": "png",
                "pretty_type": "PNG",
                "user": "U5M5PLH9S",
                "editable": false,
                "size": 391934,
                "mode": "hosted",
                "is_external": false,
                "external_type": "",
                "is_public": true,
                "public_url_shared": true,
                "display_as_bot": false,
                "username": "",
                "url_private": "https:\/\/files.slack.com\/files-pri\/T5M5PLH8U-F5SR40BU7\/ad9200.png?t=xoxe-191193697300-964750812979-978081040215-70140a522cd1d53d5dacb8121ac10305",
                "url_private_download": "https:\/\/files.slack.com\/files-pri\/T5M5PLH8U-F5SR40BU7\/download\/ad9200.png?t=xoxe-191193697300-964750812979-978081040215-70140a522cd1d53d5dacb8121ac10305",
                "thumb_64": "https:\/\/files.slack.com\/files-tmb\/T5M5PLH8U-F5SR40BU7-33a4cfe9ce\/ad9200_64.png?t=xoxe-191193697300-964750812979-978081040215-70140a522cd1d53d5dacb8121ac10305",
                "thumb_80": "https:\/\/files.slack.com\/files-tmb\/T5M5PLH8U-F5SR40BU7-33a4cfe9ce\/ad9200_80.png?t=xoxe-191193697300-964750812979-978081040215-70140a522cd1d53d5dacb8121ac10305",
                "thumb_360": "https:\/\/files.slack.com\/files-tmb\/T5M5PLH8U-F5SR40BU7-33a4cfe9ce\/ad9200_360.png?t=xoxe-191193697300-964750812979-978081040215-70140a522cd1d53d5dacb8121ac10305",
                "thumb_360_w": 360,
                "thumb_360_h": 185,
                "thumb_480": "https:\/\/files.slack.com\/files-tmb\/T5M5PLH8U-F5SR40BU7-33a4cfe9ce\/ad9200_480.png?t=xoxe-191193697300-964750812979-978081040215-70140a522cd1d53d5dacb8121ac10305",
                "thumb_480_w": 480,
                "thumb_480_h": 246,
                "thumb_160": "https:\/\/files.slack.com\/files-tmb\/T5M5PLH8U-F5SR40BU7-33a4cfe9ce\/ad9200_160.png?t=xoxe-191193697300-964750812979-978081040215-70140a522cd1d53d5dacb8121ac10305",
                "thumb_720": "https:\/\/files.slack.com\/files-tmb\/T5M5PLH8U-F5SR40BU7-33a4cfe9ce\/ad9200_720.png?t=xoxe-191193697300-964750812979-978081040215-70140a522cd1d53d5dacb8121ac10305",
                "thumb_720_w": 720,
                "thumb_720_h": 369,
                "thumb_800": "https:\/\/files.slack.com\/files-tmb\/T5M5PLH8U-F5SR40BU7-33a4cfe9ce\/ad9200_800.png?t=xoxe-191193697300-964750812979-978081040215-70140a522cd1d53d5dacb8121ac10305",
                "thumb_800_w": 800,
                "thumb_800_h": 411,
                "thumb_960": "https:\/\/files.slack.com\/files-tmb\/T5M5PLH8U-F5SR40BU7-33a4cfe9ce\/ad9200_960.png?t=xoxe-191193697300-964750812979-978081040215-70140a522cd1d53d5dacb8121ac10305",
                "thumb_960_w": 960,
                "thumb_960_h": 493,
                "image_exif_rotation": 1,
                "original_w": 986,
                "original_h": 506,
                "permalink": "https:\/\/usdevkit.slack.com\/files\/U5M5PLH9S\/F5SR40BU7\/ad9200.png",
                "permalink_public": "https:\/\/slack-files.com\/T5M5PLH8U-F5SR40BU7-63d727e7bb",
                "is_starred": false,
                "has_rich_preview": false
            }
        ],
        "upload": true,
        "user": "U5M5PLH9S",
        "display_as_bot": false,
        "ts": "1497219841.209351"
    }
]