[
    {
        "type": "message",
        "subtype": "channel_join",
        "ts": "1509727498.000439",
        "user": "U7UJ8QNAX",
        "text": "<@U7UJ8QNAX> has joined the channel"
    },
    {
        "type": "message",
        "text": "Hey guys, not sure how active this channel is but I was wondering if I could bounce some ideas off anyone. \n\nI’ve recently been searching if there’s a way to measure muscle glycogen. This would be insanely useful to athletes to measure how much energy there is in the muscles. \n\nI came across these guys: <http:\/\/www.musclesound.com> who seem to have found a way to use an ultrasound device to do it. Apparently if there is more glycogen, there is also more water, so the ultrasound will produce a different signal if there is less or more glycogen. \n\nAnyways this product requires the Philips handheld ultrasound device which costs $5000 so that’s out of the question. \n\nSo the hacker in me said I could prob build a diy one that will do the job. So I found you guys!",
        "user": "U7UJ8QNAX",
        "ts": "1509728199.000469",
        "team": "T5M5PLH8U",
        "user_team": "T5M5PLH8U",
        "source_team": "T5M5PLH8U",
        "user_profile": {
            "avatar_hash": "g99b98c26d0e",
            "image_72": "https:\/\/secure.gravatar.com\/avatar\/999b98c26d0e60517772fd380f93440e.jpg?s=72&d=https%3A%2F%2Fa.slack-edge.com%2Fdf10d%2Fimg%2Favatars%2Fava_0021-72.png",
            "first_name": "",
            "real_name": "Will H",
            "display_name": "",
            "team": "T5M5PLH8U",
            "name": "will.hoyle",
            "is_restricted": false,
            "is_ultra_restricted": false
        },
        "attachments": [
            {
                "service_name": "MuscleSound",
                "title": "MuscleSound | Take Charge of Your MuscleHealth",
                "title_link": "http:\/\/www.musclesound.com",
                "text": "A scientifically validated, cloud-based system that provides immediate and actionable results in many different exercise and health settings.",
                "fallback": "MuscleSound: MuscleSound | Take Charge of Your MuscleHealth",
                "from_url": "http:\/\/www.musclesound.com",
                "service_icon": "http:\/\/www.musclesound.com\/wp-content\/uploads\/cache\/2017\/07\/cropped-MS-Circle-Favicon-Purp\/2980602787.png",
                "id": 1
            }
        ]
    },
    {
        "type": "message",
        "text": "So I don’t know much about the signal we’d be getting. ",
        "files": [
            {
                "id": "F7VP982BH",
                "created": 1509728308,
                "timestamp": 1509728308,
                "name": "Image uploaded from iOS.jpg",
                "title": "Image uploaded from iOS",
                "mimetype": "image\/jpeg",
                "filetype": "jpg",
                "pretty_type": "JPEG",
                "user": "U7UJ8QNAX",
                "editable": false,
                "size": 163567,
                "mode": "hosted",
                "is_external": false,
                "external_type": "",
                "is_public": true,
                "public_url_shared": true,
                "display_as_bot": false,
                "username": "",
                "url_private": "https:\/\/files.slack.com\/files-pri\/T5M5PLH8U-F7VP982BH\/image_uploaded_from_ios.jpg?t=xoxe-191193697300-964750812979-978081040215-70140a522cd1d53d5dacb8121ac10305",
                "url_private_download": "https:\/\/files.slack.com\/files-pri\/T5M5PLH8U-F7VP982BH\/download\/image_uploaded_from_ios.jpg?t=xoxe-191193697300-964750812979-978081040215-70140a522cd1d53d5dacb8121ac10305",
                "thumb_64": "https:\/\/files.slack.com\/files-tmb\/T5M5PLH8U-F7VP982BH-26c1979f9b\/image_uploaded_from_ios_64.jpg?t=xoxe-191193697300-964750812979-978081040215-70140a522cd1d53d5dacb8121ac10305",
                "thumb_80": "https:\/\/files.slack.com\/files-tmb\/T5M5PLH8U-F7VP982BH-26c1979f9b\/image_uploaded_from_ios_80.jpg?t=xoxe-191193697300-964750812979-978081040215-70140a522cd1d53d5dacb8121ac10305",
                "thumb_360": "https:\/\/files.slack.com\/files-tmb\/T5M5PLH8U-F7VP982BH-26c1979f9b\/image_uploaded_from_ios_360.jpg?t=xoxe-191193697300-964750812979-978081040215-70140a522cd1d53d5dacb8121ac10305",
                "thumb_360_w": 360,
                "thumb_360_h": 190,
                "thumb_480": "https:\/\/files.slack.com\/files-tmb\/T5M5PLH8U-F7VP982BH-26c1979f9b\/image_uploaded_from_ios_480.jpg?t=xoxe-191193697300-964750812979-978081040215-70140a522cd1d53d5dacb8121ac10305",
                "thumb_480_w": 480,
                "thumb_480_h": 254,
                "thumb_160": "https:\/\/files.slack.com\/files-tmb\/T5M5PLH8U-F7VP982BH-26c1979f9b\/image_uploaded_from_ios_160.jpg?t=xoxe-191193697300-964750812979-978081040215-70140a522cd1d53d5dacb8121ac10305",
                "thumb_720": "https:\/\/files.slack.com\/files-tmb\/T5M5PLH8U-F7VP982BH-26c1979f9b\/image_uploaded_from_ios_720.jpg?t=xoxe-191193697300-964750812979-978081040215-70140a522cd1d53d5dacb8121ac10305",
                "thumb_720_w": 720,
                "thumb_720_h": 381,
                "thumb_800": "https:\/\/files.slack.com\/files-tmb\/T5M5PLH8U-F7VP982BH-26c1979f9b\/image_uploaded_from_ios_800.jpg?t=xoxe-191193697300-964750812979-978081040215-70140a522cd1d53d5dacb8121ac10305",
                "thumb_800_w": 800,
                "thumb_800_h": 423,
                "image_exif_rotation": 1,
                "original_w": 900,
                "original_h": 476,
                "permalink": "https:\/\/usdevkit.slack.com\/files\/U7UJ8QNAX\/F7VP982BH\/image_uploaded_from_ios.jpg",
                "permalink_public": "https:\/\/slack-files.com\/T5M5PLH8U-F7VP982BH-15f5b71e2c",
                "is_starred": false,
                "has_rich_preview": false
            }
        ],
        "upload": true,
        "user": "U7UJ8QNAX",
        "display_as_bot": false,
        "upload_reply_to": "AF92F694-5952-46FF-A2B9-4165E0AD11DF",
        "ts": "1509728310.000112"
    },
    {
        "type": "message",
        "text": "The picture on the left from above is the raw signal I guess? So I think since glycogen is surrounded by water, having more glycogen will give a stronger signal. So all we would have to do to calibrate it for a high\/low glycogen is to take different measurements say when I am fully loaded with glycogen, and also depleted (like after a long run)",
        "user": "U7UJ8QNAX",
        "ts": "1509728490.000172",
        "team": "T5M5PLH8U",
        "user_team": "T5M5PLH8U",
        "source_team": "T5M5PLH8U",
        "user_profile": {
            "avatar_hash": "g99b98c26d0e",
            "image_72": "https:\/\/secure.gravatar.com\/avatar\/999b98c26d0e60517772fd380f93440e.jpg?s=72&d=https%3A%2F%2Fa.slack-edge.com%2Fdf10d%2Fimg%2Favatars%2Fava_0021-72.png",
            "first_name": "",
            "real_name": "Will H",
            "display_name": "",
            "team": "T5M5PLH8U",
            "name": "will.hoyle",
            "is_restricted": false,
            "is_ultra_restricted": false
        }
    },
    {
        "type": "message",
        "text": "Hey <@U7UJ8QNAX>! Glad to read from you. Happy to bounce ideas :smiley:",
        "user": "U5M5PLH9S",
        "ts": "1509738313.000232",
        "team": "T5M5PLH8U",
        "user_team": "T5M5PLH8U",
        "source_team": "T5M5PLH8U",
        "user_profile": {
            "avatar_hash": "e4fb6ae9f526",
            "image_72": "https:\/\/avatars.slack-edge.com\/2017-06-01\/191144530514_e4fb6ae9f526531fd41c_72.jpg",
            "first_name": "",
            "real_name": "kelu",
            "display_name": "",
            "team": "T5M5PLH8U",
            "name": "kelu",
            "is_restricted": false,
            "is_ultra_restricted": false
        }
    },
    {
        "type": "message",
        "text": "Interesting notion to get muscle glycogen through water.",
        "user": "U5M5PLH9S",
        "ts": "1509738366.000584",
        "team": "T5M5PLH8U",
        "user_team": "T5M5PLH8U",
        "source_team": "T5M5PLH8U",
        "user_profile": {
            "avatar_hash": "e4fb6ae9f526",
            "image_72": "https:\/\/avatars.slack-edge.com\/2017-06-01\/191144530514_e4fb6ae9f526531fd41c_72.jpg",
            "first_name": "",
            "real_name": "kelu",
            "display_name": "",
            "team": "T5M5PLH8U",
            "name": "kelu",
            "is_restricted": false,
            "is_ultra_restricted": false
        }
    },
    {
        "type": "message",
        "text": "Maybe interesting for <@U7QTXBPT3>?",
        "user": "U5M5PLH9S",
        "ts": "1509738403.000173",
        "team": "T5M5PLH8U",
        "user_team": "T5M5PLH8U",
        "source_team": "T5M5PLH8U",
        "user_profile": {
            "avatar_hash": "e4fb6ae9f526",
            "image_72": "https:\/\/avatars.slack-edge.com\/2017-06-01\/191144530514_e4fb6ae9f526531fd41c_72.jpg",
            "first_name": "",
            "real_name": "kelu",
            "display_name": "",
            "team": "T5M5PLH8U",
            "name": "kelu",
            "is_restricted": false,
            "is_ultra_restricted": false
        }
    },
    {
        "type": "message",
        "text": "In any case, why not? Would be interesting to know if you need B-mode (2D images) or just A-scans (ie the raw signal on the left of the image).",
        "user": "U5M5PLH9S",
        "ts": "1509738432.000162",
        "team": "T5M5PLH8U",
        "user_team": "T5M5PLH8U",
        "source_team": "T5M5PLH8U",
        "user_profile": {
            "avatar_hash": "e4fb6ae9f526",
            "image_72": "https:\/\/avatars.slack-edge.com\/2017-06-01\/191144530514_e4fb6ae9f526531fd41c_72.jpg",
            "first_name": "",
            "real_name": "kelu",
            "display_name": "",
            "team": "T5M5PLH8U",
            "name": "kelu",
            "is_restricted": false,
            "is_ultra_restricted": false
        }
    },
    {
        "type": "message",
        "text": "<@U7UJ8QNAX>, could that be related to <http:\/\/ieeexplore.ieee.org\/document\/8008307\/?reload=true> ?",
        "user": "U5M5PLH9S",
        "ts": "1509738484.000371",
        "team": "T5M5PLH8U",
        "user_team": "T5M5PLH8U",
        "source_team": "T5M5PLH8U",
        "user_profile": {
            "avatar_hash": "e4fb6ae9f526",
            "image_72": "https:\/\/avatars.slack-edge.com\/2017-06-01\/191144530514_e4fb6ae9f526531fd41c_72.jpg",
            "first_name": "",
            "real_name": "kelu",
            "display_name": "",
            "team": "T5M5PLH8U",
            "name": "kelu",
            "is_restricted": false,
            "is_ultra_restricted": false
        },
        "edited": {
            "user": "U5M5PLH9S",
            "ts": "1524298456.000000"
        }
    },
    {
        "type": "message",
        "text": "At first glance, it seems like all we would need is the A-scans. I don’t know what the signals would even look like though so who knows. ",
        "user": "U7UJ8QNAX",
        "ts": "1509740250.000365",
        "team": "T5M5PLH8U",
        "user_team": "T5M5PLH8U",
        "source_team": "T5M5PLH8U",
        "user_profile": {
            "avatar_hash": "g99b98c26d0e",
            "image_72": "https:\/\/secure.gravatar.com\/avatar\/999b98c26d0e60517772fd380f93440e.jpg?s=72&d=https%3A%2F%2Fa.slack-edge.com%2Fdf10d%2Fimg%2Favatars%2Fava_0021-72.png",
            "first_name": "",
            "real_name": "Will H",
            "display_name": "",
            "team": "T5M5PLH8U",
            "name": "will.hoyle",
            "is_restricted": false,
            "is_ultra_restricted": false
        }
    },
    {
        "type": "message",
        "text": "That paper you linked is interesting. It’s similar to what I’d like to accomplish",
        "user": "U7UJ8QNAX",
        "ts": "1509740367.000187",
        "team": "T5M5PLH8U",
        "user_team": "T5M5PLH8U",
        "source_team": "T5M5PLH8U",
        "user_profile": {
            "avatar_hash": "g99b98c26d0e",
            "image_72": "https:\/\/secure.gravatar.com\/avatar\/999b98c26d0e60517772fd380f93440e.jpg?s=72&d=https%3A%2F%2Fa.slack-edge.com%2Fdf10d%2Fimg%2Favatars%2Fava_0021-72.png",
            "first_name": "",
            "real_name": "Will H",
            "display_name": "",
            "team": "T5M5PLH8U",
            "name": "will.hoyle",
            "is_restricted": false,
            "is_ultra_restricted": false
        }
    },
    {
        "type": "message",
        "text": "Hehe. Have you settled on piezos ?",
        "user": "U5M5PLH9S",
        "ts": "1509746980.000273",
        "team": "T5M5PLH8U",
        "user_team": "T5M5PLH8U",
        "source_team": "T5M5PLH8U",
        "user_profile": {
            "avatar_hash": "e4fb6ae9f526",
            "image_72": "https:\/\/avatars.slack-edge.com\/2017-06-01\/191144530514_e4fb6ae9f526531fd41c_72.jpg",
            "first_name": "",
            "real_name": "kelu",
            "display_name": "",
            "team": "T5M5PLH8U",
            "name": "kelu",
            "is_restricted": false,
            "is_ultra_restricted": false
        }
    },
    {
        "type": "message",
        "text": "I don't know if piezos will work because i think they only work well on changes in muscle strain",
        "user": "U7UJ8QNAX",
        "ts": "1509747998.000169",
        "team": "T5M5PLH8U",
        "user_team": "T5M5PLH8U",
        "source_team": "T5M5PLH8U",
        "user_profile": {
            "avatar_hash": "g99b98c26d0e",
            "image_72": "https:\/\/secure.gravatar.com\/avatar\/999b98c26d0e60517772fd380f93440e.jpg?s=72&d=https%3A%2F%2Fa.slack-edge.com%2Fdf10d%2Fimg%2Favatars%2Fava_0021-72.png",
            "first_name": "",
            "real_name": "Will H",
            "display_name": "",
            "team": "T5M5PLH8U",
            "name": "will.hoyle",
            "is_restricted": false,
            "is_ultra_restricted": false
        }
    }
]