[
    {
        "type": "message",
        "text": "Hi! Is there any ETA for <https:\/\/www.tindie.com\/products\/kelu124\/ultrasound-bipolar-high-voltage-pulser\/> or  <https:\/\/www.tindie.com\/products\/kelu124\/ultrasound-imaging-analog-processing-module\/> to be back in stock?",
        "user": "U8KNQSN1E",
        "ts": "1514685803.000046",
        "team": "T5M5PLH8U",
        "user_team": "T5M5PLH8U",
        "source_team": "T5M5PLH8U",
        "user_profile": {
            "avatar_hash": "g8cf0b22e33d",
            "image_72": "https:\/\/secure.gravatar.com\/avatar\/98cf0b22e33dfa820656f347c5634412.jpg?s=72&d=https%3A%2F%2Fa.slack-edge.com%2Fdf10d%2Fimg%2Favatars%2Fava_0009-72.png",
            "first_name": "",
            "real_name": "Alina Cohen",
            "display_name": "alina",
            "team": "T5M5PLH8U",
            "name": "giraffeh",
            "is_restricted": false,
            "is_ultra_restricted": false
        },
        "edited": {
            "user": "U8KNQSN1E",
            "ts": "1520699158.000000"
        },
        "thread_ts": "1514685803.000046",
        "reply_count": 1,
        "reply_users_count": 1,
        "latest_reply": "1524298436.000071",
        "reply_users": [
            "U5M5PLH9S"
        ],
        "replies": [
            {
                "user": "U5M5PLH9S",
                "ts": "1524298436.000071"
            }
        ],
        "subscribed": true,
        "last_read": "1524298436.000071"
    }
]