[
    {
        "client_msg_id": "3dbe9b46-f88d-4872-a6ee-ab9b5f11ae63",
        "type": "message",
        "text": "Interesting article, low cost piezos ? <https:\/\/news.ubc.ca\/2018\/09\/11\/could-a-diy-ultrasound-be-in-your-future-ubc-breakthrough-opens-door-to-100-ultrasound-machine\/>",
        "user": "U5M5PLH9S",
        "ts": "1536778192.000100",
        "team": "T5M5PLH8U",
        "user_team": "T5M5PLH8U",
        "source_team": "T5M5PLH8U",
        "user_profile": {
            "avatar_hash": "e4fb6ae9f526",
            "image_72": "https:\/\/avatars.slack-edge.com\/2017-06-01\/191144530514_e4fb6ae9f526531fd41c_72.jpg",
            "first_name": "",
            "real_name": "kelu",
            "display_name": "",
            "team": "T5M5PLH8U",
            "name": "kelu",
            "is_restricted": false,
            "is_ultra_restricted": false
        },
        "attachments": [
            {
                "service_name": "UBC News",
                "title": "Could a DIY ultrasound be in your future? UBC breakthrough opens door to $100 ultrasound machine",
                "title_link": "https:\/\/news.ubc.ca\/2018\/09\/11\/could-a-diy-ultrasound-be-in-your-future-ubc-breakthrough-opens-door-to-100-ultrasound-machine\/",
                "text": "Engineers at the University of British Columbia have developed a new ultrasound transducer, or probe, that could dramatically lower the cost of ultrasound scanners to as little as $100. Their paten…",
                "fallback": "UBC News: Could a DIY ultrasound be in your future? UBC breakthrough opens door to $100 ultrasound machine",
                "image_url": "https:\/\/news.ubc.ca\/wp-content\/uploads\/2018\/09\/CMUT_PCB_linear_array_A.jpg",
                "image_width": 333,
                "image_height": 250,
                "ts": 1536681319,
                "from_url": "https:\/\/news.ubc.ca\/2018\/09\/11\/could-a-diy-ultrasound-be-in-your-future-ubc-breakthrough-opens-door-to-100-ultrasound-machine\/",
                "image_bytes": 115445,
                "service_icon": "http:\/\/cdn.ubc.ca\/clf\/7.0.3\/img\/apple-touch-icon-144-precomposed.png",
                "id": 1,
                "original_url": "https:\/\/news.ubc.ca\/2018\/09\/11\/could-a-diy-ultrasound-be-in-your-future-ubc-breakthrough-opens-door-to-100-ultrasound-machine\/"
            }
        ]
    }
]