[
    {
        "type": "message",
        "text": "",
        "files": [
            {
                "id": "FA0DR7SH2",
                "created": 1522790741,
                "timestamp": 1522790741,
                "name": "20180403_181645.jpg",
                "title": "My setup",
                "mimetype": "image\/jpeg",
                "filetype": "jpg",
                "pretty_type": "JPEG",
                "user": "U8DP2NWAD",
                "editable": false,
                "size": 1965448,
                "mode": "hosted",
                "is_external": false,
                "external_type": "",
                "is_public": true,
                "public_url_shared": true,
                "display_as_bot": false,
                "username": "",
                "url_private": "https:\/\/files.slack.com\/files-pri\/T5M5PLH8U-FA0DR7SH2\/20180403_181645.jpg?t=xoxe-191193697300-964750812979-978081040215-70140a522cd1d53d5dacb8121ac10305",
                "url_private_download": "https:\/\/files.slack.com\/files-pri\/T5M5PLH8U-FA0DR7SH2\/download\/20180403_181645.jpg?t=xoxe-191193697300-964750812979-978081040215-70140a522cd1d53d5dacb8121ac10305",
                "thumb_64": "https:\/\/files.slack.com\/files-tmb\/T5M5PLH8U-FA0DR7SH2-1b39df131e\/20180403_181645_64.jpg?t=xoxe-191193697300-964750812979-978081040215-70140a522cd1d53d5dacb8121ac10305",
                "thumb_80": "https:\/\/files.slack.com\/files-tmb\/T5M5PLH8U-FA0DR7SH2-1b39df131e\/20180403_181645_80.jpg?t=xoxe-191193697300-964750812979-978081040215-70140a522cd1d53d5dacb8121ac10305",
                "thumb_360": "https:\/\/files.slack.com\/files-tmb\/T5M5PLH8U-FA0DR7SH2-1b39df131e\/20180403_181645_360.jpg?t=xoxe-191193697300-964750812979-978081040215-70140a522cd1d53d5dacb8121ac10305",
                "thumb_360_w": 360,
                "thumb_360_h": 360,
                "thumb_480": "https:\/\/files.slack.com\/files-tmb\/T5M5PLH8U-FA0DR7SH2-1b39df131e\/20180403_181645_480.jpg?t=xoxe-191193697300-964750812979-978081040215-70140a522cd1d53d5dacb8121ac10305",
                "thumb_480_w": 480,
                "thumb_480_h": 480,
                "thumb_160": "https:\/\/files.slack.com\/files-tmb\/T5M5PLH8U-FA0DR7SH2-1b39df131e\/20180403_181645_160.jpg?t=xoxe-191193697300-964750812979-978081040215-70140a522cd1d53d5dacb8121ac10305",
                "thumb_720": "https:\/\/files.slack.com\/files-tmb\/T5M5PLH8U-FA0DR7SH2-1b39df131e\/20180403_181645_720.jpg?t=xoxe-191193697300-964750812979-978081040215-70140a522cd1d53d5dacb8121ac10305",
                "thumb_720_w": 720,
                "thumb_720_h": 720,
                "thumb_800": "https:\/\/files.slack.com\/files-tmb\/T5M5PLH8U-FA0DR7SH2-1b39df131e\/20180403_181645_800.jpg?t=xoxe-191193697300-964750812979-978081040215-70140a522cd1d53d5dacb8121ac10305",
                "thumb_800_w": 800,
                "thumb_800_h": 800,
                "thumb_960": "https:\/\/files.slack.com\/files-tmb\/T5M5PLH8U-FA0DR7SH2-1b39df131e\/20180403_181645_960.jpg?t=xoxe-191193697300-964750812979-978081040215-70140a522cd1d53d5dacb8121ac10305",
                "thumb_960_w": 960,
                "thumb_960_h": 960,
                "thumb_1024": "https:\/\/files.slack.com\/files-tmb\/T5M5PLH8U-FA0DR7SH2-1b39df131e\/20180403_181645_1024.jpg?t=xoxe-191193697300-964750812979-978081040215-70140a522cd1d53d5dacb8121ac10305",
                "thumb_1024_w": 1024,
                "thumb_1024_h": 1024,
                "image_exif_rotation": 1,
                "original_w": 2160,
                "original_h": 2160,
                "permalink": "https:\/\/usdevkit.slack.com\/files\/U8DP2NWAD\/FA0DR7SH2\/20180403_181645.jpg",
                "permalink_public": "https:\/\/slack-files.com\/T5M5PLH8U-FA0DR7SH2-71903b5c80",
                "is_starred": false,
                "has_rich_preview": false
            }
        ],
        "upload": false,
        "user": "U8DP2NWAD",
        "display_as_bot": false,
        "ts": "1522850136.000564"
    },
    {
        "type": "message",
        "subtype": "file_comment",
        "text": "<@U8DP2NWAD> commented on <@U8DP2NWAD>’s file <https:\/\/usdevkit.slack.com\/files\/U8DP2NWAD\/FA0DR7SH2\/20180403_181645.jpg|My setup>: So I finally got my setup working",
        "file": {
            "id": "FA0DR7SH2",
            "created": 1522790741,
            "timestamp": 1522790741,
            "name": "20180403_181645.jpg",
            "title": "My setup",
            "mimetype": "image\/jpeg",
            "filetype": "jpg",
            "pretty_type": "JPEG",
            "user": "U8DP2NWAD",
            "editable": false,
            "size": 1965448,
            "mode": "hosted",
            "is_external": false,
            "external_type": "",
            "is_public": true,
            "public_url_shared": true,
            "display_as_bot": false,
            "username": "",
            "url_private": "https:\/\/files.slack.com\/files-pri\/T5M5PLH8U-FA0DR7SH2\/20180403_181645.jpg?t=xoxe-191193697300-964750812979-978081040215-70140a522cd1d53d5dacb8121ac10305",
            "url_private_download": "https:\/\/files.slack.com\/files-pri\/T5M5PLH8U-FA0DR7SH2\/download\/20180403_181645.jpg?t=xoxe-191193697300-964750812979-978081040215-70140a522cd1d53d5dacb8121ac10305",
            "thumb_64": "https:\/\/files.slack.com\/files-tmb\/T5M5PLH8U-FA0DR7SH2-1b39df131e\/20180403_181645_64.jpg?t=xoxe-191193697300-964750812979-978081040215-70140a522cd1d53d5dacb8121ac10305",
            "thumb_80": "https:\/\/files.slack.com\/files-tmb\/T5M5PLH8U-FA0DR7SH2-1b39df131e\/20180403_181645_80.jpg?t=xoxe-191193697300-964750812979-978081040215-70140a522cd1d53d5dacb8121ac10305",
            "thumb_360": "https:\/\/files.slack.com\/files-tmb\/T5M5PLH8U-FA0DR7SH2-1b39df131e\/20180403_181645_360.jpg?t=xoxe-191193697300-964750812979-978081040215-70140a522cd1d53d5dacb8121ac10305",
            "thumb_360_w": 360,
            "thumb_360_h": 360,
            "thumb_480": "https:\/\/files.slack.com\/files-tmb\/T5M5PLH8U-FA0DR7SH2-1b39df131e\/20180403_181645_480.jpg?t=xoxe-191193697300-964750812979-978081040215-70140a522cd1d53d5dacb8121ac10305",
            "thumb_480_w": 480,
            "thumb_480_h": 480,
            "thumb_160": "https:\/\/files.slack.com\/files-tmb\/T5M5PLH8U-FA0DR7SH2-1b39df131e\/20180403_181645_160.jpg?t=xoxe-191193697300-964750812979-978081040215-70140a522cd1d53d5dacb8121ac10305",
            "thumb_720": "https:\/\/files.slack.com\/files-tmb\/T5M5PLH8U-FA0DR7SH2-1b39df131e\/20180403_181645_720.jpg?t=xoxe-191193697300-964750812979-978081040215-70140a522cd1d53d5dacb8121ac10305",
            "thumb_720_w": 720,
            "thumb_720_h": 720,
            "thumb_800": "https:\/\/files.slack.com\/files-tmb\/T5M5PLH8U-FA0DR7SH2-1b39df131e\/20180403_181645_800.jpg?t=xoxe-191193697300-964750812979-978081040215-70140a522cd1d53d5dacb8121ac10305",
            "thumb_800_w": 800,
            "thumb_800_h": 800,
            "thumb_960": "https:\/\/files.slack.com\/files-tmb\/T5M5PLH8U-FA0DR7SH2-1b39df131e\/20180403_181645_960.jpg?t=xoxe-191193697300-964750812979-978081040215-70140a522cd1d53d5dacb8121ac10305",
            "thumb_960_w": 960,
            "thumb_960_h": 960,
            "thumb_1024": "https:\/\/files.slack.com\/files-tmb\/T5M5PLH8U-FA0DR7SH2-1b39df131e\/20180403_181645_1024.jpg?t=xoxe-191193697300-964750812979-978081040215-70140a522cd1d53d5dacb8121ac10305",
            "thumb_1024_w": 1024,
            "thumb_1024_h": 1024,
            "image_exif_rotation": 1,
            "original_w": 2160,
            "original_h": 2160,
            "permalink": "https:\/\/usdevkit.slack.com\/files\/U8DP2NWAD\/FA0DR7SH2\/20180403_181645.jpg",
            "permalink_public": "https:\/\/slack-files.com\/T5M5PLH8U-FA0DR7SH2-71903b5c80",
            "is_starred": false,
            "has_rich_preview": false
        },
        "files": [
            {
                "id": "FA0DR7SH2",
                "created": 1522790741,
                "timestamp": 1522790741,
                "name": "20180403_181645.jpg",
                "title": "My setup",
                "mimetype": "image\/jpeg",
                "filetype": "jpg",
                "pretty_type": "JPEG",
                "user": "U8DP2NWAD",
                "editable": false,
                "size": 1965448,
                "mode": "hosted",
                "is_external": false,
                "external_type": "",
                "is_public": true,
                "public_url_shared": true,
                "display_as_bot": false,
                "username": "",
                "url_private": "https:\/\/files.slack.com\/files-pri\/T5M5PLH8U-FA0DR7SH2\/20180403_181645.jpg?t=xoxe-191193697300-964750812979-978081040215-70140a522cd1d53d5dacb8121ac10305",
                "url_private_download": "https:\/\/files.slack.com\/files-pri\/T5M5PLH8U-FA0DR7SH2\/download\/20180403_181645.jpg?t=xoxe-191193697300-964750812979-978081040215-70140a522cd1d53d5dacb8121ac10305",
                "thumb_64": "https:\/\/files.slack.com\/files-tmb\/T5M5PLH8U-FA0DR7SH2-1b39df131e\/20180403_181645_64.jpg?t=xoxe-191193697300-964750812979-978081040215-70140a522cd1d53d5dacb8121ac10305",
                "thumb_80": "https:\/\/files.slack.com\/files-tmb\/T5M5PLH8U-FA0DR7SH2-1b39df131e\/20180403_181645_80.jpg?t=xoxe-191193697300-964750812979-978081040215-70140a522cd1d53d5dacb8121ac10305",
                "thumb_360": "https:\/\/files.slack.com\/files-tmb\/T5M5PLH8U-FA0DR7SH2-1b39df131e\/20180403_181645_360.jpg?t=xoxe-191193697300-964750812979-978081040215-70140a522cd1d53d5dacb8121ac10305",
                "thumb_360_w": 360,
                "thumb_360_h": 360,
                "thumb_480": "https:\/\/files.slack.com\/files-tmb\/T5M5PLH8U-FA0DR7SH2-1b39df131e\/20180403_181645_480.jpg?t=xoxe-191193697300-964750812979-978081040215-70140a522cd1d53d5dacb8121ac10305",
                "thumb_480_w": 480,
                "thumb_480_h": 480,
                "thumb_160": "https:\/\/files.slack.com\/files-tmb\/T5M5PLH8U-FA0DR7SH2-1b39df131e\/20180403_181645_160.jpg?t=xoxe-191193697300-964750812979-978081040215-70140a522cd1d53d5dacb8121ac10305",
                "thumb_720": "https:\/\/files.slack.com\/files-tmb\/T5M5PLH8U-FA0DR7SH2-1b39df131e\/20180403_181645_720.jpg?t=xoxe-191193697300-964750812979-978081040215-70140a522cd1d53d5dacb8121ac10305",
                "thumb_720_w": 720,
                "thumb_720_h": 720,
                "thumb_800": "https:\/\/files.slack.com\/files-tmb\/T5M5PLH8U-FA0DR7SH2-1b39df131e\/20180403_181645_800.jpg?t=xoxe-191193697300-964750812979-978081040215-70140a522cd1d53d5dacb8121ac10305",
                "thumb_800_w": 800,
                "thumb_800_h": 800,
                "thumb_960": "https:\/\/files.slack.com\/files-tmb\/T5M5PLH8U-FA0DR7SH2-1b39df131e\/20180403_181645_960.jpg?t=xoxe-191193697300-964750812979-978081040215-70140a522cd1d53d5dacb8121ac10305",
                "thumb_960_w": 960,
                "thumb_960_h": 960,
                "thumb_1024": "https:\/\/files.slack.com\/files-tmb\/T5M5PLH8U-FA0DR7SH2-1b39df131e\/20180403_181645_1024.jpg?t=xoxe-191193697300-964750812979-978081040215-70140a522cd1d53d5dacb8121ac10305",
                "thumb_1024_w": 1024,
                "thumb_1024_h": 1024,
                "image_exif_rotation": 1,
                "original_w": 2160,
                "original_h": 2160,
                "permalink": "https:\/\/usdevkit.slack.com\/files\/U8DP2NWAD\/FA0DR7SH2\/20180403_181645.jpg",
                "permalink_public": "https:\/\/slack-files.com\/T5M5PLH8U-FA0DR7SH2-71903b5c80",
                "is_starred": false,
                "has_rich_preview": false
            }
        ],
        "comment": {
            "id": "FcA16DQQHK",
            "created": 1522850136,
            "timestamp": 1522850136,
            "user": "U8DP2NWAD",
            "is_intro": false,
            "comment": "So I finally got my setup working"
        },
        "is_intro": false,
        "ts": "1522850136.000720"
    },
    {
        "type": "message",
        "text": "I used a Particle Photon board to make put the signal into the pulser board (tobo.alt)\nI removed the 'negative' part of the pulser board (I made a mistake during soldering and burned a chip, I don't need the negative part anyway), so the pulser is only \"mono-polar\".\nI'm using a 2.25MHz transducer, connected to the SMA pin.\nThe output of this board goes to analog processing board (goblin board, to the VGA_IN pin) which is configured as: \n - input from output pin\n - VGA gain controlled by the potenciometer",
        "user": "U8DP2NWAD",
        "ts": "1522850644.000500",
        "team": "T5M5PLH8U",
        "user_team": "T5M5PLH8U",
        "source_team": "T5M5PLH8U",
        "user_profile": {
            "avatar_hash": "ge8fe12d48f6",
            "image_72": "https:\/\/secure.gravatar.com\/avatar\/be8fe12d48f65fa83f69d7849035f8c3.jpg?s=72&d=https%3A%2F%2Fa.slack-edge.com%2Fdf10d%2Fimg%2Favatars%2Fava_0024-72.png",
            "first_name": "",
            "real_name": "Tomás Glaría",
            "display_name": "tglaria",
            "team": "T5M5PLH8U",
            "name": "tglaria",
            "is_restricted": false,
            "is_ultra_restricted": false
        }
    },
    {
        "type": "message",
        "text": "On the oscilloscope I'm showing in blue\/cyan the \"pulse On\" signal (\"IN\" A in the MD1210 part) on the pulser board, and in yellow I'm showing the ADC envelope on the _analog processing_ board.",
        "user": "U8DP2NWAD",
        "ts": "1522851290.000552",
        "team": "T5M5PLH8U",
        "user_team": "T5M5PLH8U",
        "source_team": "T5M5PLH8U",
        "user_profile": {
            "avatar_hash": "ge8fe12d48f6",
            "image_72": "https:\/\/secure.gravatar.com\/avatar\/be8fe12d48f65fa83f69d7849035f8c3.jpg?s=72&d=https%3A%2F%2Fa.slack-edge.com%2Fdf10d%2Fimg%2Favatars%2Fava_0024-72.png",
            "first_name": "",
            "real_name": "Tomás Glaría",
            "display_name": "tglaria",
            "team": "T5M5PLH8U",
            "name": "tglaria",
            "is_restricted": false,
            "is_ultra_restricted": false
        }
    },
    {
        "type": "message",
        "text": "Now to program the microcontroller to acquire the signal from the ADC envelope.",
        "user": "U8DP2NWAD",
        "ts": "1522851356.000325",
        "team": "T5M5PLH8U",
        "user_team": "T5M5PLH8U",
        "source_team": "T5M5PLH8U",
        "user_profile": {
            "avatar_hash": "ge8fe12d48f6",
            "image_72": "https:\/\/secure.gravatar.com\/avatar\/be8fe12d48f65fa83f69d7849035f8c3.jpg?s=72&d=https%3A%2F%2Fa.slack-edge.com%2Fdf10d%2Fimg%2Favatars%2Fava_0024-72.png",
            "first_name": "",
            "real_name": "Tomás Glaría",
            "display_name": "tglaria",
            "team": "T5M5PLH8U",
            "name": "tglaria",
            "is_restricted": false,
            "is_ultra_restricted": false
        }
    },
    {
        "client_msg_id": "5ff5a36d-de35-4d15-bd14-e263bce15633",
        "type": "message",
        "text": "Awesome work, great to read this!!",
        "user": "U5M5PLH9S",
        "ts": "1522855363.000365",
        "team": "T5M5PLH8U",
        "user_team": "T5M5PLH8U",
        "source_team": "T5M5PLH8U",
        "user_profile": {
            "avatar_hash": "e4fb6ae9f526",
            "image_72": "https:\/\/avatars.slack-edge.com\/2017-06-01\/191144530514_e4fb6ae9f526531fd41c_72.jpg",
            "first_name": "",
            "real_name": "kelu",
            "display_name": "",
            "team": "T5M5PLH8U",
            "name": "kelu",
            "is_restricted": false,
            "is_ultra_restricted": false
        }
    },
    {
        "type": "message",
        "subtype": "file_comment",
        "text": "<@U5M5PLH9S> commented on <@U8DP2NWAD>’s file <https:\/\/usdevkit.slack.com\/files\/U8DP2NWAD\/FA0DR7SH2\/20180403_181645.jpg|My setup>: Superb! I see an echo at around 25us, which means for a speed of sound in steel at 6000m\/s a distance of 0.7m.. looks that it's it !",
        "file": {
            "id": "FA0DR7SH2",
            "created": 1522790741,
            "timestamp": 1522790741,
            "name": "20180403_181645.jpg",
            "title": "My setup",
            "mimetype": "image\/jpeg",
            "filetype": "jpg",
            "pretty_type": "JPEG",
            "user": "U8DP2NWAD",
            "editable": false,
            "size": 1965448,
            "mode": "hosted",
            "is_external": false,
            "external_type": "",
            "is_public": true,
            "public_url_shared": true,
            "display_as_bot": false,
            "username": "",
            "url_private": "https:\/\/files.slack.com\/files-pri\/T5M5PLH8U-FA0DR7SH2\/20180403_181645.jpg?t=xoxe-191193697300-964750812979-978081040215-70140a522cd1d53d5dacb8121ac10305",
            "url_private_download": "https:\/\/files.slack.com\/files-pri\/T5M5PLH8U-FA0DR7SH2\/download\/20180403_181645.jpg?t=xoxe-191193697300-964750812979-978081040215-70140a522cd1d53d5dacb8121ac10305",
            "thumb_64": "https:\/\/files.slack.com\/files-tmb\/T5M5PLH8U-FA0DR7SH2-1b39df131e\/20180403_181645_64.jpg?t=xoxe-191193697300-964750812979-978081040215-70140a522cd1d53d5dacb8121ac10305",
            "thumb_80": "https:\/\/files.slack.com\/files-tmb\/T5M5PLH8U-FA0DR7SH2-1b39df131e\/20180403_181645_80.jpg?t=xoxe-191193697300-964750812979-978081040215-70140a522cd1d53d5dacb8121ac10305",
            "thumb_360": "https:\/\/files.slack.com\/files-tmb\/T5M5PLH8U-FA0DR7SH2-1b39df131e\/20180403_181645_360.jpg?t=xoxe-191193697300-964750812979-978081040215-70140a522cd1d53d5dacb8121ac10305",
            "thumb_360_w": 360,
            "thumb_360_h": 360,
            "thumb_480": "https:\/\/files.slack.com\/files-tmb\/T5M5PLH8U-FA0DR7SH2-1b39df131e\/20180403_181645_480.jpg?t=xoxe-191193697300-964750812979-978081040215-70140a522cd1d53d5dacb8121ac10305",
            "thumb_480_w": 480,
            "thumb_480_h": 480,
            "thumb_160": "https:\/\/files.slack.com\/files-tmb\/T5M5PLH8U-FA0DR7SH2-1b39df131e\/20180403_181645_160.jpg?t=xoxe-191193697300-964750812979-978081040215-70140a522cd1d53d5dacb8121ac10305",
            "thumb_720": "https:\/\/files.slack.com\/files-tmb\/T5M5PLH8U-FA0DR7SH2-1b39df131e\/20180403_181645_720.jpg?t=xoxe-191193697300-964750812979-978081040215-70140a522cd1d53d5dacb8121ac10305",
            "thumb_720_w": 720,
            "thumb_720_h": 720,
            "thumb_800": "https:\/\/files.slack.com\/files-tmb\/T5M5PLH8U-FA0DR7SH2-1b39df131e\/20180403_181645_800.jpg?t=xoxe-191193697300-964750812979-978081040215-70140a522cd1d53d5dacb8121ac10305",
            "thumb_800_w": 800,
            "thumb_800_h": 800,
            "thumb_960": "https:\/\/files.slack.com\/files-tmb\/T5M5PLH8U-FA0DR7SH2-1b39df131e\/20180403_181645_960.jpg?t=xoxe-191193697300-964750812979-978081040215-70140a522cd1d53d5dacb8121ac10305",
            "thumb_960_w": 960,
            "thumb_960_h": 960,
            "thumb_1024": "https:\/\/files.slack.com\/files-tmb\/T5M5PLH8U-FA0DR7SH2-1b39df131e\/20180403_181645_1024.jpg?t=xoxe-191193697300-964750812979-978081040215-70140a522cd1d53d5dacb8121ac10305",
            "thumb_1024_w": 1024,
            "thumb_1024_h": 1024,
            "image_exif_rotation": 1,
            "original_w": 2160,
            "original_h": 2160,
            "permalink": "https:\/\/usdevkit.slack.com\/files\/U8DP2NWAD\/FA0DR7SH2\/20180403_181645.jpg",
            "permalink_public": "https:\/\/slack-files.com\/T5M5PLH8U-FA0DR7SH2-71903b5c80",
            "is_starred": false,
            "has_rich_preview": false
        },
        "files": [
            {
                "id": "FA0DR7SH2",
                "created": 1522790741,
                "timestamp": 1522790741,
                "name": "20180403_181645.jpg",
                "title": "My setup",
                "mimetype": "image\/jpeg",
                "filetype": "jpg",
                "pretty_type": "JPEG",
                "user": "U8DP2NWAD",
                "editable": false,
                "size": 1965448,
                "mode": "hosted",
                "is_external": false,
                "external_type": "",
                "is_public": true,
                "public_url_shared": true,
                "display_as_bot": false,
                "username": "",
                "url_private": "https:\/\/files.slack.com\/files-pri\/T5M5PLH8U-FA0DR7SH2\/20180403_181645.jpg?t=xoxe-191193697300-964750812979-978081040215-70140a522cd1d53d5dacb8121ac10305",
                "url_private_download": "https:\/\/files.slack.com\/files-pri\/T5M5PLH8U-FA0DR7SH2\/download\/20180403_181645.jpg?t=xoxe-191193697300-964750812979-978081040215-70140a522cd1d53d5dacb8121ac10305",
                "thumb_64": "https:\/\/files.slack.com\/files-tmb\/T5M5PLH8U-FA0DR7SH2-1b39df131e\/20180403_181645_64.jpg?t=xoxe-191193697300-964750812979-978081040215-70140a522cd1d53d5dacb8121ac10305",
                "thumb_80": "https:\/\/files.slack.com\/files-tmb\/T5M5PLH8U-FA0DR7SH2-1b39df131e\/20180403_181645_80.jpg?t=xoxe-191193697300-964750812979-978081040215-70140a522cd1d53d5dacb8121ac10305",
                "thumb_360": "https:\/\/files.slack.com\/files-tmb\/T5M5PLH8U-FA0DR7SH2-1b39df131e\/20180403_181645_360.jpg?t=xoxe-191193697300-964750812979-978081040215-70140a522cd1d53d5dacb8121ac10305",
                "thumb_360_w": 360,
                "thumb_360_h": 360,
                "thumb_480": "https:\/\/files.slack.com\/files-tmb\/T5M5PLH8U-FA0DR7SH2-1b39df131e\/20180403_181645_480.jpg?t=xoxe-191193697300-964750812979-978081040215-70140a522cd1d53d5dacb8121ac10305",
                "thumb_480_w": 480,
                "thumb_480_h": 480,
                "thumb_160": "https:\/\/files.slack.com\/files-tmb\/T5M5PLH8U-FA0DR7SH2-1b39df131e\/20180403_181645_160.jpg?t=xoxe-191193697300-964750812979-978081040215-70140a522cd1d53d5dacb8121ac10305",
                "thumb_720": "https:\/\/files.slack.com\/files-tmb\/T5M5PLH8U-FA0DR7SH2-1b39df131e\/20180403_181645_720.jpg?t=xoxe-191193697300-964750812979-978081040215-70140a522cd1d53d5dacb8121ac10305",
                "thumb_720_w": 720,
                "thumb_720_h": 720,
                "thumb_800": "https:\/\/files.slack.com\/files-tmb\/T5M5PLH8U-FA0DR7SH2-1b39df131e\/20180403_181645_800.jpg?t=xoxe-191193697300-964750812979-978081040215-70140a522cd1d53d5dacb8121ac10305",
                "thumb_800_w": 800,
                "thumb_800_h": 800,
                "thumb_960": "https:\/\/files.slack.com\/files-tmb\/T5M5PLH8U-FA0DR7SH2-1b39df131e\/20180403_181645_960.jpg?t=xoxe-191193697300-964750812979-978081040215-70140a522cd1d53d5dacb8121ac10305",
                "thumb_960_w": 960,
                "thumb_960_h": 960,
                "thumb_1024": "https:\/\/files.slack.com\/files-tmb\/T5M5PLH8U-FA0DR7SH2-1b39df131e\/20180403_181645_1024.jpg?t=xoxe-191193697300-964750812979-978081040215-70140a522cd1d53d5dacb8121ac10305",
                "thumb_1024_w": 1024,
                "thumb_1024_h": 1024,
                "image_exif_rotation": 1,
                "original_w": 2160,
                "original_h": 2160,
                "permalink": "https:\/\/usdevkit.slack.com\/files\/U8DP2NWAD\/FA0DR7SH2\/20180403_181645.jpg",
                "permalink_public": "https:\/\/slack-files.com\/T5M5PLH8U-FA0DR7SH2-71903b5c80",
                "is_starred": false,
                "has_rich_preview": false
            }
        ],
        "comment": {
            "id": "FcA2AF6H2B",
            "created": 1522867016,
            "timestamp": 1522867016,
            "user": "U5M5PLH9S",
            "is_intro": false,
            "comment": "Superb! I see an echo at around 25us, which means for a speed of sound in steel at 6000m\/s a distance of 0.7m.. looks that it's it !"
        },
        "is_intro": false,
        "ts": "1522867016.000719"
    },
    {
        "type": "message",
        "text": "Happy to see you there Lukas !",
        "user": "U5M5PLH9S",
        "ts": "1522867042.000279",
        "team": "T5M5PLH8U",
        "user_team": "T5M5PLH8U",
        "source_team": "T5M5PLH8U",
        "user_profile": {
            "avatar_hash": "e4fb6ae9f526",
            "image_72": "https:\/\/avatars.slack-edge.com\/2017-06-01\/191144530514_e4fb6ae9f526531fd41c_72.jpg",
            "first_name": "",
            "real_name": "kelu",
            "display_name": "",
            "team": "T5M5PLH8U",
            "name": "kelu",
            "is_restricted": false,
            "is_ultra_restricted": false
        },
        "thread_ts": "1522684927.000250",
        "parent_user_id": "U9Z6PUD5X"
    },
    {
        "type": "message",
        "text": "0,7m?\nNope. 0.07m (7cm)",
        "user": "U8DP2NWAD",
        "ts": "1522867073.000209",
        "team": "T5M5PLH8U",
        "user_team": "T5M5PLH8U",
        "source_team": "T5M5PLH8U",
        "user_profile": {
            "avatar_hash": "ge8fe12d48f6",
            "image_72": "https:\/\/secure.gravatar.com\/avatar\/be8fe12d48f65fa83f69d7849035f8c3.jpg?s=72&d=https%3A%2F%2Fa.slack-edge.com%2Fdf10d%2Fimg%2Favatars%2Fava_0024-72.png",
            "first_name": "",
            "real_name": "Tomás Glaría",
            "display_name": "tglaria",
            "team": "T5M5PLH8U",
            "name": "tglaria",
            "is_restricted": false,
            "is_ultra_restricted": false
        }
    },
    {
        "type": "message",
        "text": "My bad, that is correct! 25us at 6000m\/s represent 0.15m of distance travelled, so twice the distance (echo is going to interface and coming back), that's 7.5cm indeed :smiley:",
        "user": "U5M5PLH9S",
        "ts": "1522867359.000346",
        "team": "T5M5PLH8U",
        "user_team": "T5M5PLH8U",
        "source_team": "T5M5PLH8U",
        "user_profile": {
            "avatar_hash": "e4fb6ae9f526",
            "image_72": "https:\/\/avatars.slack-edge.com\/2017-06-01\/191144530514_e4fb6ae9f526531fd41c_72.jpg",
            "first_name": "",
            "real_name": "kelu",
            "display_name": "",
            "team": "T5M5PLH8U",
            "name": "kelu",
            "is_restricted": false,
            "is_ultra_restricted": false
        }
    }
]