[
    {
        "client_msg_id": "8344701c-b196-46c0-8996-d0837e3d2dc3",
        "type": "message",
        "text": "<@UE3JX8LUT> the M5Stack be interesting for you, for NDT purposes : <https:\/\/github.com\/kelu124\/echomods\/tree\/master\/matty\/m5stack> :slightly_smiling_face:",
        "user": "U5M5PLH9S",
        "ts": "1544296670.006800",
        "team": "T5M5PLH8U",
        "user_team": "T5M5PLH8U",
        "source_team": "T5M5PLH8U",
        "user_profile": {
            "avatar_hash": "e4fb6ae9f526",
            "image_72": "https:\/\/avatars.slack-edge.com\/2017-06-01\/191144530514_e4fb6ae9f526531fd41c_72.jpg",
            "first_name": "",
            "real_name": "kelu",
            "display_name": "",
            "team": "T5M5PLH8U",
            "name": "kelu",
            "is_restricted": false,
            "is_ultra_restricted": false
        },
        "thread_ts": "1544296670.006800",
        "reply_count": 1,
        "reply_users_count": 1,
        "latest_reply": "1544501050.006900",
        "reply_users": [
            "UE3JX8LUT"
        ],
        "replies": [
            {
                "user": "UE3JX8LUT",
                "ts": "1544501050.006900"
            }
        ],
        "subscribed": true,
        "last_read": "1544514290.000208"
    }
]