[
    {
        "type": "message",
        "subtype": "channel_join",
        "ts": "1534698234.000200",
        "user": "UCC8Q9FNK",
        "text": "<@UCC8Q9FNK> has joined the channel"
    },
    {
        "type": "message",
        "text": "Welome <@UCC8Q9FNK> who is doing ultrasound on Zynq :wink:",
        "files": [
            {
                "id": "FCAGD8VTJ",
                "created": 1534703156,
                "timestamp": 1534703156,
                "name": "tomek.png",
                "title": "tomek.png",
                "mimetype": "image\/png",
                "filetype": "png",
                "pretty_type": "PNG",
                "user": "U5M5PLH9S",
                "editable": false,
                "size": 2021035,
                "mode": "hosted",
                "is_external": false,
                "external_type": "",
                "is_public": true,
                "public_url_shared": false,
                "display_as_bot": false,
                "username": "",
                "url_private": "https:\/\/files.slack.com\/files-pri\/T5M5PLH8U-FCAGD8VTJ\/tomek.png?t=xoxe-191193697300-964750812979-978081040215-70140a522cd1d53d5dacb8121ac10305",
                "url_private_download": "https:\/\/files.slack.com\/files-pri\/T5M5PLH8U-FCAGD8VTJ\/download\/tomek.png?t=xoxe-191193697300-964750812979-978081040215-70140a522cd1d53d5dacb8121ac10305",
                "thumb_64": "https:\/\/files.slack.com\/files-tmb\/T5M5PLH8U-FCAGD8VTJ-3dd2ce4c85\/tomek_64.png?t=xoxe-191193697300-964750812979-978081040215-70140a522cd1d53d5dacb8121ac10305",
                "thumb_80": "https:\/\/files.slack.com\/files-tmb\/T5M5PLH8U-FCAGD8VTJ-3dd2ce4c85\/tomek_80.png?t=xoxe-191193697300-964750812979-978081040215-70140a522cd1d53d5dacb8121ac10305",
                "thumb_360": "https:\/\/files.slack.com\/files-tmb\/T5M5PLH8U-FCAGD8VTJ-3dd2ce4c85\/tomek_360.png?t=xoxe-191193697300-964750812979-978081040215-70140a522cd1d53d5dacb8121ac10305",
                "thumb_360_w": 360,
                "thumb_360_h": 295,
                "thumb_480": "https:\/\/files.slack.com\/files-tmb\/T5M5PLH8U-FCAGD8VTJ-3dd2ce4c85\/tomek_480.png?t=xoxe-191193697300-964750812979-978081040215-70140a522cd1d53d5dacb8121ac10305",
                "thumb_480_w": 480,
                "thumb_480_h": 393,
                "thumb_160": "https:\/\/files.slack.com\/files-tmb\/T5M5PLH8U-FCAGD8VTJ-3dd2ce4c85\/tomek_160.png?t=xoxe-191193697300-964750812979-978081040215-70140a522cd1d53d5dacb8121ac10305",
                "thumb_720": "https:\/\/files.slack.com\/files-tmb\/T5M5PLH8U-FCAGD8VTJ-3dd2ce4c85\/tomek_720.png?t=xoxe-191193697300-964750812979-978081040215-70140a522cd1d53d5dacb8121ac10305",
                "thumb_720_w": 720,
                "thumb_720_h": 590,
                "thumb_800": "https:\/\/files.slack.com\/files-tmb\/T5M5PLH8U-FCAGD8VTJ-3dd2ce4c85\/tomek_800.png?t=xoxe-191193697300-964750812979-978081040215-70140a522cd1d53d5dacb8121ac10305",
                "thumb_800_w": 800,
                "thumb_800_h": 656,
                "thumb_960": "https:\/\/files.slack.com\/files-tmb\/T5M5PLH8U-FCAGD8VTJ-3dd2ce4c85\/tomek_960.png?t=xoxe-191193697300-964750812979-978081040215-70140a522cd1d53d5dacb8121ac10305",
                "thumb_960_w": 960,
                "thumb_960_h": 787,
                "thumb_1024": "https:\/\/files.slack.com\/files-tmb\/T5M5PLH8U-FCAGD8VTJ-3dd2ce4c85\/tomek_1024.png?t=xoxe-191193697300-964750812979-978081040215-70140a522cd1d53d5dacb8121ac10305",
                "thumb_1024_w": 1024,
                "thumb_1024_h": 839,
                "image_exif_rotation": 1,
                "original_w": 1191,
                "original_h": 976,
                "permalink": "https:\/\/usdevkit.slack.com\/files\/U5M5PLH9S\/FCAGD8VTJ\/tomek.png",
                "permalink_public": "https:\/\/slack-files.com\/T5M5PLH8U-FCAGD8VTJ-c23b67c7e0",
                "is_starred": false,
                "has_rich_preview": false
            }
        ],
        "upload": true,
        "user": "U5M5PLH9S",
        "display_as_bot": false,
        "ts": "1534703161.000100",
        "reactions": [
            {
                "name": "raised_hands",
                "users": [
                    "U8Z3VB1T2",
                    "U5M5PLH9S"
                ],
                "count": 2
            }
        ]
    },
    {
        "client_msg_id": "9aacf105-b89a-4ccc-b43e-741185f4cc23",
        "type": "message",
        "text": "Hi :slightly_smiling_face:",
        "user": "UCC8Q9FNK",
        "ts": "1534703310.000100",
        "team": "T5M5PLH8U",
        "user_team": "T5M5PLH8U",
        "source_team": "T5M5PLH8U",
        "user_profile": {
            "avatar_hash": "g8b2169afe82",
            "image_72": "https:\/\/secure.gravatar.com\/avatar\/a8b2169afe82286790524d219b4962b8.jpg?s=72&d=https%3A%2F%2Fa.slack-edge.com%2Fdf10d%2Fimg%2Favatars%2Fava_0008-72.png",
            "first_name": "",
            "real_name": "Tomas",
            "display_name": "Tomas",
            "team": "T5M5PLH8U",
            "name": "tomorl",
            "is_restricted": false,
            "is_ultra_restricted": false
        }
    },
    {
        "type": "message",
        "subtype": "channel_join",
        "ts": "1534733758.000200",
        "user": "UCBATG8KC",
        "text": "<@UCBATG8KC> has joined the channel"
    }
]