[
    {
        "type": "message",
        "subtype": "channel_join",
        "ts": "1515166838.000508",
        "user": "U8PGRBGLW",
        "text": "<@U8PGRBGLW> has joined the channel"
    },
    {
        "type": "message",
        "text": "hello,I'm from China's electronic engineer.I'm very interested in this project, I want to do circuit board testing, could you tell me you have open source design drawings",
        "user": "U8PGRBGLW",
        "ts": "1515169839.000393",
        "team": "T5M5PLH8U",
        "user_team": "T5M5PLH8U",
        "source_team": "T5M5PLH8U",
        "user_profile": {
            "avatar_hash": "g9f76d31862c",
            "image_72": "https:\/\/secure.gravatar.com\/avatar\/09f76d31862c1d98e03436ef896fedc7.jpg?s=72&d=https%3A%2F%2Fa.slack-edge.com%2Fdf10d%2Fimg%2Favatars%2Fava_0020-72.png",
            "first_name": "",
            "real_name": "denny_cheng",
            "display_name": "",
            "team": "T5M5PLH8U",
            "name": "whzycheng",
            "is_restricted": false,
            "is_ultra_restricted": false
        }
    },
    {
        "type": "message",
        "text": "Hi <@U8KNQSN1E> I'm changing of Fab so I'm waiting for samples before ordering more. I should get the new ones in 10 days, new orders once validated would reach you early Feb. Let me know about your needs!",
        "user": "U5M5PLH9S",
        "ts": "1515170051.000488",
        "team": "T5M5PLH8U",
        "user_team": "T5M5PLH8U",
        "source_team": "T5M5PLH8U",
        "user_profile": {
            "avatar_hash": "e4fb6ae9f526",
            "image_72": "https:\/\/avatars.slack-edge.com\/2017-06-01\/191144530514_e4fb6ae9f526531fd41c_72.jpg",
            "first_name": "",
            "real_name": "kelu",
            "display_name": "",
            "team": "T5M5PLH8U",
            "name": "kelu",
            "is_restricted": false,
            "is_ultra_restricted": false
        }
    },
    {
        "type": "message",
        "text": "Hi <@U8PGRBGLW> - sure, the gerbers are on github on   Let me know what you want to do to see if I can help you ! <https:\/\/github.com\/kelu124\/echomods\/>. ",
        "user": "U5M5PLH9S",
        "ts": "1515170159.000541",
        "team": "T5M5PLH8U",
        "user_team": "T5M5PLH8U",
        "source_team": "T5M5PLH8U",
        "user_profile": {
            "avatar_hash": "e4fb6ae9f526",
            "image_72": "https:\/\/avatars.slack-edge.com\/2017-06-01\/191144530514_e4fb6ae9f526531fd41c_72.jpg",
            "first_name": "",
            "real_name": "kelu",
            "display_name": "",
            "team": "T5M5PLH8U",
            "name": "kelu",
            "is_restricted": false,
            "is_ultra_restricted": false
        },
        "edited": {
            "user": "U5M5PLH9S",
            "ts": "1524298311.000000"
        }
    }
]