[
    {
        "client_msg_id": "9305e436-e199-4744-9da2-931864ea6c1d",
        "type": "message",
        "text": "Indeed! For example: <https:\/\/doc.un0rick.cc\/experiments.html>",
        "user": "U5M5PLH9S",
        "ts": "1543665238.000300",
        "team": "T5M5PLH8U",
        "user_team": "T5M5PLH8U",
        "source_team": "T5M5PLH8U",
        "user_profile": {
            "avatar_hash": "e4fb6ae9f526",
            "image_72": "https:\/\/avatars.slack-edge.com\/2017-06-01\/191144530514_e4fb6ae9f526531fd41c_72.jpg",
            "first_name": "",
            "real_name": "kelu",
            "display_name": "",
            "team": "T5M5PLH8U",
            "name": "kelu",
            "is_restricted": false,
            "is_ultra_restricted": false
        },
        "thread_ts": "1543074507.006000",
        "parent_user_id": "U5M5PLH9S"
    },
    {
        "client_msg_id": "bb221035-ae38-4bc7-9ad4-6b886470c301",
        "type": "message",
        "text": "If I am buy fpga board, only board? Or with components like on your web",
        "user": "UE3JX8LUT",
        "ts": "1543667710.000500",
        "team": "T5M5PLH8U",
        "user_team": "T5M5PLH8U",
        "source_team": "T5M5PLH8U",
        "user_profile": {
            "avatar_hash": "a9159a929398",
            "image_72": "https:\/\/avatars.slack-edge.com\/2018-11-15\/479026488288_a9159a929398c4006149_72.jpg",
            "first_name": "Fadhli",
            "real_name": "Fadhli",
            "display_name": "Fadhli",
            "team": "T5M5PLH8U",
            "name": "fadhliazinnuddin",
            "is_restricted": false,
            "is_ultra_restricted": false
        },
        "thread_ts": "1543074507.006000",
        "parent_user_id": "U5M5PLH9S"
    },
    {
        "type": "message",
        "text": "It comes like this.",
        "files": [
            {
                "id": "FEGSXJWTD",
                "created": 1543670197,
                "timestamp": 1543670197,
                "name": "P_20181125_130808_cleaned.jpg",
                "title": "P_20181125_130808_cleaned.jpg",
                "mimetype": "image\/jpeg",
                "filetype": "jpg",
                "pretty_type": "JPEG",
                "user": "U5M5PLH9S",
                "editable": false,
                "size": 1153327,
                "mode": "hosted",
                "is_external": false,
                "external_type": "",
                "is_public": true,
                "public_url_shared": false,
                "display_as_bot": false,
                "username": "",
                "url_private": "https:\/\/files.slack.com\/files-pri\/T5M5PLH8U-FEGSXJWTD\/p_20181125_130808_cleaned.jpg?t=xoxe-191193697300-964750812979-978081040215-70140a522cd1d53d5dacb8121ac10305",
                "url_private_download": "https:\/\/files.slack.com\/files-pri\/T5M5PLH8U-FEGSXJWTD\/download\/p_20181125_130808_cleaned.jpg?t=xoxe-191193697300-964750812979-978081040215-70140a522cd1d53d5dacb8121ac10305",
                "thumb_64": "https:\/\/files.slack.com\/files-tmb\/T5M5PLH8U-FEGSXJWTD-a9a125f1d0\/p_20181125_130808_cleaned_64.jpg?t=xoxe-191193697300-964750812979-978081040215-70140a522cd1d53d5dacb8121ac10305",
                "thumb_80": "https:\/\/files.slack.com\/files-tmb\/T5M5PLH8U-FEGSXJWTD-a9a125f1d0\/p_20181125_130808_cleaned_80.jpg?t=xoxe-191193697300-964750812979-978081040215-70140a522cd1d53d5dacb8121ac10305",
                "thumb_360": "https:\/\/files.slack.com\/files-tmb\/T5M5PLH8U-FEGSXJWTD-a9a125f1d0\/p_20181125_130808_cleaned_360.jpg?t=xoxe-191193697300-964750812979-978081040215-70140a522cd1d53d5dacb8121ac10305",
                "thumb_360_w": 360,
                "thumb_360_h": 201,
                "thumb_480": "https:\/\/files.slack.com\/files-tmb\/T5M5PLH8U-FEGSXJWTD-a9a125f1d0\/p_20181125_130808_cleaned_480.jpg?t=xoxe-191193697300-964750812979-978081040215-70140a522cd1d53d5dacb8121ac10305",
                "thumb_480_w": 480,
                "thumb_480_h": 268,
                "thumb_160": "https:\/\/files.slack.com\/files-tmb\/T5M5PLH8U-FEGSXJWTD-a9a125f1d0\/p_20181125_130808_cleaned_160.jpg?t=xoxe-191193697300-964750812979-978081040215-70140a522cd1d53d5dacb8121ac10305",
                "thumb_720": "https:\/\/files.slack.com\/files-tmb\/T5M5PLH8U-FEGSXJWTD-a9a125f1d0\/p_20181125_130808_cleaned_720.jpg?t=xoxe-191193697300-964750812979-978081040215-70140a522cd1d53d5dacb8121ac10305",
                "thumb_720_w": 720,
                "thumb_720_h": 403,
                "thumb_800": "https:\/\/files.slack.com\/files-tmb\/T5M5PLH8U-FEGSXJWTD-a9a125f1d0\/p_20181125_130808_cleaned_800.jpg?t=xoxe-191193697300-964750812979-978081040215-70140a522cd1d53d5dacb8121ac10305",
                "thumb_800_w": 800,
                "thumb_800_h": 447,
                "thumb_960": "https:\/\/files.slack.com\/files-tmb\/T5M5PLH8U-FEGSXJWTD-a9a125f1d0\/p_20181125_130808_cleaned_960.jpg?t=xoxe-191193697300-964750812979-978081040215-70140a522cd1d53d5dacb8121ac10305",
                "thumb_960_w": 960,
                "thumb_960_h": 537,
                "thumb_1024": "https:\/\/files.slack.com\/files-tmb\/T5M5PLH8U-FEGSXJWTD-a9a125f1d0\/p_20181125_130808_cleaned_1024.jpg?t=xoxe-191193697300-964750812979-978081040215-70140a522cd1d53d5dacb8121ac10305",
                "thumb_1024_w": 1024,
                "thumb_1024_h": 573,
                "image_exif_rotation": 1,
                "original_w": 2194,
                "original_h": 1227,
                "permalink": "https:\/\/usdevkit.slack.com\/files\/U5M5PLH9S\/FEGSXJWTD\/p_20181125_130808_cleaned.jpg",
                "permalink_public": "https:\/\/slack-files.com\/T5M5PLH8U-FEGSXJWTD-0db63e5034",
                "is_starred": false,
                "has_rich_preview": false
            }
        ],
        "upload": true,
        "user": "U5M5PLH9S",
        "display_as_bot": false,
        "ts": "1543670204.000700",
        "client_msg_id": "8ab9aa14-dd1c-43c8-b803-275e7f233431",
        "thread_ts": "1543074507.006000",
        "parent_user_id": "U5M5PLH9S"
    }
]