[
    {
        "client_msg_id": "e364e46d-dd05-4eeb-971d-18393eb0fd2a",
        "type": "message",
        "text": "Hum false alarm, iceprog does the job nicely for those who want to flash new firmwares \/ upload designs (existing or new) onto the board.",
        "user": "U5M5PLH9S",
        "ts": "1535400894.000100",
        "team": "T5M5PLH8U",
        "user_team": "T5M5PLH8U",
        "source_team": "T5M5PLH8U",
        "user_profile": {
            "avatar_hash": "e4fb6ae9f526",
            "image_72": "https:\/\/avatars.slack-edge.com\/2017-06-01\/191144530514_e4fb6ae9f526531fd41c_72.jpg",
            "first_name": "",
            "real_name": "kelu",
            "display_name": "",
            "team": "T5M5PLH8U",
            "name": "kelu",
            "is_restricted": false,
            "is_ultra_restricted": false
        }
    },
    {
        "client_msg_id": "55d6100e-28b5-4780-9f7e-4bded7becf56",
        "type": "message",
        "text": "Excellent! Does that mean that you want to do a several-channels board? What we've been doing so far could work with a multiplexer in a first time :smiley:",
        "user": "U5M5PLH9S",
        "ts": "1535401545.000100",
        "team": "T5M5PLH8U",
        "user_team": "T5M5PLH8U",
        "source_team": "T5M5PLH8U",
        "user_profile": {
            "avatar_hash": "e4fb6ae9f526",
            "image_72": "https:\/\/avatars.slack-edge.com\/2017-06-01\/191144530514_e4fb6ae9f526531fd41c_72.jpg",
            "first_name": "",
            "real_name": "kelu",
            "display_name": "",
            "team": "T5M5PLH8U",
            "name": "kelu",
            "is_restricted": false,
            "is_ultra_restricted": false
        },
        "thread_ts": "1535226378.000100",
        "parent_user_id": "UCEM0M03B"
    }
]