[
    {
        "type": "message",
        "text": "Hey <@U923YT3B4>,  not really, those are headers that you pick and choose, female, male, sockets, why not pogo pins? ;) your call. Same for capas for decoupling, use what you prefer :)",
        "user": "U5M5PLH9S",
        "ts": "1525162796.000095",
        "team": "T5M5PLH8U",
        "user_team": "T5M5PLH8U",
        "source_team": "T5M5PLH8U",
        "user_profile": {
            "avatar_hash": "e4fb6ae9f526",
            "image_72": "https:\/\/avatars.slack-edge.com\/2017-06-01\/191144530514_e4fb6ae9f526531fd41c_72.jpg",
            "first_name": "",
            "real_name": "kelu",
            "display_name": "",
            "team": "T5M5PLH8U",
            "name": "kelu",
            "is_restricted": false,
            "is_ultra_restricted": false
        },
        "attachments": [
            {
                "fallback": "[May 1st, 2018 7:26 AM] khvbui: <@U5M5PLH9S> Do you have a real BOM for the motherboard, Doj v2? Like for the OLED header and the caps? Also, which OLED you got and how you used it?",
                "ts": "1525152371.000082",
                "author_id": "U923YT3B4",
                "author_subname": "Kevin Bui",
                "channel_id": "C5M71F0DT",
                "channel_name": "general",
                "is_msg_unfurl": true,
                "text": "<@U5M5PLH9S> Do you have a real BOM for the motherboard, Doj v2? Like for the OLED header and the caps? Also, which OLED you got and how you used it?",
                "author_name": "Kevin Bui",
                "author_link": "https:\/\/usdevkit.slack.com\/team\/U923YT3B4",
                "author_icon": "https:\/\/avatars.slack-edge.com\/2018-02-01\/308040121987_6710a205a9beb27d3764_48.jpg",
                "mrkdwn_in": [
                    "text"
                ],
                "color": "D0D0D0",
                "from_url": "https:\/\/usdevkit.slack.com\/archives\/C5M71F0DT\/p1525152371000082",
                "is_share": true,
                "footer": "Posted in #general"
            }
        ]
    },
    {
        "client_msg_id": "fe7fde4c-9453-47a8-8705-ad37b4ff7a38",
        "type": "message",
        "text": "I also used a standard 0.96\" 4pin i2c oled screen to have a visual feedback. The i2c lines are connected to the raspberrypi i2c lines.",
        "user": "U5M5PLH9S",
        "ts": "1525163700.000096",
        "team": "T5M5PLH8U",
        "user_team": "T5M5PLH8U",
        "source_team": "T5M5PLH8U",
        "user_profile": {
            "avatar_hash": "e4fb6ae9f526",
            "image_72": "https:\/\/avatars.slack-edge.com\/2017-06-01\/191144530514_e4fb6ae9f526531fd41c_72.jpg",
            "first_name": "",
            "real_name": "kelu",
            "display_name": "",
            "team": "T5M5PLH8U",
            "name": "kelu",
            "is_restricted": false,
            "is_ultra_restricted": false
        },
        "thread_ts": "1525152371.000082",
        "parent_user_id": "U923YT3B4"
    },
    {
        "type": "message",
        "subtype": "channel_join",
        "ts": "1525206354.000116",
        "user": "UAFU57XHN",
        "text": "<@UAFU57XHN> has joined the channel"
    }
]