[
    {
        "client_msg_id": "0aa02764-6264-4179-bc91-a12aa4f55d4b",
        "type": "message",
        "text": "hi <@U5M5PLH9S>, I’m wondering how did you import the Upverter files into Macrofab? specifically to preserve the BOM and pick and place data",
        "user": "U8Z3VB1T2",
        "ts": "1539444491.000100",
        "team": "T5M5PLH8U",
        "user_team": "T5M5PLH8U",
        "source_team": "T5M5PLH8U",
        "user_profile": {
            "avatar_hash": "g49ad52d7df8",
            "image_72": "https:\/\/secure.gravatar.com\/avatar\/449ad52d7df89ecbe8ebe0fd87d3f63f.jpg?s=72&d=https%3A%2F%2Fa.slack-edge.com%2Fdf10d%2Fimg%2Favatars%2Fava_0026-72.png",
            "first_name": "",
            "real_name": "William Meng",
            "display_name": "",
            "team": "T5M5PLH8U",
            "name": "wlmeng11",
            "is_restricted": false,
            "is_ultra_restricted": false
        },
        "thread_ts": "1539444491.000100",
        "reply_count": 6,
        "reply_users_count": 2,
        "latest_reply": "1539454243.000100",
        "reply_users": [
            "U5M5PLH9S",
            "U8Z3VB1T2"
        ],
        "replies": [
            {
                "user": "U5M5PLH9S",
                "ts": "1539452657.000100"
            },
            {
                "user": "U5M5PLH9S",
                "ts": "1539452670.000100"
            },
            {
                "user": "U5M5PLH9S",
                "ts": "1539452716.000100"
            },
            {
                "user": "U5M5PLH9S",
                "ts": "1539452761.000100"
            },
            {
                "user": "U8Z3VB1T2",
                "ts": "1539453616.000100"
            },
            {
                "user": "U5M5PLH9S",
                "ts": "1539454243.000100"
            }
        ],
        "subscribed": true,
        "last_read": "1539454243.000100"
    },
    {
        "client_msg_id": "a1d1fc8a-9f9d-42d2-8118-31910d2ab1ee",
        "type": "message",
        "text": "Hey <@U8Z3VB1T2>",
        "user": "U5M5PLH9S",
        "ts": "1539452657.000100",
        "team": "T5M5PLH8U",
        "user_team": "T5M5PLH8U",
        "source_team": "T5M5PLH8U",
        "user_profile": {
            "avatar_hash": "e4fb6ae9f526",
            "image_72": "https:\/\/avatars.slack-edge.com\/2017-06-01\/191144530514_e4fb6ae9f526531fd41c_72.jpg",
            "first_name": "",
            "real_name": "kelu",
            "display_name": "",
            "team": "T5M5PLH8U",
            "name": "kelu",
            "is_restricted": false,
            "is_ultra_restricted": false
        },
        "thread_ts": "1539444491.000100",
        "parent_user_id": "U8Z3VB1T2"
    },
    {
        "client_msg_id": "6bbacb3d-99f8-4552-b298-427d722c24fd",
        "type": "message",
        "text": "gerbers, drills are straight from the upverter export tool",
        "user": "U5M5PLH9S",
        "ts": "1539452670.000100",
        "team": "T5M5PLH8U",
        "user_team": "T5M5PLH8U",
        "source_team": "T5M5PLH8U",
        "user_profile": {
            "avatar_hash": "e4fb6ae9f526",
            "image_72": "https:\/\/avatars.slack-edge.com\/2017-06-01\/191144530514_e4fb6ae9f526531fd41c_72.jpg",
            "first_name": "",
            "real_name": "kelu",
            "display_name": "",
            "team": "T5M5PLH8U",
            "name": "kelu",
            "is_restricted": false,
            "is_ultra_restricted": false
        },
        "thread_ts": "1539444491.000100",
        "parent_user_id": "U8Z3VB1T2"
    },
    {
        "client_msg_id": "55b4e239-69b2-4655-af88-5e134a2afd19",
        "type": "message",
        "text": "I'm doing a bit of reshuffling the xyrs, merging elements from the bom into the xyrs to match macrofab's",
        "user": "U5M5PLH9S",
        "ts": "1539452716.000100",
        "team": "T5M5PLH8U",
        "user_team": "T5M5PLH8U",
        "source_team": "T5M5PLH8U",
        "user_profile": {
            "avatar_hash": "e4fb6ae9f526",
            "image_72": "https:\/\/avatars.slack-edge.com\/2017-06-01\/191144530514_e4fb6ae9f526531fd41c_72.jpg",
            "first_name": "",
            "real_name": "kelu",
            "display_name": "",
            "team": "T5M5PLH8U",
            "name": "kelu",
            "is_restricted": false,
            "is_ultra_restricted": false
        },
        "thread_ts": "1539444491.000100",
        "parent_user_id": "U8Z3VB1T2"
    },
    {
        "client_msg_id": "bf4ac899-64fd-4f0d-a1e5-889a7de1f7a8",
        "type": "message",
        "text": "see my example of #un0rick at <https:\/\/github.com\/kelu124\/un0rick\/blob\/master\/hardware\/v1.1\/xyrs_v1.1.csv>",
        "user": "U5M5PLH9S",
        "ts": "1539452761.000100",
        "team": "T5M5PLH8U",
        "user_team": "T5M5PLH8U",
        "source_team": "T5M5PLH8U",
        "user_profile": {
            "avatar_hash": "e4fb6ae9f526",
            "image_72": "https:\/\/avatars.slack-edge.com\/2017-06-01\/191144530514_e4fb6ae9f526531fd41c_72.jpg",
            "first_name": "",
            "real_name": "kelu",
            "display_name": "",
            "team": "T5M5PLH8U",
            "name": "kelu",
            "is_restricted": false,
            "is_ultra_restricted": false
        },
        "thread_ts": "1539444491.000100",
        "parent_user_id": "U8Z3VB1T2"
    },
    {
        "type": "message",
        "text": "Thanks!! Hmm I might try to automate the process with a python script ",
        "user": "U8Z3VB1T2",
        "ts": "1539453616.000100",
        "team": "T5M5PLH8U",
        "user_team": "T5M5PLH8U",
        "source_team": "T5M5PLH8U",
        "user_profile": {
            "avatar_hash": "g49ad52d7df8",
            "image_72": "https:\/\/secure.gravatar.com\/avatar\/449ad52d7df89ecbe8ebe0fd87d3f63f.jpg?s=72&d=https%3A%2F%2Fa.slack-edge.com%2Fdf10d%2Fimg%2Favatars%2Fava_0026-72.png",
            "first_name": "",
            "real_name": "William Meng",
            "display_name": "",
            "team": "T5M5PLH8U",
            "name": "wlmeng11",
            "is_restricted": false,
            "is_ultra_restricted": false
        },
        "thread_ts": "1539444491.000100",
        "parent_user_id": "U8Z3VB1T2"
    },
    {
        "client_msg_id": "c05822b9-49ac-4f08-b1ae-13599c49c4a7",
        "type": "message",
        "text": "Good idée!",
        "user": "U5M5PLH9S",
        "ts": "1539454243.000100",
        "team": "T5M5PLH8U",
        "user_team": "T5M5PLH8U",
        "source_team": "T5M5PLH8U",
        "user_profile": {
            "avatar_hash": "e4fb6ae9f526",
            "image_72": "https:\/\/avatars.slack-edge.com\/2017-06-01\/191144530514_e4fb6ae9f526531fd41c_72.jpg",
            "first_name": "",
            "real_name": "kelu",
            "display_name": "",
            "team": "T5M5PLH8U",
            "name": "kelu",
            "is_restricted": false,
            "is_ultra_restricted": false
        },
        "thread_ts": "1539444491.000100",
        "parent_user_id": "U8Z3VB1T2"
    }
]