[
    {
        "type": "message",
        "text": "A better overview of the ive40 board specs :)",
        "files": [
            {
                "id": "FAUMEMGF2",
                "created": 1527151408,
                "timestamp": 1527151408,
                "name": "un0desc.png",
                "title": "un0desc.png",
                "mimetype": "image\/png",
                "filetype": "png",
                "pretty_type": "PNG",
                "user": "U5M5PLH9S",
                "editable": false,
                "size": 206132,
                "mode": "hosted",
                "is_external": false,
                "external_type": "",
                "is_public": true,
                "public_url_shared": true,
                "display_as_bot": false,
                "username": "",
                "url_private": "https:\/\/files.slack.com\/files-pri\/T5M5PLH8U-FAUMEMGF2\/un0desc.png?t=xoxe-191193697300-964750812979-978081040215-70140a522cd1d53d5dacb8121ac10305",
                "url_private_download": "https:\/\/files.slack.com\/files-pri\/T5M5PLH8U-FAUMEMGF2\/download\/un0desc.png?t=xoxe-191193697300-964750812979-978081040215-70140a522cd1d53d5dacb8121ac10305",
                "thumb_64": "https:\/\/files.slack.com\/files-tmb\/T5M5PLH8U-FAUMEMGF2-55ec468f95\/un0desc_64.png?t=xoxe-191193697300-964750812979-978081040215-70140a522cd1d53d5dacb8121ac10305",
                "thumb_80": "https:\/\/files.slack.com\/files-tmb\/T5M5PLH8U-FAUMEMGF2-55ec468f95\/un0desc_80.png?t=xoxe-191193697300-964750812979-978081040215-70140a522cd1d53d5dacb8121ac10305",
                "thumb_360": "https:\/\/files.slack.com\/files-tmb\/T5M5PLH8U-FAUMEMGF2-55ec468f95\/un0desc_360.png?t=xoxe-191193697300-964750812979-978081040215-70140a522cd1d53d5dacb8121ac10305",
                "thumb_360_w": 360,
                "thumb_360_h": 176,
                "thumb_480": "https:\/\/files.slack.com\/files-tmb\/T5M5PLH8U-FAUMEMGF2-55ec468f95\/un0desc_480.png?t=xoxe-191193697300-964750812979-978081040215-70140a522cd1d53d5dacb8121ac10305",
                "thumb_480_w": 480,
                "thumb_480_h": 234,
                "thumb_160": "https:\/\/files.slack.com\/files-tmb\/T5M5PLH8U-FAUMEMGF2-55ec468f95\/un0desc_160.png?t=xoxe-191193697300-964750812979-978081040215-70140a522cd1d53d5dacb8121ac10305",
                "thumb_720": "https:\/\/files.slack.com\/files-tmb\/T5M5PLH8U-FAUMEMGF2-55ec468f95\/un0desc_720.png?t=xoxe-191193697300-964750812979-978081040215-70140a522cd1d53d5dacb8121ac10305",
                "thumb_720_w": 720,
                "thumb_720_h": 351,
                "thumb_800": "https:\/\/files.slack.com\/files-tmb\/T5M5PLH8U-FAUMEMGF2-55ec468f95\/un0desc_800.png?t=xoxe-191193697300-964750812979-978081040215-70140a522cd1d53d5dacb8121ac10305",
                "thumb_800_w": 800,
                "thumb_800_h": 391,
                "thumb_960": "https:\/\/files.slack.com\/files-tmb\/T5M5PLH8U-FAUMEMGF2-55ec468f95\/un0desc_960.png?t=xoxe-191193697300-964750812979-978081040215-70140a522cd1d53d5dacb8121ac10305",
                "thumb_960_w": 960,
                "thumb_960_h": 469,
                "image_exif_rotation": 1,
                "original_w": 1012,
                "original_h": 494,
                "permalink": "https:\/\/usdevkit.slack.com\/files\/U5M5PLH9S\/FAUMEMGF2\/un0desc.png",
                "permalink_public": "https:\/\/slack-files.com\/T5M5PLH8U-FAUMEMGF2-63aede62e1",
                "is_starred": false,
                "has_rich_preview": false
            }
        ],
        "upload": true,
        "user": "U5M5PLH9S",
        "display_as_bot": false,
        "ts": "1527151411.000245"
    },
    {
        "type": "message",
        "subtype": "file_comment",
        "text": "<@U8DP2NWAD> commented on <@U5M5PLH9S>’s file <https:\/\/usdevkit.slack.com\/files\/U5M5PLH9S\/FAUMEMGF2\/un0desc.png|un0desc.png>: This looks good!\nIs it my idea or the board is single side only?\nIf so, why?",
        "file": {
            "id": "FAUMEMGF2",
            "created": 1527151408,
            "timestamp": 1527151408,
            "name": "un0desc.png",
            "title": "un0desc.png",
            "mimetype": "image\/png",
            "filetype": "png",
            "pretty_type": "PNG",
            "user": "U5M5PLH9S",
            "editable": false,
            "size": 206132,
            "mode": "hosted",
            "is_external": false,
            "external_type": "",
            "is_public": true,
            "public_url_shared": true,
            "display_as_bot": false,
            "username": "",
            "url_private": "https:\/\/files.slack.com\/files-pri\/T5M5PLH8U-FAUMEMGF2\/un0desc.png?t=xoxe-191193697300-964750812979-978081040215-70140a522cd1d53d5dacb8121ac10305",
            "url_private_download": "https:\/\/files.slack.com\/files-pri\/T5M5PLH8U-FAUMEMGF2\/download\/un0desc.png?t=xoxe-191193697300-964750812979-978081040215-70140a522cd1d53d5dacb8121ac10305",
            "thumb_64": "https:\/\/files.slack.com\/files-tmb\/T5M5PLH8U-FAUMEMGF2-55ec468f95\/un0desc_64.png?t=xoxe-191193697300-964750812979-978081040215-70140a522cd1d53d5dacb8121ac10305",
            "thumb_80": "https:\/\/files.slack.com\/files-tmb\/T5M5PLH8U-FAUMEMGF2-55ec468f95\/un0desc_80.png?t=xoxe-191193697300-964750812979-978081040215-70140a522cd1d53d5dacb8121ac10305",
            "thumb_360": "https:\/\/files.slack.com\/files-tmb\/T5M5PLH8U-FAUMEMGF2-55ec468f95\/un0desc_360.png?t=xoxe-191193697300-964750812979-978081040215-70140a522cd1d53d5dacb8121ac10305",
            "thumb_360_w": 360,
            "thumb_360_h": 176,
            "thumb_480": "https:\/\/files.slack.com\/files-tmb\/T5M5PLH8U-FAUMEMGF2-55ec468f95\/un0desc_480.png?t=xoxe-191193697300-964750812979-978081040215-70140a522cd1d53d5dacb8121ac10305",
            "thumb_480_w": 480,
            "thumb_480_h": 234,
            "thumb_160": "https:\/\/files.slack.com\/files-tmb\/T5M5PLH8U-FAUMEMGF2-55ec468f95\/un0desc_160.png?t=xoxe-191193697300-964750812979-978081040215-70140a522cd1d53d5dacb8121ac10305",
            "thumb_720": "https:\/\/files.slack.com\/files-tmb\/T5M5PLH8U-FAUMEMGF2-55ec468f95\/un0desc_720.png?t=xoxe-191193697300-964750812979-978081040215-70140a522cd1d53d5dacb8121ac10305",
            "thumb_720_w": 720,
            "thumb_720_h": 351,
            "thumb_800": "https:\/\/files.slack.com\/files-tmb\/T5M5PLH8U-FAUMEMGF2-55ec468f95\/un0desc_800.png?t=xoxe-191193697300-964750812979-978081040215-70140a522cd1d53d5dacb8121ac10305",
            "thumb_800_w": 800,
            "thumb_800_h": 391,
            "thumb_960": "https:\/\/files.slack.com\/files-tmb\/T5M5PLH8U-FAUMEMGF2-55ec468f95\/un0desc_960.png?t=xoxe-191193697300-964750812979-978081040215-70140a522cd1d53d5dacb8121ac10305",
            "thumb_960_w": 960,
            "thumb_960_h": 469,
            "image_exif_rotation": 1,
            "original_w": 1012,
            "original_h": 494,
            "permalink": "https:\/\/usdevkit.slack.com\/files\/U5M5PLH9S\/FAUMEMGF2\/un0desc.png",
            "permalink_public": "https:\/\/slack-files.com\/T5M5PLH8U-FAUMEMGF2-63aede62e1",
            "is_starred": false,
            "has_rich_preview": false
        },
        "files": [
            {
                "id": "FAUMEMGF2",
                "created": 1527151408,
                "timestamp": 1527151408,
                "name": "un0desc.png",
                "title": "un0desc.png",
                "mimetype": "image\/png",
                "filetype": "png",
                "pretty_type": "PNG",
                "user": "U5M5PLH9S",
                "editable": false,
                "size": 206132,
                "mode": "hosted",
                "is_external": false,
                "external_type": "",
                "is_public": true,
                "public_url_shared": true,
                "display_as_bot": false,
                "username": "",
                "url_private": "https:\/\/files.slack.com\/files-pri\/T5M5PLH8U-FAUMEMGF2\/un0desc.png?t=xoxe-191193697300-964750812979-978081040215-70140a522cd1d53d5dacb8121ac10305",
                "url_private_download": "https:\/\/files.slack.com\/files-pri\/T5M5PLH8U-FAUMEMGF2\/download\/un0desc.png?t=xoxe-191193697300-964750812979-978081040215-70140a522cd1d53d5dacb8121ac10305",
                "thumb_64": "https:\/\/files.slack.com\/files-tmb\/T5M5PLH8U-FAUMEMGF2-55ec468f95\/un0desc_64.png?t=xoxe-191193697300-964750812979-978081040215-70140a522cd1d53d5dacb8121ac10305",
                "thumb_80": "https:\/\/files.slack.com\/files-tmb\/T5M5PLH8U-FAUMEMGF2-55ec468f95\/un0desc_80.png?t=xoxe-191193697300-964750812979-978081040215-70140a522cd1d53d5dacb8121ac10305",
                "thumb_360": "https:\/\/files.slack.com\/files-tmb\/T5M5PLH8U-FAUMEMGF2-55ec468f95\/un0desc_360.png?t=xoxe-191193697300-964750812979-978081040215-70140a522cd1d53d5dacb8121ac10305",
                "thumb_360_w": 360,
                "thumb_360_h": 176,
                "thumb_480": "https:\/\/files.slack.com\/files-tmb\/T5M5PLH8U-FAUMEMGF2-55ec468f95\/un0desc_480.png?t=xoxe-191193697300-964750812979-978081040215-70140a522cd1d53d5dacb8121ac10305",
                "thumb_480_w": 480,
                "thumb_480_h": 234,
                "thumb_160": "https:\/\/files.slack.com\/files-tmb\/T5M5PLH8U-FAUMEMGF2-55ec468f95\/un0desc_160.png?t=xoxe-191193697300-964750812979-978081040215-70140a522cd1d53d5dacb8121ac10305",
                "thumb_720": "https:\/\/files.slack.com\/files-tmb\/T5M5PLH8U-FAUMEMGF2-55ec468f95\/un0desc_720.png?t=xoxe-191193697300-964750812979-978081040215-70140a522cd1d53d5dacb8121ac10305",
                "thumb_720_w": 720,
                "thumb_720_h": 351,
                "thumb_800": "https:\/\/files.slack.com\/files-tmb\/T5M5PLH8U-FAUMEMGF2-55ec468f95\/un0desc_800.png?t=xoxe-191193697300-964750812979-978081040215-70140a522cd1d53d5dacb8121ac10305",
                "thumb_800_w": 800,
                "thumb_800_h": 391,
                "thumb_960": "https:\/\/files.slack.com\/files-tmb\/T5M5PLH8U-FAUMEMGF2-55ec468f95\/un0desc_960.png?t=xoxe-191193697300-964750812979-978081040215-70140a522cd1d53d5dacb8121ac10305",
                "thumb_960_w": 960,
                "thumb_960_h": 469,
                "image_exif_rotation": 1,
                "original_w": 1012,
                "original_h": 494,
                "permalink": "https:\/\/usdevkit.slack.com\/files\/U5M5PLH9S\/FAUMEMGF2\/un0desc.png",
                "permalink_public": "https:\/\/slack-files.com\/T5M5PLH8U-FAUMEMGF2-63aede62e1",
                "is_starred": false,
                "has_rich_preview": false
            }
        ],
        "comment": {
            "id": "FcAVGRLCKV",
            "created": 1527174334,
            "timestamp": 1527174334,
            "user": "U8DP2NWAD",
            "is_intro": false,
            "comment": "This looks good!\nIs it my idea or the board is single side only?\nIf so, why?"
        },
        "is_intro": false,
        "ts": "1527174334.000145"
    },
    {
        "client_msg_id": "9716c1c1-6f24-41c2-bb41-e4ee1e302534",
        "type": "message",
        "text": "4 layers board :)",
        "user": "U5M5PLH9S",
        "ts": "1527176161.000239",
        "team": "T5M5PLH8U",
        "user_team": "T5M5PLH8U",
        "source_team": "T5M5PLH8U",
        "user_profile": {
            "avatar_hash": "e4fb6ae9f526",
            "image_72": "https:\/\/avatars.slack-edge.com\/2017-06-01\/191144530514_e4fb6ae9f526531fd41c_72.jpg",
            "first_name": "",
            "real_name": "kelu",
            "display_name": "",
            "team": "T5M5PLH8U",
            "name": "kelu",
            "is_restricted": false,
            "is_ultra_restricted": false
        }
    },
    {
        "client_msg_id": "6d6758a0-3d3e-446d-beeb-0648055f8c3f",
        "type": "message",
        "text": "But yes single side, I love to have all elements on one side. And good planes.",
        "user": "U5M5PLH9S",
        "ts": "1527182219.000772",
        "team": "T5M5PLH8U",
        "user_team": "T5M5PLH8U",
        "source_team": "T5M5PLH8U",
        "user_profile": {
            "avatar_hash": "e4fb6ae9f526",
            "image_72": "https:\/\/avatars.slack-edge.com\/2017-06-01\/191144530514_e4fb6ae9f526531fd41c_72.jpg",
            "first_name": "",
            "real_name": "kelu",
            "display_name": "",
            "team": "T5M5PLH8U",
            "name": "kelu",
            "is_restricted": false,
            "is_ultra_restricted": false
        },
        "reactions": [
            {
                "name": "+1",
                "users": [
                    "U8DP2NWAD"
                ],
                "count": 1
            }
        ]
    },
    {
        "type": "message",
        "text": "<@U5M5PLH9S> With the raspberry pi 0\/w, does all of the software to run the pulser and data acquisition just run when the rpi is powered? How does that work? What's the way to look at and edit the code within the rpi?",
        "user": "U923YT3B4",
        "ts": "1527230860.000291",
        "team": "T5M5PLH8U",
        "user_team": "T5M5PLH8U",
        "source_team": "T5M5PLH8U",
        "user_profile": {
            "avatar_hash": "6710a205a9be",
            "image_72": "https:\/\/avatars.slack-edge.com\/2018-02-01\/308040121987_6710a205a9beb27d3764_72.jpg",
            "first_name": "Kevin",
            "real_name": "Kevin Bui",
            "display_name": "",
            "team": "T5M5PLH8U",
            "name": "khvbui",
            "is_restricted": false,
            "is_ultra_restricted": false
        },
        "thread_ts": "1527230860.000291",
        "reply_count": 11,
        "reply_users_count": 2,
        "latest_reply": "1527236734.000504",
        "reply_users": [
            "U5M5PLH9S",
            "U923YT3B4"
        ],
        "replies": [
            {
                "user": "U5M5PLH9S",
                "ts": "1527231239.000294"
            },
            {
                "user": "U5M5PLH9S",
                "ts": "1527231417.000136"
            },
            {
                "user": "U5M5PLH9S",
                "ts": "1527231444.000332"
            },
            {
                "user": "U923YT3B4",
                "ts": "1527231762.000274"
            },
            {
                "user": "U923YT3B4",
                "ts": "1527232184.000394"
            },
            {
                "user": "U923YT3B4",
                "ts": "1527232921.000047"
            },
            {
                "user": "U923YT3B4",
                "ts": "1527233007.000045"
            },
            {
                "user": "U923YT3B4",
                "ts": "1527233108.000399"
            },
            {
                "user": "U923YT3B4",
                "ts": "1527233119.000333"
            },
            {
                "user": "U5M5PLH9S",
                "ts": "1527236662.000128"
            },
            {
                "user": "U5M5PLH9S",
                "ts": "1527236734.000504"
            }
        ],
        "subscribed": true,
        "last_read": "1527236734.000504"
    },
    {
        "client_msg_id": "1d94848b-f3bb-4510-9b09-3988694dff49",
        "type": "message",
        "text": "Hi <@U923YT3B4>! The default setting on the image is that the module is not loaded. To load it and do captures you'll need to run commands as in <https:\/\/github.com\/kelu124\/echomods\/blob\/master\/elmo\/QuickStart.md>",
        "user": "U5M5PLH9S",
        "ts": "1527231239.000294",
        "team": "T5M5PLH8U",
        "user_team": "T5M5PLH8U",
        "source_team": "T5M5PLH8U",
        "user_profile": {
            "avatar_hash": "e4fb6ae9f526",
            "image_72": "https:\/\/avatars.slack-edge.com\/2017-06-01\/191144530514_e4fb6ae9f526531fd41c_72.jpg",
            "first_name": "",
            "real_name": "kelu",
            "display_name": "",
            "team": "T5M5PLH8U",
            "name": "kelu",
            "is_restricted": false,
            "is_ultra_restricted": false
        },
        "thread_ts": "1527230860.000291",
        "parent_user_id": "U923YT3B4"
    },
    {
        "client_msg_id": "0418f7f8-91af-4a19-bc82-712484b81365",
        "type": "message",
        "text": "All of this is software so you modify this behavior in Linux space for default behavior at start, or the code itself with the driver code",
        "user": "U5M5PLH9S",
        "ts": "1527231417.000136",
        "team": "T5M5PLH8U",
        "user_team": "T5M5PLH8U",
        "source_team": "T5M5PLH8U",
        "user_profile": {
            "avatar_hash": "e4fb6ae9f526",
            "image_72": "https:\/\/avatars.slack-edge.com\/2017-06-01\/191144530514_e4fb6ae9f526531fd41c_72.jpg",
            "first_name": "",
            "real_name": "kelu",
            "display_name": "",
            "team": "T5M5PLH8U",
            "name": "kelu",
            "is_restricted": false,
            "is_ultra_restricted": false
        },
        "thread_ts": "1527230860.000291",
        "parent_user_id": "U923YT3B4"
    },
    {
        "client_msg_id": "1c6e370a-beaf-4e90-a308-43c6b0504a59",
        "type": "message",
        "text": "Driver code itself is quite well documented",
        "user": "U5M5PLH9S",
        "ts": "1527231444.000332",
        "team": "T5M5PLH8U",
        "user_team": "T5M5PLH8U",
        "source_team": "T5M5PLH8U",
        "user_profile": {
            "avatar_hash": "e4fb6ae9f526",
            "image_72": "https:\/\/avatars.slack-edge.com\/2017-06-01\/191144530514_e4fb6ae9f526531fd41c_72.jpg",
            "first_name": "",
            "real_name": "kelu",
            "display_name": "",
            "team": "T5M5PLH8U",
            "name": "kelu",
            "is_restricted": false,
            "is_ultra_restricted": false
        },
        "thread_ts": "1527230860.000291",
        "parent_user_id": "U923YT3B4"
    }
]