[
    {
        "client_msg_id": "8b5d72a3-530d-44ef-b556-9b2e01431f20",
        "type": "message",
        "text": "I want buy all device to making ultrasonic testing from you",
        "user": "UE3JX8LUT",
        "ts": "1542639835.003800",
        "team": "T5M5PLH8U",
        "user_team": "T5M5PLH8U",
        "source_team": "T5M5PLH8U",
        "user_profile": {
            "avatar_hash": "a9159a929398",
            "image_72": "https:\/\/avatars.slack-edge.com\/2018-11-15\/479026488288_a9159a929398c4006149_72.jpg",
            "first_name": "Fadhli",
            "real_name": "Fadhli",
            "display_name": "Fadhli",
            "team": "T5M5PLH8U",
            "name": "fadhliazinnuddin",
            "is_restricted": false,
            "is_ultra_restricted": false
        },
        "thread_ts": "1542218857.003300",
        "parent_user_id": "UE3JX8LUT"
    },
    {
        "client_msg_id": "d2312a6d-c874-4ce5-b54c-b40f9d0ca9ba",
        "type": "message",
        "text": "I want using ultrasonic testing to detection lamination of part bonding metal metal",
        "user": "UE3JX8LUT",
        "ts": "1542639879.004000",
        "team": "T5M5PLH8U",
        "user_team": "T5M5PLH8U",
        "source_team": "T5M5PLH8U",
        "user_profile": {
            "avatar_hash": "a9159a929398",
            "image_72": "https:\/\/avatars.slack-edge.com\/2018-11-15\/479026488288_a9159a929398c4006149_72.jpg",
            "first_name": "Fadhli",
            "real_name": "Fadhli",
            "display_name": "Fadhli",
            "team": "T5M5PLH8U",
            "name": "fadhliazinnuddin",
            "is_restricted": false,
            "is_ultra_restricted": false
        },
        "thread_ts": "1542218857.003300",
        "parent_user_id": "UE3JX8LUT"
    }
]