[
    {
        "client_msg_id": "4ff96c6e-a992-43be-a48b-275b7e202343",
        "type": "message",
        "text": "Salut <@UBDQLMATZ>! Objective le to provide an open source toolkit (hardware, but also software) for users to develop their own use case. Today, doors are open for single element imaging (a mode, b mode, compresses sensing, ..) for ndt, medical, .. you name it. \nThe question becomes : what will you do with it, and how can we help? ;)",
        "user": "U5M5PLH9S",
        "ts": "1530086981.000554",
        "team": "T5M5PLH8U",
        "user_team": "T5M5PLH8U",
        "source_team": "T5M5PLH8U",
        "user_profile": {
            "avatar_hash": "e4fb6ae9f526",
            "image_72": "https:\/\/avatars.slack-edge.com\/2017-06-01\/191144530514_e4fb6ae9f526531fd41c_72.jpg",
            "first_name": "",
            "real_name": "kelu",
            "display_name": "",
            "team": "T5M5PLH8U",
            "name": "kelu",
            "is_restricted": false,
            "is_ultra_restricted": false
        },
        "reactions": [
            {
                "name": "+1",
                "users": [
                    "UBDQLMATZ"
                ],
                "count": 1
            }
        ]
    },
    {
        "type": "message",
        "subtype": "channel_join",
        "ts": "1530142183.000203",
        "user": "UBG6R1Z3Q",
        "text": "<@UBG6R1Z3Q> has joined the channel"
    },
    {
        "client_msg_id": "6fe81bc4-a3da-47cf-a199-c3dd8ef870c0",
        "type": "message",
        "text": "Hi Guys! Starting off my ultrasoind project. Pretty impressive stuff going on here",
        "user": "UBG6R1Z3Q",
        "ts": "1530143182.000163",
        "team": "T5M5PLH8U",
        "user_team": "T5M5PLH8U",
        "source_team": "T5M5PLH8U",
        "user_profile": {
            "avatar_hash": "gbae0ddab6fe",
            "image_72": "https:\/\/secure.gravatar.com\/avatar\/cbae0ddab6fe4cbed86400180141726b.jpg?s=72&d=https%3A%2F%2Fa.slack-edge.com%2Fdf10d%2Fimg%2Favatars%2Fava_0004-72.png",
            "first_name": "",
            "real_name": "Osa",
            "display_name": "Osa_S",
            "team": "T5M5PLH8U",
            "name": "koye.sodipo",
            "is_restricted": false,
            "is_ultra_restricted": false
        },
        "reactions": [
            {
                "name": "+1",
                "users": [
                    "U5M5PLH9S"
                ],
                "count": 1
            }
        ]
    },
    {
        "client_msg_id": "5e593ea4-058b-4445-b43e-365f4f8e0927",
        "type": "message",
        "text": "I'm more of a software guy, so I'd love to contribute to the Software\/ML here and also get to work with ready-to-go OSH if possible",
        "user": "UBG6R1Z3Q",
        "ts": "1530143244.000169",
        "team": "T5M5PLH8U",
        "user_team": "T5M5PLH8U",
        "source_team": "T5M5PLH8U",
        "user_profile": {
            "avatar_hash": "gbae0ddab6fe",
            "image_72": "https:\/\/secure.gravatar.com\/avatar\/cbae0ddab6fe4cbed86400180141726b.jpg?s=72&d=https%3A%2F%2Fa.slack-edge.com%2Fdf10d%2Fimg%2Favatars%2Fava_0004-72.png",
            "first_name": "",
            "real_name": "Osa",
            "display_name": "Osa_S",
            "team": "T5M5PLH8U",
            "name": "koye.sodipo",
            "is_restricted": false,
            "is_ultra_restricted": false
        }
    },
    {
        "client_msg_id": "c9718485-4fdf-489b-8a01-ab6404df9a3c",
        "type": "message",
        "text": "But I also found this ultrasound transceiver - <https:\/\/www.mouser.co.uk\/ProductDetail\/Maxim-Integrated\/MAX2082CXD%2b?qs=%2fsr0sUXBX%2fqdn9Y743maZA%3d%3d>",
        "user": "UBG6R1Z3Q",
        "ts": "1530143279.000203",
        "team": "T5M5PLH8U",
        "user_team": "T5M5PLH8U",
        "source_team": "T5M5PLH8U",
        "user_profile": {
            "avatar_hash": "gbae0ddab6fe",
            "image_72": "https:\/\/secure.gravatar.com\/avatar\/cbae0ddab6fe4cbed86400180141726b.jpg?s=72&d=https%3A%2F%2Fa.slack-edge.com%2Fdf10d%2Fimg%2Favatars%2Fava_0004-72.png",
            "first_name": "",
            "real_name": "Osa",
            "display_name": "Osa_S",
            "team": "T5M5PLH8U",
            "name": "koye.sodipo",
            "is_restricted": false,
            "is_ultra_restricted": false
        }
    },
    {
        "client_msg_id": "eeaf1869-f951-4be8-8887-c5074e53fef9",
        "type": "message",
        "text": "How does that compare with what you're building?",
        "user": "UBG6R1Z3Q",
        "ts": "1530143293.000074",
        "team": "T5M5PLH8U",
        "user_team": "T5M5PLH8U",
        "source_team": "T5M5PLH8U",
        "user_profile": {
            "avatar_hash": "gbae0ddab6fe",
            "image_72": "https:\/\/secure.gravatar.com\/avatar\/cbae0ddab6fe4cbed86400180141726b.jpg?s=72&d=https%3A%2F%2Fa.slack-edge.com%2Fdf10d%2Fimg%2Favatars%2Fava_0004-72.png",
            "first_name": "",
            "real_name": "Osa",
            "display_name": "Osa_S",
            "team": "T5M5PLH8U",
            "name": "koye.sodipo",
            "is_restricted": false,
            "is_ultra_restricted": false
        }
    },
    {
        "client_msg_id": "087fa1fe-608c-4b61-9c3d-e3a4c2284a6d",
        "type": "message",
        "text": "Hi <@UBG6R1Z3Q>! If you're into software, you may be interested in playing with existing probes: <https:\/\/github.com\/kelu124\/pyUProbe1> ;)",
        "user": "U5M5PLH9S",
        "ts": "1530167972.000026",
        "team": "T5M5PLH8U",
        "user_team": "T5M5PLH8U",
        "source_team": "T5M5PLH8U",
        "user_profile": {
            "avatar_hash": "e4fb6ae9f526",
            "image_72": "https:\/\/avatars.slack-edge.com\/2017-06-01\/191144530514_e4fb6ae9f526531fd41c_72.jpg",
            "first_name": "",
            "real_name": "kelu",
            "display_name": "",
            "team": "T5M5PLH8U",
            "name": "kelu",
            "is_restricted": false,
            "is_ultra_restricted": false
        }
    },
    {
        "client_msg_id": "0679d56b-c8c8-4f18-9121-57eb87b75d53",
        "type": "message",
        "text": "The US transceiver is quite nice ! The bga IC is 8times an analog part, coupled with adcs so it's the same front end... Missing are fpga, ram, and openness.. At 148£ without the board :) apart from this, this is a superb chip, and would love to use it with a 8 element linear transducer !",
        "user": "U5M5PLH9S",
        "ts": "1530168194.000167",
        "team": "T5M5PLH8U",
        "user_team": "T5M5PLH8U",
        "source_team": "T5M5PLH8U",
        "user_profile": {
            "avatar_hash": "e4fb6ae9f526",
            "image_72": "https:\/\/avatars.slack-edge.com\/2017-06-01\/191144530514_e4fb6ae9f526531fd41c_72.jpg",
            "first_name": "",
            "real_name": "kelu",
            "display_name": "",
            "team": "T5M5PLH8U",
            "name": "kelu",
            "is_restricted": false,
            "is_ultra_restricted": false
        }
    }
]