[
    {
        "type": "message",
        "subtype": "channel_join",
        "ts": "1522684615.000125",
        "user": "U9Z6PUD5X",
        "text": "<@U9Z6PUD5X> has joined the channel"
    },
    {
        "type": "message",
        "text": "Hi :slightly_smiling_face: My Name is Lukas, I found this link through kitbooks and am currentyl studying medical engineering at Stuttgart, Germany - im very interested in the topic of medical imaging sicne my focus is on microelectronis and integrated microsystemsolutions :slightly_smiling_face:",
        "user": "U9Z6PUD5X",
        "ts": "1522684898.000280",
        "team": "T5M5PLH8U",
        "user_team": "T5M5PLH8U",
        "source_team": "T5M5PLH8U",
        "user_profile": {
            "avatar_hash": "g33cddf25924",
            "image_72": "https:\/\/secure.gravatar.com\/avatar\/133cddf25924316023467204675d24ca.jpg?s=72&d=https%3A%2F%2Fa.slack-edge.com%2Fdf10d%2Fimg%2Favatars%2Fava_0005-72.png",
            "first_name": "Lukas",
            "real_name": "Lukas F",
            "display_name": "Lukas",
            "team": "T5M5PLH8U",
            "name": "lukasfindeisen",
            "is_restricted": false,
            "is_ultra_restricted": false
        }
    },
    {
        "type": "message",
        "text": "looking forward to read a bit here and learn together!",
        "user": "U9Z6PUD5X",
        "ts": "1522684927.000250",
        "team": "T5M5PLH8U",
        "user_team": "T5M5PLH8U",
        "source_team": "T5M5PLH8U",
        "user_profile": {
            "avatar_hash": "g33cddf25924",
            "image_72": "https:\/\/secure.gravatar.com\/avatar\/133cddf25924316023467204675d24ca.jpg?s=72&d=https%3A%2F%2Fa.slack-edge.com%2Fdf10d%2Fimg%2Favatars%2Fava_0005-72.png",
            "first_name": "Lukas",
            "real_name": "Lukas F",
            "display_name": "Lukas",
            "team": "T5M5PLH8U",
            "name": "lukasfindeisen",
            "is_restricted": false,
            "is_ultra_restricted": false
        },
        "thread_ts": "1522684927.000250",
        "reply_count": 1,
        "reply_users_count": 1,
        "latest_reply": "1522867042.000279",
        "reply_users": [
            "U5M5PLH9S"
        ],
        "replies": [
            {
                "user": "U5M5PLH9S",
                "ts": "1522867042.000279"
            }
        ],
        "subscribed": true,
        "last_read": "1522867042.000279"
    }
]