[
    {
        "client_msg_id": "704be609-8302-4451-a967-e7a593b15366",
        "type": "message",
        "text": "Thanks Kelu! I'd like to see what you can do with the transciever too!",
        "user": "UBG6R1Z3Q",
        "ts": "1530224491.000026",
        "team": "T5M5PLH8U",
        "user_team": "T5M5PLH8U",
        "source_team": "T5M5PLH8U",
        "user_profile": {
            "avatar_hash": "gbae0ddab6fe",
            "image_72": "https:\/\/secure.gravatar.com\/avatar\/cbae0ddab6fe4cbed86400180141726b.jpg?s=72&d=https%3A%2F%2Fa.slack-edge.com%2Fdf10d%2Fimg%2Favatars%2Fava_0004-72.png",
            "first_name": "",
            "real_name": "Osa",
            "display_name": "Osa_S",
            "team": "T5M5PLH8U",
            "name": "koye.sodipo",
            "is_restricted": false,
            "is_ultra_restricted": false
        },
        "thread_ts": "1530224491.000026",
        "reply_count": 2,
        "reply_users_count": 2,
        "latest_reply": "1530770660.000056",
        "reply_users": [
            "U5M5PLH9S",
            "UBG6R1Z3Q"
        ],
        "replies": [
            {
                "user": "U5M5PLH9S",
                "ts": "1530261093.000232"
            },
            {
                "user": "UBG6R1Z3Q",
                "ts": "1530770660.000056"
            }
        ],
        "subscribed": true,
        "last_read": "1530770660.000056"
    }
]