[
    {
        "client_msg_id": "e8299b74-49df-4945-8e5f-47922c2f109e",
        "type": "message",
        "text": "hahaha\n\"propio\" means \"My own\"",
        "user": "U8DP2NWAD",
        "ts": "1535459925.000100",
        "team": "T5M5PLH8U",
        "user_team": "T5M5PLH8U",
        "source_team": "T5M5PLH8U",
        "user_profile": {
            "avatar_hash": "ge8fe12d48f6",
            "image_72": "https:\/\/secure.gravatar.com\/avatar\/be8fe12d48f65fa83f69d7849035f8c3.jpg?s=72&d=https%3A%2F%2Fa.slack-edge.com%2Fdf10d%2Fimg%2Favatars%2Fava_0024-72.png",
            "first_name": "",
            "real_name": "Tomás Glaría",
            "display_name": "tglaria",
            "team": "T5M5PLH8U",
            "name": "tglaria",
            "is_restricted": false,
            "is_ultra_restricted": false
        },
        "thread_ts": "1532630394.000408",
        "parent_user_id": "U8DP2NWAD"
    },
    {
        "client_msg_id": "0a385de1-9f95-43b3-9c55-8895887f9dd7",
        "type": "message",
        "text": "(Late answer because I just got back from vacations)",
        "user": "U8DP2NWAD",
        "ts": "1535459939.000100",
        "team": "T5M5PLH8U",
        "user_team": "T5M5PLH8U",
        "source_team": "T5M5PLH8U",
        "user_profile": {
            "avatar_hash": "ge8fe12d48f6",
            "image_72": "https:\/\/secure.gravatar.com\/avatar\/be8fe12d48f65fa83f69d7849035f8c3.jpg?s=72&d=https%3A%2F%2Fa.slack-edge.com%2Fdf10d%2Fimg%2Favatars%2Fava_0024-72.png",
            "first_name": "",
            "real_name": "Tomás Glaría",
            "display_name": "tglaria",
            "team": "T5M5PLH8U",
            "name": "tglaria",
            "is_restricted": false,
            "is_ultra_restricted": false
        },
        "thread_ts": "1532630394.000408",
        "parent_user_id": "U8DP2NWAD",
        "reactions": [
            {
                "name": "smiley",
                "users": [
                    "U5M5PLH9S"
                ],
                "count": 1
            }
        ]
    },
    {
        "type": "message",
        "text": "",
        "user": "U8Z3VB1T2",
        "ts": "1535515255.000100",
        "team": "T5M5PLH8U",
        "user_team": "T5M5PLH8U",
        "source_team": "T5M5PLH8U",
        "user_profile": {
            "avatar_hash": "g49ad52d7df8",
            "image_72": "https:\/\/secure.gravatar.com\/avatar\/449ad52d7df89ecbe8ebe0fd87d3f63f.jpg?s=72&d=https%3A%2F%2Fa.slack-edge.com%2Fdf10d%2Fimg%2Favatars%2Fava_0026-72.png",
            "first_name": "",
            "real_name": "William Meng",
            "display_name": "",
            "team": "T5M5PLH8U",
            "name": "wlmeng11",
            "is_restricted": false,
            "is_ultra_restricted": false
        },
        "attachments": [
            {
                "fallback": "[August 28th, 2018 11:53 PM] wlmeng11: <!channel> I’m proud to announce the initial release of *rtl-ultrasound*, which is a python package I wrote to use the RTL-SDR as a data acquisition device for ultrasound imaging!\n\nCurrently, the software and its API should be considered unstable and subject to change, and there’s not much documentation and testing yet, but I figured it’s worth releasing so that other ultrasound developers may start to use it :slightly_smiling_face:\n\n<https:\/\/github.com\/wlmeng11\/rtl-ultrasound>",
                "ts": "1535514801.000100",
                "author_id": "U8Z3VB1T2",
                "author_subname": "William Meng",
                "channel_id": "CC725JEC8",
                "channel_name": "simplerick",
                "is_msg_unfurl": true,
                "text": "<!channel> I’m proud to announce the initial release of *rtl-ultrasound*, which is a python package I wrote to use the RTL-SDR as a data acquisition device for ultrasound imaging!\n\nCurrently, the software and its API should be considered unstable and subject to change, and there’s not much documentation and testing yet, but I figured it’s worth releasing so that other ultrasound developers may start to use it :slightly_smiling_face:\n\n<https:\/\/github.com\/wlmeng11\/rtl-ultrasound>",
                "author_name": "William Meng",
                "author_link": "https:\/\/usdevkit.slack.com\/team\/U8Z3VB1T2",
                "author_icon": "https:\/\/secure.gravatar.com\/avatar\/449ad52d7df89ecbe8ebe0fd87d3f63f.jpg?s=48&d=https%3A%2F%2Fa.slack-edge.com%2F272a%2Fimg%2Favatars%2Fava_0026-48.png",
                "mrkdwn_in": [
                    "text"
                ],
                "color": "D0D0D0",
                "from_url": "https:\/\/usdevkit.slack.com\/archives\/CC725JEC8\/p1535514801000100",
                "is_share": true,
                "footer": "Posted in #simplerick"
            }
        ],
        "reactions": [
            {
                "name": "star-struck",
                "users": [
                    "U5M5PLH9S"
                ],
                "count": 1
            }
        ]
    }
]