[
    {
        "type": "message",
        "subtype": "channel_join",
        "ts": "1525134488.000218",
        "user": "UAG9C1MRT",
        "text": "<@UAG9C1MRT> has joined the channel"
    },
    {
        "type": "message",
        "subtype": "channel_join",
        "ts": "1525135480.000260",
        "user": "UAFU6721J",
        "text": "<@UAFU6721J> has joined the channel"
    },
    {
        "type": "message",
        "subtype": "channel_join",
        "ts": "1525138979.000118",
        "user": "UAFKAHWKB",
        "text": "<@UAFKAHWKB> has joined the channel"
    },
    {
        "type": "message",
        "text": "<@U5M5PLH9S> Do you have a real BOM for the motherboard, Doj v2? Like for the OLED header and the caps? Also, which OLED you got and how you used it?",
        "user": "U923YT3B4",
        "ts": "1525152371.000082",
        "team": "T5M5PLH8U",
        "user_team": "T5M5PLH8U",
        "source_team": "T5M5PLH8U",
        "user_profile": {
            "avatar_hash": "6710a205a9be",
            "image_72": "https:\/\/avatars.slack-edge.com\/2018-02-01\/308040121987_6710a205a9beb27d3764_72.jpg",
            "first_name": "Kevin",
            "real_name": "Kevin Bui",
            "display_name": "",
            "team": "T5M5PLH8U",
            "name": "khvbui",
            "is_restricted": false,
            "is_ultra_restricted": false
        },
        "thread_ts": "1525152371.000082",
        "reply_count": 1,
        "reply_users_count": 1,
        "latest_reply": "1525163700.000096",
        "reply_users": [
            "U5M5PLH9S"
        ],
        "replies": [
            {
                "user": "U5M5PLH9S",
                "ts": "1525163700.000096"
            }
        ],
        "subscribed": true,
        "last_read": "1525163700.000096"
    },
    {
        "type": "message",
        "subtype": "channel_join",
        "ts": "1525153231.000007",
        "user": "UAG0PDXPW",
        "text": "<@UAG0PDXPW> has joined the channel"
    }
]