[
    {
        "type": "message",
        "subtype": "channel_join",
        "ts": "1525770291.000376",
        "user": "UAKPWAR6G",
        "text": "<@UAKPWAR6G> has joined the channel"
    },
    {
        "type": "message",
        "text": "kelu",
        "user": "UAKPWAR6G",
        "ts": "1525770493.000412",
        "team": "T5M5PLH8U",
        "user_team": "T5M5PLH8U",
        "source_team": "T5M5PLH8U",
        "user_profile": {
            "avatar_hash": "g55fbfd2d53f",
            "image_72": "https:\/\/secure.gravatar.com\/avatar\/155fbfd2d53f0d49ca2d543efec8668e.jpg?s=72&d=https%3A%2F%2Fa.slack-edge.com%2Fdf10d%2Fimg%2Favatars%2Fava_0018-72.png",
            "first_name": "",
            "real_name": "genji shikamaru",
            "display_name": "genjiro",
            "team": "T5M5PLH8U",
            "name": "fakkyou",
            "is_restricted": false,
            "is_ultra_restricted": false
        }
    },
    {
        "type": "message",
        "text": "are you there?",
        "user": "UAKPWAR6G",
        "ts": "1525770495.000201",
        "team": "T5M5PLH8U",
        "user_team": "T5M5PLH8U",
        "source_team": "T5M5PLH8U",
        "user_profile": {
            "avatar_hash": "g55fbfd2d53f",
            "image_72": "https:\/\/secure.gravatar.com\/avatar\/155fbfd2d53f0d49ca2d543efec8668e.jpg?s=72&d=https%3A%2F%2Fa.slack-edge.com%2Fdf10d%2Fimg%2Favatars%2Fava_0018-72.png",
            "first_name": "",
            "real_name": "genji shikamaru",
            "display_name": "genjiro",
            "team": "T5M5PLH8U",
            "name": "fakkyou",
            "is_restricted": false,
            "is_ultra_restricted": false
        }
    },
    {
        "type": "message",
        "text": "have you made any human images with your self built scanner?",
        "user": "UAKPWAR6G",
        "ts": "1525770818.000147",
        "team": "T5M5PLH8U",
        "user_team": "T5M5PLH8U",
        "source_team": "T5M5PLH8U",
        "user_profile": {
            "avatar_hash": "g55fbfd2d53f",
            "image_72": "https:\/\/secure.gravatar.com\/avatar\/155fbfd2d53f0d49ca2d543efec8668e.jpg?s=72&d=https%3A%2F%2Fa.slack-edge.com%2Fdf10d%2Fimg%2Favatars%2Fava_0018-72.png",
            "first_name": "",
            "real_name": "genji shikamaru",
            "display_name": "genjiro",
            "team": "T5M5PLH8U",
            "name": "fakkyou",
            "is_restricted": false,
            "is_ultra_restricted": false
        },
        "thread_ts": "1525770818.000147",
        "reply_count": 13,
        "reply_users_count": 2,
        "latest_reply": "1526322488.000650",
        "reply_users": [
            "U5M5PLH9S",
            "UAKPWAR6G"
        ],
        "replies": [
            {
                "user": "U5M5PLH9S",
                "ts": "1525777134.000191"
            },
            {
                "user": "UAKPWAR6G",
                "ts": "1525778934.000367"
            },
            {
                "user": "UAKPWAR6G",
                "ts": "1525778940.000454"
            },
            {
                "user": "UAKPWAR6G",
                "ts": "1525778952.000063"
            },
            {
                "user": "UAKPWAR6G",
                "ts": "1525778963.000194"
            },
            {
                "user": "UAKPWAR6G",
                "ts": "1525778966.000322"
            },
            {
                "user": "UAKPWAR6G",
                "ts": "1525779296.000367"
            },
            {
                "user": "UAKPWAR6G",
                "ts": "1525779598.000283"
            },
            {
                "user": "UAKPWAR6G",
                "ts": "1525779641.000336"
            },
            {
                "user": "U5M5PLH9S",
                "ts": "1526322150.000327"
            },
            {
                "user": "U5M5PLH9S",
                "ts": "1526322193.000548"
            },
            {
                "user": "U5M5PLH9S",
                "ts": "1526322357.000036"
            },
            {
                "user": "U5M5PLH9S",
                "ts": "1526322488.000650"
            }
        ],
        "subscribed": true,
        "last_read": "1526322488.000650"
    },
    {
        "client_msg_id": "65af756a-6ab1-4a3e-a431-a6a545d0bda7",
        "type": "message",
        "text": "Not yet :) this tool is at first for enabling to do what users want to do in ultrasound ndt, signal processing,...)  so some uses are already covered, but not human imaging yet. Plus you have so many uses (shallow imaging, deep, ...) and organs that I have tested none so far. I would need a good probe too! Possibly you? :)",
        "user": "U5M5PLH9S",
        "ts": "1525777134.000191",
        "team": "T5M5PLH8U",
        "user_team": "T5M5PLH8U",
        "source_team": "T5M5PLH8U",
        "user_profile": {
            "avatar_hash": "e4fb6ae9f526",
            "image_72": "https:\/\/avatars.slack-edge.com\/2017-06-01\/191144530514_e4fb6ae9f526531fd41c_72.jpg",
            "first_name": "",
            "real_name": "kelu",
            "display_name": "",
            "team": "T5M5PLH8U",
            "name": "kelu",
            "is_restricted": false,
            "is_ultra_restricted": false
        },
        "thread_ts": "1525770818.000147",
        "parent_user_id": "UAKPWAR6G"
    },
    {
        "type": "message",
        "text": "hmm im pretty clueless about ultrasound atm",
        "user": "UAKPWAR6G",
        "ts": "1525778927.000365",
        "team": "T5M5PLH8U",
        "user_team": "T5M5PLH8U",
        "source_team": "T5M5PLH8U",
        "user_profile": {
            "avatar_hash": "g55fbfd2d53f",
            "image_72": "https:\/\/secure.gravatar.com\/avatar\/155fbfd2d53f0d49ca2d543efec8668e.jpg?s=72&d=https%3A%2F%2Fa.slack-edge.com%2Fdf10d%2Fimg%2Favatars%2Fava_0018-72.png",
            "first_name": "",
            "real_name": "genji shikamaru",
            "display_name": "genjiro",
            "team": "T5M5PLH8U",
            "name": "fakkyou",
            "is_restricted": false,
            "is_ultra_restricted": false
        }
    },
    {
        "type": "message",
        "text": "hmm im pretty clueless about ultrasound atm",
        "user": "UAKPWAR6G",
        "ts": "1525778934.000367",
        "team": "T5M5PLH8U",
        "user_team": "T5M5PLH8U",
        "source_team": "T5M5PLH8U",
        "user_profile": {
            "avatar_hash": "g55fbfd2d53f",
            "image_72": "https:\/\/secure.gravatar.com\/avatar\/155fbfd2d53f0d49ca2d543efec8668e.jpg?s=72&d=https%3A%2F%2Fa.slack-edge.com%2Fdf10d%2Fimg%2Favatars%2Fava_0018-72.png",
            "first_name": "",
            "real_name": "genji shikamaru",
            "display_name": "genjiro",
            "team": "T5M5PLH8U",
            "name": "fakkyou",
            "is_restricted": false,
            "is_ultra_restricted": false
        },
        "thread_ts": "1525770818.000147",
        "parent_user_id": "UAKPWAR6G"
    },
    {
        "type": "message",
        "text": "but i want to make high resolution images",
        "user": "UAKPWAR6G",
        "ts": "1525778940.000454",
        "team": "T5M5PLH8U",
        "user_team": "T5M5PLH8U",
        "source_team": "T5M5PLH8U",
        "user_profile": {
            "avatar_hash": "g55fbfd2d53f",
            "image_72": "https:\/\/secure.gravatar.com\/avatar\/155fbfd2d53f0d49ca2d543efec8668e.jpg?s=72&d=https%3A%2F%2Fa.slack-edge.com%2Fdf10d%2Fimg%2Favatars%2Fava_0018-72.png",
            "first_name": "",
            "real_name": "genji shikamaru",
            "display_name": "genjiro",
            "team": "T5M5PLH8U",
            "name": "fakkyou",
            "is_restricted": false,
            "is_ultra_restricted": false
        },
        "thread_ts": "1525770818.000147",
        "parent_user_id": "UAKPWAR6G"
    },
    {
        "type": "message",
        "text": "i know a lot of math though",
        "user": "UAKPWAR6G",
        "ts": "1525778952.000063",
        "team": "T5M5PLH8U",
        "user_team": "T5M5PLH8U",
        "source_team": "T5M5PLH8U",
        "user_profile": {
            "avatar_hash": "g55fbfd2d53f",
            "image_72": "https:\/\/secure.gravatar.com\/avatar\/155fbfd2d53f0d49ca2d543efec8668e.jpg?s=72&d=https%3A%2F%2Fa.slack-edge.com%2Fdf10d%2Fimg%2Favatars%2Fava_0018-72.png",
            "first_name": "",
            "real_name": "genji shikamaru",
            "display_name": "genjiro",
            "team": "T5M5PLH8U",
            "name": "fakkyou",
            "is_restricted": false,
            "is_ultra_restricted": false
        },
        "thread_ts": "1525770818.000147",
        "parent_user_id": "UAKPWAR6G"
    },
    {
        "type": "message",
        "text": "the probes",
        "user": "UAKPWAR6G",
        "ts": "1525778963.000194",
        "team": "T5M5PLH8U",
        "user_team": "T5M5PLH8U",
        "source_team": "T5M5PLH8U",
        "user_profile": {
            "avatar_hash": "g55fbfd2d53f",
            "image_72": "https:\/\/secure.gravatar.com\/avatar\/155fbfd2d53f0d49ca2d543efec8668e.jpg?s=72&d=https%3A%2F%2Fa.slack-edge.com%2Fdf10d%2Fimg%2Favatars%2Fava_0018-72.png",
            "first_name": "",
            "real_name": "genji shikamaru",
            "display_name": "genjiro",
            "team": "T5M5PLH8U",
            "name": "fakkyou",
            "is_restricted": false,
            "is_ultra_restricted": false
        },
        "thread_ts": "1525770818.000147",
        "parent_user_id": "UAKPWAR6G"
    },
    {
        "type": "message",
        "text": "seem to be the problem no?",
        "user": "UAKPWAR6G",
        "ts": "1525778966.000322",
        "team": "T5M5PLH8U",
        "user_team": "T5M5PLH8U",
        "source_team": "T5M5PLH8U",
        "user_profile": {
            "avatar_hash": "g55fbfd2d53f",
            "image_72": "https:\/\/secure.gravatar.com\/avatar\/155fbfd2d53f0d49ca2d543efec8668e.jpg?s=72&d=https%3A%2F%2Fa.slack-edge.com%2Fdf10d%2Fimg%2Favatars%2Fava_0018-72.png",
            "first_name": "",
            "real_name": "genji shikamaru",
            "display_name": "genjiro",
            "team": "T5M5PLH8U",
            "name": "fakkyou",
            "is_restricted": false,
            "is_ultra_restricted": false
        },
        "thread_ts": "1525770818.000147",
        "parent_user_id": "UAKPWAR6G"
    },
    {
        "type": "message",
        "text": "can i ask you maybe a bit about the terminology? MSPS = million samplings per second , one sampling = measuring a received echo ? piezo = the tip that generates the sound wave , which will change its form when voltage changes",
        "user": "UAKPWAR6G",
        "ts": "1525779296.000367",
        "team": "T5M5PLH8U",
        "user_team": "T5M5PLH8U",
        "source_team": "T5M5PLH8U",
        "user_profile": {
            "avatar_hash": "g55fbfd2d53f",
            "image_72": "https:\/\/secure.gravatar.com\/avatar\/155fbfd2d53f0d49ca2d543efec8668e.jpg?s=72&d=https%3A%2F%2Fa.slack-edge.com%2Fdf10d%2Fimg%2Favatars%2Fava_0018-72.png",
            "first_name": "",
            "real_name": "genji shikamaru",
            "display_name": "genjiro",
            "team": "T5M5PLH8U",
            "name": "fakkyou",
            "is_restricted": false,
            "is_ultra_restricted": false
        },
        "thread_ts": "1525770818.000147",
        "parent_user_id": "UAKPWAR6G"
    },
    {
        "type": "message",
        "text": "but if you increase sampling rate, dont you just record more noise as well ? so you need to find out what the highest sampling rate is at which the image doesnt improve anymore but the noise is minimal?",
        "user": "UAKPWAR6G",
        "ts": "1525779598.000283",
        "team": "T5M5PLH8U",
        "user_team": "T5M5PLH8U",
        "source_team": "T5M5PLH8U",
        "user_profile": {
            "avatar_hash": "g55fbfd2d53f",
            "image_72": "https:\/\/secure.gravatar.com\/avatar\/155fbfd2d53f0d49ca2d543efec8668e.jpg?s=72&d=https%3A%2F%2Fa.slack-edge.com%2Fdf10d%2Fimg%2Favatars%2Fava_0018-72.png",
            "first_name": "",
            "real_name": "genji shikamaru",
            "display_name": "genjiro",
            "team": "T5M5PLH8U",
            "name": "fakkyou",
            "is_restricted": false,
            "is_ultra_restricted": false
        },
        "thread_ts": "1525770818.000147",
        "parent_user_id": "UAKPWAR6G"
    },
    {
        "type": "message",
        "text": "probe = records echo and transducer = produces the sound wave ?",
        "user": "UAKPWAR6G",
        "ts": "1525779641.000336",
        "team": "T5M5PLH8U",
        "user_team": "T5M5PLH8U",
        "source_team": "T5M5PLH8U",
        "user_profile": {
            "avatar_hash": "g55fbfd2d53f",
            "image_72": "https:\/\/secure.gravatar.com\/avatar\/155fbfd2d53f0d49ca2d543efec8668e.jpg?s=72&d=https%3A%2F%2Fa.slack-edge.com%2Fdf10d%2Fimg%2Favatars%2Fava_0018-72.png",
            "first_name": "",
            "real_name": "genji shikamaru",
            "display_name": "genjiro",
            "team": "T5M5PLH8U",
            "name": "fakkyou",
            "is_restricted": false,
            "is_ultra_restricted": false
        },
        "thread_ts": "1525770818.000147",
        "parent_user_id": "UAKPWAR6G"
    }
]