[
    {
        "type": "message",
        "text": "Ah damn. I'll keep trying too. Will let you know if I find any",
        "user": "UBG6R1Z3Q",
        "ts": "1530770660.000056",
        "team": "T5M5PLH8U",
        "user_team": "T5M5PLH8U",
        "source_team": "T5M5PLH8U",
        "user_profile": {
            "avatar_hash": "gbae0ddab6fe",
            "image_72": "https:\/\/secure.gravatar.com\/avatar\/cbae0ddab6fe4cbed86400180141726b.jpg?s=72&d=https%3A%2F%2Fa.slack-edge.com%2Fdf10d%2Fimg%2Favatars%2Fava_0004-72.png",
            "first_name": "",
            "real_name": "Osa",
            "display_name": "Osa_S",
            "team": "T5M5PLH8U",
            "name": "koye.sodipo",
            "is_restricted": false,
            "is_ultra_restricted": false
        },
        "thread_ts": "1530224491.000026",
        "parent_user_id": "UBG6R1Z3Q"
    }
]