[
    {
        "type": "message",
        "subtype": "channel_join",
        "ts": "1528081303.000039",
        "user": "UB05Y24QY",
        "text": "<@UB05Y24QY> has joined the channel"
    },
    {
        "type": "message",
        "subtype": "channel_join",
        "ts": "1528082297.000119",
        "user": "UB1TYHG2K",
        "text": "<@UB1TYHG2K> has joined the channel"
    },
    {
        "type": "message",
        "subtype": "channel_join",
        "ts": "1528082671.000075",
        "user": "UB1TZTQQ7",
        "text": "<@UB1TZTQQ7> has joined the channel"
    }
]