[
    {
        "type": "message",
        "subtype": "channel_join",
        "ts": "1518459224.000452",
        "user": "U98M2F8NS",
        "text": "<@U98M2F8NS> has joined the channel"
    },
    {
        "type": "message",
        "text": "<@U5M5PLH9S> I'm looking at the code for the ADC in the croaker board. During setup, you're configuring the register ADC_CR1 with _ADC1-&gt;regs-&gt;CR1 |= 7 &lt;&lt; 16;_ ... but those bits are reserved in the STM32F205. Did you use a different code when testing or did you use a different board (a STM32F1xx) ?",
        "user": "U8DP2NWAD",
        "ts": "1518466769.000495",
        "team": "T5M5PLH8U",
        "user_team": "T5M5PLH8U",
        "source_team": "T5M5PLH8U",
        "user_profile": {
            "avatar_hash": "ge8fe12d48f6",
            "image_72": "https:\/\/secure.gravatar.com\/avatar\/be8fe12d48f65fa83f69d7849035f8c3.jpg?s=72&d=https%3A%2F%2Fa.slack-edge.com%2Fdf10d%2Fimg%2Favatars%2Fava_0024-72.png",
            "first_name": "",
            "real_name": "Tomás Glaría",
            "display_name": "tglaria",
            "team": "T5M5PLH8U",
            "name": "tglaria",
            "is_restricted": false,
            "is_ultra_restricted": false
        }
    },
    {
        "type": "message",
        "text": "The code I had on the F205 is not perfect, I was a novice on it - so please do consider it as more or less garbage :smiley:",
        "user": "U5M5PLH9S",
        "ts": "1518467324.000242",
        "team": "T5M5PLH8U",
        "user_team": "T5M5PLH8U",
        "source_team": "T5M5PLH8U",
        "user_profile": {
            "avatar_hash": "e4fb6ae9f526",
            "image_72": "https:\/\/avatars.slack-edge.com\/2017-06-01\/191144530514_e4fb6ae9f526531fd41c_72.jpg",
            "first_name": "",
            "real_name": "kelu",
            "display_name": "",
            "team": "T5M5PLH8U",
            "name": "kelu",
            "is_restricted": false,
            "is_ultra_restricted": false
        },
        "reactions": [
            {
                "name": "tired_face",
                "users": [
                    "U8DP2NWAD"
                ],
                "count": 1
            }
        ]
    },
    {
        "type": "message",
        "text": "but I believe this code was at first taken from a F1xx",
        "user": "U5M5PLH9S",
        "ts": "1518467773.000471",
        "team": "T5M5PLH8U",
        "user_team": "T5M5PLH8U",
        "source_team": "T5M5PLH8U",
        "user_profile": {
            "avatar_hash": "e4fb6ae9f526",
            "image_72": "https:\/\/avatars.slack-edge.com\/2017-06-01\/191144530514_e4fb6ae9f526531fd41c_72.jpg",
            "first_name": "",
            "real_name": "kelu",
            "display_name": "",
            "team": "T5M5PLH8U",
            "name": "kelu",
            "is_restricted": false,
            "is_ultra_restricted": false
        }
    },
    {
        "type": "message",
        "text": "(inspiration from <https:\/\/github.com\/pingumacpenguin\/STM32-O-Scope> )",
        "user": "U5M5PLH9S",
        "ts": "1518468197.000004",
        "team": "T5M5PLH8U",
        "user_team": "T5M5PLH8U",
        "source_team": "T5M5PLH8U",
        "user_profile": {
            "avatar_hash": "e4fb6ae9f526",
            "image_72": "https:\/\/avatars.slack-edge.com\/2017-06-01\/191144530514_e4fb6ae9f526531fd41c_72.jpg",
            "first_name": "",
            "real_name": "kelu",
            "display_name": "",
            "team": "T5M5PLH8U",
            "name": "kelu",
            "is_restricted": false,
            "is_ultra_restricted": false
        },
        "edited": {
            "user": "U5M5PLH9S",
            "ts": "1524298256.000000"
        }
    },
    {
        "type": "message",
        "text": "feel free if you can improve it !!",
        "user": "U5M5PLH9S",
        "ts": "1518468203.000271",
        "team": "T5M5PLH8U",
        "user_team": "T5M5PLH8U",
        "source_team": "T5M5PLH8U",
        "user_profile": {
            "avatar_hash": "e4fb6ae9f526",
            "image_72": "https:\/\/avatars.slack-edge.com\/2017-06-01\/191144530514_e4fb6ae9f526531fd41c_72.jpg",
            "first_name": "",
            "real_name": "kelu",
            "display_name": "",
            "team": "T5M5PLH8U",
            "name": "kelu",
            "is_restricted": false,
            "is_ultra_restricted": false
        }
    },
    {
        "type": "message",
        "text": "<@U5M5PLH9S> I'll be working with a Raspberry Pi 3 rather than a Zero or a W. Do you think the ADC pHAT you designed will work with it?",
        "user": "U923YT3B4",
        "ts": "1518503788.000228",
        "team": "T5M5PLH8U",
        "user_team": "T5M5PLH8U",
        "source_team": "T5M5PLH8U",
        "user_profile": {
            "avatar_hash": "6710a205a9be",
            "image_72": "https:\/\/avatars.slack-edge.com\/2018-02-01\/308040121987_6710a205a9beb27d3764_72.jpg",
            "first_name": "Kevin",
            "real_name": "Kevin Bui",
            "display_name": "",
            "team": "T5M5PLH8U",
            "name": "khvbui",
            "is_restricted": false,
            "is_ultra_restricted": false
        }
    }
]