[
    {
        "client_msg_id": "e7cd0997-ccb8-4c9c-8c80-bb938e61990c",
        "type": "message",
        "text": "That is correct, it's the sensor. Like your mobile phone camera, if the lense is damaged, you will have poor image",
        "user": "U5M5PLH9S",
        "ts": "1545212492.007300",
        "team": "T5M5PLH8U",
        "user_team": "T5M5PLH8U",
        "source_team": "T5M5PLH8U",
        "user_profile": {
            "avatar_hash": "e4fb6ae9f526",
            "image_72": "https:\/\/avatars.slack-edge.com\/2017-06-01\/191144530514_e4fb6ae9f526531fd41c_72.jpg",
            "first_name": "",
            "real_name": "kelu",
            "display_name": "",
            "team": "T5M5PLH8U",
            "name": "kelu",
            "is_restricted": false,
            "is_ultra_restricted": false
        },
        "thread_ts": "1543074507.006000",
        "parent_user_id": "U5M5PLH9S"
    }
]