[
    {
        "client_msg_id": "3f138797-323b-4c3a-aa3e-f0ef7245cd19",
        "type": "message",
        "text": "Sounds good. I have this ice40 board oncoming, will share here when more progress is done.",
        "user": "U5M5PLH9S",
        "ts": "1546193136.039800",
        "team": "T5M5PLH8U",
        "user_team": "T5M5PLH8U",
        "source_team": "T5M5PLH8U",
        "user_profile": {
            "avatar_hash": "e4fb6ae9f526",
            "image_72": "https:\/\/avatars.slack-edge.com\/2017-06-01\/191144530514_e4fb6ae9f526531fd41c_72.jpg",
            "first_name": "",
            "real_name": "kelu",
            "display_name": "",
            "team": "T5M5PLH8U",
            "name": "kelu",
            "is_restricted": false,
            "is_ultra_restricted": false
        },
        "thread_ts": "1546123111.034200",
        "parent_user_id": "UF0SXEJ0M"
    },
    {
        "client_msg_id": "7ee70ba4-0fe6-4744-8c81-c8a98a28f2a8",
        "type": "message",
        "text": "It does :) you can imagine a custom board with devices for adc, tgc, ram, pulser, beamformer, ...",
        "user": "U5M5PLH9S",
        "ts": "1546193246.041800",
        "team": "T5M5PLH8U",
        "user_team": "T5M5PLH8U",
        "source_team": "T5M5PLH8U",
        "user_profile": {
            "avatar_hash": "e4fb6ae9f526",
            "image_72": "https:\/\/avatars.slack-edge.com\/2017-06-01\/191144530514_e4fb6ae9f526531fd41c_72.jpg",
            "first_name": "",
            "real_name": "kelu",
            "display_name": "",
            "team": "T5M5PLH8U",
            "name": "kelu",
            "is_restricted": false,
            "is_ultra_restricted": false
        }
    },
    {
        "client_msg_id": "bffbde6f-0ff6-49bd-99ad-ef9291107160",
        "type": "message",
        "text": "What's this tiny piezo?",
        "user": "U5M5PLH9S",
        "ts": "1546208986.042100",
        "team": "T5M5PLH8U",
        "user_team": "T5M5PLH8U",
        "source_team": "T5M5PLH8U",
        "user_profile": {
            "avatar_hash": "e4fb6ae9f526",
            "image_72": "https:\/\/avatars.slack-edge.com\/2017-06-01\/191144530514_e4fb6ae9f526531fd41c_72.jpg",
            "first_name": "",
            "real_name": "kelu",
            "display_name": "",
            "team": "T5M5PLH8U",
            "name": "kelu",
            "is_restricted": false,
            "is_ultra_restricted": false
        },
        "thread_ts": "1545929948.008000",
        "parent_user_id": "UF0SXEJ0M"
    },
    {
        "client_msg_id": "f3e6bbcd-0435-4905-b1fd-3e27d196d6fc",
        "type": "message",
        "text": "Yeah!",
        "user": "UF0SXEJ0M",
        "ts": "1546232452.042400",
        "team": "T5M5PLH8U",
        "user_team": "T5M5PLH8U",
        "source_team": "T5M5PLH8U",
        "user_profile": {
            "avatar_hash": "caf9f1375af3",
            "image_72": "https:\/\/avatars.slack-edge.com\/2019-02-12\/549018718117_caf9f1375af3bfa9e7a6_72.jpg",
            "first_name": "Sterling",
            "real_name": "Sterling Cooley",
            "display_name": "Sterling",
            "team": "T5M5PLH8U",
            "name": "percyacct2020",
            "is_restricted": false,
            "is_ultra_restricted": false
        }
    },
    {
        "client_msg_id": "61549452-c5ee-43ce-90ca-65b6fe83b88b",
        "type": "message",
        "text": "I really like the idea of a Lattice Ice40 on a PCI-E board, with a mezzanine type of board to board connector on it, that way all of this could fit inside of a Desktop case, and only have an SMA connector to connect the Ultrasound probe.",
        "user": "UF0SXEJ0M",
        "ts": "1546232525.043600",
        "team": "T5M5PLH8U",
        "user_team": "T5M5PLH8U",
        "source_team": "T5M5PLH8U",
        "user_profile": {
            "avatar_hash": "caf9f1375af3",
            "image_72": "https:\/\/avatars.slack-edge.com\/2019-02-12\/549018718117_caf9f1375af3bfa9e7a6_72.jpg",
            "first_name": "Sterling",
            "real_name": "Sterling Cooley",
            "display_name": "Sterling",
            "team": "T5M5PLH8U",
            "name": "percyacct2020",
            "is_restricted": false,
            "is_ultra_restricted": false
        }
    },
    {
        "client_msg_id": "dd33eed5-62d9-4202-a38f-1c4bb27784f4",
        "type": "message",
        "text": "How far along are you on your Ice40 board?",
        "user": "UF0SXEJ0M",
        "ts": "1546232575.043900",
        "team": "T5M5PLH8U",
        "user_team": "T5M5PLH8U",
        "source_team": "T5M5PLH8U",
        "user_profile": {
            "avatar_hash": "caf9f1375af3",
            "image_72": "https:\/\/avatars.slack-edge.com\/2019-02-12\/549018718117_caf9f1375af3bfa9e7a6_72.jpg",
            "first_name": "Sterling",
            "real_name": "Sterling Cooley",
            "display_name": "Sterling",
            "team": "T5M5PLH8U",
            "name": "percyacct2020",
            "is_restricted": false,
            "is_ultra_restricted": false
        }
    },
    {
        "client_msg_id": "ffad21a5-df76-4cbd-bf63-eb0bae6186ed",
        "type": "message",
        "text": "Ahh, looks like Ice40 can't do PCI-E",
        "user": "UF0SXEJ0M",
        "ts": "1546238958.044200",
        "team": "T5M5PLH8U",
        "user_team": "T5M5PLH8U",
        "source_team": "T5M5PLH8U",
        "user_profile": {
            "avatar_hash": "caf9f1375af3",
            "image_72": "https:\/\/avatars.slack-edge.com\/2019-02-12\/549018718117_caf9f1375af3bfa9e7a6_72.jpg",
            "first_name": "Sterling",
            "real_name": "Sterling Cooley",
            "display_name": "Sterling",
            "team": "T5M5PLH8U",
            "name": "percyacct2020",
            "is_restricted": false,
            "is_ultra_restricted": false
        }
    },
    {
        "client_msg_id": "15b2289b-2fce-483a-bfaa-ed847397f2ee",
        "type": "message",
        "text": ":disappointed:",
        "user": "UF0SXEJ0M",
        "ts": "1546238960.044400",
        "team": "T5M5PLH8U",
        "user_team": "T5M5PLH8U",
        "source_team": "T5M5PLH8U",
        "user_profile": {
            "avatar_hash": "caf9f1375af3",
            "image_72": "https:\/\/avatars.slack-edge.com\/2019-02-12\/549018718117_caf9f1375af3bfa9e7a6_72.jpg",
            "first_name": "Sterling",
            "real_name": "Sterling Cooley",
            "display_name": "Sterling",
            "team": "T5M5PLH8U",
            "name": "percyacct2020",
            "is_restricted": false,
            "is_ultra_restricted": false
        }
    }
]