[
    {
        "type": "message",
        "text": "Apologies for the long delay!\nThe piezo is the active element, the transducer between mechanical and electrical signals.\nThe transducer is the piezo + supporting (casing, backing, wires)\nThe probe is the transducer + whatever it takes to sweep a transducer (that can image in 1D) to sweep an area and hence produce a 2D image.",
        "user": "U5M5PLH9S",
        "ts": "1526322150.000327",
        "team": "T5M5PLH8U",
        "user_team": "T5M5PLH8U",
        "source_team": "T5M5PLH8U",
        "user_profile": {
            "avatar_hash": "e4fb6ae9f526",
            "image_72": "https:\/\/avatars.slack-edge.com\/2017-06-01\/191144530514_e4fb6ae9f526531fd41c_72.jpg",
            "first_name": "",
            "real_name": "kelu",
            "display_name": "",
            "team": "T5M5PLH8U",
            "name": "kelu",
            "is_restricted": false,
            "is_ultra_restricted": false
        },
        "thread_ts": "1525770818.000147",
        "parent_user_id": "UAKPWAR6G"
    },
    {
        "type": "message",
        "text": "MSps is 10^6 samples \/ seconds. With a piezo frequency at say 4MHz, you'd need according to nyquist a sampling at 8Msps to have two samples per ultrasound period.",
        "user": "U5M5PLH9S",
        "ts": "1526322193.000548",
        "team": "T5M5PLH8U",
        "user_team": "T5M5PLH8U",
        "source_team": "T5M5PLH8U",
        "user_profile": {
            "avatar_hash": "e4fb6ae9f526",
            "image_72": "https:\/\/avatars.slack-edge.com\/2017-06-01\/191144530514_e4fb6ae9f526531fd41c_72.jpg",
            "first_name": "",
            "real_name": "kelu",
            "display_name": "",
            "team": "T5M5PLH8U",
            "name": "kelu",
            "is_restricted": false,
            "is_ultra_restricted": false
        },
        "thread_ts": "1525770818.000147",
        "parent_user_id": "UAKPWAR6G"
    },
    {
        "type": "message",
        "text": "It's true the that going at sampling too high won't get too much. However, in the frequency space, by increasing the sampling above nyquist, I'll get a better image of my signal. It depends on the type of noise, but basically increasing the sampling rate can increase you SNR. To quote SO: \"Sampling at a higher rate will distribute the quantization noise over a wider frequency, thus reducing the noise spectral density due to that quantization noise, with a lot of caveats.\"",
        "user": "U5M5PLH9S",
        "ts": "1526322357.000036",
        "team": "T5M5PLH8U",
        "user_team": "T5M5PLH8U",
        "source_team": "T5M5PLH8U",
        "user_profile": {
            "avatar_hash": "e4fb6ae9f526",
            "image_72": "https:\/\/avatars.slack-edge.com\/2017-06-01\/191144530514_e4fb6ae9f526531fd41c_72.jpg",
            "first_name": "",
            "real_name": "kelu",
            "display_name": "",
            "team": "T5M5PLH8U",
            "name": "kelu",
            "is_restricted": false,
            "is_ultra_restricted": false
        },
        "thread_ts": "1525770818.000147",
        "parent_user_id": "UAKPWAR6G"
    },
    {
        "type": "message",
        "subtype": "thread_broadcast",
        "text": "<@UAKPWAR6G> if you want to try out with a \"real\" ultrasound signal, don't hesitate to try with data available at <https:\/\/github.com\/kelu124\/echomods\/blob\/master\/matty\/20180511a\/20180511a-Enveloppe.ipynb> -- I was playing around signal processing and enveloppe detection, but you can play with the data to get a feel of what we're looking at.",
        "user": "U5M5PLH9S",
        "ts": "1526322488.000650",
        "thread_ts": "1525770818.000147",
        "root": {
            "type": "message",
            "text": "have you made any human images with your self built scanner?",
            "user": "UAKPWAR6G",
            "ts": "1525770818.000147",
            "team": "T5M5PLH8U",
            "thread_ts": "1525770818.000147",
            "reply_count": 13,
            "reply_users_count": 2,
            "latest_reply": "1526322488.000650",
            "reply_users": [
                "U5M5PLH9S",
                "UAKPWAR6G"
            ],
            "replies": [
                {
                    "user": "U5M5PLH9S",
                    "ts": "1525777134.000191"
                },
                {
                    "user": "UAKPWAR6G",
                    "ts": "1525778934.000367"
                },
                {
                    "user": "UAKPWAR6G",
                    "ts": "1525778940.000454"
                },
                {
                    "user": "UAKPWAR6G",
                    "ts": "1525778952.000063"
                },
                {
                    "user": "UAKPWAR6G",
                    "ts": "1525778963.000194"
                },
                {
                    "user": "UAKPWAR6G",
                    "ts": "1525778966.000322"
                },
                {
                    "user": "UAKPWAR6G",
                    "ts": "1525779296.000367"
                },
                {
                    "user": "UAKPWAR6G",
                    "ts": "1525779598.000283"
                },
                {
                    "user": "UAKPWAR6G",
                    "ts": "1525779641.000336"
                },
                {
                    "user": "U5M5PLH9S",
                    "ts": "1526322150.000327"
                },
                {
                    "user": "U5M5PLH9S",
                    "ts": "1526322193.000548"
                },
                {
                    "user": "U5M5PLH9S",
                    "ts": "1526322357.000036"
                },
                {
                    "user": "U5M5PLH9S",
                    "ts": "1526322488.000650"
                }
            ],
            "subscribed": true,
            "last_read": "1526322488.000650"
        }
    }
]