[
    {
        "client_msg_id": "39601262-29c8-4ac8-815d-07de6753c70a",
        "type": "message",
        "text": "<@UE3JX8LUT>  it ships to Indonesia yes.",
        "user": "U5M5PLH9S",
        "ts": "1543074507.006000",
        "team": "T5M5PLH8U",
        "user_team": "T5M5PLH8U",
        "source_team": "T5M5PLH8U",
        "user_profile": {
            "avatar_hash": "e4fb6ae9f526",
            "image_72": "https:\/\/avatars.slack-edge.com\/2017-06-01\/191144530514_e4fb6ae9f526531fd41c_72.jpg",
            "first_name": "",
            "real_name": "kelu",
            "display_name": "",
            "team": "T5M5PLH8U",
            "name": "kelu",
            "is_restricted": false,
            "is_ultra_restricted": false
        },
        "thread_ts": "1543074507.006000",
        "reply_count": 39,
        "reply_users_count": 2,
        "latest_reply": "1545465397.000900",
        "reply_users": [
            "UE3JX8LUT",
            "U5M5PLH9S"
        ],
        "replies": [
            {
                "user": "UE3JX8LUT",
                "ts": "1543313987.006100"
            },
            {
                "user": "U5M5PLH9S",
                "ts": "1543316070.006300"
            },
            {
                "user": "UE3JX8LUT",
                "ts": "1543382250.000900"
            },
            {
                "user": "UE3JX8LUT",
                "ts": "1543382270.001100"
            },
            {
                "user": "U5M5PLH9S",
                "ts": "1543412307.001300"
            },
            {
                "user": "UE3JX8LUT",
                "ts": "1543459277.001500"
            },
            {
                "user": "UE3JX8LUT",
                "ts": "1543459367.001700"
            },
            {
                "user": "UE3JX8LUT",
                "ts": "1543461019.001900"
            },
            {
                "user": "U5M5PLH9S",
                "ts": "1543516312.000100"
            },
            {
                "user": "UE3JX8LUT",
                "ts": "1543625856.000100"
            },
            {
                "user": "U5M5PLH9S",
                "ts": "1543665238.000300"
            },
            {
                "user": "UE3JX8LUT",
                "ts": "1543667710.000500"
            },
            {
                "user": "U5M5PLH9S",
                "ts": "1543670204.000700"
            },
            {
                "user": "UE3JX8LUT",
                "ts": "1543753380.001600"
            },
            {
                "user": "UE3JX8LUT",
                "ts": "1543753410.001800"
            },
            {
                "user": "UE3JX8LUT",
                "ts": "1543753427.002000"
            },
            {
                "user": "U5M5PLH9S",
                "ts": "1543754762.002200"
            },
            {
                "user": "UE3JX8LUT",
                "ts": "1543755661.002400"
            },
            {
                "user": "U5M5PLH9S",
                "ts": "1543755840.002600"
            },
            {
                "user": "UE3JX8LUT",
                "ts": "1543755958.002900"
            },
            {
                "user": "UE3JX8LUT",
                "ts": "1543756076.003100"
            },
            {
                "user": "U5M5PLH9S",
                "ts": "1543757321.003300"
            },
            {
                "user": "U5M5PLH9S",
                "ts": "1543757336.003500"
            },
            {
                "user": "UE3JX8LUT",
                "ts": "1543760095.003700"
            },
            {
                "user": "U5M5PLH9S",
                "ts": "1543778904.003900"
            },
            {
                "user": "UE3JX8LUT",
                "ts": "1543837694.004100"
            },
            {
                "user": "U5M5PLH9S",
                "ts": "1543849472.004300"
            },
            {
                "user": "UE3JX8LUT",
                "ts": "1543851117.004500"
            },
            {
                "user": "U5M5PLH9S",
                "ts": "1543863838.004700"
            },
            {
                "user": "UE3JX8LUT",
                "ts": "1543899095.004900"
            },
            {
                "user": "UE3JX8LUT",
                "ts": "1543899280.005100"
            },
            {
                "user": "U5M5PLH9S",
                "ts": "1543928353.005500"
            },
            {
                "user": "U5M5PLH9S",
                "ts": "1543928366.005700"
            },
            {
                "user": "UE3JX8LUT",
                "ts": "1545203856.007100"
            },
            {
                "user": "U5M5PLH9S",
                "ts": "1545212492.007300"
            },
            {
                "user": "UE3JX8LUT",
                "ts": "1545444301.000100"
            },
            {
                "user": "U5M5PLH9S",
                "ts": "1545465210.000300"
            },
            {
                "user": "U5M5PLH9S",
                "ts": "1545465262.000600"
            },
            {
                "user": "U5M5PLH9S",
                "ts": "1545465397.000900"
            }
        ],
        "subscribed": true,
        "last_read": "1545465397.000900"
    }
]