[
    {
        "type": "message",
        "text": "hey <@U923YT3B4> as promised, updated files for unipolar pulser are up :wink: <https:\/\/github.com\/kelu124\/echomods\/tree\/master\/alt.tbo\/source\/v3>",
        "user": "U5M5PLH9S",
        "ts": "1520699028.000126",
        "team": "T5M5PLH8U",
        "user_team": "T5M5PLH8U",
        "source_team": "T5M5PLH8U",
        "user_profile": {
            "avatar_hash": "e4fb6ae9f526",
            "image_72": "https:\/\/avatars.slack-edge.com\/2017-06-01\/191144530514_e4fb6ae9f526531fd41c_72.jpg",
            "first_name": "",
            "real_name": "kelu",
            "display_name": "",
            "team": "T5M5PLH8U",
            "name": "kelu",
            "is_restricted": false,
            "is_ultra_restricted": false
        },
        "edited": {
            "user": "U5M5PLH9S",
            "ts": "1520699122.000000"
        }
    },
    {
        "type": "message",
        "text": "Hi Kelu, can we discuss some  of the graphs from the Hannin code?",
        "user": "U96FLN61K",
        "ts": "1520710286.000008",
        "team": "T5M5PLH8U",
        "user_team": "T5M5PLH8U",
        "source_team": "T5M5PLH8U",
        "user_profile": {
            "avatar_hash": "g26e7431e30b",
            "image_72": "https:\/\/secure.gravatar.com\/avatar\/426e7431e30bde77a64a522f1cee1e67.jpg?s=72&d=https%3A%2F%2Fa.slack-edge.com%2Fdf10d%2Fimg%2Favatars%2Fava_0024-72.png",
            "first_name": "",
            "real_name": "Irwin Mier",
            "display_name": "",
            "team": "T5M5PLH8U",
            "name": "imier",
            "is_restricted": false,
            "is_ultra_restricted": false
        }
    },
    {
        "client_msg_id": "14173a9e-c7e5-4d52-8215-7fd88342faf3",
        "type": "message",
        "text": "Hanning is mostly legacy from when I wanted to assess wifi enjoy wireless adcs :)",
        "user": "U5M5PLH9S",
        "ts": "1520716342.000038",
        "team": "T5M5PLH8U",
        "user_team": "T5M5PLH8U",
        "source_team": "T5M5PLH8U",
        "user_profile": {
            "avatar_hash": "e4fb6ae9f526",
            "image_72": "https:\/\/avatars.slack-edge.com\/2017-06-01\/191144530514_e4fb6ae9f526531fd41c_72.jpg",
            "first_name": "",
            "real_name": "kelu",
            "display_name": "",
            "team": "T5M5PLH8U",
            "name": "kelu",
            "is_restricted": false,
            "is_ultra_restricted": false
        }
    },
    {
        "type": "message",
        "text": "How much have you tested v3? :slightly_smiling_face:",
        "user": "U923YT3B4",
        "ts": "1520717783.000001",
        "team": "T5M5PLH8U",
        "user_team": "T5M5PLH8U",
        "source_team": "T5M5PLH8U",
        "user_profile": {
            "avatar_hash": "6710a205a9be",
            "image_72": "https:\/\/avatars.slack-edge.com\/2018-02-01\/308040121987_6710a205a9beb27d3764_72.jpg",
            "first_name": "Kevin",
            "real_name": "Kevin Bui",
            "display_name": "",
            "team": "T5M5PLH8U",
            "name": "khvbui",
            "is_restricted": false,
            "is_ultra_restricted": false
        }
    },
    {
        "client_msg_id": "ffeacb52-a261-4039-9671-f21fe770eff5",
        "type": "message",
        "text": "Hehe",
        "user": "U5M5PLH9S",
        "ts": "1520720830.000039",
        "team": "T5M5PLH8U",
        "user_team": "T5M5PLH8U",
        "source_team": "T5M5PLH8U",
        "user_profile": {
            "avatar_hash": "e4fb6ae9f526",
            "image_72": "https:\/\/avatars.slack-edge.com\/2017-06-01\/191144530514_e4fb6ae9f526531fd41c_72.jpg",
            "first_name": "",
            "real_name": "kelu",
            "display_name": "",
            "team": "T5M5PLH8U",
            "name": "kelu",
            "is_restricted": false,
            "is_ultra_restricted": false
        }
    },
    {
        "client_msg_id": "e810e2b1-18e5-4458-ba94-921e9d09dff3",
        "type": "message",
        "text": "It's the Pulser design on matty",
        "user": "U5M5PLH9S",
        "ts": "1520720842.000023",
        "team": "T5M5PLH8U",
        "user_team": "T5M5PLH8U",
        "source_team": "T5M5PLH8U",
        "user_profile": {
            "avatar_hash": "e4fb6ae9f526",
            "image_72": "https:\/\/avatars.slack-edge.com\/2017-06-01\/191144530514_e4fb6ae9f526531fd41c_72.jpg",
            "first_name": "",
            "real_name": "kelu",
            "display_name": "",
            "team": "T5M5PLH8U",
            "name": "kelu",
            "is_restricted": false,
            "is_ultra_restricted": false
        }
    },
    {
        "client_msg_id": "d2d51649-b807-44cc-bdca-8cfc7dcb32a1",
        "type": "message",
        "text": "Tests for 25,50,75v done with a 10x probe on <https:\/\/github.com\/kelu124\/echomods\/blob\/master\/matty\/images\/hv\/PonPoff_test\/Readme.md>",
        "user": "U5M5PLH9S",
        "ts": "1520720939.000021",
        "team": "T5M5PLH8U",
        "user_team": "T5M5PLH8U",
        "source_team": "T5M5PLH8U",
        "user_profile": {
            "avatar_hash": "e4fb6ae9f526",
            "image_72": "https:\/\/avatars.slack-edge.com\/2017-06-01\/191144530514_e4fb6ae9f526531fd41c_72.jpg",
            "first_name": "",
            "real_name": "kelu",
            "display_name": "",
            "team": "T5M5PLH8U",
            "name": "kelu",
            "is_restricted": false,
            "is_ultra_restricted": false
        }
    },
    {
        "type": "message",
        "text": "At 75v, with the 10x probe. 200ns pulse in blue, yellow is the damper control",
        "files": [
            {
                "id": "F9MSDQ7S8",
                "created": 1520721011,
                "timestamp": 1520721011,
                "name": "75V_Piezo.png",
                "title": "75V_Piezo.png",
                "mimetype": "image\/png",
                "filetype": "png",
                "pretty_type": "PNG",
                "user": "U5M5PLH9S",
                "editable": false,
                "size": 4754,
                "mode": "hosted",
                "is_external": false,
                "external_type": "",
                "is_public": true,
                "public_url_shared": true,
                "display_as_bot": false,
                "username": "",
                "url_private": "https:\/\/files.slack.com\/files-pri\/T5M5PLH8U-F9MSDQ7S8\/75v_piezo.png?t=xoxe-191193697300-964750812979-978081040215-70140a522cd1d53d5dacb8121ac10305",
                "url_private_download": "https:\/\/files.slack.com\/files-pri\/T5M5PLH8U-F9MSDQ7S8\/download\/75v_piezo.png?t=xoxe-191193697300-964750812979-978081040215-70140a522cd1d53d5dacb8121ac10305",
                "thumb_64": "https:\/\/files.slack.com\/files-tmb\/T5M5PLH8U-F9MSDQ7S8-7d9139489a\/75v_piezo_64.png?t=xoxe-191193697300-964750812979-978081040215-70140a522cd1d53d5dacb8121ac10305",
                "thumb_80": "https:\/\/files.slack.com\/files-tmb\/T5M5PLH8U-F9MSDQ7S8-7d9139489a\/75v_piezo_80.png?t=xoxe-191193697300-964750812979-978081040215-70140a522cd1d53d5dacb8121ac10305",
                "thumb_360": "https:\/\/files.slack.com\/files-tmb\/T5M5PLH8U-F9MSDQ7S8-7d9139489a\/75v_piezo_360.png?t=xoxe-191193697300-964750812979-978081040215-70140a522cd1d53d5dacb8121ac10305",
                "thumb_360_w": 360,
                "thumb_360_h": 216,
                "thumb_160": "https:\/\/files.slack.com\/files-tmb\/T5M5PLH8U-F9MSDQ7S8-7d9139489a\/75v_piezo_160.png?t=xoxe-191193697300-964750812979-978081040215-70140a522cd1d53d5dacb8121ac10305",
                "image_exif_rotation": 1,
                "original_w": 400,
                "original_h": 240,
                "permalink": "https:\/\/usdevkit.slack.com\/files\/U5M5PLH9S\/F9MSDQ7S8\/75v_piezo.png",
                "permalink_public": "https:\/\/slack-files.com\/T5M5PLH8U-F9MSDQ7S8-ce2b949afa",
                "is_starred": false,
                "has_rich_preview": false
            }
        ],
        "upload": true,
        "user": "U5M5PLH9S",
        "display_as_bot": false,
        "ts": "1520721012.000060"
    },
    {
        "type": "message",
        "text": "Thanks :smile:",
        "user": "U923YT3B4",
        "ts": "1520748738.000056",
        "team": "T5M5PLH8U",
        "user_team": "T5M5PLH8U",
        "source_team": "T5M5PLH8U",
        "user_profile": {
            "avatar_hash": "6710a205a9be",
            "image_72": "https:\/\/avatars.slack-edge.com\/2018-02-01\/308040121987_6710a205a9beb27d3764_72.jpg",
            "first_name": "Kevin",
            "real_name": "Kevin Bui",
            "display_name": "",
            "team": "T5M5PLH8U",
            "name": "khvbui",
            "is_restricted": false,
            "is_ultra_restricted": false
        },
        "reactions": [
            {
                "name": "nerd_face",
                "users": [
                    "U5M5PLH9S"
                ],
                "count": 1
            }
        ]
    }
]