[
    {
        "client_msg_id": "1eafd933-5df7-4d89-8933-409b59b7dba2",
        "type": "message",
        "text": "To answer your question, a sample is taken on 2 bytes. The first is always over 128, the last 3bits correspond to the 3 higher bits, and on the second, always below 128, the 7bits correspond to the 7 lower bits. You can refer to JSONprocessing function",
        "user": "U5M5PLH9S",
        "ts": "1540065131.000100",
        "team": "T5M5PLH8U",
        "user_team": "T5M5PLH8U",
        "source_team": "T5M5PLH8U",
        "user_profile": {
            "avatar_hash": "e4fb6ae9f526",
            "image_72": "https:\/\/avatars.slack-edge.com\/2017-06-01\/191144530514_e4fb6ae9f526531fd41c_72.jpg",
            "first_name": "",
            "real_name": "kelu",
            "display_name": "",
            "team": "T5M5PLH8U",
            "name": "kelu",
            "is_restricted": false,
            "is_ultra_restricted": false
        },
        "edited": {
            "user": "U5M5PLH9S",
            "ts": "1540065151.000000"
        },
        "thread_ts": "1538756308.000100",
        "parent_user_id": "UCMBM5C6L"
    },
    {
        "client_msg_id": "11126db2-b28e-40ff-b6b3-d5382be1417c",
        "type": "message",
        "text": "I guess from these few samples that you would have a flat line. May be because your piezos are in the air, hence no waves are transmitted. ",
        "user": "U5M5PLH9S",
        "ts": "1540065211.000100",
        "team": "T5M5PLH8U",
        "user_team": "T5M5PLH8U",
        "source_team": "T5M5PLH8U",
        "user_profile": {
            "avatar_hash": "e4fb6ae9f526",
            "image_72": "https:\/\/avatars.slack-edge.com\/2017-06-01\/191144530514_e4fb6ae9f526531fd41c_72.jpg",
            "first_name": "",
            "real_name": "kelu",
            "display_name": "",
            "team": "T5M5PLH8U",
            "name": "kelu",
            "is_restricted": false,
            "is_ultra_restricted": false
        },
        "thread_ts": "1538756308.000100",
        "parent_user_id": "UCMBM5C6L"
    },
    {
        "client_msg_id": "0d6b507e-0b39-444e-95a0-00de1c655134",
        "type": "message",
        "text": "A look at your jupyter notebook will help understand the situation  ",
        "user": "U5M5PLH9S",
        "ts": "1540065243.000100",
        "team": "T5M5PLH8U",
        "user_team": "T5M5PLH8U",
        "source_team": "T5M5PLH8U",
        "user_profile": {
            "avatar_hash": "e4fb6ae9f526",
            "image_72": "https:\/\/avatars.slack-edge.com\/2017-06-01\/191144530514_e4fb6ae9f526531fd41c_72.jpg",
            "first_name": "",
            "real_name": "kelu",
            "display_name": "",
            "team": "T5M5PLH8U",
            "name": "kelu",
            "is_restricted": false,
            "is_ultra_restricted": false
        },
        "thread_ts": "1538756308.000100",
        "parent_user_id": "UCMBM5C6L"
    }
]