[
    {
        "client_msg_id": "d0176c36-ae87-4ff7-ba8e-1d05813eeb50",
        "type": "message",
        "text": "Hi Fadhli, the easiest then is the fpga board, you only need it, some headers, a raspberry pi or any spi-enabled board (ftdi?) and you can work. With the modules (pulser, adc, analog procession board), you would also need more elements, and another pcb. In total, the fpga board is cheaper.",
        "user": "U5M5PLH9S",
        "ts": "1543516312.000100",
        "team": "T5M5PLH8U",
        "user_team": "T5M5PLH8U",
        "source_team": "T5M5PLH8U",
        "user_profile": {
            "avatar_hash": "e4fb6ae9f526",
            "image_72": "https:\/\/avatars.slack-edge.com\/2017-06-01\/191144530514_e4fb6ae9f526531fd41c_72.jpg",
            "first_name": "",
            "real_name": "kelu",
            "display_name": "",
            "team": "T5M5PLH8U",
            "name": "kelu",
            "is_restricted": false,
            "is_ultra_restricted": false
        },
        "thread_ts": "1543074507.006000",
        "parent_user_id": "U5M5PLH9S"
    }
]