[
    {
        "type": "message",
        "text": "i work in ultrasound but i am not an expert on the technical side, so looking to learn what i can .. i have a raspi and was curious about what was possible. :slightly_smiling_face: looking for a good place to start.",
        "user": "U8R356G2X",
        "ts": "1515719983.000311",
        "team": "T5M5PLH8U",
        "user_team": "T5M5PLH8U",
        "source_team": "T5M5PLH8U",
        "user_profile": {
            "avatar_hash": "g5190879460a",
            "image_72": "https:\/\/secure.gravatar.com\/avatar\/45190879460a55fb4e89dbf2ba76a455.jpg?s=72&d=https%3A%2F%2Fa.slack-edge.com%2Fdf10d%2Fimg%2Favatars%2Fava_0022-72.png",
            "first_name": "Patrick",
            "real_name": "Patrick Teggart",
            "display_name": "Patrick",
            "team": "T5M5PLH8U",
            "name": "patrick.teggart",
            "is_restricted": false,
            "is_ultra_restricted": false
        },
        "thread_ts": "1515719983.000311",
        "reply_count": 1,
        "reply_users_count": 1,
        "latest_reply": "1515741512.000026",
        "reply_users": [
            "U5M5PLH9S"
        ],
        "replies": [
            {
                "user": "U5M5PLH9S",
                "ts": "1515741512.000026"
            }
        ],
        "subscribed": true,
        "last_read": "1515741512.000026"
    },
    {
        "type": "message",
        "text": "Great! You may want to start with this intro :  <https:\/\/kelu124.gitbooks.io\/echomods\/content\/RPI.html>",
        "user": "U5M5PLH9S",
        "ts": "1515741512.000026",
        "team": "T5M5PLH8U",
        "user_team": "T5M5PLH8U",
        "source_team": "T5M5PLH8U",
        "user_profile": {
            "avatar_hash": "e4fb6ae9f526",
            "image_72": "https:\/\/avatars.slack-edge.com\/2017-06-01\/191144530514_e4fb6ae9f526531fd41c_72.jpg",
            "first_name": "",
            "real_name": "kelu",
            "display_name": "",
            "team": "T5M5PLH8U",
            "name": "kelu",
            "is_restricted": false,
            "is_ultra_restricted": false
        },
        "thread_ts": "1515719983.000311",
        "parent_user_id": "U8R356G2X"
    }
]