[
    {
        "type": "message",
        "subtype": "channel_join",
        "ts": "1520512512.000245",
        "user": "U9LGLK3FD",
        "text": "<@U9LGLK3FD> has joined the channel"
    },
    {
        "type": "message",
        "text": "Hello guys. I'm registering with the project, so I've seen it is a lot of information.\n\nTo the naked eye I observe that everything is done based on modules that go on a board of quite large physical dimensions.\n\nI suggest to make a PCB that includes all the modules and also reduce the size. I think it can be done, in fact I dedicate myself to it.\nWhat do you think about using Eagle?",
        "user": "U9LGLK3FD",
        "ts": "1520513219.000191",
        "team": "T5M5PLH8U",
        "user_team": "T5M5PLH8U",
        "source_team": "T5M5PLH8U",
        "user_profile": {
            "avatar_hash": "gff8adacd853",
            "image_72": "https:\/\/secure.gravatar.com\/avatar\/fff8adacd8537b356da83167a501c779.jpg?s=72&d=https%3A%2F%2Fa.slack-edge.com%2Fdf10d%2Fimg%2Favatars%2Fava_0011-72.png",
            "first_name": "",
            "real_name": "ever quiñones",
            "display_name": "everq32",
            "team": "T5M5PLH8U",
            "name": "ever.q21",
            "is_restricted": false,
            "is_ultra_restricted": false
        }
    },
    {
        "client_msg_id": "f541bc6b-1276-4ec6-b957-07b111451cd5",
        "type": "message",
        "text": "Hi <@U9LGLK3FD>! Glad to see you there :) modules are indeed relatively large, while handy for makers in the sense that functions can easily be swapped \/improved without touching the rest. Moreover, all signals are easily accessible for ease of reference.",
        "user": "U5M5PLH9S",
        "ts": "1520513645.000209",
        "team": "T5M5PLH8U",
        "user_team": "T5M5PLH8U",
        "source_team": "T5M5PLH8U",
        "user_profile": {
            "avatar_hash": "e4fb6ae9f526",
            "image_72": "https:\/\/avatars.slack-edge.com\/2017-06-01\/191144530514_e4fb6ae9f526531fd41c_72.jpg",
            "first_name": "",
            "real_name": "kelu",
            "display_name": "",
            "team": "T5M5PLH8U",
            "name": "kelu",
            "is_restricted": false,
            "is_ultra_restricted": false
        }
    },
    {
        "client_msg_id": "38edda6f-4410-47da-8e4c-1f2db3361018",
        "type": "message",
        "text": "A one-board design has been made - - see channel <#C9H58ADJT|ice40> for reference :)",
        "user": "U5M5PLH9S",
        "ts": "1520513704.000242",
        "team": "T5M5PLH8U",
        "user_team": "T5M5PLH8U",
        "source_team": "T5M5PLH8U",
        "user_profile": {
            "avatar_hash": "e4fb6ae9f526",
            "image_72": "https:\/\/avatars.slack-edge.com\/2017-06-01\/191144530514_e4fb6ae9f526531fd41c_72.jpg",
            "first_name": "",
            "real_name": "kelu",
            "display_name": "",
            "team": "T5M5PLH8U",
            "name": "kelu",
            "is_restricted": false,
            "is_ultra_restricted": false
        }
    }
]