[
    {
        "type": "message",
        "subtype": "channel_join",
        "ts": "1540473806.000200",
        "user": "UDN5W9N75",
        "text": "<@UDN5W9N75> has joined the channel"
    },
    {
        "client_msg_id": "e652433d-5eda-482a-95e5-0ac58bb70f7b",
        "type": "message",
        "text": "Hey <@UDM8NN4M6> and <@UDN5W9N75>! Welcome",
        "user": "U5M5PLH9S",
        "ts": "1540483151.000100",
        "team": "T5M5PLH8U",
        "user_team": "T5M5PLH8U",
        "source_team": "T5M5PLH8U",
        "user_profile": {
            "avatar_hash": "e4fb6ae9f526",
            "image_72": "https:\/\/avatars.slack-edge.com\/2017-06-01\/191144530514_e4fb6ae9f526531fd41c_72.jpg",
            "first_name": "",
            "real_name": "kelu",
            "display_name": "",
            "team": "T5M5PLH8U",
            "name": "kelu",
            "is_restricted": false,
            "is_ultra_restricted": false
        }
    }
]