[
    {
        "type": "message",
        "text": "<@U5M5PLH9S> I'm having doubts on the values you have for the capacitors on the AD5511 component (the envelope detector).\nWhat carrier frequency did you chose to select the capacitor values for the filters?\n\nFor FLT1, using 39pF, I'm calculating a carrier of only ~480kHz.\nIs this correct ?\nSince the transducer work in the order of the MHz.\n\nI don't know what values should be used here.",
        "user": "U8DP2NWAD",
        "ts": "1524150155.000626",
        "team": "T5M5PLH8U",
        "user_team": "T5M5PLH8U",
        "source_team": "T5M5PLH8U",
        "user_profile": {
            "avatar_hash": "ge8fe12d48f6",
            "image_72": "https:\/\/secure.gravatar.com\/avatar\/be8fe12d48f65fa83f69d7849035f8c3.jpg?s=72&d=https%3A%2F%2Fa.slack-edge.com%2Fdf10d%2Fimg%2Favatars%2Fava_0024-72.png",
            "first_name": "",
            "real_name": "Tomás Glaría",
            "display_name": "tglaria",
            "team": "T5M5PLH8U",
            "name": "tglaria",
            "is_restricted": false,
            "is_ultra_restricted": false
        }
    },
    {
        "client_msg_id": "51ccd8aa-5b18-4854-8c7e-77e9ecad3f30",
        "type": "message",
        "text": "Flt1 is for the low hand",
        "user": "U5M5PLH9S",
        "ts": "1524151260.000384",
        "team": "T5M5PLH8U",
        "user_team": "T5M5PLH8U",
        "source_team": "T5M5PLH8U",
        "user_profile": {
            "avatar_hash": "e4fb6ae9f526",
            "image_72": "https:\/\/avatars.slack-edge.com\/2017-06-01\/191144530514_e4fb6ae9f526531fd41c_72.jpg",
            "first_name": "",
            "real_name": "kelu",
            "display_name": "",
            "team": "T5M5PLH8U",
            "name": "kelu",
            "is_restricted": false,
            "is_ultra_restricted": false
        }
    },
    {
        "client_msg_id": "d32929a4-f6fc-4dad-9415-7293d612826f",
        "type": "message",
        "text": "The setup works at even higher freqs",
        "user": "U5M5PLH9S",
        "ts": "1524151290.000621",
        "team": "T5M5PLH8U",
        "user_team": "T5M5PLH8U",
        "source_team": "T5M5PLH8U",
        "user_profile": {
            "avatar_hash": "e4fb6ae9f526",
            "image_72": "https:\/\/avatars.slack-edge.com\/2017-06-01\/191144530514_e4fb6ae9f526531fd41c_72.jpg",
            "first_name": "",
            "real_name": "kelu",
            "display_name": "",
            "team": "T5M5PLH8U",
            "name": "kelu",
            "is_restricted": false,
            "is_ultra_restricted": false
        }
    },
    {
        "client_msg_id": "7e25a88d-44e0-4841-9bb0-771d7c30adec",
        "type": "message",
        "text": "See table2: adl5511 works at 700mhz + so one needs to lower the limit",
        "user": "U5M5PLH9S",
        "ts": "1524151509.000049",
        "team": "T5M5PLH8U",
        "user_team": "T5M5PLH8U",
        "source_team": "T5M5PLH8U",
        "user_profile": {
            "avatar_hash": "e4fb6ae9f526",
            "image_72": "https:\/\/avatars.slack-edge.com\/2017-06-01\/191144530514_e4fb6ae9f526531fd41c_72.jpg",
            "first_name": "",
            "real_name": "kelu",
            "display_name": "",
            "team": "T5M5PLH8U",
            "name": "kelu",
            "is_restricted": false,
            "is_ultra_restricted": false
        }
    },
    {
        "type": "message",
        "text": "Table 2 ?",
        "user": "U8DP2NWAD",
        "ts": "1524168422.000240",
        "team": "T5M5PLH8U",
        "user_team": "T5M5PLH8U",
        "source_team": "T5M5PLH8U",
        "user_profile": {
            "avatar_hash": "ge8fe12d48f6",
            "image_72": "https:\/\/secure.gravatar.com\/avatar\/be8fe12d48f65fa83f69d7849035f8c3.jpg?s=72&d=https%3A%2F%2Fa.slack-edge.com%2Fdf10d%2Fimg%2Favatars%2Fava_0024-72.png",
            "first_name": "",
            "real_name": "Tomás Glaría",
            "display_name": "tglaria",
            "team": "T5M5PLH8U",
            "name": "tglaria",
            "is_restricted": false,
            "is_ultra_restricted": false
        },
        "thread_ts": "1524168422.000240",
        "reply_count": 1,
        "reply_users_count": 1,
        "latest_reply": "1524297855.000073",
        "reply_users": [
            "U5M5PLH9S"
        ],
        "replies": [
            {
                "user": "U5M5PLH9S",
                "ts": "1524297855.000073"
            }
        ],
        "subscribed": true,
        "last_read": "1524297855.000073"
    },
    {
        "type": "message",
        "subtype": "channel_join",
        "ts": "1524179177.000074",
        "user": "UAB3ZFADD",
        "text": "<@UAB3ZFADD> has joined the channel"
    }
]