[
    {
        "client_msg_id": "3b76bb03-418f-44dc-95ae-e2573f69b866",
        "type": "message",
        "text": "I would recommend a simple Ubuntu (what I'm using) ",
        "user": "U5M5PLH9S",
        "ts": "1537603047.000100",
        "team": "T5M5PLH8U",
        "user_team": "T5M5PLH8U",
        "source_team": "T5M5PLH8U",
        "user_profile": {
            "avatar_hash": "e4fb6ae9f526",
            "image_72": "https:\/\/avatars.slack-edge.com\/2017-06-01\/191144530514_e4fb6ae9f526531fd41c_72.jpg",
            "first_name": "",
            "real_name": "kelu",
            "display_name": "",
            "team": "T5M5PLH8U",
            "name": "kelu",
            "is_restricted": false,
            "is_ultra_restricted": false
        },
        "thread_ts": "1537250484.000100",
        "parent_user_id": "UBDQLMATZ"
    }
]