[
    {
        "client_msg_id": "e5350042-2360-4338-82a4-443d570a0517",
        "type": "message",
        "text": "<@U5M5PLH9S> caps before DC converter? I think only after DC can help caps with low ESR but ceramic caps have crazy price 100uF\/100V more then $20: <https:\/\/www.digikey.com\/product-detail\/en\/united-chemi-con\/KTD101B107M99A0B00\/565-4650-ND\/6189640>",
        "user": "UCC8Q9FNK",
        "ts": "1535199605.000100",
        "team": "T5M5PLH8U",
        "user_team": "T5M5PLH8U",
        "source_team": "T5M5PLH8U",
        "user_profile": {
            "avatar_hash": "g8b2169afe82",
            "image_72": "https:\/\/secure.gravatar.com\/avatar\/a8b2169afe82286790524d219b4962b8.jpg?s=72&d=https%3A%2F%2Fa.slack-edge.com%2Fdf10d%2Fimg%2Favatars%2Fava_0008-72.png",
            "first_name": "",
            "real_name": "Tomas",
            "display_name": "Tomas",
            "team": "T5M5PLH8U",
            "name": "tomorl",
            "is_restricted": false,
            "is_ultra_restricted": false
        },
        "attachments": [
            {
                "title": "KTD101B107M99A0B00 United Chemi-Con | Capacitors | DigiKey",
                "title_link": "https:\/\/www.digikey.com\/product-detail\/en\/united-chemi-con\/KTD101B107M99A0B00\/565-4650-ND\/6189640",
                "text": "100µF ±20% 100V Ceramic Capacitor X7R Radial",
                "fallback": "KTD101B107M99A0B00 United Chemi-Con | Capacitors | DigiKey",
                "from_url": "https:\/\/www.digikey.com\/product-detail\/en\/united-chemi-con\/KTD101B107M99A0B00\/565-4650-ND\/6189640",
                "service_name": "digikey.com",
                "id": 1,
                "original_url": "https:\/\/www.digikey.com\/product-detail\/en\/united-chemi-con\/KTD101B107M99A0B00\/565-4650-ND\/6189640"
            }
        ]
    },
    {
        "type": "message",
        "subtype": "channel_join",
        "ts": "1535221125.000200",
        "user": "UCEM0M03B",
        "text": "<@UCEM0M03B> has joined the channel"
    },
    {
        "client_msg_id": "a3dc134c-2074-49a0-beb8-241535ac306d",
        "type": "message",
        "text": "Hey everyone. My name’s Lucas. I am working with a group at Georgia Tech to implement ultrasound in a novel way for spinal access procedures. We are excited to learn and participate in the community!",
        "user": "UCEM0M03B",
        "ts": "1535226378.000100",
        "team": "T5M5PLH8U",
        "user_team": "T5M5PLH8U",
        "source_team": "T5M5PLH8U",
        "user_profile": {
            "avatar_hash": "g8df861d6e1a",
            "image_72": "https:\/\/secure.gravatar.com\/avatar\/38df861d6e1a4873e56759ff168031d2.jpg?s=72&d=https%3A%2F%2Fa.slack-edge.com%2Fdf10d%2Fimg%2Favatars%2Fava_0017-72.png",
            "first_name": "",
            "real_name": "Lucas Muller",
            "display_name": "Lucas Muller",
            "team": "T5M5PLH8U",
            "name": "muller.gatech",
            "is_restricted": false,
            "is_ultra_restricted": false
        },
        "thread_ts": "1535226378.000100",
        "reply_count": 3,
        "reply_users_count": 2,
        "latest_reply": "1535401545.000100",
        "reply_users": [
            "U5M5PLH9S",
            "UCEM0M03B"
        ],
        "replies": [
            {
                "user": "U5M5PLH9S",
                "ts": "1535270166.000100"
            },
            {
                "user": "UCEM0M03B",
                "ts": "1535310933.000100"
            },
            {
                "user": "U5M5PLH9S",
                "ts": "1535401545.000100"
            }
        ],
        "subscribed": true,
        "last_read": "1535401545.000100",
        "reactions": [
            {
                "name": "wave",
                "users": [
                    "U5M5PLH9S",
                    "U8Z3VB1T2"
                ],
                "count": 2
            }
        ]
    }
]