[
    {
        "client_msg_id": "f86186b6-c03b-4931-884c-1c93756ecbc0",
        "type": "message",
        "text": "Hey Dean,  following up with Fab, seems end of month.. Will keep you posted. Cheers!",
        "user": "U5M5PLH9S",
        "ts": "1531404702.000507",
        "team": "T5M5PLH8U",
        "user_team": "T5M5PLH8U",
        "source_team": "T5M5PLH8U",
        "user_profile": {
            "avatar_hash": "e4fb6ae9f526",
            "image_72": "https:\/\/avatars.slack-edge.com\/2017-06-01\/191144530514_e4fb6ae9f526531fd41c_72.jpg",
            "first_name": "",
            "real_name": "kelu",
            "display_name": "",
            "team": "T5M5PLH8U",
            "name": "kelu",
            "is_restricted": false,
            "is_ultra_restricted": false
        },
        "reactions": [
            {
                "name": "slightly_smiling_face",
                "users": [
                    "UBDQLMATZ"
                ],
                "count": 1
            }
        ]
    }
]