[
    {
        "type": "message",
        "text": "So I have my raspberry pi connected on a screen, loaded with the image. Where could I find the driver code browsing through on the raspberry pi?",
        "user": "U923YT3B4",
        "ts": "1527231762.000274",
        "team": "T5M5PLH8U",
        "user_team": "T5M5PLH8U",
        "source_team": "T5M5PLH8U",
        "user_profile": {
            "avatar_hash": "6710a205a9be",
            "image_72": "https:\/\/avatars.slack-edge.com\/2018-02-01\/308040121987_6710a205a9beb27d3764_72.jpg",
            "first_name": "Kevin",
            "real_name": "Kevin Bui",
            "display_name": "",
            "team": "T5M5PLH8U",
            "name": "khvbui",
            "is_restricted": false,
            "is_ultra_restricted": false
        },
        "thread_ts": "1527230860.000291",
        "parent_user_id": "U923YT3B4"
    },
    {
        "type": "message",
        "text": "Oh wait, I think I've found it all now! Thank you!",
        "user": "U923YT3B4",
        "ts": "1527232184.000394",
        "team": "T5M5PLH8U",
        "user_team": "T5M5PLH8U",
        "source_team": "T5M5PLH8U",
        "user_profile": {
            "avatar_hash": "6710a205a9be",
            "image_72": "https:\/\/avatars.slack-edge.com\/2018-02-01\/308040121987_6710a205a9beb27d3764_72.jpg",
            "first_name": "Kevin",
            "real_name": "Kevin Bui",
            "display_name": "",
            "team": "T5M5PLH8U",
            "name": "khvbui",
            "is_restricted": false,
            "is_ultra_restricted": false
        },
        "thread_ts": "1527230860.000291",
        "parent_user_id": "U923YT3B4",
        "reactions": [
            {
                "name": "+1",
                "users": [
                    "U5M5PLH9S"
                ],
                "count": 1
            }
        ]
    },
    {
        "type": "message",
        "text": "When i try to run: .\/run\/sh through the terminal as per this page: <https:\/\/github.com\/kelu124\/echomods\/tree\/master\/retired\/tomtom>\nI get the result:\ninsmod: ERROR: could not insert module .\/scope.ko: Invalid module format",
        "user": "U923YT3B4",
        "ts": "1527232921.000047",
        "team": "T5M5PLH8U",
        "user_team": "T5M5PLH8U",
        "source_team": "T5M5PLH8U",
        "user_profile": {
            "avatar_hash": "6710a205a9be",
            "image_72": "https:\/\/avatars.slack-edge.com\/2018-02-01\/308040121987_6710a205a9beb27d3764_72.jpg",
            "first_name": "Kevin",
            "real_name": "Kevin Bui",
            "display_name": "",
            "team": "T5M5PLH8U",
            "name": "khvbui",
            "is_restricted": false,
            "is_ultra_restricted": false
        },
        "thread_ts": "1527230860.000291",
        "parent_user_id": "U923YT3B4"
    },
    {
        "type": "message",
        "text": "Excecuting the run.sh file directly on the raspberry pi screen seems to not show anything though, so I don't know if it worked or not?",
        "user": "U923YT3B4",
        "ts": "1527233007.000045",
        "team": "T5M5PLH8U",
        "user_team": "T5M5PLH8U",
        "source_team": "T5M5PLH8U",
        "user_profile": {
            "avatar_hash": "6710a205a9be",
            "image_72": "https:\/\/avatars.slack-edge.com\/2018-02-01\/308040121987_6710a205a9beb27d3764_72.jpg",
            "first_name": "Kevin",
            "real_name": "Kevin Bui",
            "display_name": "",
            "team": "T5M5PLH8U",
            "name": "khvbui",
            "is_restricted": false,
            "is_ultra_restricted": false
        },
        "thread_ts": "1527230860.000291",
        "parent_user_id": "U923YT3B4"
    },
    {
        "type": "message",
        "text": "In addition, the quickstart page says \"You'll see that the module appears as a \/dev\/chardev device.\"\nBut I don't seem to know where this appears at?",
        "user": "U923YT3B4",
        "ts": "1527233108.000399",
        "team": "T5M5PLH8U",
        "user_team": "T5M5PLH8U",
        "source_team": "T5M5PLH8U",
        "user_profile": {
            "avatar_hash": "6710a205a9be",
            "image_72": "https:\/\/avatars.slack-edge.com\/2018-02-01\/308040121987_6710a205a9beb27d3764_72.jpg",
            "first_name": "Kevin",
            "real_name": "Kevin Bui",
            "display_name": "",
            "team": "T5M5PLH8U",
            "name": "khvbui",
            "is_restricted": false,
            "is_ultra_restricted": false
        },
        "thread_ts": "1527230860.000291",
        "parent_user_id": "U923YT3B4"
    },
    {
        "type": "message",
        "text": "Apologies for all the questions, I'm rather new at using the raspberry pi haha",
        "user": "U923YT3B4",
        "ts": "1527233119.000333",
        "team": "T5M5PLH8U",
        "user_team": "T5M5PLH8U",
        "source_team": "T5M5PLH8U",
        "user_profile": {
            "avatar_hash": "6710a205a9be",
            "image_72": "https:\/\/avatars.slack-edge.com\/2018-02-01\/308040121987_6710a205a9beb27d3764_72.jpg",
            "first_name": "Kevin",
            "real_name": "Kevin Bui",
            "display_name": "",
            "team": "T5M5PLH8U",
            "name": "khvbui",
            "is_restricted": false,
            "is_ultra_restricted": false
        },
        "thread_ts": "1527230860.000291",
        "parent_user_id": "U923YT3B4"
    },
    {
        "client_msg_id": "9ef661f6-eafe-47ec-b582-87cf8261c1ab",
        "type": "message",
        "text": "Haha",
        "user": "U5M5PLH9S",
        "ts": "1527236662.000128",
        "team": "T5M5PLH8U",
        "user_team": "T5M5PLH8U",
        "source_team": "T5M5PLH8U",
        "user_profile": {
            "avatar_hash": "e4fb6ae9f526",
            "image_72": "https:\/\/avatars.slack-edge.com\/2017-06-01\/191144530514_e4fb6ae9f526531fd41c_72.jpg",
            "first_name": "",
            "real_name": "kelu",
            "display_name": "",
            "team": "T5M5PLH8U",
            "name": "kelu",
            "is_restricted": false,
            "is_ultra_restricted": false
        },
        "thread_ts": "1527230860.000291",
        "parent_user_id": "U923YT3B4"
    },
    {
        "client_msg_id": "ef8bb6b3-69a2-4c23-a24c-c42c8837ed8d",
        "type": "message",
        "text": "The \/dev\/chardev appears once the module is loaded",
        "user": "U5M5PLH9S",
        "ts": "1527236734.000504",
        "team": "T5M5PLH8U",
        "user_team": "T5M5PLH8U",
        "source_team": "T5M5PLH8U",
        "user_profile": {
            "avatar_hash": "e4fb6ae9f526",
            "image_72": "https:\/\/avatars.slack-edge.com\/2017-06-01\/191144530514_e4fb6ae9f526531fd41c_72.jpg",
            "first_name": "",
            "real_name": "kelu",
            "display_name": "",
            "team": "T5M5PLH8U",
            "name": "kelu",
            "is_restricted": false,
            "is_ultra_restricted": false
        },
        "thread_ts": "1527230860.000291",
        "parent_user_id": "U923YT3B4"
    },
    {
        "type": "message",
        "text": ":+1:",
        "user": "U8DP2NWAD",
        "ts": "1527260598.000246",
        "team": "T5M5PLH8U",
        "user_team": "T5M5PLH8U",
        "source_team": "T5M5PLH8U",
        "user_profile": {
            "avatar_hash": "ge8fe12d48f6",
            "image_72": "https:\/\/secure.gravatar.com\/avatar\/be8fe12d48f65fa83f69d7849035f8c3.jpg?s=72&d=https%3A%2F%2Fa.slack-edge.com%2Fdf10d%2Fimg%2Favatars%2Fava_0024-72.png",
            "first_name": "",
            "real_name": "Tomás Glaría",
            "display_name": "tglaria",
            "team": "T5M5PLH8U",
            "name": "tglaria",
            "is_restricted": false,
            "is_ultra_restricted": false
        }
    }
]