[
    {
        "client_msg_id": "ff507fe5-0319-44f2-ad45-ea718e0538a0",
        "type": "message",
        "text": "Awesome! Which piezo do you use? Purely NDT, focused, immersible? What's the brand?",
        "user": "U5M5PLH9S",
        "ts": "1546020567.011100",
        "team": "T5M5PLH8U",
        "user_team": "T5M5PLH8U",
        "source_team": "T5M5PLH8U",
        "user_profile": {
            "avatar_hash": "e4fb6ae9f526",
            "image_72": "https:\/\/avatars.slack-edge.com\/2017-06-01\/191144530514_e4fb6ae9f526531fd41c_72.jpg",
            "first_name": "",
            "real_name": "kelu",
            "display_name": "",
            "team": "T5M5PLH8U",
            "name": "kelu",
            "is_restricted": false,
            "is_ultra_restricted": false
        },
        "thread_ts": "1545929948.008000",
        "parent_user_id": "UF0SXEJ0M"
    },
    {
        "client_msg_id": "b8d16336-9486-432c-924f-98429fd53a80",
        "type": "message",
        "text": "I'm using the Lattice toolchain -- more precisely i did the first binaries using it, now shifting to the CLI using the open source toolchain yosys+arachnepnr -- the reason I've chosen the Lattice ice40 family.\nYup, the Arduino board seems neat! But it doesnt have (yet?) the open source toolchain behind it and the community the ICE40s have.",
        "user": "U5M5PLH9S",
        "ts": "1546020654.011300",
        "team": "T5M5PLH8U",
        "user_team": "T5M5PLH8U",
        "source_team": "T5M5PLH8U",
        "user_profile": {
            "avatar_hash": "e4fb6ae9f526",
            "image_72": "https:\/\/avatars.slack-edge.com\/2017-06-01\/191144530514_e4fb6ae9f526531fd41c_72.jpg",
            "first_name": "",
            "real_name": "kelu",
            "display_name": "",
            "team": "T5M5PLH8U",
            "name": "kelu",
            "is_restricted": false,
            "is_ultra_restricted": false
        },
        "thread_ts": "1545929948.008000",
        "parent_user_id": "UF0SXEJ0M"
    },
    {
        "client_msg_id": "9febe63f-b769-4e86-a631-bbf38f9f69da",
        "type": "message",
        "text": "Happy to have a look at the boards you did. I did also a few (<https:\/\/github.com\/kelu124\/echomods\/> ) using MC ICs.",
        "user": "U5M5PLH9S",
        "ts": "1546020712.011500",
        "team": "T5M5PLH8U",
        "user_team": "T5M5PLH8U",
        "source_team": "T5M5PLH8U",
        "user_profile": {
            "avatar_hash": "e4fb6ae9f526",
            "image_72": "https:\/\/avatars.slack-edge.com\/2017-06-01\/191144530514_e4fb6ae9f526531fd41c_72.jpg",
            "first_name": "",
            "real_name": "kelu",
            "display_name": "",
            "team": "T5M5PLH8U",
            "name": "kelu",
            "is_restricted": false,
            "is_ultra_restricted": false
        },
        "thread_ts": "1545930762.011000",
        "parent_user_id": "UF0SXEJ0M"
    },
    {
        "client_msg_id": "e0828e3a-7654-46f0-b1cb-a34f1ea897cc",
        "type": "message",
        "text": "I would definitely recommend you to go with an external controler (fpga or other) to guarantee real time and logic management. With an API to the hardware, it's easier to separate soft and hard. EG, I'm using SPI to control all parameters for an acquisition.",
        "user": "U5M5PLH9S",
        "ts": "1546020781.011700",
        "team": "T5M5PLH8U",
        "user_team": "T5M5PLH8U",
        "source_team": "T5M5PLH8U",
        "user_profile": {
            "avatar_hash": "e4fb6ae9f526",
            "image_72": "https:\/\/avatars.slack-edge.com\/2017-06-01\/191144530514_e4fb6ae9f526531fd41c_72.jpg",
            "first_name": "",
            "real_name": "kelu",
            "display_name": "",
            "team": "T5M5PLH8U",
            "name": "kelu",
            "is_restricted": false,
            "is_ultra_restricted": false
        },
        "thread_ts": "1545930762.011000",
        "parent_user_id": "UF0SXEJ0M"
    },
    {
        "client_msg_id": "39d62b4f-4fd2-46dc-bbb2-17d9db8b4936",
        "type": "message",
        "text": "Don't hesitate to share your boards here, I guess at least a few persons would be curious :smiley:",
        "user": "U5M5PLH9S",
        "ts": "1546020807.012400",
        "team": "T5M5PLH8U",
        "user_team": "T5M5PLH8U",
        "source_team": "T5M5PLH8U",
        "user_profile": {
            "avatar_hash": "e4fb6ae9f526",
            "image_72": "https:\/\/avatars.slack-edge.com\/2017-06-01\/191144530514_e4fb6ae9f526531fd41c_72.jpg",
            "first_name": "",
            "real_name": "kelu",
            "display_name": "",
            "team": "T5M5PLH8U",
            "name": "kelu",
            "is_restricted": false,
            "is_ultra_restricted": false
        }
    },
    {
        "type": "message",
        "text": "HV7350 8ch 150V Ultrasound Pulser w\/ XC95***XL CPLD Chip, with Arduino Headers Built in for Serial Control - Schematic",
        "files": [
            {
                "id": "FF2P6TXB3",
                "created": 1546047924,
                "timestamp": 1546047924,
                "name": "C15006_sch.pdf",
                "title": "C15006_sch.pdf",
                "mimetype": "application\/pdf",
                "filetype": "pdf",
                "pretty_type": "PDF",
                "user": "UF0SXEJ0M",
                "editable": false,
                "size": 115209,
                "mode": "hosted",
                "is_external": false,
                "external_type": "",
                "is_public": true,
                "public_url_shared": false,
                "display_as_bot": false,
                "username": "",
                "url_private": "https:\/\/files.slack.com\/files-pri\/T5M5PLH8U-FF2P6TXB3\/c15006_sch.pdf?t=xoxe-191193697300-964750812979-978081040215-70140a522cd1d53d5dacb8121ac10305",
                "url_private_download": "https:\/\/files.slack.com\/files-pri\/T5M5PLH8U-FF2P6TXB3\/download\/c15006_sch.pdf?t=xoxe-191193697300-964750812979-978081040215-70140a522cd1d53d5dacb8121ac10305",
                "thumb_pdf": "https:\/\/files.slack.com\/files-tmb\/T5M5PLH8U-FF2P6TXB3-ca339e1a57\/c15006_sch_thumb_pdf.png?t=xoxe-191193697300-964750812979-978081040215-70140a522cd1d53d5dacb8121ac10305",
                "thumb_pdf_w": 1870,
                "thumb_pdf_h": 1210,
                "permalink": "https:\/\/usdevkit.slack.com\/files\/UF0SXEJ0M\/FF2P6TXB3\/c15006_sch.pdf",
                "permalink_public": "https:\/\/slack-files.com\/T5M5PLH8U-FF2P6TXB3-2d77d81ff3",
                "is_starred": false,
                "has_rich_preview": false
            }
        ],
        "upload": true,
        "user": "UF0SXEJ0M",
        "display_as_bot": false,
        "ts": "1546047926.012500"
    },
    {
        "type": "message",
        "text": "HV7350 8ch 150V Ultrasound Pulser w\/ XC95***XL CPLD Chip, with Arduino Headers Built in for Serial Control - Board Layout \/ Stacks",
        "files": [
            {
                "id": "FF38FKW5R",
                "created": 1546047973,
                "timestamp": 1546047973,
                "name": "C15006_PHO.pdf",
                "title": "C15006_PHO.pdf",
                "mimetype": "application\/pdf",
                "filetype": "pdf",
                "pretty_type": "PDF",
                "user": "UF0SXEJ0M",
                "editable": false,
                "size": 733237,
                "mode": "hosted",
                "is_external": false,
                "external_type": "",
                "is_public": true,
                "public_url_shared": false,
                "display_as_bot": false,
                "username": "",
                "url_private": "https:\/\/files.slack.com\/files-pri\/T5M5PLH8U-FF38FKW5R\/c15006_pho.pdf?t=xoxe-191193697300-964750812979-978081040215-70140a522cd1d53d5dacb8121ac10305",
                "url_private_download": "https:\/\/files.slack.com\/files-pri\/T5M5PLH8U-FF38FKW5R\/download\/c15006_pho.pdf?t=xoxe-191193697300-964750812979-978081040215-70140a522cd1d53d5dacb8121ac10305",
                "thumb_pdf": "https:\/\/files.slack.com\/files-tmb\/T5M5PLH8U-FF38FKW5R-eee9323da6\/c15006_pho_thumb_pdf.png?t=xoxe-191193697300-964750812979-978081040215-70140a522cd1d53d5dacb8121ac10305",
                "thumb_pdf_w": 1870,
                "thumb_pdf_h": 1210,
                "permalink": "https:\/\/usdevkit.slack.com\/files\/UF0SXEJ0M\/FF38FKW5R\/c15006_pho.pdf",
                "permalink_public": "https:\/\/slack-files.com\/T5M5PLH8U-FF38FKW5R-16d673ecfe",
                "is_starred": false,
                "has_rich_preview": false
            }
        ],
        "upload": true,
        "user": "UF0SXEJ0M",
        "display_as_bot": false,
        "ts": "1546047976.013100",
        "thread_ts": "1546047976.013100",
        "reply_count": 6,
        "reply_users_count": 2,
        "latest_reply": "1546112031.019800",
        "reply_users": [
            "U5M5PLH9S",
            "UF0SXEJ0M"
        ],
        "replies": [
            {
                "user": "U5M5PLH9S",
                "ts": "1546110231.015700"
            },
            {
                "user": "UF0SXEJ0M",
                "ts": "1546111889.016800"
            },
            {
                "user": "UF0SXEJ0M",
                "ts": "1546111938.017000"
            },
            {
                "user": "UF0SXEJ0M",
                "ts": "1546111943.017400"
            },
            {
                "user": "UF0SXEJ0M",
                "ts": "1546112030.019600"
            },
            {
                "user": "UF0SXEJ0M",
                "ts": "1546112031.019800"
            }
        ],
        "subscribed": true,
        "last_read": "1546114712.000530"
    },
    {
        "client_msg_id": "f2319320-af9a-43fe-b487-fe014775b45c",
        "type": "message",
        "text": "Here's an old one that also used a 144pin CPLD to control everything, and it was for a Unipolar board. The downside with the HV7350 is there is a power up sequence that you *must* follow, and I didn't like that. Neither did anyone else.",
        "user": "UF0SXEJ0M",
        "ts": "1546048030.014300",
        "team": "T5M5PLH8U",
        "user_team": "T5M5PLH8U",
        "source_team": "T5M5PLH8U",
        "user_profile": {
            "avatar_hash": "caf9f1375af3",
            "image_72": "https:\/\/avatars.slack-edge.com\/2019-02-12\/549018718117_caf9f1375af3bfa9e7a6_72.jpg",
            "first_name": "Sterling",
            "real_name": "Sterling Cooley",
            "display_name": "Sterling",
            "team": "T5M5PLH8U",
            "name": "percyacct2020",
            "is_restricted": false,
            "is_ultra_restricted": false
        }
    }
]