[
    {
        "type": "message",
        "text": "Table2 of AL5511 datasheet :smiley:",
        "user": "U5M5PLH9S",
        "ts": "1524297855.000073",
        "team": "T5M5PLH8U",
        "user_team": "T5M5PLH8U",
        "source_team": "T5M5PLH8U",
        "user_profile": {
            "avatar_hash": "e4fb6ae9f526",
            "image_72": "https:\/\/avatars.slack-edge.com\/2017-06-01\/191144530514_e4fb6ae9f526531fd41c_72.jpg",
            "first_name": "",
            "real_name": "kelu",
            "display_name": "",
            "team": "T5M5PLH8U",
            "name": "kelu",
            "is_restricted": false,
            "is_ultra_restricted": false
        },
        "thread_ts": "1524168422.000240",
        "parent_user_id": "U8DP2NWAD"
    },
    {
        "type": "message",
        "text": "<@U96FLN61K>, you will find updated tests on modules + probe (it's with a piezo but replicable to the probe changing two lines of code) at <https:\/\/github.com\/kelu124\/echomods\/tree\/master\/include\/20180415r>",
        "user": "U5M5PLH9S",
        "ts": "1524297910.000040",
        "team": "T5M5PLH8U",
        "user_team": "T5M5PLH8U",
        "source_team": "T5M5PLH8U",
        "user_profile": {
            "avatar_hash": "e4fb6ae9f526",
            "image_72": "https:\/\/avatars.slack-edge.com\/2017-06-01\/191144530514_e4fb6ae9f526531fd41c_72.jpg",
            "first_name": "",
            "real_name": "kelu",
            "display_name": "",
            "team": "T5M5PLH8U",
            "name": "kelu",
            "is_restricted": false,
            "is_ultra_restricted": false
        }
    },
    {
        "type": "message",
        "text": "Hi <@U8KNQSN1E>, new batches are prepared this month, QA passed ( see full chain here : <https:\/\/github.com\/kelu124\/echomods\/tree\/master\/include\/20180415r> ). Should be appearing soon on Tindie !",
        "user": "U5M5PLH9S",
        "ts": "1524298436.000071",
        "team": "T5M5PLH8U",
        "user_team": "T5M5PLH8U",
        "source_team": "T5M5PLH8U",
        "user_profile": {
            "avatar_hash": "e4fb6ae9f526",
            "image_72": "https:\/\/avatars.slack-edge.com\/2017-06-01\/191144530514_e4fb6ae9f526531fd41c_72.jpg",
            "first_name": "",
            "real_name": "kelu",
            "display_name": "",
            "team": "T5M5PLH8U",
            "name": "kelu",
            "is_restricted": false,
            "is_ultra_restricted": false
        },
        "thread_ts": "1514685803.000046",
        "parent_user_id": "U8KNQSN1E"
    },
    {
        "type": "message",
        "text": "Hey <@U8Z3VB1T2> btw I see your design is shifting to using MD1213 and TC6320 ?",
        "user": "U5M5PLH9S",
        "ts": "1524298697.000040",
        "team": "T5M5PLH8U",
        "user_team": "T5M5PLH8U",
        "source_team": "T5M5PLH8U",
        "user_profile": {
            "avatar_hash": "e4fb6ae9f526",
            "image_72": "https:\/\/avatars.slack-edge.com\/2017-06-01\/191144530514_e4fb6ae9f526531fd41c_72.jpg",
            "first_name": "",
            "real_name": "kelu",
            "display_name": "",
            "team": "T5M5PLH8U",
            "name": "kelu",
            "is_restricted": false,
            "is_ultra_restricted": false
        }
    },
    {
        "type": "message",
        "text": "you should try adding a gyroscope to the inputs to your DAQ :wink:",
        "user": "U5M5PLH9S",
        "ts": "1524298761.000014",
        "team": "T5M5PLH8U",
        "user_team": "T5M5PLH8U",
        "source_team": "T5M5PLH8U",
        "user_profile": {
            "avatar_hash": "e4fb6ae9f526",
            "image_72": "https:\/\/avatars.slack-edge.com\/2017-06-01\/191144530514_e4fb6ae9f526531fd41c_72.jpg",
            "first_name": "",
            "real_name": "kelu",
            "display_name": "",
            "team": "T5M5PLH8U",
            "name": "kelu",
            "is_restricted": false,
            "is_ultra_restricted": false
        }
    }
]