[
    {
        "client_msg_id": "aaf56374-e9c5-4b0a-9e26-355c1f55aebb",
        "type": "message",
        "text": "Arf",
        "user": "U5M5PLH9S",
        "ts": "1521626942.000172",
        "team": "T5M5PLH8U",
        "user_team": "T5M5PLH8U",
        "source_team": "T5M5PLH8U",
        "user_profile": {
            "avatar_hash": "e4fb6ae9f526",
            "image_72": "https:\/\/avatars.slack-edge.com\/2017-06-01\/191144530514_e4fb6ae9f526531fd41c_72.jpg",
            "first_name": "",
            "real_name": "kelu",
            "display_name": "",
            "team": "T5M5PLH8U",
            "name": "kelu",
            "is_restricted": false,
            "is_ultra_restricted": false
        }
    },
    {
        "client_msg_id": "400b5349-23e6-482d-ad37-6e3bfc49846a",
        "type": "message",
        "text": "<http:\/\/Oshpark.com|Oshpark.com> changed.. But the project remained! <https:\/\/oshpark.com\/shared_projects\/rAatPbRg>",
        "user": "U5M5PLH9S",
        "ts": "1521627112.000338",
        "team": "T5M5PLH8U",
        "user_team": "T5M5PLH8U",
        "source_team": "T5M5PLH8U",
        "user_profile": {
            "avatar_hash": "e4fb6ae9f526",
            "image_72": "https:\/\/avatars.slack-edge.com\/2017-06-01\/191144530514_e4fb6ae9f526531fd41c_72.jpg",
            "first_name": "",
            "real_name": "kelu",
            "display_name": "",
            "team": "T5M5PLH8U",
            "name": "kelu",
            "is_restricted": false,
            "is_ultra_restricted": false
        },
        "reactions": [
            {
                "name": "grinning",
                "users": [
                    "U923YT3B4"
                ],
                "count": 1
            }
        ]
    },
    {
        "client_msg_id": "32028122-5f3c-44a5-9319-e25439a1d1c2",
        "type": "message",
        "text": "Hum for gob2, let me check..",
        "user": "U5M5PLH9S",
        "ts": "1521641453.000470",
        "team": "T5M5PLH8U",
        "user_team": "T5M5PLH8U",
        "source_team": "T5M5PLH8U",
        "user_profile": {
            "avatar_hash": "e4fb6ae9f526",
            "image_72": "https:\/\/avatars.slack-edge.com\/2017-06-01\/191144530514_e4fb6ae9f526531fd41c_72.jpg",
            "first_name": "",
            "real_name": "kelu",
            "display_name": "",
            "team": "T5M5PLH8U",
            "name": "kelu",
            "is_restricted": false,
            "is_ultra_restricted": false
        }
    },
    {
        "type": "message",
        "text": "aaaaa, <@U923YT3B4> was having problems with the pcb, I see.\nKevin, I got my PCBs from <http:\/\/www.custompcb.com\/>, you could try there.",
        "user": "U8DP2NWAD",
        "ts": "1521665057.000320",
        "team": "T5M5PLH8U",
        "user_team": "T5M5PLH8U",
        "source_team": "T5M5PLH8U",
        "user_profile": {
            "avatar_hash": "ge8fe12d48f6",
            "image_72": "https:\/\/secure.gravatar.com\/avatar\/be8fe12d48f65fa83f69d7849035f8c3.jpg?s=72&d=https%3A%2F%2Fa.slack-edge.com%2Fdf10d%2Fimg%2Favatars%2Fava_0024-72.png",
            "first_name": "",
            "real_name": "Tomás Glaría",
            "display_name": "tglaria",
            "team": "T5M5PLH8U",
            "name": "tglaria",
            "is_restricted": false,
            "is_ultra_restricted": false
        }
    }
]