[
    {
        "client_msg_id": "1788cea0-ec20-407d-8b19-aaaff1e926c7",
        "type": "message",
        "text": "kelu, We saw that motor is running",
        "user": "UCMBM5C6L",
        "ts": "1539250660.000100",
        "team": "T5M5PLH8U",
        "user_team": "T5M5PLH8U",
        "source_team": "T5M5PLH8U",
        "user_profile": {
            "avatar_hash": "g44cf2181b23",
            "image_72": "https:\/\/secure.gravatar.com\/avatar\/a44cf2181b23bc20da69fd976d4a2046.jpg?s=72&d=https%3A%2F%2Fa.slack-edge.com%2Fdf10d%2Fimg%2Favatars%2Fava_0001-72.png",
            "first_name": "",
            "real_name": "Taeyoung Lee",
            "display_name": "",
            "team": "T5M5PLH8U",
            "name": "tylee0325",
            "is_restricted": false,
            "is_ultra_restricted": false
        },
        "thread_ts": "1538756308.000100",
        "parent_user_id": "UCMBM5C6L"
    },
    {
        "client_msg_id": "546e68a7-8385-499e-9741-31ab2ef2920a",
        "type": "message",
        "text": "then... I found there is few liquid in probe dom.",
        "user": "UCMBM5C6L",
        "ts": "1539250694.000100",
        "team": "T5M5PLH8U",
        "user_team": "T5M5PLH8U",
        "source_team": "T5M5PLH8U",
        "user_profile": {
            "avatar_hash": "g44cf2181b23",
            "image_72": "https:\/\/secure.gravatar.com\/avatar\/a44cf2181b23bc20da69fd976d4a2046.jpg?s=72&d=https%3A%2F%2Fa.slack-edge.com%2Fdf10d%2Fimg%2Favatars%2Fava_0001-72.png",
            "first_name": "",
            "real_name": "Taeyoung Lee",
            "display_name": "",
            "team": "T5M5PLH8U",
            "name": "tylee0325",
            "is_restricted": false,
            "is_ultra_restricted": false
        },
        "thread_ts": "1538756308.000100",
        "parent_user_id": "UCMBM5C6L"
    },
    {
        "client_msg_id": "6a979445-5cc9-4e51-8d95-4a66950adc7b",
        "type": "message",
        "text": "Is it should be fully filled?",
        "user": "UCMBM5C6L",
        "ts": "1539250712.000100",
        "team": "T5M5PLH8U",
        "user_team": "T5M5PLH8U",
        "source_team": "T5M5PLH8U",
        "user_profile": {
            "avatar_hash": "g44cf2181b23",
            "image_72": "https:\/\/secure.gravatar.com\/avatar\/a44cf2181b23bc20da69fd976d4a2046.jpg?s=72&d=https%3A%2F%2Fa.slack-edge.com%2Fdf10d%2Fimg%2Favatars%2Fava_0001-72.png",
            "first_name": "",
            "real_name": "Taeyoung Lee",
            "display_name": "",
            "team": "T5M5PLH8U",
            "name": "tylee0325",
            "is_restricted": false,
            "is_ultra_restricted": false
        },
        "thread_ts": "1538756308.000100",
        "parent_user_id": "UCMBM5C6L"
    },
    {
        "client_msg_id": "639892d3-a134-4a88-85d6-0a221aa96c75",
        "type": "message",
        "text": "only few of liquid is in the probe.",
        "user": "UCMBM5C6L",
        "ts": "1539250727.000100",
        "team": "T5M5PLH8U",
        "user_team": "T5M5PLH8U",
        "source_team": "T5M5PLH8U",
        "user_profile": {
            "avatar_hash": "g44cf2181b23",
            "image_72": "https:\/\/secure.gravatar.com\/avatar\/a44cf2181b23bc20da69fd976d4a2046.jpg?s=72&d=https%3A%2F%2Fa.slack-edge.com%2Fdf10d%2Fimg%2Favatars%2Fava_0001-72.png",
            "first_name": "",
            "real_name": "Taeyoung Lee",
            "display_name": "",
            "team": "T5M5PLH8U",
            "name": "tylee0325",
            "is_restricted": false,
            "is_ultra_restricted": false
        },
        "thread_ts": "1538756308.000100",
        "parent_user_id": "UCMBM5C6L"
    },
    {
        "client_msg_id": "30a7ff37-fc46-4d78-a39c-d0b93660f831",
        "type": "message",
        "text": "Super",
        "user": "U5M5PLH9S",
        "ts": "1539255927.000100",
        "team": "T5M5PLH8U",
        "user_team": "T5M5PLH8U",
        "source_team": "T5M5PLH8U",
        "user_profile": {
            "avatar_hash": "e4fb6ae9f526",
            "image_72": "https:\/\/avatars.slack-edge.com\/2017-06-01\/191144530514_e4fb6ae9f526531fd41c_72.jpg",
            "first_name": "",
            "real_name": "kelu",
            "display_name": "",
            "team": "T5M5PLH8U",
            "name": "kelu",
            "is_restricted": false,
            "is_ultra_restricted": false
        },
        "thread_ts": "1538756308.000100",
        "parent_user_id": "UCMBM5C6L"
    },
    {
        "client_msg_id": "b3c52e3c-5185-4616-a23b-d23a410e4800",
        "type": "message",
        "text": "Yes, you will need to refill",
        "user": "U5M5PLH9S",
        "ts": "1539255939.000100",
        "team": "T5M5PLH8U",
        "user_team": "T5M5PLH8U",
        "source_team": "T5M5PLH8U",
        "user_profile": {
            "avatar_hash": "e4fb6ae9f526",
            "image_72": "https:\/\/avatars.slack-edge.com\/2017-06-01\/191144530514_e4fb6ae9f526531fd41c_72.jpg",
            "first_name": "",
            "real_name": "kelu",
            "display_name": "",
            "team": "T5M5PLH8U",
            "name": "kelu",
            "is_restricted": false,
            "is_ultra_restricted": false
        },
        "thread_ts": "1538756308.000100",
        "parent_user_id": "UCMBM5C6L"
    },
    {
        "client_msg_id": "13824340-462f-45ab-aaf1-9cd54073ac0f",
        "type": "message",
        "text": "Usually oil (linseed) will work",
        "user": "U5M5PLH9S",
        "ts": "1539258391.000100",
        "team": "T5M5PLH8U",
        "user_team": "T5M5PLH8U",
        "source_team": "T5M5PLH8U",
        "user_profile": {
            "avatar_hash": "e4fb6ae9f526",
            "image_72": "https:\/\/avatars.slack-edge.com\/2017-06-01\/191144530514_e4fb6ae9f526531fd41c_72.jpg",
            "first_name": "",
            "real_name": "kelu",
            "display_name": "",
            "team": "T5M5PLH8U",
            "name": "kelu",
            "is_restricted": false,
            "is_ultra_restricted": false
        },
        "thread_ts": "1538756308.000100",
        "parent_user_id": "UCMBM5C6L"
    }
]