[
    {
        "client_msg_id": "015c6ea1-021a-463d-8bd0-dad152eee57c",
        "type": "message",
        "text": "Hi. Can you please recommend one good transducer? I would like to start seeing the Echo pulse and to do some manual experiments. Is the kit that you made available to be purchased?",
        "user": "UPXTN4XT3",
        "ts": "1573201512.011200",
        "team": "T5M5PLH8U",
        "user_team": "T5M5PLH8U",
        "source_team": "T5M5PLH8U",
        "user_profile": {
            "avatar_hash": "gac067a44fd1",
            "image_72": "https:\/\/secure.gravatar.com\/avatar\/ac067a44fd1951e69fb1fbe512626484.jpg?s=72&d=https%3A%2F%2Fa.slack-edge.com%2Fdf10d%2Fimg%2Favatars%2Fava_0008-72.png",
            "first_name": "",
            "real_name": "Benny LaOr",
            "display_name": "Benny LaOr",
            "team": "T5M5PLH8U",
            "name": "bennylaor",
            "is_restricted": false,
            "is_ultra_restricted": false
        }
    },
    {
        "client_msg_id": "4c2f523d-1a25-4fb3-8aff-ca91241b9b0e",
        "type": "message",
        "text": "Hi Benny, your best option is to go for a 10MHz dual element transducer. On such thin piece of metal 5MHz transducers don't have enough resolution to detect the cracks you want to find.",
        "user": "UFCS7CKPD",
        "ts": "1573205871.012800",
        "team": "T5M5PLH8U",
        "user_team": "T5M5PLH8U",
        "source_team": "T5M5PLH8U",
        "user_profile": {
            "avatar_hash": "g1e384a0d103",
            "image_72": "https:\/\/secure.gravatar.com\/avatar\/b1e384a0d10360cda1cbae6e2b35ef69.jpg?s=72&d=https%3A%2F%2Fa.slack-edge.com%2Fdf10d%2Fimg%2Favatars%2Fava_0007-72.png",
            "first_name": "",
            "real_name": "Jorge Arija",
            "display_name": "",
            "team": "T5M5PLH8U",
            "name": "jarija",
            "is_restricted": false,
            "is_ultra_restricted": false
        },
        "reactions": [
            {
                "name": "+1",
                "users": [
                    "U5M5PLH9S"
                ],
                "count": 1
            }
        ]
    }
]