[
    {
        "type": "message",
        "subtype": "channel_join",
        "ts": "1551003397.002300",
        "user": "UGEG0ETAL",
        "text": "<@UGEG0ETAL> has joined the channel"
    },
    {
        "client_msg_id": "d94aa1b7-7639-4387-846b-865c6991cbd5",
        "type": "message",
        "text": "Still some thoughts to give the the flash to use, making (slow) progress - checking a few connections, going back to the basics .. blinkyyyy",
        "user": "U5M5PLH9S",
        "ts": "1551038858.002500",
        "team": "T5M5PLH8U",
        "user_team": "T5M5PLH8U",
        "source_team": "T5M5PLH8U",
        "user_profile": {
            "avatar_hash": "e4fb6ae9f526",
            "image_72": "https:\/\/avatars.slack-edge.com\/2017-06-01\/191144530514_e4fb6ae9f526531fd41c_72.jpg",
            "first_name": "",
            "real_name": "kelu",
            "display_name": "",
            "team": "T5M5PLH8U",
            "name": "kelu",
            "is_restricted": false,
            "is_ultra_restricted": false
        },
        "thread_ts": "1550322852.010200",
        "parent_user_id": "U5M5PLH9S"
    }
]