[
    {
        "client_msg_id": "fa4b8fba-be6b-4922-a60c-66fcd923c0cb",
        "type": "message",
        "text": "Thank you for checking.\nWe'd like to set up a 5MHZ.\nCan you tell me how to set it up?",
        "user": "ULYB25AMS",
        "ts": "1566288243.032800",
        "team": "T5M5PLH8U",
        "user_team": "T5M5PLH8U",
        "source_team": "T5M5PLH8U",
        "user_profile": {
            "avatar_hash": "gd49897152a4",
            "image_72": "https:\/\/secure.gravatar.com\/avatar\/bd49897152a4babe660efcb5e4f11c35.jpg?s=72&d=https%3A%2F%2Fa.slack-edge.com%2Fdf10d%2Fimg%2Favatars%2Fava_0002-72.png",
            "first_name": "Kim",
            "real_name": "Kim Jae Sik",
            "display_name": "Kim Jae Sik",
            "team": "T5M5PLH8U",
            "name": "wotlr6427",
            "is_restricted": false,
            "is_ultra_restricted": false
        },
        "thread_ts": "1564903864.000900",
        "parent_user_id": "ULYB25AMS"
    },
    {
        "client_msg_id": "87e140e3-7832-4560-b548-574b180fe5e3",
        "type": "message",
        "text": "Humm a piezo is like a glass lense: it has specs that cannot change. One cannot setup a piezo.\nThat's why I would recommend you discuss with your piezo supplier to inform it that your piezo is not behaving as expected.",
        "user": "U5M5PLH9S",
        "ts": "1566290553.033000",
        "team": "T5M5PLH8U",
        "user_team": "T5M5PLH8U",
        "source_team": "T5M5PLH8U",
        "user_profile": {
            "avatar_hash": "e4fb6ae9f526",
            "image_72": "https:\/\/avatars.slack-edge.com\/2017-06-01\/191144530514_e4fb6ae9f526531fd41c_72.jpg",
            "first_name": "",
            "real_name": "kelu",
            "display_name": "",
            "team": "T5M5PLH8U",
            "name": "kelu",
            "is_restricted": false,
            "is_ultra_restricted": false
        },
        "thread_ts": "1564903864.000900",
        "parent_user_id": "ULYB25AMS"
    },
    {
        "type": "message",
        "text": "(t1,t2,t3,waitTill,t5) Can you tell me what each means?",
        "files": [
            {
                "id": "FML1DJMT8",
                "created": 1566291282,
                "timestamp": 1566291282,
                "name": "image.png",
                "title": "image.png",
                "mimetype": "image\/png",
                "filetype": "png",
                "pretty_type": "PNG",
                "user": "ULYB25AMS",
                "editable": false,
                "size": 2177,
                "mode": "hosted",
                "is_external": false,
                "external_type": "",
                "is_public": true,
                "public_url_shared": false,
                "display_as_bot": false,
                "username": "",
                "url_private": "https:\/\/files.slack.com\/files-pri\/T5M5PLH8U-FML1DJMT8\/image.png?t=xoxe-191193697300-964750812979-978081040215-70140a522cd1d53d5dacb8121ac10305",
                "url_private_download": "https:\/\/files.slack.com\/files-pri\/T5M5PLH8U-FML1DJMT8\/download\/image.png?t=xoxe-191193697300-964750812979-978081040215-70140a522cd1d53d5dacb8121ac10305",
                "thumb_64": "https:\/\/files.slack.com\/files-tmb\/T5M5PLH8U-FML1DJMT8-ab10e5087a\/image_64.png?t=xoxe-191193697300-964750812979-978081040215-70140a522cd1d53d5dacb8121ac10305",
                "thumb_80": "https:\/\/files.slack.com\/files-tmb\/T5M5PLH8U-FML1DJMT8-ab10e5087a\/image_80.png?t=xoxe-191193697300-964750812979-978081040215-70140a522cd1d53d5dacb8121ac10305",
                "thumb_360": "https:\/\/files.slack.com\/files-tmb\/T5M5PLH8U-FML1DJMT8-ab10e5087a\/image_360.png?t=xoxe-191193697300-964750812979-978081040215-70140a522cd1d53d5dacb8121ac10305",
                "thumb_360_w": 360,
                "thumb_360_h": 36,
                "thumb_480": "https:\/\/files.slack.com\/files-tmb\/T5M5PLH8U-FML1DJMT8-ab10e5087a\/image_480.png?t=xoxe-191193697300-964750812979-978081040215-70140a522cd1d53d5dacb8121ac10305",
                "thumb_480_w": 480,
                "thumb_480_h": 48,
                "thumb_160": "https:\/\/files.slack.com\/files-tmb\/T5M5PLH8U-FML1DJMT8-ab10e5087a\/image_160.png?t=xoxe-191193697300-964750812979-978081040215-70140a522cd1d53d5dacb8121ac10305",
                "image_exif_rotation": 1,
                "original_w": 562,
                "original_h": 56,
                "permalink": "https:\/\/usdevkit.slack.com\/files\/ULYB25AMS\/FML1DJMT8\/image.png",
                "permalink_public": "https:\/\/slack-files.com\/T5M5PLH8U-FML1DJMT8-c26cd29560",
                "is_starred": false,
                "has_rich_preview": false
            }
        ],
        "upload": true,
        "user": "ULYB25AMS",
        "display_as_bot": false,
        "ts": "1566291283.033200",
        "client_msg_id": "7cd43957-edfe-47b2-bb04-0b08cd8d8b49",
        "thread_ts": "1564903864.000900",
        "parent_user_id": "ULYB25AMS"
    },
    {
        "type": "message",
        "text": "Time before t1 is the length of the pulse to stimulate the piezo. Between t2 and t3 you have the damping of the piezo resonance. Then between t4 and t5 is acquisition itself.",
        "files": [
            {
                "id": "FM6D0G76X",
                "created": 1566292838,
                "timestamp": 1566292838,
                "name": "IMG_20190820_111918.jpg",
                "title": "IMG_20190820_111918.jpg",
                "mimetype": "image\/jpeg",
                "filetype": "jpg",
                "pretty_type": "JPEG",
                "user": "U5M5PLH9S",
                "editable": false,
                "size": 1772997,
                "mode": "hosted",
                "is_external": false,
                "external_type": "",
                "is_public": true,
                "public_url_shared": false,
                "display_as_bot": false,
                "username": "",
                "url_private": "https:\/\/files.slack.com\/files-pri\/T5M5PLH8U-FM6D0G76X\/img_20190820_111918.jpg?t=xoxe-191193697300-964750812979-978081040215-70140a522cd1d53d5dacb8121ac10305",
                "url_private_download": "https:\/\/files.slack.com\/files-pri\/T5M5PLH8U-FM6D0G76X\/download\/img_20190820_111918.jpg?t=xoxe-191193697300-964750812979-978081040215-70140a522cd1d53d5dacb8121ac10305",
                "thumb_64": "https:\/\/files.slack.com\/files-tmb\/T5M5PLH8U-FM6D0G76X-d4376ab84b\/img_20190820_111918_64.jpg?t=xoxe-191193697300-964750812979-978081040215-70140a522cd1d53d5dacb8121ac10305",
                "thumb_80": "https:\/\/files.slack.com\/files-tmb\/T5M5PLH8U-FM6D0G76X-d4376ab84b\/img_20190820_111918_80.jpg?t=xoxe-191193697300-964750812979-978081040215-70140a522cd1d53d5dacb8121ac10305",
                "thumb_360": "https:\/\/files.slack.com\/files-tmb\/T5M5PLH8U-FM6D0G76X-d4376ab84b\/img_20190820_111918_360.jpg?t=xoxe-191193697300-964750812979-978081040215-70140a522cd1d53d5dacb8121ac10305",
                "thumb_360_w": 270,
                "thumb_360_h": 360,
                "thumb_480": "https:\/\/files.slack.com\/files-tmb\/T5M5PLH8U-FM6D0G76X-d4376ab84b\/img_20190820_111918_480.jpg?t=xoxe-191193697300-964750812979-978081040215-70140a522cd1d53d5dacb8121ac10305",
                "thumb_480_w": 360,
                "thumb_480_h": 480,
                "thumb_160": "https:\/\/files.slack.com\/files-tmb\/T5M5PLH8U-FM6D0G76X-d4376ab84b\/img_20190820_111918_160.jpg?t=xoxe-191193697300-964750812979-978081040215-70140a522cd1d53d5dacb8121ac10305",
                "thumb_720": "https:\/\/files.slack.com\/files-tmb\/T5M5PLH8U-FM6D0G76X-d4376ab84b\/img_20190820_111918_720.jpg?t=xoxe-191193697300-964750812979-978081040215-70140a522cd1d53d5dacb8121ac10305",
                "thumb_720_w": 540,
                "thumb_720_h": 720,
                "thumb_800": "https:\/\/files.slack.com\/files-tmb\/T5M5PLH8U-FM6D0G76X-d4376ab84b\/img_20190820_111918_800.jpg?t=xoxe-191193697300-964750812979-978081040215-70140a522cd1d53d5dacb8121ac10305",
                "thumb_800_w": 800,
                "thumb_800_h": 1067,
                "thumb_960": "https:\/\/files.slack.com\/files-tmb\/T5M5PLH8U-FM6D0G76X-d4376ab84b\/img_20190820_111918_960.jpg?t=xoxe-191193697300-964750812979-978081040215-70140a522cd1d53d5dacb8121ac10305",
                "thumb_960_w": 720,
                "thumb_960_h": 960,
                "thumb_1024": "https:\/\/files.slack.com\/files-tmb\/T5M5PLH8U-FM6D0G76X-d4376ab84b\/img_20190820_111918_1024.jpg?t=xoxe-191193697300-964750812979-978081040215-70140a522cd1d53d5dacb8121ac10305",
                "thumb_1024_w": 768,
                "thumb_1024_h": 1024,
                "image_exif_rotation": 1,
                "original_w": 2448,
                "original_h": 3264,
                "permalink": "https:\/\/usdevkit.slack.com\/files\/U5M5PLH9S\/FM6D0G76X\/img_20190820_111918.jpg",
                "permalink_public": "https:\/\/slack-files.com\/T5M5PLH8U-FM6D0G76X-60810d5ce1",
                "is_starred": false,
                "has_rich_preview": false
            }
        ],
        "upload": true,
        "user": "U5M5PLH9S",
        "display_as_bot": false,
        "ts": "1566292838.033600",
        "client_msg_id": "c0e5e52a-8e9c-4c6d-abf3-5ee017b5d421",
        "thread_ts": "1564903864.000900",
        "parent_user_id": "ULYB25AMS"
    },
    {
        "client_msg_id": "3bd1f32c-d52e-4448-9de4-491ef5ca7842",
        "type": "message",
        "text": "The settings by defaults in your setup does work well with piezos in the 2-8MHz range.",
        "user": "U5M5PLH9S",
        "ts": "1566294522.034000",
        "team": "T5M5PLH8U",
        "user_team": "T5M5PLH8U",
        "source_team": "T5M5PLH8U",
        "user_profile": {
            "avatar_hash": "e4fb6ae9f526",
            "image_72": "https:\/\/avatars.slack-edge.com\/2017-06-01\/191144530514_e4fb6ae9f526531fd41c_72.jpg",
            "first_name": "",
            "real_name": "kelu",
            "display_name": "",
            "team": "T5M5PLH8U",
            "name": "kelu",
            "is_restricted": false,
            "is_ultra_restricted": false
        },
        "thread_ts": "1564903864.000900",
        "parent_user_id": "ULYB25AMS"
    }
]