[
    {
        "client_msg_id": "9f0a3160-8235-4d4f-8a2f-ddb8b7618eeb",
        "type": "message",
        "text": "That I'd wish to know :wink:",
        "user": "U5M5PLH9S",
        "ts": "1551779440.004400",
        "team": "T5M5PLH8U",
        "user_team": "T5M5PLH8U",
        "source_team": "T5M5PLH8U",
        "user_profile": {
            "avatar_hash": "e4fb6ae9f526",
            "image_72": "https:\/\/avatars.slack-edge.com\/2017-06-01\/191144530514_e4fb6ae9f526531fd41c_72.jpg",
            "first_name": "",
            "real_name": "kelu",
            "display_name": "",
            "team": "T5M5PLH8U",
            "name": "kelu",
            "is_restricted": false,
            "is_ultra_restricted": false
        },
        "thread_ts": "1551658604.003800",
        "parent_user_id": "UGJ8GJGNR"
    },
    {
        "client_msg_id": "9c482c54-9718-4d8b-af14-b5cbf1b4ad95",
        "type": "message",
        "text": "can I print your schematic un0rick? and I make it myself <@U5M5PLH9S> ",
        "user": "UE3JX8LUT",
        "ts": "1551796412.005200",
        "team": "T5M5PLH8U",
        "user_team": "T5M5PLH8U",
        "source_team": "T5M5PLH8U",
        "user_profile": {
            "avatar_hash": "a9159a929398",
            "image_72": "https:\/\/avatars.slack-edge.com\/2018-11-15\/479026488288_a9159a929398c4006149_72.jpg",
            "first_name": "Fadhli",
            "real_name": "Fadhli",
            "display_name": "Fadhli",
            "team": "T5M5PLH8U",
            "name": "fadhliazinnuddin",
            "is_restricted": false,
            "is_ultra_restricted": false
        },
        "thread_ts": "1551796412.005200",
        "reply_count": 81,
        "reply_users_count": 3,
        "latest_reply": "1554395514.001700",
        "reply_users": [
            "U5M5PLH9S",
            "UE3JX8LUT",
            "U8DP2NWAD"
        ],
        "replies": [
            {
                "user": "U5M5PLH9S",
                "ts": "1551798480.005300"
            },
            {
                "user": "U5M5PLH9S",
                "ts": "1551798507.005500"
            },
            {
                "user": "U5M5PLH9S",
                "ts": "1551798524.005700"
            },
            {
                "user": "UE3JX8LUT",
                "ts": "1551832080.005900"
            },
            {
                "user": "U5M5PLH9S",
                "ts": "1551851101.006100"
            },
            {
                "user": "UE3JX8LUT",
                "ts": "1551868875.006300"
            },
            {
                "user": "U5M5PLH9S",
                "ts": "1551869130.006500"
            },
            {
                "user": "UE3JX8LUT",
                "ts": "1551869470.006700"
            },
            {
                "user": "UE3JX8LUT",
                "ts": "1551869575.006900"
            },
            {
                "user": "U5M5PLH9S",
                "ts": "1551870775.007100"
            },
            {
                "user": "U5M5PLH9S",
                "ts": "1551870807.007300"
            },
            {
                "user": "UE3JX8LUT",
                "ts": "1551884785.007700"
            },
            {
                "user": "U5M5PLH9S",
                "ts": "1551885210.007900"
            },
            {
                "user": "UE3JX8LUT",
                "ts": "1551888684.008100"
            },
            {
                "user": "U5M5PLH9S",
                "ts": "1551888741.008300"
            },
            {
                "user": "UE3JX8LUT",
                "ts": "1551941349.008500"
            },
            {
                "user": "U5M5PLH9S",
                "ts": "1551973224.009200"
            },
            {
                "user": "UE3JX8LUT",
                "ts": "1552006946.009500"
            },
            {
                "user": "UE3JX8LUT",
                "ts": "1552013639.009700"
            },
            {
                "user": "U5M5PLH9S",
                "ts": "1552030248.009900"
            },
            {
                "user": "UE3JX8LUT",
                "ts": "1552030514.010100"
            },
            {
                "user": "UE3JX8LUT",
                "ts": "1552030540.010300"
            },
            {
                "user": "UE3JX8LUT",
                "ts": "1552030592.010500"
            },
            {
                "user": "U5M5PLH9S",
                "ts": "1552030600.010700"
            },
            {
                "user": "UE3JX8LUT",
                "ts": "1552030636.010900"
            },
            {
                "user": "UE3JX8LUT",
                "ts": "1552030677.011100"
            },
            {
                "user": "UE3JX8LUT",
                "ts": "1552030738.011300"
            },
            {
                "user": "UE3JX8LUT",
                "ts": "1552030765.011500"
            },
            {
                "user": "U5M5PLH9S",
                "ts": "1552030879.011700"
            },
            {
                "user": "UE3JX8LUT",
                "ts": "1552031094.011900"
            },
            {
                "user": "U5M5PLH9S",
                "ts": "1552031243.012100"
            },
            {
                "user": "UE3JX8LUT",
                "ts": "1552032207.012300"
            },
            {
                "user": "U5M5PLH9S",
                "ts": "1552032441.012600"
            },
            {
                "user": "U5M5PLH9S",
                "ts": "1552032454.012800"
            },
            {
                "user": "UE3JX8LUT",
                "ts": "1552035110.013000"
            },
            {
                "user": "UE3JX8LUT",
                "ts": "1552035147.013200"
            },
            {
                "user": "UE3JX8LUT",
                "ts": "1552195182.013400"
            },
            {
                "user": "UE3JX8LUT",
                "ts": "1552195211.013600"
            },
            {
                "user": "UE3JX8LUT",
                "ts": "1552208464.013800"
            },
            {
                "user": "U5M5PLH9S",
                "ts": "1552219363.014200"
            },
            {
                "user": "UE3JX8LUT",
                "ts": "1552222792.014400"
            },
            {
                "user": "U5M5PLH9S",
                "ts": "1552372959.014800"
            },
            {
                "user": "UE3JX8LUT",
                "ts": "1552394148.015000"
            },
            {
                "user": "UE3JX8LUT",
                "ts": "1552394155.015200"
            },
            {
                "user": "U5M5PLH9S",
                "ts": "1552397768.015400"
            },
            {
                "user": "UE3JX8LUT",
                "ts": "1552445780.015600"
            },
            {
                "user": "UE3JX8LUT",
                "ts": "1552445813.015800"
            },
            {
                "user": "U5M5PLH9S",
                "ts": "1552483370.016000"
            },
            {
                "user": "UE3JX8LUT",
                "ts": "1552492163.016200"
            },
            {
                "user": "UE3JX8LUT",
                "ts": "1552492187.016400"
            },
            {
                "user": "U5M5PLH9S",
                "ts": "1552493470.016600"
            },
            {
                "user": "UE3JX8LUT",
                "ts": "1552495586.016800"
            },
            {
                "user": "UE3JX8LUT",
                "ts": "1552495744.017000"
            },
            {
                "user": "U5M5PLH9S",
                "ts": "1552499649.017200"
            },
            {
                "user": "UE3JX8LUT",
                "ts": "1552665770.017400"
            },
            {
                "user": "U5M5PLH9S",
                "ts": "1552666639.017600"
            },
            {
                "user": "U5M5PLH9S",
                "ts": "1552666666.017800"
            },
            {
                "user": "UE3JX8LUT",
                "ts": "1552782041.020200"
            },
            {
                "user": "U5M5PLH9S",
                "ts": "1552802092.020400"
            },
            {
                "user": "UE3JX8LUT",
                "ts": "1552900580.021900"
            },
            {
                "user": "U5M5PLH9S",
                "ts": "1552900755.022100"
            },
            {
                "user": "UE3JX8LUT",
                "ts": "1552901302.022300"
            },
            {
                "user": "U5M5PLH9S",
                "ts": "1552903499.022500"
            },
            {
                "user": "UE3JX8LUT",
                "ts": "1552906529.022700"
            },
            {
                "user": "UE3JX8LUT",
                "ts": "1552906532.022900"
            },
            {
                "user": "UE3JX8LUT",
                "ts": "1552907399.023300"
            },
            {
                "user": "U8DP2NWAD",
                "ts": "1552915917.023700"
            },
            {
                "user": "UE3JX8LUT",
                "ts": "1552916081.023900"
            },
            {
                "user": "UE3JX8LUT",
                "ts": "1553327369.026300"
            },
            {
                "user": "U5M5PLH9S",
                "ts": "1553391039.026900"
            },
            {
                "user": "U5M5PLH9S",
                "ts": "1554030259.002400"
            },
            {
                "user": "UE3JX8LUT",
                "ts": "1554033736.002900"
            },
            {
                "user": "UE3JX8LUT",
                "ts": "1554220526.000100"
            },
            {
                "user": "U5M5PLH9S",
                "ts": "1554221772.000300"
            },
            {
                "user": "UE3JX8LUT",
                "ts": "1554281882.000500"
            },
            {
                "user": "U5M5PLH9S",
                "ts": "1554317297.000700"
            },
            {
                "user": "UE3JX8LUT",
                "ts": "1554352788.000900"
            },
            {
                "user": "UE3JX8LUT",
                "ts": "1554352805.001100"
            },
            {
                "user": "UE3JX8LUT",
                "ts": "1554352950.001300"
            },
            {
                "user": "UE3JX8LUT",
                "ts": "1554395059.001500"
            },
            {
                "user": "U5M5PLH9S",
                "ts": "1554395514.001700"
            }
        ],
        "subscribed": true,
        "last_read": "1554395514.001700"
    },
    {
        "client_msg_id": "4422c46d-4876-4642-af67-ab3c5efa8439",
        "type": "message",
        "text": "Of course!",
        "user": "U5M5PLH9S",
        "ts": "1551798480.005300",
        "team": "T5M5PLH8U",
        "user_team": "T5M5PLH8U",
        "source_team": "T5M5PLH8U",
        "user_profile": {
            "avatar_hash": "e4fb6ae9f526",
            "image_72": "https:\/\/avatars.slack-edge.com\/2017-06-01\/191144530514_e4fb6ae9f526531fd41c_72.jpg",
            "first_name": "",
            "real_name": "kelu",
            "display_name": "",
            "team": "T5M5PLH8U",
            "name": "kelu",
            "is_restricted": false,
            "is_ultra_restricted": false
        },
        "thread_ts": "1551796412.005200",
        "parent_user_id": "UE3JX8LUT"
    },
    {
        "client_msg_id": "38f07f23-a389-41ee-b762-2ec622c21365",
        "type": "message",
        "text": "Don't hesitate to share if you can make it better",
        "user": "U5M5PLH9S",
        "ts": "1551798507.005500",
        "team": "T5M5PLH8U",
        "user_team": "T5M5PLH8U",
        "source_team": "T5M5PLH8U",
        "user_profile": {
            "avatar_hash": "e4fb6ae9f526",
            "image_72": "https:\/\/avatars.slack-edge.com\/2017-06-01\/191144530514_e4fb6ae9f526531fd41c_72.jpg",
            "first_name": "",
            "real_name": "kelu",
            "display_name": "",
            "team": "T5M5PLH8U",
            "name": "kelu",
            "is_restricted": false,
            "is_ultra_restricted": false
        },
        "thread_ts": "1551796412.005200",
        "parent_user_id": "UE3JX8LUT"
    },
    {
        "client_msg_id": "965ca280-f499-4506-b02d-6a1711b9721b",
        "type": "message",
        "text": "There are also the gerbers ready if you want to send to a fab",
        "user": "U5M5PLH9S",
        "ts": "1551798524.005700",
        "team": "T5M5PLH8U",
        "user_team": "T5M5PLH8U",
        "source_team": "T5M5PLH8U",
        "user_profile": {
            "avatar_hash": "e4fb6ae9f526",
            "image_72": "https:\/\/avatars.slack-edge.com\/2017-06-01\/191144530514_e4fb6ae9f526531fd41c_72.jpg",
            "first_name": "",
            "real_name": "kelu",
            "display_name": "",
            "team": "T5M5PLH8U",
            "name": "kelu",
            "is_restricted": false,
            "is_ultra_restricted": false
        },
        "thread_ts": "1551796412.005200",
        "parent_user_id": "UE3JX8LUT"
    },
    {
        "client_msg_id": "8beb99ec-3a8c-461d-9b8f-d932a9ed3ea6",
        "type": "message",
        "text": "But before I am downloaded your file in github un0rick, file in folder is corrupted when I install",
        "user": "UE3JX8LUT",
        "ts": "1551832080.005900",
        "team": "T5M5PLH8U",
        "user_team": "T5M5PLH8U",
        "source_team": "T5M5PLH8U",
        "user_profile": {
            "avatar_hash": "a9159a929398",
            "image_72": "https:\/\/avatars.slack-edge.com\/2018-11-15\/479026488288_a9159a929398c4006149_72.jpg",
            "first_name": "Fadhli",
            "real_name": "Fadhli",
            "display_name": "Fadhli",
            "team": "T5M5PLH8U",
            "name": "fadhliazinnuddin",
            "is_restricted": false,
            "is_ultra_restricted": false
        },
        "thread_ts": "1551796412.005200",
        "parent_user_id": "UE3JX8LUT"
    },
    {
        "client_msg_id": "2b1d2a1a-3f5f-47ec-b98e-5dd0d5adab96",
        "type": "message",
        "text": "Which one ?",
        "user": "U5M5PLH9S",
        "ts": "1551851101.006100",
        "team": "T5M5PLH8U",
        "user_team": "T5M5PLH8U",
        "source_team": "T5M5PLH8U",
        "user_profile": {
            "avatar_hash": "e4fb6ae9f526",
            "image_72": "https:\/\/avatars.slack-edge.com\/2017-06-01\/191144530514_e4fb6ae9f526531fd41c_72.jpg",
            "first_name": "",
            "real_name": "kelu",
            "display_name": "",
            "team": "T5M5PLH8U",
            "name": "kelu",
            "is_restricted": false,
            "is_ultra_restricted": false
        },
        "thread_ts": "1551796412.005200",
        "parent_user_id": "UE3JX8LUT"
    }
]