[
    {
        "client_msg_id": "4bafed57-d782-4076-b96a-342d50f60ccd",
        "type": "message",
        "text": "<@U5M5PLH9S> I am searching for kit or open modules that are helpful for making imaging ultrasound machine of high range &amp; low cost for body scanning .Please guide me.",
        "user": "UGEG0ETAL",
        "ts": "1551172531.019100",
        "team": "T5M5PLH8U",
        "user_team": "T5M5PLH8U",
        "source_team": "T5M5PLH8U",
        "user_profile": {
            "avatar_hash": "g9ea2aee1d45",
            "image_72": "https:\/\/secure.gravatar.com\/avatar\/79ea2aee1d45f3c311eb250baa5be6a7.jpg?s=72&d=https%3A%2F%2Fa.slack-edge.com%2Fdf10d%2Fimg%2Favatars%2Fava_0026-72.png",
            "first_name": "",
            "real_name": "RohitkananJain",
            "display_name": "",
            "team": "T5M5PLH8U",
            "name": "rohitkananjain",
            "is_restricted": false,
            "is_ultra_restricted": false
        },
        "thread_ts": "1551172531.019100",
        "reply_count": 11,
        "reply_users_count": 2,
        "latest_reply": "1551277979.026200",
        "reply_users": [
            "U5M5PLH9S",
            "UGEG0ETAL"
        ],
        "replies": [
            {
                "user": "U5M5PLH9S",
                "ts": "1551176977.019600"
            },
            {
                "user": "U5M5PLH9S",
                "ts": "1551177016.019800"
            },
            {
                "user": "U5M5PLH9S",
                "ts": "1551177050.020000"
            },
            {
                "user": "UGEG0ETAL",
                "ts": "1551255578.024000"
            },
            {
                "user": "U5M5PLH9S",
                "ts": "1551256159.024200"
            },
            {
                "user": "UGEG0ETAL",
                "ts": "1551271934.024400"
            },
            {
                "user": "U5M5PLH9S",
                "ts": "1551273666.024600"
            },
            {
                "user": "UGEG0ETAL",
                "ts": "1551277134.024800"
            },
            {
                "user": "U5M5PLH9S",
                "ts": "1551277720.025600"
            },
            {
                "user": "U5M5PLH9S",
                "ts": "1551277868.025800"
            },
            {
                "user": "U5M5PLH9S",
                "ts": "1551277979.026200"
            }
        ],
        "subscribed": true,
        "last_read": "1551277979.026200"
    },
    {
        "client_msg_id": "2b19cc43-6650-48da-b567-d784c62c07c3",
        "type": "message",
        "text": "Hi! Glad to read from you. Where do you want to communicate? Would this be air borne communication, under water communication?",
        "user": "U5M5PLH9S",
        "ts": "1551176943.019200",
        "team": "T5M5PLH8U",
        "user_team": "T5M5PLH8U",
        "source_team": "T5M5PLH8U",
        "user_profile": {
            "avatar_hash": "e4fb6ae9f526",
            "image_72": "https:\/\/avatars.slack-edge.com\/2017-06-01\/191144530514_e4fb6ae9f526531fd41c_72.jpg",
            "first_name": "",
            "real_name": "kelu",
            "display_name": "",
            "team": "T5M5PLH8U",
            "name": "kelu",
            "is_restricted": false,
            "is_ultra_restricted": false
        },
        "thread_ts": "1551166210.014000",
        "parent_user_id": "UGG2RDVCG"
    },
    {
        "client_msg_id": "0b81c789-6731-44aa-b0c1-894833fc9cda",
        "type": "message",
        "text": "Do you have preferred transducers \/ frequencies \/ specific requirements?",
        "user": "U5M5PLH9S",
        "ts": "1551176961.019400",
        "team": "T5M5PLH8U",
        "user_team": "T5M5PLH8U",
        "source_team": "T5M5PLH8U",
        "user_profile": {
            "avatar_hash": "e4fb6ae9f526",
            "image_72": "https:\/\/avatars.slack-edge.com\/2017-06-01\/191144530514_e4fb6ae9f526531fd41c_72.jpg",
            "first_name": "",
            "real_name": "kelu",
            "display_name": "",
            "team": "T5M5PLH8U",
            "name": "kelu",
            "is_restricted": false,
            "is_ultra_restricted": false
        },
        "thread_ts": "1551166210.014000",
        "parent_user_id": "UGG2RDVCG"
    },
    {
        "client_msg_id": "2dde7e72-f3c7-4c2c-9ae4-71bcf1357ace",
        "type": "message",
        "text": "Hi <@UGEG0ETAL>, welcome !",
        "user": "U5M5PLH9S",
        "ts": "1551176977.019600",
        "team": "T5M5PLH8U",
        "user_team": "T5M5PLH8U",
        "source_team": "T5M5PLH8U",
        "user_profile": {
            "avatar_hash": "e4fb6ae9f526",
            "image_72": "https:\/\/avatars.slack-edge.com\/2017-06-01\/191144530514_e4fb6ae9f526531fd41c_72.jpg",
            "first_name": "",
            "real_name": "kelu",
            "display_name": "",
            "team": "T5M5PLH8U",
            "name": "kelu",
            "is_restricted": false,
            "is_ultra_restricted": false
        },
        "thread_ts": "1551172531.019100",
        "parent_user_id": "UGEG0ETAL"
    },
    {
        "client_msg_id": "6abc1844-8bb3-46a5-9e84-744321fa42a8",
        "type": "message",
        "text": "For low cost, you will not have top quality systems, but you can discover ultrasounds. I would recommend discovering first through A-mode and NDT.",
        "user": "U5M5PLH9S",
        "ts": "1551177016.019800",
        "team": "T5M5PLH8U",
        "user_team": "T5M5PLH8U",
        "source_team": "T5M5PLH8U",
        "user_profile": {
            "avatar_hash": "e4fb6ae9f526",
            "image_72": "https:\/\/avatars.slack-edge.com\/2017-06-01\/191144530514_e4fb6ae9f526531fd41c_72.jpg",
            "first_name": "",
            "real_name": "kelu",
            "display_name": "",
            "team": "T5M5PLH8U",
            "name": "kelu",
            "is_restricted": false,
            "is_ultra_restricted": false
        },
        "thread_ts": "1551172531.019100",
        "parent_user_id": "UGEG0ETAL"
    },
    {
        "client_msg_id": "b61b4e07-e73d-4c89-a6cc-5710d494752a",
        "type": "message",
        "text": "I understand you want to do medical ultrasound? What type of probes\/transducers do you want to use?",
        "user": "U5M5PLH9S",
        "ts": "1551177050.020000",
        "team": "T5M5PLH8U",
        "user_team": "T5M5PLH8U",
        "source_team": "T5M5PLH8U",
        "user_profile": {
            "avatar_hash": "e4fb6ae9f526",
            "image_72": "https:\/\/avatars.slack-edge.com\/2017-06-01\/191144530514_e4fb6ae9f526531fd41c_72.jpg",
            "first_name": "",
            "real_name": "kelu",
            "display_name": "",
            "team": "T5M5PLH8U",
            "name": "kelu",
            "is_restricted": false,
            "is_ultra_restricted": false
        },
        "thread_ts": "1551172531.019100",
        "parent_user_id": "UGEG0ETAL"
    },
    {
        "client_msg_id": "f03d29df-5153-4d6c-b7bf-579ac90dac06",
        "type": "message",
        "text": "At the moment I just to see if I can use standard software to create IP over Voice communication. I want to understand what is the bitrate I should expect,  as for the hardware, I need PI3, the rest is less important",
        "user": "UGG2RDVCG",
        "ts": "1551179045.020200",
        "team": "T5M5PLH8U",
        "user_team": "T5M5PLH8U",
        "source_team": "T5M5PLH8U",
        "user_profile": {
            "avatar_hash": "g128636c40a0",
            "image_72": "https:\/\/secure.gravatar.com\/avatar\/1128636c40a00ef372d8146ddbde4f16.jpg?s=72&d=https%3A%2F%2Fa.slack-edge.com%2Fdf10d%2Fimg%2Favatars%2Fava_0004-72.png",
            "first_name": "",
            "real_name": "raz",
            "display_name": "raz",
            "team": "T5M5PLH8U",
            "name": "raziebe",
            "is_restricted": false,
            "is_ultra_restricted": false
        },
        "thread_ts": "1551166210.014000",
        "parent_user_id": "UGG2RDVCG"
    },
    {
        "client_msg_id": "13306eb7-afa9-422a-9b1a-dda625779c02",
        "type": "message",
        "text": "That's interesting !  The sizing\/specs aspects of VOIP is not really my forte, but ultrasounds more.. I guess that's airborne, is that correct? What's the expected range? I trust physics-related constraints due to this modality will yield a few parts of the specs.",
        "user": "U5M5PLH9S",
        "ts": "1551179222.020400",
        "team": "T5M5PLH8U",
        "user_team": "T5M5PLH8U",
        "source_team": "T5M5PLH8U",
        "user_profile": {
            "avatar_hash": "e4fb6ae9f526",
            "image_72": "https:\/\/avatars.slack-edge.com\/2017-06-01\/191144530514_e4fb6ae9f526531fd41c_72.jpg",
            "first_name": "",
            "real_name": "kelu",
            "display_name": "",
            "team": "T5M5PLH8U",
            "name": "kelu",
            "is_restricted": false,
            "is_ultra_restricted": false
        },
        "thread_ts": "1551166210.014000",
        "parent_user_id": "UGG2RDVCG"
    },
    {
        "client_msg_id": "6f293ec8-e70c-4fd8-aef1-3cc117ace3ba",
        "type": "message",
        "text": "First, thank you for your kind help. I am talking about IP over sound in a room. Here is more context. I created a hard real time extension for ARM8. The jitter of this system depends on the speed of the processor, and the accuracy of the clock. Now, I showed some use cases for this technology, one of which was the accuracy of measuring distance with a simple ultrasonic sensor, HCR_S04. Then I understood that I can push this idea forward. I want to send data over ultrasound, not VOIP but IPOV.   What I need to know, in theory, given a three meters distance ( room size), Is this possible ?",
        "user": "UGG2RDVCG",
        "ts": "1551180425.020600",
        "team": "T5M5PLH8U",
        "user_team": "T5M5PLH8U",
        "source_team": "T5M5PLH8U",
        "user_profile": {
            "avatar_hash": "g128636c40a0",
            "image_72": "https:\/\/secure.gravatar.com\/avatar\/1128636c40a00ef372d8146ddbde4f16.jpg?s=72&d=https%3A%2F%2Fa.slack-edge.com%2Fdf10d%2Fimg%2Favatars%2Fava_0004-72.png",
            "first_name": "",
            "real_name": "raz",
            "display_name": "raz",
            "team": "T5M5PLH8U",
            "name": "raziebe",
            "is_restricted": false,
            "is_ultra_restricted": false
        },
        "thread_ts": "1551166210.014000",
        "parent_user_id": "UGG2RDVCG"
    },
    {
        "client_msg_id": "7272ddc1-a765-489c-8236-15caca9b65c7",
        "type": "message",
        "text": "I guess so. I' use say 20khz ultrasound.. which is around 2 decades lower than what I use. In that sense, what I did is not really within your specs.",
        "user": "U5M5PLH9S",
        "ts": "1551184817.020800",
        "team": "T5M5PLH8U",
        "user_team": "T5M5PLH8U",
        "source_team": "T5M5PLH8U",
        "user_profile": {
            "avatar_hash": "e4fb6ae9f526",
            "image_72": "https:\/\/avatars.slack-edge.com\/2017-06-01\/191144530514_e4fb6ae9f526531fd41c_72.jpg",
            "first_name": "",
            "real_name": "kelu",
            "display_name": "",
            "team": "T5M5PLH8U",
            "name": "kelu",
            "is_restricted": false,
            "is_ultra_restricted": false
        },
        "thread_ts": "1551166210.014000",
        "parent_user_id": "UGG2RDVCG"
    },
    {
        "client_msg_id": "a926fce7-b89e-4427-8e02-9af3469a938f",
        "type": "message",
        "text": "Even this is enough. Do you think 5kbps is possible with 20khz ?",
        "user": "UGG2RDVCG",
        "ts": "1551185566.021000",
        "team": "T5M5PLH8U",
        "user_team": "T5M5PLH8U",
        "source_team": "T5M5PLH8U",
        "user_profile": {
            "avatar_hash": "g128636c40a0",
            "image_72": "https:\/\/secure.gravatar.com\/avatar\/1128636c40a00ef372d8146ddbde4f16.jpg?s=72&d=https%3A%2F%2Fa.slack-edge.com%2Fdf10d%2Fimg%2Favatars%2Fava_0004-72.png",
            "first_name": "",
            "real_name": "raz",
            "display_name": "raz",
            "team": "T5M5PLH8U",
            "name": "raziebe",
            "is_restricted": false,
            "is_ultra_restricted": false
        },
        "thread_ts": "1551166210.014000",
        "parent_user_id": "UGG2RDVCG"
    },
    {
        "client_msg_id": "45bbd47c-6f50-4384-9bcf-fe70eab5fa00",
        "type": "message",
        "text": "Worth trying, but considering overheads, that would be difficult. I also guess that you could use higher freqs, and considering multi channels comms? ;)",
        "user": "U5M5PLH9S",
        "ts": "1551185723.021200",
        "team": "T5M5PLH8U",
        "user_team": "T5M5PLH8U",
        "source_team": "T5M5PLH8U",
        "user_profile": {
            "avatar_hash": "e4fb6ae9f526",
            "image_72": "https:\/\/avatars.slack-edge.com\/2017-06-01\/191144530514_e4fb6ae9f526531fd41c_72.jpg",
            "first_name": "",
            "real_name": "kelu",
            "display_name": "",
            "team": "T5M5PLH8U",
            "name": "kelu",
            "is_restricted": false,
            "is_ultra_restricted": false
        },
        "thread_ts": "1551166210.014000",
        "parent_user_id": "UGG2RDVCG"
    },
    {
        "client_msg_id": "0cfee3a7-7be6-4687-98f4-eaf850400476",
        "type": "message",
        "text": "yes, mulitchannel is a <http:\/\/possibilit.Do|possibilit.Do> you have an idea how to construct this setup ?",
        "user": "UGG2RDVCG",
        "ts": "1551186747.021400",
        "team": "T5M5PLH8U",
        "user_team": "T5M5PLH8U",
        "source_team": "T5M5PLH8U",
        "user_profile": {
            "avatar_hash": "g128636c40a0",
            "image_72": "https:\/\/secure.gravatar.com\/avatar\/1128636c40a00ef372d8146ddbde4f16.jpg?s=72&d=https%3A%2F%2Fa.slack-edge.com%2Fdf10d%2Fimg%2Favatars%2Fava_0004-72.png",
            "first_name": "",
            "real_name": "raz",
            "display_name": "raz",
            "team": "T5M5PLH8U",
            "name": "raziebe",
            "is_restricted": false,
            "is_ultra_restricted": false
        },
        "thread_ts": "1551166210.014000",
        "parent_user_id": "UGG2RDVCG"
    },
    {
        "type": "message",
        "subtype": "thread_broadcast",
        "text": "Communications over ultrasound in air has a number of difficulties, but if it is acceptable to have low data rates, then it can work. First problem is that attenuation of sound in air increases with frequency (basically air is a low pass filter for acoustic waves), so in order to use higher frequencies to increase bandwidth, you also need to increase transmitter power exponentially. Second problem is most ultrasonic transducers are piezo electric which are high Q, which means they are like narrow band pass filters, so if you modulate them then you have very limited bandwidth to work with. See <https:\/\/electronics.stackexchange.com\/questions\/286540\/bpsk-and-ultrasound>",
        "user": "U8Z3VB1T2",
        "ts": "1551192410.021600",
        "thread_ts": "1551166210.014000",
        "root": {
            "client_msg_id": "4e239cea-5b99-4410-bde6-4b1120c15b5d",
            "type": "message",
            "text": "hello. I was wondering, I want to use this technology for communication. I want to connect two RaspberryPIs on top of ultrasound. Do you think it is physible ?",
            "user": "UGG2RDVCG",
            "ts": "1551166210.014000",
            "team": "T5M5PLH8U",
            "thread_ts": "1551166210.014000",
            "reply_count": 10,
            "reply_users_count": 3,
            "latest_reply": "1551192410.021600",
            "reply_users": [
                "U5M5PLH9S",
                "UGG2RDVCG",
                "U8Z3VB1T2"
            ],
            "replies": [
                {
                    "user": "U5M5PLH9S",
                    "ts": "1551176943.019200"
                },
                {
                    "user": "U5M5PLH9S",
                    "ts": "1551176961.019400"
                },
                {
                    "user": "UGG2RDVCG",
                    "ts": "1551179045.020200"
                },
                {
                    "user": "U5M5PLH9S",
                    "ts": "1551179222.020400"
                },
                {
                    "user": "UGG2RDVCG",
                    "ts": "1551180425.020600"
                },
                {
                    "user": "U5M5PLH9S",
                    "ts": "1551184817.020800"
                },
                {
                    "user": "UGG2RDVCG",
                    "ts": "1551185566.021000"
                },
                {
                    "user": "U5M5PLH9S",
                    "ts": "1551185723.021200"
                },
                {
                    "user": "UGG2RDVCG",
                    "ts": "1551186747.021400"
                },
                {
                    "user": "U8Z3VB1T2",
                    "ts": "1551192410.021600"
                }
            ],
            "subscribed": true,
            "last_read": "1551192410.021600"
        },
        "client_msg_id": "113c9699-fdda-49ec-be1c-582f31aea96e",
        "reactions": [
            {
                "name": "raised_hands",
                "users": [
                    "U5M5PLH9S"
                ],
                "count": 1
            },
            {
                "name": "star-struck",
                "users": [
                    "U5M5PLH9S"
                ],
                "count": 1
            },
            {
                "name": "nerd_face",
                "users": [
                    "U5M5PLH9S"
                ],
                "count": 1
            }
        ]
    },
    {
        "client_msg_id": "5ddf1115-f10b-4162-b381-acecbae4fb00",
        "type": "message",
        "text": "Ultrasound propagation is much better in liquids and solids: <https:\/\/physics.stackexchange.com\/questions\/23418\/is-there-an-upper-frequency-limit-to-ultrasound>",
        "user": "U8Z3VB1T2",
        "ts": "1551192487.022300",
        "team": "T5M5PLH8U",
        "user_team": "T5M5PLH8U",
        "source_team": "T5M5PLH8U",
        "user_profile": {
            "avatar_hash": "g49ad52d7df8",
            "image_72": "https:\/\/secure.gravatar.com\/avatar\/449ad52d7df89ecbe8ebe0fd87d3f63f.jpg?s=72&d=https%3A%2F%2Fa.slack-edge.com%2Fdf10d%2Fimg%2Favatars%2Fava_0026-72.png",
            "first_name": "",
            "real_name": "William Meng",
            "display_name": "",
            "team": "T5M5PLH8U",
            "name": "wlmeng11",
            "is_restricted": false,
            "is_ultra_restricted": false
        },
        "edited": {
            "user": "U8Z3VB1T2",
            "ts": "1555349878.000000"
        }
    },
    {
        "type": "message",
        "text": "Pfiuuu I thought there were issues with programming the ice40, especially with the wrong flash selected at first.. but now I checked that a blinky works (1st step after the magic smoke check?).. so good so far.\nIt's also the opportunity to check how to program an ice40 without flash, with a simple esp32, over wifi. Neat for on the fly updates!",
        "files": [
            {
                "id": "FGJKWBN8P",
                "created": 1551212505,
                "timestamp": 1551212505,
                "name": "video.gif",
                "title": "video.gif",
                "mimetype": "image\/gif",
                "filetype": "gif",
                "pretty_type": "GIF",
                "user": "U5M5PLH9S",
                "editable": false,
                "size": 7420357,
                "mode": "hosted",
                "is_external": false,
                "external_type": "",
                "is_public": true,
                "public_url_shared": false,
                "display_as_bot": false,
                "username": "",
                "url_private": "https:\/\/files.slack.com\/files-pri\/T5M5PLH8U-FGJKWBN8P\/video.gif?t=xoxe-191193697300-964750812979-978081040215-70140a522cd1d53d5dacb8121ac10305",
                "url_private_download": "https:\/\/files.slack.com\/files-pri\/T5M5PLH8U-FGJKWBN8P\/download\/video.gif?t=xoxe-191193697300-964750812979-978081040215-70140a522cd1d53d5dacb8121ac10305",
                "thumb_64": "https:\/\/files.slack.com\/files-tmb\/T5M5PLH8U-FGJKWBN8P-42c213ca80\/video_64.png?t=xoxe-191193697300-964750812979-978081040215-70140a522cd1d53d5dacb8121ac10305",
                "thumb_80": "https:\/\/files.slack.com\/files-tmb\/T5M5PLH8U-FGJKWBN8P-42c213ca80\/video_80.png?t=xoxe-191193697300-964750812979-978081040215-70140a522cd1d53d5dacb8121ac10305",
                "thumb_360": "https:\/\/files.slack.com\/files-tmb\/T5M5PLH8U-FGJKWBN8P-42c213ca80\/video_360.png?t=xoxe-191193697300-964750812979-978081040215-70140a522cd1d53d5dacb8121ac10305",
                "thumb_360_w": 360,
                "thumb_360_h": 256,
                "thumb_160": "https:\/\/files.slack.com\/files-tmb\/T5M5PLH8U-FGJKWBN8P-42c213ca80\/video_160.png?t=xoxe-191193697300-964750812979-978081040215-70140a522cd1d53d5dacb8121ac10305",
                "thumb_360_gif": "https:\/\/files.slack.com\/files-tmb\/T5M5PLH8U-FGJKWBN8P-42c213ca80\/video_360.gif?t=xoxe-191193697300-964750812979-978081040215-70140a522cd1d53d5dacb8121ac10305",
                "image_exif_rotation": 1,
                "original_w": 450,
                "original_h": 320,
                "deanimate_gif": "https:\/\/files.slack.com\/files-tmb\/T5M5PLH8U-FGJKWBN8P-42c213ca80\/video_deanimate_gif.png?t=xoxe-191193697300-964750812979-978081040215-70140a522cd1d53d5dacb8121ac10305",
                "permalink": "https:\/\/usdevkit.slack.com\/files\/U5M5PLH9S\/FGJKWBN8P\/video.gif",
                "permalink_public": "https:\/\/slack-files.com\/T5M5PLH8U-FGJKWBN8P-25d103b44e",
                "is_starred": false,
                "has_rich_preview": false
            }
        ],
        "upload": true,
        "user": "U5M5PLH9S",
        "display_as_bot": false,
        "ts": "1551212517.022800",
        "thread_ts": "1550322852.010200",
        "parent_user_id": "U5M5PLH9S",
        "subtype": "thread_broadcast",
        "root": {
            "type": "message",
            "text": "Tests of the pHAT-like lit3rick coming soon ;)",
            "files": [
                {
                    "id": "FGAB7TTV4",
                    "created": 1550322852,
                    "timestamp": 1550322852,
                    "name": "IMG_20190216_141307.jpg",
                    "title": "IMG_20190216_141307.jpg",
                    "mimetype": "image\/jpeg",
                    "filetype": "jpg",
                    "pretty_type": "JPEG",
                    "user": "U5M5PLH9S",
                    "editable": false,
                    "size": 803398,
                    "mode": "hosted",
                    "is_external": false,
                    "external_type": "",
                    "is_public": true,
                    "public_url_shared": false,
                    "display_as_bot": false,
                    "username": "",
                    "url_private": "https:\/\/files.slack.com\/files-pri\/T5M5PLH8U-FGAB7TTV4\/img_20190216_141307.jpg?t=xoxe-191193697300-964750812979-978081040215-70140a522cd1d53d5dacb8121ac10305",
                    "url_private_download": "https:\/\/files.slack.com\/files-pri\/T5M5PLH8U-FGAB7TTV4\/download\/img_20190216_141307.jpg?t=xoxe-191193697300-964750812979-978081040215-70140a522cd1d53d5dacb8121ac10305",
                    "thumb_64": "https:\/\/files.slack.com\/files-tmb\/T5M5PLH8U-FGAB7TTV4-4343e3b204\/img_20190216_141307_64.jpg?t=xoxe-191193697300-964750812979-978081040215-70140a522cd1d53d5dacb8121ac10305",
                    "thumb_80": "https:\/\/files.slack.com\/files-tmb\/T5M5PLH8U-FGAB7TTV4-4343e3b204\/img_20190216_141307_80.jpg?t=xoxe-191193697300-964750812979-978081040215-70140a522cd1d53d5dacb8121ac10305",
                    "thumb_360": "https:\/\/files.slack.com\/files-tmb\/T5M5PLH8U-FGAB7TTV4-4343e3b204\/img_20190216_141307_360.jpg?t=xoxe-191193697300-964750812979-978081040215-70140a522cd1d53d5dacb8121ac10305",
                    "thumb_360_w": 270,
                    "thumb_360_h": 360,
                    "thumb_480": "https:\/\/files.slack.com\/files-tmb\/T5M5PLH8U-FGAB7TTV4-4343e3b204\/img_20190216_141307_480.jpg?t=xoxe-191193697300-964750812979-978081040215-70140a522cd1d53d5dacb8121ac10305",
                    "thumb_480_w": 360,
                    "thumb_480_h": 480,
                    "thumb_160": "https:\/\/files.slack.com\/files-tmb\/T5M5PLH8U-FGAB7TTV4-4343e3b204\/img_20190216_141307_160.jpg?t=xoxe-191193697300-964750812979-978081040215-70140a522cd1d53d5dacb8121ac10305",
                    "thumb_720": "https:\/\/files.slack.com\/files-tmb\/T5M5PLH8U-FGAB7TTV4-4343e3b204\/img_20190216_141307_720.jpg?t=xoxe-191193697300-964750812979-978081040215-70140a522cd1d53d5dacb8121ac10305",
                    "thumb_720_w": 540,
                    "thumb_720_h": 720,
                    "thumb_800": "https:\/\/files.slack.com\/files-tmb\/T5M5PLH8U-FGAB7TTV4-4343e3b204\/img_20190216_141307_800.jpg?t=xoxe-191193697300-964750812979-978081040215-70140a522cd1d53d5dacb8121ac10305",
                    "thumb_800_w": 800,
                    "thumb_800_h": 1067,
                    "thumb_960": "https:\/\/files.slack.com\/files-tmb\/T5M5PLH8U-FGAB7TTV4-4343e3b204\/img_20190216_141307_960.jpg?t=xoxe-191193697300-964750812979-978081040215-70140a522cd1d53d5dacb8121ac10305",
                    "thumb_960_w": 720,
                    "thumb_960_h": 960,
                    "thumb_1024": "https:\/\/files.slack.com\/files-tmb\/T5M5PLH8U-FGAB7TTV4-4343e3b204\/img_20190216_141307_1024.jpg?t=xoxe-191193697300-964750812979-978081040215-70140a522cd1d53d5dacb8121ac10305",
                    "thumb_1024_w": 768,
                    "thumb_1024_h": 1024,
                    "image_exif_rotation": 1,
                    "original_w": 2448,
                    "original_h": 3264,
                    "permalink": "https:\/\/usdevkit.slack.com\/files\/U5M5PLH9S\/FGAB7TTV4\/img_20190216_141307.jpg",
                    "permalink_public": "https:\/\/slack-files.com\/T5M5PLH8U-FGAB7TTV4-20ab3c347f",
                    "is_starred": false,
                    "has_rich_preview": false
                }
            ],
            "upload": true,
            "user": "U5M5PLH9S",
            "display_as_bot": false,
            "ts": "1550322852.010200",
            "client_msg_id": "a912d068-bb1b-4d80-88c3-c8095f3e3f30",
            "thread_ts": "1550322852.010200",
            "reply_count": 5,
            "reply_users_count": 2,
            "latest_reply": "1551213613.023300",
            "reply_users": [
                "U5M5PLH9S",
                "UF0SXEJ0M"
            ],
            "replies": [
                {
                    "user": "U5M5PLH9S",
                    "ts": "1550342756.010900"
                },
                {
                    "user": "UF0SXEJ0M",
                    "ts": "1550691897.000200"
                },
                {
                    "user": "U5M5PLH9S",
                    "ts": "1551038858.002500"
                },
                {
                    "user": "U5M5PLH9S",
                    "ts": "1551212517.022800"
                },
                {
                    "user": "U5M5PLH9S",
                    "ts": "1551213613.023300"
                }
            ],
            "subscribed": true,
            "last_read": "1551213613.023300"
        },
        "reactions": [
            {
                "name": "+1",
                "users": [
                    "U8Z3VB1T2",
                    "UGJ8GJGNR"
                ],
                "count": 2
            },
            {
                "name": "gem",
                "users": [
                    "UF0SXEJ0M"
                ],
                "count": 1
            }
        ]
    },
    {
        "client_msg_id": "aefc5d40-59c6-449b-8f91-03346eea9076",
        "type": "message",
        "text": "I know it's no biggie, but that alleviates the issue of trying to fix microscopic components solders.. and ultimately to go another round of prod :stuck_out_tongue:",
        "user": "U5M5PLH9S",
        "ts": "1551213613.023300",
        "team": "T5M5PLH8U",
        "user_team": "T5M5PLH8U",
        "source_team": "T5M5PLH8U",
        "user_profile": {
            "avatar_hash": "e4fb6ae9f526",
            "image_72": "https:\/\/avatars.slack-edge.com\/2017-06-01\/191144530514_e4fb6ae9f526531fd41c_72.jpg",
            "first_name": "",
            "real_name": "kelu",
            "display_name": "",
            "team": "T5M5PLH8U",
            "name": "kelu",
            "is_restricted": false,
            "is_ultra_restricted": false
        },
        "thread_ts": "1550322852.010200",
        "parent_user_id": "U5M5PLH9S",
        "reactions": [
            {
                "name": "star-struck",
                "users": [
                    "UF0SXEJ0M"
                ],
                "count": 1
            }
        ]
    },
    {
        "type": "message",
        "subtype": "channel_join",
        "ts": "1551244218.023800",
        "user": "UGJ8GJGNR",
        "text": "<@UGJ8GJGNR> has joined the channel"
    }
]