[
    {
        "client_msg_id": "b3b80991-afb5-422d-b9c4-bc92515aacb8",
        "type": "message",
        "text": "Oke thanks very much",
        "user": "UE3JX8LUT",
        "ts": "1552394148.015000",
        "team": "T5M5PLH8U",
        "user_team": "T5M5PLH8U",
        "source_team": "T5M5PLH8U",
        "user_profile": {
            "avatar_hash": "a9159a929398",
            "image_72": "https:\/\/avatars.slack-edge.com\/2018-11-15\/479026488288_a9159a929398c4006149_72.jpg",
            "first_name": "Fadhli",
            "real_name": "Fadhli",
            "display_name": "Fadhli",
            "team": "T5M5PLH8U",
            "name": "fadhliazinnuddin",
            "is_restricted": false,
            "is_ultra_restricted": false
        },
        "thread_ts": "1551796412.005200",
        "parent_user_id": "UE3JX8LUT"
    },
    {
        "client_msg_id": "6de48ee9-89aa-484d-bb2e-414d7f89860c",
        "type": "message",
        "text": ":blush:",
        "user": "UE3JX8LUT",
        "ts": "1552394155.015200",
        "team": "T5M5PLH8U",
        "user_team": "T5M5PLH8U",
        "source_team": "T5M5PLH8U",
        "user_profile": {
            "avatar_hash": "a9159a929398",
            "image_72": "https:\/\/avatars.slack-edge.com\/2018-11-15\/479026488288_a9159a929398c4006149_72.jpg",
            "first_name": "Fadhli",
            "real_name": "Fadhli",
            "display_name": "Fadhli",
            "team": "T5M5PLH8U",
            "name": "fadhliazinnuddin",
            "is_restricted": false,
            "is_ultra_restricted": false
        },
        "thread_ts": "1551796412.005200",
        "parent_user_id": "UE3JX8LUT"
    },
    {
        "client_msg_id": "101a3628-16d5-45b3-8612-06cdcd13cb17",
        "type": "message",
        "text": " \nNp!",
        "user": "U5M5PLH9S",
        "ts": "1552397768.015400",
        "team": "T5M5PLH8U",
        "user_team": "T5M5PLH8U",
        "source_team": "T5M5PLH8U",
        "user_profile": {
            "avatar_hash": "e4fb6ae9f526",
            "image_72": "https:\/\/avatars.slack-edge.com\/2017-06-01\/191144530514_e4fb6ae9f526531fd41c_72.jpg",
            "first_name": "",
            "real_name": "kelu",
            "display_name": "",
            "team": "T5M5PLH8U",
            "name": "kelu",
            "is_restricted": false,
            "is_ultra_restricted": false
        },
        "thread_ts": "1551796412.005200",
        "parent_user_id": "UE3JX8LUT"
    },
    {
        "client_msg_id": "c3d6f240-e55a-49e3-a04b-cda8a4b3b47b",
        "type": "message",
        "text": "How if using raspbery pi model 3",
        "user": "UE3JX8LUT",
        "ts": "1552445780.015600",
        "team": "T5M5PLH8U",
        "user_team": "T5M5PLH8U",
        "source_team": "T5M5PLH8U",
        "user_profile": {
            "avatar_hash": "a9159a929398",
            "image_72": "https:\/\/avatars.slack-edge.com\/2018-11-15\/479026488288_a9159a929398c4006149_72.jpg",
            "first_name": "Fadhli",
            "real_name": "Fadhli",
            "display_name": "Fadhli",
            "team": "T5M5PLH8U",
            "name": "fadhliazinnuddin",
            "is_restricted": false,
            "is_ultra_restricted": false
        },
        "thread_ts": "1551796412.005200",
        "parent_user_id": "UE3JX8LUT"
    },
    {
        "client_msg_id": "89e1a1c3-6598-44b4-9294-19c0345863c2",
        "type": "message",
        "text": "On your un0rick",
        "user": "UE3JX8LUT",
        "ts": "1552445813.015800",
        "team": "T5M5PLH8U",
        "user_team": "T5M5PLH8U",
        "source_team": "T5M5PLH8U",
        "user_profile": {
            "avatar_hash": "a9159a929398",
            "image_72": "https:\/\/avatars.slack-edge.com\/2018-11-15\/479026488288_a9159a929398c4006149_72.jpg",
            "first_name": "Fadhli",
            "real_name": "Fadhli",
            "display_name": "Fadhli",
            "team": "T5M5PLH8U",
            "name": "fadhliazinnuddin",
            "is_restricted": false,
            "is_ultra_restricted": false
        },
        "thread_ts": "1551796412.005200",
        "parent_user_id": "UE3JX8LUT"
    }
]