[
    {
        "client_msg_id": "231bd240-866f-49e2-8289-9bd4be6231e3",
        "type": "message",
        "text": ":smiley:",
        "user": "U5M5PLH9S",
        "ts": "1560762391.003800",
        "team": "T5M5PLH8U",
        "user_team": "T5M5PLH8U",
        "source_team": "T5M5PLH8U",
        "user_profile": {
            "avatar_hash": "e4fb6ae9f526",
            "image_72": "https:\/\/avatars.slack-edge.com\/2017-06-01\/191144530514_e4fb6ae9f526531fd41c_72.jpg",
            "first_name": "",
            "real_name": "kelu",
            "display_name": "",
            "team": "T5M5PLH8U",
            "name": "kelu",
            "is_restricted": false,
            "is_ultra_restricted": false
        },
        "thread_ts": "1558504012.019200",
        "parent_user_id": "U5M5PLH9S"
    }
]