[
    {
        "client_msg_id": "313c3f00-d695-4bb7-bd39-f93130eb61a8",
        "type": "message",
        "text": "Hi <@UG2T36SFP> and welcome !\nHappy to chat with you and support where possible for your project!",
        "user": "U5M5PLH9S",
        "ts": "1549837058.162700",
        "team": "T5M5PLH8U",
        "user_team": "T5M5PLH8U",
        "source_team": "T5M5PLH8U",
        "user_profile": {
            "avatar_hash": "e4fb6ae9f526",
            "image_72": "https:\/\/avatars.slack-edge.com\/2017-06-01\/191144530514_e4fb6ae9f526531fd41c_72.jpg",
            "first_name": "",
            "real_name": "kelu",
            "display_name": "",
            "team": "T5M5PLH8U",
            "name": "kelu",
            "is_restricted": false,
            "is_ultra_restricted": false
        }
    },
    {
        "client_msg_id": "5abe5525-a6c3-496e-a5d8-32fa28c0a579",
        "type": "message",
        "text": "Out of curiosity, why did you start with piezos discs and not transducers - and how did you select them for your application? Usually, I see piezos more in the MHz range for NDT in steel materials.",
        "user": "U5M5PLH9S",
        "ts": "1549837103.163700",
        "team": "T5M5PLH8U",
        "user_team": "T5M5PLH8U",
        "source_team": "T5M5PLH8U",
        "user_profile": {
            "avatar_hash": "e4fb6ae9f526",
            "image_72": "https:\/\/avatars.slack-edge.com\/2017-06-01\/191144530514_e4fb6ae9f526531fd41c_72.jpg",
            "first_name": "",
            "real_name": "kelu",
            "display_name": "",
            "team": "T5M5PLH8U",
            "name": "kelu",
            "is_restricted": false,
            "is_ultra_restricted": false
        }
    },
    {
        "client_msg_id": "f27a3f62-9e7f-41ae-82d2-ace32451fe1e",
        "type": "message",
        "text": "<@U5M5PLH9S>  how if ultrasound imaging using artificial intelligence to detection crack, so that result of image crack is better ?",
        "user": "UE3JX8LUT",
        "ts": "1549851670.165400",
        "team": "T5M5PLH8U",
        "user_team": "T5M5PLH8U",
        "source_team": "T5M5PLH8U",
        "user_profile": {
            "avatar_hash": "a9159a929398",
            "image_72": "https:\/\/avatars.slack-edge.com\/2018-11-15\/479026488288_a9159a929398c4006149_72.jpg",
            "first_name": "Fadhli",
            "real_name": "Fadhli",
            "display_name": "Fadhli",
            "team": "T5M5PLH8U",
            "name": "fadhliazinnuddin",
            "is_restricted": false,
            "is_ultra_restricted": false
        }
    },
    {
        "client_msg_id": "7901fab6-9be9-44d8-8831-17c51b9e7b2d",
        "type": "message",
        "text": "Crack from material which detection",
        "user": "UE3JX8LUT",
        "ts": "1549851830.167400",
        "team": "T5M5PLH8U",
        "user_team": "T5M5PLH8U",
        "source_team": "T5M5PLH8U",
        "user_profile": {
            "avatar_hash": "a9159a929398",
            "image_72": "https:\/\/avatars.slack-edge.com\/2018-11-15\/479026488288_a9159a929398c4006149_72.jpg",
            "first_name": "Fadhli",
            "real_name": "Fadhli",
            "display_name": "Fadhli",
            "team": "T5M5PLH8U",
            "name": "fadhliazinnuddin",
            "is_restricted": false,
            "is_ultra_restricted": false
        }
    }
]