[
    {
        "client_msg_id": "295a149a-27a7-4232-b2ea-e3e6addd98b0",
        "type": "message",
        "text": "<https:\/\/www.maximintegrated.com\/en\/app-notes\/index.mvp\/id\/1166>",
        "user": "UF0SXEJ0M",
        "ts": "1552883232.020700",
        "team": "T5M5PLH8U",
        "user_team": "T5M5PLH8U",
        "source_team": "T5M5PLH8U",
        "user_profile": {
            "avatar_hash": "caf9f1375af3",
            "image_72": "https:\/\/avatars.slack-edge.com\/2019-02-12\/549018718117_caf9f1375af3bfa9e7a6_72.jpg",
            "first_name": "Sterling",
            "real_name": "Sterling Cooley",
            "display_name": "Sterling",
            "team": "T5M5PLH8U",
            "name": "percyacct2020",
            "is_restricted": false,
            "is_ultra_restricted": false
        },
        "attachments": [
            {
                "title": "Flyback Transformer Design for MAX1856 SLIC Power Supplies - Application Note - Maxim",
                "title_link": "https:\/\/www.maximintegrated.com\/en\/app-notes\/index.mvp\/id\/1166",
                "text": "Flyback transformer design made for low-cost MAX1856 subscriber line interface circuit (SLIC) power supplies.",
                "fallback": "Flyback Transformer Design for MAX1856 SLIC Power Supplies - Application Note - Maxim",
                "from_url": "https:\/\/www.maximintegrated.com\/en\/app-notes\/index.mvp\/id\/1166",
                "service_icon": "https:\/\/www.maximintegrated.com\/favicon.ico",
                "service_name": "maximintegrated.com",
                "id": 1,
                "original_url": "https:\/\/www.maximintegrated.com\/en\/app-notes\/index.mvp\/id\/1166"
            }
        ],
        "thread_ts": "1552772038.019900",
        "parent_user_id": "U5M5PLH9S"
    },
    {
        "client_msg_id": "c68fb5a0-eaca-425a-98a9-f19fd5bf3c98",
        "type": "message",
        "text": "I found this from Maxim, which is able to do -80V, and -24V",
        "user": "UF0SXEJ0M",
        "ts": "1552883252.021000",
        "team": "T5M5PLH8U",
        "user_team": "T5M5PLH8U",
        "source_team": "T5M5PLH8U",
        "user_profile": {
            "avatar_hash": "caf9f1375af3",
            "image_72": "https:\/\/avatars.slack-edge.com\/2019-02-12\/549018718117_caf9f1375af3bfa9e7a6_72.jpg",
            "first_name": "Sterling",
            "real_name": "Sterling Cooley",
            "display_name": "Sterling",
            "team": "T5M5PLH8U",
            "name": "percyacct2020",
            "is_restricted": false,
            "is_ultra_restricted": false
        },
        "thread_ts": "1552772038.019900",
        "parent_user_id": "U5M5PLH9S",
        "reactions": [
            {
                "name": "+1",
                "users": [
                    "U5M5PLH9S"
                ],
                "count": 1
            }
        ]
    }
]