[
    {
        "client_msg_id": "05fec6a5-c76c-4330-9706-60ed0ce3db95",
        "type": "message",
        "text": "Benny, DA-312 from GE Inspection for example. You can also use one of those Chinese ones. Yushi have good quality ones...",
        "user": "UFCS7CKPD",
        "ts": "1574071675.015300",
        "team": "T5M5PLH8U",
        "user_team": "T5M5PLH8U",
        "source_team": "T5M5PLH8U",
        "user_profile": {
            "avatar_hash": "g1e384a0d103",
            "image_72": "https:\/\/secure.gravatar.com\/avatar\/b1e384a0d10360cda1cbae6e2b35ef69.jpg?s=72&d=https%3A%2F%2Fa.slack-edge.com%2Fdf10d%2Fimg%2Favatars%2Fava_0007-72.png",
            "first_name": "",
            "real_name": "Jorge Arija",
            "display_name": "",
            "team": "T5M5PLH8U",
            "name": "jarija",
            "is_restricted": false,
            "is_ultra_restricted": false
        }
    }
]