[
    {
        "client_msg_id": "be42f82c-be57-4632-9ea0-0e5804bd040f",
        "type": "message",
        "text": "Cheap but you need the TSW1250EVM board :stuck_out_tongue:",
        "user": "U5M5PLH9S",
        "ts": "1555270034.000800",
        "team": "T5M5PLH8U",
        "user_team": "T5M5PLH8U",
        "source_team": "T5M5PLH8U",
        "user_profile": {
            "avatar_hash": "e4fb6ae9f526",
            "image_72": "https:\/\/avatars.slack-edge.com\/2017-06-01\/191144530514_e4fb6ae9f526531fd41c_72.jpg",
            "first_name": "",
            "real_name": "kelu",
            "display_name": "",
            "team": "T5M5PLH8U",
            "name": "kelu",
            "is_restricted": false,
            "is_ultra_restricted": false
        },
        "thread_ts": "1555116959.000600",
        "parent_user_id": "U8Z3VB1T2"
    },
    {
        "client_msg_id": "9852d9ae-dfdb-4c94-91ee-a664e5d0e4a4",
        "type": "message",
        "text": "which btw seems over : <https:\/\/fr.farnell.com\/texas-instruments\/tsw1250evm\/deserialiseur-mod-evaluation\/dp\/2334217>",
        "user": "U5M5PLH9S",
        "ts": "1555270046.001000",
        "team": "T5M5PLH8U",
        "user_team": "T5M5PLH8U",
        "source_team": "T5M5PLH8U",
        "user_profile": {
            "avatar_hash": "e4fb6ae9f526",
            "image_72": "https:\/\/avatars.slack-edge.com\/2017-06-01\/191144530514_e4fb6ae9f526531fd41c_72.jpg",
            "first_name": "",
            "real_name": "kelu",
            "display_name": "",
            "team": "T5M5PLH8U",
            "name": "kelu",
            "is_restricted": false,
            "is_ultra_restricted": false
        },
        "attachments": [
            {
                "title": "TSW1250EVM - Module d'évaluation LVDS rapide déserialiseur et analyse de circuit",
                "title_link": "https:\/\/fr.farnell.com\/texas-instruments\/tsw1250evm\/deserialiseur-mod-evaluation\/dp\/2334217",
                "text": "Silicon Fabricant:Texas Instruments; Nombre de noyau de silicium:AFE58xx; Nombre de bits:-; Fréquence d'échantillonnage:-; Type de kit d'application:Convertisseur de données; Application So",
                "fallback": "TSW1250EVM - Module d'évaluation LVDS rapide déserialiseur et analyse de circuit",
                "from_url": "https:\/\/fr.farnell.com\/texas-instruments\/tsw1250evm\/deserialiseur-mod-evaluation\/dp\/2334217",
                "service_icon": "https:\/\/fr.farnell.com\/favicon.ico",
                "service_name": "fr.farnell.com",
                "id": 1,
                "original_url": "https:\/\/fr.farnell.com\/texas-instruments\/tsw1250evm\/deserialiseur-mod-evaluation\/dp\/2334217"
            }
        ],
        "thread_ts": "1555116959.000600",
        "parent_user_id": "U8Z3VB1T2"
    }
]