[
    {
        "client_msg_id": "397d99c1-78d1-48d8-b309-76e7f9637e9d",
        "type": "message",
        "text": "<@UF0SXEJ0M>  yeah, phased array using more many element in the probe",
        "user": "UE3JX8LUT",
        "ts": "1550152661.008400",
        "team": "T5M5PLH8U",
        "user_team": "T5M5PLH8U",
        "source_team": "T5M5PLH8U",
        "user_profile": {
            "avatar_hash": "a9159a929398",
            "image_72": "https:\/\/avatars.slack-edge.com\/2018-11-15\/479026488288_a9159a929398c4006149_72.jpg",
            "first_name": "Fadhli",
            "real_name": "Fadhli",
            "display_name": "Fadhli",
            "team": "T5M5PLH8U",
            "name": "fadhliazinnuddin",
            "is_restricted": false,
            "is_ultra_restricted": false
        },
        "thread_ts": "1549878875.003000",
        "parent_user_id": "U5M5PLH9S"
    },
    {
        "client_msg_id": "a7250da5-0d92-4436-8bbc-d152643b11af",
        "type": "message",
        "text": "I think Artificial Intelligence can be use on phased array system to direct identification type of crack",
        "user": "UE3JX8LUT",
        "ts": "1550153330.008800",
        "team": "T5M5PLH8U",
        "user_team": "T5M5PLH8U",
        "source_team": "T5M5PLH8U",
        "user_profile": {
            "avatar_hash": "a9159a929398",
            "image_72": "https:\/\/avatars.slack-edge.com\/2018-11-15\/479026488288_a9159a929398c4006149_72.jpg",
            "first_name": "Fadhli",
            "real_name": "Fadhli",
            "display_name": "Fadhli",
            "team": "T5M5PLH8U",
            "name": "fadhliazinnuddin",
            "is_restricted": false,
            "is_ultra_restricted": false
        },
        "thread_ts": "1549878875.003000",
        "parent_user_id": "U5M5PLH9S"
    }
]