[
    {
        "client_msg_id": "84ddc167-42a2-4e09-bf83-24d560b7320a",
        "type": "message",
        "text": "Youhou a new RPi ! <https:\/\/thepihut.com\/products\/raspberry-pi-4-model-b?utm_source=The+Pi+Hut&amp;utm_campaign=d2d2d1017f-EMAIL_CAMPAIGN_2018_10_19_COPY_01&amp;utm_medium=email&amp;utm_term=0_a4028431b8-d2d2d1017f-77617169&amp;mc_cid=d2d2d1017f&amp;mc_eid=ae8cd75f0e>",
        "user": "U5M5PLH9S",
        "ts": "1561360412.004100",
        "team": "T5M5PLH8U",
        "user_team": "T5M5PLH8U",
        "source_team": "T5M5PLH8U",
        "user_profile": {
            "avatar_hash": "e4fb6ae9f526",
            "image_72": "https:\/\/avatars.slack-edge.com\/2017-06-01\/191144530514_e4fb6ae9f526531fd41c_72.jpg",
            "first_name": "",
            "real_name": "kelu",
            "display_name": "",
            "team": "T5M5PLH8U",
            "name": "kelu",
            "is_restricted": false,
            "is_ultra_restricted": false
        },
        "edited": {
            "user": "U5M5PLH9S",
            "ts": "1561884646.000000"
        },
        "reactions": [
            {
                "name": "raised_hands",
                "users": [
                    "U8Z3VB1T2"
                ],
                "count": 1
            },
            {
                "name": "man-cartwheeling",
                "users": [
                    "U5M5PLH9S"
                ],
                "count": 1
            }
        ]
    }
]