[
    {
        "type": "message",
        "subtype": "thread_broadcast",
        "text": "Hi Julien\n\nI’m an English medical doctor - my French is ‘Non’ - so most of this thread is not understandable to me. \n\nI’m interested in using dual transducers, as you say - “to simply emit a continuous MHz wave (single frequency) from a piezo and record the raw waveform at another piezo” in a medical setting.\n\nAny ideas?\nDavid",
        "user": "UMEH4EFC3",
        "ts": "1567500761.009200",
        "thread_ts": "1562463563.026400",
        "root": {
            "client_msg_id": "f39c17ff-b40c-46c3-b5e2-bda5a847a733",
            "type": "message",
            "text": "Hi there,\nThought I'd introduce myself, as I stumbled upon your rather neat community. My name is Julien, and I'm a physicist rather interested in developing an ultra lost cost ultrasound tomography device (I'm rather well acquainted with a whole variety of inversion algorithms for wavefield imaging; I'm mostly lacking the know how to build something from the ground up). I'd be happy to share what I know on the algorithm side of things while I learn the Pi side.\nWonderful initiative you have here.",
            "user": "UKV93F6H1",
            "ts": "1562463563.026400",
            "team": "T5M5PLH8U",
            "thread_ts": "1562463563.026400",
            "reply_count": 28,
            "reply_users_count": 3,
            "latest_reply": "1567538992.014100",
            "reply_users": [
                "U5M5PLH9S",
                "UKV93F6H1",
                "UMEH4EFC3"
            ],
            "replies": [
                {
                    "user": "U5M5PLH9S",
                    "ts": "1562486380.026500"
                },
                {
                    "user": "U5M5PLH9S",
                    "ts": "1562486428.026700"
                },
                {
                    "user": "UKV93F6H1",
                    "ts": "1562750326.026900"
                },
                {
                    "user": "UKV93F6H1",
                    "ts": "1562750629.027200"
                },
                {
                    "user": "U5M5PLH9S",
                    "ts": "1562754321.027500"
                },
                {
                    "user": "U5M5PLH9S",
                    "ts": "1562754454.027700"
                },
                {
                    "user": "U5M5PLH9S",
                    "ts": "1562754857.027900"
                },
                {
                    "user": "UKV93F6H1",
                    "ts": "1562804352.028300"
                },
                {
                    "user": "UKV93F6H1",
                    "ts": "1562808728.028500"
                },
                {
                    "user": "U5M5PLH9S",
                    "ts": "1562849406.029100"
                },
                {
                    "user": "U5M5PLH9S",
                    "ts": "1562849855.029400"
                },
                {
                    "user": "U5M5PLH9S",
                    "ts": "1562849939.029600"
                },
                {
                    "user": "UKV93F6H1",
                    "ts": "1562988838.029900"
                },
                {
                    "user": "U5M5PLH9S",
                    "ts": "1563000158.030100"
                },
                {
                    "user": "UKV93F6H1",
                    "ts": "1563177067.032500"
                },
                {
                    "user": "U5M5PLH9S",
                    "ts": "1563177245.032800"
                },
                {
                    "user": "UKV93F6H1",
                    "ts": "1563182886.033200"
                },
                {
                    "user": "U5M5PLH9S",
                    "ts": "1563182963.033500"
                },
                {
                    "user": "UKV93F6H1",
                    "ts": "1563182997.033700"
                },
                {
                    "user": "U5M5PLH9S",
                    "ts": "1563184590.033900"
                },
                {
                    "user": "UKV93F6H1",
                    "ts": "1563186959.034100"
                },
                {
                    "user": "U5M5PLH9S",
                    "ts": "1563190766.034300"
                },
                {
                    "user": "U5M5PLH9S",
                    "ts": "1566215330.032400"
                },
                {
                    "user": "UMEH4EFC3",
                    "ts": "1567500761.009200"
                },
                {
                    "user": "U5M5PLH9S",
                    "ts": "1567514382.009700"
                },
                {
                    "user": "UMEH4EFC3",
                    "ts": "1567523840.011800"
                },
                {
                    "user": "U5M5PLH9S",
                    "ts": "1567528181.012100"
                },
                {
                    "user": "UMEH4EFC3",
                    "ts": "1567538992.014100"
                }
            ],
            "subscribed": true,
            "last_read": "1567538992.014100"
        },
        "client_msg_id": "F2D4FE68-8F4F-4C69-B9AF-D08F2BE0AC31"
    },
    {
        "type": "message",
        "subtype": "channel_join",
        "ts": "1567507501.009600",
        "user": "UMSBWHMND",
        "text": "<@UMSBWHMND> has joined the channel"
    },
    {
        "client_msg_id": "6e843c53-b13c-450b-9dff-7aab13cb684a",
        "type": "message",
        "text": "Hey David, one can use the dual elements ndt transducers, but it would depend on your aim  - doppler, a-scan or others, so to adjust the piezo specs. What do you aim at ?",
        "user": "U5M5PLH9S",
        "ts": "1567514382.009700",
        "team": "T5M5PLH8U",
        "user_team": "T5M5PLH8U",
        "source_team": "T5M5PLH8U",
        "user_profile": {
            "avatar_hash": "e4fb6ae9f526",
            "image_72": "https:\/\/avatars.slack-edge.com\/2017-06-01\/191144530514_e4fb6ae9f526531fd41c_72.jpg",
            "first_name": "",
            "real_name": "kelu",
            "display_name": "",
            "team": "T5M5PLH8U",
            "name": "kelu",
            "is_restricted": false,
            "is_ultra_restricted": false
        },
        "thread_ts": "1562463563.026400",
        "parent_user_id": "UKV93F6H1"
    },
    {
        "client_msg_id": "EB6AA51B-71C4-4FFB-80CA-C11E0D9E6E53",
        "type": "message",
        "text": "Hi Kelu\n\nAiming at determining the coefficient k - connecting the temperature change and the echo time shift, as in this paper:-\n\n‘Adaptive ultrasound temperature imaging for monitoring radiofrequency ablation’ - <https:\/\/journals.plos.org\/plosone\/article?id=10.1371\/journal.pone.0182457>.\n\n\n",
        "user": "UMEH4EFC3",
        "ts": "1567523840.011800",
        "team": "T5M5PLH8U",
        "user_team": "T5M5PLH8U",
        "source_team": "T5M5PLH8U",
        "user_profile": {
            "avatar_hash": "gdacb5f8fe9b",
            "image_72": "https:\/\/secure.gravatar.com\/avatar\/8dacb5f8fe9bd816a4a59299f4c6680f.jpg?s=72&d=https%3A%2F%2Fa.slack-edge.com%2Fdf10d%2Fimg%2Favatars%2Fava_0011-72.png",
            "first_name": "Dr",
            "real_name": "Dr David Waghorn",
            "display_name": "DrConcern",
            "team": "T5M5PLH8U",
            "name": "davidwaghorn",
            "is_restricted": false,
            "is_ultra_restricted": false
        },
        "attachments": [
            {
                "title": "Adaptive ultrasound temperature imaging for monitoring radiofrequency ablation",
                "title_link": "https:\/\/journals.plos.org\/plosone\/article?id=10.1371\/journal.pone.0182457",
                "text": "Radiofrequency ablation (RFA) has been widely used as an alternative treatment modality for liver tumors. Monitoring the temperature distribution in the tissue during RFA is required to assess the thermal dosage. Ultrasound temperature imaging based on the detection of echo time shifts has received the most attention in the past decade. The coefficient k, connecting the temperature change and the echo time shift, is a medium-dependent parameter used to describe the confounding effects of changes in the speed of sound and thermal expansion as temperature increases. The current algorithm of temperature estimate based on echo time shift detection typically uses a constant k, resulting in estimation errors when ablation temperatures are higher than 50°C. This study proposes an adaptive-k algorithm that enables the automatic adjustment of the coefficient k during ultrasound temperature monitoring of RFA. To verify the proposed algorithm, RFA experiments on in vitro porcine liver samples (total n = 15) were performed using ablation powers of 10, 15, and 20 W. During RFA, a clinical ultrasound system equipped with a 7.5-MHz linear transducer was used to collect backscattered signals for ultrasound temperature imaging using the constant- and adaptive-k algorithms. Concurrently, an infrared imaging system and thermocouples were used to measure surface temperature distribution of the sample and internal ablation temperatures for comparisons with ultrasound estimates. Experimental results demonstrated that the proposed adaptive-k method improved the performance in visualizing the temperature distribution. In particular, the estimation errors were also reduced even when the temperature of the tissue is higher than 50°C. The proposed adaptive-k ultrasound temperature imaging strategy has potential to serve as a thermal dosage evaluation tool for monitoring high-temperature RFA.",
                "fallback": "Adaptive ultrasound temperature imaging for monitoring radiofrequency ablation",
                "thumb_url": "https:\/\/journals.plos.org\/plosone\/article\/figure\/image?id=10.1371\/journal.pone.0182457.g008&size=inline",
                "from_url": "https:\/\/journals.plos.org\/plosone\/article?id=10.1371\/journal.pone.0182457",
                "thumb_width": 320,
                "thumb_height": 364,
                "service_icon": "https:\/\/journals.plos.org\/plosone\/resource\/img\/favicon.ico",
                "service_name": "journals.plos.org",
                "id": 1,
                "original_url": "https:\/\/journals.plos.org\/plosone\/article?id=10.1371\/journal.pone.0182457"
            }
        ],
        "thread_ts": "1562463563.026400",
        "parent_user_id": "UKV93F6H1"
    },
    {
        "client_msg_id": "032e30a8-f3c1-44a0-b7e6-945492361157",
        "type": "message",
        "text": "Interesting. I don't really see though why you'd need a separate TX and RX elements - as it's more of a pulse-echo technique, and checking the shift in echoes ?",
        "user": "U5M5PLH9S",
        "ts": "1567528181.012100",
        "team": "T5M5PLH8U",
        "user_team": "T5M5PLH8U",
        "source_team": "T5M5PLH8U",
        "user_profile": {
            "avatar_hash": "e4fb6ae9f526",
            "image_72": "https:\/\/avatars.slack-edge.com\/2017-06-01\/191144530514_e4fb6ae9f526531fd41c_72.jpg",
            "first_name": "",
            "real_name": "kelu",
            "display_name": "",
            "team": "T5M5PLH8U",
            "name": "kelu",
            "is_restricted": false,
            "is_ultra_restricted": false
        },
        "thread_ts": "1562463563.026400",
        "parent_user_id": "UKV93F6H1"
    },
    {
        "type": "message",
        "subtype": "channel_join",
        "ts": "1567532211.012400",
        "user": "UMZ9YPJCQ",
        "text": "<@UMZ9YPJCQ> has joined the channel"
    },
    {
        "client_msg_id": "6EA40F74-0773-467C-8E02-C524B538C2DF",
        "type": "message",
        "text": "Dynamic Contrast Harmonic Imaging require multiple transducers at different frequencies - <http:\/\/www.hitachi-medical-systems.co.uk\/products-and-services\/ultrasound\/technologies\/dynamic-contrast-harmonic-imaging-dchi.html>\n\nContrast-enhanced harmonic ultrasound imaging in ablation therapy for primary hepatocellular carcinoma\n<https:\/\/www.ncbi.nlm.nih.gov\/pmc\/articles\/PMC2999306\/#!po=6.81818>",
        "user": "UMEH4EFC3",
        "ts": "1567538992.014100",
        "team": "T5M5PLH8U",
        "user_team": "T5M5PLH8U",
        "source_team": "T5M5PLH8U",
        "user_profile": {
            "avatar_hash": "gdacb5f8fe9b",
            "image_72": "https:\/\/secure.gravatar.com\/avatar\/8dacb5f8fe9bd816a4a59299f4c6680f.jpg?s=72&d=https%3A%2F%2Fa.slack-edge.com%2Fdf10d%2Fimg%2Favatars%2Fava_0011-72.png",
            "first_name": "Dr",
            "real_name": "Dr David Waghorn",
            "display_name": "DrConcern",
            "team": "T5M5PLH8U",
            "name": "davidwaghorn",
            "is_restricted": false,
            "is_ultra_restricted": false
        },
        "attachments": [
            {
                "title": "Dynamic Contrast Harmonic Imaging (dCHI)",
                "title_link": "http:\/\/www.hitachi-medical-systems.co.uk\/products-and-services\/ultrasound\/technologies\/dynamic-contrast-harmonic-imaging-dchi.html",
                "text": "Dynamic Contrast Harmonic Imaging (dCHI) - Hitachi Healthcare develops and supplies high-quality medical imaging equipment. Committed to providing proven diagnostic technology which meets the needs of physicians and patients, we invest continually in cutting-edge research.",
                "fallback": "Dynamic Contrast Harmonic Imaging (dCHI)",
                "from_url": "http:\/\/www.hitachi-medical-systems.co.uk\/products-and-services\/ultrasound\/technologies\/dynamic-contrast-harmonic-imaging-dchi.html",
                "service_icon": "http:\/\/www.hitachi-medical-systems.co.uk\/System\/img\/favicons\/favicon.ico",
                "service_name": "hitachi-medical-systems.co.uk",
                "id": 1,
                "original_url": "http:\/\/www.hitachi-medical-systems.co.uk\/products-and-services\/ultrasound\/technologies\/dynamic-contrast-harmonic-imaging-dchi.html"
            },
            {
                "service_name": "PubMed Central (PMC)",
                "title": "Contrast-enhanced harmonic ultrasound imaging in ablation therapy for primary hepatocellular carcinoma",
                "title_link": "https:\/\/www.ncbi.nlm.nih.gov\/pmc\/articles\/PMC2999306\/#!po=6.81818",
                "text": "The success rate of percutaneous radiofrequency (RF) ablation for hepatocellular carcinoma (HCC) depends on correct targeting via an imaging technique. However, RF electrode insertion is not completely accurate for residual HCC nodules because B-mode ...",
                "fallback": "PubMed Central (PMC): Contrast-enhanced harmonic ultrasound imaging in ablation therapy for primary hepatocellular carcinoma",
                "thumb_url": "https:\/\/www.ncbi.nlm.nih.gov\/corehtml\/pmc\/pmcgifs\/pmc-logo-share.png",
                "from_url": "https:\/\/www.ncbi.nlm.nih.gov\/pmc\/articles\/PMC2999306\/#!po=6.81818",
                "thumb_width": 1200,
                "thumb_height": 630,
                "service_icon": "http:\/\/www.ncbi.nlm.nih.gov\/favicon.ico",
                "id": 2,
                "original_url": "https:\/\/www.ncbi.nlm.nih.gov\/pmc\/articles\/PMC2999306\/#!po=6.81818"
            }
        ],
        "thread_ts": "1562463563.026400",
        "parent_user_id": "UKV93F6H1"
    },
    {
        "client_msg_id": "8d64147e-1912-43dd-9359-21ab2bdc24a3",
        "type": "message",
        "text": "<@U5M5PLH9S> Thank you so much for the help! I think we are very close to getting an actual result so we shall keep you posted if we need any help! Thank you again",
        "user": "UMJLWHPLZ",
        "ts": "1567578074.014400",
        "team": "T5M5PLH8U",
        "user_team": "T5M5PLH8U",
        "source_team": "T5M5PLH8U",
        "user_profile": {
            "avatar_hash": "gee04ed57b91",
            "image_72": "https:\/\/secure.gravatar.com\/avatar\/cee04ed57b91d9058c4a1f105b959b29.jpg?s=72&d=https%3A%2F%2Fa.slack-edge.com%2Fdf10d%2Fimg%2Favatars%2Fava_0018-72.png",
            "first_name": "",
            "real_name": "Vinuri De Silva",
            "display_name": "Vinuri De Silva",
            "team": "T5M5PLH8U",
            "name": "vinurid",
            "is_restricted": false,
            "is_ultra_restricted": false
        },
        "thread_ts": "1566910693.036600",
        "parent_user_id": "U5M5PLH9S"
    },
    {
        "client_msg_id": "856cac3a-4d47-4435-aede-0f23c0506410",
        "type": "message",
        "text": "My pleasure, best of luck :blush:",
        "user": "U5M5PLH9S",
        "ts": "1567578724.014600",
        "team": "T5M5PLH8U",
        "user_team": "T5M5PLH8U",
        "source_team": "T5M5PLH8U",
        "user_profile": {
            "avatar_hash": "e4fb6ae9f526",
            "image_72": "https:\/\/avatars.slack-edge.com\/2017-06-01\/191144530514_e4fb6ae9f526531fd41c_72.jpg",
            "first_name": "",
            "real_name": "kelu",
            "display_name": "",
            "team": "T5M5PLH8U",
            "name": "kelu",
            "is_restricted": false,
            "is_ultra_restricted": false
        },
        "thread_ts": "1566910693.036600",
        "parent_user_id": "U5M5PLH9S",
        "reactions": [
            {
                "name": "100",
                "users": [
                    "UMDJSHV8A"
                ],
                "count": 1
            },
            {
                "name": "blush",
                "users": [
                    "UMJLWHPLZ"
                ],
                "count": 1
            }
        ]
    }
]