[
    {
        "type": "message",
        "subtype": "channel_join",
        "ts": "1547468149.073300",
        "user": "UFCS7CKPD",
        "text": "<@UFCS7CKPD> has joined the channel"
    },
    {
        "client_msg_id": "9a48ab85-04b0-4f5d-996a-7ec2276dd582",
        "type": "message",
        "text": "If you want an image (like baby echogram), then yes, you need several samples.\na voltage-time is a single line image.",
        "user": "U8DP2NWAD",
        "ts": "1547476153.073400",
        "team": "T5M5PLH8U",
        "user_team": "T5M5PLH8U",
        "source_team": "T5M5PLH8U",
        "user_profile": {
            "avatar_hash": "ge8fe12d48f6",
            "image_72": "https:\/\/secure.gravatar.com\/avatar\/be8fe12d48f65fa83f69d7849035f8c3.jpg?s=72&d=https%3A%2F%2Fa.slack-edge.com%2Fdf10d%2Fimg%2Favatars%2Fava_0024-72.png",
            "first_name": "",
            "real_name": "Tomás Glaría",
            "display_name": "tglaria",
            "team": "T5M5PLH8U",
            "name": "tglaria",
            "is_restricted": false,
            "is_ultra_restricted": false
        },
        "thread_ts": "1547448237.073000",
        "parent_user_id": "UF3T2P9HN",
        "reactions": [
            {
                "name": "grin",
                "users": [
                    "U5M5PLH9S",
                    "UF3T2P9HN"
                ],
                "count": 2
            }
        ]
    },
    {
        "client_msg_id": "6c945209-95ec-4efe-84ba-e2d28f6e86ed",
        "type": "message",
        "text": "Yup! You can see on <https:\/\/raw.githubusercontent.com\/kelu124\/echomods\/master\/include\/20161016\/concept2.PNG> how it's done.",
        "user": "U5M5PLH9S",
        "ts": "1547497004.073600",
        "team": "T5M5PLH8U",
        "user_team": "T5M5PLH8U",
        "source_team": "T5M5PLH8U",
        "user_profile": {
            "avatar_hash": "e4fb6ae9f526",
            "image_72": "https:\/\/avatars.slack-edge.com\/2017-06-01\/191144530514_e4fb6ae9f526531fd41c_72.jpg",
            "first_name": "",
            "real_name": "kelu",
            "display_name": "",
            "team": "T5M5PLH8U",
            "name": "kelu",
            "is_restricted": false,
            "is_ultra_restricted": false
        },
        "attachments": [
            {
                "fallback": "875x553px image",
                "image_url": "https:\/\/raw.githubusercontent.com\/kelu124\/echomods\/master\/include\/20161016\/concept2.PNG",
                "image_width": 875,
                "image_height": 553,
                "image_bytes": 223064,
                "from_url": "https:\/\/raw.githubusercontent.com\/kelu124\/echomods\/master\/include\/20161016\/concept2.PNG",
                "id": 1,
                "original_url": "https:\/\/raw.githubusercontent.com\/kelu124\/echomods\/master\/include\/20161016\/concept2.PNG"
            }
        ],
        "thread_ts": "1547448237.073000",
        "parent_user_id": "UF3T2P9HN"
    },
    {
        "client_msg_id": "52441cd9-56dd-4096-a25b-1b3e3d7554f8",
        "type": "message",
        "text": "<http:\/\/folk.ntnu.no\/stoylen\/strainrate\/Sector%20A%20sector%20width.gif>",
        "user": "U5M5PLH9S",
        "ts": "1547497109.073900",
        "team": "T5M5PLH8U",
        "user_team": "T5M5PLH8U",
        "source_team": "T5M5PLH8U",
        "user_profile": {
            "avatar_hash": "e4fb6ae9f526",
            "image_72": "https:\/\/avatars.slack-edge.com\/2017-06-01\/191144530514_e4fb6ae9f526531fd41c_72.jpg",
            "first_name": "",
            "real_name": "kelu",
            "display_name": "",
            "team": "T5M5PLH8U",
            "name": "kelu",
            "is_restricted": false,
            "is_ultra_restricted": false
        },
        "attachments": [
            {
                "fallback": "560x506px image",
                "image_url": "http:\/\/folk.ntnu.no\/stoylen\/strainrate\/Sector%20A%20sector%20width.gif",
                "image_width": 560,
                "image_height": 506,
                "image_bytes": 61314,
                "is_animated": true,
                "from_url": "http:\/\/folk.ntnu.no\/stoylen\/strainrate\/Sector%20A%20sector%20width.gif",
                "id": 1,
                "original_url": "http:\/\/folk.ntnu.no\/stoylen\/strainrate\/Sector%20A%20sector%20width.gif"
            }
        ],
        "thread_ts": "1547448237.073000",
        "parent_user_id": "UF3T2P9HN"
    },
    {
        "type": "message",
        "text": "That's for example a one line (left part) and what it corresponds to on an image.",
        "files": [
            {
                "id": "FFER0517Y",
                "created": 1547497204,
                "timestamp": 1547497204,
                "name": "image.png",
                "title": "Pasted image at 2019-01-14, 9:20 PM",
                "mimetype": "image\/png",
                "filetype": "png",
                "pretty_type": "PNG",
                "user": "U5M5PLH9S",
                "editable": false,
                "size": 217557,
                "mode": "hosted",
                "is_external": false,
                "external_type": "",
                "is_public": true,
                "public_url_shared": false,
                "display_as_bot": false,
                "username": "",
                "url_private": "https:\/\/files.slack.com\/files-pri\/T5M5PLH8U-FFER0517Y\/image.png?t=xoxe-191193697300-964750812979-978081040215-70140a522cd1d53d5dacb8121ac10305",
                "url_private_download": "https:\/\/files.slack.com\/files-pri\/T5M5PLH8U-FFER0517Y\/download\/image.png?t=xoxe-191193697300-964750812979-978081040215-70140a522cd1d53d5dacb8121ac10305",
                "thumb_64": "https:\/\/files.slack.com\/files-tmb\/T5M5PLH8U-FFER0517Y-e95ed76d81\/image_64.png?t=xoxe-191193697300-964750812979-978081040215-70140a522cd1d53d5dacb8121ac10305",
                "thumb_80": "https:\/\/files.slack.com\/files-tmb\/T5M5PLH8U-FFER0517Y-e95ed76d81\/image_80.png?t=xoxe-191193697300-964750812979-978081040215-70140a522cd1d53d5dacb8121ac10305",
                "thumb_360": "https:\/\/files.slack.com\/files-tmb\/T5M5PLH8U-FFER0517Y-e95ed76d81\/image_360.png?t=xoxe-191193697300-964750812979-978081040215-70140a522cd1d53d5dacb8121ac10305",
                "thumb_360_w": 360,
                "thumb_360_h": 190,
                "thumb_480": "https:\/\/files.slack.com\/files-tmb\/T5M5PLH8U-FFER0517Y-e95ed76d81\/image_480.png?t=xoxe-191193697300-964750812979-978081040215-70140a522cd1d53d5dacb8121ac10305",
                "thumb_480_w": 480,
                "thumb_480_h": 254,
                "thumb_160": "https:\/\/files.slack.com\/files-tmb\/T5M5PLH8U-FFER0517Y-e95ed76d81\/image_160.png?t=xoxe-191193697300-964750812979-978081040215-70140a522cd1d53d5dacb8121ac10305",
                "thumb_720": "https:\/\/files.slack.com\/files-tmb\/T5M5PLH8U-FFER0517Y-e95ed76d81\/image_720.png?t=xoxe-191193697300-964750812979-978081040215-70140a522cd1d53d5dacb8121ac10305",
                "thumb_720_w": 720,
                "thumb_720_h": 381,
                "thumb_800": "https:\/\/files.slack.com\/files-tmb\/T5M5PLH8U-FFER0517Y-e95ed76d81\/image_800.png?t=xoxe-191193697300-964750812979-978081040215-70140a522cd1d53d5dacb8121ac10305",
                "thumb_800_w": 800,
                "thumb_800_h": 423,
                "image_exif_rotation": 1,
                "original_w": 900,
                "original_h": 476,
                "permalink": "https:\/\/usdevkit.slack.com\/files\/U5M5PLH9S\/FFER0517Y\/image.png",
                "permalink_public": "https:\/\/slack-files.com\/T5M5PLH8U-FFER0517Y-c9e957b085",
                "is_starred": false,
                "has_rich_preview": false
            }
        ],
        "upload": true,
        "user": "U5M5PLH9S",
        "display_as_bot": false,
        "ts": "1547497209.074200",
        "thread_ts": "1547448237.073000",
        "parent_user_id": "UF3T2P9HN"
    },
    {
        "client_msg_id": "c9aa052e-f9f2-421d-bb9f-5b0a2ab0cd0e",
        "type": "message",
        "text": "Hey <@UFCS7CKPD> and welcome! <@UFCS7CKPD> is digging into NDT, feel free to discuss. By the way, maybe worth it to open a #NDT channel? :wink:",
        "user": "U5M5PLH9S",
        "ts": "1547503183.075600",
        "team": "T5M5PLH8U",
        "user_team": "T5M5PLH8U",
        "source_team": "T5M5PLH8U",
        "user_profile": {
            "avatar_hash": "e4fb6ae9f526",
            "image_72": "https:\/\/avatars.slack-edge.com\/2017-06-01\/191144530514_e4fb6ae9f526531fd41c_72.jpg",
            "first_name": "",
            "real_name": "kelu",
            "display_name": "",
            "team": "T5M5PLH8U",
            "name": "kelu",
            "is_restricted": false,
            "is_ultra_restricted": false
        }
    },
    {
        "client_msg_id": "5118811a-403a-4cec-a642-2624816f936c",
        "type": "message",
        "text": "<@UF3T2P9HN> - alternatively, you can use a stepper motor.\nFor info, I tried to use a arduino controlling servo ( <https:\/\/github.com\/kelu124\/echomods\/blob\/88f90e92c2fd1a2f5514cd3d53b7a7bfbb98b8c7\/matty\/20180430a\/ServoControl\/ServoControl.ino> ) to also send to the fpga board the position of the servo via spi ( <https:\/\/github.com\/kelu124\/echomods\/tree\/master\/matty\/20180430a> ). An example of encoded position could be retrieved from unpacking the acquisition :",
        "user": "U5M5PLH9S",
        "ts": "1547503496.075800",
        "team": "T5M5PLH8U",
        "user_team": "T5M5PLH8U",
        "source_team": "T5M5PLH8U",
        "user_profile": {
            "avatar_hash": "e4fb6ae9f526",
            "image_72": "https:\/\/avatars.slack-edge.com\/2017-06-01\/191144530514_e4fb6ae9f526531fd41c_72.jpg",
            "first_name": "",
            "real_name": "kelu",
            "display_name": "",
            "team": "T5M5PLH8U",
            "name": "kelu",
            "is_restricted": false,
            "is_ultra_restricted": false
        },
        "thread_ts": "1547448237.073000",
        "parent_user_id": "UF3T2P9HN",
        "reactions": [
            {
                "name": "+1",
                "users": [
                    "UF3T2P9HN"
                ],
                "count": 1
            }
        ]
    },
    {
        "client_msg_id": "1fc77c83-f43d-48c4-b096-7f51fd9361d5",
        "type": "message",
        "text": "<https:\/\/raw.githubusercontent.com\/kelu124\/echomods\/master\/matty\/20180430a\/wire\/clock_check_pos82.jpg>",
        "user": "U5M5PLH9S",
        "ts": "1547503515.076000",
        "team": "T5M5PLH8U",
        "user_team": "T5M5PLH8U",
        "source_team": "T5M5PLH8U",
        "user_profile": {
            "avatar_hash": "e4fb6ae9f526",
            "image_72": "https:\/\/avatars.slack-edge.com\/2017-06-01\/191144530514_e4fb6ae9f526531fd41c_72.jpg",
            "first_name": "",
            "real_name": "kelu",
            "display_name": "",
            "team": "T5M5PLH8U",
            "name": "kelu",
            "is_restricted": false,
            "is_ultra_restricted": false
        },
        "attachments": [
            {
                "fallback": "877x319px image",
                "image_url": "https:\/\/raw.githubusercontent.com\/kelu124\/echomods\/master\/matty\/20180430a\/wire\/clock_check_pos82.jpg",
                "image_width": 877,
                "image_height": 319,
                "image_bytes": 44303,
                "from_url": "https:\/\/raw.githubusercontent.com\/kelu124\/echomods\/master\/matty\/20180430a\/wire\/clock_check_pos82.jpg",
                "id": 1,
                "original_url": "https:\/\/raw.githubusercontent.com\/kelu124\/echomods\/master\/matty\/20180430a\/wire\/clock_check_pos82.jpg"
            }
        ],
        "thread_ts": "1547448237.073000",
        "parent_user_id": "UF3T2P9HN"
    },
    {
        "client_msg_id": "d1bd7d9d-79ea-4c83-a87c-d3cb2cd374e8",
        "type": "message",
        "text": "Hi all, I have a question. To get an image with B-mode echography (<https:\/\/raw.githubusercontent.com\/kelu124\/echomods\/master\/include\/20161016\/concept2.PNG>), a servo have to spin with transducer I think.\nBut I can't understand how the servo's spin makes a fan shape image. Should the servo spin? or move like pendulum??",
        "user": "UF4G0PEF5",
        "ts": "1547516998.081400",
        "team": "T5M5PLH8U",
        "user_team": "T5M5PLH8U",
        "source_team": "T5M5PLH8U",
        "user_profile": {
            "avatar_hash": "g659d13f17d7",
            "image_72": "https:\/\/secure.gravatar.com\/avatar\/4659d13f17d7e54b2d5f73a223a7cc25.jpg?s=72&d=https%3A%2F%2Fa.slack-edge.com%2Fdf10d%2Fimg%2Favatars%2Fava_0015-72.png",
            "first_name": "",
            "real_name": "MinjoonKang",
            "display_name": "MJKANG",
            "team": "T5M5PLH8U",
            "name": "mjkang9415",
            "is_restricted": false,
            "is_ultra_restricted": false
        },
        "edited": {
            "user": "UF4G0PEF5",
            "ts": "1547517218.000000"
        },
        "attachments": [
            {
                "fallback": "875x553px image",
                "image_url": "https:\/\/raw.githubusercontent.com\/kelu124\/echomods\/master\/include\/20161016\/concept2.PNG",
                "image_width": 875,
                "image_height": 553,
                "image_bytes": 223064,
                "from_url": "https:\/\/raw.githubusercontent.com\/kelu124\/echomods\/master\/include\/20161016\/concept2.PNG",
                "id": 1,
                "original_url": "https:\/\/raw.githubusercontent.com\/kelu124\/echomods\/master\/include\/20161016\/concept2.PNG"
            }
        ],
        "thread_ts": "1547516998.081400",
        "reply_count": 1,
        "reply_users_count": 1,
        "latest_reply": "1547522879.081800",
        "reply_users": [
            "U8Z3VB1T2"
        ],
        "replies": [
            {
                "user": "U8Z3VB1T2",
                "ts": "1547522879.081800"
            }
        ],
        "subscribed": false
    },
    {
        "client_msg_id": "5cf69a46-e6e0-43fe-ac8b-915bb282fc74",
        "type": "message",
        "text": "If the motor's axis of rotation was exactly in the same position as the piezo, then you would get a sector shape as the image (like a pizza slice). But since there is usually some distance from the rotational axis to the piezo, you lose some area near the center of the circle, so you get a fan shape (like a pizza with a bite in it).",
        "user": "U8Z3VB1T2",
        "ts": "1547522879.081800",
        "team": "T5M5PLH8U",
        "user_team": "T5M5PLH8U",
        "source_team": "T5M5PLH8U",
        "user_profile": {
            "avatar_hash": "g49ad52d7df8",
            "image_72": "https:\/\/secure.gravatar.com\/avatar\/449ad52d7df89ecbe8ebe0fd87d3f63f.jpg?s=72&d=https%3A%2F%2Fa.slack-edge.com%2Fdf10d%2Fimg%2Favatars%2Fava_0026-72.png",
            "first_name": "",
            "real_name": "William Meng",
            "display_name": "",
            "team": "T5M5PLH8U",
            "name": "wlmeng11",
            "is_restricted": false,
            "is_ultra_restricted": false
        },
        "thread_ts": "1547516998.081400",
        "parent_user_id": "UF4G0PEF5"
    },
    {
        "type": "message",
        "text": "I saved the pyUn0.py(<https:\/\/github.com\/kelu124\/echomods\/blob\/master\/matty\/20190111a\/pyUn0.py>) and run following code in jupyter notebook\n\n%run pyUn0 single\n%run pyUn0 process\n\nfinally I can get this graph",
        "files": [
            {
                "id": "FFD4TTNP3",
                "created": 1547532856,
                "timestamp": 1547532856,
                "name": "gp1.png",
                "title": "gp1.png",
                "mimetype": "image\/png",
                "filetype": "png",
                "pretty_type": "PNG",
                "user": "UF4G0PEF5",
                "editable": false,
                "size": 16686,
                "mode": "hosted",
                "is_external": false,
                "external_type": "",
                "is_public": true,
                "public_url_shared": false,
                "display_as_bot": false,
                "username": "",
                "url_private": "https:\/\/files.slack.com\/files-pri\/T5M5PLH8U-FFD4TTNP3\/gp1.png?t=xoxe-191193697300-964750812979-978081040215-70140a522cd1d53d5dacb8121ac10305",
                "url_private_download": "https:\/\/files.slack.com\/files-pri\/T5M5PLH8U-FFD4TTNP3\/download\/gp1.png?t=xoxe-191193697300-964750812979-978081040215-70140a522cd1d53d5dacb8121ac10305",
                "thumb_64": "https:\/\/files.slack.com\/files-tmb\/T5M5PLH8U-FFD4TTNP3-785e0eb21f\/gp1_64.png?t=xoxe-191193697300-964750812979-978081040215-70140a522cd1d53d5dacb8121ac10305",
                "thumb_80": "https:\/\/files.slack.com\/files-tmb\/T5M5PLH8U-FFD4TTNP3-785e0eb21f\/gp1_80.png?t=xoxe-191193697300-964750812979-978081040215-70140a522cd1d53d5dacb8121ac10305",
                "thumb_360": "https:\/\/files.slack.com\/files-tmb\/T5M5PLH8U-FFD4TTNP3-785e0eb21f\/gp1_360.png?t=xoxe-191193697300-964750812979-978081040215-70140a522cd1d53d5dacb8121ac10305",
                "thumb_360_w": 360,
                "thumb_360_h": 118,
                "thumb_480": "https:\/\/files.slack.com\/files-tmb\/T5M5PLH8U-FFD4TTNP3-785e0eb21f\/gp1_480.png?t=xoxe-191193697300-964750812979-978081040215-70140a522cd1d53d5dacb8121ac10305",
                "thumb_480_w": 480,
                "thumb_480_h": 158,
                "thumb_160": "https:\/\/files.slack.com\/files-tmb\/T5M5PLH8U-FFD4TTNP3-785e0eb21f\/gp1_160.png?t=xoxe-191193697300-964750812979-978081040215-70140a522cd1d53d5dacb8121ac10305",
                "thumb_720": "https:\/\/files.slack.com\/files-tmb\/T5M5PLH8U-FFD4TTNP3-785e0eb21f\/gp1_720.png?t=xoxe-191193697300-964750812979-978081040215-70140a522cd1d53d5dacb8121ac10305",
                "thumb_720_w": 720,
                "thumb_720_h": 236,
                "thumb_800": "https:\/\/files.slack.com\/files-tmb\/T5M5PLH8U-FFD4TTNP3-785e0eb21f\/gp1_800.png?t=xoxe-191193697300-964750812979-978081040215-70140a522cd1d53d5dacb8121ac10305",
                "thumb_800_w": 800,
                "thumb_800_h": 263,
                "thumb_960": "https:\/\/files.slack.com\/files-tmb\/T5M5PLH8U-FFD4TTNP3-785e0eb21f\/gp1_960.png?t=xoxe-191193697300-964750812979-978081040215-70140a522cd1d53d5dacb8121ac10305",
                "thumb_960_w": 960,
                "thumb_960_h": 315,
                "thumb_1024": "https:\/\/files.slack.com\/files-tmb\/T5M5PLH8U-FFD4TTNP3-785e0eb21f\/gp1_1024.png?t=xoxe-191193697300-964750812979-978081040215-70140a522cd1d53d5dacb8121ac10305",
                "thumb_1024_w": 1024,
                "thumb_1024_h": 336,
                "image_exif_rotation": 1,
                "original_w": 1072,
                "original_h": 352,
                "permalink": "https:\/\/usdevkit.slack.com\/files\/UF4G0PEF5\/FFD4TTNP3\/gp1.png",
                "permalink_public": "https:\/\/slack-files.com\/T5M5PLH8U-FFD4TTNP3-1d023986c9",
                "is_starred": false,
                "has_rich_preview": false
            }
        ],
        "upload": true,
        "user": "UF4G0PEF5",
        "display_as_bot": false,
        "ts": "1547532860.085200"
    },
    {
        "type": "message",
        "text": "",
        "files": [
            {
                "id": "FFD0X48TA",
                "created": 1547532885,
                "timestamp": 1547532885,
                "name": "gp2.png",
                "title": "gp2.png",
                "mimetype": "image\/png",
                "filetype": "png",
                "pretty_type": "PNG",
                "user": "UF4G0PEF5",
                "editable": false,
                "size": 64011,
                "mode": "hosted",
                "is_external": false,
                "external_type": "",
                "is_public": true,
                "public_url_shared": false,
                "display_as_bot": false,
                "username": "",
                "url_private": "https:\/\/files.slack.com\/files-pri\/T5M5PLH8U-FFD0X48TA\/gp2.png?t=xoxe-191193697300-964750812979-978081040215-70140a522cd1d53d5dacb8121ac10305",
                "url_private_download": "https:\/\/files.slack.com\/files-pri\/T5M5PLH8U-FFD0X48TA\/download\/gp2.png?t=xoxe-191193697300-964750812979-978081040215-70140a522cd1d53d5dacb8121ac10305",
                "thumb_64": "https:\/\/files.slack.com\/files-tmb\/T5M5PLH8U-FFD0X48TA-c55d2b864d\/gp2_64.png?t=xoxe-191193697300-964750812979-978081040215-70140a522cd1d53d5dacb8121ac10305",
                "thumb_80": "https:\/\/files.slack.com\/files-tmb\/T5M5PLH8U-FFD0X48TA-c55d2b864d\/gp2_80.png?t=xoxe-191193697300-964750812979-978081040215-70140a522cd1d53d5dacb8121ac10305",
                "thumb_360": "https:\/\/files.slack.com\/files-tmb\/T5M5PLH8U-FFD0X48TA-c55d2b864d\/gp2_360.png?t=xoxe-191193697300-964750812979-978081040215-70140a522cd1d53d5dacb8121ac10305",
                "thumb_360_w": 360,
                "thumb_360_h": 179,
                "thumb_480": "https:\/\/files.slack.com\/files-tmb\/T5M5PLH8U-FFD0X48TA-c55d2b864d\/gp2_480.png?t=xoxe-191193697300-964750812979-978081040215-70140a522cd1d53d5dacb8121ac10305",
                "thumb_480_w": 480,
                "thumb_480_h": 239,
                "thumb_160": "https:\/\/files.slack.com\/files-tmb\/T5M5PLH8U-FFD0X48TA-c55d2b864d\/gp2_160.png?t=xoxe-191193697300-964750812979-978081040215-70140a522cd1d53d5dacb8121ac10305",
                "thumb_720": "https:\/\/files.slack.com\/files-tmb\/T5M5PLH8U-FFD0X48TA-c55d2b864d\/gp2_720.png?t=xoxe-191193697300-964750812979-978081040215-70140a522cd1d53d5dacb8121ac10305",
                "thumb_720_w": 720,
                "thumb_720_h": 358,
                "thumb_800": "https:\/\/files.slack.com\/files-tmb\/T5M5PLH8U-FFD0X48TA-c55d2b864d\/gp2_800.png?t=xoxe-191193697300-964750812979-978081040215-70140a522cd1d53d5dacb8121ac10305",
                "thumb_800_w": 800,
                "thumb_800_h": 398,
                "thumb_960": "https:\/\/files.slack.com\/files-tmb\/T5M5PLH8U-FFD0X48TA-c55d2b864d\/gp2_960.png?t=xoxe-191193697300-964750812979-978081040215-70140a522cd1d53d5dacb8121ac10305",
                "thumb_960_w": 960,
                "thumb_960_h": 477,
                "thumb_1024": "https:\/\/files.slack.com\/files-tmb\/T5M5PLH8U-FFD0X48TA-c55d2b864d\/gp2_1024.png?t=xoxe-191193697300-964750812979-978081040215-70140a522cd1d53d5dacb8121ac10305",
                "thumb_1024_w": 1024,
                "thumb_1024_h": 509,
                "image_exif_rotation": 1,
                "original_w": 1432,
                "original_h": 712,
                "permalink": "https:\/\/usdevkit.slack.com\/files\/UF4G0PEF5\/FFD0X48TA\/gp2.png",
                "permalink_public": "https:\/\/slack-files.com\/T5M5PLH8U-FFD0X48TA-c09daf654b",
                "is_starred": false,
                "has_rich_preview": false
            }
        ],
        "upload": true,
        "user": "UF4G0PEF5",
        "display_as_bot": false,
        "ts": "1547532890.085500"
    },
    {
        "client_msg_id": "e380ed65-35d0-4059-b0ca-6f5b9fdb7448",
        "type": "message",
        "text": "compare to the kelu's output(<https:\/\/github.com\/kelu124\/echomods\/blob\/master\/matty\/20190111a\/20190111a-TOF.ipynb>), my output is gone far away from kelu's one. why does the graph show like that? I just run pyUn0 with connecting a piezo to Un0rick(MaTTy)",
        "user": "UF4G0PEF5",
        "ts": "1547533198.090000",
        "team": "T5M5PLH8U",
        "user_team": "T5M5PLH8U",
        "source_team": "T5M5PLH8U",
        "user_profile": {
            "avatar_hash": "g659d13f17d7",
            "image_72": "https:\/\/secure.gravatar.com\/avatar\/4659d13f17d7e54b2d5f73a223a7cc25.jpg?s=72&d=https%3A%2F%2Fa.slack-edge.com%2Fdf10d%2Fimg%2Favatars%2Fava_0015-72.png",
            "first_name": "",
            "real_name": "MinjoonKang",
            "display_name": "MJKANG",
            "team": "T5M5PLH8U",
            "name": "mjkang9415",
            "is_restricted": false,
            "is_ultra_restricted": false
        },
        "thread_ts": "1547533198.090000",
        "reply_count": 7,
        "reply_users_count": 2,
        "latest_reply": "1547623243.092600",
        "reply_users": [
            "U5M5PLH9S",
            "UF4G0PEF5"
        ],
        "replies": [
            {
                "user": "U5M5PLH9S",
                "ts": "1547541013.090100"
            },
            {
                "user": "UF4G0PEF5",
                "ts": "1547598300.090300"
            },
            {
                "user": "UF4G0PEF5",
                "ts": "1547598477.090700"
            },
            {
                "user": "UF4G0PEF5",
                "ts": "1547600115.090900"
            },
            {
                "user": "U5M5PLH9S",
                "ts": "1547621623.091800"
            },
            {
                "user": "U5M5PLH9S",
                "ts": "1547621654.092000"
            },
            {
                "user": "UF4G0PEF5",
                "ts": "1547623243.092600"
            }
        ],
        "subscribed": true,
        "last_read": "1547623243.092600"
    }
]