[
    {
        "client_msg_id": "63a6d952-ec6b-40c0-a8d6-d885007e1e6e",
        "type": "message",
        "text": "That's a good point. It could be useful to check if there's a graphical environment or not, so that plots are not displayed when in a shell \/ command line environment. Feel free to amend to lib accordingly and propose a pull request :smiley:",
        "user": "U5M5PLH9S",
        "ts": "1548871419.152400",
        "team": "T5M5PLH8U",
        "user_team": "T5M5PLH8U",
        "source_team": "T5M5PLH8U",
        "user_profile": {
            "avatar_hash": "e4fb6ae9f526",
            "image_72": "https:\/\/avatars.slack-edge.com\/2017-06-01\/191144530514_e4fb6ae9f526531fd41c_72.jpg",
            "first_name": "",
            "real_name": "kelu",
            "display_name": "",
            "team": "T5M5PLH8U",
            "name": "kelu",
            "is_restricted": false,
            "is_ultra_restricted": false
        }
    },
    {
        "client_msg_id": "4999307f-eaa0-4490-a5b7-d9a121acc40d",
        "type": "message",
        "text": "Can't it be 'selectable'?\nI mean, can't we have both?\nOr is the interface completely different on each case?",
        "user": "U8DP2NWAD",
        "ts": "1548875818.152600",
        "team": "T5M5PLH8U",
        "user_team": "T5M5PLH8U",
        "source_team": "T5M5PLH8U",
        "user_profile": {
            "avatar_hash": "ge8fe12d48f6",
            "image_72": "https:\/\/secure.gravatar.com\/avatar\/be8fe12d48f65fa83f69d7849035f8c3.jpg?s=72&d=https%3A%2F%2Fa.slack-edge.com%2Fdf10d%2Fimg%2Favatars%2Fava_0024-72.png",
            "first_name": "",
            "real_name": "Tomás Glaría",
            "display_name": "tglaria",
            "team": "T5M5PLH8U",
            "name": "tglaria",
            "is_restricted": false,
            "is_ultra_restricted": false
        },
        "thread_ts": "1547842969.134000"
    },
    {
        "client_msg_id": "7d4b110f-6df6-420a-ac1e-d6f63d66b97a",
        "type": "message",
        "text": "I totally misunderstood the question.\nYou could try whwat's on this link: <https:\/\/stackoverflow.com\/questions\/37604289\/tkinter-tclerror-no-display-name-and-no-display-environment-variable>\n\nWhich is add this line when importing matplotlib:\nimport matplotlib\nmatplotlib.use('Agg')",
        "user": "U8DP2NWAD",
        "ts": "1548876033.152800",
        "team": "T5M5PLH8U",
        "user_team": "T5M5PLH8U",
        "source_team": "T5M5PLH8U",
        "user_profile": {
            "avatar_hash": "ge8fe12d48f6",
            "image_72": "https:\/\/secure.gravatar.com\/avatar\/be8fe12d48f65fa83f69d7849035f8c3.jpg?s=72&d=https%3A%2F%2Fa.slack-edge.com%2Fdf10d%2Fimg%2Favatars%2Fava_0024-72.png",
            "first_name": "",
            "real_name": "Tomás Glaría",
            "display_name": "tglaria",
            "team": "T5M5PLH8U",
            "name": "tglaria",
            "is_restricted": false,
            "is_ultra_restricted": false
        },
        "edited": {
            "user": "U8DP2NWAD",
            "ts": "1548876531.000000"
        },
        "thread_ts": "1548664089.142500",
        "parent_user_id": "UF4G0PEF5"
    }
]