[
    {
        "client_msg_id": "68605976-8b76-4af6-a32c-17961dc1c81e",
        "type": "message",
        "text": "Sure ! It's out of stock at the moment but a new batch is ready early January.",
        "user": "U5M5PLH9S",
        "ts": "1576403632.001500",
        "team": "T5M5PLH8U",
        "user_team": "T5M5PLH8U",
        "source_team": "T5M5PLH8U",
        "user_profile": {
            "avatar_hash": "e4fb6ae9f526",
            "image_72": "https:\/\/avatars.slack-edge.com\/2017-06-01\/191144530514_e4fb6ae9f526531fd41c_72.jpg",
            "first_name": "",
            "real_name": "kelu",
            "display_name": "",
            "team": "T5M5PLH8U",
            "name": "kelu",
            "is_restricted": false,
            "is_ultra_restricted": false
        },
        "blocks": [
            {
                "type": "rich_text",
                "block_id": "392+t",
                "elements": [
                    {
                        "type": "rich_text_section",
                        "elements": [
                            {
                                "type": "text",
                                "text": "Sure ! It's out of stock at the moment but a new batch is ready early January."
                            }
                        ]
                    }
                ]
            }
        ],
        "reactions": [
            {
                "name": "+1",
                "users": [
                    "URQAL47MW"
                ],
                "count": 1
            }
        ]
    },
    {
        "client_msg_id": "bba98cd9-66ca-4550-a8af-fa786e9d2c5c",
        "type": "message",
        "text": "It is on the tindie store at <https:\/\/www.tindie.com\/products\/kelu124\/un0rick-open-ice40-ultrasound-imaging-dev-board\/|https:\/\/www.tindie.com\/products\/kelu124\/un0rick-open-ice40-ultrasound-imaging-dev-board\/>",
        "user": "U5M5PLH9S",
        "ts": "1576403685.002000",
        "team": "T5M5PLH8U",
        "user_team": "T5M5PLH8U",
        "source_team": "T5M5PLH8U",
        "user_profile": {
            "avatar_hash": "e4fb6ae9f526",
            "image_72": "https:\/\/avatars.slack-edge.com\/2017-06-01\/191144530514_e4fb6ae9f526531fd41c_72.jpg",
            "first_name": "",
            "real_name": "kelu",
            "display_name": "",
            "team": "T5M5PLH8U",
            "name": "kelu",
            "is_restricted": false,
            "is_ultra_restricted": false
        },
        "attachments": [
            {
                "service_name": "Tindie",
                "title": "un0rick -  Open ice40 Ultrasound Imaging Dev Board by kelu124 on Tindie",
                "title_link": "https:\/\/www.tindie.com\/products\/kelu124\/un0rick-open-ice40-ultrasound-imaging-dev-board\/",
                "text": "An open FPGA ultrasound imaging dev board",
                "fallback": "Tindie: un0rick -  Open ice40 Ultrasound Imaging Dev Board by kelu124 on Tindie",
                "image_url": "https:\/\/cdn.tindiemedia.com\/images\/resize\/CArpkEeRdO0GatZAtI77rSV6atM=\/p\/1200x630\/smart\/i\/17175\/products\/2018-06-08T21%3A00%3A32.692Z-un0rick.jpg",
                "from_url": "https:\/\/www.tindie.com\/products\/kelu124\/un0rick-open-ice40-ultrasound-imaging-dev-board\/",
                "image_width": 476,
                "image_height": 250,
                "image_bytes": 173182,
                "service_icon": "https:\/\/d2ss6ovg47m0r5.cloudfront.net\/ico\/apples-touch-icon-precomposed.png",
                "id": 1,
                "original_url": "https:\/\/www.tindie.com\/products\/kelu124\/un0rick-open-ice40-ultrasound-imaging-dev-board\/"
            }
        ],
        "blocks": [
            {
                "type": "rich_text",
                "block_id": "BMsjE",
                "elements": [
                    {
                        "type": "rich_text_section",
                        "elements": [
                            {
                                "type": "text",
                                "text": "It is on the tindie store at "
                            },
                            {
                                "type": "link",
                                "url": "https:\/\/www.tindie.com\/products\/kelu124\/un0rick-open-ice40-ultrasound-imaging-dev-board\/",
                                "text": "https:\/\/www.tindie.com\/products\/kelu124\/un0rick-open-ice40-ultrasound-imaging-dev-board\/"
                            }
                        ]
                    }
                ]
            }
        ],
        "reactions": [
            {
                "name": "+1",
                "users": [
                    "URQAL47MW"
                ],
                "count": 1
            }
        ]
    },
    {
        "client_msg_id": "1a8a3f75-01e0-40da-bbfd-6ece78f08a94",
        "type": "message",
        "text": "<@U5M5PLH9S> out of stock",
        "user": "UE3JX8LUT",
        "ts": "1576416401.002500",
        "team": "T5M5PLH8U",
        "user_team": "T5M5PLH8U",
        "source_team": "T5M5PLH8U",
        "user_profile": {
            "avatar_hash": "a9159a929398",
            "image_72": "https:\/\/avatars.slack-edge.com\/2018-11-15\/479026488288_a9159a929398c4006149_72.jpg",
            "first_name": "Fadhli",
            "real_name": "Fadhli",
            "display_name": "Fadhli",
            "team": "T5M5PLH8U",
            "name": "fadhliazinnuddin",
            "is_restricted": false,
            "is_ultra_restricted": false
        }
    },
    {
        "client_msg_id": "382afbfd-9da4-42ac-b354-3b982c52be79",
        "type": "message",
        "text": "Yes I know, new batch due in early January.",
        "user": "U5M5PLH9S",
        "ts": "1576419077.003200",
        "team": "T5M5PLH8U",
        "user_team": "T5M5PLH8U",
        "source_team": "T5M5PLH8U",
        "user_profile": {
            "avatar_hash": "e4fb6ae9f526",
            "image_72": "https:\/\/avatars.slack-edge.com\/2017-06-01\/191144530514_e4fb6ae9f526531fd41c_72.jpg",
            "first_name": "",
            "real_name": "kelu",
            "display_name": "",
            "team": "T5M5PLH8U",
            "name": "kelu",
            "is_restricted": false,
            "is_ultra_restricted": false
        },
        "blocks": [
            {
                "type": "rich_text",
                "block_id": "quMp",
                "elements": [
                    {
                        "type": "rich_text_section",
                        "elements": [
                            {
                                "type": "text",
                                "text": "Yes I know, new batch due in early January."
                            }
                        ]
                    }
                ]
            }
        ]
    },
    {
        "type": "message",
        "subtype": "channel_join",
        "ts": "1576434354.003400",
        "user": "URQAS7R8V",
        "text": "<@URQAS7R8V> has joined the channel"
    },
    {
        "type": "message",
        "subtype": "channel_join",
        "ts": "1576435100.003600",
        "user": "URQAL47MW",
        "text": "<@URQAL47MW> has joined the channel"
    }
]