[
    {
        "client_msg_id": "9c07cd25-9a8c-4aa4-a055-374da81438d0",
        "type": "message",
        "text": "Welcome here! Happy to answer queries you'd have :smiley:",
        "user": "U5M5PLH9S",
        "ts": "1562335186.020300",
        "team": "T5M5PLH8U",
        "user_team": "T5M5PLH8U",
        "source_team": "T5M5PLH8U",
        "user_profile": {
            "avatar_hash": "e4fb6ae9f526",
            "image_72": "https:\/\/avatars.slack-edge.com\/2017-06-01\/191144530514_e4fb6ae9f526531fd41c_72.jpg",
            "first_name": "",
            "real_name": "kelu",
            "display_name": "",
            "team": "T5M5PLH8U",
            "name": "kelu",
            "is_restricted": false,
            "is_ultra_restricted": false
        },
        "thread_ts": "1562287102.020200",
        "parent_user_id": "UL4U8LU6Q"
    }
]