[
    {
        "type": "message",
        "subtype": "channel_join",
        "ts": "1565003582.003800",
        "user": "UM4B1EUAJ",
        "text": "<@UM4B1EUAJ> has joined the channel"
    },
    {
        "client_msg_id": "c39c5609-0b53-4ff8-b7ef-52596d9d5c70",
        "type": "message",
        "text": "Thank you so much for your answer to the question and your video. We've finished setting up the fpga. I'll go to the lab tomorrow and set up a jumper to fit the video and send it back to the video with a raspberry pie and a probe. Your answer was a great help. Thank you. I'll let you know once more. Thank you.",
        "user": "ULYB25AMS",
        "ts": "1565004782.004300",
        "team": "T5M5PLH8U",
        "user_team": "T5M5PLH8U",
        "source_team": "T5M5PLH8U",
        "user_profile": {
            "avatar_hash": "gd49897152a4",
            "image_72": "https:\/\/secure.gravatar.com\/avatar\/bd49897152a4babe660efcb5e4f11c35.jpg?s=72&d=https%3A%2F%2Fa.slack-edge.com%2Fdf10d%2Fimg%2Favatars%2Fava_0002-72.png",
            "first_name": "Kim",
            "real_name": "Kim Jae Sik",
            "display_name": "Kim Jae Sik",
            "team": "T5M5PLH8U",
            "name": "wotlr6427",
            "is_restricted": false,
            "is_ultra_restricted": false
        },
        "thread_ts": "1564903864.000900",
        "parent_user_id": "ULYB25AMS"
    },
    {
        "type": "message",
        "subtype": "channel_join",
        "ts": "1565013583.004600",
        "user": "UM4FXPY86",
        "text": "<@UM4FXPY86> has joined the channel"
    }
]