[
    {
        "type": "message",
        "subtype": "channel_join",
        "ts": "1549715712.158900",
        "user": "UG2T36SFP",
        "text": "<@UG2T36SFP> has joined the channel"
    },
    {
        "client_msg_id": "85096025-1987-4dd7-b281-9f31ab758c08",
        "type": "message",
        "text": "My greetings to all",
        "user": "UG2T36SFP",
        "ts": "1549717241.159300",
        "team": "T5M5PLH8U",
        "user_team": "T5M5PLH8U",
        "source_team": "T5M5PLH8U",
        "user_profile": {
            "avatar_hash": "g15e64db7197",
            "image_72": "https:\/\/secure.gravatar.com\/avatar\/e15e64db7197f2a2f64b4cf0ad743c64.jpg?s=72&d=https%3A%2F%2Fa.slack-edge.com%2Fdf10d%2Fimg%2Favatars%2Fava_0007-72.png",
            "first_name": "",
            "real_name": "Deepak Joshi",
            "display_name": "Deepak",
            "team": "T5M5PLH8U",
            "name": "27deepak94",
            "is_restricted": false,
            "is_ultra_restricted": false
        }
    },
    {
        "client_msg_id": "c55452a1-37cf-4174-8e17-622fbfb5bdea",
        "type": "message",
        "text": "I am new to the field of ultrasonic NDT testing and I want the help from you guys to start with it so please help me i will give you details of my transducer",
        "user": "UG2T36SFP",
        "ts": "1549717331.160400",
        "team": "T5M5PLH8U",
        "user_team": "T5M5PLH8U",
        "source_team": "T5M5PLH8U",
        "user_profile": {
            "avatar_hash": "g15e64db7197",
            "image_72": "https:\/\/secure.gravatar.com\/avatar\/e15e64db7197f2a2f64b4cf0ad743c64.jpg?s=72&d=https%3A%2F%2Fa.slack-edge.com%2Fdf10d%2Fimg%2Favatars%2Fava_0007-72.png",
            "first_name": "",
            "real_name": "Deepak Joshi",
            "display_name": "Deepak",
            "team": "T5M5PLH8U",
            "name": "27deepak94",
            "is_restricted": false,
            "is_ultra_restricted": false
        }
    },
    {
        "client_msg_id": "7085d9a4-5036-4885-9274-920e923a8e40",
        "type": "message",
        "text": "I have Piezo discs from steminc of frequencies 85,212,675,450 and 300 KHz and I want to detect cracks in pipeline of 2.8m thickness so how I should start?",
        "user": "UG2T36SFP",
        "ts": "1549717450.162000",
        "team": "T5M5PLH8U",
        "user_team": "T5M5PLH8U",
        "source_team": "T5M5PLH8U",
        "user_profile": {
            "avatar_hash": "g15e64db7197",
            "image_72": "https:\/\/secure.gravatar.com\/avatar\/e15e64db7197f2a2f64b4cf0ad743c64.jpg?s=72&d=https%3A%2F%2Fa.slack-edge.com%2Fdf10d%2Fimg%2Favatars%2Fava_0007-72.png",
            "first_name": "",
            "real_name": "Deepak Joshi",
            "display_name": "Deepak",
            "team": "T5M5PLH8U",
            "name": "27deepak94",
            "is_restricted": false,
            "is_ultra_restricted": false
        }
    },
    {
        "client_msg_id": "3565ad8f-2b4d-490b-a6b7-f1338cd0b38c",
        "type": "message",
        "text": "<@U5M5PLH9S> hello",
        "user": "UG2T36SFP",
        "ts": "1549727812.162200",
        "team": "T5M5PLH8U",
        "user_team": "T5M5PLH8U",
        "source_team": "T5M5PLH8U",
        "user_profile": {
            "avatar_hash": "g15e64db7197",
            "image_72": "https:\/\/secure.gravatar.com\/avatar\/e15e64db7197f2a2f64b4cf0ad743c64.jpg?s=72&d=https%3A%2F%2Fa.slack-edge.com%2Fdf10d%2Fimg%2Favatars%2Fava_0007-72.png",
            "first_name": "",
            "real_name": "Deepak Joshi",
            "display_name": "Deepak",
            "team": "T5M5PLH8U",
            "name": "27deepak94",
            "is_restricted": false,
            "is_ultra_restricted": false
        }
    }
]