[
    {
        "client_msg_id": "99a90469-8a2f-4da0-b9ff-b644fe858349",
        "type": "message",
        "text": "Good evening all, a new batch of boards at  <https:\/\/www.tindie.com\/products\/kelu124\/un0rick-open-ice40-ultrasound-imaging-dev-board\/> . Test works, strange glitches with the RPi4 (possibly due to a shift from python2 to python3), but performs as usual on the piW, this should be ironed out soon in the software, RPi side. Still a batch of Black Edition :smiley:",
        "user": "U5M5PLH9S",
        "ts": "1563051948.031900",
        "team": "T5M5PLH8U",
        "user_team": "T5M5PLH8U",
        "source_team": "T5M5PLH8U",
        "user_profile": {
            "avatar_hash": "e4fb6ae9f526",
            "image_72": "https:\/\/avatars.slack-edge.com\/2017-06-01\/191144530514_e4fb6ae9f526531fd41c_72.jpg",
            "first_name": "",
            "real_name": "kelu",
            "display_name": "",
            "team": "T5M5PLH8U",
            "name": "kelu",
            "is_restricted": false,
            "is_ultra_restricted": false
        },
        "edited": {
            "user": "U5M5PLH9S",
            "ts": "1563051973.000000"
        },
        "attachments": [
            {
                "service_name": "Tindie",
                "title": "un0rick -  Open ice40 Ultrasound Imaging Dev Board by kelu124 on Tindie",
                "title_link": "https:\/\/www.tindie.com\/products\/kelu124\/un0rick-open-ice40-ultrasound-imaging-dev-board\/",
                "text": "An open FPGA ultrasound imaging dev board",
                "fallback": "Tindie: un0rick -  Open ice40 Ultrasound Imaging Dev Board by kelu124 on Tindie",
                "image_url": "https:\/\/cdn.tindiemedia.com\/images\/resize\/CArpkEeRdO0GatZAtI77rSV6atM=\/p\/1200x630\/smart\/i\/17175\/products\/2018-06-08T21%3A00%3A32.692Z-un0rick.jpg",
                "from_url": "https:\/\/www.tindie.com\/products\/kelu124\/un0rick-open-ice40-ultrasound-imaging-dev-board\/",
                "image_width": 476,
                "image_height": 250,
                "image_bytes": 173182,
                "service_icon": "https:\/\/d2ss6ovg47m0r5.cloudfront.net\/ico\/apples-touch-icon-precomposed.png",
                "id": 1,
                "original_url": "https:\/\/www.tindie.com\/products\/kelu124\/un0rick-open-ice40-ultrasound-imaging-dev-board\/"
            }
        ],
        "reactions": [
            {
                "name": "raised_hands",
                "users": [
                    "U8Z3VB1T2",
                    "UKV93F6H1",
                    "UKTGR7B41",
                    "UHP9P5JTE"
                ],
                "count": 4
            },
            {
                "name": "bowtie",
                "users": [
                    "U5M5PLH9S"
                ],
                "count": 1
            }
        ]
    }
]