[
    {
        "client_msg_id": "d6332bbb-65fb-46e1-a402-286b163751c6",
        "type": "message",
        "text": "Hi there. Good to read from you. Would you be in a position to share previous experiments JSONs for reference?",
        "user": "U5M5PLH9S",
        "ts": "1569604644.004300",
        "team": "T5M5PLH8U",
        "user_team": "T5M5PLH8U",
        "source_team": "T5M5PLH8U",
        "user_profile": {
            "avatar_hash": "e4fb6ae9f526",
            "image_72": "https:\/\/avatars.slack-edge.com\/2017-06-01\/191144530514_e4fb6ae9f526531fd41c_72.jpg",
            "first_name": "",
            "real_name": "kelu",
            "display_name": "",
            "team": "T5M5PLH8U",
            "name": "kelu",
            "is_restricted": false,
            "is_ultra_restricted": false
        },
        "thread_ts": "1564903864.000900",
        "parent_user_id": "ULYB25AMS"
    },
    {
        "client_msg_id": "2fd8304e-1399-4dcd-9ad1-ef10e4d5f5f2",
        "type": "message",
        "text": "It would be extremely interesting to know how the board broke down (and how), I did some weird shorts but I haven't destroyed any this way (yet). More details would be helpful to see if the remarks can be integrated in the design. Obviously, if you shorted it or burned elements, that wouldn't help, but details would be good.",
        "user": "U5M5PLH9S",
        "ts": "1569604713.004500",
        "team": "T5M5PLH8U",
        "user_team": "T5M5PLH8U",
        "source_team": "T5M5PLH8U",
        "user_profile": {
            "avatar_hash": "e4fb6ae9f526",
            "image_72": "https:\/\/avatars.slack-edge.com\/2017-06-01\/191144530514_e4fb6ae9f526531fd41c_72.jpg",
            "first_name": "",
            "real_name": "kelu",
            "display_name": "",
            "team": "T5M5PLH8U",
            "name": "kelu",
            "is_restricted": false,
            "is_ultra_restricted": false
        },
        "thread_ts": "1564903864.000900",
        "parent_user_id": "ULYB25AMS"
    },
    {
        "client_msg_id": "7fa5ffa5-0193-4ff4-b0db-de2a334c3796",
        "type": "message",
        "text": "For the pyUn0 lib, no, no python3 version yet, I'm working on the smaller version of the board at the moment, but the shift to python3 is definitely something I have in mind as a priority.\nIn the meanwhile, in linux, you can still use \"python2 pyUn0.py single\" to have python2 launch it.",
        "user": "U5M5PLH9S",
        "ts": "1569604802.004700",
        "team": "T5M5PLH8U",
        "user_team": "T5M5PLH8U",
        "source_team": "T5M5PLH8U",
        "user_profile": {
            "avatar_hash": "e4fb6ae9f526",
            "image_72": "https:\/\/avatars.slack-edge.com\/2017-06-01\/191144530514_e4fb6ae9f526531fd41c_72.jpg",
            "first_name": "",
            "real_name": "kelu",
            "display_name": "",
            "team": "T5M5PLH8U",
            "name": "kelu",
            "is_restricted": false,
            "is_ultra_restricted": false
        },
        "thread_ts": "1564903864.000900",
        "parent_user_id": "ULYB25AMS"
    }
]