[
    {
        "client_msg_id": "3f457fa3-b909-4659-931b-448f39f47b1f",
        "type": "message",
        "text": "<@U5M5PLH9S> so all piezoelectric materials emit ultrasound when excited? including quartz oscillators?",
        "user": "UFERHJHJ8",
        "ts": "1547712619.131900",
        "team": "T5M5PLH8U",
        "user_team": "T5M5PLH8U",
        "source_team": "T5M5PLH8U",
        "user_profile": {
            "avatar_hash": "gc9b2ad14cd3",
            "image_72": "https:\/\/secure.gravatar.com\/avatar\/4c9b2ad14cd3d89a9947badc4b5018da.jpg?s=72&d=https%3A%2F%2Fa.slack-edge.com%2Fdf10d%2Fimg%2Favatars%2Fava_0007-72.png",
            "first_name": "",
            "real_name": "Amen Nas",
            "display_name": "Amen",
            "team": "T5M5PLH8U",
            "name": "monassir",
            "is_restricted": false,
            "is_ultra_restricted": false
        },
        "thread_ts": "1547710718.130300",
        "parent_user_id": "UF3T2P9HN"
    },
    {
        "client_msg_id": "b9e08f06-8fbf-4456-99a7-53e83eb55393",
        "type": "message",
        "text": "oh the video answered my question  :smile:",
        "user": "UFERHJHJ8",
        "ts": "1547712768.132100",
        "team": "T5M5PLH8U",
        "user_team": "T5M5PLH8U",
        "source_team": "T5M5PLH8U",
        "user_profile": {
            "avatar_hash": "gc9b2ad14cd3",
            "image_72": "https:\/\/secure.gravatar.com\/avatar\/4c9b2ad14cd3d89a9947badc4b5018da.jpg?s=72&d=https%3A%2F%2Fa.slack-edge.com%2Fdf10d%2Fimg%2Favatars%2Fava_0007-72.png",
            "first_name": "",
            "real_name": "Amen Nas",
            "display_name": "Amen",
            "team": "T5M5PLH8U",
            "name": "monassir",
            "is_restricted": false,
            "is_ultra_restricted": false
        },
        "thread_ts": "1547710718.130300",
        "parent_user_id": "UF3T2P9HN"
    },
    {
        "type": "message",
        "subtype": "channel_join",
        "ts": "1547737666.132400",
        "user": "UFFFVFH7S",
        "text": "<@UFFFVFH7S> has joined the channel"
    },
    {
        "client_msg_id": "a44aefb0-01c6-4faa-a1c6-f851f98c8099",
        "type": "message",
        "text": "(btw, I'm not saying <https:\/\/sci-hub.tw> is a good way to get these articles :wink: )",
        "user": "U5M5PLH9S",
        "ts": "1547762747.133200",
        "team": "T5M5PLH8U",
        "user_team": "T5M5PLH8U",
        "source_team": "T5M5PLH8U",
        "user_profile": {
            "avatar_hash": "e4fb6ae9f526",
            "image_72": "https:\/\/avatars.slack-edge.com\/2017-06-01\/191144530514_e4fb6ae9f526531fd41c_72.jpg",
            "first_name": "",
            "real_name": "kelu",
            "display_name": "",
            "team": "T5M5PLH8U",
            "name": "kelu",
            "is_restricted": false,
            "is_ultra_restricted": false
        },
        "edited": {
            "user": "U5M5PLH9S",
            "ts": "1547762754.000000"
        },
        "thread_ts": "1547642562.120800",
        "parent_user_id": "UFERHJHJ8"
    }
]