[
    {
        "client_msg_id": "15a9f4af-9090-41b6-a2ad-f497007d3f9b",
        "type": "message",
        "text": "Perhaps the steel block has a vibrational mode at f\/2?",
        "user": "U8Z3VB1T2",
        "ts": "1554136360.003100",
        "team": "T5M5PLH8U",
        "user_team": "T5M5PLH8U",
        "source_team": "T5M5PLH8U",
        "user_profile": {
            "avatar_hash": "g49ad52d7df8",
            "image_72": "https:\/\/secure.gravatar.com\/avatar\/449ad52d7df89ecbe8ebe0fd87d3f63f.jpg?s=72&d=https%3A%2F%2Fa.slack-edge.com%2Fdf10d%2Fimg%2Favatars%2Fava_0026-72.png",
            "first_name": "",
            "real_name": "William Meng",
            "display_name": "",
            "team": "T5M5PLH8U",
            "name": "wlmeng11",
            "is_restricted": false,
            "is_ultra_restricted": false
        },
        "thread_ts": "1553895562.000500",
        "parent_user_id": "U5M5PLH9S"
    },
    {
        "client_msg_id": "1e5d0104-2157-41aa-8c00-a1d02931b72a",
        "type": "message",
        "text": "Humm need to go in the details of it, thanks for the lead :)",
        "user": "U5M5PLH9S",
        "ts": "1554138689.003300",
        "team": "T5M5PLH8U",
        "user_team": "T5M5PLH8U",
        "source_team": "T5M5PLH8U",
        "user_profile": {
            "avatar_hash": "e4fb6ae9f526",
            "image_72": "https:\/\/avatars.slack-edge.com\/2017-06-01\/191144530514_e4fb6ae9f526531fd41c_72.jpg",
            "first_name": "",
            "real_name": "kelu",
            "display_name": "",
            "team": "T5M5PLH8U",
            "name": "kelu",
            "is_restricted": false,
            "is_ultra_restricted": false
        },
        "thread_ts": "1553895562.000500",
        "parent_user_id": "U5M5PLH9S"
    }
]