[
    {
        "type": "message",
        "text": "Another goodie for debugging.. an impedance analyser. Here hooked to a double peak transducer.\n50$ on eBay makes it useful to check piezos connections.. and for reverse engineering as well :) manages 50khz to 900mhz+",
        "files": [
            {
                "id": "FNGTXJW3X",
                "created": 1568828354,
                "timestamp": 1568828354,
                "name": "P_20190918_190422.jpg",
                "title": "P_20190918_190422.jpg",
                "mimetype": "image\/jpeg",
                "filetype": "jpg",
                "pretty_type": "JPEG",
                "user": "U5M5PLH9S",
                "editable": false,
                "size": 417578,
                "mode": "hosted",
                "is_external": false,
                "external_type": "",
                "is_public": true,
                "public_url_shared": false,
                "display_as_bot": false,
                "username": "",
                "url_private": "https:\/\/files.slack.com\/files-pri\/T5M5PLH8U-FNGTXJW3X\/p_20190918_190422.jpg?t=xoxe-191193697300-964750812979-978081040215-70140a522cd1d53d5dacb8121ac10305",
                "url_private_download": "https:\/\/files.slack.com\/files-pri\/T5M5PLH8U-FNGTXJW3X\/download\/p_20190918_190422.jpg?t=xoxe-191193697300-964750812979-978081040215-70140a522cd1d53d5dacb8121ac10305",
                "thumb_64": "https:\/\/files.slack.com\/files-tmb\/T5M5PLH8U-FNGTXJW3X-579d270bea\/p_20190918_190422_64.jpg?t=xoxe-191193697300-964750812979-978081040215-70140a522cd1d53d5dacb8121ac10305",
                "thumb_80": "https:\/\/files.slack.com\/files-tmb\/T5M5PLH8U-FNGTXJW3X-579d270bea\/p_20190918_190422_80.jpg?t=xoxe-191193697300-964750812979-978081040215-70140a522cd1d53d5dacb8121ac10305",
                "thumb_360": "https:\/\/files.slack.com\/files-tmb\/T5M5PLH8U-FNGTXJW3X-579d270bea\/p_20190918_190422_360.jpg?t=xoxe-191193697300-964750812979-978081040215-70140a522cd1d53d5dacb8121ac10305",
                "thumb_360_w": 360,
                "thumb_360_h": 270,
                "thumb_480": "https:\/\/files.slack.com\/files-tmb\/T5M5PLH8U-FNGTXJW3X-579d270bea\/p_20190918_190422_480.jpg?t=xoxe-191193697300-964750812979-978081040215-70140a522cd1d53d5dacb8121ac10305",
                "thumb_480_w": 480,
                "thumb_480_h": 360,
                "thumb_160": "https:\/\/files.slack.com\/files-tmb\/T5M5PLH8U-FNGTXJW3X-579d270bea\/p_20190918_190422_160.jpg?t=xoxe-191193697300-964750812979-978081040215-70140a522cd1d53d5dacb8121ac10305",
                "thumb_720": "https:\/\/files.slack.com\/files-tmb\/T5M5PLH8U-FNGTXJW3X-579d270bea\/p_20190918_190422_720.jpg?t=xoxe-191193697300-964750812979-978081040215-70140a522cd1d53d5dacb8121ac10305",
                "thumb_720_w": 720,
                "thumb_720_h": 540,
                "thumb_800": "https:\/\/files.slack.com\/files-tmb\/T5M5PLH8U-FNGTXJW3X-579d270bea\/p_20190918_190422_800.jpg?t=xoxe-191193697300-964750812979-978081040215-70140a522cd1d53d5dacb8121ac10305",
                "thumb_800_w": 800,
                "thumb_800_h": 600,
                "thumb_960": "https:\/\/files.slack.com\/files-tmb\/T5M5PLH8U-FNGTXJW3X-579d270bea\/p_20190918_190422_960.jpg?t=xoxe-191193697300-964750812979-978081040215-70140a522cd1d53d5dacb8121ac10305",
                "thumb_960_w": 960,
                "thumb_960_h": 720,
                "thumb_1024": "https:\/\/files.slack.com\/files-tmb\/T5M5PLH8U-FNGTXJW3X-579d270bea\/p_20190918_190422_1024.jpg?t=xoxe-191193697300-964750812979-978081040215-70140a522cd1d53d5dacb8121ac10305",
                "thumb_1024_w": 1024,
                "thumb_1024_h": 768,
                "image_exif_rotation": 1,
                "original_w": 4160,
                "original_h": 3120,
                "permalink": "https:\/\/usdevkit.slack.com\/files\/U5M5PLH9S\/FNGTXJW3X\/p_20190918_190422.jpg",
                "permalink_public": "https:\/\/slack-files.com\/T5M5PLH8U-FNGTXJW3X-4f22001355",
                "is_starred": false,
                "has_rich_preview": false
            }
        ],
        "upload": true,
        "user": "U5M5PLH9S",
        "display_as_bot": false,
        "ts": "1568828354.002900",
        "edited": {
            "user": "U5M5PLH9S",
            "ts": "1568828378.000000"
        },
        "client_msg_id": "296bd66e-52a3-4d9c-87dc-5088a703088a",
        "reactions": [
            {
                "name": "heart",
                "users": [
                    "UKTGR7B41",
                    "UTSASN5L1"
                ],
                "count": 2
            }
        ]
    }
]