[
    {
        "client_msg_id": "afcd044b-5d16-4dfe-a2cc-21358b6215a6",
        "type": "message",
        "text": "Thank you for your kind reply.",
        "user": "ULYB25AMS",
        "ts": "1566463014.035000",
        "team": "T5M5PLH8U",
        "user_team": "T5M5PLH8U",
        "source_team": "T5M5PLH8U",
        "user_profile": {
            "avatar_hash": "gd49897152a4",
            "image_72": "https:\/\/secure.gravatar.com\/avatar\/bd49897152a4babe660efcb5e4f11c35.jpg?s=72&d=https%3A%2F%2Fa.slack-edge.com%2Fdf10d%2Fimg%2Favatars%2Fava_0002-72.png",
            "first_name": "Kim",
            "real_name": "Kim Jae Sik",
            "display_name": "Kim Jae Sik",
            "team": "T5M5PLH8U",
            "name": "wotlr6427",
            "is_restricted": false,
            "is_ultra_restricted": false
        },
        "thread_ts": "1564903864.000900",
        "parent_user_id": "ULYB25AMS",
        "reactions": [
            {
                "name": "slightly_smiling_face",
                "users": [
                    "U5M5PLH9S"
                ],
                "count": 1
            }
        ]
    }
]