[
    {
        "client_msg_id": "47c1bad4-3ccf-4818-b16f-7907a55ee23c",
        "type": "message",
        "text": "Hey guys! How were things going ?",
        "user": "U5M5PLH9S",
        "ts": "1576176817.019500",
        "team": "T5M5PLH8U",
        "user_team": "T5M5PLH8U",
        "source_team": "T5M5PLH8U",
        "user_profile": {
            "avatar_hash": "e4fb6ae9f526",
            "image_72": "https:\/\/avatars.slack-edge.com\/2017-06-01\/191144530514_e4fb6ae9f526531fd41c_72.jpg",
            "first_name": "",
            "real_name": "kelu",
            "display_name": "",
            "team": "T5M5PLH8U",
            "name": "kelu",
            "is_restricted": false,
            "is_ultra_restricted": false
        },
        "blocks": [
            {
                "type": "rich_text",
                "block_id": "xcU8W",
                "elements": [
                    {
                        "type": "rich_text_section",
                        "elements": [
                            {
                                "type": "text",
                                "text": "Hey guys! How were things going ?"
                            }
                        ]
                    }
                ]
            }
        ],
        "thread_ts": "1566910693.036600",
        "parent_user_id": "U5M5PLH9S"
    },
    {
        "type": "message",
        "subtype": "channel_join",
        "ts": "1576178179.019800",
        "user": "URMFQPFK2",
        "text": "<@URMFQPFK2> has joined the channel"
    },
    {
        "type": "message",
        "subtype": "channel_join",
        "ts": "1576178576.020100",
        "user": "URPBWKVAB",
        "text": "<@URPBWKVAB> has joined the channel"
    }
]