[
    {
        "client_msg_id": "acb0980e-0e80-4074-9e9f-f5454d3602e4",
        "type": "message",
        "text": "Hi Jorge. Thank you for the information. If you have recommendation for specific probe I will be happy to hear.",
        "user": "UPXTN4XT3",
        "ts": "1573501272.014300",
        "team": "T5M5PLH8U",
        "user_team": "T5M5PLH8U",
        "source_team": "T5M5PLH8U",
        "user_profile": {
            "avatar_hash": "gac067a44fd1",
            "image_72": "https:\/\/secure.gravatar.com\/avatar\/ac067a44fd1951e69fb1fbe512626484.jpg?s=72&d=https%3A%2F%2Fa.slack-edge.com%2Fdf10d%2Fimg%2Favatars%2Fava_0008-72.png",
            "first_name": "",
            "real_name": "Benny LaOr",
            "display_name": "Benny LaOr",
            "team": "T5M5PLH8U",
            "name": "bennylaor",
            "is_restricted": false,
            "is_ultra_restricted": false
        }
    }
]