[
    {
        "client_msg_id": "29d22df9-c3eb-4673-a874-d2494ddf3a2b",
        "type": "message",
        "text": "Interesting !",
        "user": "U5M5PLH9S",
        "ts": "1546510522.054700",
        "team": "T5M5PLH8U",
        "user_team": "T5M5PLH8U",
        "source_team": "T5M5PLH8U",
        "user_profile": {
            "avatar_hash": "e4fb6ae9f526",
            "image_72": "https:\/\/avatars.slack-edge.com\/2017-06-01\/191144530514_e4fb6ae9f526531fd41c_72.jpg",
            "first_name": "",
            "real_name": "kelu",
            "display_name": "",
            "team": "T5M5PLH8U",
            "name": "kelu",
            "is_restricted": false,
            "is_ultra_restricted": false
        },
        "thread_ts": "1546112496.026900",
        "parent_user_id": "UF0SXEJ0M"
    },
    {
        "client_msg_id": "73397b81-9f61-42bc-a3a5-882be64865f6",
        "type": "message",
        "text": "Limited to +-70V though",
        "user": "U5M5PLH9S",
        "ts": "1546510534.054900",
        "team": "T5M5PLH8U",
        "user_team": "T5M5PLH8U",
        "source_team": "T5M5PLH8U",
        "user_profile": {
            "avatar_hash": "e4fb6ae9f526",
            "image_72": "https:\/\/avatars.slack-edge.com\/2017-06-01\/191144530514_e4fb6ae9f526531fd41c_72.jpg",
            "first_name": "",
            "real_name": "kelu",
            "display_name": "",
            "team": "T5M5PLH8U",
            "name": "kelu",
            "is_restricted": false,
            "is_ultra_restricted": false
        },
        "thread_ts": "1546112496.026900",
        "parent_user_id": "UF0SXEJ0M"
    },
    {
        "client_msg_id": "afc475f3-ab1f-4eef-8001-a8a23b9a91d9",
        "type": "message",
        "text": "Hum do you need analog processing behind this too, or do you just need the pulser part ?",
        "user": "U5M5PLH9S",
        "ts": "1546510616.055100",
        "team": "T5M5PLH8U",
        "user_team": "T5M5PLH8U",
        "source_team": "T5M5PLH8U",
        "user_profile": {
            "avatar_hash": "e4fb6ae9f526",
            "image_72": "https:\/\/avatars.slack-edge.com\/2017-06-01\/191144530514_e4fb6ae9f526531fd41c_72.jpg",
            "first_name": "",
            "real_name": "kelu",
            "display_name": "",
            "team": "T5M5PLH8U",
            "name": "kelu",
            "is_restricted": false,
            "is_ultra_restricted": false
        },
        "thread_ts": "1546112496.026900",
        "parent_user_id": "UF0SXEJ0M"
    }
]