[
    {
        "client_msg_id": "48b974de-ad95-4abf-8e14-5843718cccd5",
        "type": "message",
        "text": "You may have seen this, this is amazing : <https:\/\/twitter.com\/RiverLiu12\/status\/1167865633863696386?s=09>",
        "user": "U5M5PLH9S",
        "ts": "1567489297.002800",
        "team": "T5M5PLH8U",
        "user_team": "T5M5PLH8U",
        "source_team": "T5M5PLH8U",
        "user_profile": {
            "avatar_hash": "e4fb6ae9f526",
            "image_72": "https:\/\/avatars.slack-edge.com\/2017-06-01\/191144530514_e4fb6ae9f526531fd41c_72.jpg",
            "first_name": "",
            "real_name": "kelu",
            "display_name": "",
            "team": "T5M5PLH8U",
            "name": "kelu",
            "is_restricted": false,
            "is_ultra_restricted": false
        }
    },
    {
        "client_msg_id": "de327f9a-8a17-4506-bc99-88a76b53949c",
        "type": "message",
        "text": "Homemade array controller, usually part of the academic research, here done by a single guy.",
        "user": "U5M5PLH9S",
        "ts": "1567489332.003900",
        "team": "T5M5PLH8U",
        "user_team": "T5M5PLH8U",
        "source_team": "T5M5PLH8U",
        "user_profile": {
            "avatar_hash": "e4fb6ae9f526",
            "image_72": "https:\/\/avatars.slack-edge.com\/2017-06-01\/191144530514_e4fb6ae9f526531fd41c_72.jpg",
            "first_name": "",
            "real_name": "kelu",
            "display_name": "",
            "team": "T5M5PLH8U",
            "name": "kelu",
            "is_restricted": false,
            "is_ultra_restricted": false
        },
        "edited": {
            "user": "U5M5PLH9S",
            "ts": "1567489344.000000"
        }
    }
]