[
    {
        "client_msg_id": "5b0b098b-c254-41ee-a26c-9b9fa94e3cd3",
        "type": "message",
        "text": "Salut Julien! Thanks for your kind words :grin: you should talk with <@UGJ8GJGNR>  then, dont hesitate to create a channel if need be :)",
        "user": "U5M5PLH9S",
        "ts": "1562486380.026500",
        "team": "T5M5PLH8U",
        "user_team": "T5M5PLH8U",
        "source_team": "T5M5PLH8U",
        "user_profile": {
            "avatar_hash": "e4fb6ae9f526",
            "image_72": "https:\/\/avatars.slack-edge.com\/2017-06-01\/191144530514_e4fb6ae9f526531fd41c_72.jpg",
            "first_name": "",
            "real_name": "kelu",
            "display_name": "",
            "team": "T5M5PLH8U",
            "name": "kelu",
            "is_restricted": false,
            "is_ultra_restricted": false
        },
        "thread_ts": "1562463563.026400",
        "parent_user_id": "UKV93F6H1"
    },
    {
        "client_msg_id": "c5c1456d-df1f-462a-a2f3-47066cd07643",
        "type": "message",
        "text": "If you're in paris, we could definitely meet and see how to do a low cost prototype? ^^",
        "user": "U5M5PLH9S",
        "ts": "1562486428.026700",
        "team": "T5M5PLH8U",
        "user_team": "T5M5PLH8U",
        "source_team": "T5M5PLH8U",
        "user_profile": {
            "avatar_hash": "e4fb6ae9f526",
            "image_72": "https:\/\/avatars.slack-edge.com\/2017-06-01\/191144530514_e4fb6ae9f526531fd41c_72.jpg",
            "first_name": "",
            "real_name": "kelu",
            "display_name": "",
            "team": "T5M5PLH8U",
            "name": "kelu",
            "is_restricted": false,
            "is_ultra_restricted": false
        },
        "thread_ts": "1562463563.026400",
        "parent_user_id": "UKV93F6H1"
    }
]