[
    {
        "type": "message",
        "text": "Interesting CMUT dev kit from Philips using custom boards and a redpitaya (ping <@UFPCMHBA6>) ...\n\n I bet one can do better than this :wink:\nAnyone got a spare CMUT array to play with ?",
        "files": [
            {
                "id": "FGKM9RJHE",
                "created": 1551433768,
                "timestamp": 1551433768,
                "name": "PIL.PNG",
                "title": "PIL.PNG",
                "mimetype": "image\/png",
                "filetype": "png",
                "pretty_type": "PNG",
                "user": "U5M5PLH9S",
                "editable": false,
                "size": 280561,
                "mode": "hosted",
                "is_external": false,
                "external_type": "",
                "is_public": true,
                "public_url_shared": false,
                "display_as_bot": false,
                "username": "",
                "url_private": "https:\/\/files.slack.com\/files-pri\/T5M5PLH8U-FGKM9RJHE\/pil.png?t=xoxe-191193697300-964750812979-978081040215-70140a522cd1d53d5dacb8121ac10305",
                "url_private_download": "https:\/\/files.slack.com\/files-pri\/T5M5PLH8U-FGKM9RJHE\/download\/pil.png?t=xoxe-191193697300-964750812979-978081040215-70140a522cd1d53d5dacb8121ac10305",
                "thumb_64": "https:\/\/files.slack.com\/files-tmb\/T5M5PLH8U-FGKM9RJHE-308caa3fdd\/pil_64.png?t=xoxe-191193697300-964750812979-978081040215-70140a522cd1d53d5dacb8121ac10305",
                "thumb_80": "https:\/\/files.slack.com\/files-tmb\/T5M5PLH8U-FGKM9RJHE-308caa3fdd\/pil_80.png?t=xoxe-191193697300-964750812979-978081040215-70140a522cd1d53d5dacb8121ac10305",
                "thumb_360": "https:\/\/files.slack.com\/files-tmb\/T5M5PLH8U-FGKM9RJHE-308caa3fdd\/pil_360.png?t=xoxe-191193697300-964750812979-978081040215-70140a522cd1d53d5dacb8121ac10305",
                "thumb_360_w": 360,
                "thumb_360_h": 261,
                "thumb_480": "https:\/\/files.slack.com\/files-tmb\/T5M5PLH8U-FGKM9RJHE-308caa3fdd\/pil_480.png?t=xoxe-191193697300-964750812979-978081040215-70140a522cd1d53d5dacb8121ac10305",
                "thumb_480_w": 480,
                "thumb_480_h": 348,
                "thumb_160": "https:\/\/files.slack.com\/files-tmb\/T5M5PLH8U-FGKM9RJHE-308caa3fdd\/pil_160.png?t=xoxe-191193697300-964750812979-978081040215-70140a522cd1d53d5dacb8121ac10305",
                "image_exif_rotation": 1,
                "original_w": 702,
                "original_h": 509,
                "permalink": "https:\/\/usdevkit.slack.com\/files\/U5M5PLH9S\/FGKM9RJHE\/pil.png",
                "permalink_public": "https:\/\/slack-files.com\/T5M5PLH8U-FGKM9RJHE-c947ac9520",
                "is_starred": false,
                "has_rich_preview": false
            }
        ],
        "upload": true,
        "user": "U5M5PLH9S",
        "display_as_bot": false,
        "ts": "1551433770.000100",
        "thread_ts": "1551433770.000100",
        "reply_count": 5,
        "reply_users_count": 3,
        "latest_reply": "1554444624.002500",
        "reply_users": [
            "UF0SXEJ0M",
            "UHP9P5JTE",
            "U5M5PLH9S"
        ],
        "replies": [
            {
                "user": "UF0SXEJ0M",
                "ts": "1551652027.000900"
            },
            {
                "user": "UF0SXEJ0M",
                "ts": "1551652092.001100"
            },
            {
                "user": "UHP9P5JTE",
                "ts": "1554444232.002100"
            },
            {
                "user": "U5M5PLH9S",
                "ts": "1554444487.002300"
            },
            {
                "user": "UHP9P5JTE",
                "ts": "1554444624.002500"
            }
        ],
        "subscribed": true,
        "last_read": "1554444624.002500",
        "reactions": [
            {
                "name": "face_with_raised_eyebrow",
                "users": [
                    "UFPCMHBA6"
                ],
                "count": 1
            },
            {
                "name": "+1",
                "users": [
                    "UGJ8GJGNR"
                ],
                "count": 1
            }
        ]
    }
]