[
    {
        "client_msg_id": "325bf17f-e80b-4635-9fa0-e6fbca3a2b8c",
        "type": "message",
        "text": "Please don't copy the threads on the \"general\" channel to keep a clean channel :smiley:",
        "user": "U5M5PLH9S",
        "ts": "1572420022.003600",
        "team": "T5M5PLH8U",
        "user_team": "T5M5PLH8U",
        "source_team": "T5M5PLH8U",
        "user_profile": {
            "avatar_hash": "e4fb6ae9f526",
            "image_72": "https:\/\/avatars.slack-edge.com\/2017-06-01\/191144530514_e4fb6ae9f526531fd41c_72.jpg",
            "first_name": "",
            "real_name": "kelu",
            "display_name": "",
            "team": "T5M5PLH8U",
            "name": "kelu",
            "is_restricted": false,
            "is_ultra_restricted": false
        },
        "thread_ts": "1564903864.000900",
        "parent_user_id": "ULYB25AMS"
    },
    {
        "client_msg_id": "47c2175e-6bfd-497d-bd43-fee4074212cf",
        "type": "message",
        "text": "I would encourage you to learn a bit about python.. basically the error says that there is no \"image\" folder .. so you may want to create one",
        "user": "U5M5PLH9S",
        "ts": "1572420055.003800",
        "team": "T5M5PLH8U",
        "user_team": "T5M5PLH8U",
        "source_team": "T5M5PLH8U",
        "user_profile": {
            "avatar_hash": "e4fb6ae9f526",
            "image_72": "https:\/\/avatars.slack-edge.com\/2017-06-01\/191144530514_e4fb6ae9f526531fd41c_72.jpg",
            "first_name": "",
            "real_name": "kelu",
            "display_name": "",
            "team": "T5M5PLH8U",
            "name": "kelu",
            "is_restricted": false,
            "is_ultra_restricted": false
        },
        "thread_ts": "1564903864.000900",
        "parent_user_id": "ULYB25AMS"
    },
    {
        "client_msg_id": "67880cf5-796c-40fa-9658-536b8631ace3",
        "type": "message",
        "text": "Thank you",
        "user": "ULYB25AMS",
        "ts": "1572427551.004000",
        "team": "T5M5PLH8U",
        "user_team": "T5M5PLH8U",
        "source_team": "T5M5PLH8U",
        "user_profile": {
            "avatar_hash": "gd49897152a4",
            "image_72": "https:\/\/secure.gravatar.com\/avatar\/bd49897152a4babe660efcb5e4f11c35.jpg?s=72&d=https%3A%2F%2Fa.slack-edge.com%2Fdf10d%2Fimg%2Favatars%2Fava_0002-72.png",
            "first_name": "Kim",
            "real_name": "Kim Jae Sik",
            "display_name": "Kim Jae Sik",
            "team": "T5M5PLH8U",
            "name": "wotlr6427",
            "is_restricted": false,
            "is_ultra_restricted": false
        },
        "thread_ts": "1564903864.000900",
        "parent_user_id": "ULYB25AMS"
    }
]