[
    {
        "client_msg_id": "ba7b5076-2e7b-4b41-ac0e-657e285d1cf9",
        "type": "message",
        "text": "Thank you for your reply.\nWhat is guu?",
        "user": "ULYB25AMS",
        "ts": "1565770071.024500",
        "team": "T5M5PLH8U",
        "user_team": "T5M5PLH8U",
        "source_team": "T5M5PLH8U",
        "user_profile": {
            "avatar_hash": "gd49897152a4",
            "image_72": "https:\/\/secure.gravatar.com\/avatar\/bd49897152a4babe660efcb5e4f11c35.jpg?s=72&d=https%3A%2F%2Fa.slack-edge.com%2Fdf10d%2Fimg%2Favatars%2Fava_0002-72.png",
            "first_name": "Kim",
            "real_name": "Kim Jae Sik",
            "display_name": "Kim Jae Sik",
            "team": "T5M5PLH8U",
            "name": "wotlr6427",
            "is_restricted": false,
            "is_ultra_restricted": false
        },
        "thread_ts": "1564903864.000900",
        "parent_user_id": "ULYB25AMS"
    },
    {
        "client_msg_id": "3661da41-4a20-472e-8f16-196e85900788",
        "type": "message",
        "text": "apologies, meant to say GUI (graphical user interface).",
        "user": "U5M5PLH9S",
        "ts": "1565771454.024700",
        "team": "T5M5PLH8U",
        "user_team": "T5M5PLH8U",
        "source_team": "T5M5PLH8U",
        "user_profile": {
            "avatar_hash": "e4fb6ae9f526",
            "image_72": "https:\/\/avatars.slack-edge.com\/2017-06-01\/191144530514_e4fb6ae9f526531fd41c_72.jpg",
            "first_name": "",
            "real_name": "kelu",
            "display_name": "",
            "team": "T5M5PLH8U",
            "name": "kelu",
            "is_restricted": false,
            "is_ultra_restricted": false
        },
        "thread_ts": "1564903864.000900",
        "parent_user_id": "ULYB25AMS"
    },
    {
        "client_msg_id": "a960b5a0-1f36-4040-b250-2b3c2763e1e1",
        "type": "message",
        "text": "Be sure your correct library is called pyUn0.py, located in the same folder as the json files from the acquisition too.",
        "user": "U5M5PLH9S",
        "ts": "1565771549.024900",
        "team": "T5M5PLH8U",
        "user_team": "T5M5PLH8U",
        "source_team": "T5M5PLH8U",
        "user_profile": {
            "avatar_hash": "e4fb6ae9f526",
            "image_72": "https:\/\/avatars.slack-edge.com\/2017-06-01\/191144530514_e4fb6ae9f526531fd41c_72.jpg",
            "first_name": "",
            "real_name": "kelu",
            "display_name": "",
            "team": "T5M5PLH8U",
            "name": "kelu",
            "is_restricted": false,
            "is_ultra_restricted": false
        },
        "thread_ts": "1564903864.000900",
        "parent_user_id": "ULYB25AMS"
    },
    {
        "client_msg_id": "40d2b82e-0e75-49a6-8c3f-65259d33028c",
        "type": "message",
        "text": "if you want to do acquisitions from the notebook, code as follows:\n\nfrom pyUn0 import * # to import the lib\nUN0RICK = us_spi() # creates link to the board\nUN0RICK.init() # initializes the board\nUN0RICK.test_spi(3)\nTGCC = UN0RICK.create_tgc_curve(10, 980, True)[0]    # Gain: linear, 10mV to 980mV\nUN0RICK.set_tgc_curve(TGCC)                          # We then apply the curve\nUN0RICK.set_period_between_acqs(int(2500000))        # Setting 2.5ms between shots\nUN0RICK.JSON[\"N\"] = 1 \t\t\t\t # Experiment ID of the day\nUN0RICK.set_multi_lines(False)                       # Single acquisition\nUN0RICK.set_acquisition_number_lines(1)              # Setting the number of lines (1)\nUN0RICK.set_msps(0)                                  # Sampling speed setting\nA = UN0RICK.set_timings(200, 100, 2000, 5000, 200000)# Settings the series of pulses\nUN0RICK.JSON[\"data\"] = UN0RICK.do_acquisition()      # Doing the acquisition and saves",
        "user": "U5M5PLH9S",
        "ts": "1565771680.025100",
        "team": "T5M5PLH8U",
        "user_team": "T5M5PLH8U",
        "source_team": "T5M5PLH8U",
        "user_profile": {
            "avatar_hash": "e4fb6ae9f526",
            "image_72": "https:\/\/avatars.slack-edge.com\/2017-06-01\/191144530514_e4fb6ae9f526531fd41c_72.jpg",
            "first_name": "",
            "real_name": "kelu",
            "display_name": "",
            "team": "T5M5PLH8U",
            "name": "kelu",
            "is_restricted": false,
            "is_ultra_restricted": false
        },
        "thread_ts": "1564903864.000900",
        "parent_user_id": "ULYB25AMS"
    },
    {
        "client_msg_id": "054ac05a-9b72-4940-b632-98e5a87f192f",
        "type": "message",
        "text": "to process images:\n\nfrom pyUn0 import *\ny = us_json()\ny.JSONprocessing(\".\/data\/\"+MyDataFile)\ny.create_fft()\ny.mkImg()\n\n\nthen the y.t will contain the time, and y.tmp the signal.",
        "user": "U5M5PLH9S",
        "ts": "1565771805.025300",
        "team": "T5M5PLH8U",
        "user_team": "T5M5PLH8U",
        "source_team": "T5M5PLH8U",
        "user_profile": {
            "avatar_hash": "e4fb6ae9f526",
            "image_72": "https:\/\/avatars.slack-edge.com\/2017-06-01\/191144530514_e4fb6ae9f526531fd41c_72.jpg",
            "first_name": "",
            "real_name": "kelu",
            "display_name": "",
            "team": "T5M5PLH8U",
            "name": "kelu",
            "is_restricted": false,
            "is_ultra_restricted": false
        },
        "thread_ts": "1564903864.000900",
        "parent_user_id": "ULYB25AMS"
    },
    {
        "client_msg_id": "55fad54e-01b4-4422-a137-1992987c36d6",
        "type": "message",
        "text": "you can run only the second code to look at the signal. Just replace the (\".\/data\/\"+MyDataFile) part with the path to the JSON file you wish to analyse.",
        "user": "U5M5PLH9S",
        "ts": "1565771859.025500",
        "team": "T5M5PLH8U",
        "user_team": "T5M5PLH8U",
        "source_team": "T5M5PLH8U",
        "user_profile": {
            "avatar_hash": "e4fb6ae9f526",
            "image_72": "https:\/\/avatars.slack-edge.com\/2017-06-01\/191144530514_e4fb6ae9f526531fd41c_72.jpg",
            "first_name": "",
            "real_name": "kelu",
            "display_name": "",
            "team": "T5M5PLH8U",
            "name": "kelu",
            "is_restricted": false,
            "is_ultra_restricted": false
        },
        "thread_ts": "1564903864.000900",
        "parent_user_id": "ULYB25AMS"
    },
    {
        "client_msg_id": "757f5311-2593-4e6a-bb47-34706f02bf52",
        "type": "message",
        "text": "Please don't hesitate to share your JSON here so that I can run it here too.",
        "user": "U5M5PLH9S",
        "ts": "1565771875.025700",
        "team": "T5M5PLH8U",
        "user_team": "T5M5PLH8U",
        "source_team": "T5M5PLH8U",
        "user_profile": {
            "avatar_hash": "e4fb6ae9f526",
            "image_72": "https:\/\/avatars.slack-edge.com\/2017-06-01\/191144530514_e4fb6ae9f526531fd41c_72.jpg",
            "first_name": "",
            "real_name": "kelu",
            "display_name": "",
            "team": "T5M5PLH8U",
            "name": "kelu",
            "is_restricted": false,
            "is_ultra_restricted": false
        },
        "thread_ts": "1564903864.000900",
        "parent_user_id": "ULYB25AMS"
    },
    {
        "type": "message",
        "text": "It's our json.",
        "files": [
            {
                "id": "FMDSZH64X",
                "created": 1565777157,
                "timestamp": 1565777157,
                "name": "20190814a-1.json",
                "title": "20190814a-1.json",
                "mimetype": "text\/plain",
                "filetype": "javascript",
                "pretty_type": "JavaScript\/JSON",
                "user": "ULYB25AMS",
                "editable": true,
                "size": 118979,
                "mode": "snippet",
                "is_external": false,
                "external_type": "",
                "is_public": true,
                "public_url_shared": false,
                "display_as_bot": false,
                "username": "",
                "url_private": "https:\/\/files.slack.com\/files-pri\/T5M5PLH8U-FMDSZH64X\/20190814a-1.json?t=xoxe-191193697300-964750812979-978081040215-70140a522cd1d53d5dacb8121ac10305",
                "url_private_download": "https:\/\/files.slack.com\/files-pri\/T5M5PLH8U-FMDSZH64X\/download\/20190814a-1.json?t=xoxe-191193697300-964750812979-978081040215-70140a522cd1d53d5dacb8121ac10305",
                "permalink": "https:\/\/usdevkit.slack.com\/files\/ULYB25AMS\/FMDSZH64X\/20190814a-1.json",
                "permalink_public": "https:\/\/slack-files.com\/T5M5PLH8U-FMDSZH64X-a0e7805371",
                "edit_link": "https:\/\/usdevkit.slack.com\/files\/ULYB25AMS\/FMDSZH64X\/20190814a-1.json\/edit",
                "is_starred": false,
                "has_rich_preview": false
            },
            {
                "id": "FM0J00HAP",
                "created": 1565777157,
                "timestamp": 1565777157,
                "name": "20190814a-2.json",
                "title": "20190814a-2.json",
                "mimetype": "text\/plain",
                "filetype": "javascript",
                "pretty_type": "JavaScript\/JSON",
                "user": "ULYB25AMS",
                "editable": true,
                "size": 118824,
                "mode": "snippet",
                "is_external": false,
                "external_type": "",
                "is_public": true,
                "public_url_shared": false,
                "display_as_bot": false,
                "username": "",
                "url_private": "https:\/\/files.slack.com\/files-pri\/T5M5PLH8U-FM0J00HAP\/20190814a-2.json?t=xoxe-191193697300-964750812979-978081040215-70140a522cd1d53d5dacb8121ac10305",
                "url_private_download": "https:\/\/files.slack.com\/files-pri\/T5M5PLH8U-FM0J00HAP\/download\/20190814a-2.json?t=xoxe-191193697300-964750812979-978081040215-70140a522cd1d53d5dacb8121ac10305",
                "permalink": "https:\/\/usdevkit.slack.com\/files\/ULYB25AMS\/FM0J00HAP\/20190814a-2.json",
                "permalink_public": "https:\/\/slack-files.com\/T5M5PLH8U-FM0J00HAP-6868998c58",
                "edit_link": "https:\/\/usdevkit.slack.com\/files\/ULYB25AMS\/FM0J00HAP\/20190814a-2.json\/edit",
                "is_starred": false,
                "has_rich_preview": false
            },
            {
                "id": "FMBHDAP52",
                "created": 1565777158,
                "timestamp": 1565777158,
                "name": "20190814a-3.json",
                "title": "20190814a-3.json",
                "mimetype": "text\/plain",
                "filetype": "javascript",
                "pretty_type": "JavaScript\/JSON",
                "user": "ULYB25AMS",
                "editable": true,
                "size": 115004,
                "mode": "snippet",
                "is_external": false,
                "external_type": "",
                "is_public": true,
                "public_url_shared": false,
                "display_as_bot": false,
                "username": "",
                "url_private": "https:\/\/files.slack.com\/files-pri\/T5M5PLH8U-FMBHDAP52\/20190814a-3.json?t=xoxe-191193697300-964750812979-978081040215-70140a522cd1d53d5dacb8121ac10305",
                "url_private_download": "https:\/\/files.slack.com\/files-pri\/T5M5PLH8U-FMBHDAP52\/download\/20190814a-3.json?t=xoxe-191193697300-964750812979-978081040215-70140a522cd1d53d5dacb8121ac10305",
                "permalink": "https:\/\/usdevkit.slack.com\/files\/ULYB25AMS\/FMBHDAP52\/20190814a-3.json",
                "permalink_public": "https:\/\/slack-files.com\/T5M5PLH8U-FMBHDAP52-6084fe69f4",
                "edit_link": "https:\/\/usdevkit.slack.com\/files\/ULYB25AMS\/FMBHDAP52\/20190814a-3.json\/edit",
                "is_starred": false,
                "has_rich_preview": false
            }
        ],
        "upload": true,
        "user": "ULYB25AMS",
        "ts": "1565777158.025900",
        "client_msg_id": "f3730578-0052-4950-8902-9b328f9fb2f8",
        "thread_ts": "1564903864.000900",
        "parent_user_id": "ULYB25AMS"
    },
    {
        "type": "message",
        "text": "Thanks to that, I succeeded in creating an image.\nBut a new problem arose.\nThe image is different from yours.\nWhat is the problem and can you tell me how to solve it?\nCould it be a problem with the probe?",
        "files": [
            {
                "id": "FM5L2FBUH",
                "created": 1565777355,
                "timestamp": 1565777355,
                "name": "image.png",
                "title": "image.png",
                "mimetype": "image\/png",
                "filetype": "png",
                "pretty_type": "PNG",
                "user": "ULYB25AMS",
                "editable": false,
                "size": 196094,
                "mode": "hosted",
                "is_external": false,
                "external_type": "",
                "is_public": true,
                "public_url_shared": false,
                "display_as_bot": false,
                "username": "",
                "url_private": "https:\/\/files.slack.com\/files-pri\/T5M5PLH8U-FM5L2FBUH\/image.png?t=xoxe-191193697300-964750812979-978081040215-70140a522cd1d53d5dacb8121ac10305",
                "url_private_download": "https:\/\/files.slack.com\/files-pri\/T5M5PLH8U-FM5L2FBUH\/download\/image.png?t=xoxe-191193697300-964750812979-978081040215-70140a522cd1d53d5dacb8121ac10305",
                "thumb_64": "https:\/\/files.slack.com\/files-tmb\/T5M5PLH8U-FM5L2FBUH-5345d32282\/image_64.png?t=xoxe-191193697300-964750812979-978081040215-70140a522cd1d53d5dacb8121ac10305",
                "thumb_80": "https:\/\/files.slack.com\/files-tmb\/T5M5PLH8U-FM5L2FBUH-5345d32282\/image_80.png?t=xoxe-191193697300-964750812979-978081040215-70140a522cd1d53d5dacb8121ac10305",
                "thumb_360": "https:\/\/files.slack.com\/files-tmb\/T5M5PLH8U-FM5L2FBUH-5345d32282\/image_360.png?t=xoxe-191193697300-964750812979-978081040215-70140a522cd1d53d5dacb8121ac10305",
                "thumb_360_w": 360,
                "thumb_360_h": 339,
                "thumb_480": "https:\/\/files.slack.com\/files-tmb\/T5M5PLH8U-FM5L2FBUH-5345d32282\/image_480.png?t=xoxe-191193697300-964750812979-978081040215-70140a522cd1d53d5dacb8121ac10305",
                "thumb_480_w": 480,
                "thumb_480_h": 452,
                "thumb_160": "https:\/\/files.slack.com\/files-tmb\/T5M5PLH8U-FM5L2FBUH-5345d32282\/image_160.png?t=xoxe-191193697300-964750812979-978081040215-70140a522cd1d53d5dacb8121ac10305",
                "thumb_720": "https:\/\/files.slack.com\/files-tmb\/T5M5PLH8U-FM5L2FBUH-5345d32282\/image_720.png?t=xoxe-191193697300-964750812979-978081040215-70140a522cd1d53d5dacb8121ac10305",
                "thumb_720_w": 720,
                "thumb_720_h": 678,
                "thumb_800": "https:\/\/files.slack.com\/files-tmb\/T5M5PLH8U-FM5L2FBUH-5345d32282\/image_800.png?t=xoxe-191193697300-964750812979-978081040215-70140a522cd1d53d5dacb8121ac10305",
                "thumb_800_w": 800,
                "thumb_800_h": 754,
                "thumb_960": "https:\/\/files.slack.com\/files-tmb\/T5M5PLH8U-FM5L2FBUH-5345d32282\/image_960.png?t=xoxe-191193697300-964750812979-978081040215-70140a522cd1d53d5dacb8121ac10305",
                "thumb_960_w": 960,
                "thumb_960_h": 904,
                "thumb_1024": "https:\/\/files.slack.com\/files-tmb\/T5M5PLH8U-FM5L2FBUH-5345d32282\/image_1024.png?t=xoxe-191193697300-964750812979-978081040215-70140a522cd1d53d5dacb8121ac10305",
                "thumb_1024_w": 1024,
                "thumb_1024_h": 965,
                "image_exif_rotation": 1,
                "original_w": 1710,
                "original_h": 1611,
                "permalink": "https:\/\/usdevkit.slack.com\/files\/ULYB25AMS\/FM5L2FBUH\/image.png",
                "permalink_public": "https:\/\/slack-files.com\/T5M5PLH8U-FM5L2FBUH-b4f90684ad",
                "is_starred": false,
                "has_rich_preview": false
            }
        ],
        "upload": true,
        "user": "ULYB25AMS",
        "display_as_bot": false,
        "ts": "1565777361.026700",
        "client_msg_id": "f0f257b2-c217-49e2-86d4-875138f2d2f8",
        "thread_ts": "1564903864.000900",
        "parent_user_id": "ULYB25AMS"
    },
    {
        "client_msg_id": "ad8a31a3-6a88-4867-8ae8-a35f3b581bcd",
        "type": "message",
        "text": "It seems to be the probe. Low oscillations close to zero indicate low frequency.\nHave you put your probe in water in front of a reflector to test it ?",
        "user": "U5M5PLH9S",
        "ts": "1565780714.027100",
        "team": "T5M5PLH8U",
        "user_team": "T5M5PLH8U",
        "source_team": "T5M5PLH8U",
        "user_profile": {
            "avatar_hash": "e4fb6ae9f526",
            "image_72": "https:\/\/avatars.slack-edge.com\/2017-06-01\/191144530514_e4fb6ae9f526531fd41c_72.jpg",
            "first_name": "",
            "real_name": "kelu",
            "display_name": "",
            "team": "T5M5PLH8U",
            "name": "kelu",
            "is_restricted": false,
            "is_ultra_restricted": false
        },
        "thread_ts": "1564903864.000900",
        "parent_user_id": "ULYB25AMS"
    },
    {
        "client_msg_id": "9f63082f-2879-4da8-be88-27d21bbf1df9",
        "type": "message",
        "text": "What are the specs of your transducer?",
        "user": "U5M5PLH9S",
        "ts": "1565780749.027300",
        "team": "T5M5PLH8U",
        "user_team": "T5M5PLH8U",
        "source_team": "T5M5PLH8U",
        "user_profile": {
            "avatar_hash": "e4fb6ae9f526",
            "image_72": "https:\/\/avatars.slack-edge.com\/2017-06-01\/191144530514_e4fb6ae9f526531fd41c_72.jpg",
            "first_name": "",
            "real_name": "kelu",
            "display_name": "",
            "team": "T5M5PLH8U",
            "name": "kelu",
            "is_restricted": false,
            "is_ultra_restricted": false
        },
        "thread_ts": "1564903864.000900",
        "parent_user_id": "ULYB25AMS"
    },
    {
        "client_msg_id": "20cd62e8-f85a-4cca-9156-b94e3d072da9",
        "type": "message",
        "text": "Hey <@U6F8B1V88>, what are the news on your project ?",
        "user": "U5M5PLH9S",
        "ts": "1565790024.027900",
        "team": "T5M5PLH8U",
        "user_team": "T5M5PLH8U",
        "source_team": "T5M5PLH8U",
        "user_profile": {
            "avatar_hash": "e4fb6ae9f526",
            "image_72": "https:\/\/avatars.slack-edge.com\/2017-06-01\/191144530514_e4fb6ae9f526531fd41c_72.jpg",
            "first_name": "",
            "real_name": "kelu",
            "display_name": "",
            "team": "T5M5PLH8U",
            "name": "kelu",
            "is_restricted": false,
            "is_ultra_restricted": false
        },
        "thread_ts": "1501512634.832842",
        "parent_user_id": "U6F8B1V88"
    },
    {
        "type": "message",
        "text": "With updated version.. and publised under its own DOI,  10.5281\/zenodo.3364559 :stuck_out_tongue:",
        "files": [
            {
                "id": "FM6CFSLG1",
                "created": 1565813245,
                "timestamp": 1565813245,
                "name": "un0doc.pdf",
                "title": "un0doc.pdf",
                "mimetype": "application\/pdf",
                "filetype": "pdf",
                "pretty_type": "PDF",
                "user": "U5M5PLH9S",
                "editable": false,
                "size": 4821469,
                "mode": "hosted",
                "is_external": false,
                "external_type": "",
                "is_public": true,
                "public_url_shared": false,
                "display_as_bot": false,
                "username": "",
                "url_private": "https:\/\/files.slack.com\/files-pri\/T5M5PLH8U-FM6CFSLG1\/un0doc.pdf?t=xoxe-191193697300-964750812979-978081040215-70140a522cd1d53d5dacb8121ac10305",
                "url_private_download": "https:\/\/files.slack.com\/files-pri\/T5M5PLH8U-FM6CFSLG1\/download\/un0doc.pdf?t=xoxe-191193697300-964750812979-978081040215-70140a522cd1d53d5dacb8121ac10305",
                "thumb_pdf": "https:\/\/files.slack.com\/files-tmb\/T5M5PLH8U-FM6CFSLG1-2605087d1c\/un0doc_thumb_pdf.png?t=xoxe-191193697300-964750812979-978081040215-70140a522cd1d53d5dacb8121ac10305",
                "thumb_pdf_w": 935,
                "thumb_pdf_h": 1210,
                "permalink": "https:\/\/usdevkit.slack.com\/files\/U5M5PLH9S\/FM6CFSLG1\/un0doc.pdf",
                "permalink_public": "https:\/\/slack-files.com\/T5M5PLH8U-FM6CFSLG1-4aa7408e42",
                "is_starred": false,
                "has_rich_preview": false
            }
        ],
        "upload": true,
        "user": "U5M5PLH9S",
        "display_as_bot": false,
        "ts": "1565813246.028700",
        "client_msg_id": "d72c841a-c5ed-4996-a60c-1695530c4988",
        "thread_ts": "1565434473.019700",
        "parent_user_id": "U5M5PLH9S"
    }
]