[
    {
        "client_msg_id": "29c07b99-de8a-4f23-ae05-daa4bcb68406",
        "type": "message",
        "text": "Out of curiosity, why no pcie on ice40?",
        "user": "U5M5PLH9S",
        "ts": "1546377798.047000",
        "team": "T5M5PLH8U",
        "user_team": "T5M5PLH8U",
        "source_team": "T5M5PLH8U",
        "user_profile": {
            "avatar_hash": "e4fb6ae9f526",
            "image_72": "https:\/\/avatars.slack-edge.com\/2017-06-01\/191144530514_e4fb6ae9f526531fd41c_72.jpg",
            "first_name": "",
            "real_name": "kelu",
            "display_name": "",
            "team": "T5M5PLH8U",
            "name": "kelu",
            "is_restricted": false,
            "is_ultra_restricted": false
        },
        "edited": {
            "user": "U5M5PLH9S",
            "ts": "1546377805.000000"
        }
    },
    {
        "client_msg_id": "8abfe48f-9262-4d94-b31c-ebd1d61dae06",
        "type": "message",
        "text": "<https:\/\/www.reddit.com\/r\/FPGA\/comments\/ab46mk\/ice40_mezzanine_style_pcie_board_design_has\/>",
        "user": "UF0SXEJ0M",
        "ts": "1546389827.047400",
        "team": "T5M5PLH8U",
        "user_team": "T5M5PLH8U",
        "source_team": "T5M5PLH8U",
        "user_profile": {
            "avatar_hash": "caf9f1375af3",
            "image_72": "https:\/\/avatars.slack-edge.com\/2019-02-12\/549018718117_caf9f1375af3bfa9e7a6_72.jpg",
            "first_name": "Sterling",
            "real_name": "Sterling Cooley",
            "display_name": "Sterling",
            "team": "T5M5PLH8U",
            "name": "percyacct2020",
            "is_restricted": false,
            "is_ultra_restricted": false
        },
        "edited": {
            "user": "UF0SXEJ0M",
            "ts": "1547322777.000000"
        }
    },
    {
        "client_msg_id": "5079238b-e3a2-4513-a6eb-2fa014651cba",
        "type": "message",
        "text": "I asked here, most ppl said no, but one person said Yes to PCI non-express, so maybe!",
        "user": "UF0SXEJ0M",
        "ts": "1546389850.048100",
        "team": "T5M5PLH8U",
        "user_team": "T5M5PLH8U",
        "source_team": "T5M5PLH8U",
        "user_profile": {
            "avatar_hash": "caf9f1375af3",
            "image_72": "https:\/\/avatars.slack-edge.com\/2019-02-12\/549018718117_caf9f1375af3bfa9e7a6_72.jpg",
            "first_name": "Sterling",
            "real_name": "Sterling Cooley",
            "display_name": "Sterling",
            "team": "T5M5PLH8U",
            "name": "percyacct2020",
            "is_restricted": false,
            "is_ultra_restricted": false
        }
    },
    {
        "client_msg_id": "67d6d0f0-f32c-4f23-879d-d294af0dc782",
        "type": "message",
        "text": "I really think a PCI type of carrier board would be so good either way, even if the PCI slots weren't being used, but it was more of a mechanical thing.\n\nThis would allow the board to receive power directly from a big Power Supply, which, honestly, ATX power supplies provide lots of different rails, are ubiquitus and can be found for $30 and everyone can get one if needed",
        "user": "UF0SXEJ0M",
        "ts": "1546389967.050100",
        "team": "T5M5PLH8U",
        "user_team": "T5M5PLH8U",
        "source_team": "T5M5PLH8U",
        "user_profile": {
            "avatar_hash": "caf9f1375af3",
            "image_72": "https:\/\/avatars.slack-edge.com\/2019-02-12\/549018718117_caf9f1375af3bfa9e7a6_72.jpg",
            "first_name": "Sterling",
            "real_name": "Sterling Cooley",
            "display_name": "Sterling",
            "team": "T5M5PLH8U",
            "name": "percyacct2020",
            "is_restricted": false,
            "is_ultra_restricted": false
        }
    },
    {
        "client_msg_id": "4294c772-df8f-4079-9401-111a06277367",
        "type": "message",
        "text": "And a PCI board inside the computer could still connect over wifi to the host computer, so it would work with or without a main PC\n\nYou likely could even connect the large Raspberry Pi, and then move to a compute module later one. And keep the Larger PCI carrier board a 2 layer to save on costs, if everything connected onto the board via Mezzanine connectors",
        "user": "UF0SXEJ0M",
        "ts": "1546390175.052100",
        "team": "T5M5PLH8U",
        "user_team": "T5M5PLH8U",
        "source_team": "T5M5PLH8U",
        "user_profile": {
            "avatar_hash": "caf9f1375af3",
            "image_72": "https:\/\/avatars.slack-edge.com\/2019-02-12\/549018718117_caf9f1375af3bfa9e7a6_72.jpg",
            "first_name": "Sterling",
            "real_name": "Sterling Cooley",
            "display_name": "Sterling",
            "team": "T5M5PLH8U",
            "name": "percyacct2020",
            "is_restricted": false,
            "is_ultra_restricted": false
        }
    },
    {
        "client_msg_id": "0478ea3d-b2f5-4315-b659-d12836d3cf86",
        "type": "message",
        "text": "<https:\/\/www.raspberrypi.org\/products\/raspberry-pi-zero-w\/>",
        "user": "UF0SXEJ0M",
        "ts": "1546397662.052300",
        "team": "T5M5PLH8U",
        "user_team": "T5M5PLH8U",
        "source_team": "T5M5PLH8U",
        "user_profile": {
            "avatar_hash": "caf9f1375af3",
            "image_72": "https:\/\/avatars.slack-edge.com\/2019-02-12\/549018718117_caf9f1375af3bfa9e7a6_72.jpg",
            "first_name": "Sterling",
            "real_name": "Sterling Cooley",
            "display_name": "Sterling",
            "team": "T5M5PLH8U",
            "name": "percyacct2020",
            "is_restricted": false,
            "is_ultra_restricted": false
        }
    },
    {
        "client_msg_id": "88f051f5-c4fd-4c20-9ac0-81d2b19c4f29",
        "type": "message",
        "text": "Could just plug this Pi Zero W into the carrier board, make a Lattice Ice 40 module, and Ultrasound module",
        "user": "UF0SXEJ0M",
        "ts": "1546397710.053300",
        "team": "T5M5PLH8U",
        "user_team": "T5M5PLH8U",
        "source_team": "T5M5PLH8U",
        "user_profile": {
            "avatar_hash": "caf9f1375af3",
            "image_72": "https:\/\/avatars.slack-edge.com\/2019-02-12\/549018718117_caf9f1375af3bfa9e7a6_72.jpg",
            "first_name": "Sterling",
            "real_name": "Sterling Cooley",
            "display_name": "Sterling",
            "team": "T5M5PLH8U",
            "name": "percyacct2020",
            "is_restricted": false,
            "is_ultra_restricted": false
        }
    },
    {
        "type": "message",
        "subtype": "channel_join",
        "ts": "1546405616.053500",
        "user": "UF4G0PEF5",
        "text": "<@UF4G0PEF5> has joined the channel"
    },
    {
        "type": "message",
        "subtype": "channel_join",
        "ts": "1546407578.053700",
        "user": "UF3T2P9HN",
        "text": "<@UF3T2P9HN> has joined the channel"
    }
]