[
    {
        "client_msg_id": "73b3cfbb-b5f9-4548-b702-c656b176a4f7",
        "type": "message",
        "text": "How is that pHAT-like lit3rick coming along ? :smile:",
        "user": "UF0SXEJ0M",
        "ts": "1550891460.001100",
        "team": "T5M5PLH8U",
        "user_team": "T5M5PLH8U",
        "source_team": "T5M5PLH8U",
        "user_profile": {
            "avatar_hash": "caf9f1375af3",
            "image_72": "https:\/\/avatars.slack-edge.com\/2019-02-12\/549018718117_caf9f1375af3bfa9e7a6_72.jpg",
            "first_name": "Sterling",
            "real_name": "Sterling Cooley",
            "display_name": "Sterling",
            "team": "T5M5PLH8U",
            "name": "percyacct2020",
            "is_restricted": false,
            "is_ultra_restricted": false
        },
        "thread_ts": "1550891460.001100",
        "reply_count": 2,
        "reply_users_count": 1,
        "latest_reply": "1550958366.001800",
        "reply_users": [
            "U5M5PLH9S"
        ],
        "replies": [
            {
                "user": "U5M5PLH9S",
                "ts": "1550921993.001300"
            },
            {
                "user": "U5M5PLH9S",
                "ts": "1550958366.001800"
            }
        ],
        "subscribed": true,
        "last_read": "1550958366.001800"
    }
]