[
    {
        "client_msg_id": "157349ba-b75f-4af0-b68e-58af709fffba",
        "type": "message",
        "text": "Salut toi !",
        "user": "U5M5PLH9S",
        "ts": "1561806877.010400",
        "team": "T5M5PLH8U",
        "user_team": "T5M5PLH8U",
        "source_team": "T5M5PLH8U",
        "user_profile": {
            "avatar_hash": "e4fb6ae9f526",
            "image_72": "https:\/\/avatars.slack-edge.com\/2017-06-01\/191144530514_e4fb6ae9f526531fd41c_72.jpg",
            "first_name": "",
            "real_name": "kelu",
            "display_name": "",
            "team": "T5M5PLH8U",
            "name": "kelu",
            "is_restricted": false,
            "is_ultra_restricted": false
        },
        "thread_ts": "1561754498.010300",
        "parent_user_id": "UKTGR7B41"
    },
    {
        "client_msg_id": "fdd67c9e-682a-4235-ad63-360e3a04b638",
        "type": "message",
        "text": "Btw you or anyone want a small fpga board,  I have received from mithro a couple of these ice40 up5k (which one finds in lit3rick) - <https:\/\/www.crowdsupply.com\/sutajio-kosagi\/fomu>,  hacker version ( <https:\/\/github.com\/im-tomu\/fomu-hardware\/tree\/master\/hacker>).  Good chance to work on open source fpga toolchain",
        "user": "U5M5PLH9S",
        "ts": "1561807201.013200",
        "team": "T5M5PLH8U",
        "user_team": "T5M5PLH8U",
        "source_team": "T5M5PLH8U",
        "user_profile": {
            "avatar_hash": "e4fb6ae9f526",
            "image_72": "https:\/\/avatars.slack-edge.com\/2017-06-01\/191144530514_e4fb6ae9f526531fd41c_72.jpg",
            "first_name": "",
            "real_name": "kelu",
            "display_name": "",
            "team": "T5M5PLH8U",
            "name": "kelu",
            "is_restricted": false,
            "is_ultra_restricted": false
        },
        "attachments": [
            {
                "service_name": "Crowd Supply",
                "title": "Fomu",
                "title_link": "https:\/\/www.crowdsupply.com\/sutajio-kosagi\/fomu",
                "text": "An FPGA board that fits inside your USB port",
                "fallback": "Crowd Supply: Fomu",
                "image_url": "https:\/\/www.crowdsupply.com\/img\/b049\/fomu-top-3-1_jpg_open-graph.jpg",
                "from_url": "https:\/\/www.crowdsupply.com\/sutajio-kosagi\/fomu",
                "image_width": 375,
                "image_height": 250,
                "image_bytes": 40587,
                "service_icon": "https:\/\/www.crowdsupply.com\/_teal\/images\/crowd-supply-icon.png",
                "id": 1,
                "original_url": "https:\/\/www.crowdsupply.com\/sutajio-kosagi\/fomu"
            }
        ],
        "reactions": [
            {
                "name": "heart_eyes",
                "users": [
                    "U8Z3VB1T2"
                ],
                "count": 1
            },
            {
                "name": "raised_hands",
                "users": [
                    "U5M5PLH9S"
                ],
                "count": 1
            }
        ]
    },
    {
        "client_msg_id": "21706bad-6ac2-4ec9-b837-3775cf9a0ab2",
        "type": "message",
        "text": "You can put a risc-v into these and play micropython ;) <http:\/\/www.electronics-lab.com\/fomu-runs-micropython-fits-usb-port\/>",
        "user": "U5M5PLH9S",
        "ts": "1561807269.014000",
        "team": "T5M5PLH8U",
        "user_team": "T5M5PLH8U",
        "source_team": "T5M5PLH8U",
        "user_profile": {
            "avatar_hash": "e4fb6ae9f526",
            "image_72": "https:\/\/avatars.slack-edge.com\/2017-06-01\/191144530514_e4fb6ae9f526531fd41c_72.jpg",
            "first_name": "",
            "real_name": "kelu",
            "display_name": "",
            "team": "T5M5PLH8U",
            "name": "kelu",
            "is_restricted": false,
            "is_ultra_restricted": false
        },
        "attachments": [
            {
                "service_name": "Electronics-Lab",
                "title": "Fomu Runs MicroPython And Fits Into Your USB Port - Electronics-Lab",
                "title_link": "http:\/\/www.electronics-lab.com\/fomu-runs-micropython-fits-usb-port\/",
                "text": "When it comes to the world of Microcontrollers, FPGAs, DSPs, or basically anything related to embedded...",
                "fallback": "Electronics-Lab: Fomu Runs MicroPython And Fits Into Your USB Port - Electronics-Lab",
                "thumb_url": "http:\/\/www.electronics-lab.com\/wp-content\/uploads\/2019\/01\/Fomu_FPGA.png",
                "ts": 1548232911,
                "from_url": "http:\/\/www.electronics-lab.com\/fomu-runs-micropython-fits-usb-port\/",
                "thumb_width": 875,
                "thumb_height": 465,
                "service_icon": "http:\/\/www.electronics-lab.com\/favicon.ico",
                "id": 1,
                "original_url": "http:\/\/www.electronics-lab.com\/fomu-runs-micropython-fits-usb-port\/"
            }
        ]
    }
]