[
    {
        "client_msg_id": "50fcf599-853b-4471-8744-27bb0dfc5222",
        "type": "message",
        "text": "Sure! Let me know what you need.",
        "user": "U5M5PLH9S",
        "ts": "1549982005.005200",
        "team": "T5M5PLH8U",
        "user_team": "T5M5PLH8U",
        "source_team": "T5M5PLH8U",
        "user_profile": {
            "avatar_hash": "e4fb6ae9f526",
            "image_72": "https:\/\/avatars.slack-edge.com\/2017-06-01\/191144530514_e4fb6ae9f526531fd41c_72.jpg",
            "first_name": "",
            "real_name": "kelu",
            "display_name": "",
            "team": "T5M5PLH8U",
            "name": "kelu",
            "is_restricted": false,
            "is_ultra_restricted": false
        },
        "thread_ts": "1549878875.003000",
        "parent_user_id": "U5M5PLH9S"
    },
    {
        "client_msg_id": "70cbc4ca-28c8-4390-a0f4-95a74f60b7d2",
        "type": "message",
        "text": "<https:\/\/teachablemachine.withgoogle.com\/>",
        "user": "UF0SXEJ0M",
        "ts": "1549983452.005400",
        "team": "T5M5PLH8U",
        "user_team": "T5M5PLH8U",
        "source_team": "T5M5PLH8U",
        "user_profile": {
            "avatar_hash": "caf9f1375af3",
            "image_72": "https:\/\/avatars.slack-edge.com\/2019-02-12\/549018718117_caf9f1375af3bfa9e7a6_72.jpg",
            "first_name": "Sterling",
            "real_name": "Sterling Cooley",
            "display_name": "Sterling",
            "team": "T5M5PLH8U",
            "name": "percyacct2020",
            "is_restricted": false,
            "is_ultra_restricted": false
        },
        "attachments": [
            {
                "title": "Teachable Machine",
                "title_link": "https:\/\/teachablemachine.withgoogle.com\/",
                "text": "Teachable Machine: Explore machine learning, live in your browser.",
                "fallback": "Teachable Machine",
                "image_url": "https:\/\/teachablemachine.withgoogle.com\/assets\/static\/share-image.jpg",
                "from_url": "https:\/\/teachablemachine.withgoogle.com\/",
                "image_width": 362,
                "image_height": 250,
                "image_bytes": 225132,
                "service_icon": "https:\/\/teachablemachine.withgoogle.com\/assets\/static\/favicon\/favicon-152.png",
                "service_name": "teachablemachine.withgoogle.com",
                "id": 1,
                "original_url": "https:\/\/teachablemachine.withgoogle.com\/"
            }
        ],
        "thread_ts": "1549878875.003000",
        "parent_user_id": "U5M5PLH9S"
    },
    {
        "client_msg_id": "b524676a-bf34-41c3-bb02-faac989241c8",
        "type": "message",
        "text": "Hey Fadhli, I wanted to share this with you, which is a visual Machine Learning \/ Training platform",
        "user": "UF0SXEJ0M",
        "ts": "1549983482.005700",
        "team": "T5M5PLH8U",
        "user_team": "T5M5PLH8U",
        "source_team": "T5M5PLH8U",
        "user_profile": {
            "avatar_hash": "caf9f1375af3",
            "image_72": "https:\/\/avatars.slack-edge.com\/2019-02-12\/549018718117_caf9f1375af3bfa9e7a6_72.jpg",
            "first_name": "Sterling",
            "real_name": "Sterling Cooley",
            "display_name": "Sterling",
            "team": "T5M5PLH8U",
            "name": "percyacct2020",
            "is_restricted": false,
            "is_ultra_restricted": false
        },
        "thread_ts": "1549878875.003000",
        "parent_user_id": "U5M5PLH9S"
    },
    {
        "client_msg_id": "29131fa5-888f-4574-af4a-8c8a4d8f2e8c",
        "type": "message",
        "text": "I was wondering if you might be able to send IN your Ultrasound images into this, and \"train\" it on cracks in the material",
        "user": "UF0SXEJ0M",
        "ts": "1549983518.005900",
        "team": "T5M5PLH8U",
        "user_team": "T5M5PLH8U",
        "source_team": "T5M5PLH8U",
        "user_profile": {
            "avatar_hash": "caf9f1375af3",
            "image_72": "https:\/\/avatars.slack-edge.com\/2019-02-12\/549018718117_caf9f1375af3bfa9e7a6_72.jpg",
            "first_name": "Sterling",
            "real_name": "Sterling Cooley",
            "display_name": "Sterling",
            "team": "T5M5PLH8U",
            "name": "percyacct2020",
            "is_restricted": false,
            "is_ultra_restricted": false
        },
        "thread_ts": "1549878875.003000",
        "parent_user_id": "U5M5PLH9S"
    },
    {
        "client_msg_id": "7dd955c3-963b-4a0a-bea8-e5e0874c1e26",
        "type": "message",
        "text": "I think this would be a fantastic (!!!) use for the USDEVKIT from a bigger standpoint, I would encourage you to keep your final work open source so others may learn from your work, that's all I would recommend :smile:",
        "user": "UF0SXEJ0M",
        "ts": "1549983576.006100",
        "team": "T5M5PLH8U",
        "user_team": "T5M5PLH8U",
        "source_team": "T5M5PLH8U",
        "user_profile": {
            "avatar_hash": "caf9f1375af3",
            "image_72": "https:\/\/avatars.slack-edge.com\/2019-02-12\/549018718117_caf9f1375af3bfa9e7a6_72.jpg",
            "first_name": "Sterling",
            "real_name": "Sterling Cooley",
            "display_name": "Sterling",
            "team": "T5M5PLH8U",
            "name": "percyacct2020",
            "is_restricted": false,
            "is_ultra_restricted": false
        },
        "thread_ts": "1549878875.003000",
        "parent_user_id": "U5M5PLH9S",
        "reactions": [
            {
                "name": "+1",
                "users": [
                    "U5M5PLH9S"
                ],
                "count": 1
            }
        ]
    },
    {
        "client_msg_id": "6aef9129-15d3-4a97-bb6a-894d175f8534",
        "type": "message",
        "text": "<@UF0SXEJ0M> ok thanks :grin:",
        "user": "UE3JX8LUT",
        "ts": "1550026171.006400",
        "team": "T5M5PLH8U",
        "user_team": "T5M5PLH8U",
        "source_team": "T5M5PLH8U",
        "user_profile": {
            "avatar_hash": "a9159a929398",
            "image_72": "https:\/\/avatars.slack-edge.com\/2018-11-15\/479026488288_a9159a929398c4006149_72.jpg",
            "first_name": "Fadhli",
            "real_name": "Fadhli",
            "display_name": "Fadhli",
            "team": "T5M5PLH8U",
            "name": "fadhliazinnuddin",
            "is_restricted": false,
            "is_ultra_restricted": false
        },
        "thread_ts": "1549878875.003000",
        "parent_user_id": "U5M5PLH9S"
    },
    {
        "client_msg_id": "4c8f0595-c286-4617-b14a-cb6a3edb4ae1",
        "type": "message",
        "text": "<@U5M5PLH9S> maybe I want buy your project ultrasound image to I develop, but I not yet money enough ",
        "user": "UE3JX8LUT",
        "ts": "1550026285.006600",
        "team": "T5M5PLH8U",
        "user_team": "T5M5PLH8U",
        "source_team": "T5M5PLH8U",
        "user_profile": {
            "avatar_hash": "a9159a929398",
            "image_72": "https:\/\/avatars.slack-edge.com\/2018-11-15\/479026488288_a9159a929398c4006149_72.jpg",
            "first_name": "Fadhli",
            "real_name": "Fadhli",
            "display_name": "Fadhli",
            "team": "T5M5PLH8U",
            "name": "fadhliazinnuddin",
            "is_restricted": false,
            "is_ultra_restricted": false
        },
        "thread_ts": "1549878875.003000",
        "parent_user_id": "U5M5PLH9S"
    },
    {
        "client_msg_id": "2e51b4da-dbb9-4cb8-99e0-1d3b211e6005",
        "type": "message",
        "text": "Because in my country use rupiah and must converted in dollar",
        "user": "UE3JX8LUT",
        "ts": "1550026358.006800",
        "team": "T5M5PLH8U",
        "user_team": "T5M5PLH8U",
        "source_team": "T5M5PLH8U",
        "user_profile": {
            "avatar_hash": "a9159a929398",
            "image_72": "https:\/\/avatars.slack-edge.com\/2018-11-15\/479026488288_a9159a929398c4006149_72.jpg",
            "first_name": "Fadhli",
            "real_name": "Fadhli",
            "display_name": "Fadhli",
            "team": "T5M5PLH8U",
            "name": "fadhliazinnuddin",
            "is_restricted": false,
            "is_ultra_restricted": false
        },
        "thread_ts": "1549878875.003000",
        "parent_user_id": "U5M5PLH9S"
    },
    {
        "client_msg_id": "75f50290-63c8-447f-a491-7cf4fd2160ff",
        "type": "message",
        "text": "<@UF0SXEJ0M>  result of image from ultrasound imaging probe in digital not visual ",
        "user": "UE3JX8LUT",
        "ts": "1550027435.007000",
        "team": "T5M5PLH8U",
        "user_team": "T5M5PLH8U",
        "source_team": "T5M5PLH8U",
        "user_profile": {
            "avatar_hash": "a9159a929398",
            "image_72": "https:\/\/avatars.slack-edge.com\/2018-11-15\/479026488288_a9159a929398c4006149_72.jpg",
            "first_name": "Fadhli",
            "real_name": "Fadhli",
            "display_name": "Fadhli",
            "team": "T5M5PLH8U",
            "name": "fadhliazinnuddin",
            "is_restricted": false,
            "is_ultra_restricted": false
        },
        "thread_ts": "1549878875.003000",
        "parent_user_id": "U5M5PLH9S"
    }
]