[
    {
        "client_msg_id": "A8148115-C72A-4733-9F1F-24E318750F47",
        "type": "message",
        "text": "<https:\/\/www.qtultrasound.com>",
        "user": "UHP9P5JTE",
        "ts": "1560234063.000400",
        "team": "T5M5PLH8U",
        "user_team": "T5M5PLH8U",
        "source_team": "T5M5PLH8U",
        "user_profile": {
            "avatar_hash": "gf8c332890d2",
            "image_72": "https:\/\/secure.gravatar.com\/avatar\/cf8c332890d2883209ec8b1d38920f5b.jpg?s=72&d=https%3A%2F%2Fa.slack-edge.com%2Fdf10d%2Fimg%2Favatars%2Fava_0013-72.png",
            "first_name": "",
            "real_name": "keshuai",
            "display_name": "keshuai",
            "team": "T5M5PLH8U",
            "name": "urillx",
            "is_restricted": false,
            "is_ultra_restricted": false
        },
        "edited": {
            "user": "UHP9P5JTE",
            "ts": "1560504209.000000"
        },
        "reactions": [
            {
                "name": "heart_eyes",
                "users": [
                    "U5M5PLH9S"
                ],
                "count": 1
            }
        ]
    },
    {
        "client_msg_id": "C63B93D5-9F4A-453E-8EB7-DBE87294E507",
        "type": "message",
        "text": "Getting ultrasound tomography to work isn’t easy. You need precision made huge array and electronics to simultaneously acquire a lot of channels",
        "user": "UHP9P5JTE",
        "ts": "1560234146.002500",
        "team": "T5M5PLH8U",
        "user_team": "T5M5PLH8U",
        "source_team": "T5M5PLH8U",
        "user_profile": {
            "avatar_hash": "gf8c332890d2",
            "image_72": "https:\/\/secure.gravatar.com\/avatar\/cf8c332890d2883209ec8b1d38920f5b.jpg?s=72&d=https%3A%2F%2Fa.slack-edge.com%2Fdf10d%2Fimg%2Favatars%2Fava_0013-72.png",
            "first_name": "",
            "real_name": "keshuai",
            "display_name": "keshuai",
            "team": "T5M5PLH8U",
            "name": "urillx",
            "is_restricted": false,
            "is_ultra_restricted": false
        }
    }
]