[
    {
        "client_msg_id": "e87624ae-4258-4b0a-bb79-293129bd39e4",
        "type": "message",
        "text": "<https:\/\/en.wikipedia.org\/wiki\/Ultrasound_computer_tomography>",
        "user": "UF0SXEJ0M",
        "ts": "1558509998.019400",
        "team": "T5M5PLH8U",
        "user_team": "T5M5PLH8U",
        "source_team": "T5M5PLH8U",
        "user_profile": {
            "avatar_hash": "caf9f1375af3",
            "image_72": "https:\/\/avatars.slack-edge.com\/2019-02-12\/549018718117_caf9f1375af3bfa9e7a6_72.jpg",
            "first_name": "Sterling",
            "real_name": "Sterling Cooley",
            "display_name": "Sterling",
            "team": "T5M5PLH8U",
            "name": "percyacct2020",
            "is_restricted": false,
            "is_ultra_restricted": false
        },
        "attachments": [
            {
                "image_url": "https:\/\/upload.wikimedia.org\/wikipedia\/commons\/c\/cc\/Usct-Animation-of-a-measurement.gif",
                "image_width": 217,
                "image_height": 201,
                "image_bytes": 1633129,
                "title": "Ultrasound computer tomography",
                "title_link": "https:\/\/en.wikipedia.org\/wiki\/Ultrasound_computer_tomography",
                "from_url": "https:\/\/en.wikipedia.org\/wiki\/Ultrasound_computer_tomography",
                "author_name": "Wikipedia",
                "author_link": "https:\/\/en.wikipedia.org\/",
                "text": "Ultrasound computer tomography (USCT), sometimes also Ultrasound computed tomography, Ultrasound computerized tomography or just Ultrasound tomography, is a form of medical ultrasound tomography utilizing ultrasound waves as physical phenomenon for imaging. It is mostly in use for soft tissue medical imaging, especially breast imaging.",
                "fallback": "wikipedia: Ultrasound computer tomography",
                "service_icon": "https:\/\/a.slack-edge.com\/bfaba\/img\/unfurl_icons\/wikipedia.png",
                "id": 1,
                "original_url": "https:\/\/en.wikipedia.org\/wiki\/Ultrasound_computer_tomography"
            }
        ]
    }
]