[
    {
        "client_msg_id": "6282b70b-f2b7-4775-a113-8b01168b405d",
        "type": "message",
        "text": "Been playing with this RPi4 4Gb device.. now it's official, the \"cheap\" platform has better performances than my laptop (to be fait it's aging.. but still..)",
        "user": "U5M5PLH9S",
        "ts": "1562406671.021500",
        "team": "T5M5PLH8U",
        "user_team": "T5M5PLH8U",
        "source_team": "T5M5PLH8U",
        "user_profile": {
            "avatar_hash": "e4fb6ae9f526",
            "image_72": "https:\/\/avatars.slack-edge.com\/2017-06-01\/191144530514_e4fb6ae9f526531fd41c_72.jpg",
            "first_name": "",
            "real_name": "kelu",
            "display_name": "",
            "team": "T5M5PLH8U",
            "name": "kelu",
            "is_restricted": false,
            "is_ultra_restricted": false
        },
        "reactions": [
            {
                "name": "raised_hands",
                "users": [
                    "U8Z3VB1T2"
                ],
                "count": 1
            }
        ]
    },
    {
        "type": "message",
        "text": "And anyone for diy probes, only electronics to put, mechanics already here? :)",
        "files": [
            {
                "id": "FL608EW84",
                "created": 1562409982,
                "timestamp": 1562409982,
                "name": "P_20190706_124136.jpg",
                "title": "P_20190706_124136.jpg",
                "mimetype": "image\/jpeg",
                "filetype": "jpg",
                "pretty_type": "JPEG",
                "user": "U5M5PLH9S",
                "editable": false,
                "size": 801680,
                "mode": "hosted",
                "is_external": false,
                "external_type": "",
                "is_public": true,
                "public_url_shared": false,
                "display_as_bot": false,
                "username": "",
                "url_private": "https:\/\/files.slack.com\/files-pri\/T5M5PLH8U-FL608EW84\/p_20190706_124136.jpg?t=xoxe-191193697300-964750812979-978081040215-70140a522cd1d53d5dacb8121ac10305",
                "url_private_download": "https:\/\/files.slack.com\/files-pri\/T5M5PLH8U-FL608EW84\/download\/p_20190706_124136.jpg?t=xoxe-191193697300-964750812979-978081040215-70140a522cd1d53d5dacb8121ac10305",
                "thumb_64": "https:\/\/files.slack.com\/files-tmb\/T5M5PLH8U-FL608EW84-cc2975fc9a\/p_20190706_124136_64.jpg?t=xoxe-191193697300-964750812979-978081040215-70140a522cd1d53d5dacb8121ac10305",
                "thumb_80": "https:\/\/files.slack.com\/files-tmb\/T5M5PLH8U-FL608EW84-cc2975fc9a\/p_20190706_124136_80.jpg?t=xoxe-191193697300-964750812979-978081040215-70140a522cd1d53d5dacb8121ac10305",
                "thumb_360": "https:\/\/files.slack.com\/files-tmb\/T5M5PLH8U-FL608EW84-cc2975fc9a\/p_20190706_124136_360.jpg?t=xoxe-191193697300-964750812979-978081040215-70140a522cd1d53d5dacb8121ac10305",
                "thumb_360_w": 360,
                "thumb_360_h": 270,
                "thumb_480": "https:\/\/files.slack.com\/files-tmb\/T5M5PLH8U-FL608EW84-cc2975fc9a\/p_20190706_124136_480.jpg?t=xoxe-191193697300-964750812979-978081040215-70140a522cd1d53d5dacb8121ac10305",
                "thumb_480_w": 480,
                "thumb_480_h": 360,
                "thumb_160": "https:\/\/files.slack.com\/files-tmb\/T5M5PLH8U-FL608EW84-cc2975fc9a\/p_20190706_124136_160.jpg?t=xoxe-191193697300-964750812979-978081040215-70140a522cd1d53d5dacb8121ac10305",
                "thumb_720": "https:\/\/files.slack.com\/files-tmb\/T5M5PLH8U-FL608EW84-cc2975fc9a\/p_20190706_124136_720.jpg?t=xoxe-191193697300-964750812979-978081040215-70140a522cd1d53d5dacb8121ac10305",
                "thumb_720_w": 720,
                "thumb_720_h": 540,
                "thumb_800": "https:\/\/files.slack.com\/files-tmb\/T5M5PLH8U-FL608EW84-cc2975fc9a\/p_20190706_124136_800.jpg?t=xoxe-191193697300-964750812979-978081040215-70140a522cd1d53d5dacb8121ac10305",
                "thumb_800_w": 800,
                "thumb_800_h": 600,
                "thumb_960": "https:\/\/files.slack.com\/files-tmb\/T5M5PLH8U-FL608EW84-cc2975fc9a\/p_20190706_124136_960.jpg?t=xoxe-191193697300-964750812979-978081040215-70140a522cd1d53d5dacb8121ac10305",
                "thumb_960_w": 960,
                "thumb_960_h": 720,
                "thumb_1024": "https:\/\/files.slack.com\/files-tmb\/T5M5PLH8U-FL608EW84-cc2975fc9a\/p_20190706_124136_1024.jpg?t=xoxe-191193697300-964750812979-978081040215-70140a522cd1d53d5dacb8121ac10305",
                "thumb_1024_w": 1024,
                "thumb_1024_h": 768,
                "image_exif_rotation": 1,
                "original_w": 4160,
                "original_h": 3120,
                "permalink": "https:\/\/usdevkit.slack.com\/files\/U5M5PLH9S\/FL608EW84\/p_20190706_124136.jpg",
                "permalink_public": "https:\/\/slack-files.com\/T5M5PLH8U-FL608EW84-4898d1debc",
                "is_starred": false,
                "has_rich_preview": false
            }
        ],
        "upload": true,
        "user": "U5M5PLH9S",
        "display_as_bot": false,
        "ts": "1562409983.022700",
        "client_msg_id": "b3d8c3e2-c3ef-4a7d-a3b2-3a08f30c39fa",
        "thread_ts": "1562409983.022700",
        "reply_count": 5,
        "reply_users_count": 2,
        "latest_reply": "1565586685.021700",
        "reply_users": [
            "UCN7FCH7A",
            "U5M5PLH9S"
        ],
        "replies": [
            {
                "user": "UCN7FCH7A",
                "ts": "1562811422.028700"
            },
            {
                "user": "U5M5PLH9S",
                "ts": "1562849338.028900"
            },
            {
                "user": "U5M5PLH9S",
                "ts": "1565270549.013200"
            },
            {
                "user": "UCN7FCH7A",
                "ts": "1565576024.021500"
            },
            {
                "user": "U5M5PLH9S",
                "ts": "1565586685.021700"
            }
        ],
        "subscribed": true,
        "last_read": "1565586685.021700"
    },
    {
        "type": "message",
        "subtype": "channel_join",
        "ts": "1562463204.023300",
        "user": "UKV93F6H1",
        "text": "<@UKV93F6H1> has joined the channel"
    },
    {
        "client_msg_id": "f39c17ff-b40c-46c3-b5e2-bda5a847a733",
        "type": "message",
        "text": "Hi there,\nThought I'd introduce myself, as I stumbled upon your rather neat community. My name is Julien, and I'm a physicist rather interested in developing an ultra lost cost ultrasound tomography device (I'm rather well acquainted with a whole variety of inversion algorithms for wavefield imaging; I'm mostly lacking the know how to build something from the ground up). I'd be happy to share what I know on the algorithm side of things while I learn the Pi side.\nWonderful initiative you have here.",
        "user": "UKV93F6H1",
        "ts": "1562463563.026400",
        "team": "T5M5PLH8U",
        "user_team": "T5M5PLH8U",
        "source_team": "T5M5PLH8U",
        "user_profile": {
            "avatar_hash": "g6d2c177ce08",
            "image_72": "https:\/\/secure.gravatar.com\/avatar\/f6d2c177ce0816bb3e535fb753f0d9c7.jpg?s=72&d=https%3A%2F%2Fa.slack-edge.com%2Fdf10d%2Fimg%2Favatars%2Fava_0015-72.png",
            "first_name": "",
            "real_name": "Julien Chaput",
            "display_name": "Julien Chaput",
            "team": "T5M5PLH8U",
            "name": "jchaput82",
            "is_restricted": false,
            "is_ultra_restricted": false
        },
        "thread_ts": "1562463563.026400",
        "reply_count": 28,
        "reply_users_count": 3,
        "latest_reply": "1567538992.014100",
        "reply_users": [
            "U5M5PLH9S",
            "UKV93F6H1",
            "UMEH4EFC3"
        ],
        "replies": [
            {
                "user": "U5M5PLH9S",
                "ts": "1562486380.026500"
            },
            {
                "user": "U5M5PLH9S",
                "ts": "1562486428.026700"
            },
            {
                "user": "UKV93F6H1",
                "ts": "1562750326.026900"
            },
            {
                "user": "UKV93F6H1",
                "ts": "1562750629.027200"
            },
            {
                "user": "U5M5PLH9S",
                "ts": "1562754321.027500"
            },
            {
                "user": "U5M5PLH9S",
                "ts": "1562754454.027700"
            },
            {
                "user": "U5M5PLH9S",
                "ts": "1562754857.027900"
            },
            {
                "user": "UKV93F6H1",
                "ts": "1562804352.028300"
            },
            {
                "user": "UKV93F6H1",
                "ts": "1562808728.028500"
            },
            {
                "user": "U5M5PLH9S",
                "ts": "1562849406.029100"
            },
            {
                "user": "U5M5PLH9S",
                "ts": "1562849855.029400"
            },
            {
                "user": "U5M5PLH9S",
                "ts": "1562849939.029600"
            },
            {
                "user": "UKV93F6H1",
                "ts": "1562988838.029900"
            },
            {
                "user": "U5M5PLH9S",
                "ts": "1563000158.030100"
            },
            {
                "user": "UKV93F6H1",
                "ts": "1563177067.032500"
            },
            {
                "user": "U5M5PLH9S",
                "ts": "1563177245.032800"
            },
            {
                "user": "UKV93F6H1",
                "ts": "1563182886.033200"
            },
            {
                "user": "U5M5PLH9S",
                "ts": "1563182963.033500"
            },
            {
                "user": "UKV93F6H1",
                "ts": "1563182997.033700"
            },
            {
                "user": "U5M5PLH9S",
                "ts": "1563184590.033900"
            },
            {
                "user": "UKV93F6H1",
                "ts": "1563186959.034100"
            },
            {
                "user": "U5M5PLH9S",
                "ts": "1563190766.034300"
            },
            {
                "user": "U5M5PLH9S",
                "ts": "1566215330.032400"
            },
            {
                "user": "UMEH4EFC3",
                "ts": "1567500761.009200"
            },
            {
                "user": "U5M5PLH9S",
                "ts": "1567514382.009700"
            },
            {
                "user": "UMEH4EFC3",
                "ts": "1567523840.011800"
            },
            {
                "user": "U5M5PLH9S",
                "ts": "1567528181.012100"
            },
            {
                "user": "UMEH4EFC3",
                "ts": "1567538992.014100"
            }
        ],
        "subscribed": true,
        "last_read": "1567538992.014100"
    }
]