[
    {
        "client_msg_id": "e460adf1-7a71-4473-b331-f55b1cb7608e",
        "type": "message",
        "text": "<http:\/\/www.biomecardio.com\/UFFCschool2019\/program.html> ?",
        "user": "U5M5PLH9S",
        "ts": "1559059228.001300",
        "team": "T5M5PLH8U",
        "user_team": "T5M5PLH8U",
        "source_team": "T5M5PLH8U",
        "user_profile": {
            "avatar_hash": "e4fb6ae9f526",
            "image_72": "https:\/\/avatars.slack-edge.com\/2017-06-01\/191144530514_e4fb6ae9f526531fd41c_72.jpg",
            "first_name": "",
            "real_name": "kelu",
            "display_name": "",
            "team": "T5M5PLH8U",
            "name": "kelu",
            "is_restricted": false,
            "is_ultra_restricted": false
        },
        "attachments": [
            {
                "title": "UFFC school",
                "title_link": "http:\/\/www.biomecardio.com\/UFFCschool2019\/program.html",
                "text": "UFFC US school 2019",
                "fallback": "UFFC school",
                "from_url": "http:\/\/www.biomecardio.com\/UFFCschool2019\/program.html",
                "service_icon": "http:\/\/www.biomecardio.com\/favicon.ico",
                "service_name": "biomecardio.com",
                "id": 1,
                "original_url": "http:\/\/www.biomecardio.com\/UFFCschool2019\/program.html"
            }
        ],
        "thread_ts": "1558050165.012700",
        "parent_user_id": "UGJ8GJGNR"
    }
]