[
    {
        "type": "message",
        "text": "",
        "files": [
            {
                "id": "FFR14EUAU",
                "created": 1548749294,
                "timestamp": 1548749294,
                "name": "image.png",
                "title": "Pasted image at 2019-01-29, 5:07 PM",
                "mimetype": "image\/png",
                "filetype": "png",
                "pretty_type": "PNG",
                "user": "UF4G0PEF5",
                "editable": false,
                "size": 2195199,
                "mode": "hosted",
                "is_external": false,
                "external_type": "",
                "is_public": true,
                "public_url_shared": false,
                "display_as_bot": false,
                "username": "",
                "url_private": "https:\/\/files.slack.com\/files-pri\/T5M5PLH8U-FFR14EUAU\/image.png?t=xoxe-191193697300-964750812979-978081040215-70140a522cd1d53d5dacb8121ac10305",
                "url_private_download": "https:\/\/files.slack.com\/files-pri\/T5M5PLH8U-FFR14EUAU\/download\/image.png?t=xoxe-191193697300-964750812979-978081040215-70140a522cd1d53d5dacb8121ac10305",
                "thumb_64": "https:\/\/files.slack.com\/files-tmb\/T5M5PLH8U-FFR14EUAU-43ac7684b4\/image_64.png?t=xoxe-191193697300-964750812979-978081040215-70140a522cd1d53d5dacb8121ac10305",
                "thumb_80": "https:\/\/files.slack.com\/files-tmb\/T5M5PLH8U-FFR14EUAU-43ac7684b4\/image_80.png?t=xoxe-191193697300-964750812979-978081040215-70140a522cd1d53d5dacb8121ac10305",
                "thumb_360": "https:\/\/files.slack.com\/files-tmb\/T5M5PLH8U-FFR14EUAU-43ac7684b4\/image_360.png?t=xoxe-191193697300-964750812979-978081040215-70140a522cd1d53d5dacb8121ac10305",
                "thumb_360_w": 270,
                "thumb_360_h": 360,
                "thumb_480": "https:\/\/files.slack.com\/files-tmb\/T5M5PLH8U-FFR14EUAU-43ac7684b4\/image_480.png?t=xoxe-191193697300-964750812979-978081040215-70140a522cd1d53d5dacb8121ac10305",
                "thumb_480_w": 360,
                "thumb_480_h": 480,
                "thumb_160": "https:\/\/files.slack.com\/files-tmb\/T5M5PLH8U-FFR14EUAU-43ac7684b4\/image_160.png?t=xoxe-191193697300-964750812979-978081040215-70140a522cd1d53d5dacb8121ac10305",
                "thumb_720": "https:\/\/files.slack.com\/files-tmb\/T5M5PLH8U-FFR14EUAU-43ac7684b4\/image_720.png?t=xoxe-191193697300-964750812979-978081040215-70140a522cd1d53d5dacb8121ac10305",
                "thumb_720_w": 540,
                "thumb_720_h": 720,
                "thumb_800": "https:\/\/files.slack.com\/files-tmb\/T5M5PLH8U-FFR14EUAU-43ac7684b4\/image_800.png?t=xoxe-191193697300-964750812979-978081040215-70140a522cd1d53d5dacb8121ac10305",
                "thumb_800_w": 800,
                "thumb_800_h": 1067,
                "thumb_960": "https:\/\/files.slack.com\/files-tmb\/T5M5PLH8U-FFR14EUAU-43ac7684b4\/image_960.png?t=xoxe-191193697300-964750812979-978081040215-70140a522cd1d53d5dacb8121ac10305",
                "thumb_960_w": 720,
                "thumb_960_h": 960,
                "thumb_1024": "https:\/\/files.slack.com\/files-tmb\/T5M5PLH8U-FFR14EUAU-43ac7684b4\/image_1024.png?t=xoxe-191193697300-964750812979-978081040215-70140a522cd1d53d5dacb8121ac10305",
                "thumb_1024_w": 768,
                "thumb_1024_h": 1024,
                "image_exif_rotation": 1,
                "original_w": 1080,
                "original_h": 1440,
                "permalink": "https:\/\/usdevkit.slack.com\/files\/UF4G0PEF5\/FFR14EUAU\/image.png",
                "permalink_public": "https:\/\/slack-files.com\/T5M5PLH8U-FFR14EUAU-0a3eafab79",
                "is_starred": false,
                "has_rich_preview": false
            }
        ],
        "upload": true,
        "user": "UF4G0PEF5",
        "display_as_bot": false,
        "ts": "1548749303.150500",
        "thread_ts": "1548664089.142500",
        "parent_user_id": "UF4G0PEF5"
    },
    {
        "client_msg_id": "13a14cd2-e6e4-4817-864b-aaa582cfba7a",
        "type": "message",
        "text": "XPT2046 model device used. This device works but the Pi doesn't have GUI environment I think.",
        "user": "UF4G0PEF5",
        "ts": "1548749665.150900",
        "team": "T5M5PLH8U",
        "user_team": "T5M5PLH8U",
        "source_team": "T5M5PLH8U",
        "user_profile": {
            "avatar_hash": "g659d13f17d7",
            "image_72": "https:\/\/secure.gravatar.com\/avatar\/4659d13f17d7e54b2d5f73a223a7cc25.jpg?s=72&d=https%3A%2F%2Fa.slack-edge.com%2Fdf10d%2Fimg%2Favatars%2Fava_0015-72.png",
            "first_name": "",
            "real_name": "MinjoonKang",
            "display_name": "MJKANG",
            "team": "T5M5PLH8U",
            "name": "mjkang9415",
            "is_restricted": false,
            "is_ultra_restricted": false
        },
        "thread_ts": "1548664089.142500",
        "parent_user_id": "UF4G0PEF5"
    },
    {
        "client_msg_id": "84cf9499-e4aa-4ff0-bfb1-44cf2dd86f48",
        "type": "message",
        "text": "Indeed! Will try to get one by curiosity. Is it touch screen? In any case, I'll be working on an image with a desktop manager",
        "user": "U5M5PLH9S",
        "ts": "1548751164.151100",
        "team": "T5M5PLH8U",
        "user_team": "T5M5PLH8U",
        "source_team": "T5M5PLH8U",
        "user_profile": {
            "avatar_hash": "e4fb6ae9f526",
            "image_72": "https:\/\/avatars.slack-edge.com\/2017-06-01\/191144530514_e4fb6ae9f526531fd41c_72.jpg",
            "first_name": "",
            "real_name": "kelu",
            "display_name": "",
            "team": "T5M5PLH8U",
            "name": "kelu",
            "is_restricted": false,
            "is_ultra_restricted": false
        },
        "thread_ts": "1548664089.142500",
        "parent_user_id": "UF4G0PEF5"
    }
]