[
    {
        "client_msg_id": "68d89f8f-294a-4ddd-a576-62738b624ab9",
        "type": "message",
        "text": "I want your journal from your project? Please. Thanks <@U5M5PLH9S> ",
        "user": "UE3JX8LUT",
        "ts": "1557360026.010400",
        "team": "T5M5PLH8U",
        "user_team": "T5M5PLH8U",
        "source_team": "T5M5PLH8U",
        "user_profile": {
            "avatar_hash": "a9159a929398",
            "image_72": "https:\/\/avatars.slack-edge.com\/2018-11-15\/479026488288_a9159a929398c4006149_72.jpg",
            "first_name": "Fadhli",
            "real_name": "Fadhli",
            "display_name": "Fadhli",
            "team": "T5M5PLH8U",
            "name": "fadhliazinnuddin",
            "is_restricted": false,
            "is_ultra_restricted": false
        }
    }
]