[
    {
        "type": "message",
        "text": "Hehe good news, the up5k board seems up and running ! Details on acqs - <https:\/\/github.com\/kelu124\/echomods\/tree\/master\/matty\/20191023a> - there was a last hardware bug :sweat_smile:\nAcquisitions of 300us at 64msps, 12bits, seem to work fine :smiley:",
        "files": [
            {
                "id": "FPSLXGA30",
                "created": 1571854451,
                "timestamp": 1571854451,
                "name": "20191023a-10.jpg",
                "title": "20191023a-10.jpg",
                "mimetype": "image\/jpeg",
                "filetype": "jpg",
                "pretty_type": "JPEG",
                "user": "U5M5PLH9S",
                "editable": false,
                "size": 169033,
                "mode": "hosted",
                "is_external": false,
                "external_type": "",
                "is_public": true,
                "public_url_shared": false,
                "display_as_bot": false,
                "username": "",
                "url_private": "https:\/\/files.slack.com\/files-pri\/T5M5PLH8U-FPSLXGA30\/20191023a-10.jpg?t=xoxe-191193697300-964750812979-978081040215-70140a522cd1d53d5dacb8121ac10305",
                "url_private_download": "https:\/\/files.slack.com\/files-pri\/T5M5PLH8U-FPSLXGA30\/download\/20191023a-10.jpg?t=xoxe-191193697300-964750812979-978081040215-70140a522cd1d53d5dacb8121ac10305",
                "thumb_64": "https:\/\/files.slack.com\/files-tmb\/T5M5PLH8U-FPSLXGA30-40135041d9\/20191023a-10_64.jpg?t=xoxe-191193697300-964750812979-978081040215-70140a522cd1d53d5dacb8121ac10305",
                "thumb_80": "https:\/\/files.slack.com\/files-tmb\/T5M5PLH8U-FPSLXGA30-40135041d9\/20191023a-10_80.jpg?t=xoxe-191193697300-964750812979-978081040215-70140a522cd1d53d5dacb8121ac10305",
                "thumb_360": "https:\/\/files.slack.com\/files-tmb\/T5M5PLH8U-FPSLXGA30-40135041d9\/20191023a-10_360.jpg?t=xoxe-191193697300-964750812979-978081040215-70140a522cd1d53d5dacb8121ac10305",
                "thumb_360_w": 360,
                "thumb_360_h": 180,
                "thumb_480": "https:\/\/files.slack.com\/files-tmb\/T5M5PLH8U-FPSLXGA30-40135041d9\/20191023a-10_480.jpg?t=xoxe-191193697300-964750812979-978081040215-70140a522cd1d53d5dacb8121ac10305",
                "thumb_480_w": 480,
                "thumb_480_h": 240,
                "thumb_160": "https:\/\/files.slack.com\/files-tmb\/T5M5PLH8U-FPSLXGA30-40135041d9\/20191023a-10_160.jpg?t=xoxe-191193697300-964750812979-978081040215-70140a522cd1d53d5dacb8121ac10305",
                "thumb_720": "https:\/\/files.slack.com\/files-tmb\/T5M5PLH8U-FPSLXGA30-40135041d9\/20191023a-10_720.jpg?t=xoxe-191193697300-964750812979-978081040215-70140a522cd1d53d5dacb8121ac10305",
                "thumb_720_w": 720,
                "thumb_720_h": 360,
                "thumb_800": "https:\/\/files.slack.com\/files-tmb\/T5M5PLH8U-FPSLXGA30-40135041d9\/20191023a-10_800.jpg?t=xoxe-191193697300-964750812979-978081040215-70140a522cd1d53d5dacb8121ac10305",
                "thumb_800_w": 800,
                "thumb_800_h": 400,
                "thumb_960": "https:\/\/files.slack.com\/files-tmb\/T5M5PLH8U-FPSLXGA30-40135041d9\/20191023a-10_960.jpg?t=xoxe-191193697300-964750812979-978081040215-70140a522cd1d53d5dacb8121ac10305",
                "thumb_960_w": 960,
                "thumb_960_h": 480,
                "thumb_1024": "https:\/\/files.slack.com\/files-tmb\/T5M5PLH8U-FPSLXGA30-40135041d9\/20191023a-10_1024.jpg?t=xoxe-191193697300-964750812979-978081040215-70140a522cd1d53d5dacb8121ac10305",
                "thumb_1024_w": 1024,
                "thumb_1024_h": 512,
                "image_exif_rotation": 1,
                "original_w": 2000,
                "original_h": 1000,
                "thumb_tiny": "AwAYADDTpAeAfWjJqBfN8hM7d2Rj6ZppXAnKg0BQKaN\/mHptx+tKN+3nbnNFgHUUnPtRzikAtIBgAelLRQAUUdqQdKAFzRRRQB\/\/2Q==",
                "permalink": "https:\/\/usdevkit.slack.com\/files\/U5M5PLH9S\/FPSLXGA30\/20191023a-10.jpg",
                "permalink_public": "https:\/\/slack-files.com\/T5M5PLH8U-FPSLXGA30-5bb849a150",
                "is_starred": false,
                "has_rich_preview": false
            },
            {
                "id": "FPSLXGA86",
                "created": 1571854451,
                "timestamp": 1571854451,
                "name": "20191023a-10-fft.jpg",
                "title": "20191023a-10-fft.jpg",
                "mimetype": "image\/jpeg",
                "filetype": "jpg",
                "pretty_type": "JPEG",
                "user": "U5M5PLH9S",
                "editable": false,
                "size": 72436,
                "mode": "hosted",
                "is_external": false,
                "external_type": "",
                "is_public": true,
                "public_url_shared": false,
                "display_as_bot": false,
                "username": "",
                "url_private": "https:\/\/files.slack.com\/files-pri\/T5M5PLH8U-FPSLXGA86\/20191023a-10-fft.jpg?t=xoxe-191193697300-964750812979-978081040215-70140a522cd1d53d5dacb8121ac10305",
                "url_private_download": "https:\/\/files.slack.com\/files-pri\/T5M5PLH8U-FPSLXGA86\/download\/20191023a-10-fft.jpg?t=xoxe-191193697300-964750812979-978081040215-70140a522cd1d53d5dacb8121ac10305",
                "thumb_64": "https:\/\/files.slack.com\/files-tmb\/T5M5PLH8U-FPSLXGA86-be293187b6\/20191023a-10-fft_64.jpg?t=xoxe-191193697300-964750812979-978081040215-70140a522cd1d53d5dacb8121ac10305",
                "thumb_80": "https:\/\/files.slack.com\/files-tmb\/T5M5PLH8U-FPSLXGA86-be293187b6\/20191023a-10-fft_80.jpg?t=xoxe-191193697300-964750812979-978081040215-70140a522cd1d53d5dacb8121ac10305",
                "thumb_360": "https:\/\/files.slack.com\/files-tmb\/T5M5PLH8U-FPSLXGA86-be293187b6\/20191023a-10-fft_360.jpg?t=xoxe-191193697300-964750812979-978081040215-70140a522cd1d53d5dacb8121ac10305",
                "thumb_360_w": 360,
                "thumb_360_h": 120,
                "thumb_480": "https:\/\/files.slack.com\/files-tmb\/T5M5PLH8U-FPSLXGA86-be293187b6\/20191023a-10-fft_480.jpg?t=xoxe-191193697300-964750812979-978081040215-70140a522cd1d53d5dacb8121ac10305",
                "thumb_480_w": 480,
                "thumb_480_h": 160,
                "thumb_160": "https:\/\/files.slack.com\/files-tmb\/T5M5PLH8U-FPSLXGA86-be293187b6\/20191023a-10-fft_160.jpg?t=xoxe-191193697300-964750812979-978081040215-70140a522cd1d53d5dacb8121ac10305",
                "thumb_720": "https:\/\/files.slack.com\/files-tmb\/T5M5PLH8U-FPSLXGA86-be293187b6\/20191023a-10-fft_720.jpg?t=xoxe-191193697300-964750812979-978081040215-70140a522cd1d53d5dacb8121ac10305",
                "thumb_720_w": 720,
                "thumb_720_h": 240,
                "thumb_800": "https:\/\/files.slack.com\/files-tmb\/T5M5PLH8U-FPSLXGA86-be293187b6\/20191023a-10-fft_800.jpg?t=xoxe-191193697300-964750812979-978081040215-70140a522cd1d53d5dacb8121ac10305",
                "thumb_800_w": 800,
                "thumb_800_h": 267,
                "thumb_960": "https:\/\/files.slack.com\/files-tmb\/T5M5PLH8U-FPSLXGA86-be293187b6\/20191023a-10-fft_960.jpg?t=xoxe-191193697300-964750812979-978081040215-70140a522cd1d53d5dacb8121ac10305",
                "thumb_960_w": 960,
                "thumb_960_h": 320,
                "thumb_1024": "https:\/\/files.slack.com\/files-tmb\/T5M5PLH8U-FPSLXGA86-be293187b6\/20191023a-10-fft_1024.jpg?t=xoxe-191193697300-964750812979-978081040215-70140a522cd1d53d5dacb8121ac10305",
                "thumb_1024_w": 1024,
                "thumb_1024_h": 341,
                "image_exif_rotation": 1,
                "original_w": 1500,
                "original_h": 500,
                "thumb_tiny": "AwAQADDSpajkDFdqjrwTnpTssF+7k0AOwKMCmbmxyh\/MUoY4+6f0oAdRSbj\/AHTRknsRQB\/\/2Q==",
                "permalink": "https:\/\/usdevkit.slack.com\/files\/U5M5PLH9S\/FPSLXGA86\/20191023a-10-fft.jpg",
                "permalink_public": "https:\/\/slack-files.com\/T5M5PLH8U-FPSLXGA86-69eac58df2",
                "is_starred": false,
                "has_rich_preview": false
            }
        ],
        "upload": true,
        "user": "U5M5PLH9S",
        "ts": "1571854456.001400",
        "client_msg_id": "1707fb1f-ba87-4372-a6cf-9a823035c833"
    }
]