[
    {
        "client_msg_id": "da7b304b-9769-4a6a-b27a-ed5cf0f1770b",
        "type": "message",
        "text": "You need to check if there are application notes which describe how to setup the circuits for negative outputs.",
        "user": "UGR3ZBDDE",
        "ts": "1553080022.025300",
        "team": "T5M5PLH8U",
        "user_team": "T5M5PLH8U",
        "source_team": "T5M5PLH8U",
        "user_profile": {
            "avatar_hash": "g8483462ea06",
            "image_72": "https:\/\/secure.gravatar.com\/avatar\/e8483462ea06789a525d4b726b82f908.jpg?s=72&d=https%3A%2F%2Fa.slack-edge.com%2Fdf10d%2Fimg%2Favatars%2Fava_0006-72.png",
            "first_name": "Maxime",
            "real_name": "Maxime Benchemoul",
            "display_name": "Maxime",
            "team": "T5M5PLH8U",
            "name": "m.benchemoul",
            "is_restricted": false,
            "is_ultra_restricted": false
        },
        "thread_ts": "1552772038.019900",
        "parent_user_id": "U5M5PLH9S"
    },
    {
        "client_msg_id": "fc8e5ecb-468c-4eee-8907-d8f2f256ae27",
        "type": "message",
        "text": "Because this is not the first purpose of those step-up converters, unlike the max1846 :slightly_smiling_face:",
        "user": "UGR3ZBDDE",
        "ts": "1553080083.025500",
        "team": "T5M5PLH8U",
        "user_team": "T5M5PLH8U",
        "source_team": "T5M5PLH8U",
        "user_profile": {
            "avatar_hash": "g8483462ea06",
            "image_72": "https:\/\/secure.gravatar.com\/avatar\/e8483462ea06789a525d4b726b82f908.jpg?s=72&d=https%3A%2F%2Fa.slack-edge.com%2Fdf10d%2Fimg%2Favatars%2Fava_0006-72.png",
            "first_name": "Maxime",
            "real_name": "Maxime Benchemoul",
            "display_name": "Maxime",
            "team": "T5M5PLH8U",
            "name": "m.benchemoul",
            "is_restricted": false,
            "is_ultra_restricted": false
        },
        "thread_ts": "1552772038.019900",
        "parent_user_id": "U5M5PLH9S"
    },
    {
        "client_msg_id": "6fd0a1d0-96b7-45c8-8359-2a5fe5f9a1c6",
        "type": "message",
        "text": "Agree",
        "user": "U5M5PLH9S",
        "ts": "1553081157.025700",
        "team": "T5M5PLH8U",
        "user_team": "T5M5PLH8U",
        "source_team": "T5M5PLH8U",
        "user_profile": {
            "avatar_hash": "e4fb6ae9f526",
            "image_72": "https:\/\/avatars.slack-edge.com\/2017-06-01\/191144530514_e4fb6ae9f526531fd41c_72.jpg",
            "first_name": "",
            "real_name": "kelu",
            "display_name": "",
            "team": "T5M5PLH8U",
            "name": "kelu",
            "is_restricted": false,
            "is_ultra_restricted": false
        },
        "thread_ts": "1552772038.019900",
        "parent_user_id": "U5M5PLH9S"
    },
    {
        "client_msg_id": "602856e5-74fc-4b61-b7af-275a94140404",
        "type": "message",
        "text": "BTW, a pair of HV9150 and a MAX1846 could be great to have both 80V and -80V at the pulser level.",
        "user": "U5M5PLH9S",
        "ts": "1553093447.025900",
        "team": "T5M5PLH8U",
        "user_team": "T5M5PLH8U",
        "source_team": "T5M5PLH8U",
        "user_profile": {
            "avatar_hash": "e4fb6ae9f526",
            "image_72": "https:\/\/avatars.slack-edge.com\/2017-06-01\/191144530514_e4fb6ae9f526531fd41c_72.jpg",
            "first_name": "",
            "real_name": "kelu",
            "display_name": "",
            "team": "T5M5PLH8U",
            "name": "kelu",
            "is_restricted": false,
            "is_ultra_restricted": false
        },
        "thread_ts": "1552772038.019900",
        "parent_user_id": "U5M5PLH9S"
    },
    {
        "client_msg_id": "6b9e7b8d-1aee-4e64-9785-17e1bcf9ac90",
        "type": "message",
        "text": "There is a great AN : <http:\/\/ww1.microchip.com\/downloads\/en\/AppNotes\/00002104A.pdf>",
        "user": "U5M5PLH9S",
        "ts": "1553093528.026100",
        "team": "T5M5PLH8U",
        "user_team": "T5M5PLH8U",
        "source_team": "T5M5PLH8U",
        "user_profile": {
            "avatar_hash": "e4fb6ae9f526",
            "image_72": "https:\/\/avatars.slack-edge.com\/2017-06-01\/191144530514_e4fb6ae9f526531fd41c_72.jpg",
            "first_name": "",
            "real_name": "kelu",
            "display_name": "",
            "team": "T5M5PLH8U",
            "name": "kelu",
            "is_restricted": false,
            "is_ultra_restricted": false
        },
        "thread_ts": "1552772038.019900",
        "parent_user_id": "U5M5PLH9S"
    }
]