[
    {
        "client_msg_id": "71a2894e-5569-4f6c-8714-b794a1b06075",
        "type": "message",
        "text": "An AFE board is really something to dig into. Even an 8 channel modular board means that a 32 channel board can be a mix of 4 boards of 8 connectors... Why not? :wink:",
        "user": "U5M5PLH9S",
        "ts": "1554932529.004500",
        "team": "T5M5PLH8U",
        "user_team": "T5M5PLH8U",
        "source_team": "T5M5PLH8U",
        "user_profile": {
            "avatar_hash": "e4fb6ae9f526",
            "image_72": "https:\/\/avatars.slack-edge.com\/2017-06-01\/191144530514_e4fb6ae9f526531fd41c_72.jpg",
            "first_name": "",
            "real_name": "kelu",
            "display_name": "",
            "team": "T5M5PLH8U",
            "name": "kelu",
            "is_restricted": false,
            "is_ultra_restricted": false
        }
    }
]