[
    {
        "client_msg_id": "f54bc0bf-9903-42cc-802d-1cc0dd59d1b2",
        "type": "message",
        "text": "For pyexiv, the solution is to install the package, the following works on my machine:\nsudo apt-get install  libexiv2-dev python-pyexiv2",
        "user": "U5M5PLH9S",
        "ts": "1570649581.000100",
        "team": "T5M5PLH8U",
        "user_team": "T5M5PLH8U",
        "source_team": "T5M5PLH8U",
        "user_profile": {
            "avatar_hash": "e4fb6ae9f526",
            "image_72": "https:\/\/avatars.slack-edge.com\/2017-06-01\/191144530514_e4fb6ae9f526531fd41c_72.jpg",
            "first_name": "",
            "real_name": "kelu",
            "display_name": "",
            "team": "T5M5PLH8U",
            "name": "kelu",
            "is_restricted": false,
            "is_ultra_restricted": false
        },
        "thread_ts": "1564903864.000900",
        "parent_user_id": "ULYB25AMS"
    }
]