[
    {
        "type": "message",
        "subtype": "channel_join",
        "ts": "1581084538.007000",
        "user": "UTDMVLNF3",
        "text": "<@UTDMVLNF3> has joined the channel"
    },
    {
        "client_msg_id": "7a737460-1b76-418b-9642-198fdbf15934",
        "type": "message",
        "text": "Hi <@U5M5PLH9S> ,\nI am Data Scientist with a bit of hardware background. I was wondering if ultrasound can be used to analyse food. detecting meat vs plant material etc.\nAlso if I wanted to get started on un0rick, What other components do I need other than buying un0rick and a raspi?",
        "user": "UTDMVLNF3",
        "ts": "1581088478.009800",
        "team": "T5M5PLH8U",
        "user_team": "T5M5PLH8U",
        "source_team": "T5M5PLH8U",
        "user_profile": {
            "avatar_hash": "g9fe2ac98298",
            "image_72": "https:\/\/secure.gravatar.com\/avatar\/9fe2ac98298f226358035ea73acd0421.jpg?s=72&d=https%3A%2F%2Fa.slack-edge.com%2Fdf10d%2Fimg%2Favatars%2Fava_0000-72.png",
            "first_name": "",
            "real_name": "Jagan",
            "display_name": "Jagan",
            "team": "T5M5PLH8U",
            "name": "jagannathan.v",
            "is_restricted": false,
            "is_ultra_restricted": false
        },
        "blocks": [
            {
                "type": "rich_text",
                "block_id": "j97ZI",
                "elements": [
                    {
                        "type": "rich_text_section",
                        "elements": [
                            {
                                "type": "text",
                                "text": "Hi "
                            },
                            {
                                "type": "user",
                                "user_id": "U5M5PLH9S"
                            },
                            {
                                "type": "text",
                                "text": " ,\nI am Data Scientist with a bit of hardware background. I was wondering if ultrasound can be used to analyse food. detecting meat vs plant material etc.\nAlso if I wanted to get started on un0rick, What other components do I need other than buying un0rick and a raspi?"
                            }
                        ]
                    }
                ]
            }
        ],
        "thread_ts": "1581088478.009800",
        "reply_count": 5,
        "reply_users_count": 2,
        "latest_reply": "1581090075.010900",
        "reply_users": [
            "U5M5PLH9S",
            "UTDMVLNF3"
        ],
        "replies": [
            {
                "user": "U5M5PLH9S",
                "ts": "1581088613.010000"
            },
            {
                "user": "UTDMVLNF3",
                "ts": "1581088829.010200"
            },
            {
                "user": "UTDMVLNF3",
                "ts": "1581088867.010400"
            },
            {
                "user": "U5M5PLH9S",
                "ts": "1581088903.010600"
            },
            {
                "user": "U5M5PLH9S",
                "ts": "1581090075.010900"
            }
        ],
        "subscribed": true,
        "last_read": "1581090075.010900",
        "reactions": [
            {
                "name": "+1",
                "users": [
                    "U5M5PLH9S"
                ],
                "count": 1
            }
        ]
    },
    {
        "client_msg_id": "4b95a480-4186-4ce5-be03-90ca882954da",
        "type": "message",
        "text": "Hi <@UTDMVLNF3>, welcome here!\nGood question, needs to be explored ;)\napart from pi and un0rick, you also need a sensor fit for your purpose",
        "user": "U5M5PLH9S",
        "ts": "1581088613.010000",
        "team": "T5M5PLH8U",
        "user_team": "T5M5PLH8U",
        "source_team": "T5M5PLH8U",
        "user_profile": {
            "avatar_hash": "e4fb6ae9f526",
            "image_72": "https:\/\/avatars.slack-edge.com\/2017-06-01\/191144530514_e4fb6ae9f526531fd41c_72.jpg",
            "first_name": "",
            "real_name": "kelu",
            "display_name": "",
            "team": "T5M5PLH8U",
            "name": "kelu",
            "is_restricted": false,
            "is_ultra_restricted": false
        },
        "blocks": [
            {
                "type": "rich_text",
                "block_id": "Bfk\/",
                "elements": [
                    {
                        "type": "rich_text_section",
                        "elements": [
                            {
                                "type": "text",
                                "text": "Hi "
                            },
                            {
                                "type": "user",
                                "user_id": "UTDMVLNF3"
                            },
                            {
                                "type": "text",
                                "text": ", welcome here!\nGood question, needs to be explored ;)\napart from pi and un0rick, you also need a sensor fit for your purpose"
                            }
                        ]
                    }
                ]
            }
        ],
        "thread_ts": "1581088478.009800",
        "parent_user_id": "UTDMVLNF3"
    },
    {
        "client_msg_id": "0e99157f-5dcb-40ce-b069-0ffdd5359ac5",
        "type": "message",
        "text": "Thanks kelu. I am based out of India. But getting hardware imported into India is very cumbersome. I hope to get un0rick shipped to US and have a colleague travelling there to pick it up for me. Any idea on the shipping duration for un0rick to US?",
        "user": "UTDMVLNF3",
        "ts": "1581088829.010200",
        "team": "T5M5PLH8U",
        "user_team": "T5M5PLH8U",
        "source_team": "T5M5PLH8U",
        "user_profile": {
            "avatar_hash": "g9fe2ac98298",
            "image_72": "https:\/\/secure.gravatar.com\/avatar\/9fe2ac98298f226358035ea73acd0421.jpg?s=72&d=https%3A%2F%2Fa.slack-edge.com%2Fdf10d%2Fimg%2Favatars%2Fava_0000-72.png",
            "first_name": "",
            "real_name": "Jagan",
            "display_name": "Jagan",
            "team": "T5M5PLH8U",
            "name": "jagannathan.v",
            "is_restricted": false,
            "is_ultra_restricted": false
        },
        "blocks": [
            {
                "type": "rich_text",
                "block_id": "qlJO",
                "elements": [
                    {
                        "type": "rich_text_section",
                        "elements": [
                            {
                                "type": "text",
                                "text": "Thanks kelu. I am based out of India. But getting hardware imported into India is very cumbersome. I hope to get un0rick shipped to US and have a colleague travelling there to pick it up for me. Any idea on the shipping duration for un0rick to US?"
                            }
                        ]
                    }
                ]
            }
        ],
        "thread_ts": "1581088478.009800",
        "parent_user_id": "UTDMVLNF3"
    },
    {
        "client_msg_id": "91a936ef-c551-465f-8871-79177f75f2f7",
        "type": "message",
        "text": "And regarding the sensor, can you give me some pointers on where I can do some research?",
        "user": "UTDMVLNF3",
        "ts": "1581088867.010400",
        "team": "T5M5PLH8U",
        "user_team": "T5M5PLH8U",
        "source_team": "T5M5PLH8U",
        "user_profile": {
            "avatar_hash": "g9fe2ac98298",
            "image_72": "https:\/\/secure.gravatar.com\/avatar\/9fe2ac98298f226358035ea73acd0421.jpg?s=72&d=https%3A%2F%2Fa.slack-edge.com%2Fdf10d%2Fimg%2Favatars%2Fava_0000-72.png",
            "first_name": "",
            "real_name": "Jagan",
            "display_name": "Jagan",
            "team": "T5M5PLH8U",
            "name": "jagannathan.v",
            "is_restricted": false,
            "is_ultra_restricted": false
        },
        "blocks": [
            {
                "type": "rich_text",
                "block_id": "7Pl",
                "elements": [
                    {
                        "type": "rich_text_section",
                        "elements": [
                            {
                                "type": "text",
                                "text": "And regarding the sensor, can you give me some pointers on where I can do some research?"
                            }
                        ]
                    }
                ]
            }
        ],
        "thread_ts": "1581088478.009800",
        "parent_user_id": "UTDMVLNF3"
    },
    {
        "client_msg_id": "f2a9a03d-c748-4bc0-8199-a559e2b6eb81",
        "type": "message",
        "text": "A few days, the storage and shipper are in Texas",
        "user": "U5M5PLH9S",
        "ts": "1581088903.010600",
        "team": "T5M5PLH8U",
        "user_team": "T5M5PLH8U",
        "source_team": "T5M5PLH8U",
        "user_profile": {
            "avatar_hash": "e4fb6ae9f526",
            "image_72": "https:\/\/avatars.slack-edge.com\/2017-06-01\/191144530514_e4fb6ae9f526531fd41c_72.jpg",
            "first_name": "",
            "real_name": "kelu",
            "display_name": "",
            "team": "T5M5PLH8U",
            "name": "kelu",
            "is_restricted": false,
            "is_ultra_restricted": false
        },
        "blocks": [
            {
                "type": "rich_text",
                "block_id": "it3",
                "elements": [
                    {
                        "type": "rich_text_section",
                        "elements": [
                            {
                                "type": "text",
                                "text": "A few days, the storage and shipper are in Texas"
                            }
                        ]
                    }
                ]
            }
        ],
        "thread_ts": "1581088478.009800",
        "parent_user_id": "UTDMVLNF3",
        "reactions": [
            {
                "name": "+1::skin-tone-5",
                "users": [
                    "UTDMVLNF3"
                ],
                "count": 1
            }
        ]
    },
    {
        "client_msg_id": "bee23d45-e80f-4e5d-a8da-f310a815c980",
        "type": "message",
        "text": "Hum i recommend first ndt sensors to play with the feel and signals. 5mhz sensors for ndt can be bought on ebay, 30-50$",
        "user": "U5M5PLH9S",
        "ts": "1581090075.010900",
        "team": "T5M5PLH8U",
        "user_team": "T5M5PLH8U",
        "source_team": "T5M5PLH8U",
        "user_profile": {
            "avatar_hash": "e4fb6ae9f526",
            "image_72": "https:\/\/avatars.slack-edge.com\/2017-06-01\/191144530514_e4fb6ae9f526531fd41c_72.jpg",
            "first_name": "",
            "real_name": "kelu",
            "display_name": "",
            "team": "T5M5PLH8U",
            "name": "kelu",
            "is_restricted": false,
            "is_ultra_restricted": false
        },
        "blocks": [
            {
                "type": "rich_text",
                "block_id": "g3u",
                "elements": [
                    {
                        "type": "rich_text_section",
                        "elements": [
                            {
                                "type": "text",
                                "text": "Hum i recommend first ndt sensors to play with the feel and signals. 5mhz sensors for ndt can be bought on ebay, 30-50$"
                            }
                        ]
                    }
                ]
            }
        ],
        "thread_ts": "1581088478.009800",
        "parent_user_id": "UTDMVLNF3"
    }
]