[
    {
        "client_msg_id": "f93d3659-cf0d-4fb7-a77f-d70d8ff26aac",
        "type": "message",
        "text": "I tried to be able to render plots on the Raspberry Pi, but matplotlib was too slow. Instead, I am now sending my raw data through websocket connection to a Windows PC, where I render plots much faster (does not have to be done in Python, I also tried Octave)",
        "user": "UKA33T8N9",
        "ts": "1582538129.000900",
        "team": "T5M5PLH8U",
        "user_team": "T5M5PLH8U",
        "source_team": "T5M5PLH8U",
        "user_profile": {
            "avatar_hash": "g67541a44c7f",
            "image_72": "https:\/\/secure.gravatar.com\/avatar\/667541a44c7fc2e815776f28ef88c51e.jpg?s=72&d=https%3A%2F%2Fa.slack-edge.com%2Fdf10d%2Fimg%2Favatars%2Fava_0009-72.png",
            "first_name": "",
            "real_name": "Carla Sch",
            "display_name": "Carla Sch",
            "team": "T5M5PLH8U",
            "name": "carla.schloh",
            "is_restricted": false,
            "is_ultra_restricted": false
        },
        "blocks": [
            {
                "type": "rich_text",
                "block_id": "Bu5u",
                "elements": [
                    {
                        "type": "rich_text_section",
                        "elements": [
                            {
                                "type": "text",
                                "text": "I tried to be able to render plots on the Raspberry Pi, but matplotlib was too slow. Instead, I am now sending my raw data through websocket connection to a Windows PC, where I render plots much faster (does not have to be done in Python, I also tried Octave)"
                            }
                        ]
                    }
                ]
            }
        ],
        "thread_ts": "1581849007.033400",
        "parent_user_id": "UTSASN5L1"
    },
    {
        "type": "message",
        "subtype": "channel_join",
        "ts": "1582542801.001200",
        "user": "UUDRCJYMN",
        "text": "<@UUDRCJYMN> has joined the channel"
    },
    {
        "client_msg_id": "bb90eb4f-a597-483a-aba4-1d2e5cb1f1ee",
        "type": "message",
        "text": "Hey <@UUDRCJYMN> and welcome !\nYou are working on a Doppler subject - may I recommend you get a first look at foetal dopplers available on amazon circa 30\/40$, as well as an older DIYdesign : <https:\/\/github.com\/kelu124\/echomods\/blob\/master\/include\/20170325\/DIY-doppler.pdf> .",
        "user": "U5M5PLH9S",
        "ts": "1582546178.002200",
        "team": "T5M5PLH8U",
        "user_team": "T5M5PLH8U",
        "source_team": "T5M5PLH8U",
        "user_profile": {
            "avatar_hash": "e4fb6ae9f526",
            "image_72": "https:\/\/avatars.slack-edge.com\/2017-06-01\/191144530514_e4fb6ae9f526531fd41c_72.jpg",
            "first_name": "",
            "real_name": "kelu",
            "display_name": "",
            "team": "T5M5PLH8U",
            "name": "kelu",
            "is_restricted": false,
            "is_ultra_restricted": false
        },
        "blocks": [
            {
                "type": "rich_text",
                "block_id": "i8=",
                "elements": [
                    {
                        "type": "rich_text_section",
                        "elements": [
                            {
                                "type": "text",
                                "text": "Hey "
                            },
                            {
                                "type": "user",
                                "user_id": "UUDRCJYMN"
                            },
                            {
                                "type": "text",
                                "text": " and welcome !\nYou are working on a Doppler subject - may I recommend you get a first look at foetal dopplers available on amazon circa 30\/40$, as well as an older DIYdesign : "
                            },
                            {
                                "type": "link",
                                "url": "https:\/\/github.com\/kelu124\/echomods\/blob\/master\/include\/20170325\/DIY-doppler.pdf"
                            },
                            {
                                "type": "text",
                                "text": " ."
                            }
                        ]
                    }
                ]
            }
        ],
        "thread_ts": "1582546178.002200",
        "reply_count": 7,
        "reply_users_count": 2,
        "latest_reply": "1582718750.003800",
        "reply_users": [
            "UUDRCJYMN",
            "U5M5PLH9S"
        ],
        "replies": [
            {
                "user": "UUDRCJYMN",
                "ts": "1582715473.002500"
            },
            {
                "user": "UUDRCJYMN",
                "ts": "1582715597.002800"
            },
            {
                "user": "U5M5PLH9S",
                "ts": "1582716078.003000"
            },
            {
                "user": "UUDRCJYMN",
                "ts": "1582717347.003200"
            },
            {
                "user": "U5M5PLH9S",
                "ts": "1582718708.003400"
            },
            {
                "user": "U5M5PLH9S",
                "ts": "1582718727.003600"
            },
            {
                "user": "U5M5PLH9S",
                "ts": "1582718750.003800"
            }
        ],
        "subscribed": true,
        "last_read": "1582718750.003800"
    },
    {
        "client_msg_id": "61010825-f0e6-49f7-ae38-91d4e1164468",
        "type": "message",
        "text": "Yeah !",
        "user": "U5M5PLH9S",
        "ts": "1582575389.002300",
        "team": "T5M5PLH8U",
        "user_team": "T5M5PLH8U",
        "source_team": "T5M5PLH8U",
        "user_profile": {
            "avatar_hash": "e4fb6ae9f526",
            "image_72": "https:\/\/avatars.slack-edge.com\/2017-06-01\/191144530514_e4fb6ae9f526531fd41c_72.jpg",
            "first_name": "",
            "real_name": "kelu",
            "display_name": "",
            "team": "T5M5PLH8U",
            "name": "kelu",
            "is_restricted": false,
            "is_ultra_restricted": false
        },
        "blocks": [
            {
                "type": "rich_text",
                "block_id": "AqJo",
                "elements": [
                    {
                        "type": "rich_text_section",
                        "elements": [
                            {
                                "type": "text",
                                "text": "Yeah !"
                            }
                        ]
                    }
                ]
            }
        ],
        "thread_ts": "1581849007.033400",
        "parent_user_id": "UTSASN5L1"
    }
]