[
    {
        "type": "message",
        "text": "New pyUno-lib script - similar results.",
        "files": [
            {
                "id": "FTTL6GPSR",
                "created": 1581366734,
                "timestamp": 1581366734,
                "name": "20200210a-2.jpg",
                "title": "20200210a-2.jpg",
                "mimetype": "image\/jpeg",
                "filetype": "jpg",
                "pretty_type": "JPEG",
                "user": "URM2LCMHA",
                "editable": false,
                "size": 145018,
                "mode": "hosted",
                "is_external": false,
                "external_type": "",
                "is_public": true,
                "public_url_shared": false,
                "display_as_bot": false,
                "username": "",
                "url_private": "https:\/\/files.slack.com\/files-pri\/T5M5PLH8U-FTTL6GPSR\/20200210a-2.jpg?t=xoxe-191193697300-964750812979-978081040215-70140a522cd1d53d5dacb8121ac10305",
                "url_private_download": "https:\/\/files.slack.com\/files-pri\/T5M5PLH8U-FTTL6GPSR\/download\/20200210a-2.jpg?t=xoxe-191193697300-964750812979-978081040215-70140a522cd1d53d5dacb8121ac10305",
                "thumb_64": "https:\/\/files.slack.com\/files-tmb\/T5M5PLH8U-FTTL6GPSR-2b699e5882\/20200210a-2_64.jpg?t=xoxe-191193697300-964750812979-978081040215-70140a522cd1d53d5dacb8121ac10305",
                "thumb_80": "https:\/\/files.slack.com\/files-tmb\/T5M5PLH8U-FTTL6GPSR-2b699e5882\/20200210a-2_80.jpg?t=xoxe-191193697300-964750812979-978081040215-70140a522cd1d53d5dacb8121ac10305",
                "thumb_360": "https:\/\/files.slack.com\/files-tmb\/T5M5PLH8U-FTTL6GPSR-2b699e5882\/20200210a-2_360.jpg?t=xoxe-191193697300-964750812979-978081040215-70140a522cd1d53d5dacb8121ac10305",
                "thumb_360_w": 360,
                "thumb_360_h": 180,
                "thumb_480": "https:\/\/files.slack.com\/files-tmb\/T5M5PLH8U-FTTL6GPSR-2b699e5882\/20200210a-2_480.jpg?t=xoxe-191193697300-964750812979-978081040215-70140a522cd1d53d5dacb8121ac10305",
                "thumb_480_w": 480,
                "thumb_480_h": 240,
                "thumb_160": "https:\/\/files.slack.com\/files-tmb\/T5M5PLH8U-FTTL6GPSR-2b699e5882\/20200210a-2_160.jpg?t=xoxe-191193697300-964750812979-978081040215-70140a522cd1d53d5dacb8121ac10305",
                "thumb_720": "https:\/\/files.slack.com\/files-tmb\/T5M5PLH8U-FTTL6GPSR-2b699e5882\/20200210a-2_720.jpg?t=xoxe-191193697300-964750812979-978081040215-70140a522cd1d53d5dacb8121ac10305",
                "thumb_720_w": 720,
                "thumb_720_h": 360,
                "thumb_800": "https:\/\/files.slack.com\/files-tmb\/T5M5PLH8U-FTTL6GPSR-2b699e5882\/20200210a-2_800.jpg?t=xoxe-191193697300-964750812979-978081040215-70140a522cd1d53d5dacb8121ac10305",
                "thumb_800_w": 800,
                "thumb_800_h": 400,
                "thumb_960": "https:\/\/files.slack.com\/files-tmb\/T5M5PLH8U-FTTL6GPSR-2b699e5882\/20200210a-2_960.jpg?t=xoxe-191193697300-964750812979-978081040215-70140a522cd1d53d5dacb8121ac10305",
                "thumb_960_w": 960,
                "thumb_960_h": 480,
                "thumb_1024": "https:\/\/files.slack.com\/files-tmb\/T5M5PLH8U-FTTL6GPSR-2b699e5882\/20200210a-2_1024.jpg?t=xoxe-191193697300-964750812979-978081040215-70140a522cd1d53d5dacb8121ac10305",
                "thumb_1024_w": 1024,
                "thumb_1024_h": 512,
                "image_exif_rotation": 1,
                "original_w": 2000,
                "original_h": 1000,
                "thumb_tiny": "AwAYADDTo\/GgUUAIQDWZ\/aLqeI1\/M1qVzx6mt6MVK9xMvf2nJ\/zzX86s2d01wXDKBtx0rHq\/pX3pfoK0qU4qLaQkzTooorkKCsc2FwSflH\/fQrYPSkHQVcJuGwWMj7Bcf3R\/30Kt2FvJAzmQAZxjBzVylFVKrKSsxWP\/2Q==",
                "permalink": "https:\/\/usdevkit.slack.com\/files\/URM2LCMHA\/FTTL6GPSR\/20200210a-2.jpg",
                "permalink_public": "https:\/\/slack-files.com\/T5M5PLH8U-FTTL6GPSR-d6366ce8bc",
                "is_starred": false,
                "has_rich_preview": false
            }
        ],
        "upload": true,
        "blocks": [
            {
                "type": "rich_text",
                "block_id": "6HRrF",
                "elements": [
                    {
                        "type": "rich_text_section",
                        "elements": [
                            {
                                "type": "text",
                                "text": "New pyUno-lib script - similar results."
                            }
                        ]
                    }
                ]
            }
        ],
        "user": "URM2LCMHA",
        "display_as_bot": false,
        "ts": "1581366738.013300",
        "client_msg_id": "23e1ae50-8055-40f2-9da5-608c8eb3e397",
        "thread_ts": "1581366738.013300",
        "reply_count": 1,
        "reply_users_count": 1,
        "latest_reply": "1581366891.013900",
        "reply_users": [
            "U5M5PLH9S"
        ],
        "replies": [
            {
                "user": "U5M5PLH9S",
                "ts": "1581366891.013900"
            }
        ],
        "subscribed": true,
        "last_read": "1581366891.013900"
    },
    {
        "client_msg_id": "9ff57634-ac2e-49e0-bad5-c3bc287212b4",
        "type": "message",
        "text": "Weird, sending you a DM to do the checks.",
        "user": "U5M5PLH9S",
        "ts": "1581366891.013900",
        "team": "T5M5PLH8U",
        "user_team": "T5M5PLH8U",
        "source_team": "T5M5PLH8U",
        "user_profile": {
            "avatar_hash": "e4fb6ae9f526",
            "image_72": "https:\/\/avatars.slack-edge.com\/2017-06-01\/191144530514_e4fb6ae9f526531fd41c_72.jpg",
            "first_name": "",
            "real_name": "kelu",
            "display_name": "",
            "team": "T5M5PLH8U",
            "name": "kelu",
            "is_restricted": false,
            "is_ultra_restricted": false
        },
        "blocks": [
            {
                "type": "rich_text",
                "block_id": "2NVH",
                "elements": [
                    {
                        "type": "rich_text_section",
                        "elements": [
                            {
                                "type": "text",
                                "text": "Weird, sending you a DM to do the checks."
                            }
                        ]
                    }
                ]
            }
        ],
        "thread_ts": "1581366738.013300",
        "parent_user_id": "URM2LCMHA"
    },
    {
        "type": "message",
        "text": "RPIZero-W with Raspian NOOBS. Only jumper is on HV (24V).",
        "files": [
            {
                "id": "FTT6HD420",
                "created": 1581367072,
                "timestamp": 1581367072,
                "name": "20200210_153359.jpg",
                "title": "20200210_153359.jpg",
                "mimetype": "image\/jpeg",
                "filetype": "jpg",
                "pretty_type": "JPEG",
                "user": "URM2LCMHA",
                "editable": false,
                "size": 2354832,
                "mode": "hosted",
                "is_external": false,
                "external_type": "",
                "is_public": true,
                "public_url_shared": false,
                "display_as_bot": false,
                "username": "",
                "url_private": "https:\/\/files.slack.com\/files-pri\/T5M5PLH8U-FTT6HD420\/20200210_153359.jpg?t=xoxe-191193697300-964750812979-978081040215-70140a522cd1d53d5dacb8121ac10305",
                "url_private_download": "https:\/\/files.slack.com\/files-pri\/T5M5PLH8U-FTT6HD420\/download\/20200210_153359.jpg?t=xoxe-191193697300-964750812979-978081040215-70140a522cd1d53d5dacb8121ac10305",
                "thumb_64": "https:\/\/files.slack.com\/files-tmb\/T5M5PLH8U-FTT6HD420-553db7983a\/20200210_153359_64.jpg?t=xoxe-191193697300-964750812979-978081040215-70140a522cd1d53d5dacb8121ac10305",
                "thumb_80": "https:\/\/files.slack.com\/files-tmb\/T5M5PLH8U-FTT6HD420-553db7983a\/20200210_153359_80.jpg?t=xoxe-191193697300-964750812979-978081040215-70140a522cd1d53d5dacb8121ac10305",
                "thumb_360": "https:\/\/files.slack.com\/files-tmb\/T5M5PLH8U-FTT6HD420-553db7983a\/20200210_153359_360.jpg?t=xoxe-191193697300-964750812979-978081040215-70140a522cd1d53d5dacb8121ac10305",
                "thumb_360_w": 270,
                "thumb_360_h": 360,
                "thumb_480": "https:\/\/files.slack.com\/files-tmb\/T5M5PLH8U-FTT6HD420-553db7983a\/20200210_153359_480.jpg?t=xoxe-191193697300-964750812979-978081040215-70140a522cd1d53d5dacb8121ac10305",
                "thumb_480_w": 360,
                "thumb_480_h": 480,
                "thumb_160": "https:\/\/files.slack.com\/files-tmb\/T5M5PLH8U-FTT6HD420-553db7983a\/20200210_153359_160.jpg?t=xoxe-191193697300-964750812979-978081040215-70140a522cd1d53d5dacb8121ac10305",
                "thumb_720": "https:\/\/files.slack.com\/files-tmb\/T5M5PLH8U-FTT6HD420-553db7983a\/20200210_153359_720.jpg?t=xoxe-191193697300-964750812979-978081040215-70140a522cd1d53d5dacb8121ac10305",
                "thumb_720_w": 540,
                "thumb_720_h": 720,
                "thumb_800": "https:\/\/files.slack.com\/files-tmb\/T5M5PLH8U-FTT6HD420-553db7983a\/20200210_153359_800.jpg?t=xoxe-191193697300-964750812979-978081040215-70140a522cd1d53d5dacb8121ac10305",
                "thumb_800_w": 800,
                "thumb_800_h": 1067,
                "thumb_960": "https:\/\/files.slack.com\/files-tmb\/T5M5PLH8U-FTT6HD420-553db7983a\/20200210_153359_960.jpg?t=xoxe-191193697300-964750812979-978081040215-70140a522cd1d53d5dacb8121ac10305",
                "thumb_960_w": 720,
                "thumb_960_h": 960,
                "thumb_1024": "https:\/\/files.slack.com\/files-tmb\/T5M5PLH8U-FTT6HD420-553db7983a\/20200210_153359_1024.jpg?t=xoxe-191193697300-964750812979-978081040215-70140a522cd1d53d5dacb8121ac10305",
                "thumb_1024_w": 768,
                "thumb_1024_h": 1024,
                "image_exif_rotation": 6,
                "original_w": 2880,
                "original_h": 2160,
                "thumb_tiny": "AwAwACRNoPUZp3lZxgkYoFDzeWQNuc+9SUNtw\/muM9OelDwlWVFkbc5\/TvSQzqsjttPP6VJbSLNcO3PC4Gf1piJgm0AKzADpzS7W\/vt+n+FPooAqCq9xzKMjjFWO9QXDBX\/4DQMjTAiYn1qxpww7e4zVUtiEqRn3q7Z4DgZ\/h9KYi5RRRSAo7gOpFQSK0zkrjAGMk4pxhjb+HH0oEZRQqg9aAZPMu+CMRxrynJyBzT7WEx7SwHK+uahCOyAFW46cVbiztAKENnrQJElJS0UDP\/\/Z",
                "permalink": "https:\/\/usdevkit.slack.com\/files\/URM2LCMHA\/FTT6HD420\/20200210_153359.jpg",
                "permalink_public": "https:\/\/slack-files.com\/T5M5PLH8U-FTT6HD420-9378b2b778",
                "is_starred": false,
                "has_rich_preview": false
            }
        ],
        "upload": true,
        "blocks": [
            {
                "type": "rich_text",
                "block_id": "whQ",
                "elements": [
                    {
                        "type": "rich_text_section",
                        "elements": [
                            {
                                "type": "text",
                                "text": "RPIZero-W with Raspian NOOBS. Only jumper is on HV (24V)."
                            }
                        ]
                    }
                ]
            }
        ],
        "user": "URM2LCMHA",
        "display_as_bot": false,
        "ts": "1581367081.014100",
        "client_msg_id": "9431634f-4ca9-4191-a917-e5bb77de608b"
    },
    {
        "type": "message",
        "subtype": "channel_join",
        "ts": "1581386471.014500",
        "user": "UTU33MKJ9",
        "text": "<@UTU33MKJ9> has joined the channel"
    },
    {
        "type": "message",
        "text": "Hi everyone. Thank you kelu for the invitation.\nI am completly new to hardware but despite this i am working on some hardware project. please see this brief presentation",
        "files": [
            {
                "id": "FTVUQ7X39",
                "created": 1581388605,
                "timestamp": 1581388605,
                "name": "showMe Presentation 1.6 - EN.pptx",
                "title": "showMe Presentation 1.6 - EN.pptx",
                "mimetype": "application\/vnd.openxmlformats-officedocument.presentationml.presentation",
                "filetype": "pptx",
                "pretty_type": "PowerPoint Presentation",
                "user": "UTU33MKJ9",
                "editable": false,
                "size": 6716368,
                "mode": "hosted",
                "is_external": false,
                "external_type": "",
                "is_public": true,
                "public_url_shared": false,
                "display_as_bot": false,
                "username": "",
                "url_private": "https:\/\/files.slack.com\/files-pri\/T5M5PLH8U-FTVUQ7X39\/showme_presentation_1.6_-_en.pptx?t=xoxe-191193697300-964750812979-978081040215-70140a522cd1d53d5dacb8121ac10305",
                "url_private_download": "https:\/\/files.slack.com\/files-pri\/T5M5PLH8U-FTVUQ7X39\/download\/showme_presentation_1.6_-_en.pptx?t=xoxe-191193697300-964750812979-978081040215-70140a522cd1d53d5dacb8121ac10305",
                "permalink": "https:\/\/usdevkit.slack.com\/files\/UTU33MKJ9\/FTVUQ7X39\/showme_presentation_1.6_-_en.pptx",
                "permalink_public": "https:\/\/slack-files.com\/T5M5PLH8U-FTVUQ7X39-e0809c0be3",
                "is_starred": false,
                "has_rich_preview": false
            }
        ],
        "upload": true,
        "blocks": [
            {
                "type": "rich_text",
                "block_id": "CA2j+",
                "elements": [
                    {
                        "type": "rich_text_section",
                        "elements": [
                            {
                                "type": "text",
                                "text": "Hi everyone. Thank you kelu for the invitation.\nI am completly new to hardware but despite this i am working on some hardware project. please see this brief presentation"
                            }
                        ]
                    }
                ]
            }
        ],
        "user": "UTU33MKJ9",
        "display_as_bot": false,
        "ts": "1581388621.016300",
        "client_msg_id": "bd91b9cd-a00e-4fbf-95ed-282bfb746688"
    }
]