[
    {
        "client_msg_id": "026959cc-4949-49f0-accf-6701b6c70f52",
        "type": "message",
        "text": "For a) I would add that you could add switches or muxes, with which you can add channels a lower cost. I've started on a max14866 design for 8 elements independant tx\/rx",
        "user": "U5M5PLH9S",
        "ts": "1578903478.021600",
        "team": "T5M5PLH8U",
        "user_team": "T5M5PLH8U",
        "source_team": "T5M5PLH8U",
        "user_profile": {
            "avatar_hash": "e4fb6ae9f526",
            "image_72": "https:\/\/avatars.slack-edge.com\/2017-06-01\/191144530514_e4fb6ae9f526531fd41c_72.jpg",
            "first_name": "",
            "real_name": "kelu",
            "display_name": "",
            "team": "T5M5PLH8U",
            "name": "kelu",
            "is_restricted": false,
            "is_ultra_restricted": false
        },
        "blocks": [
            {
                "type": "rich_text",
                "block_id": "DFSKz",
                "elements": [
                    {
                        "type": "rich_text_section",
                        "elements": [
                            {
                                "type": "text",
                                "text": "For a) I would add that you could add switches or muxes, with which you can add channels a lower cost. I've started on a max14866 design for 8 elements independant tx\/rx"
                            }
                        ]
                    }
                ]
            }
        ]
    },
    {
        "client_msg_id": "b14e60ca-749e-4ae6-a7e1-1c4a076e7a69",
        "type": "message",
        "text": "But that means you can only shoot from one element, and listen on one element",
        "user": "U5M5PLH9S",
        "ts": "1578903512.022400",
        "team": "T5M5PLH8U",
        "user_team": "T5M5PLH8U",
        "source_team": "T5M5PLH8U",
        "user_profile": {
            "avatar_hash": "e4fb6ae9f526",
            "image_72": "https:\/\/avatars.slack-edge.com\/2017-06-01\/191144530514_e4fb6ae9f526531fd41c_72.jpg",
            "first_name": "",
            "real_name": "kelu",
            "display_name": "",
            "team": "T5M5PLH8U",
            "name": "kelu",
            "is_restricted": false,
            "is_ultra_restricted": false
        },
        "blocks": [
            {
                "type": "rich_text",
                "block_id": "HHTc",
                "elements": [
                    {
                        "type": "rich_text_section",
                        "elements": [
                            {
                                "type": "text",
                                "text": "But that means you can only shoot from one element, and listen on one element"
                            }
                        ]
                    }
                ]
            }
        ]
    },
    {
        "client_msg_id": "a10b690b-118f-4453-ae59-d53e914164d3",
        "type": "message",
        "text": "For compressed sensing, yeah that's the thing for single element designs ! But one needs a reliable manufacturer or process to do the right mask. Also a point of interest for many of us here :)",
        "user": "U5M5PLH9S",
        "ts": "1578903640.024500",
        "team": "T5M5PLH8U",
        "user_team": "T5M5PLH8U",
        "source_team": "T5M5PLH8U",
        "user_profile": {
            "avatar_hash": "e4fb6ae9f526",
            "image_72": "https:\/\/avatars.slack-edge.com\/2017-06-01\/191144530514_e4fb6ae9f526531fd41c_72.jpg",
            "first_name": "",
            "real_name": "kelu",
            "display_name": "",
            "team": "T5M5PLH8U",
            "name": "kelu",
            "is_restricted": false,
            "is_ultra_restricted": false
        },
        "blocks": [
            {
                "type": "rich_text",
                "block_id": "cGs",
                "elements": [
                    {
                        "type": "rich_text_section",
                        "elements": [
                            {
                                "type": "text",
                                "text": "For compressed sensing, yeah that's the thing for single element designs ! But one needs a reliable manufacturer or process to do the right mask. Also a point of interest for many of us here :)"
                            }
                        ]
                    }
                ]
            }
        ]
    },
    {
        "client_msg_id": "7c7de51f-f5f5-4a14-a6d0-e0d7ceeb2fd3",
        "type": "message",
        "text": "I still haven't looked at the compressed sensing paper in detail, but it seems like they must be doing one of two things (a) exploiting some kind of nonlinearity caused by the aperture or (b) only be able to reconstruct sparse images -- if it is (a), then I think this approach has potential, if (b) then I wouldn't expect this to be useful in most applications",
        "user": "USJK5K11S",
        "ts": "1578904686.026600",
        "team": "T5M5PLH8U",
        "user_team": "T5M5PLH8U",
        "source_team": "T5M5PLH8U",
        "user_profile": {
            "avatar_hash": "g027eaf1f628",
            "image_72": "https:\/\/secure.gravatar.com\/avatar\/027eaf1f628f3e6a5bdffdce5d633d19.jpg?s=72&d=https%3A%2F%2Fa.slack-edge.com%2Fdf10d%2Fimg%2Favatars%2Fava_0005-72.png",
            "first_name": "",
            "real_name": "Nate",
            "display_name": "Nate",
            "team": "T5M5PLH8U",
            "name": "schillna",
            "is_restricted": false,
            "is_ultra_restricted": false
        },
        "blocks": [
            {
                "type": "rich_text",
                "block_id": "pqpYU",
                "elements": [
                    {
                        "type": "rich_text_section",
                        "elements": [
                            {
                                "type": "text",
                                "text": "I still haven't looked at the compressed sensing paper in detail, but it seems like they must be doing one of two things (a) exploiting some kind of nonlinearity caused by the aperture or (b) only be able to reconstruct sparse images -- if it is (a), then I think this approach has potential, if (b) then I wouldn't expect this to be useful in most applications"
                            }
                        ]
                    }
                ]
            }
        ],
        "reactions": [
            {
                "name": "+1",
                "users": [
                    "U5M5PLH9S",
                    "U8Z3VB1T2"
                ],
                "count": 2
            }
        ]
    }
]