[
    {
        "client_msg_id": "c0681b29-79b3-42e1-bd4a-1c5c8c60c2d0",
        "type": "message",
        "text": "Luc, I am having trouble getting response from the probe (un0rick v1.1 hardware).  I get narrow 'clipping' spikes at 64Msps, tried lowering TGC same. Probe is in 80mm water tank.",
        "user": "URM2LCMHA",
        "ts": "1580913222.001700",
        "team": "T5M5PLH8U",
        "user_team": "T5M5PLH8U",
        "source_team": "T5M5PLH8U",
        "user_profile": {
            "avatar_hash": "g0727c50e72c",
            "image_72": "https:\/\/secure.gravatar.com\/avatar\/0727c50e72cecd2eb296eadbca46c9b1.jpg?s=72&d=https%3A%2F%2Fa.slack-edge.com%2Fdf10d%2Fimg%2Favatars%2Fava_0018-72.png",
            "first_name": "",
            "real_name": "Richard",
            "display_name": "Richard",
            "team": "T5M5PLH8U",
            "name": "richard.st-pierre",
            "is_restricted": false,
            "is_ultra_restricted": false
        },
        "edited": {
            "user": "URM2LCMHA",
            "ts": "1580914951.000000"
        },
        "blocks": [
            {
                "type": "rich_text",
                "block_id": "q75W",
                "elements": [
                    {
                        "type": "rich_text_section",
                        "elements": [
                            {
                                "type": "text",
                                "text": "Luc, I am having trouble getting response from the probe (un0rick v1.1 hardware).  I get narrow 'clipping' spikes at 64Msps, tried lowering TGC same. Probe is in 80mm water tank."
                            }
                        ]
                    }
                ]
            }
        ]
    },
    {
        "type": "message",
        "text": "Full TGC sweep and minimum gain",
        "files": [
            {
                "id": "FTKUVDWFN",
                "created": 1580926143,
                "timestamp": 1580926143,
                "name": "20200204a-2.jpg",
                "title": "20200204a-2.jpg",
                "mimetype": "image\/jpeg",
                "filetype": "jpg",
                "pretty_type": "JPEG",
                "user": "URM2LCMHA",
                "editable": false,
                "size": 140934,
                "mode": "hosted",
                "is_external": false,
                "external_type": "",
                "is_public": true,
                "public_url_shared": false,
                "display_as_bot": false,
                "username": "",
                "url_private": "https:\/\/files.slack.com\/files-pri\/T5M5PLH8U-FTKUVDWFN\/20200204a-2.jpg?t=xoxe-191193697300-964750812979-978081040215-70140a522cd1d53d5dacb8121ac10305",
                "url_private_download": "https:\/\/files.slack.com\/files-pri\/T5M5PLH8U-FTKUVDWFN\/download\/20200204a-2.jpg?t=xoxe-191193697300-964750812979-978081040215-70140a522cd1d53d5dacb8121ac10305",
                "thumb_64": "https:\/\/files.slack.com\/files-tmb\/T5M5PLH8U-FTKUVDWFN-5a4dc38dc9\/20200204a-2_64.jpg?t=xoxe-191193697300-964750812979-978081040215-70140a522cd1d53d5dacb8121ac10305",
                "thumb_80": "https:\/\/files.slack.com\/files-tmb\/T5M5PLH8U-FTKUVDWFN-5a4dc38dc9\/20200204a-2_80.jpg?t=xoxe-191193697300-964750812979-978081040215-70140a522cd1d53d5dacb8121ac10305",
                "thumb_360": "https:\/\/files.slack.com\/files-tmb\/T5M5PLH8U-FTKUVDWFN-5a4dc38dc9\/20200204a-2_360.jpg?t=xoxe-191193697300-964750812979-978081040215-70140a522cd1d53d5dacb8121ac10305",
                "thumb_360_w": 360,
                "thumb_360_h": 180,
                "thumb_480": "https:\/\/files.slack.com\/files-tmb\/T5M5PLH8U-FTKUVDWFN-5a4dc38dc9\/20200204a-2_480.jpg?t=xoxe-191193697300-964750812979-978081040215-70140a522cd1d53d5dacb8121ac10305",
                "thumb_480_w": 480,
                "thumb_480_h": 240,
                "thumb_160": "https:\/\/files.slack.com\/files-tmb\/T5M5PLH8U-FTKUVDWFN-5a4dc38dc9\/20200204a-2_160.jpg?t=xoxe-191193697300-964750812979-978081040215-70140a522cd1d53d5dacb8121ac10305",
                "thumb_720": "https:\/\/files.slack.com\/files-tmb\/T5M5PLH8U-FTKUVDWFN-5a4dc38dc9\/20200204a-2_720.jpg?t=xoxe-191193697300-964750812979-978081040215-70140a522cd1d53d5dacb8121ac10305",
                "thumb_720_w": 720,
                "thumb_720_h": 360,
                "thumb_800": "https:\/\/files.slack.com\/files-tmb\/T5M5PLH8U-FTKUVDWFN-5a4dc38dc9\/20200204a-2_800.jpg?t=xoxe-191193697300-964750812979-978081040215-70140a522cd1d53d5dacb8121ac10305",
                "thumb_800_w": 800,
                "thumb_800_h": 400,
                "thumb_960": "https:\/\/files.slack.com\/files-tmb\/T5M5PLH8U-FTKUVDWFN-5a4dc38dc9\/20200204a-2_960.jpg?t=xoxe-191193697300-964750812979-978081040215-70140a522cd1d53d5dacb8121ac10305",
                "thumb_960_w": 960,
                "thumb_960_h": 480,
                "thumb_1024": "https:\/\/files.slack.com\/files-tmb\/T5M5PLH8U-FTKUVDWFN-5a4dc38dc9\/20200204a-2_1024.jpg?t=xoxe-191193697300-964750812979-978081040215-70140a522cd1d53d5dacb8121ac10305",
                "thumb_1024_w": 1024,
                "thumb_1024_h": 512,
                "image_exif_rotation": 1,
                "original_w": 2000,
                "original_h": 1000,
                "thumb_tiny": "AwAYADDTo\/GgUUAMlIWNm6lQTWcNScdI1\/M1oT\/8e8n+6f5Vg10UYKSdxMv\/ANpyf881\/M1Ys7trgsGUDbjpWRV\/SvvSfQVdSnFRbSEmadFFFchQyUFoXUdSpArK+wXH90f99Ctc9DRWkKjjsKxkfYLj+6P++hVuwt5IGfzABkDHNXKWnKrKSswsf\/\/Z",
                "permalink": "https:\/\/usdevkit.slack.com\/files\/URM2LCMHA\/FTKUVDWFN\/20200204a-2.jpg",
                "permalink_public": "https:\/\/slack-files.com\/T5M5PLH8U-FTKUVDWFN-a513a74221",
                "is_starred": false,
                "has_rich_preview": false
            },
            {
                "id": "FTLCTDN3A",
                "created": 1580926143,
                "timestamp": 1580926143,
                "name": "gain_10_20200205a-1.jpg",
                "title": "gain_10_20200205a-1.jpg",
                "mimetype": "image\/jpeg",
                "filetype": "jpg",
                "pretty_type": "JPEG",
                "user": "URM2LCMHA",
                "editable": false,
                "size": 140784,
                "mode": "hosted",
                "is_external": false,
                "external_type": "",
                "is_public": true,
                "public_url_shared": false,
                "display_as_bot": false,
                "username": "",
                "url_private": "https:\/\/files.slack.com\/files-pri\/T5M5PLH8U-FTLCTDN3A\/gain_10_20200205a-1.jpg?t=xoxe-191193697300-964750812979-978081040215-70140a522cd1d53d5dacb8121ac10305",
                "url_private_download": "https:\/\/files.slack.com\/files-pri\/T5M5PLH8U-FTLCTDN3A\/download\/gain_10_20200205a-1.jpg?t=xoxe-191193697300-964750812979-978081040215-70140a522cd1d53d5dacb8121ac10305",
                "thumb_64": "https:\/\/files.slack.com\/files-tmb\/T5M5PLH8U-FTLCTDN3A-605558c3e8\/gain_10_20200205a-1_64.jpg?t=xoxe-191193697300-964750812979-978081040215-70140a522cd1d53d5dacb8121ac10305",
                "thumb_80": "https:\/\/files.slack.com\/files-tmb\/T5M5PLH8U-FTLCTDN3A-605558c3e8\/gain_10_20200205a-1_80.jpg?t=xoxe-191193697300-964750812979-978081040215-70140a522cd1d53d5dacb8121ac10305",
                "thumb_360": "https:\/\/files.slack.com\/files-tmb\/T5M5PLH8U-FTLCTDN3A-605558c3e8\/gain_10_20200205a-1_360.jpg?t=xoxe-191193697300-964750812979-978081040215-70140a522cd1d53d5dacb8121ac10305",
                "thumb_360_w": 360,
                "thumb_360_h": 180,
                "thumb_480": "https:\/\/files.slack.com\/files-tmb\/T5M5PLH8U-FTLCTDN3A-605558c3e8\/gain_10_20200205a-1_480.jpg?t=xoxe-191193697300-964750812979-978081040215-70140a522cd1d53d5dacb8121ac10305",
                "thumb_480_w": 480,
                "thumb_480_h": 240,
                "thumb_160": "https:\/\/files.slack.com\/files-tmb\/T5M5PLH8U-FTLCTDN3A-605558c3e8\/gain_10_20200205a-1_160.jpg?t=xoxe-191193697300-964750812979-978081040215-70140a522cd1d53d5dacb8121ac10305",
                "thumb_720": "https:\/\/files.slack.com\/files-tmb\/T5M5PLH8U-FTLCTDN3A-605558c3e8\/gain_10_20200205a-1_720.jpg?t=xoxe-191193697300-964750812979-978081040215-70140a522cd1d53d5dacb8121ac10305",
                "thumb_720_w": 720,
                "thumb_720_h": 360,
                "thumb_800": "https:\/\/files.slack.com\/files-tmb\/T5M5PLH8U-FTLCTDN3A-605558c3e8\/gain_10_20200205a-1_800.jpg?t=xoxe-191193697300-964750812979-978081040215-70140a522cd1d53d5dacb8121ac10305",
                "thumb_800_w": 800,
                "thumb_800_h": 400,
                "thumb_960": "https:\/\/files.slack.com\/files-tmb\/T5M5PLH8U-FTLCTDN3A-605558c3e8\/gain_10_20200205a-1_960.jpg?t=xoxe-191193697300-964750812979-978081040215-70140a522cd1d53d5dacb8121ac10305",
                "thumb_960_w": 960,
                "thumb_960_h": 480,
                "thumb_1024": "https:\/\/files.slack.com\/files-tmb\/T5M5PLH8U-FTLCTDN3A-605558c3e8\/gain_10_20200205a-1_1024.jpg?t=xoxe-191193697300-964750812979-978081040215-70140a522cd1d53d5dacb8121ac10305",
                "thumb_1024_w": 1024,
                "thumb_1024_h": 512,
                "image_exif_rotation": 1,
                "original_w": 2000,
                "original_h": 1000,
                "thumb_tiny": "AwAYADDTo\/GgUUAMk4Rm9ATWcNScdI1\/M1ozf6l\/90\/yrAroowUk7iZf\/tOT\/nmv51PZ3bXDsrKBgZ4rJq9pf+tf\/d\/rV1KcVFtISZqUUUVyFDZAWicDqQRWT9guP7o\/76FbB6GkHarhUcdhWMj7Bcf3R\/30KtWNtLBIxkAAIx1q7S1UqspKzCx\/\/9k=",
                "permalink": "https:\/\/usdevkit.slack.com\/files\/URM2LCMHA\/FTLCTDN3A\/gain_10_20200205a-1.jpg",
                "permalink_public": "https:\/\/slack-files.com\/T5M5PLH8U-FTLCTDN3A-494a8450ba",
                "is_starred": false,
                "has_rich_preview": false
            }
        ],
        "upload": true,
        "blocks": [
            {
                "type": "rich_text",
                "block_id": "0cP",
                "elements": [
                    {
                        "type": "rich_text_section",
                        "elements": [
                            {
                                "type": "text",
                                "text": "Full TGC sweep and minimum gain"
                            }
                        ]
                    }
                ]
            }
        ],
        "user": "URM2LCMHA",
        "ts": "1580926148.002000",
        "client_msg_id": "1604b9b4-6cd5-46c0-8f8c-c93664247a11"
    },
    {
        "client_msg_id": "e58cde5b-e773-4b99-9460-a12bc4e84ce7",
        "type": "message",
        "text": "Board setup is RPI zeroW on top of FPGA board with single jumper on HV24V selected. Output sma has a \"tee\" so waveform to probe can be viewed. Pulser is outputting. Probe is mounted at surface of 'beaker' with 80mm water and metal washer at bottom.",
        "user": "URM2LCMHA",
        "ts": "1580926290.003400",
        "team": "T5M5PLH8U",
        "user_team": "T5M5PLH8U",
        "source_team": "T5M5PLH8U",
        "user_profile": {
            "avatar_hash": "g0727c50e72c",
            "image_72": "https:\/\/secure.gravatar.com\/avatar\/0727c50e72cecd2eb296eadbca46c9b1.jpg?s=72&d=https%3A%2F%2Fa.slack-edge.com%2Fdf10d%2Fimg%2Favatars%2Fava_0018-72.png",
            "first_name": "",
            "real_name": "Richard",
            "display_name": "Richard",
            "team": "T5M5PLH8U",
            "name": "richard.st-pierre",
            "is_restricted": false,
            "is_ultra_restricted": false
        },
        "edited": {
            "user": "URM2LCMHA",
            "ts": "1580926452.000000"
        },
        "blocks": [
            {
                "type": "rich_text",
                "block_id": "mRu",
                "elements": [
                    {
                        "type": "rich_text_section",
                        "elements": [
                            {
                                "type": "text",
                                "text": "Board setup is RPI zeroW on top of FPGA board with single jumper on HV24V selected. Output sma has a \"tee\" so waveform to probe can be viewed. Pulser is outputting. Probe is mounted at surface of 'beaker' with 80mm water and metal washer at bottom."
                            }
                        ]
                    }
                ]
            }
        ]
    },
    {
        "client_msg_id": "02ca7b6e-34f5-4d6d-8db1-67010252b1fe",
        "type": "message",
        "text": "I see. There is still work ongoing, I guess from this reading you are not using the right pyun0lib",
        "user": "U5M5PLH9S",
        "ts": "1580926655.005700",
        "team": "T5M5PLH8U",
        "user_team": "T5M5PLH8U",
        "source_team": "T5M5PLH8U",
        "user_profile": {
            "avatar_hash": "e4fb6ae9f526",
            "image_72": "https:\/\/avatars.slack-edge.com\/2017-06-01\/191144530514_e4fb6ae9f526531fd41c_72.jpg",
            "first_name": "",
            "real_name": "kelu",
            "display_name": "",
            "team": "T5M5PLH8U",
            "name": "kelu",
            "is_restricted": false,
            "is_ultra_restricted": false
        },
        "blocks": [
            {
                "type": "rich_text",
                "block_id": "ErV",
                "elements": [
                    {
                        "type": "rich_text_section",
                        "elements": [
                            {
                                "type": "text",
                                "text": "I see. There is still work ongoing, I guess from this reading you are not using the right pyun0lib"
                            }
                        ]
                    }
                ]
            }
        ]
    },
    {
        "client_msg_id": "ba882ed4-2c0f-46f2-9a58-5cf367a077b7",
        "type": "message",
        "text": "Can you check that the lib installed is as per <http:\/\/un0rick.cc\/rpi-setup|http:\/\/un0rick.cc\/rpi-setup> ?",
        "user": "U5M5PLH9S",
        "ts": "1580926727.006700",
        "team": "T5M5PLH8U",
        "user_team": "T5M5PLH8U",
        "source_team": "T5M5PLH8U",
        "user_profile": {
            "avatar_hash": "e4fb6ae9f526",
            "image_72": "https:\/\/avatars.slack-edge.com\/2017-06-01\/191144530514_e4fb6ae9f526531fd41c_72.jpg",
            "first_name": "",
            "real_name": "kelu",
            "display_name": "",
            "team": "T5M5PLH8U",
            "name": "kelu",
            "is_restricted": false,
            "is_ultra_restricted": false
        },
        "attachments": [
            {
                "service_name": "un0rick open hardware",
                "title": "How to setup the board using only a raspberry pi 4",
                "title_link": "http:\/\/un0rick.cc\/rpi-setup",
                "text": "un0rick is a open-source ultrasound project.",
                "fallback": "un0rick open hardware: How to setup the board using only a raspberry pi 4",
                "from_url": "http:\/\/un0rick.cc\/rpi-setup",
                "id": 1,
                "original_url": "http:\/\/un0rick.cc\/rpi-setup"
            }
        ],
        "blocks": [
            {
                "type": "rich_text",
                "block_id": "y7T8M",
                "elements": [
                    {
                        "type": "rich_text_section",
                        "elements": [
                            {
                                "type": "text",
                                "text": "Can you check that the lib installed is as per "
                            },
                            {
                                "type": "link",
                                "url": "http:\/\/un0rick.cc\/rpi-setup",
                                "text": "http:\/\/un0rick.cc\/rpi-setup"
                            },
                            {
                                "type": "text",
                                "text": " ?"
                            }
                        ]
                    }
                ]
            }
        ]
    }
]