[
    {
        "type": "message",
        "text": "Results with new\/other transducer !",
        "files": [
            {
                "id": "FTGPE8XL2",
                "created": 1581453180,
                "timestamp": 1581453180,
                "name": "20200211a-1.jpg",
                "title": "20200211a-1.jpg",
                "mimetype": "image\/jpeg",
                "filetype": "jpg",
                "pretty_type": "JPEG",
                "user": "URM2LCMHA",
                "editable": false,
                "size": 196987,
                "mode": "hosted",
                "is_external": false,
                "external_type": "",
                "is_public": true,
                "public_url_shared": false,
                "display_as_bot": false,
                "username": "",
                "url_private": "https:\/\/files.slack.com\/files-pri\/T5M5PLH8U-FTGPE8XL2\/20200211a-1.jpg?t=xoxe-191193697300-964750812979-978081040215-70140a522cd1d53d5dacb8121ac10305",
                "url_private_download": "https:\/\/files.slack.com\/files-pri\/T5M5PLH8U-FTGPE8XL2\/download\/20200211a-1.jpg?t=xoxe-191193697300-964750812979-978081040215-70140a522cd1d53d5dacb8121ac10305",
                "thumb_64": "https:\/\/files.slack.com\/files-tmb\/T5M5PLH8U-FTGPE8XL2-b9f50383b2\/20200211a-1_64.jpg?t=xoxe-191193697300-964750812979-978081040215-70140a522cd1d53d5dacb8121ac10305",
                "thumb_80": "https:\/\/files.slack.com\/files-tmb\/T5M5PLH8U-FTGPE8XL2-b9f50383b2\/20200211a-1_80.jpg?t=xoxe-191193697300-964750812979-978081040215-70140a522cd1d53d5dacb8121ac10305",
                "thumb_360": "https:\/\/files.slack.com\/files-tmb\/T5M5PLH8U-FTGPE8XL2-b9f50383b2\/20200211a-1_360.jpg?t=xoxe-191193697300-964750812979-978081040215-70140a522cd1d53d5dacb8121ac10305",
                "thumb_360_w": 360,
                "thumb_360_h": 180,
                "thumb_480": "https:\/\/files.slack.com\/files-tmb\/T5M5PLH8U-FTGPE8XL2-b9f50383b2\/20200211a-1_480.jpg?t=xoxe-191193697300-964750812979-978081040215-70140a522cd1d53d5dacb8121ac10305",
                "thumb_480_w": 480,
                "thumb_480_h": 240,
                "thumb_160": "https:\/\/files.slack.com\/files-tmb\/T5M5PLH8U-FTGPE8XL2-b9f50383b2\/20200211a-1_160.jpg?t=xoxe-191193697300-964750812979-978081040215-70140a522cd1d53d5dacb8121ac10305",
                "thumb_720": "https:\/\/files.slack.com\/files-tmb\/T5M5PLH8U-FTGPE8XL2-b9f50383b2\/20200211a-1_720.jpg?t=xoxe-191193697300-964750812979-978081040215-70140a522cd1d53d5dacb8121ac10305",
                "thumb_720_w": 720,
                "thumb_720_h": 360,
                "thumb_800": "https:\/\/files.slack.com\/files-tmb\/T5M5PLH8U-FTGPE8XL2-b9f50383b2\/20200211a-1_800.jpg?t=xoxe-191193697300-964750812979-978081040215-70140a522cd1d53d5dacb8121ac10305",
                "thumb_800_w": 800,
                "thumb_800_h": 400,
                "thumb_960": "https:\/\/files.slack.com\/files-tmb\/T5M5PLH8U-FTGPE8XL2-b9f50383b2\/20200211a-1_960.jpg?t=xoxe-191193697300-964750812979-978081040215-70140a522cd1d53d5dacb8121ac10305",
                "thumb_960_w": 960,
                "thumb_960_h": 480,
                "thumb_1024": "https:\/\/files.slack.com\/files-tmb\/T5M5PLH8U-FTGPE8XL2-b9f50383b2\/20200211a-1_1024.jpg?t=xoxe-191193697300-964750812979-978081040215-70140a522cd1d53d5dacb8121ac10305",
                "thumb_1024_w": 1024,
                "thumb_1024_h": 512,
                "image_exif_rotation": 1,
                "original_w": 2000,
                "original_h": 1000,
                "thumb_tiny": "AwAYADDTopMZ60jKCCPWgAbb3OPxpN0a\/wAY\/Ol2r2UflS7R6D8qegDDOg6Et\/ujNLG7OTlCo7Z70+g0aAFIaWikAUUHoaBQAUUUUAf\/2Q==",
                "permalink": "https:\/\/usdevkit.slack.com\/files\/URM2LCMHA\/FTGPE8XL2\/20200211a-1.jpg",
                "permalink_public": "https:\/\/slack-files.com\/T5M5PLH8U-FTGPE8XL2-0043a71c00",
                "is_starred": false,
                "has_rich_preview": false
            }
        ],
        "upload": true,
        "blocks": [
            {
                "type": "rich_text",
                "block_id": "AqP=O",
                "elements": [
                    {
                        "type": "rich_text_section",
                        "elements": [
                            {
                                "type": "text",
                                "text": "Results with new\/other transducer !"
                            }
                        ]
                    }
                ]
            }
        ],
        "user": "URM2LCMHA",
        "display_as_bot": false,
        "ts": "1581453187.016600",
        "edited": {
            "user": "URM2LCMHA",
            "ts": "1581453216.000000"
        },
        "client_msg_id": "c9164db4-5ad3-43c1-bc22-19fdb8630222"
    },
    {
        "client_msg_id": "cb3b6be2-b11f-40a9-97de-fdecc4407862",
        "type": "message",
        "text": "Anyone, ideas about this weird signal ?",
        "user": "U5M5PLH9S",
        "ts": "1581453942.017300",
        "team": "T5M5PLH8U",
        "user_team": "T5M5PLH8U",
        "source_team": "T5M5PLH8U",
        "user_profile": {
            "avatar_hash": "e4fb6ae9f526",
            "image_72": "https:\/\/avatars.slack-edge.com\/2017-06-01\/191144530514_e4fb6ae9f526531fd41c_72.jpg",
            "first_name": "",
            "real_name": "kelu",
            "display_name": "",
            "team": "T5M5PLH8U",
            "name": "kelu",
            "is_restricted": false,
            "is_ultra_restricted": false
        },
        "blocks": [
            {
                "type": "rich_text",
                "block_id": "viv",
                "elements": [
                    {
                        "type": "rich_text_section",
                        "elements": [
                            {
                                "type": "text",
                                "text": "Anyone, ideas about this weird signal ?"
                            }
                        ]
                    }
                ]
            }
        ],
        "thread_ts": "1581453942.017300",
        "reply_count": 1,
        "reply_users_count": 1,
        "latest_reply": "1581453981.017600",
        "reply_users": [
            "U5M5PLH9S"
        ],
        "replies": [
            {
                "user": "U5M5PLH9S",
                "ts": "1581453981.017600"
            }
        ],
        "subscribed": true,
        "last_read": "1581453981.017600"
    },
    {
        "client_msg_id": "92aaddec-65a4-4fa0-9f3d-8220750aab6c",
        "type": "message",
        "text": "Seems we have some echoes, but the peak  in the middle is... weird.",
        "user": "U5M5PLH9S",
        "ts": "1581453981.017600",
        "team": "T5M5PLH8U",
        "user_team": "T5M5PLH8U",
        "source_team": "T5M5PLH8U",
        "user_profile": {
            "avatar_hash": "e4fb6ae9f526",
            "image_72": "https:\/\/avatars.slack-edge.com\/2017-06-01\/191144530514_e4fb6ae9f526531fd41c_72.jpg",
            "first_name": "",
            "real_name": "kelu",
            "display_name": "",
            "team": "T5M5PLH8U",
            "name": "kelu",
            "is_restricted": false,
            "is_ultra_restricted": false
        },
        "blocks": [
            {
                "type": "rich_text",
                "block_id": "7yjm",
                "elements": [
                    {
                        "type": "rich_text_section",
                        "elements": [
                            {
                                "type": "text",
                                "text": "Seems we have some echoes, but the peak  in the middle is... weird."
                            }
                        ]
                    }
                ]
            }
        ],
        "thread_ts": "1581453942.017300",
        "parent_user_id": "U5M5PLH9S"
    }
]