[
    {
        "client_msg_id": "d6321e14-3ef4-44a5-a6fb-0db382fdf790",
        "type": "message",
        "text": "5MHz",
        "user": "URM2LCMHA",
        "ts": "1581709817.018900",
        "team": "T5M5PLH8U",
        "user_team": "T5M5PLH8U",
        "source_team": "T5M5PLH8U",
        "user_profile": {
            "avatar_hash": "g0727c50e72c",
            "image_72": "https:\/\/secure.gravatar.com\/avatar\/0727c50e72cecd2eb296eadbca46c9b1.jpg?s=72&d=https%3A%2F%2Fa.slack-edge.com%2Fdf10d%2Fimg%2Favatars%2Fava_0018-72.png",
            "first_name": "",
            "real_name": "Richard",
            "display_name": "Richard",
            "team": "T5M5PLH8U",
            "name": "richard.st-pierre",
            "is_restricted": false,
            "is_ultra_restricted": false
        },
        "blocks": [
            {
                "type": "rich_text",
                "block_id": "7Z4U5",
                "elements": [
                    {
                        "type": "rich_text_section",
                        "elements": [
                            {
                                "type": "text",
                                "text": "5MHz"
                            }
                        ]
                    }
                ]
            }
        ]
    }
]