[
    {
        "client_msg_id": "3a5612e1-fb29-4fb9-9584-69a613c15178",
        "type": "message",
        "text": "New 50$ probe on ebay : <https:\/\/www.ebay.com\/itm\/ATL-Access-A-Ultrasound-Scanhead-Scan-head-3-Mhz-19mm\/323495321103?hash=item4b51d2de0f:g:Y0UAAOSwy2pbv~W8:rk:1:pf:1&amp;frcectupt=true>",
        "user": "U5M5PLH9S",
        "ts": "1540403252.000100",
        "team": "T5M5PLH8U",
        "user_team": "T5M5PLH8U",
        "source_team": "T5M5PLH8U",
        "user_profile": {
            "avatar_hash": "e4fb6ae9f526",
            "image_72": "https:\/\/avatars.slack-edge.com\/2017-06-01\/191144530514_e4fb6ae9f526531fd41c_72.jpg",
            "first_name": "",
            "real_name": "kelu",
            "display_name": "",
            "team": "T5M5PLH8U",
            "name": "kelu",
            "is_restricted": false,
            "is_ultra_restricted": false
        },
        "attachments": [
            {
                "service_name": "eBay",
                "title": "ATL Access-A Ultrasound Scanhead Scan head 3 Mhz; 19mm",
                "title_link": "https:\/\/www.ebay.com\/itm\/ATL-Access-A-Ultrasound-Scanhead-Scan-head-3-Mhz-19mm\/323495321103?hash=item4b51d2de0f:g:Y0UAAOSwy2pbv~W8:rk:1:pf:1&frcectupt=true",
                "text": "This item is soldAS IS. Fast response. | eBay!",
                "fallback": "eBay: ATL Access-A Ultrasound Scanhead Scan head 3 Mhz; 19mm",
                "thumb_url": "https:\/\/i.ebayimg.com\/images\/i\/323495321103-0-1\/s-l1000.jpg",
                "from_url": "https:\/\/www.ebay.com\/itm\/ATL-Access-A-Ultrasound-Scanhead-Scan-head-3-Mhz-19mm\/323495321103?hash=item4b51d2de0f:g:Y0UAAOSwy2pbv~W8:rk:1:pf:1&frcectupt=true",
                "thumb_width": 1000,
                "thumb_height": 523,
                "service_icon": "https:\/\/www.ebay.com\/favicon.ico",
                "id": 1,
                "original_url": "https:\/\/www.ebay.com\/itm\/ATL-Access-A-Ultrasound-Scanhead-Scan-head-3-Mhz-19mm\/323495321103?hash=item4b51d2de0f:g:Y0UAAOSwy2pbv~W8:rk:1:pf:1&amp;frcectupt=true"
            }
        ],
        "reactions": [
            {
                "name": "+1",
                "users": [
                    "U8Z3VB1T2"
                ],
                "count": 1
            }
        ]
    },
    {
        "client_msg_id": "ce00f624-dd21-4294-83c0-c34b94538c90",
        "type": "message",
        "text": "And another, smaller one",
        "user": "U5M5PLH9S",
        "ts": "1540403394.000200",
        "team": "T5M5PLH8U",
        "user_team": "T5M5PLH8U",
        "source_team": "T5M5PLH8U",
        "user_profile": {
            "avatar_hash": "e4fb6ae9f526",
            "image_72": "https:\/\/avatars.slack-edge.com\/2017-06-01\/191144530514_e4fb6ae9f526531fd41c_72.jpg",
            "first_name": "",
            "real_name": "kelu",
            "display_name": "",
            "team": "T5M5PLH8U",
            "name": "kelu",
            "is_restricted": false,
            "is_ultra_restricted": false
        }
    },
    {
        "client_msg_id": "c63a0393-3037-4d8d-bce2-942b10bc1199",
        "type": "message",
        "text": "<https:\/\/www.ebay.com\/itm\/AUSONICS-011-752-7-5MHZ-ULTRASOUND-TRANSDUCER-PROBE\/332635834943?hash=item4d72a40a3f:g:pGcAAOSw441a5h9T:rk:1:pf:1&amp;frcectupt=true>",
        "user": "U5M5PLH9S",
        "ts": "1540403394.000300",
        "team": "T5M5PLH8U",
        "user_team": "T5M5PLH8U",
        "source_team": "T5M5PLH8U",
        "user_profile": {
            "avatar_hash": "e4fb6ae9f526",
            "image_72": "https:\/\/avatars.slack-edge.com\/2017-06-01\/191144530514_e4fb6ae9f526531fd41c_72.jpg",
            "first_name": "",
            "real_name": "kelu",
            "display_name": "",
            "team": "T5M5PLH8U",
            "name": "kelu",
            "is_restricted": false,
            "is_ultra_restricted": false
        },
        "attachments": [
            {
                "service_name": "eBay",
                "title": "AUSONICS 011-752 7.5MHZ ULTRASOUND TRANSDUCER PROBE",
                "title_link": "https:\/\/www.ebay.com\/itm\/AUSONICS-011-752-7-5MHZ-ULTRASOUND-TRANSDUCER-PROBE\/332635834943?hash=item4d72a40a3f:g:pGcAAOSw441a5h9T:rk:1:pf:1&frcectupt=true",
                "text": "Ausonics 011-752 7.5mhz transducer. unit looks to be in good condition but i have no way to test it, so it is sold as-is. | eBay!",
                "fallback": "eBay: AUSONICS 011-752 7.5MHZ ULTRASOUND TRANSDUCER PROBE",
                "thumb_url": "https:\/\/i.ebayimg.com\/images\/i\/332635834943-0-1\/s-l1000.jpg",
                "from_url": "https:\/\/www.ebay.com\/itm\/AUSONICS-011-752-7-5MHZ-ULTRASOUND-TRANSDUCER-PROBE\/332635834943?hash=item4d72a40a3f:g:pGcAAOSw441a5h9T:rk:1:pf:1&frcectupt=true",
                "thumb_width": 1000,
                "thumb_height": 750,
                "service_icon": "https:\/\/www.ebay.com\/favicon.ico",
                "id": 1,
                "original_url": "https:\/\/www.ebay.com\/itm\/AUSONICS-011-752-7-5MHZ-ULTRASOUND-TRANSDUCER-PROBE\/332635834943?hash=item4d72a40a3f:g:pGcAAOSw441a5h9T:rk:1:pf:1&amp;frcectupt=true"
            }
        ]
    }
]