[
    {
        "client_msg_id": "0be85868-2eed-400d-9207-03f3629a39d6",
        "type": "message",
        "text": "plenty of Chinese suppliers also making similar piezo discs that look similar to the Steminc ones (more useful for us here in HK) <https:\/\/www.alibaba.com\/showroom\/piezo-5mhz.html>",
        "user": "UCBATG8KC",
        "ts": "1544413758.000100",
        "team": "T5M5PLH8U",
        "user_team": "T5M5PLH8U",
        "source_team": "T5M5PLH8U",
        "user_profile": {
            "avatar_hash": "gb4597a5cfa9",
            "image_72": "https:\/\/secure.gravatar.com\/avatar\/6b4597a5cfa903422ed68f354e549d6d.jpg?s=72&d=https%3A%2F%2Fa.slack-edge.com%2Fdf10d%2Fimg%2Favatars%2Fava_0022-72.png",
            "first_name": "",
            "real_name": "Edward Jackson",
            "display_name": "Ed",
            "team": "T5M5PLH8U",
            "name": "ejjackson",
            "is_restricted": false,
            "is_ultra_restricted": false
        },
        "attachments": [
            {
                "title": "Piezo 5mhz, Piezo 5mhz Suppliers and Manufacturers at Alibaba.com",
                "title_link": "https:\/\/www.alibaba.com\/showroom\/piezo-5mhz.html",
                "text": "<http:\/\/Alibaba.com|Alibaba.com> offers 86 piezo 5mhz products. About 68% of these are electrical ceramics, 9% are sensors, and 6% are other consumer electronics. A wide variety of piezo 5mhz options are available to you, such as piezoelectric ceramics, electrothermal ceramics, and high frequency ceramics.",
                "fallback": "Piezo 5mhz, Piezo 5mhz Suppliers and Manufacturers at Alibaba.com",
                "from_url": "https:\/\/www.alibaba.com\/showroom\/piezo-5mhz.html",
                "service_icon": "http:\/\/is.alicdn.com\/favicon.ico",
                "service_name": "alibaba.com",
                "id": 1,
                "original_url": "https:\/\/www.alibaba.com\/showroom\/piezo-5mhz.html"
            }
        ],
        "thread_ts": "1544034240.001300",
        "parent_user_id": "U5M5PLH9S"
    }
]