[
    {
        "type": "message",
        "subtype": "channel_join",
        "ts": "1543995634.000200",
        "user": "UCBATG8KC",
        "text": "<@UCBATG8KC> has joined the channel"
    },
    {
        "client_msg_id": "5d593664-2ae8-4730-a89e-2f39ca7bb9a1",
        "type": "message",
        "text": "has anyone tried using the olypus ndt ultarsound sensors, like this one? <https:\/\/www.olympus-ims.com\/en\/ultrasonic-transducers\/immersion\/#!cms[tab]=%2Fpanametrics-ndt-ultrasonic%2Fimmersion%2Foverview>",
        "user": "UCBATG8KC",
        "ts": "1543996161.000700",
        "team": "T5M5PLH8U",
        "user_team": "T5M5PLH8U",
        "source_team": "T5M5PLH8U",
        "user_profile": {
            "avatar_hash": "gb4597a5cfa9",
            "image_72": "https:\/\/secure.gravatar.com\/avatar\/6b4597a5cfa903422ed68f354e549d6d.jpg?s=72&d=https%3A%2F%2Fa.slack-edge.com%2Fdf10d%2Fimg%2Favatars%2Fava_0022-72.png",
            "first_name": "",
            "real_name": "Edward Jackson",
            "display_name": "Ed",
            "team": "T5M5PLH8U",
            "name": "ejjackson",
            "is_restricted": false,
            "is_ultra_restricted": false
        },
        "attachments": [
            {
                "title": "Immersion Transducers",
                "title_link": "https:\/\/www.olympus-ims.com\/en\/ultrasonic-transducers\/immersion\/#!cms[tab]=%2Fpanametrics-ndt-ultrasonic%2Fimmersion%2Foverview",
                "text": "An immersion transducer is a single element longitudinal wave transducer with a quarter wavelength layer acoustically matched to water.",
                "fallback": "Immersion Transducers",
                "from_url": "https:\/\/www.olympus-ims.com\/en\/ultrasonic-transducers\/immersion\/#!cms[tab]=%2Fpanametrics-ndt-ultrasonic%2Fimmersion%2Foverview",
                "service_icon": "https:\/\/www.olympus-ims.com\/favicon.ico?v1",
                "service_name": "olympus-ims.com",
                "id": 1,
                "original_url": "https:\/\/www.olympus-ims.com\/en\/ultrasonic-transducers\/immersion\/#!cms[tab]=%2Fpanametrics-ndt-ultrasonic%2Fimmersion%2Foverview"
            }
        ]
    }
]