[
    {
        "client_msg_id": "43ede2a8-127f-4620-a956-2f86e17ba1ed",
        "type": "message",
        "text": "Hi <@UCBATG8KC>, I haven't had the chance to play with one, those are quite expensive for hobbyist :confused:",
        "user": "U5M5PLH9S",
        "ts": "1544034240.001300",
        "team": "T5M5PLH8U",
        "user_team": "T5M5PLH8U",
        "source_team": "T5M5PLH8U",
        "user_profile": {
            "avatar_hash": "e4fb6ae9f526",
            "image_72": "https:\/\/avatars.slack-edge.com\/2017-06-01\/191144530514_e4fb6ae9f526531fd41c_72.jpg",
            "first_name": "",
            "real_name": "kelu",
            "display_name": "",
            "team": "T5M5PLH8U",
            "name": "kelu",
            "is_restricted": false,
            "is_ultra_restricted": false
        },
        "thread_ts": "1544034240.001300",
        "reply_count": 5,
        "reply_users_count": 3,
        "latest_reply": "1544445048.000100",
        "reply_users": [
            "UCBATG8KC",
            "U5M5PLH9S",
            "U8Z3VB1T2"
        ],
        "replies": [
            {
                "user": "UCBATG8KC",
                "ts": "1544059803.002000"
            },
            {
                "user": "U5M5PLH9S",
                "ts": "1544084862.002200"
            },
            {
                "user": "U8Z3VB1T2",
                "ts": "1544321917.000100"
            },
            {
                "user": "UCBATG8KC",
                "ts": "1544413758.000100"
            },
            {
                "user": "U5M5PLH9S",
                "ts": "1544445048.000100"
            }
        ],
        "subscribed": true,
        "last_read": "1544445048.000100"
    },
    {
        "client_msg_id": "4d9c8e6c-f90b-467b-bd54-b5de2d1bb959",
        "type": "message",
        "text": "(but I'd gladly accept all obsolete transducers ^^ That's part of my probes recycling program, cf <https:\/\/github.com\/kelu124\/echomods\/tree\/master\/include\/probes> )",
        "user": "U5M5PLH9S",
        "ts": "1544034286.001900",
        "team": "T5M5PLH8U",
        "user_team": "T5M5PLH8U",
        "source_team": "T5M5PLH8U",
        "user_profile": {
            "avatar_hash": "e4fb6ae9f526",
            "image_72": "https:\/\/avatars.slack-edge.com\/2017-06-01\/191144530514_e4fb6ae9f526531fd41c_72.jpg",
            "first_name": "",
            "real_name": "kelu",
            "display_name": "",
            "team": "T5M5PLH8U",
            "name": "kelu",
            "is_restricted": false,
            "is_ultra_restricted": false
        }
    },
    {
        "client_msg_id": "a6f16e8a-f590-436a-97ac-f3f6589119fc",
        "type": "message",
        "text": "yeah, they are pretty expensive, my thinking is if our budget extends to it to get one and use it to compare relative performance with some of the cheap ones either from used probes or the cheap un-matched piezo transducers (like the ones in simpleRick <https:\/\/github.com\/wlmeng11\/rtl-ultrasound\/blob\/master\/experiments\/20180821\/README.md>)",
        "user": "UCBATG8KC",
        "ts": "1544059803.002000",
        "team": "T5M5PLH8U",
        "user_team": "T5M5PLH8U",
        "source_team": "T5M5PLH8U",
        "user_profile": {
            "avatar_hash": "gb4597a5cfa9",
            "image_72": "https:\/\/secure.gravatar.com\/avatar\/6b4597a5cfa903422ed68f354e549d6d.jpg?s=72&d=https%3A%2F%2Fa.slack-edge.com%2Fdf10d%2Fimg%2Favatars%2Fava_0022-72.png",
            "first_name": "",
            "real_name": "Edward Jackson",
            "display_name": "Ed",
            "team": "T5M5PLH8U",
            "name": "ejjackson",
            "is_restricted": false,
            "is_ultra_restricted": false
        },
        "thread_ts": "1544034240.001300",
        "parent_user_id": "U5M5PLH9S"
    }
]