[
    {
        "client_msg_id": "d86baf74-6f51-4f2d-93b8-deb4a79119df",
        "type": "message",
        "text": "Ok thanks for the links. Interesting. Not sure I'd go down this path right now, but interesting to understand what options are available at what pricing.",
        "user": "UGJ8GJGNR",
        "ts": "1551312788.000700",
        "team": "T5M5PLH8U",
        "user_team": "T5M5PLH8U",
        "source_team": "T5M5PLH8U",
        "user_profile": {
            "avatar_hash": "ga7943669895",
            "image_72": "https:\/\/secure.gravatar.com\/avatar\/4a7943669895590493fa45985c7c746a.jpg?s=72&d=https%3A%2F%2Fa.slack-edge.com%2Fdf10d%2Fimg%2Favatars%2Fava_0024-72.png",
            "first_name": "",
            "real_name": "Jean Rintoul",
            "display_name": "jeantoul",
            "team": "T5M5PLH8U",
            "name": "jean.rintoul",
            "is_restricted": false,
            "is_ultra_restricted": false
        }
    }
]