[
    {
        "client_msg_id": "bc2f3874-4e90-42b1-b146-0d0d923b0632",
        "type": "message",
        "text": "Have you seen and\/or used these kind of piezo ceramic disc as transducers?\n<https:\/\/www.steminc.com\/PZT\/en\/piezo-ceramic-disc-15x09mm-disc-s-22-mhz>\n<https:\/\/www.steminc.com\/PZT\/en\/piezo-ceramic-disc-10x04mm-s-5-mhz>\n\nI read a paper where those where being used for thickness monitoring, but I don't really got how they were being used.",
        "user": "U8DP2NWAD",
        "ts": "1553788775.001500",
        "team": "T5M5PLH8U",
        "user_team": "T5M5PLH8U",
        "source_team": "T5M5PLH8U",
        "user_profile": {
            "avatar_hash": "ge8fe12d48f6",
            "image_72": "https:\/\/secure.gravatar.com\/avatar\/be8fe12d48f65fa83f69d7849035f8c3.jpg?s=72&d=https%3A%2F%2Fa.slack-edge.com%2Fdf10d%2Fimg%2Favatars%2Fava_0024-72.png",
            "first_name": "",
            "real_name": "Tomás Glaría",
            "display_name": "tglaria",
            "team": "T5M5PLH8U",
            "name": "tglaria",
            "is_restricted": false,
            "is_ultra_restricted": false
        },
        "attachments": [
            {
                "service_name": "STEMINC",
                "title": "Piezoelectric Ceramic Manufacturer - Steminc Piezo Ceramics.",
                "title_link": "https:\/\/www.steminc.com\/PZT\/en\/piezo-ceramic-disc-15x09mm-disc-s-22-mhz",
                "text": "Piezoelectric Ceramic Manufacturer - Steminc Piezo Ceramics.",
                "fallback": "STEMINC: Piezoelectric Ceramic Manufacturer - Steminc Piezo Ceramics.",
                "image_url": "https:\/\/www.steminc.com\/pzt\/content\/images\/thumbs\/0001378_piezo-ceramic-disc-15x09mm-s-22-mhz_550.jpeg",
                "from_url": "https:\/\/www.steminc.com\/PZT\/en\/piezo-ceramic-disc-15x09mm-disc-s-22-mhz",
                "image_width": 334,
                "image_height": 250,
                "image_bytes": 16491,
                "service_icon": "https:\/\/www.steminc.com\/pzt\/favicon.ico",
                "id": 1,
                "original_url": "https:\/\/www.steminc.com\/PZT\/en\/piezo-ceramic-disc-15x09mm-disc-s-22-mhz"
            },
            {
                "service_name": "STEMINC",
                "title": "Piezoelectric Ceramic Manufacturer - Steminc Piezo Ceramics.",
                "title_link": "https:\/\/www.steminc.com\/PZT\/en\/piezo-ceramic-disc-10x04mm-s-5-mhz",
                "text": "Piezoelectric Ceramic Manufacturer - Steminc Piezo Ceramics.",
                "fallback": "STEMINC: Piezoelectric Ceramic Manufacturer - Steminc Piezo Ceramics.",
                "image_url": "https:\/\/www.steminc.com\/pzt\/content\/images\/thumbs\/0001367_piezo-ceramic-disc-10x04mm-s-5-mhz_550.jpeg",
                "from_url": "https:\/\/www.steminc.com\/PZT\/en\/piezo-ceramic-disc-10x04mm-s-5-mhz",
                "image_width": 334,
                "image_height": 250,
                "image_bytes": 16491,
                "service_icon": "https:\/\/www.steminc.com\/pzt\/favicon.ico",
                "id": 2,
                "original_url": "https:\/\/www.steminc.com\/PZT\/en\/piezo-ceramic-disc-10x04mm-s-5-mhz"
            }
        ],
        "thread_ts": "1553788775.001500",
        "reply_count": 16,
        "reply_users_count": 3,
        "latest_reply": "1555448605.004500",
        "reply_users": [
            "U8Z3VB1T2",
            "U5M5PLH9S",
            "U8DP2NWAD"
        ],
        "replies": [
            {
                "user": "U8Z3VB1T2",
                "ts": "1553803078.003700"
            },
            {
                "user": "U5M5PLH9S",
                "ts": "1553810969.000100"
            },
            {
                "user": "U8DP2NWAD",
                "ts": "1553861308.000100"
            },
            {
                "user": "U8DP2NWAD",
                "ts": "1553861317.000300"
            },
            {
                "user": "U8DP2NWAD",
                "ts": "1555430260.000100"
            },
            {
                "user": "U8DP2NWAD",
                "ts": "1555430283.000300"
            },
            {
                "user": "U8DP2NWAD",
                "ts": "1555430292.000500"
            },
            {
                "user": "U5M5PLH9S",
                "ts": "1555431516.000700"
            },
            {
                "user": "U8Z3VB1T2",
                "ts": "1555434383.003100"
            },
            {
                "user": "U8Z3VB1T2",
                "ts": "1555434439.003300"
            },
            {
                "user": "U8Z3VB1T2",
                "ts": "1555434490.003500"
            },
            {
                "user": "U8Z3VB1T2",
                "ts": "1555434542.003700"
            },
            {
                "user": "U8DP2NWAD",
                "ts": "1555435209.003900"
            },
            {
                "user": "U8DP2NWAD",
                "ts": "1555435220.004100"
            },
            {
                "user": "U8DP2NWAD",
                "ts": "1555448580.004300"
            },
            {
                "user": "U8DP2NWAD",
                "ts": "1555448605.004500"
            }
        ],
        "subscribed": true,
        "last_read": "1555448605.004500"
    },
    {
        "type": "message",
        "subtype": "thread_broadcast",
        "text": "We used piezos from this company for Columbia Open Source Ultrasound (<https:\/\/github.com\/ColumbiaOpenSourceUltrasound>), and I also used them in my personal project SimpleRick (<https:\/\/github.com\/wlmeng11\/SimpleRick>). Specifically this one (<https:\/\/www.steminc.com\/PZT\/en\/disc-7x05mm-r-wire-leads-4-mhz>).\n\nIt is unfocused so it has poor lateral resolution and no matching layer so poor efficiency. But it’s low cost, and good enough for simple 1D imaging or low resolution 2D imaging.",
        "user": "U8Z3VB1T2",
        "ts": "1553803078.003700",
        "thread_ts": "1553788775.001500",
        "root": {
            "client_msg_id": "bc2f3874-4e90-42b1-b146-0d0d923b0632",
            "type": "message",
            "text": "Have you seen and\/or used these kind of piezo ceramic disc as transducers?\n<https:\/\/www.steminc.com\/PZT\/en\/piezo-ceramic-disc-15x09mm-disc-s-22-mhz>\n<https:\/\/www.steminc.com\/PZT\/en\/piezo-ceramic-disc-10x04mm-s-5-mhz>\n\nI read a paper where those where being used for thickness monitoring, but I don't really got how they were being used.",
            "user": "U8DP2NWAD",
            "ts": "1553788775.001500",
            "team": "T5M5PLH8U",
            "attachments": [
                {
                    "service_name": "STEMINC",
                    "title": "Piezoelectric Ceramic Manufacturer - Steminc Piezo Ceramics.",
                    "title_link": "https:\/\/www.steminc.com\/PZT\/en\/piezo-ceramic-disc-15x09mm-disc-s-22-mhz",
                    "text": "Piezoelectric Ceramic Manufacturer - Steminc Piezo Ceramics.",
                    "fallback": "STEMINC: Piezoelectric Ceramic Manufacturer - Steminc Piezo Ceramics.",
                    "image_url": "https:\/\/www.steminc.com\/pzt\/content\/images\/thumbs\/0001378_piezo-ceramic-disc-15x09mm-s-22-mhz_550.jpeg",
                    "from_url": "https:\/\/www.steminc.com\/PZT\/en\/piezo-ceramic-disc-15x09mm-disc-s-22-mhz",
                    "image_width": 334,
                    "image_height": 250,
                    "image_bytes": 16491,
                    "service_icon": "https:\/\/www.steminc.com\/pzt\/favicon.ico",
                    "id": 1,
                    "original_url": "https:\/\/www.steminc.com\/PZT\/en\/piezo-ceramic-disc-15x09mm-disc-s-22-mhz"
                },
                {
                    "service_name": "STEMINC",
                    "title": "Piezoelectric Ceramic Manufacturer - Steminc Piezo Ceramics.",
                    "title_link": "https:\/\/www.steminc.com\/PZT\/en\/piezo-ceramic-disc-10x04mm-s-5-mhz",
                    "text": "Piezoelectric Ceramic Manufacturer - Steminc Piezo Ceramics.",
                    "fallback": "STEMINC: Piezoelectric Ceramic Manufacturer - Steminc Piezo Ceramics.",
                    "image_url": "https:\/\/www.steminc.com\/pzt\/content\/images\/thumbs\/0001367_piezo-ceramic-disc-10x04mm-s-5-mhz_550.jpeg",
                    "from_url": "https:\/\/www.steminc.com\/PZT\/en\/piezo-ceramic-disc-10x04mm-s-5-mhz",
                    "image_width": 334,
                    "image_height": 250,
                    "image_bytes": 16491,
                    "service_icon": "https:\/\/www.steminc.com\/pzt\/favicon.ico",
                    "id": 2,
                    "original_url": "https:\/\/www.steminc.com\/PZT\/en\/piezo-ceramic-disc-10x04mm-s-5-mhz"
                }
            ],
            "thread_ts": "1553788775.001500",
            "reply_count": 16,
            "reply_users_count": 3,
            "latest_reply": "1555448605.004500",
            "reply_users": [
                "U8Z3VB1T2",
                "U5M5PLH9S",
                "U8DP2NWAD"
            ],
            "replies": [
                {
                    "user": "U8Z3VB1T2",
                    "ts": "1553803078.003700"
                },
                {
                    "user": "U5M5PLH9S",
                    "ts": "1553810969.000100"
                },
                {
                    "user": "U8DP2NWAD",
                    "ts": "1553861308.000100"
                },
                {
                    "user": "U8DP2NWAD",
                    "ts": "1553861317.000300"
                },
                {
                    "user": "U8DP2NWAD",
                    "ts": "1555430260.000100"
                },
                {
                    "user": "U8DP2NWAD",
                    "ts": "1555430283.000300"
                },
                {
                    "user": "U8DP2NWAD",
                    "ts": "1555430292.000500"
                },
                {
                    "user": "U5M5PLH9S",
                    "ts": "1555431516.000700"
                },
                {
                    "user": "U8Z3VB1T2",
                    "ts": "1555434383.003100"
                },
                {
                    "user": "U8Z3VB1T2",
                    "ts": "1555434439.003300"
                },
                {
                    "user": "U8Z3VB1T2",
                    "ts": "1555434490.003500"
                },
                {
                    "user": "U8Z3VB1T2",
                    "ts": "1555434542.003700"
                },
                {
                    "user": "U8DP2NWAD",
                    "ts": "1555435209.003900"
                },
                {
                    "user": "U8DP2NWAD",
                    "ts": "1555435220.004100"
                },
                {
                    "user": "U8DP2NWAD",
                    "ts": "1555448580.004300"
                },
                {
                    "user": "U8DP2NWAD",
                    "ts": "1555448605.004500"
                }
            ],
            "subscribed": true,
            "last_read": "1555448605.004500"
        },
        "attachments": [
            {
                "service_name": "STEMINC",
                "title": "Piezoelectric Ceramic Manufacturer - Steminc Piezo Ceramics.",
                "title_link": "https:\/\/www.steminc.com\/PZT\/en\/disc-7x05mm-r-wire-leads-4-mhz",
                "text": "Piezoelectric Ceramic Manufacturer - Steminc Piezo Ceramics.",
                "fallback": "STEMINC: Piezoelectric Ceramic Manufacturer - Steminc Piezo Ceramics.",
                "image_url": "https:\/\/www.steminc.com\/pzt\/content\/images\/thumbs\/0001360_piezo-disc-7x05mm-r-wire-leads-425-mhz_550.jpeg",
                "from_url": "https:\/\/www.steminc.com\/PZT\/en\/disc-7x05mm-r-wire-leads-4-mhz",
                "image_width": 334,
                "image_height": 250,
                "image_bytes": 18044,
                "service_icon": "https:\/\/www.steminc.com\/pzt\/favicon.ico",
                "id": 1,
                "original_url": "https:\/\/www.steminc.com\/PZT\/en\/disc-7x05mm-r-wire-leads-4-mhz"
            }
        ],
        "client_msg_id": "26d6a1c9-b722-4a79-9b05-a45f16319489",
        "reactions": [
            {
                "name": "smiley",
                "users": [
                    "U5M5PLH9S",
                    "UGJ8GJGNR"
                ],
                "count": 2
            },
            {
                "name": "raised_hands",
                "users": [
                    "U5M5PLH9S"
                ],
                "count": 1
            }
        ]
    },
    {
        "client_msg_id": "ba92fe93-86c3-4662-a083-019443cacb6e",
        "type": "message",
        "text": "Awesome! Yup, there's no backing neither accoustic impedance matching layer, hence some problems in terms of bandwidth (I guess BW is narrower compared to classical transducers)",
        "user": "U5M5PLH9S",
        "ts": "1553810969.000100",
        "team": "T5M5PLH8U",
        "user_team": "T5M5PLH8U",
        "source_team": "T5M5PLH8U",
        "user_profile": {
            "avatar_hash": "e4fb6ae9f526",
            "image_72": "https:\/\/avatars.slack-edge.com\/2017-06-01\/191144530514_e4fb6ae9f526531fd41c_72.jpg",
            "first_name": "",
            "real_name": "kelu",
            "display_name": "",
            "team": "T5M5PLH8U",
            "name": "kelu",
            "is_restricted": false,
            "is_ultra_restricted": false
        },
        "thread_ts": "1553788775.001500",
        "parent_user_id": "U8DP2NWAD"
    }
]