[
    {
        "client_msg_id": "8f2cf586-edfb-482c-8931-4215e86dbbce",
        "type": "message",
        "text": "<@U8Z3VB1T2> what does 'unfocused' mean?",
        "user": "U8DP2NWAD",
        "ts": "1553861308.000100",
        "team": "T5M5PLH8U",
        "user_team": "T5M5PLH8U",
        "source_team": "T5M5PLH8U",
        "user_profile": {
            "avatar_hash": "ge8fe12d48f6",
            "image_72": "https:\/\/secure.gravatar.com\/avatar\/be8fe12d48f65fa83f69d7849035f8c3.jpg?s=72&d=https%3A%2F%2Fa.slack-edge.com%2Fdf10d%2Fimg%2Favatars%2Fava_0024-72.png",
            "first_name": "",
            "real_name": "Tomás Glaría",
            "display_name": "tglaria",
            "team": "T5M5PLH8U",
            "name": "tglaria",
            "is_restricted": false,
            "is_ultra_restricted": false
        },
        "thread_ts": "1553788775.001500",
        "parent_user_id": "U8DP2NWAD"
    },
    {
        "client_msg_id": "9f51c262-6268-4edd-9958-1a6b6cd69021",
        "type": "message",
        "text": "and matching layer?\n\nI've focused on the electronics (which is very similar to yours) rather than on the transducer.",
        "user": "U8DP2NWAD",
        "ts": "1553861317.000300",
        "team": "T5M5PLH8U",
        "user_team": "T5M5PLH8U",
        "source_team": "T5M5PLH8U",
        "user_profile": {
            "avatar_hash": "ge8fe12d48f6",
            "image_72": "https:\/\/secure.gravatar.com\/avatar\/be8fe12d48f65fa83f69d7849035f8c3.jpg?s=72&d=https%3A%2F%2Fa.slack-edge.com%2Fdf10d%2Fimg%2Favatars%2Fava_0024-72.png",
            "first_name": "",
            "real_name": "Tomás Glaría",
            "display_name": "tglaria",
            "team": "T5M5PLH8U",
            "name": "tglaria",
            "is_restricted": false,
            "is_ultra_restricted": false
        },
        "edited": {
            "user": "U8DP2NWAD",
            "ts": "1553861368.000000"
        },
        "thread_ts": "1553788775.001500",
        "parent_user_id": "U8DP2NWAD"
    }
]