[
    {
        "client_msg_id": "f39f5db7-be6c-4efe-98de-635c1f66c93c",
        "type": "message",
        "text": "<@U8Z3VB1T2> how were these piezos used on Columbia Open Source Ultrasound?",
        "user": "U8DP2NWAD",
        "ts": "1555430260.000100",
        "team": "T5M5PLH8U",
        "user_team": "T5M5PLH8U",
        "source_team": "T5M5PLH8U",
        "user_profile": {
            "avatar_hash": "ge8fe12d48f6",
            "image_72": "https:\/\/secure.gravatar.com\/avatar\/be8fe12d48f65fa83f69d7849035f8c3.jpg?s=72&d=https%3A%2F%2Fa.slack-edge.com%2Fdf10d%2Fimg%2Favatars%2Fava_0024-72.png",
            "first_name": "",
            "real_name": "Tomás Glaría",
            "display_name": "tglaria",
            "team": "T5M5PLH8U",
            "name": "tglaria",
            "is_restricted": false,
            "is_ultra_restricted": false
        },
        "thread_ts": "1553788775.001500",
        "parent_user_id": "U8DP2NWAD"
    },
    {
        "client_msg_id": "552e415e-c214-4f9e-a87c-82a6a7e805bc",
        "type": "message",
        "text": "I bought a few of these to test, but can't manage to get any signal from them.",
        "user": "U8DP2NWAD",
        "ts": "1555430283.000300",
        "team": "T5M5PLH8U",
        "user_team": "T5M5PLH8U",
        "source_team": "T5M5PLH8U",
        "user_profile": {
            "avatar_hash": "ge8fe12d48f6",
            "image_72": "https:\/\/secure.gravatar.com\/avatar\/be8fe12d48f65fa83f69d7849035f8c3.jpg?s=72&d=https%3A%2F%2Fa.slack-edge.com%2Fdf10d%2Fimg%2Favatars%2Fava_0024-72.png",
            "first_name": "",
            "real_name": "Tomás Glaría",
            "display_name": "tglaria",
            "team": "T5M5PLH8U",
            "name": "tglaria",
            "is_restricted": false,
            "is_ultra_restricted": false
        },
        "thread_ts": "1553788775.001500",
        "parent_user_id": "U8DP2NWAD"
    },
    {
        "client_msg_id": "c7b85290-381e-41a4-af74-5fc06b38e405",
        "type": "message",
        "text": "<@U5M5PLH9S>\nany thought?",
        "user": "U8DP2NWAD",
        "ts": "1555430292.000500",
        "team": "T5M5PLH8U",
        "user_team": "T5M5PLH8U",
        "source_team": "T5M5PLH8U",
        "user_profile": {
            "avatar_hash": "ge8fe12d48f6",
            "image_72": "https:\/\/secure.gravatar.com\/avatar\/be8fe12d48f65fa83f69d7849035f8c3.jpg?s=72&d=https%3A%2F%2Fa.slack-edge.com%2Fdf10d%2Fimg%2Favatars%2Fava_0024-72.png",
            "first_name": "",
            "real_name": "Tomás Glaría",
            "display_name": "tglaria",
            "team": "T5M5PLH8U",
            "name": "tglaria",
            "is_restricted": false,
            "is_ultra_restricted": false
        },
        "thread_ts": "1553788775.001500",
        "parent_user_id": "U8DP2NWAD"
    },
    {
        "client_msg_id": "48ed5757-8c84-4a5b-98bc-e80d255688da",
        "type": "message",
        "text": "Hi <@U8DP2NWAD>, I think there were pictures from the github <@U8Z3VB1T2> was mentioning. Still, be carefull, because too high temperature for solder may destroy piezos characteristics...",
        "user": "U5M5PLH9S",
        "ts": "1555431516.000700",
        "team": "T5M5PLH8U",
        "user_team": "T5M5PLH8U",
        "source_team": "T5M5PLH8U",
        "user_profile": {
            "avatar_hash": "e4fb6ae9f526",
            "image_72": "https:\/\/avatars.slack-edge.com\/2017-06-01\/191144530514_e4fb6ae9f526531fd41c_72.jpg",
            "first_name": "",
            "real_name": "kelu",
            "display_name": "",
            "team": "T5M5PLH8U",
            "name": "kelu",
            "is_restricted": false,
            "is_ultra_restricted": false
        },
        "thread_ts": "1553788775.001500",
        "parent_user_id": "U8DP2NWAD"
    },
    {
        "client_msg_id": "6542ed94-533e-481b-b039-342b61d2f959",
        "type": "message",
        "text": "<@U8DP2NWAD> They are unfocused because the wavefront is planar, so the lateral resolution is limited by the size of the transducer. A focused transducer works like a lens so the wavefront converges to a small point at some distance away from the transducer, allowing it to resolve much smaller features… but only at that specific distance.",
        "user": "U8Z3VB1T2",
        "ts": "1555434383.003100",
        "team": "T5M5PLH8U",
        "user_team": "T5M5PLH8U",
        "source_team": "T5M5PLH8U",
        "user_profile": {
            "avatar_hash": "g49ad52d7df8",
            "image_72": "https:\/\/secure.gravatar.com\/avatar\/449ad52d7df89ecbe8ebe0fd87d3f63f.jpg?s=72&d=https%3A%2F%2Fa.slack-edge.com%2Fdf10d%2Fimg%2Favatars%2Fava_0026-72.png",
            "first_name": "",
            "real_name": "William Meng",
            "display_name": "",
            "team": "T5M5PLH8U",
            "name": "wlmeng11",
            "is_restricted": false,
            "is_ultra_restricted": false
        },
        "thread_ts": "1553788775.001500",
        "parent_user_id": "U8DP2NWAD"
    },
    {
        "client_msg_id": "93051a44-a57c-4302-95d8-83a0e2bf6f67",
        "type": "message",
        "text": "Matching layer is to match acoustic impedance in order to minimize reflections, very similar to transmission lines in electronics.",
        "user": "U8Z3VB1T2",
        "ts": "1555434439.003300",
        "team": "T5M5PLH8U",
        "user_team": "T5M5PLH8U",
        "source_team": "T5M5PLH8U",
        "user_profile": {
            "avatar_hash": "g49ad52d7df8",
            "image_72": "https:\/\/secure.gravatar.com\/avatar\/449ad52d7df89ecbe8ebe0fd87d3f63f.jpg?s=72&d=https%3A%2F%2Fa.slack-edge.com%2Fdf10d%2Fimg%2Favatars%2Fava_0026-72.png",
            "first_name": "",
            "real_name": "William Meng",
            "display_name": "",
            "team": "T5M5PLH8U",
            "name": "wlmeng11",
            "is_restricted": false,
            "is_ultra_restricted": false
        },
        "thread_ts": "1553788775.001500",
        "parent_user_id": "U8DP2NWAD"
    },
    {
        "client_msg_id": "1de992d4-a6aa-4137-825f-0753f8d95594",
        "type": "message",
        "text": "In the Columbia Open Source Ultrasound we used the transducers as-is, without any focusing or matching layer.",
        "user": "U8Z3VB1T2",
        "ts": "1555434490.003500",
        "team": "T5M5PLH8U",
        "user_team": "T5M5PLH8U",
        "source_team": "T5M5PLH8U",
        "user_profile": {
            "avatar_hash": "g49ad52d7df8",
            "image_72": "https:\/\/secure.gravatar.com\/avatar\/449ad52d7df89ecbe8ebe0fd87d3f63f.jpg?s=72&d=https%3A%2F%2Fa.slack-edge.com%2Fdf10d%2Fimg%2Favatars%2Fava_0026-72.png",
            "first_name": "",
            "real_name": "William Meng",
            "display_name": "",
            "team": "T5M5PLH8U",
            "name": "wlmeng11",
            "is_restricted": false,
            "is_ultra_restricted": false
        },
        "thread_ts": "1553788775.001500",
        "parent_user_id": "U8DP2NWAD"
    },
    {
        "client_msg_id": "d599be33-7eae-4ffb-9594-b9e83cd5910a",
        "type": "message",
        "text": "<@U5M5PLH9S> Yup, StemInc actually recommends using silver solder with a lower melting point to avoid damaging the piezos. However they also sell piezos with wires already soldered so you don’t have to go through the trouble yourself.",
        "user": "U8Z3VB1T2",
        "ts": "1555434542.003700",
        "team": "T5M5PLH8U",
        "user_team": "T5M5PLH8U",
        "source_team": "T5M5PLH8U",
        "user_profile": {
            "avatar_hash": "g49ad52d7df8",
            "image_72": "https:\/\/secure.gravatar.com\/avatar\/449ad52d7df89ecbe8ebe0fd87d3f63f.jpg?s=72&d=https%3A%2F%2Fa.slack-edge.com%2Fdf10d%2Fimg%2Favatars%2Fava_0026-72.png",
            "first_name": "",
            "real_name": "William Meng",
            "display_name": "",
            "team": "T5M5PLH8U",
            "name": "wlmeng11",
            "is_restricted": false,
            "is_ultra_restricted": false
        },
        "thread_ts": "1553788775.001500",
        "parent_user_id": "U8DP2NWAD"
    },
    {
        "client_msg_id": "1445adda-64df-4c1a-8777-c382e66c3000",
        "type": "message",
        "text": "\"In the Columbia Open Source Ultrasound we used the transducers as-is, without any focusing or matching layer.\"\nThis is what I'm trying to do.\nI bought a few with the wires already soldered but I can't get any signla out of them.\nDo you have images of this piezo on the git you showed earlier? I couldn't find them.",
        "user": "U8DP2NWAD",
        "ts": "1555435209.003900",
        "team": "T5M5PLH8U",
        "user_team": "T5M5PLH8U",
        "source_team": "T5M5PLH8U",
        "user_profile": {
            "avatar_hash": "ge8fe12d48f6",
            "image_72": "https:\/\/secure.gravatar.com\/avatar\/be8fe12d48f65fa83f69d7849035f8c3.jpg?s=72&d=https%3A%2F%2Fa.slack-edge.com%2Fdf10d%2Fimg%2Favatars%2Fava_0024-72.png",
            "first_name": "",
            "real_name": "Tomás Glaría",
            "display_name": "tglaria",
            "team": "T5M5PLH8U",
            "name": "tglaria",
            "is_restricted": false,
            "is_ultra_restricted": false
        },
        "thread_ts": "1553788775.001500",
        "parent_user_id": "U8DP2NWAD"
    },
    {
        "client_msg_id": "642c8d3e-3ec9-4c87-83e3-a9761e252abe",
        "type": "message",
        "text": "<@U8Z3VB1T2>",
        "user": "U8DP2NWAD",
        "ts": "1555435220.004100",
        "team": "T5M5PLH8U",
        "user_team": "T5M5PLH8U",
        "source_team": "T5M5PLH8U",
        "user_profile": {
            "avatar_hash": "ge8fe12d48f6",
            "image_72": "https:\/\/secure.gravatar.com\/avatar\/be8fe12d48f65fa83f69d7849035f8c3.jpg?s=72&d=https%3A%2F%2Fa.slack-edge.com%2Fdf10d%2Fimg%2Favatars%2Fava_0024-72.png",
            "first_name": "",
            "real_name": "Tomás Glaría",
            "display_name": "tglaria",
            "team": "T5M5PLH8U",
            "name": "tglaria",
            "is_restricted": false,
            "is_ultra_restricted": false
        },
        "thread_ts": "1553788775.001500",
        "parent_user_id": "U8DP2NWAD"
    },
    {
        "client_msg_id": "1bc665fe-e29c-4310-b14f-3acddd27c6bd",
        "type": "message",
        "text": "aaaaaa <@U8Z3VB1T2>\nI found it on your personal GIT, I thought it was used on the Columbia development.\nAlso, I just realized you used it directly on liquid.",
        "user": "U8DP2NWAD",
        "ts": "1555448580.004300",
        "team": "T5M5PLH8U",
        "user_team": "T5M5PLH8U",
        "source_team": "T5M5PLH8U",
        "user_profile": {
            "avatar_hash": "ge8fe12d48f6",
            "image_72": "https:\/\/secure.gravatar.com\/avatar\/be8fe12d48f65fa83f69d7849035f8c3.jpg?s=72&d=https%3A%2F%2Fa.slack-edge.com%2Fdf10d%2Fimg%2Favatars%2Fava_0024-72.png",
            "first_name": "",
            "real_name": "Tomás Glaría",
            "display_name": "tglaria",
            "team": "T5M5PLH8U",
            "name": "tglaria",
            "is_restricted": false,
            "is_ultra_restricted": false
        },
        "thread_ts": "1553788775.001500",
        "parent_user_id": "U8DP2NWAD"
    },
    {
        "client_msg_id": "350f307b-22f2-42cd-90ed-50b40e6f9e54",
        "type": "message",
        "text": "I'm trying to use it as a contact probe, to measure width\/length of a metal block.",
        "user": "U8DP2NWAD",
        "ts": "1555448605.004500",
        "team": "T5M5PLH8U",
        "user_team": "T5M5PLH8U",
        "source_team": "T5M5PLH8U",
        "user_profile": {
            "avatar_hash": "ge8fe12d48f6",
            "image_72": "https:\/\/secure.gravatar.com\/avatar\/be8fe12d48f65fa83f69d7849035f8c3.jpg?s=72&d=https%3A%2F%2Fa.slack-edge.com%2Fdf10d%2Fimg%2Favatars%2Fava_0024-72.png",
            "first_name": "",
            "real_name": "Tomás Glaría",
            "display_name": "tglaria",
            "team": "T5M5PLH8U",
            "name": "tglaria",
            "is_restricted": false,
            "is_ultra_restricted": false
        },
        "thread_ts": "1553788775.001500",
        "parent_user_id": "U8DP2NWAD"
    }
]