[
    {
        "type": "message",
        "text": "And one mech probe",
        "files": [
            {
                "id": "FQMHGS1RQ",
                "created": 1574798857,
                "timestamp": 1574798857,
                "name": "V_20191126_210548_N0.mp4",
                "title": "V_20191126_210548_N0.mp4",
                "mimetype": "video\/mp4",
                "filetype": "mp4",
                "pretty_type": "MPEG 4 Video",
                "user": "U5M5PLH9S",
                "editable": false,
                "size": 28241494,
                "mode": "hosted",
                "is_external": false,
                "external_type": "",
                "is_public": true,
                "public_url_shared": false,
                "display_as_bot": false,
                "username": "",
                "url_private": "https:\/\/files.slack.com\/files-pri\/T5M5PLH8U-FQMHGS1RQ\/v_20191126_210548_n0.mp4?t=xoxe-191193697300-964750812979-978081040215-70140a522cd1d53d5dacb8121ac10305",
                "url_private_download": "https:\/\/files.slack.com\/files-pri\/T5M5PLH8U-FQMHGS1RQ\/download\/v_20191126_210548_n0.mp4?t=xoxe-191193697300-964750812979-978081040215-70140a522cd1d53d5dacb8121ac10305",
                "thumb_video": "https:\/\/files.slack.com\/files-tmb\/T5M5PLH8U-FQMHGS1RQ-4db338b8c4\/v_20191126_210548_n0_thumb_video.jpeg?t=xoxe-191193697300-964750812979-978081040215-70140a522cd1d53d5dacb8121ac10305",
                "permalink": "https:\/\/usdevkit.slack.com\/files\/U5M5PLH9S\/FQMHGS1RQ\/v_20191126_210548_n0.mp4",
                "permalink_public": "https:\/\/slack-files.com\/T5M5PLH8U-FQMHGS1RQ-65473b6ccb",
                "is_starred": false,
                "has_rich_preview": false
            }
        ],
        "upload": true,
        "user": "U5M5PLH9S",
        "display_as_bot": false,
        "ts": "1574798858.002200",
        "client_msg_id": "139047f9-655e-4a8c-9662-4ae920e6f71a",
        "thread_ts": "1574798858.002200",
        "reply_count": 2,
        "reply_users_count": 2,
        "latest_reply": "1574871348.006100",
        "reply_users": [
            "UFPCMHBA6",
            "U5M5PLH9S"
        ],
        "replies": [
            {
                "user": "UFPCMHBA6",
                "ts": "1574865778.005900"
            },
            {
                "user": "U5M5PLH9S",
                "ts": "1574871348.006100"
            }
        ],
        "subscribed": true,
        "last_read": "1574871348.006100"
    },
    {
        "type": "message",
        "text": "And another :)",
        "files": [
            {
                "id": "FQZT2FVHS",
                "created": 1574798885,
                "timestamp": 1574798885,
                "name": "V_20191126_205744_N0.mp4",
                "title": "V_20191126_205744_N0.mp4",
                "mimetype": "video\/mp4",
                "filetype": "mp4",
                "pretty_type": "MPEG 4 Video",
                "user": "U5M5PLH9S",
                "editable": false,
                "size": 46278741,
                "mode": "hosted",
                "is_external": false,
                "external_type": "",
                "is_public": true,
                "public_url_shared": false,
                "display_as_bot": false,
                "username": "",
                "url_private": "https:\/\/files.slack.com\/files-pri\/T5M5PLH8U-FQZT2FVHS\/v_20191126_205744_n0.mp4?t=xoxe-191193697300-964750812979-978081040215-70140a522cd1d53d5dacb8121ac10305",
                "url_private_download": "https:\/\/files.slack.com\/files-pri\/T5M5PLH8U-FQZT2FVHS\/download\/v_20191126_205744_n0.mp4?t=xoxe-191193697300-964750812979-978081040215-70140a522cd1d53d5dacb8121ac10305",
                "thumb_video": "https:\/\/files.slack.com\/files-tmb\/T5M5PLH8U-FQZT2FVHS-4fb11673f9\/v_20191126_205744_n0_thumb_video.jpeg?t=xoxe-191193697300-964750812979-978081040215-70140a522cd1d53d5dacb8121ac10305",
                "permalink": "https:\/\/usdevkit.slack.com\/files\/U5M5PLH9S\/FQZT2FVHS\/v_20191126_205744_n0.mp4",
                "permalink_public": "https:\/\/slack-files.com\/T5M5PLH8U-FQZT2FVHS-62b51e50bd",
                "is_starred": false,
                "has_rich_preview": false
            }
        ],
        "upload": true,
        "user": "U5M5PLH9S",
        "display_as_bot": false,
        "ts": "1574798893.002800",
        "client_msg_id": "bde06170-842b-4462-8e3b-c0397b64cb12",
        "thread_ts": "1574798893.002800",
        "reply_count": 4,
        "reply_users_count": 2,
        "latest_reply": "1574871428.006500",
        "reply_users": [
            "U5M5PLH9S",
            "UFPCMHBA6"
        ],
        "replies": [
            {
                "user": "U5M5PLH9S",
                "ts": "1574864002.005500"
            },
            {
                "user": "UFPCMHBA6",
                "ts": "1574865651.005700"
            },
            {
                "user": "U5M5PLH9S",
                "ts": "1574871385.006300"
            },
            {
                "user": "U5M5PLH9S",
                "ts": "1574871428.006500"
            }
        ],
        "subscribed": true,
        "last_read": "1574871428.006500"
    },
    {
        "client_msg_id": "e4d78ed0-7403-4542-8f53-af95c45f7cce",
        "type": "message",
        "text": "Whoa, what kind of fluid and enclosure is surrounding the piezo?",
        "user": "U8Z3VB1T2",
        "ts": "1574799548.003700",
        "team": "T5M5PLH8U",
        "user_team": "T5M5PLH8U",
        "source_team": "T5M5PLH8U",
        "user_profile": {
            "avatar_hash": "g49ad52d7df8",
            "image_72": "https:\/\/secure.gravatar.com\/avatar\/449ad52d7df89ecbe8ebe0fd87d3f63f.jpg?s=72&d=https%3A%2F%2Fa.slack-edge.com%2Fdf10d%2Fimg%2Favatars%2Fava_0026-72.png",
            "first_name": "",
            "real_name": "William Meng",
            "display_name": "",
            "team": "T5M5PLH8U",
            "name": "wlmeng11",
            "is_restricted": false,
            "is_ultra_restricted": false
        },
        "blocks": [
            {
                "type": "rich_text",
                "block_id": "dhl",
                "elements": [
                    {
                        "type": "rich_text_section",
                        "elements": [
                            {
                                "type": "text",
                                "text": "Whoa, what kind of fluid and enclosure is surrounding the piezo?"
                            }
                        ]
                    }
                ]
            }
        ]
    },
    {
        "client_msg_id": "6e39d327-1a83-41ba-a0ea-d0c348be6030",
        "type": "message",
        "text": "dunno, so long as it works :smiley:",
        "user": "U5M5PLH9S",
        "ts": "1574799578.004000",
        "team": "T5M5PLH8U",
        "user_team": "T5M5PLH8U",
        "source_team": "T5M5PLH8U",
        "user_profile": {
            "avatar_hash": "e4fb6ae9f526",
            "image_72": "https:\/\/avatars.slack-edge.com\/2017-06-01\/191144530514_e4fb6ae9f526531fd41c_72.jpg",
            "first_name": "",
            "real_name": "kelu",
            "display_name": "",
            "team": "T5M5PLH8U",
            "name": "kelu",
            "is_restricted": false,
            "is_ultra_restricted": false
        },
        "blocks": [
            {
                "type": "rich_text",
                "block_id": "Mkdc",
                "elements": [
                    {
                        "type": "rich_text_section",
                        "elements": [
                            {
                                "type": "text",
                                "text": "dunno, so long as it works "
                            },
                            {
                                "type": "emoji",
                                "name": "smiley"
                            }
                        ]
                    }
                ]
            }
        ]
    },
    {
        "client_msg_id": "ab689580-664c-4c56-9b43-bbfb901f9c28",
        "type": "message",
        "text": "I was playing with a BLDC driver to adjust the speed",
        "user": "U5M5PLH9S",
        "ts": "1574799603.004400",
        "team": "T5M5PLH8U",
        "user_team": "T5M5PLH8U",
        "source_team": "T5M5PLH8U",
        "user_profile": {
            "avatar_hash": "e4fb6ae9f526",
            "image_72": "https:\/\/avatars.slack-edge.com\/2017-06-01\/191144530514_e4fb6ae9f526531fd41c_72.jpg",
            "first_name": "",
            "real_name": "kelu",
            "display_name": "",
            "team": "T5M5PLH8U",
            "name": "kelu",
            "is_restricted": false,
            "is_ultra_restricted": false
        },
        "blocks": [
            {
                "type": "rich_text",
                "block_id": "O\/Fbr",
                "elements": [
                    {
                        "type": "rich_text_section",
                        "elements": [
                            {
                                "type": "text",
                                "text": "I was playing with a BLDC driver to adjust the speed"
                            }
                        ]
                    }
                ]
            }
        ]
    },
    {
        "client_msg_id": "0c84fe4f-a70b-415a-891a-5dcc6e160144",
        "type": "message",
        "text": "Thought it cool, plus it seems there is a speed monitoring mask to be used, so that the position of the head is clean and clear.",
        "user": "U5M5PLH9S",
        "ts": "1574799667.005300",
        "team": "T5M5PLH8U",
        "user_team": "T5M5PLH8U",
        "source_team": "T5M5PLH8U",
        "user_profile": {
            "avatar_hash": "e4fb6ae9f526",
            "image_72": "https:\/\/avatars.slack-edge.com\/2017-06-01\/191144530514_e4fb6ae9f526531fd41c_72.jpg",
            "first_name": "",
            "real_name": "kelu",
            "display_name": "",
            "team": "T5M5PLH8U",
            "name": "kelu",
            "is_restricted": false,
            "is_ultra_restricted": false
        },
        "blocks": [
            {
                "type": "rich_text",
                "block_id": "tt7E",
                "elements": [
                    {
                        "type": "rich_text_section",
                        "elements": [
                            {
                                "type": "text",
                                "text": "Thought it cool, plus it seems there is a speed monitoring mask to be used, so that the position of the head is clean and clear."
                            }
                        ]
                    }
                ]
            }
        ]
    }
]