[
    {
        "type": "message",
        "text": "",
        "user": "U5M5PLH9S",
        "ts": "1562411821.000100",
        "team": "T5M5PLH8U",
        "user_team": "T5M5PLH8U",
        "source_team": "T5M5PLH8U",
        "user_profile": {
            "avatar_hash": "e4fb6ae9f526",
            "image_72": "https:\/\/avatars.slack-edge.com\/2017-06-01\/191144530514_e4fb6ae9f526531fd41c_72.jpg",
            "first_name": "",
            "real_name": "kelu",
            "display_name": "",
            "team": "T5M5PLH8U",
            "name": "kelu",
            "is_restricted": false,
            "is_ultra_restricted": false
        },
        "attachments": [
            {
                "fallback": "[July 6th, 2019 12:46 PM] kelu: And anyone for diy probes, only electronics to put, mechanics already here? :)",
                "ts": "1562409983.022700",
                "author_id": "U5M5PLH9S",
                "author_subname": "kelu",
                "channel_id": "C5M71F0DT",
                "channel_name": "general",
                "is_msg_unfurl": true,
                "text": "And anyone for diy probes, only electronics to put, mechanics already here? :)",
                "author_name": "kelu",
                "author_link": "https:\/\/usdevkit.slack.com\/team\/U5M5PLH9S",
                "author_icon": "https:\/\/avatars.slack-edge.com\/2017-06-01\/191144530514_e4fb6ae9f526531fd41c_48.jpg",
                "mrkdwn_in": [
                    "text"
                ],
                "files": [
                    {
                        "id": "FL608EW84",
                        "created": 1562409982,
                        "timestamp": 1562409982,
                        "name": "P_20190706_124136.jpg",
                        "title": "P_20190706_124136.jpg",
                        "mimetype": "image\/jpeg",
                        "filetype": "jpg",
                        "pretty_type": "JPEG",
                        "user": "U5M5PLH9S",
                        "editable": false,
                        "size": 801680,
                        "mode": "hosted",
                        "is_external": false,
                        "external_type": "",
                        "is_public": true,
                        "public_url_shared": false,
                        "display_as_bot": false,
                        "username": "",
                        "url_private": "https:\/\/files.slack.com\/files-pri\/T5M5PLH8U-FL608EW84\/p_20190706_124136.jpg",
                        "url_private_download": "https:\/\/files.slack.com\/files-pri\/T5M5PLH8U-FL608EW84\/download\/p_20190706_124136.jpg",
                        "thumb_64": "https:\/\/files.slack.com\/files-tmb\/T5M5PLH8U-FL608EW84-cc2975fc9a\/p_20190706_124136_64.jpg",
                        "thumb_80": "https:\/\/files.slack.com\/files-tmb\/T5M5PLH8U-FL608EW84-cc2975fc9a\/p_20190706_124136_80.jpg",
                        "thumb_360": "https:\/\/files.slack.com\/files-tmb\/T5M5PLH8U-FL608EW84-cc2975fc9a\/p_20190706_124136_360.jpg",
                        "thumb_360_w": 360,
                        "thumb_360_h": 270,
                        "thumb_480": "https:\/\/files.slack.com\/files-tmb\/T5M5PLH8U-FL608EW84-cc2975fc9a\/p_20190706_124136_480.jpg",
                        "thumb_480_w": 480,
                        "thumb_480_h": 360,
                        "thumb_160": "https:\/\/files.slack.com\/files-tmb\/T5M5PLH8U-FL608EW84-cc2975fc9a\/p_20190706_124136_160.jpg",
                        "thumb_720": "https:\/\/files.slack.com\/files-tmb\/T5M5PLH8U-FL608EW84-cc2975fc9a\/p_20190706_124136_720.jpg",
                        "thumb_720_w": 720,
                        "thumb_720_h": 540,
                        "thumb_800": "https:\/\/files.slack.com\/files-tmb\/T5M5PLH8U-FL608EW84-cc2975fc9a\/p_20190706_124136_800.jpg",
                        "thumb_800_w": 800,
                        "thumb_800_h": 600,
                        "thumb_960": "https:\/\/files.slack.com\/files-tmb\/T5M5PLH8U-FL608EW84-cc2975fc9a\/p_20190706_124136_960.jpg",
                        "thumb_960_w": 960,
                        "thumb_960_h": 720,
                        "thumb_1024": "https:\/\/files.slack.com\/files-tmb\/T5M5PLH8U-FL608EW84-cc2975fc9a\/p_20190706_124136_1024.jpg",
                        "thumb_1024_w": 1024,
                        "thumb_1024_h": 768,
                        "image_exif_rotation": 1,
                        "original_w": 4160,
                        "original_h": 3120,
                        "permalink": "https:\/\/usdevkit.slack.com\/files\/U5M5PLH9S\/FL608EW84\/p_20190706_124136.jpg",
                        "permalink_public": "https:\/\/slack-files.com\/T5M5PLH8U-FL608EW84-4898d1debc",
                        "is_starred": false,
                        "has_rich_preview": false
                    }
                ],
                "color": "D0D0D0",
                "from_url": "https:\/\/usdevkit.slack.com\/archives\/C5M71F0DT\/p1562409983022700",
                "is_share": true,
                "footer": "Posted in #general"
            }
        ]
    }
]