[
    {
        "bot_id": "BUBHYB40Y",
        "type": "message",
        "text": ":warning: *Action required - upgrade app for usdevkit* :warning:",
        "user": "UUBJHMJBF",
        "ts": "1624789714.000100",
        "team": "T5M5PLH8U",
        "bot_profile": {
            "id": "BUBHYB40Y",
            "deleted": false,
            "name": "GitHub (Legacy)",
            "updated": 1618436161,
            "app_id": "A8GBNUWU8",
            "icons": {
                "image_36": "https:\/\/slack-files2.s3-us-west-2.amazonaws.com\/avatars\/2017-12-19\/288981919427_f45f04edd92902a96859_36.png",
                "image_48": "https:\/\/slack-files2.s3-us-west-2.amazonaws.com\/avatars\/2017-12-19\/288981919427_f45f04edd92902a96859_48.png",
                "image_72": "https:\/\/slack-files2.s3-us-west-2.amazonaws.com\/avatars\/2017-12-19\/288981919427_f45f04edd92902a96859_72.png"
            },
            "team_id": "T5M5PLH8U"
        },
        "blocks": [
            {
                "type": "section",
                "block_id": "S3R",
                "text": {
                    "type": "mrkdwn",
                    "text": ":warning: *Action required - upgrade app for usdevkit* :warning:\nGitHub app is built on <https:\/\/api.slack.com\/changelog\/2021-03-workspace-apps-to-retire-in-august-2021|Slack's workspace apps> which are now deprecated. The legacy GitHub app will stop working on *July 15, 2021.*\nDon't worry, we have built a new version of GitHub-Slack integration. You can just upgrade the app and get back to your work.\n_Learn more about this upgrade <https:\/\/github.com\/integrations\/slack\/blob\/master\/README.md#moving-away-from-the-legacy-workspace-app-model-in-slack|here>._",
                    "verbatim": false
                }
            },
            {
                "type": "actions",
                "block_id": "update_app_button",
                "elements": [
                    {
                        "type": "button",
                        "action_id": "2q0",
                        "text": {
                            "type": "plain_text",
                            "text": "Upgrade App",
                            "emoji": true
                        },
                        "style": "primary",
                        "url": "https:\/\/slack.github.com",
                        "confirm": {
                            "title": {
                                "type": "plain_text",
                                "text": "GitHub app upgrade",
                                "emoji": true
                            },
                            "text": {
                                "type": "mrkdwn",
                                "text": "Once you upgrade, all your subscriptions will be migrated from the legacy GitHub app.\n• No change in the way GitHub app works in Slack.\n• Subscriptions configured in public channels will work seamlessly.\n• GitHub app needs to be invited again in the private channels to receive the notifications.",
                                "verbatim": false
                            },
                            "confirm": {
                                "type": "plain_text",
                                "text": "Upgrade App",
                                "emoji": true
                            },
                            "deny": {
                                "type": "plain_text",
                                "text": "Cancel",
                                "emoji": true
                            }
                        }
                    }
                ]
            }
        ]
    },
    {
        "bot_id": "BUBHYB40Y",
        "type": "message",
        "text": "",
        "user": "UUBJHMJBF",
        "ts": "1624789725.000200",
        "team": "T5M5PLH8U",
        "bot_profile": {
            "id": "BUBHYB40Y",
            "deleted": false,
            "name": "GitHub (Legacy)",
            "updated": 1618436161,
            "app_id": "A8GBNUWU8",
            "icons": {
                "image_36": "https:\/\/slack-files2.s3-us-west-2.amazonaws.com\/avatars\/2017-12-19\/288981919427_f45f04edd92902a96859_36.png",
                "image_48": "https:\/\/slack-files2.s3-us-west-2.amazonaws.com\/avatars\/2017-12-19\/288981919427_f45f04edd92902a96859_48.png",
                "image_72": "https:\/\/slack-files2.s3-us-west-2.amazonaws.com\/avatars\/2017-12-19\/288981919427_f45f04edd92902a96859_72.png"
            },
            "team_id": "T5M5PLH8U"
        },
        "attachments": [
            {
                "author_name": "github-pages[bot]",
                "fallback": "[kelu124\/un0rick] Successfully deployed 1b940ab to github-pages",
                "text": "Successfully deployed <https:\/\/github.com\/kelu124\/un0rick\/commit\/1b940abfa44edf0fa9442d3019d49c8b2be0e81c|`1b940ab`> to github-pages",
                "footer": "<https:\/\/github.com\/kelu124\/un0rick|kelu124\/un0rick>",
                "id": 1,
                "author_link": "https:\/\/github.com\/apps\/github-pages",
                "author_icon": "https:\/\/avatars.githubusercontent.com\/u\/9919?v=4",
                "footer_icon": "https:\/\/github.githubassets.com\/favicon.ico",
                "color": "28a745",
                "mrkdwn_in": [
                    "text"
                ]
            }
        ]
    },
    {
        "bot_id": "BUBHYB40Y",
        "type": "message",
        "text": "",
        "user": "UUBJHMJBF",
        "ts": "1624790198.000300",
        "team": "T5M5PLH8U",
        "bot_profile": {
            "id": "BUBHYB40Y",
            "deleted": false,
            "name": "GitHub (Legacy)",
            "updated": 1618436161,
            "app_id": "A8GBNUWU8",
            "icons": {
                "image_36": "https:\/\/slack-files2.s3-us-west-2.amazonaws.com\/avatars\/2017-12-19\/288981919427_f45f04edd92902a96859_36.png",
                "image_48": "https:\/\/slack-files2.s3-us-west-2.amazonaws.com\/avatars\/2017-12-19\/288981919427_f45f04edd92902a96859_48.png",
                "image_72": "https:\/\/slack-files2.s3-us-west-2.amazonaws.com\/avatars\/2017-12-19\/288981919427_f45f04edd92902a96859_72.png"
            },
            "team_id": "T5M5PLH8U"
        },
        "attachments": [
            {
                "author_name": "github-pages[bot]",
                "fallback": "[kelu124\/un0rick] Successfully deployed d72c61c to github-pages",
                "text": "Successfully deployed <https:\/\/github.com\/kelu124\/un0rick\/commit\/d72c61c1b577ab00b61ad47383678a381bc749d0|`d72c61c`> to github-pages",
                "footer": "<https:\/\/github.com\/kelu124\/un0rick|kelu124\/un0rick>",
                "id": 1,
                "author_link": "https:\/\/github.com\/apps\/github-pages",
                "author_icon": "https:\/\/avatars.githubusercontent.com\/u\/9919?v=4",
                "footer_icon": "https:\/\/github.githubassets.com\/favicon.ico",
                "color": "28a745",
                "mrkdwn_in": [
                    "text"
                ]
            }
        ]
    }
]