[
    {
        "type": "message",
        "text": "A sneak-peak: the confusion matrix of 7 (0-6) times 25 pulses (0-1µs data recorded) measured with un0rick over 7 days. 50% of pulses for training, 50% for validation.\nBrighter colours on the diagonal indicate correct predictions, thus indicating time-dependent pulses from un0rick!",
        "files": [
            {
                "id": "F027B1YG8UW",
                "created": 1625776379,
                "timestamp": 1625776379,
                "name": "image.png",
                "title": "image.png",
                "mimetype": "image\/png",
                "filetype": "png",
                "pretty_type": "PNG",
                "user": "U02107ARH28",
                "editable": false,
                "size": 5353,
                "mode": "hosted",
                "is_external": false,
                "external_type": "",
                "is_public": true,
                "public_url_shared": false,
                "display_as_bot": false,
                "username": "",
                "url_private": "https:\/\/files.slack.com\/files-pri\/T5M5PLH8U-F027B1YG8UW\/image.png?t=xoxe-191193697300-2381439834979-2387440767812-d973f70d679d3caabfeb15fb25f95fa2",
                "url_private_download": "https:\/\/files.slack.com\/files-pri\/T5M5PLH8U-F027B1YG8UW\/download\/image.png?t=xoxe-191193697300-2381439834979-2387440767812-d973f70d679d3caabfeb15fb25f95fa2",
                "media_display_type": "unknown",
                "thumb_64": "https:\/\/files.slack.com\/files-tmb\/T5M5PLH8U-F027B1YG8UW-a9a7dbb767\/image_64.png?t=xoxe-191193697300-2381439834979-2387440767812-d973f70d679d3caabfeb15fb25f95fa2",
                "thumb_80": "https:\/\/files.slack.com\/files-tmb\/T5M5PLH8U-F027B1YG8UW-a9a7dbb767\/image_80.png?t=xoxe-191193697300-2381439834979-2387440767812-d973f70d679d3caabfeb15fb25f95fa2",
                "thumb_360": "https:\/\/files.slack.com\/files-tmb\/T5M5PLH8U-F027B1YG8UW-a9a7dbb767\/image_360.png?t=xoxe-191193697300-2381439834979-2387440767812-d973f70d679d3caabfeb15fb25f95fa2",
                "thumb_360_w": 248,
                "thumb_360_h": 247,
                "thumb_160": "https:\/\/files.slack.com\/files-tmb\/T5M5PLH8U-F027B1YG8UW-a9a7dbb767\/image_160.png?t=xoxe-191193697300-2381439834979-2387440767812-d973f70d679d3caabfeb15fb25f95fa2",
                "original_w": 248,
                "original_h": 247,
                "thumb_tiny": "AwAvADC\/LMkWN7Bc9M0wXkBOPMH5Gq2pnHl4Hc\/0qntCp5gPzelUkD0NU3kAxmQZ78Gk+2wc\/vV9uDWOzFjk0rAKMinyjsbK3MTsArg56dach3dWPBrJtWP2iIf7QrUgIwcjPzelRJWYnoVtSYL5ffr\/AEqiUIG\/PHWrmq5\/dZ9\/6VULAxBQcnHSrWweg3bv5FDIUGSaVDtGDxTpSHUBeTmmF3fyFtWH2iIf7QrTtSdrem41l2ykXUWR\/EK07T7r8\/xmpkD3K2q\/8s+Mcn+lZ4ODmugIB6gGjYv90flQnYdzn2bcc0qNtNb+xf7o\/KjYv90flRzBfoULaFWEcuTnOcVPZ42v67zVjaB2FRW8TQhgSDuYtxUq+txH\/9k=",
                "permalink": "https:\/\/usdevkit.slack.com\/files\/U02107ARH28\/F027B1YG8UW\/image.png",
                "permalink_public": "https:\/\/slack-files.com\/T5M5PLH8U-F027B1YG8UW-d5f8e5a2c3",
                "is_starred": false,
                "has_rich_preview": false
            }
        ],
        "upload": false,
        "blocks": [
            {
                "type": "rich_text",
                "block_id": "O7RFw",
                "elements": [
                    {
                        "type": "rich_text_section",
                        "elements": [
                            {
                                "type": "text",
                                "text": "A sneak-peak: the confusion matrix of 7 (0-6) times 25 pulses (0-1µs data recorded) measured with un0rick over 7 days. 50% of pulses for training, 50% for validation.\nBrighter colours on the diagonal indicate correct predictions, thus indicating time-dependent pulses from un0rick!"
                            }
                        ]
                    }
                ]
            }
        ],
        "user": "U02107ARH28",
        "display_as_bot": false,
        "ts": "1625776557.002000"
    },
    {
        "type": "message",
        "text": "Sneak-peak2: now for noise measurement in the same dataset (1-250µs recorded):\nHere the diagonal effect is less pronounced, indicating that the noise is indeed random (as one would expect and want).\nNext step is to introduce some noise :slightly_smiling_face:",
        "files": [
            {
                "id": "F0287FFN81W",
                "created": 1625776741,
                "timestamp": 1625776741,
                "name": "image.png",
                "title": "image.png",
                "mimetype": "image\/png",
                "filetype": "png",
                "pretty_type": "PNG",
                "user": "U02107ARH28",
                "editable": false,
                "size": 5491,
                "mode": "hosted",
                "is_external": false,
                "external_type": "",
                "is_public": true,
                "public_url_shared": false,
                "display_as_bot": false,
                "username": "",
                "url_private": "https:\/\/files.slack.com\/files-pri\/T5M5PLH8U-F0287FFN81W\/image.png?t=xoxe-191193697300-2381439834979-2387440767812-d973f70d679d3caabfeb15fb25f95fa2",
                "url_private_download": "https:\/\/files.slack.com\/files-pri\/T5M5PLH8U-F0287FFN81W\/download\/image.png?t=xoxe-191193697300-2381439834979-2387440767812-d973f70d679d3caabfeb15fb25f95fa2",
                "media_display_type": "unknown",
                "thumb_64": "https:\/\/files.slack.com\/files-tmb\/T5M5PLH8U-F0287FFN81W-15cc2489d2\/image_64.png?t=xoxe-191193697300-2381439834979-2387440767812-d973f70d679d3caabfeb15fb25f95fa2",
                "thumb_80": "https:\/\/files.slack.com\/files-tmb\/T5M5PLH8U-F0287FFN81W-15cc2489d2\/image_80.png?t=xoxe-191193697300-2381439834979-2387440767812-d973f70d679d3caabfeb15fb25f95fa2",
                "thumb_360": "https:\/\/files.slack.com\/files-tmb\/T5M5PLH8U-F0287FFN81W-15cc2489d2\/image_360.png?t=xoxe-191193697300-2381439834979-2387440767812-d973f70d679d3caabfeb15fb25f95fa2",
                "thumb_360_w": 242,
                "thumb_360_h": 247,
                "thumb_160": "https:\/\/files.slack.com\/files-tmb\/T5M5PLH8U-F0287FFN81W-15cc2489d2\/image_160.png?t=xoxe-191193697300-2381439834979-2387440767812-d973f70d679d3caabfeb15fb25f95fa2",
                "original_w": 242,
                "original_h": 247,
                "thumb_tiny": "AwAwAC\/QklWPG5gM9M0wXcBbHmLVXUm2eXgdSf6VUCAASZ564qkhN2NQ3cIxmRQe9H2uE5xIvtWPI25hUpGwZFHKN6GoLqFnCiRcnjHvTkbceSetZEBzeRn\/AGxWtAc7v96paswehU1M48vJz1\/pVYW7qglJG3GevNWNVz+747n+lQNMxtggYdBxT10sNuyInUscigKY+W6dOKdGRj5zg5706cBkATk57c1Vyb68okDA3UeP7wrTtuS\/H8Z5rKtgRdRZBHzCtS1\/5ac\/xmlIbWqINRGdnJ6n+lUIx++xW48aSY3qGx0yKYLeEHIiTP0oT0DoY84w4+lOtBmQ\/StY28J6xIfwpRbwqcrGo+gpN3QfZsZqjF6n++Ku2ef3v\/XQ1L5MW7d5a7vXFMto2j37x95yRz2ovoB\/\/9k=",
                "permalink": "https:\/\/usdevkit.slack.com\/files\/U02107ARH28\/F0287FFN81W\/image.png",
                "permalink_public": "https:\/\/slack-files.com\/T5M5PLH8U-F0287FFN81W-e4cdea1f5d",
                "is_starred": false,
                "has_rich_preview": false
            }
        ],
        "upload": false,
        "blocks": [
            {
                "type": "rich_text",
                "block_id": "IoY",
                "elements": [
                    {
                        "type": "rich_text_section",
                        "elements": [
                            {
                                "type": "text",
                                "text": "Sneak-peak2: now for noise measurement in the same dataset (1-250µs recorded):\nHere the diagonal effect is less pronounced, indicating that the noise is indeed random (as one would expect and want).\nNext step is to introduce some noise "
                            },
                            {
                                "type": "emoji",
                                "name": "slightly_smiling_face"
                            }
                        ]
                    }
                ]
            }
        ],
        "user": "U02107ARH28",
        "display_as_bot": false,
        "ts": "1625776783.003400"
    }
]