[
    {
        "client_msg_id": "c4bb9cd7-202b-4b28-94a3-68799dbee30b",
        "type": "message",
        "text": "Hello everyone, anyone using the un0rick board for continuous measurements? I have an application (such as NDT) that will continuously process pulse-echo measurements. For this it is important that the generated pulse from the un0rick board is very 'repeatable' (constant time\/frequency content) and that noise levels are not too depending on external conditions (other appliances, temperature, etc.)\n\nI will set-up an easy test (very high-level) to verify this in conditions relevant to me:\n• Open-circuit (no transducer connected) pulse-echo measurement (0-250µs)\n• Measurements (25 pulses) every day for several days\n• A standard neural network (such as Pytorch) for training on this dataset\n• Cross-validation using the NN: if the NN can distinguish accurately between the different measurements, a time-dependent effect is present which is unwanted for our application\nOf course this is a very high-level and specific benchmark, but easy to perform and easy to span long timeframes (days, weeks, months). I'm interested to hear about other long-term experiences!\nI'll give some insight in the results shortly.",
        "user": "U02107ARH28",
        "ts": "1625145685.006800",
        "team": "T5M5PLH8U",
        "user_team": "T5M5PLH8U",
        "source_team": "T5M5PLH8U",
        "user_profile": {
            "avatar_hash": "d10f3c624b40",
            "image_72": "https:\/\/avatars.slack-edge.com\/2021-05-04\/2040702829649_d10f3c624b4009820bd5_72.png",
            "first_name": "",
            "real_name": "Kristof Gladinez",
            "display_name": "Kristof Gladinez",
            "team": "T5M5PLH8U",
            "name": "kristofgladinez",
            "is_restricted": false,
            "is_ultra_restricted": false
        },
        "blocks": [
            {
                "type": "rich_text",
                "block_id": "eIwZ",
                "elements": [
                    {
                        "type": "rich_text_section",
                        "elements": [
                            {
                                "type": "text",
                                "text": "Hello everyone, anyone using the un0rick board for continuous measurements? I have an application (such as NDT) that will continuously process pulse-echo measurements. For this it is important that the generated pulse from the un0rick board is very 'repeatable' (constant time\/frequency content) and that noise levels are not too depending on external conditions (other appliances, temperature, etc.)\n\nI will set-up an easy test (very high-level) to verify this in conditions relevant to me:\n"
                            }
                        ]
                    },
                    {
                        "type": "rich_text_list",
                        "elements": [
                            {
                                "type": "rich_text_section",
                                "elements": [
                                    {
                                        "type": "text",
                                        "text": "Open-circuit (no transducer connected) pulse-echo measurement (0-250µs)"
                                    }
                                ]
                            },
                            {
                                "type": "rich_text_section",
                                "elements": [
                                    {
                                        "type": "text",
                                        "text": "Measurements (25 pulses) every day for several days"
                                    }
                                ]
                            },
                            {
                                "type": "rich_text_section",
                                "elements": [
                                    {
                                        "type": "text",
                                        "text": "A standard neural network (such as Pytorch) for training on this dataset"
                                    }
                                ]
                            },
                            {
                                "type": "rich_text_section",
                                "elements": [
                                    {
                                        "type": "text",
                                        "text": "Cross-validation using the NN: if the NN can distinguish accurately between the different measurements, a time-dependent effect is present which is unwanted for our application"
                                    }
                                ]
                            }
                        ],
                        "style": "bullet",
                        "indent": 0
                    },
                    {
                        "type": "rich_text_section",
                        "elements": [
                            {
                                "type": "text",
                                "text": "\nOf course this is a very high-level and specific benchmark, but easy to perform and easy to span long timeframes (days, weeks, months). I'm interested to hear about other long-term experiences!\nI'll give some insight in the results shortly."
                            }
                        ]
                    }
                ]
            }
        ],
        "reactions": [
            {
                "name": "+1",
                "users": [
                    "U5M5PLH9S"
                ],
                "count": 1
            },
            {
                "name": "raised_hands",
                "users": [
                    "U5M5PLH9S"
                ],
                "count": 1
            }
        ]
    },
    {
        "type": "message",
        "subtype": "channel_join",
        "ts": "1625199608.007200",
        "user": "U025WDZG9N3",
        "text": "<@U025WDZG9N3> has joined the channel"
    }
]