[
    {
        "bot_id": "BUBHYB40Y",
        "type": "message",
        "text": ":warning: *Last chance: Action required - upgrade app for usdevkit* :warning:",
        "user": "UUBJHMJBF",
        "ts": "1628623328.000100",
        "team": "T5M5PLH8U",
        "bot_profile": {
            "id": "BUBHYB40Y",
            "deleted": false,
            "name": "GitHub (Legacy)",
            "updated": 1618436161,
            "app_id": "A8GBNUWU8",
            "icons": {
                "image_36": "https:\/\/slack-files2.s3-us-west-2.amazonaws.com\/avatars\/2017-12-19\/288981919427_f45f04edd92902a96859_36.png",
                "image_48": "https:\/\/slack-files2.s3-us-west-2.amazonaws.com\/avatars\/2017-12-19\/288981919427_f45f04edd92902a96859_48.png",
                "image_72": "https:\/\/slack-files2.s3-us-west-2.amazonaws.com\/avatars\/2017-12-19\/288981919427_f45f04edd92902a96859_72.png"
            },
            "team_id": "T5M5PLH8U"
        },
        "blocks": [
            {
                "type": "section",
                "block_id": "p0OuI",
                "text": {
                    "type": "mrkdwn",
                    "text": ":warning: *Last chance: Action required - upgrade app for usdevkit* :warning:\nYou can no longer run any commands with the legacy GitHub app and the notifications has stopped working on *August 4, 2021*.\nDon't worry, we have built a new version of GitHub-Slack integration. You can just upgrade the app and get back to your work.\n_Learn more about this upgrade <https:\/\/github.com\/integrations\/slack\/blob\/master\/README.md#moving-away-from-the-legacy-workspace-app-model-in-slack|here>._",
                    "verbatim": false
                }
            },
            {
                "type": "actions",
                "block_id": "update_app_button",
                "elements": [
                    {
                        "type": "button",
                        "action_id": "L7N5",
                        "text": {
                            "type": "plain_text",
                            "text": "Upgrade App",
                            "emoji": true
                        },
                        "style": "primary",
                        "url": "https:\/\/slack.github.com",
                        "confirm": {
                            "title": {
                                "type": "plain_text",
                                "text": "GitHub app upgrade",
                                "emoji": true
                            },
                            "text": {
                                "type": "mrkdwn",
                                "text": "Once you upgrade, all your subscriptions will be migrated from the legacy GitHub app.\n• No change in the way GitHub app works in Slack.\n• Subscriptions configured in public channels will work seamlessly.\n• GitHub app needs to be invited again in the private channels to receive the notifications.",
                                "verbatim": false
                            },
                            "confirm": {
                                "type": "plain_text",
                                "text": "Upgrade App",
                                "emoji": true
                            },
                            "deny": {
                                "type": "plain_text",
                                "text": "Cancel",
                                "emoji": true
                            }
                        }
                    }
                ]
            }
        ]
    }
]