[
    {
        "type": "message",
        "subtype": "bot_message",
        "text": "Top of the charts on HN!",
        "ts": "1501192317.490586",
        "username": "toad_polo",
        "icons": {
            "image_48": "https:\/\/s3-us-west-2.amazonaws.com\/slack-files2\/bot_icons\/2017-06-04\/192576811829_48.png"
        },
        "bot_id": "B5MPXQBFS",
        "reactions": [
            {
                "name": "wink",
                "users": [
                    "U5M5PLH9S"
                ],
                "count": 1
            }
        ]
    },
    {
        "type": "message",
        "subtype": "channel_join",
        "ts": "1501192756.662795",
        "user": "U6E49CNV6",
        "text": "<@U6E49CNV6> has joined the channel"
    },
    {
        "type": "message",
        "text": "Seems so! Maintained #1 an hour+, still on front-page, nice!",
        "user": "U5M5PLH9S",
        "ts": "1501221207.345253",
        "team": "T5M5PLH8U",
        "user_team": "T5M5PLH8U",
        "source_team": "T5M5PLH8U",
        "user_profile": {
            "avatar_hash": "e4fb6ae9f526",
            "image_72": "https:\/\/avatars.slack-edge.com\/2017-06-01\/191144530514_e4fb6ae9f526531fd41c_72.jpg",
            "first_name": "",
            "real_name": "kelu",
            "display_name": "",
            "team": "T5M5PLH8U",
            "name": "kelu",
            "is_restricted": false,
            "is_ultra_restricted": false
        }
    },
    {
        "type": "message",
        "text": ":clap::skin-tone-2:  :tada: ",
        "user": "U62TBFE9Z",
        "ts": "1501221319.363243",
        "team": "T5M5PLH8U",
        "user_team": "T5M5PLH8U",
        "source_team": "T5M5PLH8U",
        "user_profile": {
            "avatar_hash": "g11c24cdc3d7",
            "image_72": "https:\/\/secure.gravatar.com\/avatar\/911c24cdc3d7ba8f1c03bfcf4e186c00.jpg?s=72&d=https%3A%2F%2Fa.slack-edge.com%2Fdf10d%2Fimg%2Favatars%2Fava_0026-72.png",
            "first_name": "",
            "real_name": "rbo",
            "display_name": "",
            "team": "T5M5PLH8U",
            "name": "rbo",
            "is_restricted": false,
            "is_ultra_restricted": false
        }
    }
]