[
    {
        "type": "message",
        "text": "Awesome article : <http:\/\/advances.sciencemag.org\/content\/advances\/3\/12\/e1701423.full.pdf>",
        "user": "U5M5PLH9S",
        "ts": "1513528922.000126",
        "team": "T5M5PLH8U",
        "user_team": "T5M5PLH8U",
        "source_team": "T5M5PLH8U",
        "user_profile": {
            "avatar_hash": "e4fb6ae9f526",
            "image_72": "https:\/\/avatars.slack-edge.com\/2017-06-01\/191144530514_e4fb6ae9f526531fd41c_72.jpg",
            "first_name": "",
            "real_name": "kelu",
            "display_name": "",
            "team": "T5M5PLH8U",
            "name": "kelu",
            "is_restricted": false,
            "is_ultra_restricted": false
        }
    },
    {
        "type": "message",
        "text": "Compressed 4d imaging with a single élément-- looks like a good challenge for the  fpga board that im cooking up ^^",
        "user": "U5M5PLH9S",
        "ts": "1513529090.000059",
        "team": "T5M5PLH8U",
        "user_team": "T5M5PLH8U",
        "source_team": "T5M5PLH8U",
        "user_profile": {
            "avatar_hash": "e4fb6ae9f526",
            "image_72": "https:\/\/avatars.slack-edge.com\/2017-06-01\/191144530514_e4fb6ae9f526531fd41c_72.jpg",
            "first_name": "",
            "real_name": "kelu",
            "display_name": "",
            "team": "T5M5PLH8U",
            "name": "kelu",
            "is_restricted": false,
            "is_ultra_restricted": false
        }
    },
    {
        "type": "message",
        "text": "interesting, indeed :slightly_smiling_face:",
        "user": "U7F49RVMG",
        "ts": "1513533432.000094",
        "team": "T5M5PLH8U",
        "user_team": "T5M5PLH8U",
        "source_team": "T5M5PLH8U",
        "user_profile": {
            "avatar_hash": "g36143b3c8a8",
            "image_72": "https:\/\/secure.gravatar.com\/avatar\/136143b3c8a8f001d1ada26594df76ff.jpg?s=72&d=https%3A%2F%2Fa.slack-edge.com%2Fdf10d%2Fimg%2Favatars%2Fava_0016-72.png",
            "first_name": "",
            "real_name": "Felix Wiesmueller",
            "display_name": "Felix",
            "team": "T5M5PLH8U",
            "name": "f.wiesmueller",
            "is_restricted": false,
            "is_ultra_restricted": false
        }
    }
]