[
    {
        "type": "message",
        "text": "Even on Google headline for HN :wink: ",
        "user": "U62TBFE9Z",
        "ts": "1501231119.834912",
        "team": "T5M5PLH8U",
        "user_team": "T5M5PLH8U",
        "source_team": "T5M5PLH8U",
        "user_profile": {
            "avatar_hash": "g11c24cdc3d7",
            "image_72": "https:\/\/secure.gravatar.com\/avatar\/911c24cdc3d7ba8f1c03bfcf4e186c00.jpg?s=72&d=https%3A%2F%2Fa.slack-edge.com%2Fdf10d%2Fimg%2Favatars%2Fava_0026-72.png",
            "first_name": "",
            "real_name": "rbo",
            "display_name": "",
            "team": "T5M5PLH8U",
            "name": "rbo",
            "is_restricted": false,
            "is_ultra_restricted": false
        }
    },
    {
        "type": "message",
        "text": "",
        "files": [
            {
                "id": "F6EU8UMH8",
                "created": 1501231130,
                "timestamp": 1501231130,
                "name": "Screenshot_20170728-075640~2.png",
                "title": "Screenshot_20170728-075640~2.png",
                "mimetype": "image\/png",
                "filetype": "png",
                "pretty_type": "PNG",
                "user": "U62TBFE9Z",
                "editable": false,
                "size": 156384,
                "mode": "hosted",
                "is_external": false,
                "external_type": "",
                "is_public": true,
                "public_url_shared": true,
                "display_as_bot": false,
                "username": "",
                "url_private": "https:\/\/files.slack.com\/files-pri\/T5M5PLH8U-F6EU8UMH8\/screenshot_20170728-075640_2.png?t=xoxe-191193697300-1381062880324-1368140560006-96abaf9fa31dffabf8d2ddd7876c6250",
                "url_private_download": "https:\/\/files.slack.com\/files-pri\/T5M5PLH8U-F6EU8UMH8\/download\/screenshot_20170728-075640_2.png?t=xoxe-191193697300-1381062880324-1368140560006-96abaf9fa31dffabf8d2ddd7876c6250",
                "thumb_64": "https:\/\/files.slack.com\/files-tmb\/T5M5PLH8U-F6EU8UMH8-d903e4a8d0\/screenshot_20170728-075640_2_64.png?t=xoxe-191193697300-1381062880324-1368140560006-96abaf9fa31dffabf8d2ddd7876c6250",
                "thumb_80": "https:\/\/files.slack.com\/files-tmb\/T5M5PLH8U-F6EU8UMH8-d903e4a8d0\/screenshot_20170728-075640_2_80.png?t=xoxe-191193697300-1381062880324-1368140560006-96abaf9fa31dffabf8d2ddd7876c6250",
                "thumb_360": "https:\/\/files.slack.com\/files-tmb\/T5M5PLH8U-F6EU8UMH8-d903e4a8d0\/screenshot_20170728-075640_2_360.png?t=xoxe-191193697300-1381062880324-1368140560006-96abaf9fa31dffabf8d2ddd7876c6250",
                "thumb_360_w": 360,
                "thumb_360_h": 286,
                "thumb_480": "https:\/\/files.slack.com\/files-tmb\/T5M5PLH8U-F6EU8UMH8-d903e4a8d0\/screenshot_20170728-075640_2_480.png?t=xoxe-191193697300-1381062880324-1368140560006-96abaf9fa31dffabf8d2ddd7876c6250",
                "thumb_480_w": 480,
                "thumb_480_h": 381,
                "thumb_160": "https:\/\/files.slack.com\/files-tmb\/T5M5PLH8U-F6EU8UMH8-d903e4a8d0\/screenshot_20170728-075640_2_160.png?t=xoxe-191193697300-1381062880324-1368140560006-96abaf9fa31dffabf8d2ddd7876c6250",
                "thumb_720": "https:\/\/files.slack.com\/files-tmb\/T5M5PLH8U-F6EU8UMH8-d903e4a8d0\/screenshot_20170728-075640_2_720.png?t=xoxe-191193697300-1381062880324-1368140560006-96abaf9fa31dffabf8d2ddd7876c6250",
                "thumb_720_w": 720,
                "thumb_720_h": 572,
                "thumb_800": "https:\/\/files.slack.com\/files-tmb\/T5M5PLH8U-F6EU8UMH8-d903e4a8d0\/screenshot_20170728-075640_2_800.png?t=xoxe-191193697300-1381062880324-1368140560006-96abaf9fa31dffabf8d2ddd7876c6250",
                "thumb_800_w": 800,
                "thumb_800_h": 636,
                "thumb_960": "https:\/\/files.slack.com\/files-tmb\/T5M5PLH8U-F6EU8UMH8-d903e4a8d0\/screenshot_20170728-075640_2_960.png?t=xoxe-191193697300-1381062880324-1368140560006-96abaf9fa31dffabf8d2ddd7876c6250",
                "thumb_960_w": 960,
                "thumb_960_h": 763,
                "thumb_1024": "https:\/\/files.slack.com\/files-tmb\/T5M5PLH8U-F6EU8UMH8-d903e4a8d0\/screenshot_20170728-075640_2_1024.png?t=xoxe-191193697300-1381062880324-1368140560006-96abaf9fa31dffabf8d2ddd7876c6250",
                "thumb_1024_w": 1024,
                "thumb_1024_h": 814,
                "image_exif_rotation": 1,
                "original_w": 1440,
                "original_h": 1144,
                "permalink": "https:\/\/usdevkit.slack.com\/files\/U62TBFE9Z\/F6EU8UMH8\/screenshot_20170728-075640_2.png",
                "permalink_public": "https:\/\/slack-files.com\/T5M5PLH8U-F6EU8UMH8-bf13b0319f",
                "is_starred": false,
                "has_rich_preview": false
            }
        ],
        "upload": true,
        "user": "U62TBFE9Z",
        "display_as_bot": false,
        "ts": "1501231133.839832"
    },
    {
        "type": "message",
        "text": ";)",
        "user": "U5M5PLH9S",
        "ts": "1501231207.863602",
        "team": "T5M5PLH8U",
        "user_team": "T5M5PLH8U",
        "source_team": "T5M5PLH8U",
        "user_profile": {
            "avatar_hash": "e4fb6ae9f526",
            "image_72": "https:\/\/avatars.slack-edge.com\/2017-06-01\/191144530514_e4fb6ae9f526531fd41c_72.jpg",
            "first_name": "",
            "real_name": "kelu",
            "display_name": "",
            "team": "T5M5PLH8U",
            "name": "kelu",
            "is_restricted": false,
            "is_ultra_restricted": false
        }
    },
    {
        "type": "message",
        "text": "And still #8 at the moment ",
        "user": "U5M5PLH9S",
        "ts": "1501231375.918604",
        "team": "T5M5PLH8U",
        "user_team": "T5M5PLH8U",
        "source_team": "T5M5PLH8U",
        "user_profile": {
            "avatar_hash": "e4fb6ae9f526",
            "image_72": "https:\/\/avatars.slack-edge.com\/2017-06-01\/191144530514_e4fb6ae9f526531fd41c_72.jpg",
            "first_name": "",
            "real_name": "kelu",
            "display_name": "",
            "team": "T5M5PLH8U",
            "name": "kelu",
            "is_restricted": false,
            "is_ultra_restricted": false
        }
    },
    {
        "type": "message",
        "subtype": "channel_join",
        "ts": "1501242813.348808",
        "user": "U6EETRVEV",
        "text": "<@U6EETRVEV> has joined the channel"
    },
    {
        "type": "message",
        "subtype": "channel_join",
        "ts": "1501243061.415483",
        "user": "U6EUE8ACB",
        "text": "<@U6EUE8ACB> has joined the channel"
    },
    {
        "type": "message",
        "text": "Hi all, hope you don't mind me joining your Slack. I saw your link on HN and thought this looked like a really cool community :slightly_smiling_face:. I'm interested in doppler and using CNNs to classify turbulence in spectrogram images. Really interested in finding out more!",
        "user": "U6EETRVEV",
        "ts": "1501243097.425097",
        "team": "T5M5PLH8U",
        "user_team": "T5M5PLH8U",
        "source_team": "T5M5PLH8U",
        "user_profile": {
            "avatar_hash": "gf699c2e2a47",
            "image_72": "https:\/\/secure.gravatar.com\/avatar\/cf699c2e2a4716da51ae8ed254e51a2b.jpg?s=72&d=https%3A%2F%2Fa.slack-edge.com%2Fdf10d%2Fimg%2Favatars%2Fava_0007-72.png",
            "first_name": "Aaron",
            "real_name": "Aaron Fowles",
            "display_name": "aaronfowles",
            "team": "T5M5PLH8U",
            "name": "aaronfowles",
            "is_restricted": false,
            "is_ultra_restricted": false
        }
    },
    {
        "type": "message",
        "text": "Hey! Welcome to you :) doppler isn't explored yet, but let know if you want to do something \/ tinker with whatever :)",
        "user": "U5M5PLH9S",
        "ts": "1501246162.398710",
        "team": "T5M5PLH8U",
        "user_team": "T5M5PLH8U",
        "source_team": "T5M5PLH8U",
        "user_profile": {
            "avatar_hash": "e4fb6ae9f526",
            "image_72": "https:\/\/avatars.slack-edge.com\/2017-06-01\/191144530514_e4fb6ae9f526531fd41c_72.jpg",
            "first_name": "",
            "real_name": "kelu",
            "display_name": "",
            "team": "T5M5PLH8U",
            "name": "kelu",
            "is_restricted": false,
            "is_ultra_restricted": false
        }
    }
]