[
    {
        "client_msg_id": "40db5925-d077-41f9-8a1e-ec7a28e0c1d1",
        "type": "message",
        "text": "Welcome <@UCEM0M03B>! Out of curiosity, are you looking for 2D imaging, or special way? There is plenty to be done using compressed sensing, is this one of your options?",
        "user": "U5M5PLH9S",
        "ts": "1535270166.000100",
        "team": "T5M5PLH8U",
        "user_team": "T5M5PLH8U",
        "source_team": "T5M5PLH8U",
        "user_profile": {
            "avatar_hash": "e4fb6ae9f526",
            "image_72": "https:\/\/avatars.slack-edge.com\/2017-06-01\/191144530514_e4fb6ae9f526531fd41c_72.jpg",
            "first_name": "",
            "real_name": "kelu",
            "display_name": "",
            "team": "T5M5PLH8U",
            "name": "kelu",
            "is_restricted": false,
            "is_ultra_restricted": false
        },
        "thread_ts": "1535226378.000100",
        "parent_user_id": "UCEM0M03B"
    },
    {
        "client_msg_id": "866e536c-1083-4189-ac04-759698f4c484",
        "type": "message",
        "text": "humm small question for ice40 channel: has anyone experience with __flashrom__ ? I'm setting-up a minimal distro for onboard RPi, with a tool to flash different designs, but having trouble flashing the rom at the moment :slightly_smiling_face:",
        "user": "U5M5PLH9S",
        "ts": "1535310283.000100",
        "team": "T5M5PLH8U",
        "user_team": "T5M5PLH8U",
        "source_team": "T5M5PLH8U",
        "user_profile": {
            "avatar_hash": "e4fb6ae9f526",
            "image_72": "https:\/\/avatars.slack-edge.com\/2017-06-01\/191144530514_e4fb6ae9f526531fd41c_72.jpg",
            "first_name": "",
            "real_name": "kelu",
            "display_name": "",
            "team": "T5M5PLH8U",
            "name": "kelu",
            "is_restricted": false,
            "is_ultra_restricted": false
        }
    },
    {
        "client_msg_id": "43b9ec1e-caaf-4cdb-b352-ac6e1ca6d88d",
        "type": "message",
        "text": "Our end objective is a 2D array or transducers in the form of a patch, but we are starting by trying to create a flexible 1D array of transducers to produce 2D images",
        "user": "UCEM0M03B",
        "ts": "1535310933.000100",
        "team": "T5M5PLH8U",
        "user_team": "T5M5PLH8U",
        "source_team": "T5M5PLH8U",
        "user_profile": {
            "avatar_hash": "g8df861d6e1a",
            "image_72": "https:\/\/secure.gravatar.com\/avatar\/38df861d6e1a4873e56759ff168031d2.jpg?s=72&d=https%3A%2F%2Fa.slack-edge.com%2Fdf10d%2Fimg%2Favatars%2Fava_0017-72.png",
            "first_name": "",
            "real_name": "Lucas Muller",
            "display_name": "Lucas Muller",
            "team": "T5M5PLH8U",
            "name": "muller.gatech",
            "is_restricted": false,
            "is_ultra_restricted": false
        },
        "thread_ts": "1535226378.000100",
        "parent_user_id": "UCEM0M03B"
    }
]