[
    {
        "type": "message",
        "text": "kelu, I think bnc should be connected with sma of board.\nand from your document I found pin map.\nmy question is : How can I connect each vcc\/ground\/ motorcontrol\/counter signal to board's pin ??",
        "files": [
            {
                "id": "FD8826V98",
                "created": 1538756294,
                "timestamp": 1538756294,
                "name": "image.png",
                "title": "Pasted image at 2018-10-06, 12:27 AM",
                "mimetype": "image\/png",
                "filetype": "png",
                "pretty_type": "PNG",
                "user": "UCMBM5C6L",
                "editable": false,
                "size": 17506832,
                "mode": "hosted",
                "is_external": false,
                "external_type": "",
                "is_public": true,
                "public_url_shared": false,
                "display_as_bot": false,
                "username": "",
                "url_private": "https:\/\/files.slack.com\/files-pri\/T5M5PLH8U-FD8826V98\/image.png?t=xoxe-191193697300-1381062880324-1368140560006-96abaf9fa31dffabf8d2ddd7876c6250",
                "url_private_download": "https:\/\/files.slack.com\/files-pri\/T5M5PLH8U-FD8826V98\/download\/image.png?t=xoxe-191193697300-1381062880324-1368140560006-96abaf9fa31dffabf8d2ddd7876c6250",
                "thumb_64": "https:\/\/files.slack.com\/files-tmb\/T5M5PLH8U-FD8826V98-42b1816d66\/image_64.png?t=xoxe-191193697300-1381062880324-1368140560006-96abaf9fa31dffabf8d2ddd7876c6250",
                "thumb_80": "https:\/\/files.slack.com\/files-tmb\/T5M5PLH8U-FD8826V98-42b1816d66\/image_80.png?t=xoxe-191193697300-1381062880324-1368140560006-96abaf9fa31dffabf8d2ddd7876c6250",
                "thumb_360": "https:\/\/files.slack.com\/files-tmb\/T5M5PLH8U-FD8826V98-42b1816d66\/image_360.png?t=xoxe-191193697300-1381062880324-1368140560006-96abaf9fa31dffabf8d2ddd7876c6250",
                "thumb_360_w": 360,
                "thumb_360_h": 203,
                "thumb_480": "https:\/\/files.slack.com\/files-tmb\/T5M5PLH8U-FD8826V98-42b1816d66\/image_480.png?t=xoxe-191193697300-1381062880324-1368140560006-96abaf9fa31dffabf8d2ddd7876c6250",
                "thumb_480_w": 480,
                "thumb_480_h": 270,
                "thumb_160": "https:\/\/files.slack.com\/files-tmb\/T5M5PLH8U-FD8826V98-42b1816d66\/image_160.png?t=xoxe-191193697300-1381062880324-1368140560006-96abaf9fa31dffabf8d2ddd7876c6250",
                "thumb_720": "https:\/\/files.slack.com\/files-tmb\/T5M5PLH8U-FD8826V98-42b1816d66\/image_720.png?t=xoxe-191193697300-1381062880324-1368140560006-96abaf9fa31dffabf8d2ddd7876c6250",
                "thumb_720_w": 720,
                "thumb_720_h": 405,
                "thumb_800": "https:\/\/files.slack.com\/files-tmb\/T5M5PLH8U-FD8826V98-42b1816d66\/image_800.png?t=xoxe-191193697300-1381062880324-1368140560006-96abaf9fa31dffabf8d2ddd7876c6250",
                "thumb_800_w": 800,
                "thumb_800_h": 450,
                "thumb_960": "https:\/\/files.slack.com\/files-tmb\/T5M5PLH8U-FD8826V98-42b1816d66\/image_960.png?t=xoxe-191193697300-1381062880324-1368140560006-96abaf9fa31dffabf8d2ddd7876c6250",
                "thumb_960_w": 960,
                "thumb_960_h": 540,
                "thumb_1024": "https:\/\/files.slack.com\/files-tmb\/T5M5PLH8U-FD8826V98-42b1816d66\/image_1024.png?t=xoxe-191193697300-1381062880324-1368140560006-96abaf9fa31dffabf8d2ddd7876c6250",
                "thumb_1024_w": 1024,
                "thumb_1024_h": 576,
                "image_exif_rotation": 1,
                "original_w": 5312,
                "original_h": 2988,
                "permalink": "https:\/\/usdevkit.slack.com\/files\/UCMBM5C6L\/FD8826V98\/image.png",
                "permalink_public": "https:\/\/slack-files.com\/T5M5PLH8U-FD8826V98-50278f2aeb",
                "is_starred": false,
                "has_rich_preview": false
            }
        ],
        "upload": true,
        "user": "UCMBM5C6L",
        "display_as_bot": false,
        "ts": "1538756308.000100",
        "thread_ts": "1538756308.000100",
        "reply_count": 87,
        "reply_users_count": 2,
        "latest_reply": "1540065243.000100",
        "reply_users": [
            "U5M5PLH9S",
            "UCMBM5C6L"
        ],
        "replies": [
            {
                "user": "U5M5PLH9S",
                "ts": "1538758136.000100"
            },
            {
                "user": "U5M5PLH9S",
                "ts": "1538758179.000100"
            },
            {
                "user": "U5M5PLH9S",
                "ts": "1538758247.000100"
            },
            {
                "user": "U5M5PLH9S",
                "ts": "1538758310.000100"
            },
            {
                "user": "UCMBM5C6L",
                "ts": "1538758985.000100"
            },
            {
                "user": "UCMBM5C6L",
                "ts": "1538758999.000100"
            },
            {
                "user": "U5M5PLH9S",
                "ts": "1538759053.000100"
            },
            {
                "user": "U5M5PLH9S",
                "ts": "1538759103.000100"
            },
            {
                "user": "U5M5PLH9S",
                "ts": "1538759104.000100"
            },
            {
                "user": "U5M5PLH9S",
                "ts": "1538759104.000300"
            },
            {
                "user": "U5M5PLH9S",
                "ts": "1538759112.000100"
            },
            {
                "user": "UCMBM5C6L",
                "ts": "1538759116.000100"
            },
            {
                "user": "U5M5PLH9S",
                "ts": "1538759123.000100"
            },
            {
                "user": "U5M5PLH9S",
                "ts": "1538759129.000100"
            },
            {
                "user": "U5M5PLH9S",
                "ts": "1538759148.000100"
            },
            {
                "user": "U5M5PLH9S",
                "ts": "1538759188.000100"
            },
            {
                "user": "UCMBM5C6L",
                "ts": "1538759209.000100"
            },
            {
                "user": "U5M5PLH9S",
                "ts": "1538759209.000500"
            },
            {
                "user": "UCMBM5C6L",
                "ts": "1538759249.000100"
            },
            {
                "user": "U5M5PLH9S",
                "ts": "1538759272.000100"
            },
            {
                "user": "UCMBM5C6L",
                "ts": "1538759294.000100"
            },
            {
                "user": "U5M5PLH9S",
                "ts": "1538760955.000100"
            },
            {
                "user": "U5M5PLH9S",
                "ts": "1538760996.000100"
            },
            {
                "user": "UCMBM5C6L",
                "ts": "1539250660.000100"
            },
            {
                "user": "UCMBM5C6L",
                "ts": "1539250694.000100"
            },
            {
                "user": "UCMBM5C6L",
                "ts": "1539250712.000100"
            },
            {
                "user": "UCMBM5C6L",
                "ts": "1539250727.000100"
            },
            {
                "user": "U5M5PLH9S",
                "ts": "1539255927.000100"
            },
            {
                "user": "U5M5PLH9S",
                "ts": "1539255939.000100"
            },
            {
                "user": "U5M5PLH9S",
                "ts": "1539258391.000100"
            },
            {
                "user": "UCMBM5C6L",
                "ts": "1539502287.000100"
            },
            {
                "user": "UCMBM5C6L",
                "ts": "1539504949.000100"
            },
            {
                "user": "UCMBM5C6L",
                "ts": "1539505016.000100"
            },
            {
                "user": "U5M5PLH9S",
                "ts": "1539509298.000100"
            },
            {
                "user": "U5M5PLH9S",
                "ts": "1539509356.000100"
            },
            {
                "user": "U5M5PLH9S",
                "ts": "1539509408.000100"
            },
            {
                "user": "U5M5PLH9S",
                "ts": "1539509433.000100"
            },
            {
                "user": "U5M5PLH9S",
                "ts": "1539509564.000100"
            },
            {
                "user": "U5M5PLH9S",
                "ts": "1539509993.000100"
            },
            {
                "user": "UCMBM5C6L",
                "ts": "1539570916.000100"
            },
            {
                "user": "U5M5PLH9S",
                "ts": "1539581270.000100"
            },
            {
                "user": "UCMBM5C6L",
                "ts": "1539954217.000100"
            },
            {
                "user": "UCMBM5C6L",
                "ts": "1539954484.000100"
            },
            {
                "user": "UCMBM5C6L",
                "ts": "1539954593.000100"
            },
            {
                "user": "U5M5PLH9S",
                "ts": "1539955128.000100"
            },
            {
                "user": "U5M5PLH9S",
                "ts": "1539955153.000100"
            },
            {
                "user": "UCMBM5C6L",
                "ts": "1539955466.000100"
            },
            {
                "user": "UCMBM5C6L",
                "ts": "1539955539.000100"
            },
            {
                "user": "UCMBM5C6L",
                "ts": "1539955540.000100"
            },
            {
                "user": "UCMBM5C6L",
                "ts": "1539955555.000100"
            },
            {
                "user": "UCMBM5C6L",
                "ts": "1539956045.000100"
            },
            {
                "user": "U5M5PLH9S",
                "ts": "1539956212.000100"
            },
            {
                "user": "U5M5PLH9S",
                "ts": "1539956228.000100"
            },
            {
                "user": "U5M5PLH9S",
                "ts": "1539956250.000100"
            },
            {
                "user": "UCMBM5C6L",
                "ts": "1539956472.000100"
            },
            {
                "user": "UCMBM5C6L",
                "ts": "1539956473.000100"
            },
            {
                "user": "UCMBM5C6L",
                "ts": "1539956920.000100"
            },
            {
                "user": "UCMBM5C6L",
                "ts": "1539957973.000100"
            },
            {
                "user": "UCMBM5C6L",
                "ts": "1539959562.000100"
            },
            {
                "user": "UCMBM5C6L",
                "ts": "1539959563.000100"
            },
            {
                "user": "U5M5PLH9S",
                "ts": "1539963009.000100"
            },
            {
                "user": "U5M5PLH9S",
                "ts": "1539963029.000100"
            },
            {
                "user": "U5M5PLH9S",
                "ts": "1539963100.000100"
            },
            {
                "user": "UCMBM5C6L",
                "ts": "1539963790.000100"
            },
            {
                "user": "UCMBM5C6L",
                "ts": "1539963810.000100"
            },
            {
                "user": "UCMBM5C6L",
                "ts": "1539964056.000100"
            },
            {
                "user": "UCMBM5C6L",
                "ts": "1539964073.000100"
            },
            {
                "user": "UCMBM5C6L",
                "ts": "1539964082.000100"
            },
            {
                "user": "UCMBM5C6L",
                "ts": "1539964327.000100"
            },
            {
                "user": "UCMBM5C6L",
                "ts": "1539964854.000100"
            },
            {
                "user": "UCMBM5C6L",
                "ts": "1539964876.000100"
            },
            {
                "user": "UCMBM5C6L",
                "ts": "1539965314.000100"
            },
            {
                "user": "UCMBM5C6L",
                "ts": "1539965319.000100"
            },
            {
                "user": "UCMBM5C6L",
                "ts": "1539965333.000100"
            },
            {
                "user": "U5M5PLH9S",
                "ts": "1539969553.000100"
            },
            {
                "user": "U5M5PLH9S",
                "ts": "1539969554.000100"
            },
            {
                "user": "U5M5PLH9S",
                "ts": "1539969573.000100"
            },
            {
                "user": "U5M5PLH9S",
                "ts": "1539969588.000100"
            },
            {
                "user": "U5M5PLH9S",
                "ts": "1539969621.000100"
            },
            {
                "user": "U5M5PLH9S",
                "ts": "1539969622.000100"
            },
            {
                "user": "U5M5PLH9S",
                "ts": "1539969651.000100"
            },
            {
                "user": "U5M5PLH9S",
                "ts": "1539969677.000100"
            },
            {
                "user": "U5M5PLH9S",
                "ts": "1539969751.000100"
            },
            {
                "user": "U5M5PLH9S",
                "ts": "1539979454.000100"
            },
            {
                "user": "U5M5PLH9S",
                "ts": "1540065131.000100"
            },
            {
                "user": "U5M5PLH9S",
                "ts": "1540065211.000100"
            },
            {
                "user": "U5M5PLH9S",
                "ts": "1540065243.000100"
            }
        ],
        "subscribed": true,
        "last_read": "1540065243.000100",
        "reactions": [
            {
                "name": "man-cartwheeling",
                "users": [
                    "U5M5PLH9S"
                ],
                "count": 1
            }
        ]
    },
    {
        "client_msg_id": "57beb366-d549-4e42-8977-a8a62e355a73",
        "type": "message",
        "text": "Awesome!",
        "user": "U5M5PLH9S",
        "ts": "1538758136.000100",
        "team": "T5M5PLH8U",
        "user_team": "T5M5PLH8U",
        "source_team": "T5M5PLH8U",
        "user_profile": {
            "avatar_hash": "e4fb6ae9f526",
            "image_72": "https:\/\/avatars.slack-edge.com\/2017-06-01\/191144530514_e4fb6ae9f526531fd41c_72.jpg",
            "first_name": "",
            "real_name": "kelu",
            "display_name": "",
            "team": "T5M5PLH8U",
            "name": "kelu",
            "is_restricted": false,
            "is_ultra_restricted": false
        },
        "thread_ts": "1538756308.000100",
        "parent_user_id": "UCMBM5C6L"
    },
    {
        "client_msg_id": "1332b8dd-fb27-48cc-98f1-506293bcc607",
        "type": "message",
        "text": "Yes, i am using a sma to bnc connector",
        "user": "U5M5PLH9S",
        "ts": "1538758179.000100",
        "team": "T5M5PLH8U",
        "user_team": "T5M5PLH8U",
        "source_team": "T5M5PLH8U",
        "user_profile": {
            "avatar_hash": "e4fb6ae9f526",
            "image_72": "https:\/\/avatars.slack-edge.com\/2017-06-01\/191144530514_e4fb6ae9f526531fd41c_72.jpg",
            "first_name": "",
            "real_name": "kelu",
            "display_name": "",
            "team": "T5M5PLH8U",
            "name": "kelu",
            "is_restricted": false,
            "is_ultra_restricted": false
        },
        "thread_ts": "1538756308.000100",
        "parent_user_id": "UCMBM5C6L"
    },
    {
        "client_msg_id": "04a9cce2-b160-46b9-9160-5400ead7922b",
        "type": "message",
        "text": "For the motor, you can start with 5v and gnd to the motors pins.",
        "user": "U5M5PLH9S",
        "ts": "1538758247.000100",
        "team": "T5M5PLH8U",
        "user_team": "T5M5PLH8U",
        "source_team": "T5M5PLH8U",
        "user_profile": {
            "avatar_hash": "e4fb6ae9f526",
            "image_72": "https:\/\/avatars.slack-edge.com\/2017-06-01\/191144530514_e4fb6ae9f526531fd41c_72.jpg",
            "first_name": "",
            "real_name": "kelu",
            "display_name": "",
            "team": "T5M5PLH8U",
            "name": "kelu",
            "is_restricted": false,
            "is_ultra_restricted": false
        },
        "thread_ts": "1538756308.000100",
        "parent_user_id": "UCMBM5C6L"
    },
    {
        "client_msg_id": "b4e8ff3e-f81c-4766-8277-c2ae1ac9cb0f",
        "type": "message",
        "text": "For a good practice, please send ongoing messages on <#C7U1PJMK8|transducers> channel if you can :) for piezo topics",
        "user": "U5M5PLH9S",
        "ts": "1538758310.000100",
        "team": "T5M5PLH8U",
        "user_team": "T5M5PLH8U",
        "source_team": "T5M5PLH8U",
        "user_profile": {
            "avatar_hash": "e4fb6ae9f526",
            "image_72": "https:\/\/avatars.slack-edge.com\/2017-06-01\/191144530514_e4fb6ae9f526531fd41c_72.jpg",
            "first_name": "",
            "real_name": "kelu",
            "display_name": "",
            "team": "T5M5PLH8U",
            "name": "kelu",
            "is_restricted": false,
            "is_ultra_restricted": false
        },
        "thread_ts": "1538756308.000100",
        "parent_user_id": "UCMBM5C6L"
    },
    {
        "client_msg_id": "031a793a-ec94-45e3-be06-d7356dcb6c1e",
        "type": "message",
        "text": "then what about counter signal pin and motor control pin?",
        "user": "UCMBM5C6L",
        "ts": "1538758985.000100",
        "team": "T5M5PLH8U",
        "user_team": "T5M5PLH8U",
        "source_team": "T5M5PLH8U",
        "user_profile": {
            "avatar_hash": "g44cf2181b23",
            "image_72": "https:\/\/secure.gravatar.com\/avatar\/a44cf2181b23bc20da69fd976d4a2046.jpg?s=72&d=https%3A%2F%2Fa.slack-edge.com%2Fdf10d%2Fimg%2Favatars%2Fava_0001-72.png",
            "first_name": "",
            "real_name": "Taeyoung Lee",
            "display_name": "",
            "team": "T5M5PLH8U",
            "name": "tylee0325",
            "is_restricted": false,
            "is_ultra_restricted": false
        },
        "thread_ts": "1538756308.000100",
        "parent_user_id": "UCMBM5C6L"
    },
    {
        "client_msg_id": "d4d33e56-7186-4d3e-a3b4-7f82238479f2",
        "type": "message",
        "text": "can I ignore these ?",
        "user": "UCMBM5C6L",
        "ts": "1538758999.000100",
        "team": "T5M5PLH8U",
        "user_team": "T5M5PLH8U",
        "source_team": "T5M5PLH8U",
        "user_profile": {
            "avatar_hash": "g44cf2181b23",
            "image_72": "https:\/\/secure.gravatar.com\/avatar\/a44cf2181b23bc20da69fd976d4a2046.jpg?s=72&d=https%3A%2F%2Fa.slack-edge.com%2Fdf10d%2Fimg%2Favatars%2Fava_0001-72.png",
            "first_name": "",
            "real_name": "Taeyoung Lee",
            "display_name": "",
            "team": "T5M5PLH8U",
            "name": "tylee0325",
            "is_restricted": false,
            "is_ultra_restricted": false
        },
        "thread_ts": "1538756308.000100",
        "parent_user_id": "UCMBM5C6L"
    },
    {
        "client_msg_id": "9f345d7e-5fa8-4dd4-ad6b-bf9e648a37af",
        "type": "message",
        "text": "These two I couldn't make work on most probes. Probably because there is a power issue. But you can ignore those at first.",
        "user": "U5M5PLH9S",
        "ts": "1538759053.000100",
        "team": "T5M5PLH8U",
        "user_team": "T5M5PLH8U",
        "source_team": "T5M5PLH8U",
        "user_profile": {
            "avatar_hash": "e4fb6ae9f526",
            "image_72": "https:\/\/avatars.slack-edge.com\/2017-06-01\/191144530514_e4fb6ae9f526531fd41c_72.jpg",
            "first_name": "",
            "real_name": "kelu",
            "display_name": "",
            "team": "T5M5PLH8U",
            "name": "kelu",
            "is_restricted": false,
            "is_ultra_restricted": false
        },
        "thread_ts": "1538756308.000100",
        "parent_user_id": "UCMBM5C6L"
    },
    {
        "client_msg_id": "07cc3162-2e44-497c-89e7-d48e89a106fe",
        "type": "message",
        "text": "Just make sure the motor runs",
        "user": "U5M5PLH9S",
        "ts": "1538759103.000100",
        "team": "T5M5PLH8U",
        "user_team": "T5M5PLH8U",
        "source_team": "T5M5PLH8U",
        "user_profile": {
            "avatar_hash": "e4fb6ae9f526",
            "image_72": "https:\/\/avatars.slack-edge.com\/2017-06-01\/191144530514_e4fb6ae9f526531fd41c_72.jpg",
            "first_name": "",
            "real_name": "kelu",
            "display_name": "",
            "team": "T5M5PLH8U",
            "name": "kelu",
            "is_restricted": false,
            "is_ultra_restricted": false
        },
        "thread_ts": "1538756308.000100",
        "parent_user_id": "UCMBM5C6L"
    },
    {
        "client_msg_id": "c0ee2b28-788a-4fe0-8991-705f01a6459f",
        "type": "message",
        "text": "Ah",
        "user": "U5M5PLH9S",
        "ts": "1538759104.000100",
        "team": "T5M5PLH8U",
        "user_team": "T5M5PLH8U",
        "source_team": "T5M5PLH8U",
        "user_profile": {
            "avatar_hash": "e4fb6ae9f526",
            "image_72": "https:\/\/avatars.slack-edge.com\/2017-06-01\/191144530514_e4fb6ae9f526531fd41c_72.jpg",
            "first_name": "",
            "real_name": "kelu",
            "display_name": "",
            "team": "T5M5PLH8U",
            "name": "kelu",
            "is_restricted": false,
            "is_ultra_restricted": false
        },
        "thread_ts": "1538756308.000100",
        "parent_user_id": "UCMBM5C6L"
    },
    {
        "client_msg_id": "a0cc5a44-83e8-4a33-9f7e-883728bcff72",
        "type": "message",
        "text": "Also a piece of info",
        "user": "U5M5PLH9S",
        "ts": "1538759104.000300",
        "team": "T5M5PLH8U",
        "user_team": "T5M5PLH8U",
        "source_team": "T5M5PLH8U",
        "user_profile": {
            "avatar_hash": "e4fb6ae9f526",
            "image_72": "https:\/\/avatars.slack-edge.com\/2017-06-01\/191144530514_e4fb6ae9f526531fd41c_72.jpg",
            "first_name": "",
            "real_name": "kelu",
            "display_name": "",
            "team": "T5M5PLH8U",
            "name": "kelu",
            "is_restricted": false,
            "is_ultra_restricted": false
        },
        "thread_ts": "1538756308.000100",
        "parent_user_id": "UCMBM5C6L"
    },
    {
        "client_msg_id": "69074e71-73c6-4805-a214-5a7f2c99006f",
        "type": "message",
        "text": "Piezos are usually in a coupling liquid, what you see under the transparent dome",
        "user": "U5M5PLH9S",
        "ts": "1538759112.000100",
        "team": "T5M5PLH8U",
        "user_team": "T5M5PLH8U",
        "source_team": "T5M5PLH8U",
        "user_profile": {
            "avatar_hash": "e4fb6ae9f526",
            "image_72": "https:\/\/avatars.slack-edge.com\/2017-06-01\/191144530514_e4fb6ae9f526531fd41c_72.jpg",
            "first_name": "",
            "real_name": "kelu",
            "display_name": "",
            "team": "T5M5PLH8U",
            "name": "kelu",
            "is_restricted": false,
            "is_ultra_restricted": false
        },
        "thread_ts": "1538756308.000100",
        "parent_user_id": "UCMBM5C6L"
    },
    {
        "client_msg_id": "589bb568-924c-47f8-aad9-7f37b5d2c0d7",
        "type": "message",
        "text": "oh, thanks! and one more question. In board, there are several vcc and ground pi header",
        "user": "UCMBM5C6L",
        "ts": "1538759116.000100",
        "team": "T5M5PLH8U",
        "user_team": "T5M5PLH8U",
        "source_team": "T5M5PLH8U",
        "user_profile": {
            "avatar_hash": "g44cf2181b23",
            "image_72": "https:\/\/secure.gravatar.com\/avatar\/a44cf2181b23bc20da69fd976d4a2046.jpg?s=72&d=https%3A%2F%2Fa.slack-edge.com%2Fdf10d%2Fimg%2Favatars%2Fava_0001-72.png",
            "first_name": "",
            "real_name": "Taeyoung Lee",
            "display_name": "",
            "team": "T5M5PLH8U",
            "name": "tylee0325",
            "is_restricted": false,
            "is_ultra_restricted": false
        },
        "thread_ts": "1538756308.000100",
        "parent_user_id": "UCMBM5C6L"
    },
    {
        "client_msg_id": "7dca9cb8-9660-4dd4-bc1e-3d16d01f7ae3",
        "type": "message",
        "text": "Do you see sort of a liquid ?",
        "user": "U5M5PLH9S",
        "ts": "1538759123.000100",
        "team": "T5M5PLH8U",
        "user_team": "T5M5PLH8U",
        "source_team": "T5M5PLH8U",
        "user_profile": {
            "avatar_hash": "e4fb6ae9f526",
            "image_72": "https:\/\/avatars.slack-edge.com\/2017-06-01\/191144530514_e4fb6ae9f526531fd41c_72.jpg",
            "first_name": "",
            "real_name": "kelu",
            "display_name": "",
            "team": "T5M5PLH8U",
            "name": "kelu",
            "is_restricted": false,
            "is_ultra_restricted": false
        },
        "thread_ts": "1538756308.000100",
        "parent_user_id": "UCMBM5C6L"
    },
    {
        "client_msg_id": "3486b9a3-75d9-4673-92f8-36b8e9e750a6",
        "type": "message",
        "text": "Hum",
        "user": "U5M5PLH9S",
        "ts": "1538759129.000100",
        "team": "T5M5PLH8U",
        "user_team": "T5M5PLH8U",
        "source_team": "T5M5PLH8U",
        "user_profile": {
            "avatar_hash": "e4fb6ae9f526",
            "image_72": "https:\/\/avatars.slack-edge.com\/2017-06-01\/191144530514_e4fb6ae9f526531fd41c_72.jpg",
            "first_name": "",
            "real_name": "kelu",
            "display_name": "",
            "team": "T5M5PLH8U",
            "name": "kelu",
            "is_restricted": false,
            "is_ultra_restricted": false
        },
        "thread_ts": "1538756308.000100",
        "parent_user_id": "UCMBM5C6L"
    },
    {
        "client_msg_id": "298d6afe-1ace-4313-9a0c-cfe708be0e24",
        "type": "message",
        "text": "To avoid damaging the board, I recommend you use a separate 5v source",
        "user": "U5M5PLH9S",
        "ts": "1538759148.000100",
        "team": "T5M5PLH8U",
        "user_team": "T5M5PLH8U",
        "source_team": "T5M5PLH8U",
        "user_profile": {
            "avatar_hash": "e4fb6ae9f526",
            "image_72": "https:\/\/avatars.slack-edge.com\/2017-06-01\/191144530514_e4fb6ae9f526531fd41c_72.jpg",
            "first_name": "",
            "real_name": "kelu",
            "display_name": "",
            "team": "T5M5PLH8U",
            "name": "kelu",
            "is_restricted": false,
            "is_ultra_restricted": false
        },
        "thread_ts": "1538756308.000100",
        "parent_user_id": "UCMBM5C6L"
    },
    {
        "client_msg_id": "d0cffd81-72d2-483d-9787-140971c0e396",
        "type": "message",
        "text": "Can be a microusb charger that you adapt for example (cut the connector and get the two power wires)",
        "user": "U5M5PLH9S",
        "ts": "1538759188.000100",
        "team": "T5M5PLH8U",
        "user_team": "T5M5PLH8U",
        "source_team": "T5M5PLH8U",
        "user_profile": {
            "avatar_hash": "e4fb6ae9f526",
            "image_72": "https:\/\/avatars.slack-edge.com\/2017-06-01\/191144530514_e4fb6ae9f526531fd41c_72.jpg",
            "first_name": "",
            "real_name": "kelu",
            "display_name": "",
            "team": "T5M5PLH8U",
            "name": "kelu",
            "is_restricted": false,
            "is_ultra_restricted": false
        },
        "thread_ts": "1538756308.000100",
        "parent_user_id": "UCMBM5C6L"
    },
    {
        "type": "message",
        "text": "",
        "files": [
            {
                "id": "FD8ERPR9B",
                "created": 1538759203,
                "timestamp": 1538759203,
                "name": "image.png",
                "title": "Pasted image at 2018-10-06, 2:06 AM",
                "mimetype": "image\/png",
                "filetype": "png",
                "pretty_type": "PNG",
                "user": "UCMBM5C6L",
                "editable": false,
                "size": 2523842,
                "mode": "hosted",
                "is_external": false,
                "external_type": "",
                "is_public": true,
                "public_url_shared": false,
                "display_as_bot": false,
                "username": "",
                "url_private": "https:\/\/files.slack.com\/files-pri\/T5M5PLH8U-FD8ERPR9B\/image.png?t=xoxe-191193697300-1381062880324-1368140560006-96abaf9fa31dffabf8d2ddd7876c6250",
                "url_private_download": "https:\/\/files.slack.com\/files-pri\/T5M5PLH8U-FD8ERPR9B\/download\/image.png?t=xoxe-191193697300-1381062880324-1368140560006-96abaf9fa31dffabf8d2ddd7876c6250",
                "thumb_64": "https:\/\/files.slack.com\/files-tmb\/T5M5PLH8U-FD8ERPR9B-d147524480\/image_64.png?t=xoxe-191193697300-1381062880324-1368140560006-96abaf9fa31dffabf8d2ddd7876c6250",
                "thumb_80": "https:\/\/files.slack.com\/files-tmb\/T5M5PLH8U-FD8ERPR9B-d147524480\/image_80.png?t=xoxe-191193697300-1381062880324-1368140560006-96abaf9fa31dffabf8d2ddd7876c6250",
                "thumb_360": "https:\/\/files.slack.com\/files-tmb\/T5M5PLH8U-FD8ERPR9B-d147524480\/image_360.png?t=xoxe-191193697300-1381062880324-1368140560006-96abaf9fa31dffabf8d2ddd7876c6250",
                "thumb_360_w": 360,
                "thumb_360_h": 237,
                "thumb_480": "https:\/\/files.slack.com\/files-tmb\/T5M5PLH8U-FD8ERPR9B-d147524480\/image_480.png?t=xoxe-191193697300-1381062880324-1368140560006-96abaf9fa31dffabf8d2ddd7876c6250",
                "thumb_480_w": 480,
                "thumb_480_h": 316,
                "thumb_160": "https:\/\/files.slack.com\/files-tmb\/T5M5PLH8U-FD8ERPR9B-d147524480\/image_160.png?t=xoxe-191193697300-1381062880324-1368140560006-96abaf9fa31dffabf8d2ddd7876c6250",
                "thumb_720": "https:\/\/files.slack.com\/files-tmb\/T5M5PLH8U-FD8ERPR9B-d147524480\/image_720.png?t=xoxe-191193697300-1381062880324-1368140560006-96abaf9fa31dffabf8d2ddd7876c6250",
                "thumb_720_w": 720,
                "thumb_720_h": 475,
                "thumb_800": "https:\/\/files.slack.com\/files-tmb\/T5M5PLH8U-FD8ERPR9B-d147524480\/image_800.png?t=xoxe-191193697300-1381062880324-1368140560006-96abaf9fa31dffabf8d2ddd7876c6250",
                "thumb_800_w": 800,
                "thumb_800_h": 527,
                "thumb_960": "https:\/\/files.slack.com\/files-tmb\/T5M5PLH8U-FD8ERPR9B-d147524480\/image_960.png?t=xoxe-191193697300-1381062880324-1368140560006-96abaf9fa31dffabf8d2ddd7876c6250",
                "thumb_960_w": 960,
                "thumb_960_h": 633,
                "thumb_1024": "https:\/\/files.slack.com\/files-tmb\/T5M5PLH8U-FD8ERPR9B-d147524480\/image_1024.png?t=xoxe-191193697300-1381062880324-1368140560006-96abaf9fa31dffabf8d2ddd7876c6250",
                "thumb_1024_w": 1024,
                "thumb_1024_h": 675,
                "image_exif_rotation": 1,
                "original_w": 1508,
                "original_h": 994,
                "permalink": "https:\/\/usdevkit.slack.com\/files\/UCMBM5C6L\/FD8ERPR9B\/image.png",
                "permalink_public": "https:\/\/slack-files.com\/T5M5PLH8U-FD8ERPR9B-0ff0fc055d",
                "is_starred": false,
                "has_rich_preview": false
            }
        ],
        "upload": true,
        "user": "UCMBM5C6L",
        "display_as_bot": false,
        "ts": "1538759209.000100",
        "thread_ts": "1538756308.000100",
        "parent_user_id": "UCMBM5C6L"
    },
    {
        "client_msg_id": "70720f07-3c18-490e-b1fb-a210d51b7048",
        "type": "message",
        "text": "Better to be safe on your first runs",
        "user": "U5M5PLH9S",
        "ts": "1538759209.000500",
        "team": "T5M5PLH8U",
        "user_team": "T5M5PLH8U",
        "source_team": "T5M5PLH8U",
        "user_profile": {
            "avatar_hash": "e4fb6ae9f526",
            "image_72": "https:\/\/avatars.slack-edge.com\/2017-06-01\/191144530514_e4fb6ae9f526531fd41c_72.jpg",
            "first_name": "",
            "real_name": "kelu",
            "display_name": "",
            "team": "T5M5PLH8U",
            "name": "kelu",
            "is_restricted": false,
            "is_ultra_restricted": false
        },
        "thread_ts": "1538756308.000100",
        "parent_user_id": "UCMBM5C6L"
    },
    {
        "client_msg_id": "a11ee196-db56-4787-b937-49e8614415ce",
        "type": "message",
        "text": "In this board, may I use top right 5v and left of that as GND?",
        "user": "UCMBM5C6L",
        "ts": "1538759249.000100",
        "team": "T5M5PLH8U",
        "user_team": "T5M5PLH8U",
        "source_team": "T5M5PLH8U",
        "user_profile": {
            "avatar_hash": "g44cf2181b23",
            "image_72": "https:\/\/secure.gravatar.com\/avatar\/a44cf2181b23bc20da69fd976d4a2046.jpg?s=72&d=https%3A%2F%2Fa.slack-edge.com%2Fdf10d%2Fimg%2Favatars%2Fava_0001-72.png",
            "first_name": "",
            "real_name": "Taeyoung Lee",
            "display_name": "",
            "team": "T5M5PLH8U",
            "name": "tylee0325",
            "is_restricted": false,
            "is_ultra_restricted": false
        },
        "thread_ts": "1538756308.000100",
        "parent_user_id": "UCMBM5C6L"
    },
    {
        "client_msg_id": "eb958531-7709-4a1d-979c-4c501d529089",
        "type": "message",
        "text": "Did you face issues with programming the fpga ?",
        "user": "U5M5PLH9S",
        "ts": "1538759272.000100",
        "team": "T5M5PLH8U",
        "user_team": "T5M5PLH8U",
        "source_team": "T5M5PLH8U",
        "user_profile": {
            "avatar_hash": "e4fb6ae9f526",
            "image_72": "https:\/\/avatars.slack-edge.com\/2017-06-01\/191144530514_e4fb6ae9f526531fd41c_72.jpg",
            "first_name": "",
            "real_name": "kelu",
            "display_name": "",
            "team": "T5M5PLH8U",
            "name": "kelu",
            "is_restricted": false,
            "is_ultra_restricted": false
        },
        "thread_ts": "1538756308.000100",
        "parent_user_id": "UCMBM5C6L"
    },
    {
        "client_msg_id": "c3fe07e6-c8fe-4e16-838f-bb4e06a990d0",
        "type": "message",
        "text": "no I didn't",
        "user": "UCMBM5C6L",
        "ts": "1538759294.000100",
        "team": "T5M5PLH8U",
        "user_team": "T5M5PLH8U",
        "source_team": "T5M5PLH8U",
        "user_profile": {
            "avatar_hash": "g44cf2181b23",
            "image_72": "https:\/\/secure.gravatar.com\/avatar\/a44cf2181b23bc20da69fd976d4a2046.jpg?s=72&d=https%3A%2F%2Fa.slack-edge.com%2Fdf10d%2Fimg%2Favatars%2Fava_0001-72.png",
            "first_name": "",
            "real_name": "Taeyoung Lee",
            "display_name": "",
            "team": "T5M5PLH8U",
            "name": "tylee0325",
            "is_restricted": false,
            "is_ultra_restricted": false
        },
        "thread_ts": "1538756308.000100",
        "parent_user_id": "UCMBM5C6L"
    },
    {
        "client_msg_id": "2d334e9e-46b0-4451-a890-99d0e78a7260",
        "type": "message",
        "text": "cool !",
        "user": "U5M5PLH9S",
        "ts": "1538760955.000100",
        "team": "T5M5PLH8U",
        "user_team": "T5M5PLH8U",
        "source_team": "T5M5PLH8U",
        "user_profile": {
            "avatar_hash": "e4fb6ae9f526",
            "image_72": "https:\/\/avatars.slack-edge.com\/2017-06-01\/191144530514_e4fb6ae9f526531fd41c_72.jpg",
            "first_name": "",
            "real_name": "kelu",
            "display_name": "",
            "team": "T5M5PLH8U",
            "name": "kelu",
            "is_restricted": false,
            "is_ultra_restricted": false
        },
        "thread_ts": "1538756308.000100",
        "parent_user_id": "UCMBM5C6L"
    },
    {
        "client_msg_id": "17917b5d-32ff-4333-b880-75bcbca3532e",
        "type": "message",
        "text": "You can try.. but if your probe has issues, and you have a short circuit, this may fry your board. It's your risk :smiley:",
        "user": "U5M5PLH9S",
        "ts": "1538760996.000100",
        "team": "T5M5PLH8U",
        "user_team": "T5M5PLH8U",
        "source_team": "T5M5PLH8U",
        "user_profile": {
            "avatar_hash": "e4fb6ae9f526",
            "image_72": "https:\/\/avatars.slack-edge.com\/2017-06-01\/191144530514_e4fb6ae9f526531fd41c_72.jpg",
            "first_name": "",
            "real_name": "kelu",
            "display_name": "",
            "team": "T5M5PLH8U",
            "name": "kelu",
            "is_restricted": false,
            "is_ultra_restricted": false
        },
        "thread_ts": "1538756308.000100",
        "parent_user_id": "UCMBM5C6L"
    }
]