[
    {
        "client_msg_id": "f4c3e45c-fb7c-4517-b278-c7a4c98664c6",
        "type": "message",
        "text": "I measured peaks of 1.3A when powering on.\nWhen measuring, I measured values between 130mA and 160mA.",
        "user": "U8DP2NWAD",
        "ts": "1537447423.000100",
        "team": "T5M5PLH8U",
        "user_team": "T5M5PLH8U",
        "source_team": "T5M5PLH8U",
        "user_profile": {
            "avatar_hash": "ge8fe12d48f6",
            "image_72": "https:\/\/secure.gravatar.com\/avatar\/be8fe12d48f65fa83f69d7849035f8c3.jpg?s=72&d=https%3A%2F%2Fa.slack-edge.com%2Fdf10d%2Fimg%2Favatars%2Fava_0024-72.png",
            "first_name": "",
            "real_name": "Tomás Glaría",
            "display_name": "tglaria",
            "team": "T5M5PLH8U",
            "name": "tglaria",
            "is_restricted": false,
            "is_ultra_restricted": false
        },
        "thread_ts": "1537120411.000100",
        "parent_user_id": "U5M5PLH9S"
    },
    {
        "client_msg_id": "e9abfc2d-9d68-4442-af34-7fe1b08e9fa0",
        "type": "message",
        "text": "That's with a Photon microcontroller (from Particle).",
        "user": "U8DP2NWAD",
        "ts": "1537447440.000100",
        "team": "T5M5PLH8U",
        "user_team": "T5M5PLH8U",
        "source_team": "T5M5PLH8U",
        "user_profile": {
            "avatar_hash": "ge8fe12d48f6",
            "image_72": "https:\/\/secure.gravatar.com\/avatar\/be8fe12d48f65fa83f69d7849035f8c3.jpg?s=72&d=https%3A%2F%2Fa.slack-edge.com%2Fdf10d%2Fimg%2Favatars%2Fava_0024-72.png",
            "first_name": "",
            "real_name": "Tomás Glaría",
            "display_name": "tglaria",
            "team": "T5M5PLH8U",
            "name": "tglaria",
            "is_restricted": false,
            "is_ultra_restricted": false
        },
        "thread_ts": "1537120411.000100",
        "parent_user_id": "U5M5PLH9S"
    },
    {
        "client_msg_id": "8d0e224b-baeb-4d73-bbc3-16e1ea332434",
        "type": "message",
        "text": "<@UBDQLMATZ>, ¿on what computer are you trying to install iceprog?\nThan command \"apt-get\" is for linux.",
        "user": "U8DP2NWAD",
        "ts": "1537447530.000100",
        "team": "T5M5PLH8U",
        "user_team": "T5M5PLH8U",
        "source_team": "T5M5PLH8U",
        "user_profile": {
            "avatar_hash": "ge8fe12d48f6",
            "image_72": "https:\/\/secure.gravatar.com\/avatar\/be8fe12d48f65fa83f69d7849035f8c3.jpg?s=72&d=https%3A%2F%2Fa.slack-edge.com%2Fdf10d%2Fimg%2Favatars%2Fava_0024-72.png",
            "first_name": "",
            "real_name": "Tomás Glaría",
            "display_name": "tglaria",
            "team": "T5M5PLH8U",
            "name": "tglaria",
            "is_restricted": false,
            "is_ultra_restricted": false
        },
        "thread_ts": "1537250484.000100",
        "parent_user_id": "UBDQLMATZ"
    },
    {
        "client_msg_id": "1b86a285-ca12-4634-af37-e45ac6b9e01c",
        "type": "message",
        "text": "(well, some distributions of linux)",
        "user": "U8DP2NWAD",
        "ts": "1537447538.000100",
        "team": "T5M5PLH8U",
        "user_team": "T5M5PLH8U",
        "source_team": "T5M5PLH8U",
        "user_profile": {
            "avatar_hash": "ge8fe12d48f6",
            "image_72": "https:\/\/secure.gravatar.com\/avatar\/be8fe12d48f65fa83f69d7849035f8c3.jpg?s=72&d=https%3A%2F%2Fa.slack-edge.com%2Fdf10d%2Fimg%2Favatars%2Fava_0024-72.png",
            "first_name": "",
            "real_name": "Tomás Glaría",
            "display_name": "tglaria",
            "team": "T5M5PLH8U",
            "name": "tglaria",
            "is_restricted": false,
            "is_ultra_restricted": false
        },
        "thread_ts": "1537250484.000100",
        "parent_user_id": "UBDQLMATZ"
    },
    {
        "client_msg_id": "36b459b2-2e82-49b0-9753-e4b76892b4ea",
        "type": "message",
        "text": "ah thanks. Any idea of the current draw during the pulse?",
        "user": "U5M5PLH9S",
        "ts": "1537448498.000100",
        "team": "T5M5PLH8U",
        "user_team": "T5M5PLH8U",
        "source_team": "T5M5PLH8U",
        "user_profile": {
            "avatar_hash": "e4fb6ae9f526",
            "image_72": "https:\/\/avatars.slack-edge.com\/2017-06-01\/191144530514_e4fb6ae9f526531fd41c_72.jpg",
            "first_name": "",
            "real_name": "kelu",
            "display_name": "",
            "team": "T5M5PLH8U",
            "name": "kelu",
            "is_restricted": false,
            "is_ultra_restricted": false
        },
        "thread_ts": "1537120411.000100",
        "parent_user_id": "U5M5PLH9S"
    }
]