[
    {
        "type": "message",
        "text": "<@U5M5PLH9S> Have you by chance taken a look at the gob2 yet?",
        "user": "U923YT3B4",
        "ts": "1522280078.000361",
        "team": "T5M5PLH8U",
        "user_team": "T5M5PLH8U",
        "source_team": "T5M5PLH8U",
        "user_profile": {
            "avatar_hash": "6710a205a9be",
            "image_72": "https:\/\/avatars.slack-edge.com\/2018-02-01\/308040121987_6710a205a9beb27d3764_72.jpg",
            "first_name": "Kevin",
            "real_name": "Kevin Bui",
            "display_name": "",
            "team": "T5M5PLH8U",
            "name": "khvbui",
            "is_restricted": false,
            "is_ultra_restricted": false
        },
        "thread_ts": "1522280078.000361",
        "reply_count": 2,
        "reply_users_count": 2,
        "latest_reply": "1523280193.000238",
        "reply_users": [
            "U5M5PLH9S",
            "U8DP2NWAD"
        ],
        "replies": [
            {
                "user": "U5M5PLH9S",
                "ts": "1523187680.000003"
            },
            {
                "user": "U8DP2NWAD",
                "ts": "1523280193.000238"
            }
        ],
        "subscribed": true,
        "last_read": "1523280193.000238"
    }
]