[
    {
        "type": "message",
        "text": "Our ultimate deadline is to have something working by April-May! However, we were thinking of using the gerber and BOM files to make our own modules soon. \nOn another note, what ultrasound transducer did you use prior to acquiring an ATL probe? Also, why is a servo necessary with it?",
        "user": "U923YT3B4",
        "ts": "1518077391.000267",
        "team": "T5M5PLH8U",
        "user_team": "T5M5PLH8U",
        "source_team": "T5M5PLH8U",
        "user_profile": {
            "avatar_hash": "6710a205a9be",
            "image_72": "https:\/\/avatars.slack-edge.com\/2018-02-01\/308040121987_6710a205a9beb27d3764_72.jpg",
            "first_name": "Kevin",
            "real_name": "Kevin Bui",
            "display_name": "",
            "team": "T5M5PLH8U",
            "name": "khvbui",
            "is_restricted": false,
            "is_ultra_restricted": false
        }
    },
    {
        "type": "message",
        "text": "hey <@U923YT3B4> - let me some time to assemble a small page with key elements with that in mind. I trust you can also exchange with <@U8DP2NWAD> who is doing the same exercice, and <@U8Z3VB1T2> who has started publishing similar works on github. On my side, I'll be shooting a small recap of components benchmark as per articles, plus the components I've used on different design, by tomorrow :smiley:",
        "user": "U5M5PLH9S",
        "ts": "1518095108.000239",
        "team": "T5M5PLH8U",
        "user_team": "T5M5PLH8U",
        "source_team": "T5M5PLH8U",
        "user_profile": {
            "avatar_hash": "e4fb6ae9f526",
            "image_72": "https:\/\/avatars.slack-edge.com\/2017-06-01\/191144530514_e4fb6ae9f526531fd41c_72.jpg",
            "first_name": "",
            "real_name": "kelu",
            "display_name": "",
            "team": "T5M5PLH8U",
            "name": "kelu",
            "is_restricted": false,
            "is_ultra_restricted": false
        }
    },
    {
        "type": "message",
        "text": "With respect to the servo.. single elements only allow you to shoot in 1D (a line), so to create an image (2D), you need a mechanical mean to sweep the sector to image. My previous piezos came from used probes I salvaged - I also found a company open to prototype piezos. ",
        "user": "U5M5PLH9S",
        "ts": "1518095336.000040",
        "team": "T5M5PLH8U",
        "user_team": "T5M5PLH8U",
        "source_team": "T5M5PLH8U",
        "user_profile": {
            "avatar_hash": "e4fb6ae9f526",
            "image_72": "https:\/\/avatars.slack-edge.com\/2017-06-01\/191144530514_e4fb6ae9f526531fd41c_72.jpg",
            "first_name": "",
            "real_name": "kelu",
            "display_name": "",
            "team": "T5M5PLH8U",
            "name": "kelu",
            "is_restricted": false,
            "is_ultra_restricted": false
        },
        "edited": {
            "user": "U5M5PLH9S",
            "ts": "1518095369.000000"
        }
    },
    {
        "type": "message",
        "text": "I received the components a couple of days ago, I'm just trying to understand (and simplify) the code for the adquisition using a STM32F205 board (Particle Photon, since the Adafruit Wiced wasn't available to ship to Chile). \nMy requirement is a 1D image, so I won't be using a servo.",
        "user": "U8DP2NWAD",
        "ts": "1518104770.000442",
        "team": "T5M5PLH8U",
        "user_team": "T5M5PLH8U",
        "source_team": "T5M5PLH8U",
        "user_profile": {
            "avatar_hash": "ge8fe12d48f6",
            "image_72": "https:\/\/secure.gravatar.com\/avatar\/be8fe12d48f65fa83f69d7849035f8c3.jpg?s=72&d=https%3A%2F%2Fa.slack-edge.com%2Fdf10d%2Fimg%2Favatars%2Fava_0024-72.png",
            "first_name": "",
            "real_name": "Tomás Glaría",
            "display_name": "tglaria",
            "team": "T5M5PLH8U",
            "name": "tglaria",
            "is_restricted": false,
            "is_ultra_restricted": false
        },
        "edited": {
            "user": "U8DP2NWAD",
            "ts": "1518104871.000000"
        },
        "reactions": [
            {
                "name": "smiley",
                "users": [
                    "U5M5PLH9S"
                ],
                "count": 1
            },
            {
                "name": "grinning",
                "users": [
                    "U923YT3B4"
                ],
                "count": 1
            }
        ]
    },
    {
        "type": "message",
        "text": "What's the github of <@U8Z3VB1T2>?",
        "user": "U8DP2NWAD",
        "ts": "1518121552.000594",
        "team": "T5M5PLH8U",
        "user_team": "T5M5PLH8U",
        "source_team": "T5M5PLH8U",
        "user_profile": {
            "avatar_hash": "ge8fe12d48f6",
            "image_72": "https:\/\/secure.gravatar.com\/avatar\/be8fe12d48f65fa83f69d7849035f8c3.jpg?s=72&d=https%3A%2F%2Fa.slack-edge.com%2Fdf10d%2Fimg%2Favatars%2Fava_0024-72.png",
            "first_name": "",
            "real_name": "Tomás Glaría",
            "display_name": "tglaria",
            "team": "T5M5PLH8U",
            "name": "tglaria",
            "is_restricted": false,
            "is_ultra_restricted": false
        }
    },
    {
        "type": "message",
        "text": "<@U8DP2NWAD> some very cool public repo at <https:\/\/github.com\/ColumbiaOpenSourceUltrasound> -- including interesting schematics",
        "user": "U5M5PLH9S",
        "ts": "1518128212.000086",
        "team": "T5M5PLH8U",
        "user_team": "T5M5PLH8U",
        "source_team": "T5M5PLH8U",
        "user_profile": {
            "avatar_hash": "e4fb6ae9f526",
            "image_72": "https:\/\/avatars.slack-edge.com\/2017-06-01\/191144530514_e4fb6ae9f526531fd41c_72.jpg",
            "first_name": "",
            "real_name": "kelu",
            "display_name": "",
            "team": "T5M5PLH8U",
            "name": "kelu",
            "is_restricted": false,
            "is_ultra_restricted": false
        },
        "edited": {
            "user": "U5M5PLH9S",
            "ts": "1524298291.000000"
        }
    },
    {
        "client_msg_id": "b6166eee-3285-4e83-a12f-57e8057344b9",
        "type": "message",
        "text": "A benchmark of components (review of 10s of articles)  at <https:\/\/kelu124.gitbooks.io\/echomods\/content\/Chapter6\/bench.html>",
        "user": "U5M5PLH9S",
        "ts": "1518128515.000441",
        "team": "T5M5PLH8U",
        "user_team": "T5M5PLH8U",
        "source_team": "T5M5PLH8U",
        "user_profile": {
            "avatar_hash": "e4fb6ae9f526",
            "image_72": "https:\/\/avatars.slack-edge.com\/2017-06-01\/191144530514_e4fb6ae9f526531fd41c_72.jpg",
            "first_name": "",
            "real_name": "kelu",
            "display_name": "",
            "team": "T5M5PLH8U",
            "name": "kelu",
            "is_restricted": false,
            "is_ultra_restricted": false
        },
        "reactions": [
            {
                "name": "+1",
                "users": [
                    "U923YT3B4"
                ],
                "count": 1
            }
        ]
    },
    {
        "type": "message",
        "text": "And for setups, you can see the new analog processing at <https:\/\/github.com\/kelu124\/echomods\/tree\/master\/goblin\/source\/Altium.v2> (using a more readily available transfo) and the bipolar pulser at <https:\/\/github.com\/kelu124\/echomods\/tree\/master\/alt.tbo\/source\/v2>",
        "user": "U5M5PLH9S",
        "ts": "1518128632.000424",
        "team": "T5M5PLH8U",
        "user_team": "T5M5PLH8U",
        "source_team": "T5M5PLH8U",
        "user_profile": {
            "avatar_hash": "e4fb6ae9f526",
            "image_72": "https:\/\/avatars.slack-edge.com\/2017-06-01\/191144530514_e4fb6ae9f526531fd41c_72.jpg",
            "first_name": "",
            "real_name": "kelu",
            "display_name": "",
            "team": "T5M5PLH8U",
            "name": "kelu",
            "is_restricted": false,
            "is_ultra_restricted": false
        },
        "edited": {
            "user": "U5M5PLH9S",
            "ts": "1520699140.000000"
        }
    },
    {
        "type": "message",
        "subtype": "channel_join",
        "ts": "1518134669.000040",
        "user": "U96FLN61K",
        "text": "<@U96FLN61K> has joined the channel"
    }
]