[
    {
        "client_msg_id": "91fb54ec-f72f-4be7-bc15-76e7f3468828",
        "type": "message",
        "text": "oh, is that can be a reason why I got only 255 value signals?",
        "user": "UCMBM5C6L",
        "ts": "1539502287.000100",
        "team": "T5M5PLH8U",
        "user_team": "T5M5PLH8U",
        "source_team": "T5M5PLH8U",
        "user_profile": {
            "avatar_hash": "g44cf2181b23",
            "image_72": "https:\/\/secure.gravatar.com\/avatar\/a44cf2181b23bc20da69fd976d4a2046.jpg?s=72&d=https%3A%2F%2Fa.slack-edge.com%2Fdf10d%2Fimg%2Favatars%2Fava_0001-72.png",
            "first_name": "",
            "real_name": "Taeyoung Lee",
            "display_name": "",
            "team": "T5M5PLH8U",
            "name": "tylee0325",
            "is_restricted": false,
            "is_ultra_restricted": false
        },
        "thread_ts": "1538756308.000100",
        "parent_user_id": "UCMBM5C6L"
    },
    {
        "client_msg_id": "6a098c1d-18aa-4c49-aafb-481cf91dd70c",
        "type": "message",
        "text": "and another question. Should be voltage in SMA connecting part?",
        "user": "UCMBM5C6L",
        "ts": "1539504949.000100",
        "team": "T5M5PLH8U",
        "user_team": "T5M5PLH8U",
        "source_team": "T5M5PLH8U",
        "user_profile": {
            "avatar_hash": "g44cf2181b23",
            "image_72": "https:\/\/secure.gravatar.com\/avatar\/a44cf2181b23bc20da69fd976d4a2046.jpg?s=72&d=https%3A%2F%2Fa.slack-edge.com%2Fdf10d%2Fimg%2Favatars%2Fava_0001-72.png",
            "first_name": "",
            "real_name": "Taeyoung Lee",
            "display_name": "",
            "team": "T5M5PLH8U",
            "name": "tylee0325",
            "is_restricted": false,
            "is_ultra_restricted": false
        },
        "thread_ts": "1538756308.000100",
        "parent_user_id": "UCMBM5C6L"
    },
    {
        "client_msg_id": "109defda-9920-4be3-a577-4e97a164dbf5",
        "type": "message",
        "text": "I checked with a multimeter. But there is no voltage in sma connector",
        "user": "UCMBM5C6L",
        "ts": "1539505016.000100",
        "team": "T5M5PLH8U",
        "user_team": "T5M5PLH8U",
        "source_team": "T5M5PLH8U",
        "user_profile": {
            "avatar_hash": "g44cf2181b23",
            "image_72": "https:\/\/secure.gravatar.com\/avatar\/a44cf2181b23bc20da69fd976d4a2046.jpg?s=72&d=https%3A%2F%2Fa.slack-edge.com%2Fdf10d%2Fimg%2Favatars%2Fava_0001-72.png",
            "first_name": "",
            "real_name": "Taeyoung Lee",
            "display_name": "",
            "team": "T5M5PLH8U",
            "name": "tylee0325",
            "is_restricted": false,
            "is_ultra_restricted": false
        },
        "thread_ts": "1538756308.000100",
        "parent_user_id": "UCMBM5C6L"
    },
    {
        "client_msg_id": "2594578d-de80-467b-8b2d-668ce9b8abbc",
        "type": "message",
        "text": "There should be only during pulse",
        "user": "U5M5PLH9S",
        "ts": "1539509298.000100",
        "team": "T5M5PLH8U",
        "user_team": "T5M5PLH8U",
        "source_team": "T5M5PLH8U",
        "user_profile": {
            "avatar_hash": "e4fb6ae9f526",
            "image_72": "https:\/\/avatars.slack-edge.com\/2017-06-01\/191144530514_e4fb6ae9f526531fd41c_72.jpg",
            "first_name": "",
            "real_name": "kelu",
            "display_name": "",
            "team": "T5M5PLH8U",
            "name": "kelu",
            "is_restricted": false,
            "is_ultra_restricted": false
        },
        "edited": {
            "user": "U5M5PLH9S",
            "ts": "1539509312.000000"
        },
        "thread_ts": "1538756308.000100",
        "parent_user_id": "UCMBM5C6L"
    },
    {
        "client_msg_id": "df34bc5a-09bd-4290-bfeb-162e08564bae",
        "type": "message",
        "text": "Can you share the sequence you use to setup the board?",
        "user": "U5M5PLH9S",
        "ts": "1539509356.000100",
        "team": "T5M5PLH8U",
        "user_team": "T5M5PLH8U",
        "source_team": "T5M5PLH8U",
        "user_profile": {
            "avatar_hash": "e4fb6ae9f526",
            "image_72": "https:\/\/avatars.slack-edge.com\/2017-06-01\/191144530514_e4fb6ae9f526531fd41c_72.jpg",
            "first_name": "",
            "real_name": "kelu",
            "display_name": "",
            "team": "T5M5PLH8U",
            "name": "kelu",
            "is_restricted": false,
            "is_ultra_restricted": false
        },
        "thread_ts": "1538756308.000100",
        "parent_user_id": "UCMBM5C6L"
    },
    {
        "client_msg_id": "74e85520-3378-43a4-b143-bdb6296a8122",
        "type": "message",
        "text": "Difficult to troubleshoot without indication of what you are doing :)",
        "user": "U5M5PLH9S",
        "ts": "1539509408.000100",
        "team": "T5M5PLH8U",
        "user_team": "T5M5PLH8U",
        "source_team": "T5M5PLH8U",
        "user_profile": {
            "avatar_hash": "e4fb6ae9f526",
            "image_72": "https:\/\/avatars.slack-edge.com\/2017-06-01\/191144530514_e4fb6ae9f526531fd41c_72.jpg",
            "first_name": "",
            "real_name": "kelu",
            "display_name": "",
            "team": "T5M5PLH8U",
            "name": "kelu",
            "is_restricted": false,
            "is_ultra_restricted": false
        },
        "thread_ts": "1538756308.000100",
        "parent_user_id": "UCMBM5C6L"
    },
    {
        "client_msg_id": "222fe55c-c3ae-4572-a9b4-146d734e0f8e",
        "type": "message",
        "text": "And do you have a picture of your setup?",
        "user": "U5M5PLH9S",
        "ts": "1539509433.000100",
        "team": "T5M5PLH8U",
        "user_team": "T5M5PLH8U",
        "source_team": "T5M5PLH8U",
        "user_profile": {
            "avatar_hash": "e4fb6ae9f526",
            "image_72": "https:\/\/avatars.slack-edge.com\/2017-06-01\/191144530514_e4fb6ae9f526531fd41c_72.jpg",
            "first_name": "",
            "real_name": "kelu",
            "display_name": "",
            "team": "T5M5PLH8U",
            "name": "kelu",
            "is_restricted": false,
            "is_ultra_restricted": false
        },
        "thread_ts": "1538756308.000100",
        "parent_user_id": "UCMBM5C6L"
    },
    {
        "client_msg_id": "bc50c4f4-e7e9-4902-b722-58f67d668644",
        "type": "message",
        "text": " I would encourage also you to understand why you need oil for the piezo and why there is no continuous voltage in the sma :)",
        "user": "U5M5PLH9S",
        "ts": "1539509564.000100",
        "team": "T5M5PLH8U",
        "user_team": "T5M5PLH8U",
        "source_team": "T5M5PLH8U",
        "user_profile": {
            "avatar_hash": "e4fb6ae9f526",
            "image_72": "https:\/\/avatars.slack-edge.com\/2017-06-01\/191144530514_e4fb6ae9f526531fd41c_72.jpg",
            "first_name": "",
            "real_name": "kelu",
            "display_name": "",
            "team": "T5M5PLH8U",
            "name": "kelu",
            "is_restricted": false,
            "is_ultra_restricted": false
        },
        "thread_ts": "1538756308.000100",
        "parent_user_id": "UCMBM5C6L"
    },
    {
        "client_msg_id": "66672d4b-5957-498a-9b5c-d5ab3f49cacb",
        "type": "message",
        "text": "To be sure that the FPGA is well programmed, have you tried the TestSPI function ? The following below should make a led blink 10 times\nx = us_spi()\nx.TestSPI(10)",
        "user": "U5M5PLH9S",
        "ts": "1539509993.000100",
        "team": "T5M5PLH8U",
        "user_team": "T5M5PLH8U",
        "source_team": "T5M5PLH8U",
        "user_profile": {
            "avatar_hash": "e4fb6ae9f526",
            "image_72": "https:\/\/avatars.slack-edge.com\/2017-06-01\/191144530514_e4fb6ae9f526531fd41c_72.jpg",
            "first_name": "",
            "real_name": "kelu",
            "display_name": "",
            "team": "T5M5PLH8U",
            "name": "kelu",
            "is_restricted": false,
            "is_ultra_restricted": false
        },
        "edited": {
            "user": "U5M5PLH9S",
            "ts": "1539510347.000000"
        },
        "thread_ts": "1538756308.000100",
        "parent_user_id": "UCMBM5C6L"
    },
    {
        "client_msg_id": "27313e66-ee38-4186-bb9b-f8aaa9db6277",
        "type": "message",
        "text": "<@UCMBM5C6L> and possibly all, for info on what mechanical probes look like, I've put the one I've been opening on at <https:\/\/kelu124.gitbooks.io\/echomods\/content\/probes\/Readme.html>",
        "user": "U5M5PLH9S",
        "ts": "1539548955.000100",
        "team": "T5M5PLH8U",
        "user_team": "T5M5PLH8U",
        "source_team": "T5M5PLH8U",
        "user_profile": {
            "avatar_hash": "e4fb6ae9f526",
            "image_72": "https:\/\/avatars.slack-edge.com\/2017-06-01\/191144530514_e4fb6ae9f526531fd41c_72.jpg",
            "first_name": "",
            "real_name": "kelu",
            "display_name": "",
            "team": "T5M5PLH8U",
            "name": "kelu",
            "is_restricted": false,
            "is_ultra_restricted": false
        }
    },
    {
        "client_msg_id": "2fb29a83-7883-4886-ab17-86a7915c9114",
        "type": "message",
        "text": "experimenting on the ones that are easier to work with",
        "user": "U5M5PLH9S",
        "ts": "1539548967.000100",
        "team": "T5M5PLH8U",
        "user_team": "T5M5PLH8U",
        "source_team": "T5M5PLH8U",
        "user_profile": {
            "avatar_hash": "e4fb6ae9f526",
            "image_72": "https:\/\/avatars.slack-edge.com\/2017-06-01\/191144530514_e4fb6ae9f526531fd41c_72.jpg",
            "first_name": "",
            "real_name": "kelu",
            "display_name": "",
            "team": "T5M5PLH8U",
            "name": "kelu",
            "is_restricted": false,
            "is_ultra_restricted": false
        }
    },
    {
        "client_msg_id": "3b6935d8-180f-4e7a-9b44-3ff512416533",
        "type": "message",
        "text": "Oh okay I will explain my setup sequence and gonna do test with the test code!",
        "user": "UCMBM5C6L",
        "ts": "1539570916.000100",
        "team": "T5M5PLH8U",
        "user_team": "T5M5PLH8U",
        "source_team": "T5M5PLH8U",
        "user_profile": {
            "avatar_hash": "g44cf2181b23",
            "image_72": "https:\/\/secure.gravatar.com\/avatar\/a44cf2181b23bc20da69fd976d4a2046.jpg?s=72&d=https%3A%2F%2Fa.slack-edge.com%2Fdf10d%2Fimg%2Favatars%2Fava_0001-72.png",
            "first_name": "",
            "real_name": "Taeyoung Lee",
            "display_name": "",
            "team": "T5M5PLH8U",
            "name": "tylee0325",
            "is_restricted": false,
            "is_ultra_restricted": false
        },
        "thread_ts": "1538756308.000100",
        "parent_user_id": "UCMBM5C6L"
    },
    {
        "client_msg_id": "e757a63e-f59f-45ea-85e6-ce7af4b10af0",
        "type": "message",
        "text": "Brilliant! Please include a pic of your setup too, it usually help with hardware",
        "user": "U5M5PLH9S",
        "ts": "1539581270.000100",
        "team": "T5M5PLH8U",
        "user_team": "T5M5PLH8U",
        "source_team": "T5M5PLH8U",
        "user_profile": {
            "avatar_hash": "e4fb6ae9f526",
            "image_72": "https:\/\/avatars.slack-edge.com\/2017-06-01\/191144530514_e4fb6ae9f526531fd41c_72.jpg",
            "first_name": "",
            "real_name": "kelu",
            "display_name": "",
            "team": "T5M5PLH8U",
            "name": "kelu",
            "is_restricted": false,
            "is_ultra_restricted": false
        },
        "thread_ts": "1538756308.000100",
        "parent_user_id": "UCMBM5C6L"
    }
]