[
    {
        "type": "message",
        "subtype": "channel_join",
        "ts": "1526474266.000483",
        "user": "UAQ2TN5EU",
        "text": "<@UAQ2TN5EU> has joined the channel"
    },
    {
        "type": "message",
        "text": "Hi all and <@U5M5PLH9S> where is the BOM and directions for the latest and greatest version of this project\/ultrasound project?",
        "user": "UAQ2TN5EU",
        "ts": "1526523451.000052",
        "team": "T5M5PLH8U",
        "user_team": "T5M5PLH8U",
        "source_team": "T5M5PLH8U",
        "user_profile": {
            "avatar_hash": "g8cf163ed4ea",
            "image_72": "https:\/\/secure.gravatar.com\/avatar\/a8cf163ed4ea53fe8d0c25abb030772f.jpg?s=72&d=https%3A%2F%2Fa.slack-edge.com%2Fdf10d%2Fimg%2Favatars%2Fava_0015-72.png",
            "first_name": "Al",
            "real_name": "Al Mashal",
            "display_name": "al",
            "team": "T5M5PLH8U",
            "name": "amashal",
            "is_restricted": false,
            "is_ultra_restricted": false
        }
    },
    {
        "type": "message",
        "text": "I think there are a few versions of projects that are ongoing.",
        "user": "UAQ2TN5EU",
        "ts": "1526523472.000023",
        "team": "T5M5PLH8U",
        "user_team": "T5M5PLH8U",
        "source_team": "T5M5PLH8U",
        "user_profile": {
            "avatar_hash": "g8cf163ed4ea",
            "image_72": "https:\/\/secure.gravatar.com\/avatar\/a8cf163ed4ea53fe8d0c25abb030772f.jpg?s=72&d=https%3A%2F%2Fa.slack-edge.com%2Fdf10d%2Fimg%2Favatars%2Fava_0015-72.png",
            "first_name": "Al",
            "real_name": "Al Mashal",
            "display_name": "al",
            "team": "T5M5PLH8U",
            "name": "amashal",
            "is_restricted": false,
            "is_ultra_restricted": false
        }
    }
]