[
    {
        "client_msg_id": "c194ae63-6013-4ac5-a437-2c459c2d538c",
        "type": "message",
        "text": "<@U5M5PLH9S> for power supply some ready to use dc dc converter",
        "user": "UCC8Q9FNK",
        "ts": "1534938971.000100",
        "team": "T5M5PLH8U",
        "user_team": "T5M5PLH8U",
        "source_team": "T5M5PLH8U",
        "user_profile": {
            "avatar_hash": "g8b2169afe82",
            "image_72": "https:\/\/secure.gravatar.com\/avatar\/a8b2169afe82286790524d219b4962b8.jpg?s=72&d=https%3A%2F%2Fa.slack-edge.com%2Fdf10d%2Fimg%2Favatars%2Fava_0008-72.png",
            "first_name": "",
            "real_name": "Tomas",
            "display_name": "Tomas",
            "team": "T5M5PLH8U",
            "name": "tomorl",
            "is_restricted": false,
            "is_ultra_restricted": false
        },
        "edited": {
            "user": "UCC8Q9FNK",
            "ts": "1534939024.000000"
        }
    },
    {
        "client_msg_id": "5dcfaf3b-f2d5-41e0-a4dd-29f5be14bea4",
        "type": "message",
        "text": "too many problems I had with hv9110 :slightly_smiling_face:",
        "user": "UCC8Q9FNK",
        "ts": "1534939003.000100",
        "team": "T5M5PLH8U",
        "user_team": "T5M5PLH8U",
        "source_team": "T5M5PLH8U",
        "user_profile": {
            "avatar_hash": "g8b2169afe82",
            "image_72": "https:\/\/secure.gravatar.com\/avatar\/a8b2169afe82286790524d219b4962b8.jpg?s=72&d=https%3A%2F%2Fa.slack-edge.com%2Fdf10d%2Fimg%2Favatars%2Fava_0008-72.png",
            "first_name": "",
            "real_name": "Tomas",
            "display_name": "Tomas",
            "team": "T5M5PLH8U",
            "name": "tomorl",
            "is_restricted": false,
            "is_ultra_restricted": false
        }
    },
    {
        "client_msg_id": "d7b0b2ce-527f-4914-9aa6-dcd494e0f8d0",
        "type": "message",
        "text": "Which one did you mention btw?",
        "user": "U5M5PLH9S",
        "ts": "1534958860.000100",
        "team": "T5M5PLH8U",
        "user_team": "T5M5PLH8U",
        "source_team": "T5M5PLH8U",
        "user_profile": {
            "avatar_hash": "e4fb6ae9f526",
            "image_72": "https:\/\/avatars.slack-edge.com\/2017-06-01\/191144530514_e4fb6ae9f526531fd41c_72.jpg",
            "first_name": "",
            "real_name": "kelu",
            "display_name": "",
            "team": "T5M5PLH8U",
            "name": "kelu",
            "is_restricted": false,
            "is_ultra_restricted": false
        }
    },
    {
        "client_msg_id": "6d940c7b-cbb1-4d16-a0fe-0b9aaf767d78",
        "type": "message",
        "text": "I bought recom R05-100B R12-150B and nmt1272sc I want to make some tests before I decide which one is better",
        "user": "UCC8Q9FNK",
        "ts": "1534969170.000100",
        "team": "T5M5PLH8U",
        "user_team": "T5M5PLH8U",
        "source_team": "T5M5PLH8U",
        "user_profile": {
            "avatar_hash": "g8b2169afe82",
            "image_72": "https:\/\/secure.gravatar.com\/avatar\/a8b2169afe82286790524d219b4962b8.jpg?s=72&d=https%3A%2F%2Fa.slack-edge.com%2Fdf10d%2Fimg%2Favatars%2Fava_0008-72.png",
            "first_name": "",
            "real_name": "Tomas",
            "display_name": "Tomas",
            "team": "T5M5PLH8U",
            "name": "tomorl",
            "is_restricted": false,
            "is_ultra_restricted": false
        }
    },
    {
        "client_msg_id": "8f890077-0842-44f7-9aa6-3c64a72441e0",
        "type": "message",
        "text": "I had some issues with that recom - failed on some occasions",
        "user": "U5M5PLH9S",
        "ts": "1534971893.000100",
        "team": "T5M5PLH8U",
        "user_team": "T5M5PLH8U",
        "source_team": "T5M5PLH8U",
        "user_profile": {
            "avatar_hash": "e4fb6ae9f526",
            "image_72": "https:\/\/avatars.slack-edge.com\/2017-06-01\/191144530514_e4fb6ae9f526531fd41c_72.jpg",
            "first_name": "",
            "real_name": "kelu",
            "display_name": "",
            "team": "T5M5PLH8U",
            "name": "kelu",
            "is_restricted": false,
            "is_ultra_restricted": false
        }
    },
    {
        "client_msg_id": "3efc42fe-28be-4019-8b27-45d9c9c1c47e",
        "type": "message",
        "text": "with nmt1272sc not any problems?",
        "user": "UCC8Q9FNK",
        "ts": "1534972379.000100",
        "team": "T5M5PLH8U",
        "user_team": "T5M5PLH8U",
        "source_team": "T5M5PLH8U",
        "user_profile": {
            "avatar_hash": "g8b2169afe82",
            "image_72": "https:\/\/secure.gravatar.com\/avatar\/a8b2169afe82286790524d219b4962b8.jpg?s=72&d=https%3A%2F%2Fa.slack-edge.com%2Fdf10d%2Fimg%2Favatars%2Fava_0008-72.png",
            "first_name": "",
            "real_name": "Tomas",
            "display_name": "Tomas",
            "team": "T5M5PLH8U",
            "name": "tomorl",
            "is_restricted": false,
            "is_ultra_restricted": false
        }
    },
    {
        "client_msg_id": "30c18681-9de1-4cda-b05b-422b849ec605",
        "type": "message",
        "text": "but recom is 5W and murata only 3W",
        "user": "UCC8Q9FNK",
        "ts": "1534972409.000100",
        "team": "T5M5PLH8U",
        "user_team": "T5M5PLH8U",
        "source_team": "T5M5PLH8U",
        "user_profile": {
            "avatar_hash": "g8b2169afe82",
            "image_72": "https:\/\/secure.gravatar.com\/avatar\/a8b2169afe82286790524d219b4962b8.jpg?s=72&d=https%3A%2F%2Fa.slack-edge.com%2Fdf10d%2Fimg%2Favatars%2Fava_0008-72.png",
            "first_name": "",
            "real_name": "Tomas",
            "display_name": "Tomas",
            "team": "T5M5PLH8U",
            "name": "tomorl",
            "is_restricted": false,
            "is_ultra_restricted": false
        }
    },
    {
        "client_msg_id": "8a3dd8f6-bc76-45ff-a68e-db51fb899465",
        "type": "message",
        "text": "for usg probably is not big problem because you can make compensation using capacitor and load between pulse but I want to play with modem so I have short delay between pulse, however I do not calculate yet how many power I need :slightly_smiling_face: so maybe 3W will be enough",
        "user": "UCC8Q9FNK",
        "ts": "1534972583.000100",
        "team": "T5M5PLH8U",
        "user_team": "T5M5PLH8U",
        "source_team": "T5M5PLH8U",
        "user_profile": {
            "avatar_hash": "g8b2169afe82",
            "image_72": "https:\/\/secure.gravatar.com\/avatar\/a8b2169afe82286790524d219b4962b8.jpg?s=72&d=https%3A%2F%2Fa.slack-edge.com%2Fdf10d%2Fimg%2Favatars%2Fava_0008-72.png",
            "first_name": "",
            "real_name": "Tomas",
            "display_name": "Tomas",
            "team": "T5M5PLH8U",
            "name": "tomorl",
            "is_restricted": false,
            "is_ultra_restricted": false
        }
    }
]