[
    {
        "type": "message",
        "text": "Hi <@U5M5PLH9S> I see this in md1213 and md1213 is replacement for md1210. On your schematic you does not have way to set on\/off power. Do you think is enough to have bigger cap on some powers or do not care too much about this ?",
        "files": [
            {
                "id": "FCCB290G4",
                "created": 1534873358,
                "timestamp": 1534873358,
                "name": "image.png",
                "title": "Pasted image at 2018-08-21, 7:42 PM",
                "mimetype": "image\/png",
                "filetype": "png",
                "pretty_type": "PNG",
                "user": "UCC8Q9FNK",
                "editable": false,
                "size": 114863,
                "mode": "hosted",
                "is_external": false,
                "external_type": "",
                "is_public": true,
                "public_url_shared": false,
                "display_as_bot": false,
                "username": "",
                "url_private": "https:\/\/files.slack.com\/files-pri\/T5M5PLH8U-FCCB290G4\/image.png?t=xoxe-191193697300-1381062880324-1368140560006-96abaf9fa31dffabf8d2ddd7876c6250",
                "url_private_download": "https:\/\/files.slack.com\/files-pri\/T5M5PLH8U-FCCB290G4\/download\/image.png?t=xoxe-191193697300-1381062880324-1368140560006-96abaf9fa31dffabf8d2ddd7876c6250",
                "thumb_64": "https:\/\/files.slack.com\/files-tmb\/T5M5PLH8U-FCCB290G4-9187cbf568\/image_64.png?t=xoxe-191193697300-1381062880324-1368140560006-96abaf9fa31dffabf8d2ddd7876c6250",
                "thumb_80": "https:\/\/files.slack.com\/files-tmb\/T5M5PLH8U-FCCB290G4-9187cbf568\/image_80.png?t=xoxe-191193697300-1381062880324-1368140560006-96abaf9fa31dffabf8d2ddd7876c6250",
                "thumb_360": "https:\/\/files.slack.com\/files-tmb\/T5M5PLH8U-FCCB290G4-9187cbf568\/image_360.png?t=xoxe-191193697300-1381062880324-1368140560006-96abaf9fa31dffabf8d2ddd7876c6250",
                "thumb_360_w": 360,
                "thumb_360_h": 97,
                "thumb_480": "https:\/\/files.slack.com\/files-tmb\/T5M5PLH8U-FCCB290G4-9187cbf568\/image_480.png?t=xoxe-191193697300-1381062880324-1368140560006-96abaf9fa31dffabf8d2ddd7876c6250",
                "thumb_480_w": 480,
                "thumb_480_h": 129,
                "thumb_160": "https:\/\/files.slack.com\/files-tmb\/T5M5PLH8U-FCCB290G4-9187cbf568\/image_160.png?t=xoxe-191193697300-1381062880324-1368140560006-96abaf9fa31dffabf8d2ddd7876c6250",
                "thumb_720": "https:\/\/files.slack.com\/files-tmb\/T5M5PLH8U-FCCB290G4-9187cbf568\/image_720.png?t=xoxe-191193697300-1381062880324-1368140560006-96abaf9fa31dffabf8d2ddd7876c6250",
                "thumb_720_w": 720,
                "thumb_720_h": 194,
                "thumb_800": "https:\/\/files.slack.com\/files-tmb\/T5M5PLH8U-FCCB290G4-9187cbf568\/image_800.png?t=xoxe-191193697300-1381062880324-1368140560006-96abaf9fa31dffabf8d2ddd7876c6250",
                "thumb_800_w": 800,
                "thumb_800_h": 216,
                "image_exif_rotation": 1,
                "original_w": 935,
                "original_h": 252,
                "permalink": "https:\/\/usdevkit.slack.com\/files\/UCC8Q9FNK\/FCCB290G4\/image.png",
                "permalink_public": "https:\/\/slack-files.com\/T5M5PLH8U-FCCB290G4-150f387d73",
                "is_starred": false,
                "has_rich_preview": false
            }
        ],
        "upload": true,
        "user": "UCC8Q9FNK",
        "display_as_bot": false,
        "ts": "1534873361.000100"
    },
    {
        "client_msg_id": "fa30e321-27d3-46bd-b506-f969ecccda12",
        "type": "message",
        "text": "here is the link to this <http:\/\/ww1.microchip.com\/downloads\/en\/DeviceDoc\/md1213db1.pdf>",
        "user": "UCC8Q9FNK",
        "ts": "1534873391.000100",
        "team": "T5M5PLH8U",
        "user_team": "T5M5PLH8U",
        "source_team": "T5M5PLH8U",
        "user_profile": {
            "avatar_hash": "g8b2169afe82",
            "image_72": "https:\/\/secure.gravatar.com\/avatar\/a8b2169afe82286790524d219b4962b8.jpg?s=72&d=https%3A%2F%2Fa.slack-edge.com%2Fdf10d%2Fimg%2Favatars%2Fava_0008-72.png",
            "first_name": "",
            "real_name": "Tomas",
            "display_name": "Tomas",
            "team": "T5M5PLH8U",
            "name": "tomorl",
            "is_restricted": false,
            "is_ultra_restricted": false
        }
    },
    {
        "client_msg_id": "ae3e0c95-a0ea-4035-b396-2b883d9c25cb",
        "type": "message",
        "text": "Hum there was no issue so far, cap on hv seems enough",
        "user": "U5M5PLH9S",
        "ts": "1534873607.000100",
        "team": "T5M5PLH8U",
        "user_team": "T5M5PLH8U",
        "source_team": "T5M5PLH8U",
        "user_profile": {
            "avatar_hash": "e4fb6ae9f526",
            "image_72": "https:\/\/avatars.slack-edge.com\/2017-06-01\/191144530514_e4fb6ae9f526531fd41c_72.jpg",
            "first_name": "",
            "real_name": "kelu",
            "display_name": "",
            "team": "T5M5PLH8U",
            "name": "kelu",
            "is_restricted": false,
            "is_ultra_restricted": false
        }
    },
    {
        "client_msg_id": "a0167088-7969-4daa-bd1a-1538abd59af1",
        "type": "message",
        "text": "May be interesting though to increase it in case piezo needs a boost",
        "user": "U5M5PLH9S",
        "ts": "1534873649.000100",
        "team": "T5M5PLH8U",
        "user_team": "T5M5PLH8U",
        "source_team": "T5M5PLH8U",
        "user_profile": {
            "avatar_hash": "e4fb6ae9f526",
            "image_72": "https:\/\/avatars.slack-edge.com\/2017-06-01\/191144530514_e4fb6ae9f526531fd41c_72.jpg",
            "first_name": "",
            "real_name": "kelu",
            "display_name": "",
            "team": "T5M5PLH8U",
            "name": "kelu",
            "is_restricted": false,
            "is_ultra_restricted": false
        }
    },
    {
        "client_msg_id": "6ed61726-2d12-42c3-b93b-84b17038ca5f",
        "type": "message",
        "text": "I think when you does not use negative voltage there is nothing to take care",
        "user": "UCC8Q9FNK",
        "ts": "1534873762.000100",
        "team": "T5M5PLH8U",
        "user_team": "T5M5PLH8U",
        "source_team": "T5M5PLH8U",
        "user_profile": {
            "avatar_hash": "g8b2169afe82",
            "image_72": "https:\/\/secure.gravatar.com\/avatar\/a8b2169afe82286790524d219b4962b8.jpg?s=72&d=https%3A%2F%2Fa.slack-edge.com%2Fdf10d%2Fimg%2Favatars%2Fava_0008-72.png",
            "first_name": "",
            "real_name": "Tomas",
            "display_name": "Tomas",
            "team": "T5M5PLH8U",
            "name": "tomorl",
            "is_restricted": false,
            "is_ultra_restricted": false
        }
    },
    {
        "client_msg_id": "cf69b7bf-462e-4638-9c42-5307f047f05b",
        "type": "message",
        "text": "and probably the most important is to on high voltage when all others powers is already on",
        "user": "UCC8Q9FNK",
        "ts": "1534873833.000100",
        "team": "T5M5PLH8U",
        "user_team": "T5M5PLH8U",
        "source_team": "T5M5PLH8U",
        "user_profile": {
            "avatar_hash": "g8b2169afe82",
            "image_72": "https:\/\/secure.gravatar.com\/avatar\/a8b2169afe82286790524d219b4962b8.jpg?s=72&d=https%3A%2F%2Fa.slack-edge.com%2Fdf10d%2Fimg%2Favatars%2Fava_0008-72.png",
            "first_name": "",
            "real_name": "Tomas",
            "display_name": "Tomas",
            "team": "T5M5PLH8U",
            "name": "tomorl",
            "is_restricted": false,
            "is_ultra_restricted": false
        }
    },
    {
        "client_msg_id": "db7724f0-ae24-4b8b-981c-2ff627296154",
        "type": "message",
        "text": "Yup",
        "user": "U5M5PLH9S",
        "ts": "1534874061.000100",
        "team": "T5M5PLH8U",
        "user_team": "T5M5PLH8U",
        "source_team": "T5M5PLH8U",
        "user_profile": {
            "avatar_hash": "e4fb6ae9f526",
            "image_72": "https:\/\/avatars.slack-edge.com\/2017-06-01\/191144530514_e4fb6ae9f526531fd41c_72.jpg",
            "first_name": "",
            "real_name": "kelu",
            "display_name": "",
            "team": "T5M5PLH8U",
            "name": "kelu",
            "is_restricted": false,
            "is_ultra_restricted": false
        }
    },
    {
        "client_msg_id": "0c233a2c-ab92-401e-8a71-dbfebebcb295",
        "type": "message",
        "text": "This is not an issue, as hv is passed when jumpers are on",
        "user": "U5M5PLH9S",
        "ts": "1534874080.000100",
        "team": "T5M5PLH8U",
        "user_team": "T5M5PLH8U",
        "source_team": "T5M5PLH8U",
        "user_profile": {
            "avatar_hash": "e4fb6ae9f526",
            "image_72": "https:\/\/avatars.slack-edge.com\/2017-06-01\/191144530514_e4fb6ae9f526531fd41c_72.jpg",
            "first_name": "",
            "real_name": "kelu",
            "display_name": "",
            "team": "T5M5PLH8U",
            "name": "kelu",
            "is_restricted": false,
            "is_ultra_restricted": false
        }
    },
    {
        "client_msg_id": "6764f1b3-658b-4c45-9db5-cd4842cccd0f",
        "type": "message",
        "text": "Still, as if like to have a settable hv in the future, a timer would be necessary",
        "user": "U5M5PLH9S",
        "ts": "1534874122.000100",
        "team": "T5M5PLH8U",
        "user_team": "T5M5PLH8U",
        "source_team": "T5M5PLH8U",
        "user_profile": {
            "avatar_hash": "e4fb6ae9f526",
            "image_72": "https:\/\/avatars.slack-edge.com\/2017-06-01\/191144530514_e4fb6ae9f526531fd41c_72.jpg",
            "first_name": "",
            "real_name": "kelu",
            "display_name": "",
            "team": "T5M5PLH8U",
            "name": "kelu",
            "is_restricted": false,
            "is_ultra_restricted": false
        }
    },
    {
        "client_msg_id": "96a1ed66-b7f7-4e76-8d10-3c17a1a636d8",
        "type": "message",
        "text": "Putting it on the shopping list ;)",
        "user": "U5M5PLH9S",
        "ts": "1534874234.000100",
        "team": "T5M5PLH8U",
        "user_team": "T5M5PLH8U",
        "source_team": "T5M5PLH8U",
        "user_profile": {
            "avatar_hash": "e4fb6ae9f526",
            "image_72": "https:\/\/avatars.slack-edge.com\/2017-06-01\/191144530514_e4fb6ae9f526531fd41c_72.jpg",
            "first_name": "",
            "real_name": "kelu",
            "display_name": "",
            "team": "T5M5PLH8U",
            "name": "kelu",
            "is_restricted": false,
            "is_ultra_restricted": false
        }
    },
    {
        "client_msg_id": "7b7c26c4-34c1-4ec3-b9ed-01a295f974e3",
        "type": "message",
        "text": ":slightly_smiling_face:",
        "user": "UCC8Q9FNK",
        "ts": "1534874262.000100",
        "team": "T5M5PLH8U",
        "user_team": "T5M5PLH8U",
        "source_team": "T5M5PLH8U",
        "user_profile": {
            "avatar_hash": "g8b2169afe82",
            "image_72": "https:\/\/secure.gravatar.com\/avatar\/a8b2169afe82286790524d219b4962b8.jpg?s=72&d=https%3A%2F%2Fa.slack-edge.com%2Fdf10d%2Fimg%2Favatars%2Fava_0008-72.png",
            "first_name": "",
            "real_name": "Tomas",
            "display_name": "Tomas",
            "team": "T5M5PLH8U",
            "name": "tomorl",
            "is_restricted": false,
            "is_ultra_restricted": false
        }
    },
    {
        "client_msg_id": "9e6a824c-3e20-412a-b718-5ceb7bd9b32e",
        "type": "message",
        "text": "in your project you always use unipolar design for transducer? have you ever try bipolar?",
        "user": "UCC8Q9FNK",
        "ts": "1534874313.000100",
        "team": "T5M5PLH8U",
        "user_team": "T5M5PLH8U",
        "source_team": "T5M5PLH8U",
        "user_profile": {
            "avatar_hash": "g8b2169afe82",
            "image_72": "https:\/\/secure.gravatar.com\/avatar\/a8b2169afe82286790524d219b4962b8.jpg?s=72&d=https%3A%2F%2Fa.slack-edge.com%2Fdf10d%2Fimg%2Favatars%2Fava_0008-72.png",
            "first_name": "",
            "real_name": "Tomas",
            "display_name": "Tomas",
            "team": "T5M5PLH8U",
            "name": "tomorl",
            "is_restricted": false,
            "is_ultra_restricted": false
        }
    },
    {
        "client_msg_id": "e7b0d308-a439-47b1-9267-1cc74f8c8fc2",
        "type": "message",
        "text": "I am thinking if efficiency is much better in bipolar",
        "user": "UCC8Q9FNK",
        "ts": "1534874347.000100",
        "team": "T5M5PLH8U",
        "user_team": "T5M5PLH8U",
        "source_team": "T5M5PLH8U",
        "user_profile": {
            "avatar_hash": "g8b2169afe82",
            "image_72": "https:\/\/secure.gravatar.com\/avatar\/a8b2169afe82286790524d219b4962b8.jpg?s=72&d=https%3A%2F%2Fa.slack-edge.com%2Fdf10d%2Fimg%2Favatars%2Fava_0008-72.png",
            "first_name": "",
            "real_name": "Tomas",
            "display_name": "Tomas",
            "team": "T5M5PLH8U",
            "name": "tomorl",
            "is_restricted": false,
            "is_ultra_restricted": false
        }
    },
    {
        "client_msg_id": "5f206b65-2df9-4dde-a5e0-16bd9c533826",
        "type": "message",
        "text": "Bipolar: yes i did",
        "user": "U5M5PLH9S",
        "ts": "1534874461.000100",
        "team": "T5M5PLH8U",
        "user_team": "T5M5PLH8U",
        "source_team": "T5M5PLH8U",
        "user_profile": {
            "avatar_hash": "e4fb6ae9f526",
            "image_72": "https:\/\/avatars.slack-edge.com\/2017-06-01\/191144530514_e4fb6ae9f526531fd41c_72.jpg",
            "first_name": "",
            "real_name": "kelu",
            "display_name": "",
            "team": "T5M5PLH8U",
            "name": "kelu",
            "is_restricted": false,
            "is_ultra_restricted": false
        }
    },
    {
        "client_msg_id": "42bb557c-0882-445c-b539-9bd48e576c09",
        "type": "message",
        "text": "I stopped a bit for the fpga design (not included: bipolar means double HV, means double power and double BOM)",
        "user": "U5M5PLH9S",
        "ts": "1534874505.000100",
        "team": "T5M5PLH8U",
        "user_team": "T5M5PLH8U",
        "source_team": "T5M5PLH8U",
        "user_profile": {
            "avatar_hash": "e4fb6ae9f526",
            "image_72": "https:\/\/avatars.slack-edge.com\/2017-06-01\/191144530514_e4fb6ae9f526531fd41c_72.jpg",
            "first_name": "",
            "real_name": "kelu",
            "display_name": "",
            "team": "T5M5PLH8U",
            "name": "kelu",
            "is_restricted": false,
            "is_ultra_restricted": false
        }
    },
    {
        "client_msg_id": "fb4b8a43-247a-427a-a863-cff625f90caa",
        "type": "message",
        "text": "I had an issue with the initial design, but there it is : <https:\/\/github.com\/kelu124\/echomods\/blob\/master\/retired\/alt.tbo\/alt.tbo-bipulser.pdf>",
        "user": "U5M5PLH9S",
        "ts": "1534874517.000100",
        "team": "T5M5PLH8U",
        "user_team": "T5M5PLH8U",
        "source_team": "T5M5PLH8U",
        "user_profile": {
            "avatar_hash": "e4fb6ae9f526",
            "image_72": "https:\/\/avatars.slack-edge.com\/2017-06-01\/191144530514_e4fb6ae9f526531fd41c_72.jpg",
            "first_name": "",
            "real_name": "kelu",
            "display_name": "",
            "team": "T5M5PLH8U",
            "name": "kelu",
            "is_restricted": false,
            "is_ultra_restricted": false
        }
    },
    {
        "client_msg_id": "f52cf7f5-f728-49d1-a8fb-14ffee4c2292",
        "type": "message",
        "text": "ah",
        "user": "UCC8Q9FNK",
        "ts": "1534874567.000100",
        "team": "T5M5PLH8U",
        "user_team": "T5M5PLH8U",
        "source_team": "T5M5PLH8U",
        "user_profile": {
            "avatar_hash": "g8b2169afe82",
            "image_72": "https:\/\/secure.gravatar.com\/avatar\/a8b2169afe82286790524d219b4962b8.jpg?s=72&d=https%3A%2F%2Fa.slack-edge.com%2Fdf10d%2Fimg%2Favatars%2Fava_0008-72.png",
            "first_name": "",
            "real_name": "Tomas",
            "display_name": "Tomas",
            "team": "T5M5PLH8U",
            "name": "tomorl",
            "is_restricted": false,
            "is_ultra_restricted": false
        }
    },
    {
        "client_msg_id": "2c4ca19f-3644-4509-a934-e7533f3c47e7",
        "type": "message",
        "text": "but for example unipolar 200V is worse then bipolar +- 100V ?",
        "user": "UCC8Q9FNK",
        "ts": "1534874593.000100",
        "team": "T5M5PLH8U",
        "user_team": "T5M5PLH8U",
        "source_team": "T5M5PLH8U",
        "user_profile": {
            "avatar_hash": "g8b2169afe82",
            "image_72": "https:\/\/secure.gravatar.com\/avatar\/a8b2169afe82286790524d219b4962b8.jpg?s=72&d=https%3A%2F%2Fa.slack-edge.com%2Fdf10d%2Fimg%2Favatars%2Fava_0008-72.png",
            "first_name": "",
            "real_name": "Tomas",
            "display_name": "Tomas",
            "team": "T5M5PLH8U",
            "name": "tomorl",
            "is_restricted": false,
            "is_ultra_restricted": false
        }
    },
    {
        "client_msg_id": "a74c6651-5e51-4a78-b04a-900b7e203dd5",
        "type": "message",
        "text": "I think will be little worse unipolar but for bipolar you must produce negative voltage so more elements and bigger cost",
        "user": "UCC8Q9FNK",
        "ts": "1534874628.000100",
        "team": "T5M5PLH8U",
        "user_team": "T5M5PLH8U",
        "source_team": "T5M5PLH8U",
        "user_profile": {
            "avatar_hash": "g8b2169afe82",
            "image_72": "https:\/\/secure.gravatar.com\/avatar\/a8b2169afe82286790524d219b4962b8.jpg?s=72&d=https%3A%2F%2Fa.slack-edge.com%2Fdf10d%2Fimg%2Favatars%2Fava_0008-72.png",
            "first_name": "",
            "real_name": "Tomas",
            "display_name": "Tomas",
            "team": "T5M5PLH8U",
            "name": "tomorl",
            "is_restricted": false,
            "is_ultra_restricted": false
        },
        "edited": {
            "user": "UCC8Q9FNK",
            "ts": "1534874657.000000"
        }
    },
    {
        "client_msg_id": "153f6e74-75c1-4d31-805d-2ad0c636e70b",
        "type": "message",
        "text": "Hum it also provides you a bit of fun: say you pulse once in positive, once in negative, if you add the two you get second harmonic signal :wink:",
        "user": "U5M5PLH9S",
        "ts": "1534874681.000100",
        "team": "T5M5PLH8U",
        "user_team": "T5M5PLH8U",
        "source_team": "T5M5PLH8U",
        "user_profile": {
            "avatar_hash": "e4fb6ae9f526",
            "image_72": "https:\/\/avatars.slack-edge.com\/2017-06-01\/191144530514_e4fb6ae9f526531fd41c_72.jpg",
            "first_name": "",
            "real_name": "kelu",
            "display_name": "",
            "team": "T5M5PLH8U",
            "name": "kelu",
            "is_restricted": false,
            "is_ultra_restricted": false
        },
        "edited": {
            "user": "U5M5PLH9S",
            "ts": "1534874694.000000"
        }
    },
    {
        "client_msg_id": "96048539-78f7-402d-9c23-92412efe6ebb",
        "type": "message",
        "text": "ah yes true :slightly_smiling_face:",
        "user": "UCC8Q9FNK",
        "ts": "1534874727.000100",
        "team": "T5M5PLH8U",
        "user_team": "T5M5PLH8U",
        "source_team": "T5M5PLH8U",
        "user_profile": {
            "avatar_hash": "g8b2169afe82",
            "image_72": "https:\/\/secure.gravatar.com\/avatar\/a8b2169afe82286790524d219b4962b8.jpg?s=72&d=https%3A%2F%2Fa.slack-edge.com%2Fdf10d%2Fimg%2Favatars%2Fava_0008-72.png",
            "first_name": "",
            "real_name": "Tomas",
            "display_name": "Tomas",
            "team": "T5M5PLH8U",
            "name": "tomorl",
            "is_restricted": false,
            "is_ultra_restricted": false
        }
    },
    {
        "client_msg_id": "9036dbfb-3c9b-4c61-b69c-a0616c8507ef",
        "type": "message",
        "text": "and provides you a bit of flexibility as well",
        "user": "U5M5PLH9S",
        "ts": "1534874818.000100",
        "team": "T5M5PLH8U",
        "user_team": "T5M5PLH8U",
        "source_team": "T5M5PLH8U",
        "user_profile": {
            "avatar_hash": "e4fb6ae9f526",
            "image_72": "https:\/\/avatars.slack-edge.com\/2017-06-01\/191144530514_e4fb6ae9f526531fd41c_72.jpg",
            "first_name": "",
            "real_name": "kelu",
            "display_name": "",
            "team": "T5M5PLH8U",
            "name": "kelu",
            "is_restricted": false,
            "is_ultra_restricted": false
        }
    },
    {
        "client_msg_id": "05f45c49-6e81-4c6a-ad2a-67761011564b",
        "type": "message",
        "text": "The TC6320 (the real pulser) can handle +-100V, but I can't remember if it can take 200V",
        "user": "U5M5PLH9S",
        "ts": "1534874870.000100",
        "team": "T5M5PLH8U",
        "user_team": "T5M5PLH8U",
        "source_team": "T5M5PLH8U",
        "user_profile": {
            "avatar_hash": "e4fb6ae9f526",
            "image_72": "https:\/\/avatars.slack-edge.com\/2017-06-01\/191144530514_e4fb6ae9f526531fd41c_72.jpg",
            "first_name": "",
            "real_name": "kelu",
            "display_name": "",
            "team": "T5M5PLH8U",
            "name": "kelu",
            "is_restricted": false,
            "is_ultra_restricted": false
        }
    },
    {
        "client_msg_id": "ed550509-7a2f-4bf0-8a17-cb0186befc96",
        "type": "message",
        "text": "In any case, for better pulses, I'd use a bipolar one",
        "user": "U5M5PLH9S",
        "ts": "1534874924.000100",
        "team": "T5M5PLH8U",
        "user_team": "T5M5PLH8U",
        "source_team": "T5M5PLH8U",
        "user_profile": {
            "avatar_hash": "e4fb6ae9f526",
            "image_72": "https:\/\/avatars.slack-edge.com\/2017-06-01\/191144530514_e4fb6ae9f526531fd41c_72.jpg",
            "first_name": "",
            "real_name": "kelu",
            "display_name": "",
            "team": "T5M5PLH8U",
            "name": "kelu",
            "is_restricted": false,
            "is_ultra_restricted": false
        }
    },
    {
        "client_msg_id": "f553cb7e-9f04-4506-9369-685d5300b1ec",
        "type": "message",
        "text": "and you can also select how high (or how low) you want to go on each",
        "user": "U5M5PLH9S",
        "ts": "1534874945.000100",
        "team": "T5M5PLH8U",
        "user_team": "T5M5PLH8U",
        "source_team": "T5M5PLH8U",
        "user_profile": {
            "avatar_hash": "e4fb6ae9f526",
            "image_72": "https:\/\/avatars.slack-edge.com\/2017-06-01\/191144530514_e4fb6ae9f526531fd41c_72.jpg",
            "first_name": "",
            "real_name": "kelu",
            "display_name": "",
            "team": "T5M5PLH8U",
            "name": "kelu",
            "is_restricted": false,
            "is_ultra_restricted": false
        }
    },
    {
        "client_msg_id": "b490d08d-d563-4aed-8c2c-60cc7a3ef6a6",
        "type": "message",
        "text": "my bad, I have updated sources: <https:\/\/github.com\/kelu124\/echomods\/blob\/master\/retired\/alt.tbo\/alt.tobo-map.pdf> (and the repository). The second TC6320 is used for damping after the pulses occur.",
        "user": "U5M5PLH9S",
        "ts": "1534875157.000100",
        "team": "T5M5PLH8U",
        "user_team": "T5M5PLH8U",
        "source_team": "T5M5PLH8U",
        "user_profile": {
            "avatar_hash": "e4fb6ae9f526",
            "image_72": "https:\/\/avatars.slack-edge.com\/2017-06-01\/191144530514_e4fb6ae9f526531fd41c_72.jpg",
            "first_name": "",
            "real_name": "kelu",
            "display_name": "",
            "team": "T5M5PLH8U",
            "name": "kelu",
            "is_restricted": false,
            "is_ultra_restricted": false
        }
    },
    {
        "client_msg_id": "deeb71e6-c7b9-46e3-bf4b-e879e8e4c371",
        "type": "message",
        "text": "interesting but I think now I choose unipolar",
        "user": "UCC8Q9FNK",
        "ts": "1534875370.000100",
        "team": "T5M5PLH8U",
        "user_team": "T5M5PLH8U",
        "source_team": "T5M5PLH8U",
        "user_profile": {
            "avatar_hash": "g8b2169afe82",
            "image_72": "https:\/\/secure.gravatar.com\/avatar\/a8b2169afe82286790524d219b4962b8.jpg?s=72&d=https%3A%2F%2Fa.slack-edge.com%2Fdf10d%2Fimg%2Favatars%2Fava_0008-72.png",
            "first_name": "",
            "real_name": "Tomas",
            "display_name": "Tomas",
            "team": "T5M5PLH8U",
            "name": "tomorl",
            "is_restricted": false,
            "is_ultra_restricted": false
        }
    },
    {
        "client_msg_id": "cd81a05c-0c5b-4d3c-9b14-f279ae6ef5bc",
        "type": "message",
        "text": ":smiley:",
        "user": "U5M5PLH9S",
        "ts": "1534875435.000100",
        "team": "T5M5PLH8U",
        "user_team": "T5M5PLH8U",
        "source_team": "T5M5PLH8U",
        "user_profile": {
            "avatar_hash": "e4fb6ae9f526",
            "image_72": "https:\/\/avatars.slack-edge.com\/2017-06-01\/191144530514_e4fb6ae9f526531fd41c_72.jpg",
            "first_name": "",
            "real_name": "kelu",
            "display_name": "",
            "team": "T5M5PLH8U",
            "name": "kelu",
            "is_restricted": false,
            "is_ultra_restricted": false
        }
    },
    {
        "client_msg_id": "a86a4fcb-e047-487f-9f5f-993e2d6f4b26",
        "type": "message",
        "text": "<@UCC8Q9FNK> still working with hv9110 series for the high voltage part?",
        "user": "U5M5PLH9S",
        "ts": "1534882002.000100",
        "team": "T5M5PLH8U",
        "user_team": "T5M5PLH8U",
        "source_team": "T5M5PLH8U",
        "user_profile": {
            "avatar_hash": "e4fb6ae9f526",
            "image_72": "https:\/\/avatars.slack-edge.com\/2017-06-01\/191144530514_e4fb6ae9f526531fd41c_72.jpg",
            "first_name": "",
            "real_name": "kelu",
            "display_name": "",
            "team": "T5M5PLH8U",
            "name": "kelu",
            "is_restricted": false,
            "is_ultra_restricted": false
        }
    }
]