[
    {
        "type": "message",
        "text": "Confirmed yesterday the gain behavior of the ice40 board :smiley: The processing details at <https:\/\/github.com\/kelu124\/echomods\/blob\/master\/matty\/20180721a\/20180721a-pyUn0.ipynb> (and <https:\/\/github.com\/kelu124\/echomods\/blob\/master\/include\/experiments\/auto\/20180721a.md> for the files ).",
        "files": [
            {
                "id": "FBU8EH4QH",
                "created": 1532264702,
                "timestamp": 1532264702,
                "name": "gain_comparison_to_600.0.jpg",
                "title": "ice40 board - testing a new control library, and testing TGC behavior =)",
                "mimetype": "image\/jpeg",
                "filetype": "jpg",
                "pretty_type": "JPEG",
                "user": "U5M5PLH9S",
                "editable": false,
                "size": 21353,
                "mode": "hosted",
                "is_external": false,
                "external_type": "",
                "is_public": true,
                "public_url_shared": true,
                "display_as_bot": false,
                "username": "",
                "url_private": "https:\/\/files.slack.com\/files-pri\/T5M5PLH8U-FBU8EH4QH\/gain_comparison_to_600.0.jpg?t=xoxe-191193697300-1381062880324-1368140560006-96abaf9fa31dffabf8d2ddd7876c6250",
                "url_private_download": "https:\/\/files.slack.com\/files-pri\/T5M5PLH8U-FBU8EH4QH\/download\/gain_comparison_to_600.0.jpg?t=xoxe-191193697300-1381062880324-1368140560006-96abaf9fa31dffabf8d2ddd7876c6250",
                "thumb_64": "https:\/\/files.slack.com\/files-tmb\/T5M5PLH8U-FBU8EH4QH-d186535772\/gain_comparison_to_600.0_64.jpg?t=xoxe-191193697300-1381062880324-1368140560006-96abaf9fa31dffabf8d2ddd7876c6250",
                "thumb_80": "https:\/\/files.slack.com\/files-tmb\/T5M5PLH8U-FBU8EH4QH-d186535772\/gain_comparison_to_600.0_80.jpg?t=xoxe-191193697300-1381062880324-1368140560006-96abaf9fa31dffabf8d2ddd7876c6250",
                "thumb_360": "https:\/\/files.slack.com\/files-tmb\/T5M5PLH8U-FBU8EH4QH-d186535772\/gain_comparison_to_600.0_360.jpg?t=xoxe-191193697300-1381062880324-1368140560006-96abaf9fa31dffabf8d2ddd7876c6250",
                "thumb_360_w": 360,
                "thumb_360_h": 180,
                "thumb_480": "https:\/\/files.slack.com\/files-tmb\/T5M5PLH8U-FBU8EH4QH-d186535772\/gain_comparison_to_600.0_480.jpg?t=xoxe-191193697300-1381062880324-1368140560006-96abaf9fa31dffabf8d2ddd7876c6250",
                "thumb_480_w": 480,
                "thumb_480_h": 240,
                "thumb_160": "https:\/\/files.slack.com\/files-tmb\/T5M5PLH8U-FBU8EH4QH-d186535772\/gain_comparison_to_600.0_160.jpg?t=xoxe-191193697300-1381062880324-1368140560006-96abaf9fa31dffabf8d2ddd7876c6250",
                "image_exif_rotation": 1,
                "original_w": 720,
                "original_h": 360,
                "permalink": "https:\/\/usdevkit.slack.com\/files\/U5M5PLH9S\/FBU8EH4QH\/gain_comparison_to_600.0.jpg",
                "permalink_public": "https:\/\/slack-files.com\/T5M5PLH8U-FBU8EH4QH-fadfe69e51",
                "is_starred": false,
                "has_rich_preview": false
            }
        ],
        "upload": true,
        "user": "U5M5PLH9S",
        "display_as_bot": false,
        "ts": "1532264703.000070"
    }
]