[
    {
        "client_msg_id": "0ba8fb7d-d982-43ba-a03e-3bbd536825df",
        "type": "message",
        "text": "Speaking of which, <@U8DP2NWAD>, would you have a measure of how much current a pulse draw? It would be most useful as I'm reviewing un0rick design and was wondering what you measured.",
        "user": "U5M5PLH9S",
        "ts": "1537120411.000100",
        "team": "T5M5PLH8U",
        "user_team": "T5M5PLH8U",
        "source_team": "T5M5PLH8U",
        "user_profile": {
            "avatar_hash": "e4fb6ae9f526",
            "image_72": "https:\/\/avatars.slack-edge.com\/2017-06-01\/191144530514_e4fb6ae9f526531fd41c_72.jpg",
            "first_name": "",
            "real_name": "kelu",
            "display_name": "",
            "team": "T5M5PLH8U",
            "name": "kelu",
            "is_restricted": false,
            "is_ultra_restricted": false
        },
        "thread_ts": "1537120411.000100",
        "reply_count": 3,
        "reply_users_count": 2,
        "latest_reply": "1537448498.000100",
        "reply_users": [
            "U8DP2NWAD",
            "U5M5PLH9S"
        ],
        "replies": [
            {
                "user": "U8DP2NWAD",
                "ts": "1537447423.000100"
            },
            {
                "user": "U8DP2NWAD",
                "ts": "1537447440.000100"
            },
            {
                "user": "U5M5PLH9S",
                "ts": "1537448498.000100"
            }
        ],
        "subscribed": true,
        "last_read": "1537448498.000100"
    }
]