[
    {
        "type": "message",
        "subtype": "channel_join",
        "ts": "1542218152.000600",
        "user": "UE3JX8LUT",
        "text": "<@UE3JX8LUT> has joined the channel"
    },
    {
        "client_msg_id": "063ff6a8-883c-4cb6-8688-c40cf0d3ccc2",
        "type": "message",
        "text": "Hey <@U5M5PLH9S> I want create final project about ultrasonic testing in my university. I am student electrical engineering. And then I am work as ndt inspector in my company",
        "user": "UE3JX8LUT",
        "ts": "1542218857.003300",
        "team": "T5M5PLH8U",
        "user_team": "T5M5PLH8U",
        "source_team": "T5M5PLH8U",
        "user_profile": {
            "avatar_hash": "a9159a929398",
            "image_72": "https:\/\/avatars.slack-edge.com\/2018-11-15\/479026488288_a9159a929398c4006149_72.jpg",
            "first_name": "Fadhli",
            "real_name": "Fadhli",
            "display_name": "Fadhli",
            "team": "T5M5PLH8U",
            "name": "fadhliazinnuddin",
            "is_restricted": false,
            "is_ultra_restricted": false
        },
        "thread_ts": "1542218857.003300",
        "reply_count": 8,
        "reply_users_count": 2,
        "latest_reply": "1543928316.005300",
        "reply_users": [
            "U5M5PLH9S",
            "UE3JX8LUT"
        ],
        "replies": [
            {
                "user": "U5M5PLH9S",
                "ts": "1542265903.003400"
            },
            {
                "user": "UE3JX8LUT",
                "ts": "1542639835.003800"
            },
            {
                "user": "UE3JX8LUT",
                "ts": "1542639879.004000"
            },
            {
                "user": "U5M5PLH9S",
                "ts": "1542728292.004200"
            },
            {
                "user": "U5M5PLH9S",
                "ts": "1542728304.004400"
            },
            {
                "user": "UE3JX8LUT",
                "ts": "1542863239.004600"
            },
            {
                "user": "U5M5PLH9S",
                "ts": "1542915949.004800"
            },
            {
                "user": "U5M5PLH9S",
                "ts": "1543928316.005300"
            }
        ],
        "subscribed": true,
        "last_read": "1543928316.005300"
    },
    {
        "client_msg_id": "a51fbf5e-9073-49c5-a4e5-15bd1d3a8e93",
        "type": "message",
        "text": "Hi <@UE3JX8LUT>. Awesome! How can we help?",
        "user": "U5M5PLH9S",
        "ts": "1542265903.003400",
        "team": "T5M5PLH8U",
        "user_team": "T5M5PLH8U",
        "source_team": "T5M5PLH8U",
        "user_profile": {
            "avatar_hash": "e4fb6ae9f526",
            "image_72": "https:\/\/avatars.slack-edge.com\/2017-06-01\/191144530514_e4fb6ae9f526531fd41c_72.jpg",
            "first_name": "",
            "real_name": "kelu",
            "display_name": "",
            "team": "T5M5PLH8U",
            "name": "kelu",
            "is_restricted": false,
            "is_ultra_restricted": false
        },
        "thread_ts": "1542218857.003300",
        "parent_user_id": "UE3JX8LUT"
    }
]