[
    {
        "client_msg_id": "6933ee94-f7e1-4706-8714-efc19e201afe",
        "type": "message",
        "text": "Great! The un0rick board should be the device for you.",
        "user": "U5M5PLH9S",
        "ts": "1542728292.004200",
        "team": "T5M5PLH8U",
        "user_team": "T5M5PLH8U",
        "source_team": "T5M5PLH8U",
        "user_profile": {
            "avatar_hash": "e4fb6ae9f526",
            "image_72": "https:\/\/avatars.slack-edge.com\/2017-06-01\/191144530514_e4fb6ae9f526531fd41c_72.jpg",
            "first_name": "",
            "real_name": "kelu",
            "display_name": "",
            "team": "T5M5PLH8U",
            "name": "kelu",
            "is_restricted": false,
            "is_ultra_restricted": false
        },
        "thread_ts": "1542218857.003300",
        "parent_user_id": "UE3JX8LUT"
    },
    {
        "client_msg_id": "e628d640-7d8e-4ab3-8720-98f0cbf8e467",
        "type": "message",
        "text": "Do you already have your piezo?",
        "user": "U5M5PLH9S",
        "ts": "1542728304.004400",
        "team": "T5M5PLH8U",
        "user_team": "T5M5PLH8U",
        "source_team": "T5M5PLH8U",
        "user_profile": {
            "avatar_hash": "e4fb6ae9f526",
            "image_72": "https:\/\/avatars.slack-edge.com\/2017-06-01\/191144530514_e4fb6ae9f526531fd41c_72.jpg",
            "first_name": "",
            "real_name": "kelu",
            "display_name": "",
            "team": "T5M5PLH8U",
            "name": "kelu",
            "is_restricted": false,
            "is_ultra_restricted": false
        },
        "thread_ts": "1542218857.003300",
        "parent_user_id": "UE3JX8LUT"
    }
]