[
    {
        "client_msg_id": "75cc32ce-3c28-4c19-833e-7363df4e5df4",
        "type": "message",
        "text": "Doc has been updated to include procedures for Windows",
        "user": "U5M5PLH9S",
        "ts": "1538222868.000100",
        "team": "T5M5PLH8U",
        "user_team": "T5M5PLH8U",
        "source_team": "T5M5PLH8U",
        "user_profile": {
            "avatar_hash": "e4fb6ae9f526",
            "image_72": "https:\/\/avatars.slack-edge.com\/2017-06-01\/191144530514_e4fb6ae9f526531fd41c_72.jpg",
            "first_name": "",
            "real_name": "kelu",
            "display_name": "",
            "team": "T5M5PLH8U",
            "name": "kelu",
            "is_restricted": false,
            "is_ultra_restricted": false
        },
        "thread_ts": "1537250484.000100",
        "parent_user_id": "UBDQLMATZ"
    },
    {
        "type": "message",
        "text": "Hello guys, I have a question about how to use  probe. as you can see, I bought a old probe, but It has very different adapter with others. Is there any way to use this probe? please somebody explain me... Im a very newbee XD",
        "files": [
            {
                "id": "FD3QDR73L",
                "created": 1538231829,
                "timestamp": 1538231829,
                "name": "image.png",
                "title": "Pasted image at 2018-09-29, 11:36 PM",
                "mimetype": "image\/png",
                "filetype": "png",
                "pretty_type": "PNG",
                "user": "UCMBM5C6L",
                "editable": false,
                "size": 23705976,
                "mode": "hosted",
                "is_external": false,
                "external_type": "",
                "is_public": true,
                "public_url_shared": false,
                "display_as_bot": false,
                "username": "",
                "url_private": "https:\/\/files.slack.com\/files-pri\/T5M5PLH8U-FD3QDR73L\/image.png?t=xoxe-191193697300-1381062880324-1368140560006-96abaf9fa31dffabf8d2ddd7876c6250",
                "url_private_download": "https:\/\/files.slack.com\/files-pri\/T5M5PLH8U-FD3QDR73L\/download\/image.png?t=xoxe-191193697300-1381062880324-1368140560006-96abaf9fa31dffabf8d2ddd7876c6250",
                "thumb_64": "https:\/\/files.slack.com\/files-tmb\/T5M5PLH8U-FD3QDR73L-25341fbf97\/image_64.png?t=xoxe-191193697300-1381062880324-1368140560006-96abaf9fa31dffabf8d2ddd7876c6250",
                "thumb_80": "https:\/\/files.slack.com\/files-tmb\/T5M5PLH8U-FD3QDR73L-25341fbf97\/image_80.png?t=xoxe-191193697300-1381062880324-1368140560006-96abaf9fa31dffabf8d2ddd7876c6250",
                "thumb_360": "https:\/\/files.slack.com\/files-tmb\/T5M5PLH8U-FD3QDR73L-25341fbf97\/image_360.png?t=xoxe-191193697300-1381062880324-1368140560006-96abaf9fa31dffabf8d2ddd7876c6250",
                "thumb_360_w": 203,
                "thumb_360_h": 360,
                "thumb_480": "https:\/\/files.slack.com\/files-tmb\/T5M5PLH8U-FD3QDR73L-25341fbf97\/image_480.png?t=xoxe-191193697300-1381062880324-1368140560006-96abaf9fa31dffabf8d2ddd7876c6250",
                "thumb_480_w": 270,
                "thumb_480_h": 480,
                "thumb_160": "https:\/\/files.slack.com\/files-tmb\/T5M5PLH8U-FD3QDR73L-25341fbf97\/image_160.png?t=xoxe-191193697300-1381062880324-1368140560006-96abaf9fa31dffabf8d2ddd7876c6250",
                "thumb_720": "https:\/\/files.slack.com\/files-tmb\/T5M5PLH8U-FD3QDR73L-25341fbf97\/image_720.png?t=xoxe-191193697300-1381062880324-1368140560006-96abaf9fa31dffabf8d2ddd7876c6250",
                "thumb_720_w": 405,
                "thumb_720_h": 720,
                "thumb_800": "https:\/\/files.slack.com\/files-tmb\/T5M5PLH8U-FD3QDR73L-25341fbf97\/image_800.png?t=xoxe-191193697300-1381062880324-1368140560006-96abaf9fa31dffabf8d2ddd7876c6250",
                "thumb_800_w": 800,
                "thumb_800_h": 1422,
                "thumb_960": "https:\/\/files.slack.com\/files-tmb\/T5M5PLH8U-FD3QDR73L-25341fbf97\/image_960.png?t=xoxe-191193697300-1381062880324-1368140560006-96abaf9fa31dffabf8d2ddd7876c6250",
                "thumb_960_w": 540,
                "thumb_960_h": 960,
                "thumb_1024": "https:\/\/files.slack.com\/files-tmb\/T5M5PLH8U-FD3QDR73L-25341fbf97\/image_1024.png?t=xoxe-191193697300-1381062880324-1368140560006-96abaf9fa31dffabf8d2ddd7876c6250",
                "thumb_1024_w": 576,
                "thumb_1024_h": 1024,
                "image_exif_rotation": 1,
                "original_w": 2988,
                "original_h": 5312,
                "permalink": "https:\/\/usdevkit.slack.com\/files\/UCMBM5C6L\/FD3QDR73L\/image.png",
                "permalink_public": "https:\/\/slack-files.com\/T5M5PLH8U-FD3QDR73L-dc7e8dc87b",
                "is_starred": false,
                "has_rich_preview": false
            }
        ],
        "upload": true,
        "user": "UCMBM5C6L",
        "display_as_bot": false,
        "ts": "1538231845.000100"
    },
    {
        "client_msg_id": "0a874921-0bde-4b10-b50b-9fc880549f0e",
        "type": "message",
        "text": "I also wonder how to know pinmap of this probe and after knowing that, how can I use it.",
        "user": "UCMBM5C6L",
        "ts": "1538231909.000100",
        "team": "T5M5PLH8U",
        "user_team": "T5M5PLH8U",
        "source_team": "T5M5PLH8U",
        "user_profile": {
            "avatar_hash": "g44cf2181b23",
            "image_72": "https:\/\/secure.gravatar.com\/avatar\/a44cf2181b23bc20da69fd976d4a2046.jpg?s=72&d=https%3A%2F%2Fa.slack-edge.com%2Fdf10d%2Fimg%2Favatars%2Fava_0001-72.png",
            "first_name": "",
            "real_name": "Taeyoung Lee",
            "display_name": "",
            "team": "T5M5PLH8U",
            "name": "tylee0325",
            "is_restricted": false,
            "is_ultra_restricted": false
        }
    },
    {
        "type": "message",
        "text": "side picture of it.",
        "files": [
            {
                "id": "FD3QECRSN",
                "created": 1538232007,
                "timestamp": 1538232007,
                "name": "image.png",
                "title": "Pasted image at 2018-09-29, 11:39 PM",
                "mimetype": "image\/png",
                "filetype": "png",
                "pretty_type": "PNG",
                "user": "UCMBM5C6L",
                "editable": false,
                "size": 22509406,
                "mode": "hosted",
                "is_external": false,
                "external_type": "",
                "is_public": true,
                "public_url_shared": false,
                "display_as_bot": false,
                "username": "",
                "url_private": "https:\/\/files.slack.com\/files-pri\/T5M5PLH8U-FD3QECRSN\/image.png?t=xoxe-191193697300-1381062880324-1368140560006-96abaf9fa31dffabf8d2ddd7876c6250",
                "url_private_download": "https:\/\/files.slack.com\/files-pri\/T5M5PLH8U-FD3QECRSN\/download\/image.png?t=xoxe-191193697300-1381062880324-1368140560006-96abaf9fa31dffabf8d2ddd7876c6250",
                "thumb_64": "https:\/\/files.slack.com\/files-tmb\/T5M5PLH8U-FD3QECRSN-9c4b6d6da9\/image_64.png?t=xoxe-191193697300-1381062880324-1368140560006-96abaf9fa31dffabf8d2ddd7876c6250",
                "thumb_80": "https:\/\/files.slack.com\/files-tmb\/T5M5PLH8U-FD3QECRSN-9c4b6d6da9\/image_80.png?t=xoxe-191193697300-1381062880324-1368140560006-96abaf9fa31dffabf8d2ddd7876c6250",
                "thumb_360": "https:\/\/files.slack.com\/files-tmb\/T5M5PLH8U-FD3QECRSN-9c4b6d6da9\/image_360.png?t=xoxe-191193697300-1381062880324-1368140560006-96abaf9fa31dffabf8d2ddd7876c6250",
                "thumb_360_w": 203,
                "thumb_360_h": 360,
                "thumb_480": "https:\/\/files.slack.com\/files-tmb\/T5M5PLH8U-FD3QECRSN-9c4b6d6da9\/image_480.png?t=xoxe-191193697300-1381062880324-1368140560006-96abaf9fa31dffabf8d2ddd7876c6250",
                "thumb_480_w": 270,
                "thumb_480_h": 480,
                "thumb_160": "https:\/\/files.slack.com\/files-tmb\/T5M5PLH8U-FD3QECRSN-9c4b6d6da9\/image_160.png?t=xoxe-191193697300-1381062880324-1368140560006-96abaf9fa31dffabf8d2ddd7876c6250",
                "thumb_720": "https:\/\/files.slack.com\/files-tmb\/T5M5PLH8U-FD3QECRSN-9c4b6d6da9\/image_720.png?t=xoxe-191193697300-1381062880324-1368140560006-96abaf9fa31dffabf8d2ddd7876c6250",
                "thumb_720_w": 405,
                "thumb_720_h": 720,
                "thumb_800": "https:\/\/files.slack.com\/files-tmb\/T5M5PLH8U-FD3QECRSN-9c4b6d6da9\/image_800.png?t=xoxe-191193697300-1381062880324-1368140560006-96abaf9fa31dffabf8d2ddd7876c6250",
                "thumb_800_w": 800,
                "thumb_800_h": 1422,
                "thumb_960": "https:\/\/files.slack.com\/files-tmb\/T5M5PLH8U-FD3QECRSN-9c4b6d6da9\/image_960.png?t=xoxe-191193697300-1381062880324-1368140560006-96abaf9fa31dffabf8d2ddd7876c6250",
                "thumb_960_w": 540,
                "thumb_960_h": 960,
                "thumb_1024": "https:\/\/files.slack.com\/files-tmb\/T5M5PLH8U-FD3QECRSN-9c4b6d6da9\/image_1024.png?t=xoxe-191193697300-1381062880324-1368140560006-96abaf9fa31dffabf8d2ddd7876c6250",
                "thumb_1024_w": 576,
                "thumb_1024_h": 1024,
                "image_exif_rotation": 1,
                "original_w": 2988,
                "original_h": 5312,
                "permalink": "https:\/\/usdevkit.slack.com\/files\/UCMBM5C6L\/FD3QECRSN\/image.png",
                "permalink_public": "https:\/\/slack-files.com\/T5M5PLH8U-FD3QECRSN-aa546d45fb",
                "is_starred": false,
                "has_rich_preview": false
            }
        ],
        "upload": true,
        "user": "UCMBM5C6L",
        "display_as_bot": false,
        "ts": "1538232020.000100"
    },
    {
        "client_msg_id": "797079cd-7f3b-44a8-ab06-5f9148dd7a7e",
        "type": "message",
        "text": "Hey <@UCMBM5C6L> thats a nice atl array, not an atl single element piezo. There are I'd guess 128 elements, with as many in the connector.",
        "user": "U5M5PLH9S",
        "ts": "1538234858.000100",
        "team": "T5M5PLH8U",
        "user_team": "T5M5PLH8U",
        "source_team": "T5M5PLH8U",
        "user_profile": {
            "avatar_hash": "e4fb6ae9f526",
            "image_72": "https:\/\/avatars.slack-edge.com\/2017-06-01\/191144530514_e4fb6ae9f526531fd41c_72.jpg",
            "first_name": "",
            "real_name": "kelu",
            "display_name": "",
            "team": "T5M5PLH8U",
            "name": "kelu",
            "is_restricted": false,
            "is_ultra_restricted": false
        }
    },
    {
        "client_msg_id": "3596c915-2637-468e-bb77-98a5c3fd98e9",
        "type": "message",
        "text": "This type of probe has to work with a multichannel \/ multiplexer setup",
        "user": "U5M5PLH9S",
        "ts": "1538234902.000100",
        "team": "T5M5PLH8U",
        "user_team": "T5M5PLH8U",
        "source_team": "T5M5PLH8U",
        "user_profile": {
            "avatar_hash": "e4fb6ae9f526",
            "image_72": "https:\/\/avatars.slack-edge.com\/2017-06-01\/191144530514_e4fb6ae9f526531fd41c_72.jpg",
            "first_name": "",
            "real_name": "kelu",
            "display_name": "",
            "team": "T5M5PLH8U",
            "name": "kelu",
            "is_restricted": false,
            "is_ultra_restricted": false
        }
    },
    {
        "client_msg_id": "fa75ddbb-c5a7-4709-94d1-04056b326fa4",
        "type": "message",
        "text": "Ideally with a beamformer (as this is an array  of elements), with an architecture that is different from what we usually have, and different from the architecture developed on the modules.",
        "user": "U5M5PLH9S",
        "ts": "1538234978.000100",
        "team": "T5M5PLH8U",
        "user_team": "T5M5PLH8U",
        "source_team": "T5M5PLH8U",
        "user_profile": {
            "avatar_hash": "e4fb6ae9f526",
            "image_72": "https:\/\/avatars.slack-edge.com\/2017-06-01\/191144530514_e4fb6ae9f526531fd41c_72.jpg",
            "first_name": "",
            "real_name": "kelu",
            "display_name": "",
            "team": "T5M5PLH8U",
            "name": "kelu",
            "is_restricted": false,
            "is_ultra_restricted": false
        }
    },
    {
        "client_msg_id": "f956ce77-4332-4963-ab97-80f6884c27ab",
        "type": "message",
        "text": "Happy to help though if you want to try and hack it :)",
        "user": "U5M5PLH9S",
        "ts": "1538234998.000100",
        "team": "T5M5PLH8U",
        "user_team": "T5M5PLH8U",
        "source_team": "T5M5PLH8U",
        "user_profile": {
            "avatar_hash": "e4fb6ae9f526",
            "image_72": "https:\/\/avatars.slack-edge.com\/2017-06-01\/191144530514_e4fb6ae9f526531fd41c_72.jpg",
            "first_name": "",
            "real_name": "kelu",
            "display_name": "",
            "team": "T5M5PLH8U",
            "name": "kelu",
            "is_restricted": false,
            "is_ultra_restricted": false
        }
    },
    {
        "client_msg_id": "65b36c7c-1a88-4e0e-bec4-9d3232d08c60",
        "type": "message",
        "text": "Oh, you mean that It is difficult to use directly..?",
        "user": "UCMBM5C6L",
        "ts": "1538237199.000100",
        "team": "T5M5PLH8U",
        "user_team": "T5M5PLH8U",
        "source_team": "T5M5PLH8U",
        "user_profile": {
            "avatar_hash": "g44cf2181b23",
            "image_72": "https:\/\/secure.gravatar.com\/avatar\/a44cf2181b23bc20da69fd976d4a2046.jpg?s=72&d=https%3A%2F%2Fa.slack-edge.com%2Fdf10d%2Fimg%2Favatars%2Fava_0001-72.png",
            "first_name": "",
            "real_name": "Taeyoung Lee",
            "display_name": "",
            "team": "T5M5PLH8U",
            "name": "tylee0325",
            "is_restricted": false,
            "is_ultra_restricted": false
        }
    },
    {
        "client_msg_id": "28140acc-2d43-4c19-9319-ec02f394bc5c",
        "type": "message",
        "text": "Thank you :slightly_smiling_face:",
        "user": "UCMBM5C6L",
        "ts": "1538237741.000100",
        "team": "T5M5PLH8U",
        "user_team": "T5M5PLH8U",
        "source_team": "T5M5PLH8U",
        "user_profile": {
            "avatar_hash": "g44cf2181b23",
            "image_72": "https:\/\/secure.gravatar.com\/avatar\/a44cf2181b23bc20da69fd976d4a2046.jpg?s=72&d=https%3A%2F%2Fa.slack-edge.com%2Fdf10d%2Fimg%2Favatars%2Fava_0001-72.png",
            "first_name": "",
            "real_name": "Taeyoung Lee",
            "display_name": "",
            "team": "T5M5PLH8U",
            "name": "tylee0325",
            "is_restricted": false,
            "is_ultra_restricted": false
        }
    },
    {
        "client_msg_id": "ce8d8754-4dc5-416e-9e27-9b8e3aff953e",
        "type": "message",
        "text": "Yes, it is very difficult: it has 128 channels+, when for example my board or <@U8Z3VB1T2>'s work on one channel :nerd_face:",
        "user": "U5M5PLH9S",
        "ts": "1538238062.000100",
        "team": "T5M5PLH8U",
        "user_team": "T5M5PLH8U",
        "source_team": "T5M5PLH8U",
        "user_profile": {
            "avatar_hash": "e4fb6ae9f526",
            "image_72": "https:\/\/avatars.slack-edge.com\/2017-06-01\/191144530514_e4fb6ae9f526531fd41c_72.jpg",
            "first_name": "",
            "real_name": "kelu",
            "display_name": "",
            "team": "T5M5PLH8U",
            "name": "kelu",
            "is_restricted": false,
            "is_ultra_restricted": false
        }
    },
    {
        "client_msg_id": "ab933178-94f0-46cd-b819-c60efcc57b7a",
        "type": "message",
        "text": "oh.... then what kind of probe should I buy?",
        "user": "UCMBM5C6L",
        "ts": "1538239230.000100",
        "team": "T5M5PLH8U",
        "user_team": "T5M5PLH8U",
        "source_team": "T5M5PLH8U",
        "user_profile": {
            "avatar_hash": "g44cf2181b23",
            "image_72": "https:\/\/secure.gravatar.com\/avatar\/a44cf2181b23bc20da69fd976d4a2046.jpg?s=72&d=https%3A%2F%2Fa.slack-edge.com%2Fdf10d%2Fimg%2Favatars%2Fava_0001-72.png",
            "first_name": "",
            "real_name": "Taeyoung Lee",
            "display_name": "",
            "team": "T5M5PLH8U",
            "name": "tylee0325",
            "is_restricted": false,
            "is_ultra_restricted": false
        }
    },
    {
        "client_msg_id": "0751c7aa-ee9f-4a0e-b438-c22845ec833f",
        "type": "message",
        "text": "single element probe?",
        "user": "UCMBM5C6L",
        "ts": "1538239240.000100",
        "team": "T5M5PLH8U",
        "user_team": "T5M5PLH8U",
        "source_team": "T5M5PLH8U",
        "user_profile": {
            "avatar_hash": "g44cf2181b23",
            "image_72": "https:\/\/secure.gravatar.com\/avatar\/a44cf2181b23bc20da69fd976d4a2046.jpg?s=72&d=https%3A%2F%2Fa.slack-edge.com%2Fdf10d%2Fimg%2Favatars%2Fava_0001-72.png",
            "first_name": "",
            "real_name": "Taeyoung Lee",
            "display_name": "",
            "team": "T5M5PLH8U",
            "name": "tylee0325",
            "is_restricted": false,
            "is_ultra_restricted": false
        }
    },
    {
        "client_msg_id": "6f815614-aa29-49d3-9c89-2e8e8c676733",
        "type": "message",
        "text": "What information do I need to look at to choose appropriate probe...??",
        "user": "UCMBM5C6L",
        "ts": "1538239318.000100",
        "team": "T5M5PLH8U",
        "user_team": "T5M5PLH8U",
        "source_team": "T5M5PLH8U",
        "user_profile": {
            "avatar_hash": "g44cf2181b23",
            "image_72": "https:\/\/secure.gravatar.com\/avatar\/a44cf2181b23bc20da69fd976d4a2046.jpg?s=72&d=https%3A%2F%2Fa.slack-edge.com%2Fdf10d%2Fimg%2Favatars%2Fava_0001-72.png",
            "first_name": "",
            "real_name": "Taeyoung Lee",
            "display_name": "",
            "team": "T5M5PLH8U",
            "name": "tylee0325",
            "is_restricted": false,
            "is_ultra_restricted": false
        }
    },
    {
        "client_msg_id": "251c7e4c-3f0f-4f20-ab48-2c35c517b136",
        "type": "message",
        "text": "That's a very good question. Recent probes mostly are arrays or matrices (like the one you have).",
        "user": "U5M5PLH9S",
        "ts": "1538239634.000100",
        "team": "T5M5PLH8U",
        "user_team": "T5M5PLH8U",
        "source_team": "T5M5PLH8U",
        "user_profile": {
            "avatar_hash": "e4fb6ae9f526",
            "image_72": "https:\/\/avatars.slack-edge.com\/2017-06-01\/191144530514_e4fb6ae9f526531fd41c_72.jpg",
            "first_name": "",
            "real_name": "kelu",
            "display_name": "",
            "team": "T5M5PLH8U",
            "name": "kelu",
            "is_restricted": false,
            "is_ultra_restricted": false
        }
    },
    {
        "client_msg_id": "0b015e26-6a79-47b2-af27-4f2534d22778",
        "type": "message",
        "text": "First, I would recommend searching about  the differences between arrays and mechanical, sector probes",
        "user": "U5M5PLH9S",
        "ts": "1538239740.000100",
        "team": "T5M5PLH8U",
        "user_team": "T5M5PLH8U",
        "source_team": "T5M5PLH8U",
        "user_profile": {
            "avatar_hash": "e4fb6ae9f526",
            "image_72": "https:\/\/avatars.slack-edge.com\/2017-06-01\/191144530514_e4fb6ae9f526531fd41c_72.jpg",
            "first_name": "",
            "real_name": "kelu",
            "display_name": "",
            "team": "T5M5PLH8U",
            "name": "kelu",
            "is_restricted": false,
            "is_ultra_restricted": false
        }
    },
    {
        "client_msg_id": "0315bfe4-3ae7-4f31-baac-2dbce06d633d",
        "type": "message",
        "text": "Here is also a list of single element probes I've found on ebay ( <https:\/\/github.com\/kelu124\/echomods\/tree\/master\/include\/probes\/auto> )",
        "user": "U5M5PLH9S",
        "ts": "1538239776.000100",
        "team": "T5M5PLH8U",
        "user_team": "T5M5PLH8U",
        "source_team": "T5M5PLH8U",
        "user_profile": {
            "avatar_hash": "e4fb6ae9f526",
            "image_72": "https:\/\/avatars.slack-edge.com\/2017-06-01\/191144530514_e4fb6ae9f526531fd41c_72.jpg",
            "first_name": "",
            "real_name": "kelu",
            "display_name": "",
            "team": "T5M5PLH8U",
            "name": "kelu",
            "is_restricted": false,
            "is_ultra_restricted": false
        }
    },
    {
        "client_msg_id": "cc0d2666-4fac-42e6-bf5d-da65c5bc6c6c",
        "type": "message",
        "text": "There's a file per probe, with name\/brand when it was available",
        "user": "U5M5PLH9S",
        "ts": "1538239792.000200",
        "team": "T5M5PLH8U",
        "user_team": "T5M5PLH8U",
        "source_team": "T5M5PLH8U",
        "user_profile": {
            "avatar_hash": "e4fb6ae9f526",
            "image_72": "https:\/\/avatars.slack-edge.com\/2017-06-01\/191144530514_e4fb6ae9f526531fd41c_72.jpg",
            "first_name": "",
            "real_name": "kelu",
            "display_name": "",
            "team": "T5M5PLH8U",
            "name": "kelu",
            "is_restricted": false,
            "is_ultra_restricted": false
        }
    },
    {
        "client_msg_id": "608f1c3d-b7c6-4f40-b599-481b4e747878",
        "type": "message",
        "text": "and pictures from a teardown of each",
        "user": "U5M5PLH9S",
        "ts": "1538239802.000100",
        "team": "T5M5PLH8U",
        "user_team": "T5M5PLH8U",
        "source_team": "T5M5PLH8U",
        "user_profile": {
            "avatar_hash": "e4fb6ae9f526",
            "image_72": "https:\/\/avatars.slack-edge.com\/2017-06-01\/191144530514_e4fb6ae9f526531fd41c_72.jpg",
            "first_name": "",
            "real_name": "kelu",
            "display_name": "",
            "team": "T5M5PLH8U",
            "name": "kelu",
            "is_restricted": false,
            "is_ultra_restricted": false
        }
    },
    {
        "client_msg_id": "01a2afd3-b4f1-4e58-adbb-e72c7433b11c",
        "type": "message",
        "text": "And here is an example of a probe that works with such architecture ( <https:\/\/github.com\/kelu124\/echomods\/blob\/master\/include\/experiments\/auto\/20170715a.md> ) - you will see that the probe has a very small connector, indeed that's a BNC",
        "user": "U5M5PLH9S",
        "ts": "1538239879.000100",
        "team": "T5M5PLH8U",
        "user_team": "T5M5PLH8U",
        "source_team": "T5M5PLH8U",
        "user_profile": {
            "avatar_hash": "e4fb6ae9f526",
            "image_72": "https:\/\/avatars.slack-edge.com\/2017-06-01\/191144530514_e4fb6ae9f526531fd41c_72.jpg",
            "first_name": "",
            "real_name": "kelu",
            "display_name": "",
            "team": "T5M5PLH8U",
            "name": "kelu",
            "is_restricted": false,
            "is_ultra_restricted": false
        }
    },
    {
        "client_msg_id": "d1eedc06-320a-4053-a779-bda52e781c3f",
        "type": "message",
        "text": "and that's because a BNC is a single cable for a single element probe :smiley:",
        "user": "U5M5PLH9S",
        "ts": "1538239892.000100",
        "team": "T5M5PLH8U",
        "user_team": "T5M5PLH8U",
        "source_team": "T5M5PLH8U",
        "user_profile": {
            "avatar_hash": "e4fb6ae9f526",
            "image_72": "https:\/\/avatars.slack-edge.com\/2017-06-01\/191144530514_e4fb6ae9f526531fd41c_72.jpg",
            "first_name": "",
            "real_name": "kelu",
            "display_name": "",
            "team": "T5M5PLH8U",
            "name": "kelu",
            "is_restricted": false,
            "is_ultra_restricted": false
        }
    },
    {
        "client_msg_id": "31b92a5a-66fd-40d6-b9b0-9f9e80497fd1",
        "type": "message",
        "text": "Don't hesitate to cone and post pictures in <#C7U1PJMK8|transducers> for a piece of advice before you buy :nerd_face:",
        "user": "U5M5PLH9S",
        "ts": "1538241114.000100",
        "team": "T5M5PLH8U",
        "user_team": "T5M5PLH8U",
        "source_team": "T5M5PLH8U",
        "user_profile": {
            "avatar_hash": "e4fb6ae9f526",
            "image_72": "https:\/\/avatars.slack-edge.com\/2017-06-01\/191144530514_e4fb6ae9f526531fd41c_72.jpg",
            "first_name": "",
            "real_name": "kelu",
            "display_name": "",
            "team": "T5M5PLH8U",
            "name": "kelu",
            "is_restricted": false,
            "is_ultra_restricted": false
        }
    },
    {
        "client_msg_id": "682c5650-e505-46bf-a9dd-c19629dc68eb",
        "type": "message",
        "text": "Thanks :slightly_smiling_face:",
        "user": "UCMBM5C6L",
        "ts": "1538244323.000100",
        "team": "T5M5PLH8U",
        "user_team": "T5M5PLH8U",
        "source_team": "T5M5PLH8U",
        "user_profile": {
            "avatar_hash": "g44cf2181b23",
            "image_72": "https:\/\/secure.gravatar.com\/avatar\/a44cf2181b23bc20da69fd976d4a2046.jpg?s=72&d=https%3A%2F%2Fa.slack-edge.com%2Fdf10d%2Fimg%2Favatars%2Fava_0001-72.png",
            "first_name": "",
            "real_name": "Taeyoung Lee",
            "display_name": "",
            "team": "T5M5PLH8U",
            "name": "tylee0325",
            "is_restricted": false,
            "is_ultra_restricted": false
        },
        "reactions": [
            {
                "name": "+1",
                "users": [
                    "U5M5PLH9S"
                ],
                "count": 1
            }
        ]
    }
]