[
    {
        "client_msg_id": "6e305c3c-c2d0-43bb-8af9-9ea46230c598",
        "type": "message",
        "text": "Awesome <@UF0SXEJ0M>! Welcome here :)",
        "user": "U5M5PLH9S",
        "ts": "1545571231.004200",
        "team": "T5M5PLH8U",
        "user_team": "T5M5PLH8U",
        "source_team": "T5M5PLH8U",
        "user_profile": {
            "avatar_hash": "e4fb6ae9f526",
            "image_72": "https:\/\/avatars.slack-edge.com\/2017-06-01\/191144530514_e4fb6ae9f526531fd41c_72.jpg",
            "first_name": "",
            "real_name": "kelu",
            "display_name": "",
            "team": "T5M5PLH8U",
            "name": "kelu",
            "is_restricted": false,
            "is_ultra_restricted": false
        },
        "thread_ts": "1545540011.003400",
        "parent_user_id": "UF0SXEJ0M"
    },
    {
        "client_msg_id": "4b6c83f5-662d-4994-b858-b23d6c1a8edc",
        "type": "message",
        "text": "Happy to discuss :) would you have some docs on your works ?",
        "user": "U5M5PLH9S",
        "ts": "1545571611.004400",
        "team": "T5M5PLH8U",
        "user_team": "T5M5PLH8U",
        "source_team": "T5M5PLH8U",
        "user_profile": {
            "avatar_hash": "e4fb6ae9f526",
            "image_72": "https:\/\/avatars.slack-edge.com\/2017-06-01\/191144530514_e4fb6ae9f526531fd41c_72.jpg",
            "first_name": "",
            "real_name": "kelu",
            "display_name": "",
            "team": "T5M5PLH8U",
            "name": "kelu",
            "is_restricted": false,
            "is_ultra_restricted": false
        },
        "thread_ts": "1545540011.003400",
        "parent_user_id": "UF0SXEJ0M"
    },
    {
        "client_msg_id": "a480c2fa-191d-4c32-84be-0691c0d6d14b",
        "type": "message",
        "text": "I see some papers on transcranial ultrasound, interesting ! What's the hardware for your pulser ?",
        "user": "U5M5PLH9S",
        "ts": "1545582921.004600",
        "team": "T5M5PLH8U",
        "user_team": "T5M5PLH8U",
        "source_team": "T5M5PLH8U",
        "user_profile": {
            "avatar_hash": "e4fb6ae9f526",
            "image_72": "https:\/\/avatars.slack-edge.com\/2017-06-01\/191144530514_e4fb6ae9f526531fd41c_72.jpg",
            "first_name": "",
            "real_name": "kelu",
            "display_name": "",
            "team": "T5M5PLH8U",
            "name": "kelu",
            "is_restricted": false,
            "is_ultra_restricted": false
        },
        "thread_ts": "1545540011.003400",
        "parent_user_id": "UF0SXEJ0M"
    },
    {
        "client_msg_id": "e717f708-6b00-49e9-add6-e48b671b6ff2",
        "type": "message",
        "text": "You're also right that hobbyists are active on <https:\/\/medium.com\/@sterlingcooley\/transcranial-ultrasound-future-of-brain-stimulation-25a79ddda0f1>",
        "user": "U5M5PLH9S",
        "ts": "1545583063.004800",
        "team": "T5M5PLH8U",
        "user_team": "T5M5PLH8U",
        "source_team": "T5M5PLH8U",
        "user_profile": {
            "avatar_hash": "e4fb6ae9f526",
            "image_72": "https:\/\/avatars.slack-edge.com\/2017-06-01\/191144530514_e4fb6ae9f526531fd41c_72.jpg",
            "first_name": "",
            "real_name": "kelu",
            "display_name": "",
            "team": "T5M5PLH8U",
            "name": "kelu",
            "is_restricted": false,
            "is_ultra_restricted": false
        },
        "edited": {
            "user": "U5M5PLH9S",
            "ts": "1545583078.000000"
        },
        "thread_ts": "1545540011.003400",
        "parent_user_id": "UF0SXEJ0M"
    }
]