[
    {
        "client_msg_id": "8dd3dcb8-96a2-4edc-87aa-0d8bff86e345",
        "type": "message",
        "text": "and.. pushed on tindie :smiley: <https:\/\/www.tindie.com\/products\/kelu124\/un0rick-open-ice40-ultrasound-imaging-dev-board\/>",
        "user": "U5M5PLH9S",
        "ts": "1533467596.000043",
        "team": "T5M5PLH8U",
        "user_team": "T5M5PLH8U",
        "source_team": "T5M5PLH8U",
        "user_profile": {
            "avatar_hash": "e4fb6ae9f526",
            "image_72": "https:\/\/avatars.slack-edge.com\/2017-06-01\/191144530514_e4fb6ae9f526531fd41c_72.jpg",
            "first_name": "",
            "real_name": "kelu",
            "display_name": "",
            "team": "T5M5PLH8U",
            "name": "kelu",
            "is_restricted": false,
            "is_ultra_restricted": false
        },
        "attachments": [
            {
                "service_name": "Tindie",
                "title": "un0rick -  Open ice40 Ultrasound Imaging Dev Board by kelu124 on Tindie",
                "title_link": "https:\/\/www.tindie.com\/products\/kelu124\/un0rick-open-ice40-ultrasound-imaging-dev-board\/",
                "text": "An open FPGA ultrasound imaging dev board",
                "fallback": "Tindie: un0rick -  Open ice40 Ultrasound Imaging Dev Board by kelu124 on Tindie",
                "image_url": "https:\/\/cdn.tindiemedia.com\/images\/resize\/CArpkEeRdO0GatZAtI77rSV6atM=\/p\/1200x630\/smart\/i\/17175\/products\/2018-06-08T21%3A00%3A32.692Z-un0rick.jpg",
                "from_url": "https:\/\/www.tindie.com\/products\/kelu124\/un0rick-open-ice40-ultrasound-imaging-dev-board\/",
                "image_width": 476,
                "image_height": 250,
                "image_bytes": 173182,
                "service_icon": "https:\/\/d2ss6ovg47m0r5.cloudfront.net\/ico\/apples-touch-icon-precomposed.png",
                "id": 1,
                "original_url": "https:\/\/www.tindie.com\/products\/kelu124\/un0rick-open-ice40-ultrasound-imaging-dev-board\/"
            }
        ]
    },
    {
        "client_msg_id": "71eea558-e07f-4610-b8d3-e85082590cd8",
        "type": "message",
        "text": "Happy to have comments for the documentation (<http:\/\/doc.un0rick.cc|doc.un0rick.cc> \/\/ <http:\/\/un0rick.cc|un0rick.cc>). It's a work in progress and having the nose deep in the project, may not have the overview necessary for a fully correct doc :smiley:",
        "user": "U5M5PLH9S",
        "ts": "1533467615.000023",
        "team": "T5M5PLH8U",
        "user_team": "T5M5PLH8U",
        "source_team": "T5M5PLH8U",
        "user_profile": {
            "avatar_hash": "e4fb6ae9f526",
            "image_72": "https:\/\/avatars.slack-edge.com\/2017-06-01\/191144530514_e4fb6ae9f526531fd41c_72.jpg",
            "first_name": "",
            "real_name": "kelu",
            "display_name": "",
            "team": "T5M5PLH8U",
            "name": "kelu",
            "is_restricted": false,
            "is_ultra_restricted": false
        },
        "edited": {
            "user": "U5M5PLH9S",
            "ts": "1533467667.000000"
        },
        "reactions": [
            {
                "name": "slightly_smiling_face",
                "users": [
                    "UBDQLMATZ",
                    "U8Z3VB1T2"
                ],
                "count": 2
            }
        ]
    }
]