[
    {
        "client_msg_id": "4b222c76-d6d1-45ea-aa92-9120be3ec228",
        "type": "message",
        "text": "How many price if ships to indonesia? Microcontroller using raspberry pi?",
        "user": "UE3JX8LUT",
        "ts": "1543313987.006100",
        "team": "T5M5PLH8U",
        "user_team": "T5M5PLH8U",
        "source_team": "T5M5PLH8U",
        "user_profile": {
            "avatar_hash": "a9159a929398",
            "image_72": "https:\/\/avatars.slack-edge.com\/2018-11-15\/479026488288_a9159a929398c4006149_72.jpg",
            "first_name": "Fadhli",
            "real_name": "Fadhli",
            "display_name": "Fadhli",
            "team": "T5M5PLH8U",
            "name": "fadhliazinnuddin",
            "is_restricted": false,
            "is_ultra_restricted": false
        },
        "thread_ts": "1543074507.006000",
        "parent_user_id": "U5M5PLH9S"
    },
    {
        "client_msg_id": "79870d46-4602-4010-ba83-c7fd90f4360c",
        "type": "message",
        "text": "Apologies? The un0rick board would ship for 50$. There s only the board. Control is via spi bus so you can use any microcontroller",
        "user": "U5M5PLH9S",
        "ts": "1543316070.006300",
        "team": "T5M5PLH8U",
        "user_team": "T5M5PLH8U",
        "source_team": "T5M5PLH8U",
        "user_profile": {
            "avatar_hash": "e4fb6ae9f526",
            "image_72": "https:\/\/avatars.slack-edge.com\/2017-06-01\/191144530514_e4fb6ae9f526531fd41c_72.jpg",
            "first_name": "",
            "real_name": "kelu",
            "display_name": "",
            "team": "T5M5PLH8U",
            "name": "kelu",
            "is_restricted": false,
            "is_ultra_restricted": false
        },
        "thread_ts": "1543074507.006000",
        "parent_user_id": "U5M5PLH9S"
    },
    {
        "client_msg_id": "76521d4e-c51d-491e-85d3-1f3b4bd0a29b",
        "type": "message",
        "text": "You have component transducer pulser module and analog processing module ?",
        "user": "UE3JX8LUT",
        "ts": "1543382250.000900",
        "team": "T5M5PLH8U",
        "user_team": "T5M5PLH8U",
        "source_team": "T5M5PLH8U",
        "user_profile": {
            "avatar_hash": "a9159a929398",
            "image_72": "https:\/\/avatars.slack-edge.com\/2018-11-15\/479026488288_a9159a929398c4006149_72.jpg",
            "first_name": "Fadhli",
            "real_name": "Fadhli",
            "display_name": "Fadhli",
            "team": "T5M5PLH8U",
            "name": "fadhliazinnuddin",
            "is_restricted": false,
            "is_ultra_restricted": false
        },
        "thread_ts": "1543074507.006000",
        "parent_user_id": "U5M5PLH9S"
    },
    {
        "client_msg_id": "185771fd-6388-43e5-8349-c367ed56a54d",
        "type": "message",
        "text": "As on the web ",
        "user": "UE3JX8LUT",
        "ts": "1543382270.001100",
        "team": "T5M5PLH8U",
        "user_team": "T5M5PLH8U",
        "source_team": "T5M5PLH8U",
        "user_profile": {
            "avatar_hash": "a9159a929398",
            "image_72": "https:\/\/avatars.slack-edge.com\/2018-11-15\/479026488288_a9159a929398c4006149_72.jpg",
            "first_name": "Fadhli",
            "real_name": "Fadhli",
            "display_name": "Fadhli",
            "team": "T5M5PLH8U",
            "name": "fadhliazinnuddin",
            "is_restricted": false,
            "is_ultra_restricted": false
        },
        "thread_ts": "1543074507.006000",
        "parent_user_id": "U5M5PLH9S"
    }
]