[
    {
        "type": "message",
        "text": "I was just rereading the circuit, the high voltage generation.\nWhy not use a mux to select the output instead of all those capacitors + jumpers?",
        "user": "U8DP2NWAD",
        "ts": "1523972220.000549",
        "team": "T5M5PLH8U",
        "user_team": "T5M5PLH8U",
        "source_team": "T5M5PLH8U",
        "user_profile": {
            "avatar_hash": "ge8fe12d48f6",
            "image_72": "https:\/\/secure.gravatar.com\/avatar\/be8fe12d48f65fa83f69d7849035f8c3.jpg?s=72&d=https%3A%2F%2Fa.slack-edge.com%2Fdf10d%2Fimg%2Favatars%2Fava_0024-72.png",
            "first_name": "",
            "real_name": "Tomás Glaría",
            "display_name": "tglaria",
            "team": "T5M5PLH8U",
            "name": "tglaria",
            "is_restricted": false,
            "is_ultra_restricted": false
        }
    },
    {
        "type": "message",
        "text": "Why not use a single mux (could be jumpers) in this configuration?\nSeems simpler, less space required and less components.",
        "files": [
            {
                "id": "FA7L2R7TK",
                "created": 1523972713,
                "timestamp": 1523972713,
                "name": "image.png",
                "title": "NMT0572SC proposal",
                "mimetype": "image\/png",
                "filetype": "png",
                "pretty_type": "PNG",
                "user": "U8DP2NWAD",
                "editable": false,
                "size": 29333,
                "mode": "hosted",
                "is_external": false,
                "external_type": "",
                "is_public": true,
                "public_url_shared": true,
                "display_as_bot": false,
                "username": "",
                "url_private": "https:\/\/files.slack.com\/files-pri\/T5M5PLH8U-FA7L2R7TK\/image.png?t=xoxe-191193697300-1381062880324-1368140560006-96abaf9fa31dffabf8d2ddd7876c6250",
                "url_private_download": "https:\/\/files.slack.com\/files-pri\/T5M5PLH8U-FA7L2R7TK\/download\/image.png?t=xoxe-191193697300-1381062880324-1368140560006-96abaf9fa31dffabf8d2ddd7876c6250",
                "thumb_64": "https:\/\/files.slack.com\/files-tmb\/T5M5PLH8U-FA7L2R7TK-82c686f696\/image_64.png?t=xoxe-191193697300-1381062880324-1368140560006-96abaf9fa31dffabf8d2ddd7876c6250",
                "thumb_80": "https:\/\/files.slack.com\/files-tmb\/T5M5PLH8U-FA7L2R7TK-82c686f696\/image_80.png?t=xoxe-191193697300-1381062880324-1368140560006-96abaf9fa31dffabf8d2ddd7876c6250",
                "thumb_360": "https:\/\/files.slack.com\/files-tmb\/T5M5PLH8U-FA7L2R7TK-82c686f696\/image_360.png?t=xoxe-191193697300-1381062880324-1368140560006-96abaf9fa31dffabf8d2ddd7876c6250",
                "thumb_360_w": 360,
                "thumb_360_h": 258,
                "thumb_480": "https:\/\/files.slack.com\/files-tmb\/T5M5PLH8U-FA7L2R7TK-82c686f696\/image_480.png?t=xoxe-191193697300-1381062880324-1368140560006-96abaf9fa31dffabf8d2ddd7876c6250",
                "thumb_480_w": 480,
                "thumb_480_h": 345,
                "thumb_160": "https:\/\/files.slack.com\/files-tmb\/T5M5PLH8U-FA7L2R7TK-82c686f696\/image_160.png?t=xoxe-191193697300-1381062880324-1368140560006-96abaf9fa31dffabf8d2ddd7876c6250",
                "thumb_720": "https:\/\/files.slack.com\/files-tmb\/T5M5PLH8U-FA7L2R7TK-82c686f696\/image_720.png?t=xoxe-191193697300-1381062880324-1368140560006-96abaf9fa31dffabf8d2ddd7876c6250",
                "thumb_720_w": 720,
                "thumb_720_h": 517,
                "thumb_800": "https:\/\/files.slack.com\/files-tmb\/T5M5PLH8U-FA7L2R7TK-82c686f696\/image_800.png?t=xoxe-191193697300-1381062880324-1368140560006-96abaf9fa31dffabf8d2ddd7876c6250",
                "thumb_800_w": 800,
                "thumb_800_h": 574,
                "image_exif_rotation": 1,
                "original_w": 900,
                "original_h": 646,
                "permalink": "https:\/\/usdevkit.slack.com\/files\/U8DP2NWAD\/FA7L2R7TK\/image.png",
                "permalink_public": "https:\/\/slack-files.com\/T5M5PLH8U-FA7L2R7TK-31fa72d759",
                "is_starred": false,
                "has_rich_preview": false
            }
        ],
        "upload": true,
        "user": "U8DP2NWAD",
        "display_as_bot": false,
        "ts": "1523972716.000561"
    },
    {
        "type": "message",
        "text": "Also, you removed negative voltage on the on the input of the TC6320 part.\nIs there a reason for this ?",
        "user": "U8DP2NWAD",
        "ts": "1523974273.000274",
        "team": "T5M5PLH8U",
        "user_team": "T5M5PLH8U",
        "source_team": "T5M5PLH8U",
        "user_profile": {
            "avatar_hash": "ge8fe12d48f6",
            "image_72": "https:\/\/secure.gravatar.com\/avatar\/be8fe12d48f65fa83f69d7849035f8c3.jpg?s=72&d=https%3A%2F%2Fa.slack-edge.com%2Fdf10d%2Fimg%2Favatars%2Fava_0024-72.png",
            "first_name": "",
            "real_name": "Tomás Glaría",
            "display_name": "tglaria",
            "team": "T5M5PLH8U",
            "name": "tglaria",
            "is_restricted": false,
            "is_ultra_restricted": false
        }
    },
    {
        "type": "message",
        "text": "And lastly, on the original pulser board (¿tobo?), you _joined_ the outputs of the TC6320 component (and the inputs of the diode array BAV99), but on the ice40 board, you have these separated (as the application note AN-AH53, <http:\/\/ww1.microchip.com\/downloads\/en\/AppNotes\/AN-H53.pdf>).\n\nWas this a mistake on the original board?",
        "user": "U8DP2NWAD",
        "ts": "1523974467.000435",
        "team": "T5M5PLH8U",
        "user_team": "T5M5PLH8U",
        "source_team": "T5M5PLH8U",
        "user_profile": {
            "avatar_hash": "ge8fe12d48f6",
            "image_72": "https:\/\/secure.gravatar.com\/avatar\/be8fe12d48f65fa83f69d7849035f8c3.jpg?s=72&d=https%3A%2F%2Fa.slack-edge.com%2Fdf10d%2Fimg%2Favatars%2Fava_0024-72.png",
            "first_name": "",
            "real_name": "Tomás Glaría",
            "display_name": "tglaria",
            "team": "T5M5PLH8U",
            "name": "tglaria",
            "is_restricted": false,
            "is_ultra_restricted": false
        }
    },
    {
        "type": "message",
        "text": "see the 'joined' output signals of TC6230",
        "files": [
            {
                "id": "FA80NL528",
                "created": 1523974530,
                "timestamp": 1523974530,
                "name": "image.png",
                "title": "Original Pulser schematic",
                "mimetype": "image\/png",
                "filetype": "png",
                "pretty_type": "PNG",
                "user": "U8DP2NWAD",
                "editable": false,
                "size": 77609,
                "mode": "hosted",
                "is_external": false,
                "external_type": "",
                "is_public": true,
                "public_url_shared": true,
                "display_as_bot": false,
                "username": "",
                "url_private": "https:\/\/files.slack.com\/files-pri\/T5M5PLH8U-FA80NL528\/image.png?t=xoxe-191193697300-1381062880324-1368140560006-96abaf9fa31dffabf8d2ddd7876c6250",
                "url_private_download": "https:\/\/files.slack.com\/files-pri\/T5M5PLH8U-FA80NL528\/download\/image.png?t=xoxe-191193697300-1381062880324-1368140560006-96abaf9fa31dffabf8d2ddd7876c6250",
                "thumb_64": "https:\/\/files.slack.com\/files-tmb\/T5M5PLH8U-FA80NL528-182d239634\/image_64.png?t=xoxe-191193697300-1381062880324-1368140560006-96abaf9fa31dffabf8d2ddd7876c6250",
                "thumb_80": "https:\/\/files.slack.com\/files-tmb\/T5M5PLH8U-FA80NL528-182d239634\/image_80.png?t=xoxe-191193697300-1381062880324-1368140560006-96abaf9fa31dffabf8d2ddd7876c6250",
                "thumb_360": "https:\/\/files.slack.com\/files-tmb\/T5M5PLH8U-FA80NL528-182d239634\/image_360.png?t=xoxe-191193697300-1381062880324-1368140560006-96abaf9fa31dffabf8d2ddd7876c6250",
                "thumb_360_w": 360,
                "thumb_360_h": 110,
                "thumb_480": "https:\/\/files.slack.com\/files-tmb\/T5M5PLH8U-FA80NL528-182d239634\/image_480.png?t=xoxe-191193697300-1381062880324-1368140560006-96abaf9fa31dffabf8d2ddd7876c6250",
                "thumb_480_w": 480,
                "thumb_480_h": 147,
                "thumb_160": "https:\/\/files.slack.com\/files-tmb\/T5M5PLH8U-FA80NL528-182d239634\/image_160.png?t=xoxe-191193697300-1381062880324-1368140560006-96abaf9fa31dffabf8d2ddd7876c6250",
                "thumb_720": "https:\/\/files.slack.com\/files-tmb\/T5M5PLH8U-FA80NL528-182d239634\/image_720.png?t=xoxe-191193697300-1381062880324-1368140560006-96abaf9fa31dffabf8d2ddd7876c6250",
                "thumb_720_w": 720,
                "thumb_720_h": 220,
                "thumb_800": "https:\/\/files.slack.com\/files-tmb\/T5M5PLH8U-FA80NL528-182d239634\/image_800.png?t=xoxe-191193697300-1381062880324-1368140560006-96abaf9fa31dffabf8d2ddd7876c6250",
                "thumb_800_w": 800,
                "thumb_800_h": 245,
                "thumb_960": "https:\/\/files.slack.com\/files-tmb\/T5M5PLH8U-FA80NL528-182d239634\/image_960.png?t=xoxe-191193697300-1381062880324-1368140560006-96abaf9fa31dffabf8d2ddd7876c6250",
                "thumb_960_w": 960,
                "thumb_960_h": 293,
                "thumb_1024": "https:\/\/files.slack.com\/files-tmb\/T5M5PLH8U-FA80NL528-182d239634\/image_1024.png?t=xoxe-191193697300-1381062880324-1368140560006-96abaf9fa31dffabf8d2ddd7876c6250",
                "thumb_1024_w": 1024,
                "thumb_1024_h": 313,
                "image_exif_rotation": 1,
                "original_w": 1279,
                "original_h": 391,
                "permalink": "https:\/\/usdevkit.slack.com\/files\/U8DP2NWAD\/FA80NL528\/image.png",
                "permalink_public": "https:\/\/slack-files.com\/T5M5PLH8U-FA80NL528-5b0a0381de",
                "is_starred": false,
                "has_rich_preview": false
            }
        ],
        "upload": true,
        "user": "U8DP2NWAD",
        "display_as_bot": false,
        "ts": "1523974533.000648"
    },
    {
        "type": "message",
        "text": "See the separated signals after the TC6320 component.",
        "files": [
            {
                "id": "FA7LUAEU9",
                "created": 1523974581,
                "timestamp": 1523974581,
                "name": "image.png",
                "title": "new high voltage pulse",
                "mimetype": "image\/png",
                "filetype": "png",
                "pretty_type": "PNG",
                "user": "U8DP2NWAD",
                "editable": false,
                "size": 51463,
                "mode": "hosted",
                "is_external": false,
                "external_type": "",
                "is_public": true,
                "public_url_shared": true,
                "display_as_bot": false,
                "username": "",
                "url_private": "https:\/\/files.slack.com\/files-pri\/T5M5PLH8U-FA7LUAEU9\/image.png?t=xoxe-191193697300-1381062880324-1368140560006-96abaf9fa31dffabf8d2ddd7876c6250",
                "url_private_download": "https:\/\/files.slack.com\/files-pri\/T5M5PLH8U-FA7LUAEU9\/download\/image.png?t=xoxe-191193697300-1381062880324-1368140560006-96abaf9fa31dffabf8d2ddd7876c6250",
                "thumb_64": "https:\/\/files.slack.com\/files-tmb\/T5M5PLH8U-FA7LUAEU9-4342cf748f\/image_64.png?t=xoxe-191193697300-1381062880324-1368140560006-96abaf9fa31dffabf8d2ddd7876c6250",
                "thumb_80": "https:\/\/files.slack.com\/files-tmb\/T5M5PLH8U-FA7LUAEU9-4342cf748f\/image_80.png?t=xoxe-191193697300-1381062880324-1368140560006-96abaf9fa31dffabf8d2ddd7876c6250",
                "thumb_360": "https:\/\/files.slack.com\/files-tmb\/T5M5PLH8U-FA7LUAEU9-4342cf748f\/image_360.png?t=xoxe-191193697300-1381062880324-1368140560006-96abaf9fa31dffabf8d2ddd7876c6250",
                "thumb_360_w": 360,
                "thumb_360_h": 180,
                "thumb_480": "https:\/\/files.slack.com\/files-tmb\/T5M5PLH8U-FA7LUAEU9-4342cf748f\/image_480.png?t=xoxe-191193697300-1381062880324-1368140560006-96abaf9fa31dffabf8d2ddd7876c6250",
                "thumb_480_w": 480,
                "thumb_480_h": 240,
                "thumb_160": "https:\/\/files.slack.com\/files-tmb\/T5M5PLH8U-FA7LUAEU9-4342cf748f\/image_160.png?t=xoxe-191193697300-1381062880324-1368140560006-96abaf9fa31dffabf8d2ddd7876c6250",
                "thumb_720": "https:\/\/files.slack.com\/files-tmb\/T5M5PLH8U-FA7LUAEU9-4342cf748f\/image_720.png?t=xoxe-191193697300-1381062880324-1368140560006-96abaf9fa31dffabf8d2ddd7876c6250",
                "thumb_720_w": 720,
                "thumb_720_h": 360,
                "thumb_800": "https:\/\/files.slack.com\/files-tmb\/T5M5PLH8U-FA7LUAEU9-4342cf748f\/image_800.png?t=xoxe-191193697300-1381062880324-1368140560006-96abaf9fa31dffabf8d2ddd7876c6250",
                "thumb_800_w": 800,
                "thumb_800_h": 400,
                "thumb_960": "https:\/\/files.slack.com\/files-tmb\/T5M5PLH8U-FA7LUAEU9-4342cf748f\/image_960.png?t=xoxe-191193697300-1381062880324-1368140560006-96abaf9fa31dffabf8d2ddd7876c6250",
                "thumb_960_w": 960,
                "thumb_960_h": 480,
                "thumb_1024": "https:\/\/files.slack.com\/files-tmb\/T5M5PLH8U-FA7LUAEU9-4342cf748f\/image_1024.png?t=xoxe-191193697300-1381062880324-1368140560006-96abaf9fa31dffabf8d2ddd7876c6250",
                "thumb_1024_w": 1024,
                "thumb_1024_h": 512,
                "image_exif_rotation": 1,
                "original_w": 1177,
                "original_h": 589,
                "permalink": "https:\/\/usdevkit.slack.com\/files\/U8DP2NWAD\/FA7LUAEU9\/image.png",
                "permalink_public": "https:\/\/slack-files.com\/T5M5PLH8U-FA7LUAEU9-8be26efbfc",
                "is_starred": false,
                "has_rich_preview": false
            }
        ],
        "upload": true,
        "user": "U8DP2NWAD",
        "display_as_bot": false,
        "ts": "1523974585.000224"
    },
    {
        "type": "message",
        "text": "Hi <@U8DP2NWAD> - thanks for the comments!\nWhy not a MUX? Just for safety, so to speak, to be able to manually disconnect the HV from the pulser. But I'd be happy to help you if you explore this way.\nOn the joining diods, I read the same application note that the one you mention, see fig 6.",
        "user": "U5M5PLH9S",
        "ts": "1523997843.000205",
        "team": "T5M5PLH8U",
        "user_team": "T5M5PLH8U",
        "source_team": "T5M5PLH8U",
        "user_profile": {
            "avatar_hash": "e4fb6ae9f526",
            "image_72": "https:\/\/avatars.slack-edge.com\/2017-06-01\/191144530514_e4fb6ae9f526531fd41c_72.jpg",
            "first_name": "",
            "real_name": "kelu",
            "display_name": "",
            "team": "T5M5PLH8U",
            "name": "kelu",
            "is_restricted": false,
            "is_ultra_restricted": false
        }
    },
    {
        "type": "message",
        "text": "On the ice40 board, I removed the negative pulse as I don't really need it.",
        "user": "U5M5PLH9S",
        "ts": "1523997857.000547",
        "team": "T5M5PLH8U",
        "user_team": "T5M5PLH8U",
        "source_team": "T5M5PLH8U",
        "user_profile": {
            "avatar_hash": "e4fb6ae9f526",
            "image_72": "https:\/\/avatars.slack-edge.com\/2017-06-01\/191144530514_e4fb6ae9f526531fd41c_72.jpg",
            "first_name": "",
            "real_name": "kelu",
            "display_name": "",
            "team": "T5M5PLH8U",
            "name": "kelu",
            "is_restricted": false,
            "is_ultra_restricted": false
        }
    },
    {
        "type": "message",
        "text": "",
        "files": [
            {
                "id": "FA7VDAS6M",
                "created": 1523998041,
                "timestamp": 1523998041,
                "name": "comparing.jpg",
                "title": "BTW I just did a quick comparative between the one-board and modules.",
                "mimetype": "image\/jpeg",
                "filetype": "jpg",
                "pretty_type": "JPEG",
                "user": "U5M5PLH9S",
                "editable": false,
                "size": 40878,
                "mode": "hosted",
                "is_external": false,
                "external_type": "",
                "is_public": true,
                "public_url_shared": true,
                "display_as_bot": false,
                "username": "",
                "url_private": "https:\/\/files.slack.com\/files-pri\/T5M5PLH8U-FA7VDAS6M\/comparing.jpg?t=xoxe-191193697300-1381062880324-1368140560006-96abaf9fa31dffabf8d2ddd7876c6250",
                "url_private_download": "https:\/\/files.slack.com\/files-pri\/T5M5PLH8U-FA7VDAS6M\/download\/comparing.jpg?t=xoxe-191193697300-1381062880324-1368140560006-96abaf9fa31dffabf8d2ddd7876c6250",
                "thumb_64": "https:\/\/files.slack.com\/files-tmb\/T5M5PLH8U-FA7VDAS6M-8744e4917f\/comparing_64.jpg?t=xoxe-191193697300-1381062880324-1368140560006-96abaf9fa31dffabf8d2ddd7876c6250",
                "thumb_80": "https:\/\/files.slack.com\/files-tmb\/T5M5PLH8U-FA7VDAS6M-8744e4917f\/comparing_80.jpg?t=xoxe-191193697300-1381062880324-1368140560006-96abaf9fa31dffabf8d2ddd7876c6250",
                "thumb_360": "https:\/\/files.slack.com\/files-tmb\/T5M5PLH8U-FA7VDAS6M-8744e4917f\/comparing_360.jpg?t=xoxe-191193697300-1381062880324-1368140560006-96abaf9fa31dffabf8d2ddd7876c6250",
                "thumb_360_w": 360,
                "thumb_360_h": 135,
                "thumb_480": "https:\/\/files.slack.com\/files-tmb\/T5M5PLH8U-FA7VDAS6M-8744e4917f\/comparing_480.jpg?t=xoxe-191193697300-1381062880324-1368140560006-96abaf9fa31dffabf8d2ddd7876c6250",
                "thumb_480_w": 480,
                "thumb_480_h": 180,
                "thumb_160": "https:\/\/files.slack.com\/files-tmb\/T5M5PLH8U-FA7VDAS6M-8744e4917f\/comparing_160.jpg?t=xoxe-191193697300-1381062880324-1368140560006-96abaf9fa31dffabf8d2ddd7876c6250",
                "thumb_720": "https:\/\/files.slack.com\/files-tmb\/T5M5PLH8U-FA7VDAS6M-8744e4917f\/comparing_720.jpg?t=xoxe-191193697300-1381062880324-1368140560006-96abaf9fa31dffabf8d2ddd7876c6250",
                "thumb_720_w": 720,
                "thumb_720_h": 270,
                "thumb_800": "https:\/\/files.slack.com\/files-tmb\/T5M5PLH8U-FA7VDAS6M-8744e4917f\/comparing_800.jpg?t=xoxe-191193697300-1381062880324-1368140560006-96abaf9fa31dffabf8d2ddd7876c6250",
                "thumb_800_w": 800,
                "thumb_800_h": 300,
                "image_exif_rotation": 1,
                "original_w": 889,
                "original_h": 333,
                "permalink": "https:\/\/usdevkit.slack.com\/files\/U5M5PLH9S\/FA7VDAS6M\/comparing.jpg",
                "permalink_public": "https:\/\/slack-files.com\/T5M5PLH8U-FA7VDAS6M-f7477d262d",
                "is_starred": false,
                "has_rich_preview": false
            }
        ],
        "upload": true,
        "user": "U5M5PLH9S",
        "display_as_bot": false,
        "ts": "1523998044.000145"
    },
    {
        "type": "message",
        "text": "",
        "files": [
            {
                "id": "FA7VDRGSV",
                "created": 1523998090,
                "timestamp": 1523998090,
                "name": "details.jpg",
                "title": "with details from the acqs.",
                "mimetype": "image\/jpeg",
                "filetype": "jpg",
                "pretty_type": "JPEG",
                "user": "U5M5PLH9S",
                "editable": false,
                "size": 199736,
                "mode": "hosted",
                "is_external": false,
                "external_type": "",
                "is_public": true,
                "public_url_shared": true,
                "display_as_bot": false,
                "username": "",
                "url_private": "https:\/\/files.slack.com\/files-pri\/T5M5PLH8U-FA7VDRGSV\/details.jpg?t=xoxe-191193697300-1381062880324-1368140560006-96abaf9fa31dffabf8d2ddd7876c6250",
                "url_private_download": "https:\/\/files.slack.com\/files-pri\/T5M5PLH8U-FA7VDRGSV\/download\/details.jpg?t=xoxe-191193697300-1381062880324-1368140560006-96abaf9fa31dffabf8d2ddd7876c6250",
                "thumb_64": "https:\/\/files.slack.com\/files-tmb\/T5M5PLH8U-FA7VDRGSV-bb1d269495\/details_64.jpg?t=xoxe-191193697300-1381062880324-1368140560006-96abaf9fa31dffabf8d2ddd7876c6250",
                "thumb_80": "https:\/\/files.slack.com\/files-tmb\/T5M5PLH8U-FA7VDRGSV-bb1d269495\/details_80.jpg?t=xoxe-191193697300-1381062880324-1368140560006-96abaf9fa31dffabf8d2ddd7876c6250",
                "thumb_360": "https:\/\/files.slack.com\/files-tmb\/T5M5PLH8U-FA7VDRGSV-bb1d269495\/details_360.jpg?t=xoxe-191193697300-1381062880324-1368140560006-96abaf9fa31dffabf8d2ddd7876c6250",
                "thumb_360_w": 360,
                "thumb_360_h": 182,
                "thumb_480": "https:\/\/files.slack.com\/files-tmb\/T5M5PLH8U-FA7VDRGSV-bb1d269495\/details_480.jpg?t=xoxe-191193697300-1381062880324-1368140560006-96abaf9fa31dffabf8d2ddd7876c6250",
                "thumb_480_w": 480,
                "thumb_480_h": 243,
                "thumb_160": "https:\/\/files.slack.com\/files-tmb\/T5M5PLH8U-FA7VDRGSV-bb1d269495\/details_160.jpg?t=xoxe-191193697300-1381062880324-1368140560006-96abaf9fa31dffabf8d2ddd7876c6250",
                "thumb_720": "https:\/\/files.slack.com\/files-tmb\/T5M5PLH8U-FA7VDRGSV-bb1d269495\/details_720.jpg?t=xoxe-191193697300-1381062880324-1368140560006-96abaf9fa31dffabf8d2ddd7876c6250",
                "thumb_720_w": 720,
                "thumb_720_h": 364,
                "thumb_800": "https:\/\/files.slack.com\/files-tmb\/T5M5PLH8U-FA7VDRGSV-bb1d269495\/details_800.jpg?t=xoxe-191193697300-1381062880324-1368140560006-96abaf9fa31dffabf8d2ddd7876c6250",
                "thumb_800_w": 800,
                "thumb_800_h": 404,
                "thumb_960": "https:\/\/files.slack.com\/files-tmb\/T5M5PLH8U-FA7VDRGSV-bb1d269495\/details_960.jpg?t=xoxe-191193697300-1381062880324-1368140560006-96abaf9fa31dffabf8d2ddd7876c6250",
                "thumb_960_w": 960,
                "thumb_960_h": 485,
                "thumb_1024": "https:\/\/files.slack.com\/files-tmb\/T5M5PLH8U-FA7VDRGSV-bb1d269495\/details_1024.jpg?t=xoxe-191193697300-1381062880324-1368140560006-96abaf9fa31dffabf8d2ddd7876c6250",
                "thumb_1024_w": 1024,
                "thumb_1024_h": 518,
                "image_exif_rotation": 1,
                "original_w": 1432,
                "original_h": 724,
                "permalink": "https:\/\/usdevkit.slack.com\/files\/U5M5PLH9S\/FA7VDRGSV\/details.jpg",
                "permalink_public": "https:\/\/slack-files.com\/T5M5PLH8U-FA7VDRGSV-0eac5e041b",
                "is_starred": false,
                "has_rich_preview": false
            }
        ],
        "upload": true,
        "user": "U5M5PLH9S",
        "display_as_bot": false,
        "ts": "1523998093.000554"
    },
    {
        "type": "message",
        "subtype": "file_comment",
        "text": "<@U8DP2NWAD> commented on <@U5M5PLH9S>’s file <https:\/\/usdevkit.slack.com\/files\/U5M5PLH9S\/FA7VDAS6M\/comparing.jpg|BTW I just did a quick comparative between the one-board and modules.>: Which is which ? \nI'm guessing red = single board?",
        "file": {
            "id": "FA7VDAS6M",
            "created": 1523998041,
            "timestamp": 1523998041,
            "name": "comparing.jpg",
            "title": "BTW I just did a quick comparative between the one-board and modules.",
            "mimetype": "image\/jpeg",
            "filetype": "jpg",
            "pretty_type": "JPEG",
            "user": "U5M5PLH9S",
            "editable": false,
            "size": 40878,
            "mode": "hosted",
            "is_external": false,
            "external_type": "",
            "is_public": true,
            "public_url_shared": true,
            "display_as_bot": false,
            "username": "",
            "url_private": "https:\/\/files.slack.com\/files-pri\/T5M5PLH8U-FA7VDAS6M\/comparing.jpg?t=xoxe-191193697300-1381062880324-1368140560006-96abaf9fa31dffabf8d2ddd7876c6250",
            "url_private_download": "https:\/\/files.slack.com\/files-pri\/T5M5PLH8U-FA7VDAS6M\/download\/comparing.jpg?t=xoxe-191193697300-1381062880324-1368140560006-96abaf9fa31dffabf8d2ddd7876c6250",
            "thumb_64": "https:\/\/files.slack.com\/files-tmb\/T5M5PLH8U-FA7VDAS6M-8744e4917f\/comparing_64.jpg?t=xoxe-191193697300-1381062880324-1368140560006-96abaf9fa31dffabf8d2ddd7876c6250",
            "thumb_80": "https:\/\/files.slack.com\/files-tmb\/T5M5PLH8U-FA7VDAS6M-8744e4917f\/comparing_80.jpg?t=xoxe-191193697300-1381062880324-1368140560006-96abaf9fa31dffabf8d2ddd7876c6250",
            "thumb_360": "https:\/\/files.slack.com\/files-tmb\/T5M5PLH8U-FA7VDAS6M-8744e4917f\/comparing_360.jpg?t=xoxe-191193697300-1381062880324-1368140560006-96abaf9fa31dffabf8d2ddd7876c6250",
            "thumb_360_w": 360,
            "thumb_360_h": 135,
            "thumb_480": "https:\/\/files.slack.com\/files-tmb\/T5M5PLH8U-FA7VDAS6M-8744e4917f\/comparing_480.jpg?t=xoxe-191193697300-1381062880324-1368140560006-96abaf9fa31dffabf8d2ddd7876c6250",
            "thumb_480_w": 480,
            "thumb_480_h": 180,
            "thumb_160": "https:\/\/files.slack.com\/files-tmb\/T5M5PLH8U-FA7VDAS6M-8744e4917f\/comparing_160.jpg?t=xoxe-191193697300-1381062880324-1368140560006-96abaf9fa31dffabf8d2ddd7876c6250",
            "thumb_720": "https:\/\/files.slack.com\/files-tmb\/T5M5PLH8U-FA7VDAS6M-8744e4917f\/comparing_720.jpg?t=xoxe-191193697300-1381062880324-1368140560006-96abaf9fa31dffabf8d2ddd7876c6250",
            "thumb_720_w": 720,
            "thumb_720_h": 270,
            "thumb_800": "https:\/\/files.slack.com\/files-tmb\/T5M5PLH8U-FA7VDAS6M-8744e4917f\/comparing_800.jpg?t=xoxe-191193697300-1381062880324-1368140560006-96abaf9fa31dffabf8d2ddd7876c6250",
            "thumb_800_w": 800,
            "thumb_800_h": 300,
            "image_exif_rotation": 1,
            "original_w": 889,
            "original_h": 333,
            "permalink": "https:\/\/usdevkit.slack.com\/files\/U5M5PLH9S\/FA7VDAS6M\/comparing.jpg",
            "permalink_public": "https:\/\/slack-files.com\/T5M5PLH8U-FA7VDAS6M-f7477d262d",
            "is_starred": false,
            "has_rich_preview": false
        },
        "files": [
            {
                "id": "FA7VDAS6M",
                "created": 1523998041,
                "timestamp": 1523998041,
                "name": "comparing.jpg",
                "title": "BTW I just did a quick comparative between the one-board and modules.",
                "mimetype": "image\/jpeg",
                "filetype": "jpg",
                "pretty_type": "JPEG",
                "user": "U5M5PLH9S",
                "editable": false,
                "size": 40878,
                "mode": "hosted",
                "is_external": false,
                "external_type": "",
                "is_public": true,
                "public_url_shared": true,
                "display_as_bot": false,
                "username": "",
                "url_private": "https:\/\/files.slack.com\/files-pri\/T5M5PLH8U-FA7VDAS6M\/comparing.jpg?t=xoxe-191193697300-1381062880324-1368140560006-96abaf9fa31dffabf8d2ddd7876c6250",
                "url_private_download": "https:\/\/files.slack.com\/files-pri\/T5M5PLH8U-FA7VDAS6M\/download\/comparing.jpg?t=xoxe-191193697300-1381062880324-1368140560006-96abaf9fa31dffabf8d2ddd7876c6250",
                "thumb_64": "https:\/\/files.slack.com\/files-tmb\/T5M5PLH8U-FA7VDAS6M-8744e4917f\/comparing_64.jpg?t=xoxe-191193697300-1381062880324-1368140560006-96abaf9fa31dffabf8d2ddd7876c6250",
                "thumb_80": "https:\/\/files.slack.com\/files-tmb\/T5M5PLH8U-FA7VDAS6M-8744e4917f\/comparing_80.jpg?t=xoxe-191193697300-1381062880324-1368140560006-96abaf9fa31dffabf8d2ddd7876c6250",
                "thumb_360": "https:\/\/files.slack.com\/files-tmb\/T5M5PLH8U-FA7VDAS6M-8744e4917f\/comparing_360.jpg?t=xoxe-191193697300-1381062880324-1368140560006-96abaf9fa31dffabf8d2ddd7876c6250",
                "thumb_360_w": 360,
                "thumb_360_h": 135,
                "thumb_480": "https:\/\/files.slack.com\/files-tmb\/T5M5PLH8U-FA7VDAS6M-8744e4917f\/comparing_480.jpg?t=xoxe-191193697300-1381062880324-1368140560006-96abaf9fa31dffabf8d2ddd7876c6250",
                "thumb_480_w": 480,
                "thumb_480_h": 180,
                "thumb_160": "https:\/\/files.slack.com\/files-tmb\/T5M5PLH8U-FA7VDAS6M-8744e4917f\/comparing_160.jpg?t=xoxe-191193697300-1381062880324-1368140560006-96abaf9fa31dffabf8d2ddd7876c6250",
                "thumb_720": "https:\/\/files.slack.com\/files-tmb\/T5M5PLH8U-FA7VDAS6M-8744e4917f\/comparing_720.jpg?t=xoxe-191193697300-1381062880324-1368140560006-96abaf9fa31dffabf8d2ddd7876c6250",
                "thumb_720_w": 720,
                "thumb_720_h": 270,
                "thumb_800": "https:\/\/files.slack.com\/files-tmb\/T5M5PLH8U-FA7VDAS6M-8744e4917f\/comparing_800.jpg?t=xoxe-191193697300-1381062880324-1368140560006-96abaf9fa31dffabf8d2ddd7876c6250",
                "thumb_800_w": 800,
                "thumb_800_h": 300,
                "image_exif_rotation": 1,
                "original_w": 889,
                "original_h": 333,
                "permalink": "https:\/\/usdevkit.slack.com\/files\/U5M5PLH9S\/FA7VDAS6M\/comparing.jpg",
                "permalink_public": "https:\/\/slack-files.com\/T5M5PLH8U-FA7VDAS6M-f7477d262d",
                "is_starred": false,
                "has_rich_preview": false
            }
        ],
        "comment": {
            "id": "FcA7RACGFJ",
            "created": 1523999203,
            "timestamp": 1523999203,
            "user": "U8DP2NWAD",
            "is_intro": false,
            "comment": "Which is which ? \nI'm guessing red = single board?"
        },
        "is_intro": false,
        "ts": "1523999203.000649"
    },
    {
        "type": "message",
        "text": "<@U5M5PLH9S>\nI just checked fig.6, all good then.\nAbout the mux, I was thinking in just using a series of jumpers for this, just as you have, but in another configuration: I don't have any capacitor on each voltage line, what are those for ?",
        "user": "U8DP2NWAD",
        "ts": "1523999445.000235",
        "team": "T5M5PLH8U",
        "user_team": "T5M5PLH8U",
        "source_team": "T5M5PLH8U",
        "user_profile": {
            "avatar_hash": "ge8fe12d48f6",
            "image_72": "https:\/\/secure.gravatar.com\/avatar\/be8fe12d48f65fa83f69d7849035f8c3.jpg?s=72&d=https%3A%2F%2Fa.slack-edge.com%2Fdf10d%2Fimg%2Favatars%2Fava_0024-72.png",
            "first_name": "",
            "real_name": "Tomás Glaría",
            "display_name": "tglaria",
            "team": "T5M5PLH8U",
            "name": "tglaria",
            "is_restricted": false,
            "is_ultra_restricted": false
        },
        "reactions": [
            {
                "name": "+1",
                "users": [
                    "U5M5PLH9S"
                ],
                "count": 1
            }
        ]
    },
    {
        "type": "message",
        "text": "(it would like replacing the 'mux' on my image with some jumpers)",
        "user": "U8DP2NWAD",
        "ts": "1523999473.000081",
        "team": "T5M5PLH8U",
        "user_team": "T5M5PLH8U",
        "source_team": "T5M5PLH8U",
        "user_profile": {
            "avatar_hash": "ge8fe12d48f6",
            "image_72": "https:\/\/secure.gravatar.com\/avatar\/be8fe12d48f65fa83f69d7849035f8c3.jpg?s=72&d=https%3A%2F%2Fa.slack-edge.com%2Fdf10d%2Fimg%2Favatars%2Fava_0024-72.png",
            "first_name": "",
            "real_name": "Tomás Glaría",
            "display_name": "tglaria",
            "team": "T5M5PLH8U",
            "name": "tglaria",
            "is_restricted": false,
            "is_ultra_restricted": false
        }
    },
    {
        "type": "message",
        "subtype": "file_comment",
        "text": "<@U5M5PLH9S> commented on <@U5M5PLH9S>’s file <https:\/\/usdevkit.slack.com\/files\/U5M5PLH9S\/FA7VDAS6M\/comparing.jpg|BTW I just did a quick comparative between the one-board and modules.>: Indeed",
        "file": {
            "id": "FA7VDAS6M",
            "created": 1523998041,
            "timestamp": 1523998041,
            "name": "comparing.jpg",
            "title": "BTW I just did a quick comparative between the one-board and modules.",
            "mimetype": "image\/jpeg",
            "filetype": "jpg",
            "pretty_type": "JPEG",
            "user": "U5M5PLH9S",
            "editable": false,
            "size": 40878,
            "mode": "hosted",
            "is_external": false,
            "external_type": "",
            "is_public": true,
            "public_url_shared": true,
            "display_as_bot": false,
            "username": "",
            "url_private": "https:\/\/files.slack.com\/files-pri\/T5M5PLH8U-FA7VDAS6M\/comparing.jpg?t=xoxe-191193697300-1381062880324-1368140560006-96abaf9fa31dffabf8d2ddd7876c6250",
            "url_private_download": "https:\/\/files.slack.com\/files-pri\/T5M5PLH8U-FA7VDAS6M\/download\/comparing.jpg?t=xoxe-191193697300-1381062880324-1368140560006-96abaf9fa31dffabf8d2ddd7876c6250",
            "thumb_64": "https:\/\/files.slack.com\/files-tmb\/T5M5PLH8U-FA7VDAS6M-8744e4917f\/comparing_64.jpg?t=xoxe-191193697300-1381062880324-1368140560006-96abaf9fa31dffabf8d2ddd7876c6250",
            "thumb_80": "https:\/\/files.slack.com\/files-tmb\/T5M5PLH8U-FA7VDAS6M-8744e4917f\/comparing_80.jpg?t=xoxe-191193697300-1381062880324-1368140560006-96abaf9fa31dffabf8d2ddd7876c6250",
            "thumb_360": "https:\/\/files.slack.com\/files-tmb\/T5M5PLH8U-FA7VDAS6M-8744e4917f\/comparing_360.jpg?t=xoxe-191193697300-1381062880324-1368140560006-96abaf9fa31dffabf8d2ddd7876c6250",
            "thumb_360_w": 360,
            "thumb_360_h": 135,
            "thumb_480": "https:\/\/files.slack.com\/files-tmb\/T5M5PLH8U-FA7VDAS6M-8744e4917f\/comparing_480.jpg?t=xoxe-191193697300-1381062880324-1368140560006-96abaf9fa31dffabf8d2ddd7876c6250",
            "thumb_480_w": 480,
            "thumb_480_h": 180,
            "thumb_160": "https:\/\/files.slack.com\/files-tmb\/T5M5PLH8U-FA7VDAS6M-8744e4917f\/comparing_160.jpg?t=xoxe-191193697300-1381062880324-1368140560006-96abaf9fa31dffabf8d2ddd7876c6250",
            "thumb_720": "https:\/\/files.slack.com\/files-tmb\/T5M5PLH8U-FA7VDAS6M-8744e4917f\/comparing_720.jpg?t=xoxe-191193697300-1381062880324-1368140560006-96abaf9fa31dffabf8d2ddd7876c6250",
            "thumb_720_w": 720,
            "thumb_720_h": 270,
            "thumb_800": "https:\/\/files.slack.com\/files-tmb\/T5M5PLH8U-FA7VDAS6M-8744e4917f\/comparing_800.jpg?t=xoxe-191193697300-1381062880324-1368140560006-96abaf9fa31dffabf8d2ddd7876c6250",
            "thumb_800_w": 800,
            "thumb_800_h": 300,
            "image_exif_rotation": 1,
            "original_w": 889,
            "original_h": 333,
            "permalink": "https:\/\/usdevkit.slack.com\/files\/U5M5PLH9S\/FA7VDAS6M\/comparing.jpg",
            "permalink_public": "https:\/\/slack-files.com\/T5M5PLH8U-FA7VDAS6M-f7477d262d",
            "is_starred": false,
            "has_rich_preview": false
        },
        "files": [
            {
                "id": "FA7VDAS6M",
                "created": 1523998041,
                "timestamp": 1523998041,
                "name": "comparing.jpg",
                "title": "BTW I just did a quick comparative between the one-board and modules.",
                "mimetype": "image\/jpeg",
                "filetype": "jpg",
                "pretty_type": "JPEG",
                "user": "U5M5PLH9S",
                "editable": false,
                "size": 40878,
                "mode": "hosted",
                "is_external": false,
                "external_type": "",
                "is_public": true,
                "public_url_shared": true,
                "display_as_bot": false,
                "username": "",
                "url_private": "https:\/\/files.slack.com\/files-pri\/T5M5PLH8U-FA7VDAS6M\/comparing.jpg?t=xoxe-191193697300-1381062880324-1368140560006-96abaf9fa31dffabf8d2ddd7876c6250",
                "url_private_download": "https:\/\/files.slack.com\/files-pri\/T5M5PLH8U-FA7VDAS6M\/download\/comparing.jpg?t=xoxe-191193697300-1381062880324-1368140560006-96abaf9fa31dffabf8d2ddd7876c6250",
                "thumb_64": "https:\/\/files.slack.com\/files-tmb\/T5M5PLH8U-FA7VDAS6M-8744e4917f\/comparing_64.jpg?t=xoxe-191193697300-1381062880324-1368140560006-96abaf9fa31dffabf8d2ddd7876c6250",
                "thumb_80": "https:\/\/files.slack.com\/files-tmb\/T5M5PLH8U-FA7VDAS6M-8744e4917f\/comparing_80.jpg?t=xoxe-191193697300-1381062880324-1368140560006-96abaf9fa31dffabf8d2ddd7876c6250",
                "thumb_360": "https:\/\/files.slack.com\/files-tmb\/T5M5PLH8U-FA7VDAS6M-8744e4917f\/comparing_360.jpg?t=xoxe-191193697300-1381062880324-1368140560006-96abaf9fa31dffabf8d2ddd7876c6250",
                "thumb_360_w": 360,
                "thumb_360_h": 135,
                "thumb_480": "https:\/\/files.slack.com\/files-tmb\/T5M5PLH8U-FA7VDAS6M-8744e4917f\/comparing_480.jpg?t=xoxe-191193697300-1381062880324-1368140560006-96abaf9fa31dffabf8d2ddd7876c6250",
                "thumb_480_w": 480,
                "thumb_480_h": 180,
                "thumb_160": "https:\/\/files.slack.com\/files-tmb\/T5M5PLH8U-FA7VDAS6M-8744e4917f\/comparing_160.jpg?t=xoxe-191193697300-1381062880324-1368140560006-96abaf9fa31dffabf8d2ddd7876c6250",
                "thumb_720": "https:\/\/files.slack.com\/files-tmb\/T5M5PLH8U-FA7VDAS6M-8744e4917f\/comparing_720.jpg?t=xoxe-191193697300-1381062880324-1368140560006-96abaf9fa31dffabf8d2ddd7876c6250",
                "thumb_720_w": 720,
                "thumb_720_h": 270,
                "thumb_800": "https:\/\/files.slack.com\/files-tmb\/T5M5PLH8U-FA7VDAS6M-8744e4917f\/comparing_800.jpg?t=xoxe-191193697300-1381062880324-1368140560006-96abaf9fa31dffabf8d2ddd7876c6250",
                "thumb_800_w": 800,
                "thumb_800_h": 300,
                "image_exif_rotation": 1,
                "original_w": 889,
                "original_h": 333,
                "permalink": "https:\/\/usdevkit.slack.com\/files\/U5M5PLH9S\/FA7VDAS6M\/comparing.jpg",
                "permalink_public": "https:\/\/slack-files.com\/T5M5PLH8U-FA7VDAS6M-f7477d262d",
                "is_starred": false,
                "has_rich_preview": false
            }
        ],
        "comment": {
            "id": "FcA7RT8VCY",
            "created": 1524000983,
            "timestamp": 1524000983,
            "user": "U5M5PLH9S",
            "is_intro": false,
            "comment": "Indeed"
        },
        "is_intro": false,
        "ts": "1524000983.000062"
    },
    {
        "type": "message",
        "text": "Can't remember where I found the caps..  Possibly worth trying if you can? Like leaving 0806 pads, using a solder bridge if you want to try?",
        "user": "U5M5PLH9S",
        "ts": "1524001233.000570",
        "team": "T5M5PLH8U",
        "user_team": "T5M5PLH8U",
        "source_team": "T5M5PLH8U",
        "user_profile": {
            "avatar_hash": "e4fb6ae9f526",
            "image_72": "https:\/\/avatars.slack-edge.com\/2017-06-01\/191144530514_e4fb6ae9f526531fd41c_72.jpg",
            "first_name": "",
            "real_name": "kelu",
            "display_name": "",
            "team": "T5M5PLH8U",
            "name": "kelu",
            "is_restricted": false,
            "is_ultra_restricted": false
        },
        "attachments": [
            {
                "fallback": "[April 17th, 2018 11:10 PM] tglaria: <@U5M5PLH9S>\nI just checked fig.6, all good then.\nAbout the mux, I was thinking in just using a series of jumpers for this, just as you have, but in another configuration: I don't have any capacitor on each voltage line, what are those for ?",
                "ts": "1523999445.000235",
                "author_id": "U8DP2NWAD",
                "author_subname": "Tomás Glaría",
                "channel_id": "C5M71F0DT",
                "channel_name": "general",
                "is_msg_unfurl": true,
                "text": "<@U5M5PLH9S>\nI just checked fig.6, all good then.\nAbout the mux, I was thinking in just using a series of jumpers for this, just as you have, but in another configuration: I don't have any capacitor on each voltage line, what are those for ?",
                "author_name": "Tomás Glaría",
                "author_link": "https:\/\/usdevkit.slack.com\/team\/U8DP2NWAD",
                "author_icon": "https:\/\/secure.gravatar.com\/avatar\/be8fe12d48f65fa83f69d7849035f8c3.jpg?s=48&d=https%3A%2F%2Fa.slack-edge.com%2F66f9%2Fimg%2Favatars%2Fava_0024-48.png",
                "mrkdwn_in": [
                    "text"
                ],
                "color": "D0D0D0",
                "from_url": "https:\/\/usdevkit.slack.com\/archives\/C5M71F0DT\/p1523999445000235",
                "is_share": true,
                "footer": "Posted in #general"
            }
        ]
    }
]