[
    {
        "type": "message",
        "text": "Hi <@U5M5PLH9S> I'm getting started on the board and am stuck on installation... Do you have some instructions on how to install iceprog? When I follow the cliffordwolf link, it just seems to be a bunch of code... I'm a bit of a noob, so not sure what to do with it",
        "user": "UBDQLMATZ",
        "ts": "1537250484.000100",
        "team": "T5M5PLH8U",
        "user_team": "T5M5PLH8U",
        "source_team": "T5M5PLH8U",
        "user_profile": {
            "avatar_hash": "g71feb6a11ea",
            "image_72": "https:\/\/secure.gravatar.com\/avatar\/a71feb6a11eac36ce6d5d960fc8ae078.jpg?s=72&d=https%3A%2F%2Fa.slack-edge.com%2Fdf10d%2Fimg%2Favatars%2Fava_0001-72.png",
            "first_name": "",
            "real_name": "Dean Panebianco",
            "display_name": "",
            "team": "T5M5PLH8U",
            "name": "dean",
            "is_restricted": false,
            "is_ultra_restricted": false
        },
        "thread_ts": "1537250484.000100",
        "reply_count": 9,
        "reply_users_count": 3,
        "latest_reply": "1538222868.000100",
        "reply_users": [
            "U5M5PLH9S",
            "UBDQLMATZ",
            "U8DP2NWAD"
        ],
        "replies": [
            {
                "user": "U5M5PLH9S",
                "ts": "1537251432.000100"
            },
            {
                "user": "UBDQLMATZ",
                "ts": "1537306856.000100"
            },
            {
                "user": "U8DP2NWAD",
                "ts": "1537447530.000100"
            },
            {
                "user": "U8DP2NWAD",
                "ts": "1537447538.000100"
            },
            {
                "user": "UBDQLMATZ",
                "ts": "1537565841.000100"
            },
            {
                "user": "U5M5PLH9S",
                "ts": "1537603047.000100"
            },
            {
                "user": "U8DP2NWAD",
                "ts": "1537794137.000100"
            },
            {
                "user": "U8DP2NWAD",
                "ts": "1537794145.000100"
            },
            {
                "user": "U5M5PLH9S",
                "ts": "1538222868.000100"
            }
        ],
        "subscribed": true,
        "last_read": "1538222868.000100"
    },
    {
        "client_msg_id": "f9394739-226c-4d4f-9870-7338da7c8e9b",
        "type": "message",
        "text": "Apt-get install iceprog worked quite well :) though not on the raspberry, but on an host computer ",
        "user": "U5M5PLH9S",
        "ts": "1537251432.000100",
        "team": "T5M5PLH8U",
        "user_team": "T5M5PLH8U",
        "source_team": "T5M5PLH8U",
        "user_profile": {
            "avatar_hash": "e4fb6ae9f526",
            "image_72": "https:\/\/avatars.slack-edge.com\/2017-06-01\/191144530514_e4fb6ae9f526531fd41c_72.jpg",
            "first_name": "",
            "real_name": "kelu",
            "display_name": "",
            "team": "T5M5PLH8U",
            "name": "kelu",
            "is_restricted": false,
            "is_ultra_restricted": false
        },
        "thread_ts": "1537250484.000100",
        "parent_user_id": "UBDQLMATZ"
    }
]