[
    {
        "type": "message",
        "text": "Hi <@U8DP2NWAD>, I'm using a windows machine. Looks like Ubuntu would be a good way to start using Linux? ",
        "user": "UBDQLMATZ",
        "ts": "1537565841.000100",
        "team": "T5M5PLH8U",
        "user_team": "T5M5PLH8U",
        "source_team": "T5M5PLH8U",
        "user_profile": {
            "avatar_hash": "g71feb6a11ea",
            "image_72": "https:\/\/secure.gravatar.com\/avatar\/a71feb6a11eac36ce6d5d960fc8ae078.jpg?s=72&d=https%3A%2F%2Fa.slack-edge.com%2Fdf10d%2Fimg%2Favatars%2Fava_0001-72.png",
            "first_name": "",
            "real_name": "Dean Panebianco",
            "display_name": "",
            "team": "T5M5PLH8U",
            "name": "dean",
            "is_restricted": false,
            "is_ultra_restricted": false
        },
        "thread_ts": "1537250484.000100",
        "parent_user_id": "UBDQLMATZ"
    }
]