[
    {
        "client_msg_id": "bffe914e-6394-4444-bc36-910e5d4629d1",
        "type": "message",
        "text": "<@UBDQLMATZ> that's a dificult question to answer, it just depends on what you consider \"good way\". If it's your first time on linux, yes Ubuntu could be a good choice.",
        "user": "U8DP2NWAD",
        "ts": "1537794137.000100",
        "team": "T5M5PLH8U",
        "user_team": "T5M5PLH8U",
        "source_team": "T5M5PLH8U",
        "user_profile": {
            "avatar_hash": "ge8fe12d48f6",
            "image_72": "https:\/\/secure.gravatar.com\/avatar\/be8fe12d48f65fa83f69d7849035f8c3.jpg?s=72&d=https%3A%2F%2Fa.slack-edge.com%2Fdf10d%2Fimg%2Favatars%2Fava_0024-72.png",
            "first_name": "",
            "real_name": "Tomás Glaría",
            "display_name": "tglaria",
            "team": "T5M5PLH8U",
            "name": "tglaria",
            "is_restricted": false,
            "is_ultra_restricted": false
        },
        "thread_ts": "1537250484.000100",
        "parent_user_id": "UBDQLMATZ"
    },
    {
        "client_msg_id": "dc5166f8-88da-4092-b4b9-d23ab269d46c",
        "type": "message",
        "text": "I could also recommend Linux Mint (here you have (at least) three options for GUI: Cinnamon, MATE and XFCE. I like MATE)",
        "user": "U8DP2NWAD",
        "ts": "1537794145.000100",
        "team": "T5M5PLH8U",
        "user_team": "T5M5PLH8U",
        "source_team": "T5M5PLH8U",
        "user_profile": {
            "avatar_hash": "ge8fe12d48f6",
            "image_72": "https:\/\/secure.gravatar.com\/avatar\/be8fe12d48f65fa83f69d7849035f8c3.jpg?s=72&d=https%3A%2F%2Fa.slack-edge.com%2Fdf10d%2Fimg%2Favatars%2Fava_0024-72.png",
            "first_name": "",
            "real_name": "Tomás Glaría",
            "display_name": "tglaria",
            "team": "T5M5PLH8U",
            "name": "tglaria",
            "is_restricted": false,
            "is_ultra_restricted": false
        },
        "edited": {
            "user": "U8DP2NWAD",
            "ts": "1537794269.000000"
        },
        "thread_ts": "1537250484.000100",
        "parent_user_id": "UBDQLMATZ"
    }
]