[
    {
        "client_msg_id": "cbb7725d-e015-46bc-a6e0-11284f186ec5",
        "type": "message",
        "text": "Thank you for your response.\nI have a question.\nA = UN0RICK.set_timings(200, 100, 2000, 5000, 200000)# Settings the series of pulses\nAt this value, what is unit?\n200nsec?\nIs Real t2 value 200+100=300?",
        "user": "ULYB25AMS",
        "ts": "1566372434.034200",
        "team": "T5M5PLH8U",
        "user_team": "T5M5PLH8U",
        "source_team": "T5M5PLH8U",
        "user_profile": {
            "avatar_hash": "gd49897152a4",
            "image_72": "https:\/\/secure.gravatar.com\/avatar\/bd49897152a4babe660efcb5e4f11c35.jpg?s=72&d=https%3A%2F%2Fa.slack-edge.com%2Fdf10d%2Fimg%2Favatars%2Fava_0002-72.png",
            "first_name": "Kim",
            "real_name": "Kim Jae Sik",
            "display_name": "Kim Jae Sik",
            "team": "T5M5PLH8U",
            "name": "wotlr6427",
            "is_restricted": false,
            "is_ultra_restricted": false
        },
        "thread_ts": "1564903864.000900",
        "parent_user_id": "ULYB25AMS"
    },
    {
        "client_msg_id": "b055df81-a2e9-49de-844b-d72c1a910677",
        "type": "message",
        "text": "Unit is ns\nYup, normally t2 is added to t1, but the rest is absolute values. To be curious, try with t2 at 225 if there is a difference ?",
        "user": "U5M5PLH9S",
        "ts": "1566374171.034400",
        "team": "T5M5PLH8U",
        "user_team": "T5M5PLH8U",
        "source_team": "T5M5PLH8U",
        "user_profile": {
            "avatar_hash": "e4fb6ae9f526",
            "image_72": "https:\/\/avatars.slack-edge.com\/2017-06-01\/191144530514_e4fb6ae9f526531fd41c_72.jpg",
            "first_name": "",
            "real_name": "kelu",
            "display_name": "",
            "team": "T5M5PLH8U",
            "name": "kelu",
            "is_restricted": false,
            "is_ultra_restricted": false
        },
        "thread_ts": "1564903864.000900",
        "parent_user_id": "ULYB25AMS"
    },
    {
        "client_msg_id": "4cdaa321-ca8b-42e9-a53e-a53937b7a2e7",
        "type": "message",
        "text": "(refering to def set_pulse_train(self, Pon, Pdelay, Poff, delay_acq, Acq): )",
        "user": "U5M5PLH9S",
        "ts": "1566374419.034600",
        "team": "T5M5PLH8U",
        "user_team": "T5M5PLH8U",
        "source_team": "T5M5PLH8U",
        "user_profile": {
            "avatar_hash": "e4fb6ae9f526",
            "image_72": "https:\/\/avatars.slack-edge.com\/2017-06-01\/191144530514_e4fb6ae9f526531fd41c_72.jpg",
            "first_name": "",
            "real_name": "kelu",
            "display_name": "",
            "team": "T5M5PLH8U",
            "name": "kelu",
            "is_restricted": false,
            "is_ultra_restricted": false
        },
        "thread_ts": "1564903864.000900",
        "parent_user_id": "ULYB25AMS"
    },
    {
        "client_msg_id": "1d5e8aba-b6d7-4f23-9d94-fbc4b30a4887",
        "type": "message",
        "text": "Feel free to improve the lib btw, it's open source, happy if you want to \/ can \/ are curious to contribute to the library :stuck_out_tongue:",
        "user": "U5M5PLH9S",
        "ts": "1566374447.034800",
        "team": "T5M5PLH8U",
        "user_team": "T5M5PLH8U",
        "source_team": "T5M5PLH8U",
        "user_profile": {
            "avatar_hash": "e4fb6ae9f526",
            "image_72": "https:\/\/avatars.slack-edge.com\/2017-06-01\/191144530514_e4fb6ae9f526531fd41c_72.jpg",
            "first_name": "",
            "real_name": "kelu",
            "display_name": "",
            "team": "T5M5PLH8U",
            "name": "kelu",
            "is_restricted": false,
            "is_ultra_restricted": false
        },
        "thread_ts": "1564903864.000900",
        "parent_user_id": "ULYB25AMS"
    }
]