[
    {
        "client_msg_id": "0cc4fc6e-5d9b-4904-bd12-11d770d8c53a",
        "type": "message",
        "text": "Interesting article btw : <https:\/\/www.instructables.com\/id\/Body-ultrasound-Sonography-With-Arduino\/>",
        "user": "U5M5PLH9S",
        "ts": "1558369965.012900",
        "team": "T5M5PLH8U",
        "user_team": "T5M5PLH8U",
        "source_team": "T5M5PLH8U",
        "user_profile": {
            "avatar_hash": "e4fb6ae9f526",
            "image_72": "https:\/\/avatars.slack-edge.com\/2017-06-01\/191144530514_e4fb6ae9f526531fd41c_72.jpg",
            "first_name": "",
            "real_name": "kelu",
            "display_name": "",
            "team": "T5M5PLH8U",
            "name": "kelu",
            "is_restricted": false,
            "is_ultra_restricted": false
        },
        "attachments": [
            {
                "service_name": "Instructables",
                "title": "Body-ultrasound Sonography With Arduino",
                "title_link": "https:\/\/www.instructables.com\/id\/Body-ultrasound-Sonography-With-Arduino\/",
                "text": "Body-ultrasound Sonography With Arduino: Hello!My hobby and passion is to realize physics projects. One of my last work is about ultrasonic sonography. As always I tried to make it as simple as possible with parts you can get on ebay or aliexpress. So let's take a look how far I can go w...",
                "fallback": "Instructables: Body-ultrasound Sonography With Arduino",
                "image_url": "https:\/\/cdn.instructables.com\/ORIG\/FO0\/BICR\/JU8N5IEM\/FO0BICRJU8N5IEM.jpg?width=2100",
                "image_width": 300,
                "image_height": 250,
                "from_url": "https:\/\/www.instructables.com\/id\/Body-ultrasound-Sonography-With-Arduino\/",
                "image_bytes": 766324,
                "service_icon": "https:\/\/www.instructables.com\/favicon.ico",
                "id": 1,
                "original_url": "https:\/\/www.instructables.com\/id\/Body-ultrasound-Sonography-With-Arduino\/"
            }
        ]
    }
]