[
    {
        "type": "message",
        "text": "Awesome work by <@UKA33T8N9>, congrats! Very impressive setup, nice challenges ahead.. yeay to phase encoding masks and compressed sensing :)",
        "files": [
            {
                "id": "FQZNJEFJ9",
                "created": 1574777035,
                "timestamp": 1574777035,
                "name": "Project_Summary.pdf",
                "title": "Project_Summary.pdf",
                "mimetype": "application\/pdf",
                "filetype": "pdf",
                "pretty_type": "PDF",
                "user": "UKA33T8N9",
                "editable": false,
                "size": 2445017,
                "mode": "hosted",
                "is_external": false,
                "external_type": "",
                "is_public": true,
                "public_url_shared": false,
                "display_as_bot": false,
                "username": "",
                "url_private": "https:\/\/files.slack.com\/files-pri\/T5M5PLH8U-FQZNJEFJ9\/project_summary.pdf?t=xoxe-191193697300-1381062880324-1368140560006-96abaf9fa31dffabf8d2ddd7876c6250",
                "url_private_download": "https:\/\/files.slack.com\/files-pri\/T5M5PLH8U-FQZNJEFJ9\/download\/project_summary.pdf?t=xoxe-191193697300-1381062880324-1368140560006-96abaf9fa31dffabf8d2ddd7876c6250",
                "thumb_pdf": "https:\/\/files.slack.com\/files-tmb\/T5M5PLH8U-FQZNJEFJ9-aea605ee7a\/project_summary_thumb_pdf.png?t=xoxe-191193697300-1381062880324-1368140560006-96abaf9fa31dffabf8d2ddd7876c6250",
                "thumb_pdf_w": 1100,
                "thumb_pdf_h": 825,
                "permalink": "https:\/\/usdevkit.slack.com\/files\/UKA33T8N9\/FQZNJEFJ9\/project_summary.pdf",
                "permalink_public": "https:\/\/slack-files.com\/T5M5PLH8U-FQZNJEFJ9-772b26fb58",
                "is_starred": false,
                "has_rich_preview": false
            }
        ],
        "upload": false,
        "user": "U5M5PLH9S",
        "display_as_bot": false,
        "ts": "1575039018.017500",
        "edited": {
            "user": "U5M5PLH9S",
            "ts": "1575039118.000000"
        },
        "thread_ts": "1575039018.017500",
        "reply_count": 1,
        "reply_users_count": 1,
        "latest_reply": "1575039066.017800",
        "reply_users": [
            "U5M5PLH9S"
        ],
        "replies": [
            {
                "user": "U5M5PLH9S",
                "ts": "1575039066.017800"
            }
        ],
        "subscribed": true,
        "last_read": "1575039066.017800",
        "reactions": [
            {
                "name": "nerd_face",
                "users": [
                    "U5M5PLH9S"
                ],
                "count": 1
            },
            {
                "name": "star-struck",
                "users": [
                    "U5M5PLH9S"
                ],
                "count": 1
            },
            {
                "name": "raised_hands",
                "users": [
                    "U8Z3VB1T2",
                    "UMSBWHMND"
                ],
                "count": 2
            }
        ]
    },
    {
        "client_msg_id": "9be382e6-6f29-4612-83e2-16abd825507c",
        "type": "message",
        "text": "<@UFPCMHBA6> is working in something similar, you should get in touch :)",
        "user": "U5M5PLH9S",
        "ts": "1575039066.017800",
        "team": "T5M5PLH8U",
        "user_team": "T5M5PLH8U",
        "source_team": "T5M5PLH8U",
        "user_profile": {
            "avatar_hash": "e4fb6ae9f526",
            "image_72": "https:\/\/avatars.slack-edge.com\/2017-06-01\/191144530514_e4fb6ae9f526531fd41c_72.jpg",
            "first_name": "",
            "real_name": "kelu",
            "display_name": "",
            "team": "T5M5PLH8U",
            "name": "kelu",
            "is_restricted": false,
            "is_ultra_restricted": false
        },
        "thread_ts": "1575039018.017500",
        "parent_user_id": "U5M5PLH9S"
    }
]