[
    {
        "client_msg_id": "301261c1-531f-4941-ba31-6e4d39915b50",
        "type": "message",
        "text": "<@U5M5PLH9S>  I am using raspberry pi 3 model b+ its okay?",
        "user": "UE3JX8LUT",
        "ts": "1553327369.026300",
        "team": "T5M5PLH8U",
        "user_team": "T5M5PLH8U",
        "source_team": "T5M5PLH8U",
        "user_profile": {
            "avatar_hash": "a9159a929398",
            "image_72": "https:\/\/avatars.slack-edge.com\/2018-11-15\/479026488288_a9159a929398c4006149_72.jpg",
            "first_name": "Fadhli",
            "real_name": "Fadhli",
            "display_name": "Fadhli",
            "team": "T5M5PLH8U",
            "name": "fadhliazinnuddin",
            "is_restricted": false,
            "is_ultra_restricted": false
        },
        "thread_ts": "1551796412.005200",
        "parent_user_id": "UE3JX8LUT"
    },
    {
        "client_msg_id": "39284425-1aef-425d-8d05-c2a753a8236d",
        "type": "message",
        "text": "<http:\/\/ww1.microchip.com\/downloads\/en\/AppNotes\/AN-H59.pdf>",
        "user": "UF0SXEJ0M",
        "ts": "1553379951.026500",
        "team": "T5M5PLH8U",
        "user_team": "T5M5PLH8U",
        "source_team": "T5M5PLH8U",
        "user_profile": {
            "avatar_hash": "caf9f1375af3",
            "image_72": "https:\/\/avatars.slack-edge.com\/2019-02-12\/549018718117_caf9f1375af3bfa9e7a6_72.jpg",
            "first_name": "Sterling",
            "real_name": "Sterling Cooley",
            "display_name": "Sterling",
            "team": "T5M5PLH8U",
            "name": "percyacct2020",
            "is_restricted": false,
            "is_ultra_restricted": false
        },
        "thread_ts": "1552772038.019900",
        "parent_user_id": "U5M5PLH9S"
    },
    {
        "client_msg_id": "2e7dce96-35dd-4dc7-b2cd-f24198fe9cb9",
        "type": "message",
        "text": "That has transformer, but uses the HV9 series, so maybe it's helpful.",
        "user": "UF0SXEJ0M",
        "ts": "1553379996.026700",
        "team": "T5M5PLH8U",
        "user_team": "T5M5PLH8U",
        "source_team": "T5M5PLH8U",
        "user_profile": {
            "avatar_hash": "caf9f1375af3",
            "image_72": "https:\/\/avatars.slack-edge.com\/2019-02-12\/549018718117_caf9f1375af3bfa9e7a6_72.jpg",
            "first_name": "Sterling",
            "real_name": "Sterling Cooley",
            "display_name": "Sterling",
            "team": "T5M5PLH8U",
            "name": "percyacct2020",
            "is_restricted": false,
            "is_ultra_restricted": false
        },
        "thread_ts": "1552772038.019900",
        "parent_user_id": "U5M5PLH9S"
    },
    {
        "client_msg_id": "90a3d9a1-de21-417d-9e81-3af9fdfd12e6",
        "type": "message",
        "text": "Yup",
        "user": "U5M5PLH9S",
        "ts": "1553391039.026900",
        "team": "T5M5PLH8U",
        "user_team": "T5M5PLH8U",
        "source_team": "T5M5PLH8U",
        "user_profile": {
            "avatar_hash": "e4fb6ae9f526",
            "image_72": "https:\/\/avatars.slack-edge.com\/2017-06-01\/191144530514_e4fb6ae9f526531fd41c_72.jpg",
            "first_name": "",
            "real_name": "kelu",
            "display_name": "",
            "team": "T5M5PLH8U",
            "name": "kelu",
            "is_restricted": false,
            "is_ultra_restricted": false
        },
        "thread_ts": "1551796412.005200",
        "parent_user_id": "UE3JX8LUT"
    }
]