[
    {
        "client_msg_id": "b185eded-2dfe-4529-ace9-606370250a30",
        "type": "message",
        "text": "Hello I am a student who is trying to make an ultrasound device. I have an in-progress question. We saved the un0rick board through the site.\n<https:\/\/doc.un0rick.cc>\nI followed the blog to create an ultrasonic device. After completing the operation and connecting it to the Jupiter notebook, the result data will continue to be 0000000 and ask for help. I would like to know what part of the board is jumping and what about the data sheet on the board.",
        "user": "ULYB25AMS",
        "ts": "1564903705.000800",
        "team": "T5M5PLH8U",
        "user_team": "T5M5PLH8U",
        "source_team": "T5M5PLH8U",
        "user_profile": {
            "avatar_hash": "gd49897152a4",
            "image_72": "https:\/\/secure.gravatar.com\/avatar\/bd49897152a4babe660efcb5e4f11c35.jpg?s=72&d=https%3A%2F%2Fa.slack-edge.com%2Fdf10d%2Fimg%2Favatars%2Fava_0002-72.png",
            "first_name": "Kim",
            "real_name": "Kim Jae Sik",
            "display_name": "Kim Jae Sik",
            "team": "T5M5PLH8U",
            "name": "wotlr6427",
            "is_restricted": false,
            "is_ultra_restricted": false
        }
    },
    {
        "type": "message",
        "text": "The board is the board we ordered. I would like to know where to connect the jumper socket and jumpers and the board information.",
        "files": [
            {
                "id": "FM3LLR830",
                "created": 1564903858,
                "timestamp": 1564903858,
                "name": "image.png",
                "title": "image.png",
                "mimetype": "image\/png",
                "filetype": "png",
                "pretty_type": "PNG",
                "user": "ULYB25AMS",
                "editable": false,
                "size": 4432702,
                "mode": "hosted",
                "is_external": false,
                "external_type": "",
                "is_public": true,
                "public_url_shared": false,
                "display_as_bot": false,
                "username": "",
                "url_private": "https:\/\/files.slack.com\/files-pri\/T5M5PLH8U-FM3LLR830\/image.png?t=xoxe-191193697300-1381062880324-1368140560006-96abaf9fa31dffabf8d2ddd7876c6250",
                "url_private_download": "https:\/\/files.slack.com\/files-pri\/T5M5PLH8U-FM3LLR830\/download\/image.png?t=xoxe-191193697300-1381062880324-1368140560006-96abaf9fa31dffabf8d2ddd7876c6250",
                "thumb_64": "https:\/\/files.slack.com\/files-tmb\/T5M5PLH8U-FM3LLR830-8cc11a58a8\/image_64.png?t=xoxe-191193697300-1381062880324-1368140560006-96abaf9fa31dffabf8d2ddd7876c6250",
                "thumb_80": "https:\/\/files.slack.com\/files-tmb\/T5M5PLH8U-FM3LLR830-8cc11a58a8\/image_80.png?t=xoxe-191193697300-1381062880324-1368140560006-96abaf9fa31dffabf8d2ddd7876c6250",
                "thumb_360": "https:\/\/files.slack.com\/files-tmb\/T5M5PLH8U-FM3LLR830-8cc11a58a8\/image_360.png?t=xoxe-191193697300-1381062880324-1368140560006-96abaf9fa31dffabf8d2ddd7876c6250",
                "thumb_360_w": 270,
                "thumb_360_h": 360,
                "thumb_480": "https:\/\/files.slack.com\/files-tmb\/T5M5PLH8U-FM3LLR830-8cc11a58a8\/image_480.png?t=xoxe-191193697300-1381062880324-1368140560006-96abaf9fa31dffabf8d2ddd7876c6250",
                "thumb_480_w": 360,
                "thumb_480_h": 480,
                "thumb_160": "https:\/\/files.slack.com\/files-tmb\/T5M5PLH8U-FM3LLR830-8cc11a58a8\/image_160.png?t=xoxe-191193697300-1381062880324-1368140560006-96abaf9fa31dffabf8d2ddd7876c6250",
                "thumb_720": "https:\/\/files.slack.com\/files-tmb\/T5M5PLH8U-FM3LLR830-8cc11a58a8\/image_720.png?t=xoxe-191193697300-1381062880324-1368140560006-96abaf9fa31dffabf8d2ddd7876c6250",
                "thumb_720_w": 540,
                "thumb_720_h": 720,
                "thumb_800": "https:\/\/files.slack.com\/files-tmb\/T5M5PLH8U-FM3LLR830-8cc11a58a8\/image_800.png?t=xoxe-191193697300-1381062880324-1368140560006-96abaf9fa31dffabf8d2ddd7876c6250",
                "thumb_800_w": 800,
                "thumb_800_h": 1067,
                "thumb_960": "https:\/\/files.slack.com\/files-tmb\/T5M5PLH8U-FM3LLR830-8cc11a58a8\/image_960.png?t=xoxe-191193697300-1381062880324-1368140560006-96abaf9fa31dffabf8d2ddd7876c6250",
                "thumb_960_w": 720,
                "thumb_960_h": 960,
                "thumb_1024": "https:\/\/files.slack.com\/files-tmb\/T5M5PLH8U-FM3LLR830-8cc11a58a8\/image_1024.png?t=xoxe-191193697300-1381062880324-1368140560006-96abaf9fa31dffabf8d2ddd7876c6250",
                "thumb_1024_w": 768,
                "thumb_1024_h": 1024,
                "image_exif_rotation": 1,
                "original_w": 1536,
                "original_h": 2048,
                "permalink": "https:\/\/usdevkit.slack.com\/files\/ULYB25AMS\/FM3LLR830\/image.png",
                "permalink_public": "https:\/\/slack-files.com\/T5M5PLH8U-FM3LLR830-52fbb6504c",
                "is_starred": false,
                "has_rich_preview": false
            }
        ],
        "upload": true,
        "user": "ULYB25AMS",
        "display_as_bot": false,
        "ts": "1564903864.000900",
        "client_msg_id": "c355bc6a-7125-4c50-b496-e697f3201a6f",
        "thread_ts": "1564903864.000900",
        "reply_count": 127,
        "reply_users_count": 2,
        "latest_reply": "1572427551.004000",
        "reply_users": [
            "U5M5PLH9S",
            "ULYB25AMS"
        ],
        "replies": [
            {
                "user": "U5M5PLH9S",
                "ts": "1564906782.001200"
            },
            {
                "user": "U5M5PLH9S",
                "ts": "1564906806.001400"
            },
            {
                "user": "U5M5PLH9S",
                "ts": "1564906933.002200"
            },
            {
                "user": "U5M5PLH9S",
                "ts": "1564906975.002400"
            },
            {
                "user": "U5M5PLH9S",
                "ts": "1564909878.002900"
            },
            {
                "user": "U5M5PLH9S",
                "ts": "1564915941.003500"
            },
            {
                "user": "ULYB25AMS",
                "ts": "1565004782.004300"
            },
            {
                "user": "ULYB25AMS",
                "ts": "1565124864.005000"
            },
            {
                "user": "ULYB25AMS",
                "ts": "1565125106.005400"
            },
            {
                "user": "U5M5PLH9S",
                "ts": "1565185471.005800"
            },
            {
                "user": "U5M5PLH9S",
                "ts": "1565185486.006000"
            },
            {
                "user": "U5M5PLH9S",
                "ts": "1565185514.006200"
            },
            {
                "user": "U5M5PLH9S",
                "ts": "1565185522.006400"
            },
            {
                "user": "U5M5PLH9S",
                "ts": "1565185566.006600"
            },
            {
                "user": "U5M5PLH9S",
                "ts": "1565185593.006800"
            },
            {
                "user": "U5M5PLH9S",
                "ts": "1565185623.007000"
            },
            {
                "user": "U5M5PLH9S",
                "ts": "1565185642.007200"
            },
            {
                "user": "U5M5PLH9S",
                "ts": "1565185731.007400"
            },
            {
                "user": "ULYB25AMS",
                "ts": "1565254872.007600"
            },
            {
                "user": "ULYB25AMS",
                "ts": "1565254934.007800"
            },
            {
                "user": "U5M5PLH9S",
                "ts": "1565254940.008200"
            },
            {
                "user": "ULYB25AMS",
                "ts": "1565254979.008400"
            },
            {
                "user": "U5M5PLH9S",
                "ts": "1565254986.008800"
            },
            {
                "user": "U5M5PLH9S",
                "ts": "1565255085.009000"
            },
            {
                "user": "ULYB25AMS",
                "ts": "1565255148.009200"
            },
            {
                "user": "ULYB25AMS",
                "ts": "1565255421.009400"
            },
            {
                "user": "ULYB25AMS",
                "ts": "1565255445.009600"
            },
            {
                "user": "U5M5PLH9S",
                "ts": "1565255735.010000"
            },
            {
                "user": "ULYB25AMS",
                "ts": "1565255750.010200"
            },
            {
                "user": "U5M5PLH9S",
                "ts": "1565255761.010600"
            },
            {
                "user": "ULYB25AMS",
                "ts": "1565255879.010800"
            },
            {
                "user": "U5M5PLH9S",
                "ts": "1565256809.011000"
            },
            {
                "user": "U5M5PLH9S",
                "ts": "1565256841.011200"
            },
            {
                "user": "U5M5PLH9S",
                "ts": "1565256859.011400"
            },
            {
                "user": "U5M5PLH9S",
                "ts": "1565256890.011600"
            },
            {
                "user": "U5M5PLH9S",
                "ts": "1565256952.011800"
            },
            {
                "user": "U5M5PLH9S",
                "ts": "1565257066.012000"
            },
            {
                "user": "U5M5PLH9S",
                "ts": "1565257068.012200"
            },
            {
                "user": "U5M5PLH9S",
                "ts": "1565257156.012400"
            },
            {
                "user": "U5M5PLH9S",
                "ts": "1565257168.012600"
            },
            {
                "user": "U5M5PLH9S",
                "ts": "1565257170.012800"
            },
            {
                "user": "U5M5PLH9S",
                "ts": "1565257198.013000"
            },
            {
                "user": "ULYB25AMS",
                "ts": "1565335872.013400"
            },
            {
                "user": "ULYB25AMS",
                "ts": "1565335911.013800"
            },
            {
                "user": "U5M5PLH9S",
                "ts": "1565338084.014000"
            },
            {
                "user": "U5M5PLH9S",
                "ts": "1565338152.014200"
            },
            {
                "user": "U5M5PLH9S",
                "ts": "1565338194.014400"
            },
            {
                "user": "U5M5PLH9S",
                "ts": "1565338221.014600"
            },
            {
                "user": "U5M5PLH9S",
                "ts": "1565338232.014800"
            },
            {
                "user": "U5M5PLH9S",
                "ts": "1565338240.015000"
            },
            {
                "user": "U5M5PLH9S",
                "ts": "1565338276.015200"
            },
            {
                "user": "ULYB25AMS",
                "ts": "1565339217.015400"
            },
            {
                "user": "ULYB25AMS",
                "ts": "1565339272.015800"
            },
            {
                "user": "U5M5PLH9S",
                "ts": "1565339308.016200"
            },
            {
                "user": "U5M5PLH9S",
                "ts": "1565339330.016400"
            },
            {
                "user": "U5M5PLH9S",
                "ts": "1565339355.016600"
            },
            {
                "user": "U5M5PLH9S",
                "ts": "1565339401.016800"
            },
            {
                "user": "ULYB25AMS",
                "ts": "1565342390.017000"
            },
            {
                "user": "U5M5PLH9S",
                "ts": "1565342434.017400"
            },
            {
                "user": "U5M5PLH9S",
                "ts": "1565342438.017600"
            },
            {
                "user": "U5M5PLH9S",
                "ts": "1565342451.017800"
            },
            {
                "user": "U5M5PLH9S",
                "ts": "1565342495.018000"
            },
            {
                "user": "U5M5PLH9S",
                "ts": "1565342771.018200"
            },
            {
                "user": "ULYB25AMS",
                "ts": "1565343079.018400"
            },
            {
                "user": "U5M5PLH9S",
                "ts": "1565343954.018600"
            },
            {
                "user": "U5M5PLH9S",
                "ts": "1565343968.018800"
            },
            {
                "user": "ULYB25AMS",
                "ts": "1565354147.019300"
            },
            {
                "user": "U5M5PLH9S",
                "ts": "1565360107.019500"
            },
            {
                "user": "ULYB25AMS",
                "ts": "1565684007.022500"
            },
            {
                "user": "ULYB25AMS",
                "ts": "1565684148.023300"
            },
            {
                "user": "ULYB25AMS",
                "ts": "1565685032.023500"
            },
            {
                "user": "U5M5PLH9S",
                "ts": "1565691431.023900"
            },
            {
                "user": "U5M5PLH9S",
                "ts": "1565691445.024100"
            },
            {
                "user": "ULYB25AMS",
                "ts": "1565770071.024500"
            },
            {
                "user": "U5M5PLH9S",
                "ts": "1565771454.024700"
            },
            {
                "user": "U5M5PLH9S",
                "ts": "1565771549.024900"
            },
            {
                "user": "U5M5PLH9S",
                "ts": "1565771680.025100"
            },
            {
                "user": "U5M5PLH9S",
                "ts": "1565771805.025300"
            },
            {
                "user": "U5M5PLH9S",
                "ts": "1565771859.025500"
            },
            {
                "user": "U5M5PLH9S",
                "ts": "1565771875.025700"
            },
            {
                "user": "ULYB25AMS",
                "ts": "1565777158.025900"
            },
            {
                "user": "ULYB25AMS",
                "ts": "1565777361.026700"
            },
            {
                "user": "U5M5PLH9S",
                "ts": "1565780714.027100"
            },
            {
                "user": "U5M5PLH9S",
                "ts": "1565780749.027300"
            },
            {
                "user": "ULYB25AMS",
                "ts": "1566200338.029300"
            },
            {
                "user": "ULYB25AMS",
                "ts": "1566200468.029700"
            },
            {
                "user": "U5M5PLH9S",
                "ts": "1566200689.030100"
            },
            {
                "user": "ULYB25AMS",
                "ts": "1566201529.030300"
            },
            {
                "user": "U5M5PLH9S",
                "ts": "1566203868.030500"
            },
            {
                "user": "ULYB25AMS",
                "ts": "1566204292.030800"
            },
            {
                "user": "ULYB25AMS",
                "ts": "1566204765.031200"
            },
            {
                "user": "U5M5PLH9S",
                "ts": "1566204906.031600"
            },
            {
                "user": "U5M5PLH9S",
                "ts": "1566206500.031800"
            },
            {
                "user": "U5M5PLH9S",
                "ts": "1566212492.032000"
            },
            {
                "user": "U5M5PLH9S",
                "ts": "1566283597.032600"
            },
            {
                "user": "ULYB25AMS",
                "ts": "1566288243.032800"
            },
            {
                "user": "U5M5PLH9S",
                "ts": "1566290553.033000"
            },
            {
                "user": "ULYB25AMS",
                "ts": "1566291283.033200"
            },
            {
                "user": "U5M5PLH9S",
                "ts": "1566292838.033600"
            },
            {
                "user": "U5M5PLH9S",
                "ts": "1566294522.034000"
            },
            {
                "user": "ULYB25AMS",
                "ts": "1566372434.034200"
            },
            {
                "user": "U5M5PLH9S",
                "ts": "1566374171.034400"
            },
            {
                "user": "U5M5PLH9S",
                "ts": "1566374419.034600"
            },
            {
                "user": "U5M5PLH9S",
                "ts": "1566374447.034800"
            },
            {
                "user": "ULYB25AMS",
                "ts": "1566463014.035000"
            },
            {
                "user": "ULYB25AMS",
                "ts": "1569558880.003900"
            },
            {
                "user": "ULYB25AMS",
                "ts": "1569558900.004100"
            },
            {
                "user": "U5M5PLH9S",
                "ts": "1569604644.004300"
            },
            {
                "user": "U5M5PLH9S",
                "ts": "1569604713.004500"
            },
            {
                "user": "U5M5PLH9S",
                "ts": "1569604802.004700"
            },
            {
                "user": "ULYB25AMS",
                "ts": "1569832500.005100"
            },
            {
                "user": "ULYB25AMS",
                "ts": "1569832638.005500"
            },
            {
                "user": "U5M5PLH9S",
                "ts": "1569834013.005700"
            },
            {
                "user": "ULYB25AMS",
                "ts": "1570438384.006400"
            },
            {
                "user": "ULYB25AMS",
                "ts": "1570438404.006600"
            },
            {
                "user": "ULYB25AMS",
                "ts": "1570438476.007000"
            },
            {
                "user": "U5M5PLH9S",
                "ts": "1570525286.007400"
            },
            {
                "user": "U5M5PLH9S",
                "ts": "1570649581.000100"
            },
            {
                "user": "ULYB25AMS",
                "ts": "1571205794.000300"
            },
            {
                "user": "ULYB25AMS",
                "ts": "1572311572.002100"
            },
            {
                "user": "U5M5PLH9S",
                "ts": "1572324533.002300"
            },
            {
                "user": "U5M5PLH9S",
                "ts": "1572324550.002500"
            },
            {
                "user": "ULYB25AMS",
                "ts": "1572405623.003000"
            },
            {
                "user": "ULYB25AMS",
                "ts": "1572405636.003200"
            },
            {
                "user": "U5M5PLH9S",
                "ts": "1572420022.003600"
            },
            {
                "user": "U5M5PLH9S",
                "ts": "1572420055.003800"
            },
            {
                "user": "ULYB25AMS",
                "ts": "1572427551.004000"
            }
        ],
        "subscribed": true,
        "last_read": "1572427551.004000"
    },
    {
        "client_msg_id": "3842d308-1ec1-4e46-ba9f-87b65922b5f3",
        "type": "message",
        "text": "With pleasure.",
        "user": "U5M5PLH9S",
        "ts": "1564906782.001200",
        "team": "T5M5PLH8U",
        "user_team": "T5M5PLH8U",
        "source_team": "T5M5PLH8U",
        "user_profile": {
            "avatar_hash": "e4fb6ae9f526",
            "image_72": "https:\/\/avatars.slack-edge.com\/2017-06-01\/191144530514_e4fb6ae9f526531fd41c_72.jpg",
            "first_name": "",
            "real_name": "kelu",
            "display_name": "",
            "team": "T5M5PLH8U",
            "name": "kelu",
            "is_restricted": false,
            "is_ultra_restricted": false
        },
        "thread_ts": "1564903864.000900",
        "parent_user_id": "ULYB25AMS"
    },
    {
        "client_msg_id": "55ee51b3-f906-4be3-8b6d-71d7fb03bde0",
        "type": "message",
        "text": "Can you share a picture of your setup with raspberry attached ?",
        "user": "U5M5PLH9S",
        "ts": "1564906806.001400",
        "team": "T5M5PLH8U",
        "user_team": "T5M5PLH8U",
        "source_team": "T5M5PLH8U",
        "user_profile": {
            "avatar_hash": "e4fb6ae9f526",
            "image_72": "https:\/\/avatars.slack-edge.com\/2017-06-01\/191144530514_e4fb6ae9f526531fd41c_72.jpg",
            "first_name": "",
            "real_name": "kelu",
            "display_name": "",
            "team": "T5M5PLH8U",
            "name": "kelu",
            "is_restricted": false,
            "is_ultra_restricted": false
        },
        "edited": {
            "user": "U5M5PLH9S",
            "ts": "1564906812.000000"
        },
        "thread_ts": "1564903864.000900",
        "parent_user_id": "ULYB25AMS"
    },
    {
        "client_msg_id": "748a0fb6-68b5-4105-acdf-2374b848aaf4",
        "type": "message",
        "text": "Have you already flashed the fpga?",
        "user": "U5M5PLH9S",
        "ts": "1564906933.002200",
        "team": "T5M5PLH8U",
        "user_team": "T5M5PLH8U",
        "source_team": "T5M5PLH8U",
        "user_profile": {
            "avatar_hash": "e4fb6ae9f526",
            "image_72": "https:\/\/avatars.slack-edge.com\/2017-06-01\/191144530514_e4fb6ae9f526531fd41c_72.jpg",
            "first_name": "",
            "real_name": "kelu",
            "display_name": "",
            "team": "T5M5PLH8U",
            "name": "kelu",
            "is_restricted": false,
            "is_ultra_restricted": false
        },
        "thread_ts": "1564903864.000900",
        "parent_user_id": "ULYB25AMS"
    },
    {
        "client_msg_id": "7ce96f90-28d8-4092-878e-b12b1926e2c2",
        "type": "message",
        "text": "Will be doing a short vid",
        "user": "U5M5PLH9S",
        "ts": "1564906975.002400",
        "team": "T5M5PLH8U",
        "user_team": "T5M5PLH8U",
        "source_team": "T5M5PLH8U",
        "user_profile": {
            "avatar_hash": "e4fb6ae9f526",
            "image_72": "https:\/\/avatars.slack-edge.com\/2017-06-01\/191144530514_e4fb6ae9f526531fd41c_72.jpg",
            "first_name": "",
            "real_name": "kelu",
            "display_name": "",
            "team": "T5M5PLH8U",
            "name": "kelu",
            "is_restricted": false,
            "is_ultra_restricted": false
        },
        "thread_ts": "1564903864.000900",
        "parent_user_id": "ULYB25AMS"
    },
    {
        "type": "message",
        "subtype": "thread_broadcast",
        "text": "Vidéo is here <https:\/\/youtu.be\/rv-Ag_TcnP8> and data of the experiement is published here : <https:\/\/github.com\/kelu124\/echomods\/tree\/master\/matty\/20190804a> . Could of be interest to <@UCA6DTFLK>, <@UKA33T8N9> too ?",
        "user": "U5M5PLH9S",
        "ts": "1564909878.002900",
        "thread_ts": "1564903864.000900",
        "root": {
            "type": "message",
            "text": "The board is the board we ordered. I would like to know where to connect the jumper socket and jumpers and the board information.",
            "files": [
                {
                    "id": "FM3LLR830",
                    "created": 1564903858,
                    "timestamp": 1564903858,
                    "name": "image.png",
                    "title": "image.png",
                    "mimetype": "image\/png",
                    "filetype": "png",
                    "pretty_type": "PNG",
                    "user": "ULYB25AMS",
                    "editable": false,
                    "size": 4432702,
                    "mode": "hosted",
                    "is_external": false,
                    "external_type": "",
                    "is_public": true,
                    "public_url_shared": false,
                    "display_as_bot": false,
                    "username": "",
                    "url_private": "https:\/\/files.slack.com\/files-pri\/T5M5PLH8U-FM3LLR830\/image.png?t=xoxe-191193697300-1381062880324-1368140560006-96abaf9fa31dffabf8d2ddd7876c6250",
                    "url_private_download": "https:\/\/files.slack.com\/files-pri\/T5M5PLH8U-FM3LLR830\/download\/image.png?t=xoxe-191193697300-1381062880324-1368140560006-96abaf9fa31dffabf8d2ddd7876c6250",
                    "thumb_64": "https:\/\/files.slack.com\/files-tmb\/T5M5PLH8U-FM3LLR830-8cc11a58a8\/image_64.png?t=xoxe-191193697300-1381062880324-1368140560006-96abaf9fa31dffabf8d2ddd7876c6250",
                    "thumb_80": "https:\/\/files.slack.com\/files-tmb\/T5M5PLH8U-FM3LLR830-8cc11a58a8\/image_80.png?t=xoxe-191193697300-1381062880324-1368140560006-96abaf9fa31dffabf8d2ddd7876c6250",
                    "thumb_360": "https:\/\/files.slack.com\/files-tmb\/T5M5PLH8U-FM3LLR830-8cc11a58a8\/image_360.png?t=xoxe-191193697300-1381062880324-1368140560006-96abaf9fa31dffabf8d2ddd7876c6250",
                    "thumb_360_w": 270,
                    "thumb_360_h": 360,
                    "thumb_480": "https:\/\/files.slack.com\/files-tmb\/T5M5PLH8U-FM3LLR830-8cc11a58a8\/image_480.png?t=xoxe-191193697300-1381062880324-1368140560006-96abaf9fa31dffabf8d2ddd7876c6250",
                    "thumb_480_w": 360,
                    "thumb_480_h": 480,
                    "thumb_160": "https:\/\/files.slack.com\/files-tmb\/T5M5PLH8U-FM3LLR830-8cc11a58a8\/image_160.png?t=xoxe-191193697300-1381062880324-1368140560006-96abaf9fa31dffabf8d2ddd7876c6250",
                    "thumb_720": "https:\/\/files.slack.com\/files-tmb\/T5M5PLH8U-FM3LLR830-8cc11a58a8\/image_720.png?t=xoxe-191193697300-1381062880324-1368140560006-96abaf9fa31dffabf8d2ddd7876c6250",
                    "thumb_720_w": 540,
                    "thumb_720_h": 720,
                    "thumb_800": "https:\/\/files.slack.com\/files-tmb\/T5M5PLH8U-FM3LLR830-8cc11a58a8\/image_800.png?t=xoxe-191193697300-1381062880324-1368140560006-96abaf9fa31dffabf8d2ddd7876c6250",
                    "thumb_800_w": 800,
                    "thumb_800_h": 1067,
                    "thumb_960": "https:\/\/files.slack.com\/files-tmb\/T5M5PLH8U-FM3LLR830-8cc11a58a8\/image_960.png?t=xoxe-191193697300-1381062880324-1368140560006-96abaf9fa31dffabf8d2ddd7876c6250",
                    "thumb_960_w": 720,
                    "thumb_960_h": 960,
                    "thumb_1024": "https:\/\/files.slack.com\/files-tmb\/T5M5PLH8U-FM3LLR830-8cc11a58a8\/image_1024.png?t=xoxe-191193697300-1381062880324-1368140560006-96abaf9fa31dffabf8d2ddd7876c6250",
                    "thumb_1024_w": 768,
                    "thumb_1024_h": 1024,
                    "image_exif_rotation": 1,
                    "original_w": 1536,
                    "original_h": 2048,
                    "permalink": "https:\/\/usdevkit.slack.com\/files\/ULYB25AMS\/FM3LLR830\/image.png",
                    "permalink_public": "https:\/\/slack-files.com\/T5M5PLH8U-FM3LLR830-52fbb6504c",
                    "is_starred": false,
                    "has_rich_preview": false
                }
            ],
            "upload": true,
            "user": "ULYB25AMS",
            "display_as_bot": false,
            "ts": "1564903864.000900",
            "client_msg_id": "c355bc6a-7125-4c50-b496-e697f3201a6f",
            "thread_ts": "1564903864.000900",
            "reply_count": 127,
            "reply_users_count": 2,
            "latest_reply": "1572427551.004000",
            "reply_users": [
                "U5M5PLH9S",
                "ULYB25AMS"
            ],
            "subscribed": true,
            "last_read": "1572427551.004000"
        },
        "attachments": [
            {
                "service_name": "YouTube",
                "service_url": "https:\/\/www.youtube.com\/",
                "title": "Un0rick v1.1",
                "title_link": "https:\/\/youtu.be\/rv-Ag_TcnP8",
                "author_name": "Luc Jonveaux",
                "author_link": "https:\/\/www.youtube.com\/channel\/UCEgX33CT68gAJ4lsAeaxyZQ",
                "thumb_url": "https:\/\/i.ytimg.com\/vi\/rv-Ag_TcnP8\/hqdefault.jpg",
                "thumb_width": 480,
                "thumb_height": 360,
                "fallback": "YouTube Video: Un0rick v1.1",
                "video_html": "<iframe width=\"400\" height=\"225\" src=\"https:\/\/www.youtube.com\/embed\/rv-Ag_TcnP8?feature=oembed&autoplay=1&iv_load_policy=3\" frameborder=\"0\" allow=\"accelerometer; autoplay; encrypted-media; gyroscope; picture-in-picture\" allowfullscreen><\/iframe>",
                "video_html_width": 400,
                "video_html_height": 225,
                "from_url": "https:\/\/youtu.be\/rv-Ag_TcnP8",
                "service_icon": "https:\/\/a.slack-edge.com\/2089\/img\/unfurl_icons\/youtube.png",
                "id": 1,
                "original_url": "https:\/\/youtu.be\/rv-Ag_TcnP8"
            }
        ],
        "client_msg_id": "a9bcb0f8-8735-4e2b-953d-910600ed8e65"
    },
    {
        "client_msg_id": "29b301b7-7df8-4fdc-bae8-2b7b6aa55c7d",
        "type": "message",
        "text": "Please note the position of the jumpers: yellow to allow the raspberry pi to control the board, and the green to select the high voltage level for the pulser.",
        "user": "U5M5PLH9S",
        "ts": "1564915941.003500",
        "team": "T5M5PLH8U",
        "user_team": "T5M5PLH8U",
        "source_team": "T5M5PLH8U",
        "user_profile": {
            "avatar_hash": "e4fb6ae9f526",
            "image_72": "https:\/\/avatars.slack-edge.com\/2017-06-01\/191144530514_e4fb6ae9f526531fd41c_72.jpg",
            "first_name": "",
            "real_name": "kelu",
            "display_name": "",
            "team": "T5M5PLH8U",
            "name": "kelu",
            "is_restricted": false,
            "is_ultra_restricted": false
        },
        "thread_ts": "1564903864.000900",
        "parent_user_id": "ULYB25AMS"
    }
]