[
    {
        "type": "message",
        "text": "Good evening <!channel>! Another challenge too :smiley:\nWorking with a NDT 5MHz transducer, dual elements, different TX and RX path (and thats weird, it seems to be separate the elements are separate). Anyhow, I'm listening to echoes now from a steel calibration block, and I guess this spectral content: two mountains, one at 5.2MHz with 60% bw, the other at 2.4MHz, 100% bw.\n-&gt; Is this regular behavior ?",
        "files": [
            {
                "id": "FH71V0CKB",
                "created": 1553895559,
                "timestamp": 1553895559,
                "name": "NDT.png",
                "title": "NDT.png",
                "mimetype": "image\/png",
                "filetype": "png",
                "pretty_type": "PNG",
                "user": "U5M5PLH9S",
                "editable": false,
                "size": 16527,
                "mode": "hosted",
                "is_external": false,
                "external_type": "",
                "is_public": true,
                "public_url_shared": false,
                "display_as_bot": false,
                "username": "",
                "url_private": "https:\/\/files.slack.com\/files-pri\/T5M5PLH8U-FH71V0CKB\/ndt.png?t=xoxe-191193697300-1381062880324-1368140560006-96abaf9fa31dffabf8d2ddd7876c6250",
                "url_private_download": "https:\/\/files.slack.com\/files-pri\/T5M5PLH8U-FH71V0CKB\/download\/ndt.png?t=xoxe-191193697300-1381062880324-1368140560006-96abaf9fa31dffabf8d2ddd7876c6250",
                "thumb_64": "https:\/\/files.slack.com\/files-tmb\/T5M5PLH8U-FH71V0CKB-154077f707\/ndt_64.png?t=xoxe-191193697300-1381062880324-1368140560006-96abaf9fa31dffabf8d2ddd7876c6250",
                "thumb_80": "https:\/\/files.slack.com\/files-tmb\/T5M5PLH8U-FH71V0CKB-154077f707\/ndt_80.png?t=xoxe-191193697300-1381062880324-1368140560006-96abaf9fa31dffabf8d2ddd7876c6250",
                "thumb_360": "https:\/\/files.slack.com\/files-tmb\/T5M5PLH8U-FH71V0CKB-154077f707\/ndt_360.png?t=xoxe-191193697300-1381062880324-1368140560006-96abaf9fa31dffabf8d2ddd7876c6250",
                "thumb_360_w": 360,
                "thumb_360_h": 118,
                "thumb_480": "https:\/\/files.slack.com\/files-tmb\/T5M5PLH8U-FH71V0CKB-154077f707\/ndt_480.png?t=xoxe-191193697300-1381062880324-1368140560006-96abaf9fa31dffabf8d2ddd7876c6250",
                "thumb_480_w": 480,
                "thumb_480_h": 158,
                "thumb_160": "https:\/\/files.slack.com\/files-tmb\/T5M5PLH8U-FH71V0CKB-154077f707\/ndt_160.png?t=xoxe-191193697300-1381062880324-1368140560006-96abaf9fa31dffabf8d2ddd7876c6250",
                "thumb_720": "https:\/\/files.slack.com\/files-tmb\/T5M5PLH8U-FH71V0CKB-154077f707\/ndt_720.png?t=xoxe-191193697300-1381062880324-1368140560006-96abaf9fa31dffabf8d2ddd7876c6250",
                "thumb_720_w": 720,
                "thumb_720_h": 236,
                "thumb_800": "https:\/\/files.slack.com\/files-tmb\/T5M5PLH8U-FH71V0CKB-154077f707\/ndt_800.png?t=xoxe-191193697300-1381062880324-1368140560006-96abaf9fa31dffabf8d2ddd7876c6250",
                "thumb_800_w": 800,
                "thumb_800_h": 263,
                "thumb_960": "https:\/\/files.slack.com\/files-tmb\/T5M5PLH8U-FH71V0CKB-154077f707\/ndt_960.png?t=xoxe-191193697300-1381062880324-1368140560006-96abaf9fa31dffabf8d2ddd7876c6250",
                "thumb_960_w": 960,
                "thumb_960_h": 315,
                "thumb_1024": "https:\/\/files.slack.com\/files-tmb\/T5M5PLH8U-FH71V0CKB-154077f707\/ndt_1024.png?t=xoxe-191193697300-1381062880324-1368140560006-96abaf9fa31dffabf8d2ddd7876c6250",
                "thumb_1024_w": 1024,
                "thumb_1024_h": 336,
                "image_exif_rotation": 1,
                "original_w": 1072,
                "original_h": 352,
                "permalink": "https:\/\/usdevkit.slack.com\/files\/U5M5PLH9S\/FH71V0CKB\/ndt.png",
                "permalink_public": "https:\/\/slack-files.com\/T5M5PLH8U-FH71V0CKB-8dc438f33e",
                "is_starred": false,
                "has_rich_preview": false
            }
        ],
        "upload": true,
        "user": "U5M5PLH9S",
        "display_as_bot": false,
        "ts": "1553895562.000500",
        "client_msg_id": "1b4939bd-5bae-4580-98ac-e629a54ad778",
        "thread_ts": "1553895562.000500",
        "reply_count": 3,
        "reply_users_count": 2,
        "latest_reply": "1554138689.003300",
        "reply_users": [
            "U5M5PLH9S",
            "U8Z3VB1T2"
        ],
        "replies": [
            {
                "user": "U5M5PLH9S",
                "ts": "1553895657.000800"
            },
            {
                "user": "U8Z3VB1T2",
                "ts": "1554136360.003100"
            },
            {
                "user": "U5M5PLH9S",
                "ts": "1554138689.003300"
            }
        ],
        "subscribed": true,
        "last_read": "1554138689.003300"
    },
    {
        "type": "message",
        "text": "And here's an echo, with raw signal and different components. That seems fine, but I can not explain this strange f\/2 component... usually we're more looking at harmonics, here is the opposite.",
        "files": [
            {
                "id": "FHG3DUV5K",
                "created": 1553895654,
                "timestamp": 1553895654,
                "name": "NDT_details.png",
                "title": "NDT_details.png",
                "mimetype": "image\/png",
                "filetype": "png",
                "pretty_type": "PNG",
                "user": "U5M5PLH9S",
                "editable": false,
                "size": 42678,
                "mode": "hosted",
                "is_external": false,
                "external_type": "",
                "is_public": true,
                "public_url_shared": false,
                "display_as_bot": false,
                "username": "",
                "url_private": "https:\/\/files.slack.com\/files-pri\/T5M5PLH8U-FHG3DUV5K\/ndt_details.png?t=xoxe-191193697300-1381062880324-1368140560006-96abaf9fa31dffabf8d2ddd7876c6250",
                "url_private_download": "https:\/\/files.slack.com\/files-pri\/T5M5PLH8U-FHG3DUV5K\/download\/ndt_details.png?t=xoxe-191193697300-1381062880324-1368140560006-96abaf9fa31dffabf8d2ddd7876c6250",
                "thumb_64": "https:\/\/files.slack.com\/files-tmb\/T5M5PLH8U-FHG3DUV5K-bf1bbfca93\/ndt_details_64.png?t=xoxe-191193697300-1381062880324-1368140560006-96abaf9fa31dffabf8d2ddd7876c6250",
                "thumb_80": "https:\/\/files.slack.com\/files-tmb\/T5M5PLH8U-FHG3DUV5K-bf1bbfca93\/ndt_details_80.png?t=xoxe-191193697300-1381062880324-1368140560006-96abaf9fa31dffabf8d2ddd7876c6250",
                "thumb_360": "https:\/\/files.slack.com\/files-tmb\/T5M5PLH8U-FHG3DUV5K-bf1bbfca93\/ndt_details_360.png?t=xoxe-191193697300-1381062880324-1368140560006-96abaf9fa31dffabf8d2ddd7876c6250",
                "thumb_360_w": 360,
                "thumb_360_h": 123,
                "thumb_480": "https:\/\/files.slack.com\/files-tmb\/T5M5PLH8U-FHG3DUV5K-bf1bbfca93\/ndt_details_480.png?t=xoxe-191193697300-1381062880324-1368140560006-96abaf9fa31dffabf8d2ddd7876c6250",
                "thumb_480_w": 480,
                "thumb_480_h": 164,
                "thumb_160": "https:\/\/files.slack.com\/files-tmb\/T5M5PLH8U-FHG3DUV5K-bf1bbfca93\/ndt_details_160.png?t=xoxe-191193697300-1381062880324-1368140560006-96abaf9fa31dffabf8d2ddd7876c6250",
                "thumb_720": "https:\/\/files.slack.com\/files-tmb\/T5M5PLH8U-FHG3DUV5K-bf1bbfca93\/ndt_details_720.png?t=xoxe-191193697300-1381062880324-1368140560006-96abaf9fa31dffabf8d2ddd7876c6250",
                "thumb_720_w": 720,
                "thumb_720_h": 247,
                "thumb_800": "https:\/\/files.slack.com\/files-tmb\/T5M5PLH8U-FHG3DUV5K-bf1bbfca93\/ndt_details_800.png?t=xoxe-191193697300-1381062880324-1368140560006-96abaf9fa31dffabf8d2ddd7876c6250",
                "thumb_800_w": 800,
                "thumb_800_h": 274,
                "image_exif_rotation": 1,
                "original_w": 893,
                "original_h": 306,
                "permalink": "https:\/\/usdevkit.slack.com\/files\/U5M5PLH9S\/FHG3DUV5K\/ndt_details.png",
                "permalink_public": "https:\/\/slack-files.com\/T5M5PLH8U-FHG3DUV5K-09c2b78b4c",
                "is_starred": false,
                "has_rich_preview": false
            }
        ],
        "upload": true,
        "user": "U5M5PLH9S",
        "display_as_bot": false,
        "ts": "1553895657.000800",
        "edited": {
            "user": "U5M5PLH9S",
            "ts": "1553931260.000000"
        },
        "client_msg_id": "2ca2d3f5-dbcb-4921-b031-a3f5f9f6fa2e",
        "thread_ts": "1553895562.000500",
        "parent_user_id": "U5M5PLH9S",
        "subtype": "thread_broadcast",
        "root": {
            "type": "message",
            "text": "Good evening <!channel>! Another challenge too :smiley:\nWorking with a NDT 5MHz transducer, dual elements, different TX and RX path (and thats weird, it seems to be separate the elements are separate). Anyhow, I'm listening to echoes now from a steel calibration block, and I guess this spectral content: two mountains, one at 5.2MHz with 60% bw, the other at 2.4MHz, 100% bw.\n-&gt; Is this regular behavior ?",
            "files": [
                {
                    "id": "FH71V0CKB",
                    "created": 1553895559,
                    "timestamp": 1553895559,
                    "name": "NDT.png",
                    "title": "NDT.png",
                    "mimetype": "image\/png",
                    "filetype": "png",
                    "pretty_type": "PNG",
                    "user": "U5M5PLH9S",
                    "editable": false,
                    "size": 16527,
                    "mode": "hosted",
                    "is_external": false,
                    "external_type": "",
                    "is_public": true,
                    "public_url_shared": false,
                    "display_as_bot": false,
                    "username": "",
                    "url_private": "https:\/\/files.slack.com\/files-pri\/T5M5PLH8U-FH71V0CKB\/ndt.png?t=xoxe-191193697300-1381062880324-1368140560006-96abaf9fa31dffabf8d2ddd7876c6250",
                    "url_private_download": "https:\/\/files.slack.com\/files-pri\/T5M5PLH8U-FH71V0CKB\/download\/ndt.png?t=xoxe-191193697300-1381062880324-1368140560006-96abaf9fa31dffabf8d2ddd7876c6250",
                    "thumb_64": "https:\/\/files.slack.com\/files-tmb\/T5M5PLH8U-FH71V0CKB-154077f707\/ndt_64.png?t=xoxe-191193697300-1381062880324-1368140560006-96abaf9fa31dffabf8d2ddd7876c6250",
                    "thumb_80": "https:\/\/files.slack.com\/files-tmb\/T5M5PLH8U-FH71V0CKB-154077f707\/ndt_80.png?t=xoxe-191193697300-1381062880324-1368140560006-96abaf9fa31dffabf8d2ddd7876c6250",
                    "thumb_360": "https:\/\/files.slack.com\/files-tmb\/T5M5PLH8U-FH71V0CKB-154077f707\/ndt_360.png?t=xoxe-191193697300-1381062880324-1368140560006-96abaf9fa31dffabf8d2ddd7876c6250",
                    "thumb_360_w": 360,
                    "thumb_360_h": 118,
                    "thumb_480": "https:\/\/files.slack.com\/files-tmb\/T5M5PLH8U-FH71V0CKB-154077f707\/ndt_480.png?t=xoxe-191193697300-1381062880324-1368140560006-96abaf9fa31dffabf8d2ddd7876c6250",
                    "thumb_480_w": 480,
                    "thumb_480_h": 158,
                    "thumb_160": "https:\/\/files.slack.com\/files-tmb\/T5M5PLH8U-FH71V0CKB-154077f707\/ndt_160.png?t=xoxe-191193697300-1381062880324-1368140560006-96abaf9fa31dffabf8d2ddd7876c6250",
                    "thumb_720": "https:\/\/files.slack.com\/files-tmb\/T5M5PLH8U-FH71V0CKB-154077f707\/ndt_720.png?t=xoxe-191193697300-1381062880324-1368140560006-96abaf9fa31dffabf8d2ddd7876c6250",
                    "thumb_720_w": 720,
                    "thumb_720_h": 236,
                    "thumb_800": "https:\/\/files.slack.com\/files-tmb\/T5M5PLH8U-FH71V0CKB-154077f707\/ndt_800.png?t=xoxe-191193697300-1381062880324-1368140560006-96abaf9fa31dffabf8d2ddd7876c6250",
                    "thumb_800_w": 800,
                    "thumb_800_h": 263,
                    "thumb_960": "https:\/\/files.slack.com\/files-tmb\/T5M5PLH8U-FH71V0CKB-154077f707\/ndt_960.png?t=xoxe-191193697300-1381062880324-1368140560006-96abaf9fa31dffabf8d2ddd7876c6250",
                    "thumb_960_w": 960,
                    "thumb_960_h": 315,
                    "thumb_1024": "https:\/\/files.slack.com\/files-tmb\/T5M5PLH8U-FH71V0CKB-154077f707\/ndt_1024.png?t=xoxe-191193697300-1381062880324-1368140560006-96abaf9fa31dffabf8d2ddd7876c6250",
                    "thumb_1024_w": 1024,
                    "thumb_1024_h": 336,
                    "image_exif_rotation": 1,
                    "original_w": 1072,
                    "original_h": 352,
                    "permalink": "https:\/\/usdevkit.slack.com\/files\/U5M5PLH9S\/FH71V0CKB\/ndt.png",
                    "permalink_public": "https:\/\/slack-files.com\/T5M5PLH8U-FH71V0CKB-8dc438f33e",
                    "is_starred": false,
                    "has_rich_preview": false
                }
            ],
            "upload": true,
            "user": "U5M5PLH9S",
            "display_as_bot": false,
            "ts": "1553895562.000500",
            "client_msg_id": "1b4939bd-5bae-4580-98ac-e629a54ad778",
            "thread_ts": "1553895562.000500",
            "reply_count": 3,
            "reply_users_count": 2,
            "latest_reply": "1554138689.003300",
            "reply_users": [
                "U5M5PLH9S",
                "U8Z3VB1T2"
            ],
            "subscribed": true,
            "last_read": "1554138689.003300"
        }
    }
]