[
    {
        "type": "message",
        "text": "Ready to print, only file gerbers to printen on pcb hardware ?",
        "files": [
            {
                "id": "FGT9DLVBJ",
                "created": 1552208460,
                "timestamp": 1552208460,
                "name": "IMG_20190310_160013.jpg",
                "title": "IMG_20190310_160013.jpg",
                "mimetype": "image\/jpeg",
                "filetype": "jpg",
                "pretty_type": "JPEG",
                "user": "UE3JX8LUT",
                "editable": false,
                "size": 7364550,
                "mode": "hosted",
                "is_external": false,
                "external_type": "",
                "is_public": true,
                "public_url_shared": false,
                "display_as_bot": false,
                "username": "",
                "url_private": "https:\/\/files.slack.com\/files-pri\/T5M5PLH8U-FGT9DLVBJ\/img_20190310_160013.jpg?t=xoxe-191193697300-1381062880324-1368140560006-96abaf9fa31dffabf8d2ddd7876c6250",
                "url_private_download": "https:\/\/files.slack.com\/files-pri\/T5M5PLH8U-FGT9DLVBJ\/download\/img_20190310_160013.jpg?t=xoxe-191193697300-1381062880324-1368140560006-96abaf9fa31dffabf8d2ddd7876c6250",
                "thumb_64": "https:\/\/files.slack.com\/files-tmb\/T5M5PLH8U-FGT9DLVBJ-e691626f9e\/img_20190310_160013_64.jpg?t=xoxe-191193697300-1381062880324-1368140560006-96abaf9fa31dffabf8d2ddd7876c6250",
                "thumb_80": "https:\/\/files.slack.com\/files-tmb\/T5M5PLH8U-FGT9DLVBJ-e691626f9e\/img_20190310_160013_80.jpg?t=xoxe-191193697300-1381062880324-1368140560006-96abaf9fa31dffabf8d2ddd7876c6250",
                "thumb_360": "https:\/\/files.slack.com\/files-tmb\/T5M5PLH8U-FGT9DLVBJ-e691626f9e\/img_20190310_160013_360.jpg?t=xoxe-191193697300-1381062880324-1368140560006-96abaf9fa31dffabf8d2ddd7876c6250",
                "thumb_360_w": 360,
                "thumb_360_h": 270,
                "thumb_480": "https:\/\/files.slack.com\/files-tmb\/T5M5PLH8U-FGT9DLVBJ-e691626f9e\/img_20190310_160013_480.jpg?t=xoxe-191193697300-1381062880324-1368140560006-96abaf9fa31dffabf8d2ddd7876c6250",
                "thumb_480_w": 480,
                "thumb_480_h": 360,
                "thumb_160": "https:\/\/files.slack.com\/files-tmb\/T5M5PLH8U-FGT9DLVBJ-e691626f9e\/img_20190310_160013_160.jpg?t=xoxe-191193697300-1381062880324-1368140560006-96abaf9fa31dffabf8d2ddd7876c6250",
                "thumb_720": "https:\/\/files.slack.com\/files-tmb\/T5M5PLH8U-FGT9DLVBJ-e691626f9e\/img_20190310_160013_720.jpg?t=xoxe-191193697300-1381062880324-1368140560006-96abaf9fa31dffabf8d2ddd7876c6250",
                "thumb_720_w": 720,
                "thumb_720_h": 540,
                "thumb_800": "https:\/\/files.slack.com\/files-tmb\/T5M5PLH8U-FGT9DLVBJ-e691626f9e\/img_20190310_160013_800.jpg?t=xoxe-191193697300-1381062880324-1368140560006-96abaf9fa31dffabf8d2ddd7876c6250",
                "thumb_800_w": 800,
                "thumb_800_h": 600,
                "thumb_960": "https:\/\/files.slack.com\/files-tmb\/T5M5PLH8U-FGT9DLVBJ-e691626f9e\/img_20190310_160013_960.jpg?t=xoxe-191193697300-1381062880324-1368140560006-96abaf9fa31dffabf8d2ddd7876c6250",
                "thumb_960_w": 960,
                "thumb_960_h": 720,
                "thumb_1024": "https:\/\/files.slack.com\/files-tmb\/T5M5PLH8U-FGT9DLVBJ-e691626f9e\/img_20190310_160013_1024.jpg?t=xoxe-191193697300-1381062880324-1368140560006-96abaf9fa31dffabf8d2ddd7876c6250",
                "thumb_1024_w": 1024,
                "thumb_1024_h": 768,
                "image_exif_rotation": 1,
                "original_w": 4128,
                "original_h": 3096,
                "permalink": "https:\/\/usdevkit.slack.com\/files\/UE3JX8LUT\/FGT9DLVBJ\/img_20190310_160013.jpg",
                "permalink_public": "https:\/\/slack-files.com\/T5M5PLH8U-FGT9DLVBJ-eb80410bc4",
                "is_starred": false,
                "has_rich_preview": false
            }
        ],
        "upload": true,
        "user": "UE3JX8LUT",
        "display_as_bot": false,
        "ts": "1552208464.013800",
        "client_msg_id": "6b37bdde-a5c9-4000-b32a-7e304f35a0a8",
        "thread_ts": "1551796412.005200",
        "parent_user_id": "UE3JX8LUT"
    },
    {
        "client_msg_id": "db47a878-4dac-4354-aff9-45f75286d391",
        "type": "message",
        "text": "Yes only gerbers if you want the pcb.",
        "user": "U5M5PLH9S",
        "ts": "1552219363.014200",
        "team": "T5M5PLH8U",
        "user_team": "T5M5PLH8U",
        "source_team": "T5M5PLH8U",
        "user_profile": {
            "avatar_hash": "e4fb6ae9f526",
            "image_72": "https:\/\/avatars.slack-edge.com\/2017-06-01\/191144530514_e4fb6ae9f526531fd41c_72.jpg",
            "first_name": "",
            "real_name": "kelu",
            "display_name": "",
            "team": "T5M5PLH8U",
            "name": "kelu",
            "is_restricted": false,
            "is_ultra_restricted": false
        },
        "thread_ts": "1551796412.005200",
        "parent_user_id": "UE3JX8LUT"
    },
    {
        "client_msg_id": "b2a3ebd2-8e40-467c-b3c5-2045234c0d70",
        "type": "message",
        "text": "I am still confuse between bom and gerber, how I know component which must place every pcb?",
        "user": "UE3JX8LUT",
        "ts": "1552222792.014400",
        "team": "T5M5PLH8U",
        "user_team": "T5M5PLH8U",
        "source_team": "T5M5PLH8U",
        "user_profile": {
            "avatar_hash": "a9159a929398",
            "image_72": "https:\/\/avatars.slack-edge.com\/2018-11-15\/479026488288_a9159a929398c4006149_72.jpg",
            "first_name": "Fadhli",
            "real_name": "Fadhli",
            "display_name": "Fadhli",
            "team": "T5M5PLH8U",
            "name": "fadhliazinnuddin",
            "is_restricted": false,
            "is_ultra_restricted": false
        },
        "thread_ts": "1551796412.005200",
        "parent_user_id": "UE3JX8LUT"
    }
]