[
    {
        "client_msg_id": "c4aea1c3-c296-4e93-924c-2c4a39a9593a",
        "type": "message",
        "text": "I was exploring this software a while back, and there is some Ultrasound transducer design stuff in Python",
        "user": "UF0SXEJ0M",
        "ts": "1558486240.013200",
        "team": "T5M5PLH8U",
        "user_team": "T5M5PLH8U",
        "source_team": "T5M5PLH8U",
        "user_profile": {
            "avatar_hash": "caf9f1375af3",
            "image_72": "https:\/\/avatars.slack-edge.com\/2019-02-12\/549018718117_caf9f1375af3bfa9e7a6_72.jpg",
            "first_name": "Sterling",
            "real_name": "Sterling Cooley",
            "display_name": "Sterling",
            "team": "T5M5PLH8U",
            "name": "percyacct2020",
            "is_restricted": false,
            "is_ultra_restricted": false
        },
        "thread_ts": "1558050165.012700",
        "parent_user_id": "UGJ8GJGNR"
    },
    {
        "client_msg_id": "4af431db-8ae5-4d7b-a4fc-77b0ce2b7752",
        "type": "message",
        "text": "<https:\/\/onscale.com\/>\n\nThis is the latest in transducer simulation, in the cloud, but not python at all",
        "user": "UF0SXEJ0M",
        "ts": "1558486365.013400",
        "team": "T5M5PLH8U",
        "user_team": "T5M5PLH8U",
        "source_team": "T5M5PLH8U",
        "user_profile": {
            "avatar_hash": "caf9f1375af3",
            "image_72": "https:\/\/avatars.slack-edge.com\/2019-02-12\/549018718117_caf9f1375af3bfa9e7a6_72.jpg",
            "first_name": "Sterling",
            "real_name": "Sterling Cooley",
            "display_name": "Sterling",
            "team": "T5M5PLH8U",
            "name": "percyacct2020",
            "is_restricted": false,
            "is_ultra_restricted": false
        },
        "attachments": [
            {
                "service_name": "OnScale",
                "title": "OnScale | Engineering Simulation Software in the Cloud",
                "title_link": "https:\/\/onscale.com\/",
                "text": "OnScale computer aided engineering (CAE) simulation software blends HPC Cloud technology with FEA Multiphysics solvers",
                "fallback": "OnScale: OnScale | Engineering Simulation Software in the Cloud",
                "image_url": "https:\/\/onscale.com\/wp-content\/uploads\/2019\/05\/preview_onscale_ogg.jpg",
                "image_width": 444,
                "image_height": 250,
                "from_url": "https:\/\/onscale.com\/",
                "image_bytes": 199496,
                "id": 1,
                "original_url": "https:\/\/onscale.com\/"
            }
        ],
        "thread_ts": "1558050165.012700",
        "parent_user_id": "UGJ8GJGNR"
    },
    {
        "client_msg_id": "18cbc00a-8ba9-4c2a-ab1a-40db054ed93d",
        "type": "message",
        "text": "Which used to be called <https:\/\/pzflex.com\/software\/features_specs\/>",
        "user": "UF0SXEJ0M",
        "ts": "1558486422.013700",
        "team": "T5M5PLH8U",
        "user_team": "T5M5PLH8U",
        "source_team": "T5M5PLH8U",
        "user_profile": {
            "avatar_hash": "caf9f1375af3",
            "image_72": "https:\/\/avatars.slack-edge.com\/2019-02-12\/549018718117_caf9f1375af3bfa9e7a6_72.jpg",
            "first_name": "Sterling",
            "real_name": "Sterling Cooley",
            "display_name": "Sterling",
            "team": "T5M5PLH8U",
            "name": "percyacct2020",
            "is_restricted": false,
            "is_ultra_restricted": false
        },
        "thread_ts": "1558050165.012700",
        "parent_user_id": "UGJ8GJGNR"
    },
    {
        "client_msg_id": "daa5e43f-7f08-4015-8f4f-eef9b46f5a85",
        "type": "message",
        "text": "And they did have some VTK and Python integrations, I have no idea how to use any of those things tho",
        "user": "UF0SXEJ0M",
        "ts": "1558486443.013900",
        "team": "T5M5PLH8U",
        "user_team": "T5M5PLH8U",
        "source_team": "T5M5PLH8U",
        "user_profile": {
            "avatar_hash": "caf9f1375af3",
            "image_72": "https:\/\/avatars.slack-edge.com\/2019-02-12\/549018718117_caf9f1375af3bfa9e7a6_72.jpg",
            "first_name": "Sterling",
            "real_name": "Sterling Cooley",
            "display_name": "Sterling",
            "team": "T5M5PLH8U",
            "name": "percyacct2020",
            "is_restricted": false,
            "is_ultra_restricted": false
        },
        "thread_ts": "1558050165.012700",
        "parent_user_id": "UGJ8GJGNR"
    },
    {
        "client_msg_id": "7f19cf07-5a64-41a8-8ef7-f0e80b058552",
        "type": "message",
        "text": "Do you guys think you could do imaging of tissue if you placed multiple transducers over a surface ? Like randomly ?",
        "user": "UF0SXEJ0M",
        "ts": "1558486643.014800",
        "team": "T5M5PLH8U",
        "user_team": "T5M5PLH8U",
        "source_team": "T5M5PLH8U",
        "user_profile": {
            "avatar_hash": "caf9f1375af3",
            "image_72": "https:\/\/avatars.slack-edge.com\/2019-02-12\/549018718117_caf9f1375af3bfa9e7a6_72.jpg",
            "first_name": "Sterling",
            "real_name": "Sterling Cooley",
            "display_name": "Sterling",
            "team": "T5M5PLH8U",
            "name": "percyacct2020",
            "is_restricted": false,
            "is_ultra_restricted": false
        }
    },
    {
        "client_msg_id": "c640217f-9443-4ce0-befc-625802960e0b",
        "type": "message",
        "text": "Sorry, that was a poorly posed question... I am wondering if you could place transducers around a surface (maybe a large watermelon) and image the inside using Ultrasound? Where placement of transducers would be arbitrary",
        "user": "UF0SXEJ0M",
        "ts": "1558498822.016100",
        "team": "T5M5PLH8U",
        "user_team": "T5M5PLH8U",
        "source_team": "T5M5PLH8U",
        "user_profile": {
            "avatar_hash": "caf9f1375af3",
            "image_72": "https:\/\/avatars.slack-edge.com\/2019-02-12\/549018718117_caf9f1375af3bfa9e7a6_72.jpg",
            "first_name": "Sterling",
            "real_name": "Sterling Cooley",
            "display_name": "Sterling",
            "team": "T5M5PLH8U",
            "name": "percyacct2020",
            "is_restricted": false,
            "is_ultra_restricted": false
        }
    },
    {
        "type": "message",
        "text": "",
        "files": [
            {
                "id": "FJYANJBP1",
                "created": 1558499347,
                "timestamp": 1558499347,
                "name": "68326-8595067.jpg",
                "title": "68326-8595067.jpg",
                "mimetype": "image\/jpeg",
                "filetype": "jpg",
                "pretty_type": "JPEG",
                "user": "UF0SXEJ0M",
                "editable": false,
                "size": 18607,
                "mode": "hosted",
                "is_external": false,
                "external_type": "",
                "is_public": true,
                "public_url_shared": false,
                "display_as_bot": false,
                "username": "",
                "url_private": "https:\/\/files.slack.com\/files-pri\/T5M5PLH8U-FJYANJBP1\/68326-8595067.jpg?t=xoxe-191193697300-1381062880324-1368140560006-96abaf9fa31dffabf8d2ddd7876c6250",
                "url_private_download": "https:\/\/files.slack.com\/files-pri\/T5M5PLH8U-FJYANJBP1\/download\/68326-8595067.jpg?t=xoxe-191193697300-1381062880324-1368140560006-96abaf9fa31dffabf8d2ddd7876c6250",
                "thumb_64": "https:\/\/files.slack.com\/files-tmb\/T5M5PLH8U-FJYANJBP1-4f9ea9acbb\/68326-8595067_64.jpg?t=xoxe-191193697300-1381062880324-1368140560006-96abaf9fa31dffabf8d2ddd7876c6250",
                "thumb_80": "https:\/\/files.slack.com\/files-tmb\/T5M5PLH8U-FJYANJBP1-4f9ea9acbb\/68326-8595067_80.jpg?t=xoxe-191193697300-1381062880324-1368140560006-96abaf9fa31dffabf8d2ddd7876c6250",
                "thumb_360": "https:\/\/files.slack.com\/files-tmb\/T5M5PLH8U-FJYANJBP1-4f9ea9acbb\/68326-8595067_360.jpg?t=xoxe-191193697300-1381062880324-1368140560006-96abaf9fa31dffabf8d2ddd7876c6250",
                "thumb_360_w": 298,
                "thumb_360_h": 300,
                "thumb_160": "https:\/\/files.slack.com\/files-tmb\/T5M5PLH8U-FJYANJBP1-4f9ea9acbb\/68326-8595067_160.jpg?t=xoxe-191193697300-1381062880324-1368140560006-96abaf9fa31dffabf8d2ddd7876c6250",
                "image_exif_rotation": 1,
                "original_w": 298,
                "original_h": 300,
                "permalink": "https:\/\/usdevkit.slack.com\/files\/UF0SXEJ0M\/FJYANJBP1\/68326-8595067.jpg",
                "permalink_public": "https:\/\/slack-files.com\/T5M5PLH8U-FJYANJBP1-12c26f73c6",
                "is_starred": false,
                "has_rich_preview": false
            }
        ],
        "upload": true,
        "user": "UF0SXEJ0M",
        "display_as_bot": false,
        "ts": "1558499348.016200",
        "client_msg_id": "006a76a1-61b6-4a82-a2da-b2e8a55d2577"
    },
    {
        "client_msg_id": "edd75d9c-83ac-41aa-b483-17c266b8c042",
        "type": "message",
        "text": "I'm sort of thinking about a large array all over the human head, which could \"image\" the inside of the brain",
        "user": "UF0SXEJ0M",
        "ts": "1558499479.017300",
        "team": "T5M5PLH8U",
        "user_team": "T5M5PLH8U",
        "source_team": "T5M5PLH8U",
        "user_profile": {
            "avatar_hash": "caf9f1375af3",
            "image_72": "https:\/\/avatars.slack-edge.com\/2019-02-12\/549018718117_caf9f1375af3bfa9e7a6_72.jpg",
            "first_name": "Sterling",
            "real_name": "Sterling Cooley",
            "display_name": "Sterling",
            "team": "T5M5PLH8U",
            "name": "percyacct2020",
            "is_restricted": false,
            "is_ultra_restricted": false
        }
    },
    {
        "client_msg_id": "cd9ee147-16b4-42ba-b8da-689f90b823d9",
        "type": "message",
        "text": "You would have I assume, knowing position and orientation of each, a sound map. Possibly a bit like tomography (ping <@UGJ8GJGNR>) but also like hifu arrays ?",
        "user": "U5M5PLH9S",
        "ts": "1558504012.019200",
        "team": "T5M5PLH8U",
        "user_team": "T5M5PLH8U",
        "source_team": "T5M5PLH8U",
        "user_profile": {
            "avatar_hash": "e4fb6ae9f526",
            "image_72": "https:\/\/avatars.slack-edge.com\/2017-06-01\/191144530514_e4fb6ae9f526531fd41c_72.jpg",
            "first_name": "",
            "real_name": "kelu",
            "display_name": "",
            "team": "T5M5PLH8U",
            "name": "kelu",
            "is_restricted": false,
            "is_ultra_restricted": false
        },
        "thread_ts": "1558504012.019200",
        "reply_count": 2,
        "reply_users_count": 2,
        "latest_reply": "1560762391.003800",
        "reply_users": [
            "UK9EX624T",
            "U5M5PLH9S"
        ],
        "replies": [
            {
                "user": "UK9EX624T",
                "ts": "1560750795.003600"
            },
            {
                "user": "U5M5PLH9S",
                "ts": "1560762391.003800"
            }
        ],
        "subscribed": true,
        "last_read": "1560762391.003800"
    }
]