[
    {
        "type": "message",
        "subtype": "channel_join",
        "ts": "1546858007.064600",
        "user": "UF90LJWTH",
        "text": "<@UF90LJWTH> has joined the channel"
    },
    {
        "client_msg_id": "2a750ed0-d169-4cca-8737-4edcc71f33f9",
        "type": "message",
        "text": "Hi all",
        "user": "UF90LJWTH",
        "ts": "1546897391.064900",
        "team": "T5M5PLH8U",
        "user_team": "T5M5PLH8U",
        "source_team": "T5M5PLH8U",
        "user_profile": {
            "avatar_hash": "gd629cb2b1d4",
            "image_72": "https:\/\/secure.gravatar.com\/avatar\/2d629cb2b1d4aa1e0883019fb90cf004.jpg?s=72&d=https%3A%2F%2Fa.slack-edge.com%2Fdf10d%2Fimg%2Favatars%2Fava_0011-72.png",
            "first_name": "",
            "real_name": "Aniss Bendjoudi",
            "display_name": "Aniss",
            "team": "T5M5PLH8U",
            "name": "aniss.bendjoudi",
            "is_restricted": false,
            "is_ultra_restricted": false
        }
    },
    {
        "client_msg_id": "30eae4c1-8de4-41da-bdb8-07eb3c89d39c",
        "type": "message",
        "text": "I am an absolute beginner in all things hardware, so I was wondering what your tools for electronics hardware design were? What software would you recommend if I want to look at the hardware files on a Linux system?",
        "user": "UF90LJWTH",
        "ts": "1546897522.066700",
        "team": "T5M5PLH8U",
        "user_team": "T5M5PLH8U",
        "source_team": "T5M5PLH8U",
        "user_profile": {
            "avatar_hash": "gd629cb2b1d4",
            "image_72": "https:\/\/secure.gravatar.com\/avatar\/2d629cb2b1d4aa1e0883019fb90cf004.jpg?s=72&d=https%3A%2F%2Fa.slack-edge.com%2Fdf10d%2Fimg%2Favatars%2Fava_0011-72.png",
            "first_name": "",
            "real_name": "Aniss Bendjoudi",
            "display_name": "Aniss",
            "team": "T5M5PLH8U",
            "name": "aniss.bendjoudi",
            "is_restricted": false,
            "is_ultra_restricted": false
        },
        "thread_ts": "1546897522.066700",
        "reply_count": 3,
        "reply_users_count": 2,
        "latest_reply": "1546919227.067400",
        "reply_users": [
            "U8Z3VB1T2",
            "UF0SXEJ0M"
        ],
        "replies": [
            {
                "user": "U8Z3VB1T2",
                "ts": "1546914400.067000"
            },
            {
                "user": "U8Z3VB1T2",
                "ts": "1546914419.067200"
            },
            {
                "user": "UF0SXEJ0M",
                "ts": "1546919227.067400"
            }
        ],
        "subscribed": false
    },
    {
        "client_msg_id": "b215c585-bc2a-4011-8214-89251a4f6cc2",
        "type": "message",
        "text": "Thanks for your help",
        "user": "UF90LJWTH",
        "ts": "1546897534.066900",
        "team": "T5M5PLH8U",
        "user_team": "T5M5PLH8U",
        "source_team": "T5M5PLH8U",
        "user_profile": {
            "avatar_hash": "gd629cb2b1d4",
            "image_72": "https:\/\/secure.gravatar.com\/avatar\/2d629cb2b1d4aa1e0883019fb90cf004.jpg?s=72&d=https%3A%2F%2Fa.slack-edge.com%2Fdf10d%2Fimg%2Favatars%2Fava_0011-72.png",
            "first_name": "",
            "real_name": "Aniss Bendjoudi",
            "display_name": "Aniss",
            "team": "T5M5PLH8U",
            "name": "aniss.bendjoudi",
            "is_restricted": false,
            "is_ultra_restricted": false
        }
    },
    {
        "client_msg_id": "4eeeed4e-3d62-4ba9-921e-7132dd95b668",
        "type": "message",
        "text": "Kicad (open source) and Eagle (proprietary) are PCB design software with Linux version. Generally you can only open a deign file in the program it was designed in.",
        "user": "U8Z3VB1T2",
        "ts": "1546914400.067000",
        "team": "T5M5PLH8U",
        "user_team": "T5M5PLH8U",
        "source_team": "T5M5PLH8U",
        "user_profile": {
            "avatar_hash": "g49ad52d7df8",
            "image_72": "https:\/\/secure.gravatar.com\/avatar\/449ad52d7df89ecbe8ebe0fd87d3f63f.jpg?s=72&d=https%3A%2F%2Fa.slack-edge.com%2Fdf10d%2Fimg%2Favatars%2Fava_0026-72.png",
            "first_name": "",
            "real_name": "William Meng",
            "display_name": "",
            "team": "T5M5PLH8U",
            "name": "wlmeng11",
            "is_restricted": false,
            "is_ultra_restricted": false
        },
        "thread_ts": "1546897522.066700",
        "parent_user_id": "UF90LJWTH"
    },
    {
        "client_msg_id": "482caef5-5b12-41ae-b11a-8c01a60ab009",
        "type": "message",
        "text": "Upverter is another PCB design software that is browser based, so it works on any OS.",
        "user": "U8Z3VB1T2",
        "ts": "1546914419.067200",
        "team": "T5M5PLH8U",
        "user_team": "T5M5PLH8U",
        "source_team": "T5M5PLH8U",
        "user_profile": {
            "avatar_hash": "g49ad52d7df8",
            "image_72": "https:\/\/secure.gravatar.com\/avatar\/449ad52d7df89ecbe8ebe0fd87d3f63f.jpg?s=72&d=https%3A%2F%2Fa.slack-edge.com%2Fdf10d%2Fimg%2Favatars%2Fava_0026-72.png",
            "first_name": "",
            "real_name": "William Meng",
            "display_name": "",
            "team": "T5M5PLH8U",
            "name": "wlmeng11",
            "is_restricted": false,
            "is_ultra_restricted": false
        },
        "thread_ts": "1546897522.066700",
        "parent_user_id": "UF90LJWTH",
        "reactions": [
            {
                "name": "+1",
                "users": [
                    "U5M5PLH9S"
                ],
                "count": 1
            }
        ]
    },
    {
        "client_msg_id": "4fb610e8-8752-493b-a567-293e880b6d6e",
        "type": "message",
        "text": "I'll chim in as well:\nAltium makes some great free + professional software for electronics hardware design.\n\nTheir free software, CircuitMaker, has a very large online support community, and thousands of free, downloadable, and modifiable designs form the community.\n\n(I use Altium myself, so I am biased ;)",
        "user": "UF0SXEJ0M",
        "ts": "1546919227.067400",
        "team": "T5M5PLH8U",
        "user_team": "T5M5PLH8U",
        "source_team": "T5M5PLH8U",
        "user_profile": {
            "avatar_hash": "caf9f1375af3",
            "image_72": "https:\/\/avatars.slack-edge.com\/2019-02-12\/549018718117_caf9f1375af3bfa9e7a6_72.jpg",
            "first_name": "Sterling",
            "real_name": "Sterling Cooley",
            "display_name": "Sterling",
            "team": "T5M5PLH8U",
            "name": "percyacct2020",
            "is_restricted": false,
            "is_ultra_restricted": false
        },
        "thread_ts": "1546897522.066700",
        "parent_user_id": "UF90LJWTH",
        "reactions": [
            {
                "name": "+1",
                "users": [
                    "U5M5PLH9S"
                ],
                "count": 1
            }
        ]
    },
    {
        "client_msg_id": "8c1ed5f2-e9c7-4a4d-9eca-63245d960202",
        "type": "message",
        "text": "Salut <@UF90LJWTH>, everyone picks a poison somehow, a bit the vim\/emacs discussions. There's altium (closed), kicad (open) and upverter (online, openish, altium behind). Used upverter for the latest boards.",
        "user": "U5M5PLH9S",
        "ts": "1546932657.067600",
        "team": "T5M5PLH8U",
        "user_team": "T5M5PLH8U",
        "source_team": "T5M5PLH8U",
        "user_profile": {
            "avatar_hash": "e4fb6ae9f526",
            "image_72": "https:\/\/avatars.slack-edge.com\/2017-06-01\/191144530514_e4fb6ae9f526531fd41c_72.jpg",
            "first_name": "",
            "real_name": "kelu",
            "display_name": "",
            "team": "T5M5PLH8U",
            "name": "kelu",
            "is_restricted": false,
            "is_ultra_restricted": false
        }
    }
]