[
    {
        "client_msg_id": "765a06a7-6eb1-402b-85b8-b0a7d719d7e8",
        "type": "message",
        "text": "Hello <!channel>, a quick challenge for you : the HV part is still an issue, I'm pretty sure this can be optimised. Solutions on un0rick \/ lit3rick are not yet optimal, there are some other options there (including those here : <https:\/\/github.com\/kelu124\/echomods\/blob\/master\/matty\/HV\/Readme.md> ) -- what do you think could be implemented to make it better, and get these pesky +HV and -HV onboard, at low cost ?",
        "user": "U5M5PLH9S",
        "ts": "1552772038.019900",
        "team": "T5M5PLH8U",
        "user_team": "T5M5PLH8U",
        "source_team": "T5M5PLH8U",
        "user_profile": {
            "avatar_hash": "e4fb6ae9f526",
            "image_72": "https:\/\/avatars.slack-edge.com\/2017-06-01\/191144530514_e4fb6ae9f526531fd41c_72.jpg",
            "first_name": "",
            "real_name": "kelu",
            "display_name": "",
            "team": "T5M5PLH8U",
            "name": "kelu",
            "is_restricted": false,
            "is_ultra_restricted": false
        },
        "thread_ts": "1552772038.019900",
        "reply_count": 23,
        "reply_users_count": 4,
        "latest_reply": "1553812156.000300",
        "reply_users": [
            "U5M5PLH9S",
            "UF0SXEJ0M",
            "UGR3ZBDDE",
            "U8DP2NWAD"
        ],
        "replies": [
            {
                "user": "U5M5PLH9S",
                "ts": "1552772100.020000"
            },
            {
                "user": "UF0SXEJ0M",
                "ts": "1552883232.020700"
            },
            {
                "user": "UF0SXEJ0M",
                "ts": "1552883252.021000"
            },
            {
                "user": "UGR3ZBDDE",
                "ts": "1552898797.021300"
            },
            {
                "user": "UGR3ZBDDE",
                "ts": "1552898814.021500"
            },
            {
                "user": "U5M5PLH9S",
                "ts": "1552899997.021700"
            },
            {
                "user": "U5M5PLH9S",
                "ts": "1552907252.023100"
            },
            {
                "user": "U5M5PLH9S",
                "ts": "1552914124.023500"
            },
            {
                "user": "U8DP2NWAD",
                "ts": "1552916176.024100"
            },
            {
                "user": "U5M5PLH9S",
                "ts": "1552940613.024300"
            },
            {
                "user": "U8DP2NWAD",
                "ts": "1552942554.024500"
            },
            {
                "user": "U8DP2NWAD",
                "ts": "1552942562.024700"
            },
            {
                "user": "U5M5PLH9S",
                "ts": "1552943950.024900"
            },
            {
                "user": "U5M5PLH9S",
                "ts": "1552944225.025100"
            },
            {
                "user": "UGR3ZBDDE",
                "ts": "1553080022.025300"
            },
            {
                "user": "UGR3ZBDDE",
                "ts": "1553080083.025500"
            },
            {
                "user": "U5M5PLH9S",
                "ts": "1553081157.025700"
            },
            {
                "user": "U5M5PLH9S",
                "ts": "1553093447.025900"
            },
            {
                "user": "U5M5PLH9S",
                "ts": "1553093528.026100"
            },
            {
                "user": "UF0SXEJ0M",
                "ts": "1553379951.026500"
            },
            {
                "user": "UF0SXEJ0M",
                "ts": "1553379996.026700"
            },
            {
                "user": "UF0SXEJ0M",
                "ts": "1553789838.000100"
            },
            {
                "user": "U5M5PLH9S",
                "ts": "1553812156.000300"
            }
        ],
        "subscribed": true,
        "last_read": "1553812156.000300"
    },
    {
        "client_msg_id": "0e73cc5e-6a3a-490d-9a13-32afdb6ab0b9",
        "type": "message",
        "text": "ping inter alia <@U8Z3VB1T2>, <@UGUQJ7N93>, <@UGR3ZBDDE>, <@U8DP2NWAD> and others? :nerd_face:",
        "user": "U5M5PLH9S",
        "ts": "1552772100.020000",
        "team": "T5M5PLH8U",
        "user_team": "T5M5PLH8U",
        "source_team": "T5M5PLH8U",
        "user_profile": {
            "avatar_hash": "e4fb6ae9f526",
            "image_72": "https:\/\/avatars.slack-edge.com\/2017-06-01\/191144530514_e4fb6ae9f526531fd41c_72.jpg",
            "first_name": "",
            "real_name": "kelu",
            "display_name": "",
            "team": "T5M5PLH8U",
            "name": "kelu",
            "is_restricted": false,
            "is_ultra_restricted": false
        },
        "thread_ts": "1552772038.019900",
        "parent_user_id": "U5M5PLH9S"
    },
    {
        "client_msg_id": "f24a435b-d41c-423a-9445-76d0c92a23e0",
        "type": "message",
        "text": "I have a altium designer, but I dont know to open file xyrs or csv ",
        "user": "UE3JX8LUT",
        "ts": "1552782041.020200",
        "team": "T5M5PLH8U",
        "user_team": "T5M5PLH8U",
        "source_team": "T5M5PLH8U",
        "user_profile": {
            "avatar_hash": "a9159a929398",
            "image_72": "https:\/\/avatars.slack-edge.com\/2018-11-15\/479026488288_a9159a929398c4006149_72.jpg",
            "first_name": "Fadhli",
            "real_name": "Fadhli",
            "display_name": "Fadhli",
            "team": "T5M5PLH8U",
            "name": "fadhliazinnuddin",
            "is_restricted": false,
            "is_ultra_restricted": false
        },
        "thread_ts": "1551796412.005200",
        "parent_user_id": "UE3JX8LUT"
    },
    {
        "client_msg_id": "1d4dd29c-30fa-466a-80a2-04b2d3024ad6",
        "type": "message",
        "text": "A text editor is fine.",
        "user": "U5M5PLH9S",
        "ts": "1552802092.020400",
        "team": "T5M5PLH8U",
        "user_team": "T5M5PLH8U",
        "source_team": "T5M5PLH8U",
        "user_profile": {
            "avatar_hash": "e4fb6ae9f526",
            "image_72": "https:\/\/avatars.slack-edge.com\/2017-06-01\/191144530514_e4fb6ae9f526531fd41c_72.jpg",
            "first_name": "",
            "real_name": "kelu",
            "display_name": "",
            "team": "T5M5PLH8U",
            "name": "kelu",
            "is_restricted": false,
            "is_ultra_restricted": false
        },
        "thread_ts": "1551796412.005200",
        "parent_user_id": "UE3JX8LUT"
    }
]