[
    {
        "client_msg_id": "2f4de20e-cbf4-456b-b98f-a6926dae0df5",
        "type": "message",
        "text": "hey there, I am trying to reproduce a simulation of a unipolar transducer in python to look at pressure amplitudes and focal points. Does anyone have recommendations for software to do this with?",
        "user": "UGJ8GJGNR",
        "ts": "1558050165.012700",
        "team": "T5M5PLH8U",
        "user_team": "T5M5PLH8U",
        "source_team": "T5M5PLH8U",
        "user_profile": {
            "avatar_hash": "ga7943669895",
            "image_72": "https:\/\/secure.gravatar.com\/avatar\/4a7943669895590493fa45985c7c746a.jpg?s=72&d=https%3A%2F%2Fa.slack-edge.com%2Fdf10d%2Fimg%2Favatars%2Fava_0024-72.png",
            "first_name": "",
            "real_name": "Jean Rintoul",
            "display_name": "jeantoul",
            "team": "T5M5PLH8U",
            "name": "jean.rintoul",
            "is_restricted": false,
            "is_ultra_restricted": false
        },
        "thread_ts": "1558050165.012700",
        "reply_count": 5,
        "reply_users_count": 2,
        "latest_reply": "1559059228.001300",
        "reply_users": [
            "UF0SXEJ0M",
            "U5M5PLH9S"
        ],
        "replies": [
            {
                "user": "UF0SXEJ0M",
                "ts": "1558486240.013200"
            },
            {
                "user": "UF0SXEJ0M",
                "ts": "1558486365.013400"
            },
            {
                "user": "UF0SXEJ0M",
                "ts": "1558486422.013700"
            },
            {
                "user": "UF0SXEJ0M",
                "ts": "1558486443.013900"
            },
            {
                "user": "U5M5PLH9S",
                "ts": "1559059228.001300"
            }
        ],
        "subscribed": true,
        "last_read": "1559059228.001300"
    }
]