[
    {
        "client_msg_id": "fd5f14af-e67d-414c-9231-f366e25538ce",
        "type": "message",
        "text": "hi :slightly_smiling_face: i have attained to get the  one (Voltage - time) graph, but how can i attain the 2-D ultrasound image from this??\ni guess this (Voltage - time) graph is just one line of the image(just small part of the whole image)\nso i might have to get more data of the target\nShoud i use the servo to sweeping the target Data??",
        "user": "UF3T2P9HN",
        "ts": "1547448237.073000",
        "team": "T5M5PLH8U",
        "user_team": "T5M5PLH8U",
        "source_team": "T5M5PLH8U",
        "user_profile": {
            "avatar_hash": "gcea2305d7c7",
            "image_72": "https:\/\/secure.gravatar.com\/avatar\/ccea2305d7c784419e2b1d66bcdb116c.jpg?s=72&d=https%3A%2F%2Fa.slack-edge.com%2Fdf10d%2Fimg%2Favatars%2Fava_0014-72.png",
            "first_name": "",
            "real_name": "LeeJaeYong",
            "display_name": "",
            "team": "T5M5PLH8U",
            "name": "yyong0837",
            "is_restricted": false,
            "is_ultra_restricted": false
        },
        "edited": {
            "user": "UF3T2P9HN",
            "ts": "1547448270.000000"
        },
        "thread_ts": "1547448237.073000",
        "reply_count": 6,
        "reply_users_count": 2,
        "latest_reply": "1547503515.076000",
        "reply_users": [
            "U8DP2NWAD",
            "U5M5PLH9S"
        ],
        "replies": [
            {
                "user": "U8DP2NWAD",
                "ts": "1547476153.073400"
            },
            {
                "user": "U5M5PLH9S",
                "ts": "1547497004.073600"
            },
            {
                "user": "U5M5PLH9S",
                "ts": "1547497109.073900"
            },
            {
                "user": "U5M5PLH9S",
                "ts": "1547497209.074200"
            },
            {
                "user": "U5M5PLH9S",
                "ts": "1547503496.075800"
            },
            {
                "user": "U5M5PLH9S",
                "ts": "1547503515.076000"
            }
        ],
        "subscribed": true,
        "last_read": "1547503515.076000"
    }
]