[
    {
        "type": "message",
        "subtype": "channel_join",
        "ts": "1569515758.003800",
        "user": "UNS4T5MS8",
        "text": "<@UNS4T5MS8> has joined the channel"
    },
    {
        "client_msg_id": "00654fdf-e5f5-4693-a25b-8311633137c2",
        "type": "message",
        "text": "Long time no see.\nWe're still working on the project.\nIf you run the source(pyUn0.py) provided by python 3, you will get an error.\nDo you happen to have a pyUn0.py which is right for python 3?\nI'll be looking forward to your reply.",
        "user": "ULYB25AMS",
        "ts": "1569558880.003900",
        "team": "T5M5PLH8U",
        "user_team": "T5M5PLH8U",
        "source_team": "T5M5PLH8U",
        "user_profile": {
            "avatar_hash": "gd49897152a4",
            "image_72": "https:\/\/secure.gravatar.com\/avatar\/bd49897152a4babe660efcb5e4f11c35.jpg?s=72&d=https%3A%2F%2Fa.slack-edge.com%2Fdf10d%2Fimg%2Favatars%2Fava_0002-72.png",
            "first_name": "Kim",
            "real_name": "Kim Jae Sik",
            "display_name": "Kim Jae Sik",
            "team": "T5M5PLH8U",
            "name": "wotlr6427",
            "is_restricted": false,
            "is_ultra_restricted": false
        },
        "thread_ts": "1564903864.000900",
        "parent_user_id": "ULYB25AMS"
    },
    {
        "client_msg_id": "a2d05ed7-d597-40f6-97a1-31b880fd46b4",
        "type": "message",
        "text": "Also I bought about 4 boards recently because it broke down during the project process.",
        "user": "ULYB25AMS",
        "ts": "1569558900.004100",
        "team": "T5M5PLH8U",
        "user_team": "T5M5PLH8U",
        "source_team": "T5M5PLH8U",
        "user_profile": {
            "avatar_hash": "gd49897152a4",
            "image_72": "https:\/\/secure.gravatar.com\/avatar\/bd49897152a4babe660efcb5e4f11c35.jpg?s=72&d=https%3A%2F%2Fa.slack-edge.com%2Fdf10d%2Fimg%2Favatars%2Fava_0002-72.png",
            "first_name": "Kim",
            "real_name": "Kim Jae Sik",
            "display_name": "Kim Jae Sik",
            "team": "T5M5PLH8U",
            "name": "wotlr6427",
            "is_restricted": false,
            "is_ultra_restricted": false
        },
        "thread_ts": "1564903864.000900",
        "parent_user_id": "ULYB25AMS"
    }
]