[
    {
        "client_msg_id": "242fc0b2-d176-4782-a783-bf0e7271461e",
        "type": "message",
        "text": "How may we help you guys?",
        "user": "U5M5PLH9S",
        "ts": "1567061688.000300",
        "team": "T5M5PLH8U",
        "user_team": "T5M5PLH8U",
        "source_team": "T5M5PLH8U",
        "user_profile": {
            "avatar_hash": "e4fb6ae9f526",
            "image_72": "https:\/\/avatars.slack-edge.com\/2017-06-01\/191144530514_e4fb6ae9f526531fd41c_72.jpg",
            "first_name": "",
            "real_name": "kelu",
            "display_name": "",
            "team": "T5M5PLH8U",
            "name": "kelu",
            "is_restricted": false,
            "is_ultra_restricted": false
        },
        "thread_ts": "1566910693.036600",
        "parent_user_id": "U5M5PLH9S",
        "reactions": [
            {
                "name": "100",
                "users": [
                    "UMDJSHV8A"
                ],
                "count": 1
            }
        ]
    }
]