[
    {
        "client_msg_id": "063fcda0-dc46-4c49-ae6e-fe1ad021d90f",
        "type": "message",
        "text": "As a side note, apart from the HV9150 kit developed by <@UFCS7CKPD> ( <https:\/\/github.com\/kelu124\/HV9150DevKit> ), I'm pushing a design for both HV positive and negative, with HV9150 and MAX1846 ( <https:\/\/github.com\/kelu124\/hvpppn> ). Hope this will be interesting :smiley:",
        "user": "U5M5PLH9S",
        "ts": "1565533358.021200",
        "team": "T5M5PLH8U",
        "user_team": "T5M5PLH8U",
        "source_team": "T5M5PLH8U",
        "user_profile": {
            "avatar_hash": "e4fb6ae9f526",
            "image_72": "https:\/\/avatars.slack-edge.com\/2017-06-01\/191144530514_e4fb6ae9f526531fd41c_72.jpg",
            "first_name": "",
            "real_name": "kelu",
            "display_name": "",
            "team": "T5M5PLH8U",
            "name": "kelu",
            "is_restricted": false,
            "is_ultra_restricted": false
        },
        "edited": {
            "user": "U5M5PLH9S",
            "ts": "1565533370.000000"
        },
        "thread_ts": "1565533358.021200",
        "reply_count": 1,
        "reply_users_count": 1,
        "latest_reply": "1568059056.014900",
        "reply_users": [
            "U5M5PLH9S"
        ],
        "replies": [
            {
                "user": "U5M5PLH9S",
                "ts": "1568059056.014900"
            }
        ],
        "subscribed": true,
        "last_read": "1568059056.014900"
    },
    {
        "client_msg_id": "499db404-420b-440b-bba9-5f6c26268b97",
        "type": "message",
        "text": "Ah that's ok~ I said internet  online link",
        "user": "UCN7FCH7A",
        "ts": "1565576024.021500",
        "team": "T5M5PLH8U",
        "user_team": "T5M5PLH8U",
        "source_team": "T5M5PLH8U",
        "user_profile": {
            "avatar_hash": "b2addb4e0275",
            "image_72": "https:\/\/avatars.slack-edge.com\/2018-09-11\/433005054914_b2addb4e0275fc61a63d_72.jpg",
            "first_name": "LimSongHyun",
            "real_name": "LimSongHyun",
            "display_name": "shcup2002",
            "team": "T5M5PLH8U",
            "name": "shcup2002",
            "is_restricted": false,
            "is_ultra_restricted": false
        },
        "thread_ts": "1562409983.022700",
        "parent_user_id": "U5M5PLH9S"
    },
    {
        "client_msg_id": "10cac477-2a71-4cbc-b3e0-f83dbed25915",
        "type": "message",
        "text": "OK ^^",
        "user": "U5M5PLH9S",
        "ts": "1565586685.021700",
        "team": "T5M5PLH8U",
        "user_team": "T5M5PLH8U",
        "source_team": "T5M5PLH8U",
        "user_profile": {
            "avatar_hash": "e4fb6ae9f526",
            "image_72": "https:\/\/avatars.slack-edge.com\/2017-06-01\/191144530514_e4fb6ae9f526531fd41c_72.jpg",
            "first_name": "",
            "real_name": "kelu",
            "display_name": "",
            "team": "T5M5PLH8U",
            "name": "kelu",
            "is_restricted": false,
            "is_ultra_restricted": false
        },
        "thread_ts": "1562409983.022700",
        "parent_user_id": "U5M5PLH9S"
    }
]