[
    {
        "client_msg_id": "0f08960f-4d03-4058-beeb-34e780f99096",
        "type": "message",
        "text": "Do you have a picture of your setup ? Moreover, is your piezo in front of a clean reflector ?",
        "user": "U5M5PLH9S",
        "ts": "1547541013.090100",
        "team": "T5M5PLH8U",
        "user_team": "T5M5PLH8U",
        "source_team": "T5M5PLH8U",
        "user_profile": {
            "avatar_hash": "e4fb6ae9f526",
            "image_72": "https:\/\/avatars.slack-edge.com\/2017-06-01\/191144530514_e4fb6ae9f526531fd41c_72.jpg",
            "first_name": "",
            "real_name": "kelu",
            "display_name": "",
            "team": "T5M5PLH8U",
            "name": "kelu",
            "is_restricted": false,
            "is_ultra_restricted": false
        },
        "thread_ts": "1547533198.090000",
        "parent_user_id": "UF4G0PEF5"
    },
    {
        "type": "message",
        "text": "here is it. it isn't running in picture.(there is only power input connection)",
        "files": [
            {
                "id": "FFEK0DUSW",
                "created": 1547598291,
                "timestamp": 1547598291,
                "name": "image.png",
                "title": "Pasted image at 2019-01-16, 9:24 AM",
                "mimetype": "image\/png",
                "filetype": "png",
                "pretty_type": "PNG",
                "user": "UF4G0PEF5",
                "editable": false,
                "size": 2767222,
                "mode": "hosted",
                "is_external": false,
                "external_type": "",
                "is_public": true,
                "public_url_shared": false,
                "display_as_bot": false,
                "username": "",
                "url_private": "https:\/\/files.slack.com\/files-pri\/T5M5PLH8U-FFEK0DUSW\/image.png?t=xoxe-191193697300-1381062880324-1368140560006-96abaf9fa31dffabf8d2ddd7876c6250",
                "url_private_download": "https:\/\/files.slack.com\/files-pri\/T5M5PLH8U-FFEK0DUSW\/download\/image.png?t=xoxe-191193697300-1381062880324-1368140560006-96abaf9fa31dffabf8d2ddd7876c6250",
                "thumb_64": "https:\/\/files.slack.com\/files-tmb\/T5M5PLH8U-FFEK0DUSW-0745ca09ac\/image_64.png?t=xoxe-191193697300-1381062880324-1368140560006-96abaf9fa31dffabf8d2ddd7876c6250",
                "thumb_80": "https:\/\/files.slack.com\/files-tmb\/T5M5PLH8U-FFEK0DUSW-0745ca09ac\/image_80.png?t=xoxe-191193697300-1381062880324-1368140560006-96abaf9fa31dffabf8d2ddd7876c6250",
                "thumb_360": "https:\/\/files.slack.com\/files-tmb\/T5M5PLH8U-FFEK0DUSW-0745ca09ac\/image_360.png?t=xoxe-191193697300-1381062880324-1368140560006-96abaf9fa31dffabf8d2ddd7876c6250",
                "thumb_360_w": 270,
                "thumb_360_h": 360,
                "thumb_480": "https:\/\/files.slack.com\/files-tmb\/T5M5PLH8U-FFEK0DUSW-0745ca09ac\/image_480.png?t=xoxe-191193697300-1381062880324-1368140560006-96abaf9fa31dffabf8d2ddd7876c6250",
                "thumb_480_w": 360,
                "thumb_480_h": 480,
                "thumb_160": "https:\/\/files.slack.com\/files-tmb\/T5M5PLH8U-FFEK0DUSW-0745ca09ac\/image_160.png?t=xoxe-191193697300-1381062880324-1368140560006-96abaf9fa31dffabf8d2ddd7876c6250",
                "thumb_720": "https:\/\/files.slack.com\/files-tmb\/T5M5PLH8U-FFEK0DUSW-0745ca09ac\/image_720.png?t=xoxe-191193697300-1381062880324-1368140560006-96abaf9fa31dffabf8d2ddd7876c6250",
                "thumb_720_w": 540,
                "thumb_720_h": 720,
                "thumb_800": "https:\/\/files.slack.com\/files-tmb\/T5M5PLH8U-FFEK0DUSW-0745ca09ac\/image_800.png?t=xoxe-191193697300-1381062880324-1368140560006-96abaf9fa31dffabf8d2ddd7876c6250",
                "thumb_800_w": 800,
                "thumb_800_h": 1067,
                "thumb_960": "https:\/\/files.slack.com\/files-tmb\/T5M5PLH8U-FFEK0DUSW-0745ca09ac\/image_960.png?t=xoxe-191193697300-1381062880324-1368140560006-96abaf9fa31dffabf8d2ddd7876c6250",
                "thumb_960_w": 720,
                "thumb_960_h": 960,
                "thumb_1024": "https:\/\/files.slack.com\/files-tmb\/T5M5PLH8U-FFEK0DUSW-0745ca09ac\/image_1024.png?t=xoxe-191193697300-1381062880324-1368140560006-96abaf9fa31dffabf8d2ddd7876c6250",
                "thumb_1024_w": 768,
                "thumb_1024_h": 1024,
                "image_exif_rotation": 1,
                "original_w": 1080,
                "original_h": 1440,
                "permalink": "https:\/\/usdevkit.slack.com\/files\/UF4G0PEF5\/FFEK0DUSW\/image.png",
                "permalink_public": "https:\/\/slack-files.com\/T5M5PLH8U-FFEK0DUSW-70c0afcd36",
                "is_starred": false,
                "has_rich_preview": false
            }
        ],
        "upload": true,
        "user": "UF4G0PEF5",
        "display_as_bot": false,
        "ts": "1547598300.090300",
        "thread_ts": "1547533198.090000",
        "parent_user_id": "UF4G0PEF5"
    },
    {
        "client_msg_id": "542db603-d4d4-4273-90b1-94164be0ad8e",
        "type": "message",
        "text": "No, must it be in front of a clean reflector like a mirror??",
        "user": "UF4G0PEF5",
        "ts": "1547598477.090700",
        "team": "T5M5PLH8U",
        "user_team": "T5M5PLH8U",
        "source_team": "T5M5PLH8U",
        "user_profile": {
            "avatar_hash": "g659d13f17d7",
            "image_72": "https:\/\/secure.gravatar.com\/avatar\/4659d13f17d7e54b2d5f73a223a7cc25.jpg?s=72&d=https%3A%2F%2Fa.slack-edge.com%2Fdf10d%2Fimg%2Favatars%2Fava_0015-72.png",
            "first_name": "",
            "real_name": "MinjoonKang",
            "display_name": "MJKANG",
            "team": "T5M5PLH8U",
            "name": "mjkang9415",
            "is_restricted": false,
            "is_ultra_restricted": false
        },
        "edited": {
            "user": "UF4G0PEF5",
            "ts": "1547619548.000000"
        },
        "thread_ts": "1547533198.090000",
        "parent_user_id": "UF4G0PEF5"
    },
    {
        "client_msg_id": "6095eb56-b185-437c-ab77-62ff15f340ca",
        "type": "message",
        "text": "plus, I didn't attach a servo to the piezo yet",
        "user": "UF4G0PEF5",
        "ts": "1547600115.090900",
        "team": "T5M5PLH8U",
        "user_team": "T5M5PLH8U",
        "source_team": "T5M5PLH8U",
        "user_profile": {
            "avatar_hash": "g659d13f17d7",
            "image_72": "https:\/\/secure.gravatar.com\/avatar\/4659d13f17d7e54b2d5f73a223a7cc25.jpg?s=72&d=https%3A%2F%2Fa.slack-edge.com%2Fdf10d%2Fimg%2Favatars%2Fava_0015-72.png",
            "first_name": "",
            "real_name": "MinjoonKang",
            "display_name": "MJKANG",
            "team": "T5M5PLH8U",
            "name": "mjkang9415",
            "is_restricted": false,
            "is_ultra_restricted": false
        },
        "thread_ts": "1547533198.090000",
        "parent_user_id": "UF4G0PEF5"
    },
    {
        "client_msg_id": "04683e3a-531d-4c2f-b57c-9e2d77d595fc",
        "type": "message",
        "text": "If you want to see an echo, it is indeed better to have a sound reflector. A piece of plastic can do the trick.. With water between the piezo and the reflector. Also, you may want to set up a jumper to select high voltage, on the upper right hand connector.",
        "user": "U5M5PLH9S",
        "ts": "1547621623.091800",
        "team": "T5M5PLH8U",
        "user_team": "T5M5PLH8U",
        "source_team": "T5M5PLH8U",
        "user_profile": {
            "avatar_hash": "e4fb6ae9f526",
            "image_72": "https:\/\/avatars.slack-edge.com\/2017-06-01\/191144530514_e4fb6ae9f526531fd41c_72.jpg",
            "first_name": "",
            "real_name": "kelu",
            "display_name": "",
            "team": "T5M5PLH8U",
            "name": "kelu",
            "is_restricted": false,
            "is_ultra_restricted": false
        },
        "thread_ts": "1547533198.090000",
        "parent_user_id": "UF4G0PEF5"
    },
    {
        "client_msg_id": "1f1be601-95c8-4bcb-9ab2-f5b662c9528a",
        "type": "message",
        "text": "Where and how is positioned your piezo ?",
        "user": "U5M5PLH9S",
        "ts": "1547621654.092000",
        "team": "T5M5PLH8U",
        "user_team": "T5M5PLH8U",
        "source_team": "T5M5PLH8U",
        "user_profile": {
            "avatar_hash": "e4fb6ae9f526",
            "image_72": "https:\/\/avatars.slack-edge.com\/2017-06-01\/191144530514_e4fb6ae9f526531fd41c_72.jpg",
            "first_name": "",
            "real_name": "kelu",
            "display_name": "",
            "team": "T5M5PLH8U",
            "name": "kelu",
            "is_restricted": false,
            "is_ultra_restricted": false
        },
        "thread_ts": "1547533198.090000",
        "parent_user_id": "UF4G0PEF5"
    },
    {
        "client_msg_id": "8c170bb2-8fef-423c-9ebd-be4f74acd281",
        "type": "message",
        "text": "I'll put the jumper on high voltage pin! The piezo is positioned on display screen of my smartphone because it would be very reflective that I thought. As you indicated, I'm gonna set a reflector and the piezo in water now. Thank you very much :slightly_smiling_face:",
        "user": "UF4G0PEF5",
        "ts": "1547623243.092600",
        "team": "T5M5PLH8U",
        "user_team": "T5M5PLH8U",
        "source_team": "T5M5PLH8U",
        "user_profile": {
            "avatar_hash": "g659d13f17d7",
            "image_72": "https:\/\/secure.gravatar.com\/avatar\/4659d13f17d7e54b2d5f73a223a7cc25.jpg?s=72&d=https%3A%2F%2Fa.slack-edge.com%2Fdf10d%2Fimg%2Favatars%2Fava_0015-72.png",
            "first_name": "",
            "real_name": "MinjoonKang",
            "display_name": "MJKANG",
            "team": "T5M5PLH8U",
            "name": "mjkang9415",
            "is_restricted": false,
            "is_ultra_restricted": false
        },
        "thread_ts": "1547533198.090000",
        "parent_user_id": "UF4G0PEF5"
    }
]