[
    {
        "type": "message",
        "subtype": "channel_join",
        "ts": "1550640860.011200",
        "user": "UGBF9E63W",
        "text": "<@UGBF9E63W> has joined the channel"
    },
    {
        "client_msg_id": "938bf8fd-4c1b-493e-b28c-57f376278baa",
        "type": "message",
        "text": "<@U5M5PLH9S> maybe I want buy your project ultrasound image to I develop, but I not yet money enough",
        "user": "UE3JX8LUT",
        "ts": "1550647956.011400",
        "team": "T5M5PLH8U",
        "user_team": "T5M5PLH8U",
        "source_team": "T5M5PLH8U",
        "user_profile": {
            "avatar_hash": "a9159a929398",
            "image_72": "https:\/\/avatars.slack-edge.com\/2018-11-15\/479026488288_a9159a929398c4006149_72.jpg",
            "first_name": "Fadhli",
            "real_name": "Fadhli",
            "display_name": "Fadhli",
            "team": "T5M5PLH8U",
            "name": "fadhliazinnuddin",
            "is_restricted": false,
            "is_ultra_restricted": false
        },
        "reactions": [
            {
                "name": "+1",
                "users": [
                    "UF0SXEJ0M",
                    "U5M5PLH9S"
                ],
                "count": 2
            }
        ]
    },
    {
        "client_msg_id": "7b421aad-f2a9-409d-aae7-8f1da0df1581",
        "type": "message",
        "text": "<@U5M5PLH9S>  Because in my country use rupiah and must converted in dollar",
        "user": "UE3JX8LUT",
        "ts": "1550647981.011700",
        "team": "T5M5PLH8U",
        "user_team": "T5M5PLH8U",
        "source_team": "T5M5PLH8U",
        "user_profile": {
            "avatar_hash": "a9159a929398",
            "image_72": "https:\/\/avatars.slack-edge.com\/2018-11-15\/479026488288_a9159a929398c4006149_72.jpg",
            "first_name": "Fadhli",
            "real_name": "Fadhli",
            "display_name": "Fadhli",
            "team": "T5M5PLH8U",
            "name": "fadhliazinnuddin",
            "is_restricted": false,
            "is_ultra_restricted": false
        }
    }
]