[
    {
        "client_msg_id": "240d96c8-63ea-4e2b-a341-7197f4dd1012",
        "type": "message",
        "text": "If using frequency range 1KHz to 100KHz?",
        "user": "UE3JX8LUT",
        "ts": "1554281882.000500",
        "team": "T5M5PLH8U",
        "user_team": "T5M5PLH8U",
        "source_team": "T5M5PLH8U",
        "user_profile": {
            "avatar_hash": "a9159a929398",
            "image_72": "https:\/\/avatars.slack-edge.com\/2018-11-15\/479026488288_a9159a929398c4006149_72.jpg",
            "first_name": "Fadhli",
            "real_name": "Fadhli",
            "display_name": "Fadhli",
            "team": "T5M5PLH8U",
            "name": "fadhliazinnuddin",
            "is_restricted": false,
            "is_ultra_restricted": false
        },
        "thread_ts": "1551796412.005200",
        "parent_user_id": "UE3JX8LUT"
    },
    {
        "client_msg_id": "861b0693-b414-421f-a419-d09c1dfa66a8",
        "type": "message",
        "text": "1khz  is not ultrasound :)",
        "user": "U5M5PLH9S",
        "ts": "1554317297.000700",
        "team": "T5M5PLH8U",
        "user_team": "T5M5PLH8U",
        "source_team": "T5M5PLH8U",
        "user_profile": {
            "avatar_hash": "e4fb6ae9f526",
            "image_72": "https:\/\/avatars.slack-edge.com\/2017-06-01\/191144530514_e4fb6ae9f526531fd41c_72.jpg",
            "first_name": "",
            "real_name": "kelu",
            "display_name": "",
            "team": "T5M5PLH8U",
            "name": "kelu",
            "is_restricted": false,
            "is_ultra_restricted": false
        },
        "thread_ts": "1551796412.005200",
        "parent_user_id": "UE3JX8LUT"
    },
    {
        "client_msg_id": "13f350aa-f5da-4c69-9a6e-4e992213b3d8",
        "type": "message",
        "text": "Resonance ",
        "user": "UE3JX8LUT",
        "ts": "1554352788.000900",
        "team": "T5M5PLH8U",
        "user_team": "T5M5PLH8U",
        "source_team": "T5M5PLH8U",
        "user_profile": {
            "avatar_hash": "a9159a929398",
            "image_72": "https:\/\/avatars.slack-edge.com\/2018-11-15\/479026488288_a9159a929398c4006149_72.jpg",
            "first_name": "Fadhli",
            "real_name": "Fadhli",
            "display_name": "Fadhli",
            "team": "T5M5PLH8U",
            "name": "fadhliazinnuddin",
            "is_restricted": false,
            "is_ultra_restricted": false
        },
        "thread_ts": "1551796412.005200",
        "parent_user_id": "UE3JX8LUT"
    },
    {
        "client_msg_id": "1e837c91-f134-4801-a5f3-573a1a7f63fd",
        "type": "message",
        "text": "Maybe resonance",
        "user": "UE3JX8LUT",
        "ts": "1554352805.001100",
        "team": "T5M5PLH8U",
        "user_team": "T5M5PLH8U",
        "source_team": "T5M5PLH8U",
        "user_profile": {
            "avatar_hash": "a9159a929398",
            "image_72": "https:\/\/avatars.slack-edge.com\/2018-11-15\/479026488288_a9159a929398c4006149_72.jpg",
            "first_name": "Fadhli",
            "real_name": "Fadhli",
            "display_name": "Fadhli",
            "team": "T5M5PLH8U",
            "name": "fadhliazinnuddin",
            "is_restricted": false,
            "is_ultra_restricted": false
        },
        "thread_ts": "1551796412.005200",
        "parent_user_id": "UE3JX8LUT"
    },
    {
        "client_msg_id": "32015ae6-5d0f-4232-a348-81aa1d6d134a",
        "type": "message",
        "text": "But can if I using frequency range 1 KHz - 100kHz ?",
        "user": "UE3JX8LUT",
        "ts": "1554352950.001300",
        "team": "T5M5PLH8U",
        "user_team": "T5M5PLH8U",
        "source_team": "T5M5PLH8U",
        "user_profile": {
            "avatar_hash": "a9159a929398",
            "image_72": "https:\/\/avatars.slack-edge.com\/2018-11-15\/479026488288_a9159a929398c4006149_72.jpg",
            "first_name": "Fadhli",
            "real_name": "Fadhli",
            "display_name": "Fadhli",
            "team": "T5M5PLH8U",
            "name": "fadhliazinnuddin",
            "is_restricted": false,
            "is_ultra_restricted": false
        },
        "thread_ts": "1551796412.005200",
        "parent_user_id": "UE3JX8LUT"
    }
]