[
    {
        "client_msg_id": "4fcad49e-f9b2-44f0-b4f1-740193d55b6c",
        "type": "message",
        "text": "Last fun of the year - getting to know the piezos inside probes better with an antenna analyser : <https:\/\/github.com\/kelu124\/echomods\/tree\/master\/include\/images\/probes_vna> :smiley:",
        "user": "U5M5PLH9S",
        "ts": "1577738847.001000",
        "team": "T5M5PLH8U",
        "user_team": "T5M5PLH8U",
        "source_team": "T5M5PLH8U",
        "user_profile": {
            "avatar_hash": "e4fb6ae9f526",
            "image_72": "https:\/\/avatars.slack-edge.com\/2017-06-01\/191144530514_e4fb6ae9f526531fd41c_72.jpg",
            "first_name": "",
            "real_name": "kelu",
            "display_name": "",
            "team": "T5M5PLH8U",
            "name": "kelu",
            "is_restricted": false,
            "is_ultra_restricted": false
        },
        "blocks": [
            {
                "type": "rich_text",
                "block_id": "kFm",
                "elements": [
                    {
                        "type": "rich_text_section",
                        "elements": [
                            {
                                "type": "text",
                                "text": "Last fun of the year - getting to know the piezos inside probes better with an antenna analyser : "
                            },
                            {
                                "type": "link",
                                "url": "https:\/\/github.com\/kelu124\/echomods\/tree\/master\/include\/images\/probes_vna"
                            },
                            {
                                "type": "text",
                                "text": " "
                            },
                            {
                                "type": "emoji",
                                "name": "smiley"
                            }
                        ]
                    }
                ]
            }
        ],
        "reactions": [
            {
                "name": "raised_hands",
                "users": [
                    "U8Z3VB1T2"
                ],
                "count": 1
            }
        ]
    }
]