[
    {
        "client_msg_id": "b90d1110-394c-4517-8c56-787ee0899a7c",
        "type": "message",
        "text": "THank Goodness !",
        "user": "UF0SXEJ0M",
        "ts": "1550691897.000200",
        "team": "T5M5PLH8U",
        "user_team": "T5M5PLH8U",
        "source_team": "T5M5PLH8U",
        "user_profile": {
            "avatar_hash": "caf9f1375af3",
            "image_72": "https:\/\/avatars.slack-edge.com\/2019-02-12\/549018718117_caf9f1375af3bfa9e7a6_72.jpg",
            "first_name": "Sterling",
            "real_name": "Sterling Cooley",
            "display_name": "Sterling",
            "team": "T5M5PLH8U",
            "name": "percyacct2020",
            "is_restricted": false,
            "is_ultra_restricted": false
        },
        "thread_ts": "1550322852.010200",
        "parent_user_id": "U5M5PLH9S",
        "reactions": [
            {
                "name": "blush",
                "users": [
                    "U5M5PLH9S"
                ],
                "count": 1
            }
        ]
    }
]