[
    {
        "type": "message",
        "subtype": "channel_join",
        "ts": "1572949021.001600",
        "user": "UPXTN4XT3",
        "text": "<@UPXTN4XT3> has joined the channel"
    },
    {
        "client_msg_id": "6198b18b-ab6f-45c9-a854-b38dd17abc7f",
        "type": "message",
        "text": "Hi all. I am new in the field of Ultrasonic testing but I believe it can be the best solution for checking the sample with cracks that I have. The sample is a ring at the diameter of 100 mm. The thickness is about 1.5 mm and the length is about 3.5 mm. There are two cracks inside at the sides. I am looking for a system that I can buy to measure the size of the cracks. Will be happy to get assistance offers or ideas.",
        "user": "UPXTN4XT3",
        "ts": "1572950014.005500",
        "team": "T5M5PLH8U",
        "user_team": "T5M5PLH8U",
        "source_team": "T5M5PLH8U",
        "user_profile": {
            "avatar_hash": "gac067a44fd1",
            "image_72": "https:\/\/secure.gravatar.com\/avatar\/ac067a44fd1951e69fb1fbe512626484.jpg?s=72&d=https%3A%2F%2Fa.slack-edge.com%2Fdf10d%2Fimg%2Favatars%2Fava_0008-72.png",
            "first_name": "",
            "real_name": "Benny LaOr",
            "display_name": "Benny LaOr",
            "team": "T5M5PLH8U",
            "name": "bennylaor",
            "is_restricted": false,
            "is_ultra_restricted": false
        }
    },
    {
        "client_msg_id": "79af8dd9-f368-4f47-9734-12e34b158ab9",
        "type": "message",
        "text": "Hey Benny, glad to read from you. Yup, I guess ndt will help. Would you have a drawing of your ring with idea about the cracks positions ?",
        "user": "U5M5PLH9S",
        "ts": "1572974419.007100",
        "team": "T5M5PLH8U",
        "user_team": "T5M5PLH8U",
        "source_team": "T5M5PLH8U",
        "user_profile": {
            "avatar_hash": "e4fb6ae9f526",
            "image_72": "https:\/\/avatars.slack-edge.com\/2017-06-01\/191144530514_e4fb6ae9f526531fd41c_72.jpg",
            "first_name": "",
            "real_name": "kelu",
            "display_name": "",
            "team": "T5M5PLH8U",
            "name": "kelu",
            "is_restricted": false,
            "is_ultra_restricted": false
        }
    },
    {
        "type": "message",
        "text": "Hi. Attached you will find an image of the ring which has diameter of about 100 mm. I also added a Cross Section where I marked the two flaws\/gaps. X-Ray is the best however it is very expensive and requires a lot of protection. I thought that Ultra Sonic will provide a good solution.",
        "files": [
            {
                "id": "FQ9H2TJ06",
                "created": 1573027046,
                "timestamp": 1573027046,
                "name": "Ring.jpg",
                "title": "Ring.jpg",
                "mimetype": "image\/jpeg",
                "filetype": "jpg",
                "pretty_type": "JPEG",
                "user": "UPXTN4XT3",
                "editable": false,
                "size": 42069,
                "mode": "hosted",
                "is_external": false,
                "external_type": "",
                "is_public": true,
                "public_url_shared": false,
                "display_as_bot": false,
                "username": "",
                "url_private": "https:\/\/files.slack.com\/files-pri\/T5M5PLH8U-FQ9H2TJ06\/ring.jpg?t=xoxe-191193697300-1381062880324-1368140560006-96abaf9fa31dffabf8d2ddd7876c6250",
                "url_private_download": "https:\/\/files.slack.com\/files-pri\/T5M5PLH8U-FQ9H2TJ06\/download\/ring.jpg?t=xoxe-191193697300-1381062880324-1368140560006-96abaf9fa31dffabf8d2ddd7876c6250",
                "thumb_64": "https:\/\/files.slack.com\/files-tmb\/T5M5PLH8U-FQ9H2TJ06-3968d012fe\/ring_64.jpg?t=xoxe-191193697300-1381062880324-1368140560006-96abaf9fa31dffabf8d2ddd7876c6250",
                "thumb_80": "https:\/\/files.slack.com\/files-tmb\/T5M5PLH8U-FQ9H2TJ06-3968d012fe\/ring_80.jpg?t=xoxe-191193697300-1381062880324-1368140560006-96abaf9fa31dffabf8d2ddd7876c6250",
                "thumb_360": "https:\/\/files.slack.com\/files-tmb\/T5M5PLH8U-FQ9H2TJ06-3968d012fe\/ring_360.jpg?t=xoxe-191193697300-1381062880324-1368140560006-96abaf9fa31dffabf8d2ddd7876c6250",
                "thumb_360_w": 360,
                "thumb_360_h": 269,
                "thumb_480": "https:\/\/files.slack.com\/files-tmb\/T5M5PLH8U-FQ9H2TJ06-3968d012fe\/ring_480.jpg?t=xoxe-191193697300-1381062880324-1368140560006-96abaf9fa31dffabf8d2ddd7876c6250",
                "thumb_480_w": 480,
                "thumb_480_h": 359,
                "thumb_160": "https:\/\/files.slack.com\/files-tmb\/T5M5PLH8U-FQ9H2TJ06-3968d012fe\/ring_160.jpg?t=xoxe-191193697300-1381062880324-1368140560006-96abaf9fa31dffabf8d2ddd7876c6250",
                "thumb_720": "https:\/\/files.slack.com\/files-tmb\/T5M5PLH8U-FQ9H2TJ06-3968d012fe\/ring_720.jpg?t=xoxe-191193697300-1381062880324-1368140560006-96abaf9fa31dffabf8d2ddd7876c6250",
                "thumb_720_w": 720,
                "thumb_720_h": 538,
                "thumb_800": "https:\/\/files.slack.com\/files-tmb\/T5M5PLH8U-FQ9H2TJ06-3968d012fe\/ring_800.jpg?t=xoxe-191193697300-1381062880324-1368140560006-96abaf9fa31dffabf8d2ddd7876c6250",
                "thumb_800_w": 800,
                "thumb_800_h": 598,
                "image_exif_rotation": 1,
                "original_w": 889,
                "original_h": 664,
                "thumb_tiny": "AwAjADDTopuaYXYnCj8TQBJmkJqP5\/74\/BaPnH8Sn6jFAD80lNDZOCMGlzTAdim7GB+UjHoalopARfP\/AHB+DUYkP8Kj6nNS0UARCPHLHJNO20457D9aBnuKAFooooAKKKKACiiigD\/\/2Q==",
                "permalink": "https:\/\/usdevkit.slack.com\/files\/UPXTN4XT3\/FQ9H2TJ06\/ring.jpg",
                "permalink_public": "https:\/\/slack-files.com\/T5M5PLH8U-FQ9H2TJ06-3c2d831677",
                "is_starred": false,
                "has_rich_preview": false
            }
        ],
        "upload": true,
        "user": "UPXTN4XT3",
        "display_as_bot": false,
        "ts": "1573027048.007200",
        "client_msg_id": "cb0f59d2-8205-4ace-a82c-b479c13d6ef5"
    }
]