[
    {
        "client_msg_id": "43e598ba-77f9-4966-a927-17373da053fb",
        "type": "message",
        "text": "<@U5M5PLH9S> Actually that is for low budget charitable medical center &amp; institute. There budget is near about $500.",
        "user": "UGEG0ETAL",
        "ts": "1551255578.024000",
        "team": "T5M5PLH8U",
        "user_team": "T5M5PLH8U",
        "source_team": "T5M5PLH8U",
        "user_profile": {
            "avatar_hash": "g9ea2aee1d45",
            "image_72": "https:\/\/secure.gravatar.com\/avatar\/79ea2aee1d45f3c311eb250baa5be6a7.jpg?s=72&d=https%3A%2F%2Fa.slack-edge.com%2Fdf10d%2Fimg%2Favatars%2Fava_0026-72.png",
            "first_name": "",
            "real_name": "RohitkananJain",
            "display_name": "",
            "team": "T5M5PLH8U",
            "name": "rohitkananjain",
            "is_restricted": false,
            "is_ultra_restricted": false
        },
        "thread_ts": "1551172531.019100",
        "parent_user_id": "UGEG0ETAL"
    },
    {
        "client_msg_id": "3bcb16cb-4980-4355-90e4-a18adf56ce16",
        "type": "message",
        "text": "In this case, I would not recommend using a DIY tool, which is fine for personal hacking\/research and absolutely not okay for medical uses.\nHowever you can find somehow decent probes on alibaba from 600-1000$.",
        "user": "U5M5PLH9S",
        "ts": "1551256159.024200",
        "team": "T5M5PLH8U",
        "user_team": "T5M5PLH8U",
        "source_team": "T5M5PLH8U",
        "user_profile": {
            "avatar_hash": "e4fb6ae9f526",
            "image_72": "https:\/\/avatars.slack-edge.com\/2017-06-01\/191144530514_e4fb6ae9f526531fd41c_72.jpg",
            "first_name": "",
            "real_name": "kelu",
            "display_name": "",
            "team": "T5M5PLH8U",
            "name": "kelu",
            "is_restricted": false,
            "is_ultra_restricted": false
        },
        "thread_ts": "1551172531.019100",
        "parent_user_id": "UGEG0ETAL"
    },
    {
        "client_msg_id": "2d448c64-a181-4d4e-a48b-846693d9fb54",
        "type": "message",
        "text": "<@U5M5PLH9S> I have discussed budget will be raised but preference will be given to open sources because that is for research also.",
        "user": "UGEG0ETAL",
        "ts": "1551271934.024400",
        "team": "T5M5PLH8U",
        "user_team": "T5M5PLH8U",
        "source_team": "T5M5PLH8U",
        "user_profile": {
            "avatar_hash": "g9ea2aee1d45",
            "image_72": "https:\/\/secure.gravatar.com\/avatar\/79ea2aee1d45f3c311eb250baa5be6a7.jpg?s=72&d=https%3A%2F%2Fa.slack-edge.com%2Fdf10d%2Fimg%2Favatars%2Fava_0026-72.png",
            "first_name": "",
            "real_name": "RohitkananJain",
            "display_name": "",
            "team": "T5M5PLH8U",
            "name": "rohitkananjain",
            "is_restricted": false,
            "is_ultra_restricted": false
        },
        "thread_ts": "1551172531.019100",
        "parent_user_id": "UGEG0ETAL"
    },
    {
        "client_msg_id": "19d690ef-9c2b-47ca-8185-4bd4cc00fa76",
        "type": "message",
        "text": "Main issue is that as of today i do not know of open source medical ultrasound systems.\n for a limited budget, one could use these wifi probes and work a client interface to capture the images.. ",
        "user": "U5M5PLH9S",
        "ts": "1551273666.024600",
        "team": "T5M5PLH8U",
        "user_team": "T5M5PLH8U",
        "source_team": "T5M5PLH8U",
        "user_profile": {
            "avatar_hash": "e4fb6ae9f526",
            "image_72": "https:\/\/avatars.slack-edge.com\/2017-06-01\/191144530514_e4fb6ae9f526531fd41c_72.jpg",
            "first_name": "",
            "real_name": "kelu",
            "display_name": "",
            "team": "T5M5PLH8U",
            "name": "kelu",
            "is_restricted": false,
            "is_ultra_restricted": false
        },
        "thread_ts": "1551172531.019100",
        "parent_user_id": "UGEG0ETAL"
    },
    {
        "client_msg_id": "cb826d8e-8e57-4330-9899-67402460c4d2",
        "type": "message",
        "text": "<@U5M5PLH9S>  As I search raspberry pi, arduino, beaglebone &amp; many other board can be connected to APM,TPM,ADC modules &amp; probe to be resulted in successful kit.But I haven't done it practically so,not sure about  it effeciency.Please guide me",
        "user": "UGEG0ETAL",
        "ts": "1551277134.024800",
        "team": "T5M5PLH8U",
        "user_team": "T5M5PLH8U",
        "source_team": "T5M5PLH8U",
        "user_profile": {
            "avatar_hash": "g9ea2aee1d45",
            "image_72": "https:\/\/secure.gravatar.com\/avatar\/79ea2aee1d45f3c311eb250baa5be6a7.jpg?s=72&d=https%3A%2F%2Fa.slack-edge.com%2Fdf10d%2Fimg%2Favatars%2Fava_0026-72.png",
            "first_name": "",
            "real_name": "RohitkananJain",
            "display_name": "",
            "team": "T5M5PLH8U",
            "name": "rohitkananjain",
            "is_restricted": false,
            "is_ultra_restricted": false
        },
        "thread_ts": "1551172531.019100",
        "parent_user_id": "UGEG0ETAL"
    },
    {
        "type": "message",
        "text": "",
        "files": [
            {
                "id": "FGJKVH96Z",
                "created": 1551277333,
                "timestamp": 1551277333,
                "name": "15512772633617844445.jpg",
                "title": "@kelu",
                "mimetype": "image\/jpeg",
                "filetype": "jpg",
                "pretty_type": "JPEG",
                "user": "UGEG0ETAL",
                "editable": false,
                "size": 13185,
                "mode": "hosted",
                "is_external": false,
                "external_type": "",
                "is_public": true,
                "public_url_shared": false,
                "display_as_bot": false,
                "username": "",
                "url_private": "https:\/\/files.slack.com\/files-pri\/T5M5PLH8U-FGJKVH96Z\/15512772633617844445.jpg?t=xoxe-191193697300-1381062880324-1368140560006-96abaf9fa31dffabf8d2ddd7876c6250",
                "url_private_download": "https:\/\/files.slack.com\/files-pri\/T5M5PLH8U-FGJKVH96Z\/download\/15512772633617844445.jpg?t=xoxe-191193697300-1381062880324-1368140560006-96abaf9fa31dffabf8d2ddd7876c6250",
                "thumb_64": "https:\/\/files.slack.com\/files-tmb\/T5M5PLH8U-FGJKVH96Z-c3b628a6f8\/15512772633617844445_64.jpg?t=xoxe-191193697300-1381062880324-1368140560006-96abaf9fa31dffabf8d2ddd7876c6250",
                "thumb_80": "https:\/\/files.slack.com\/files-tmb\/T5M5PLH8U-FGJKVH96Z-c3b628a6f8\/15512772633617844445_80.jpg?t=xoxe-191193697300-1381062880324-1368140560006-96abaf9fa31dffabf8d2ddd7876c6250",
                "thumb_360": "https:\/\/files.slack.com\/files-tmb\/T5M5PLH8U-FGJKVH96Z-c3b628a6f8\/15512772633617844445_360.jpg?t=xoxe-191193697300-1381062880324-1368140560006-96abaf9fa31dffabf8d2ddd7876c6250",
                "thumb_360_w": 360,
                "thumb_360_h": 223,
                "thumb_160": "https:\/\/files.slack.com\/files-tmb\/T5M5PLH8U-FGJKVH96Z-c3b628a6f8\/15512772633617844445_160.jpg?t=xoxe-191193697300-1381062880324-1368140560006-96abaf9fa31dffabf8d2ddd7876c6250",
                "image_exif_rotation": 1,
                "original_w": 400,
                "original_h": 248,
                "permalink": "https:\/\/usdevkit.slack.com\/files\/UGEG0ETAL\/FGJKVH96Z\/15512772633617844445.jpg",
                "permalink_public": "https:\/\/slack-files.com\/T5M5PLH8U-FGJKVH96Z-0a97eaf83c",
                "is_starred": false,
                "has_rich_preview": false
            }
        ],
        "upload": true,
        "user": "UGEG0ETAL",
        "display_as_bot": false,
        "ts": "1551277335.025000",
        "client_msg_id": "afdba6a6-786a-445b-b4a7-d26a62d3c3ad"
    },
    {
        "type": "message",
        "text": "",
        "files": [
            {
                "id": "FGKCDBKB9",
                "created": 1551277427,
                "timestamp": 1551277427,
                "name": "155127738898243567377.jpg",
                "title": "@kelu",
                "mimetype": "image\/jpeg",
                "filetype": "jpg",
                "pretty_type": "JPEG",
                "user": "UGEG0ETAL",
                "editable": false,
                "size": 49865,
                "mode": "hosted",
                "is_external": false,
                "external_type": "",
                "is_public": true,
                "public_url_shared": false,
                "display_as_bot": false,
                "username": "",
                "url_private": "https:\/\/files.slack.com\/files-pri\/T5M5PLH8U-FGKCDBKB9\/155127738898243567377.jpg?t=xoxe-191193697300-1381062880324-1368140560006-96abaf9fa31dffabf8d2ddd7876c6250",
                "url_private_download": "https:\/\/files.slack.com\/files-pri\/T5M5PLH8U-FGKCDBKB9\/download\/155127738898243567377.jpg?t=xoxe-191193697300-1381062880324-1368140560006-96abaf9fa31dffabf8d2ddd7876c6250",
                "thumb_64": "https:\/\/files.slack.com\/files-tmb\/T5M5PLH8U-FGKCDBKB9-5a682306f3\/155127738898243567377_64.jpg?t=xoxe-191193697300-1381062880324-1368140560006-96abaf9fa31dffabf8d2ddd7876c6250",
                "thumb_80": "https:\/\/files.slack.com\/files-tmb\/T5M5PLH8U-FGKCDBKB9-5a682306f3\/155127738898243567377_80.jpg?t=xoxe-191193697300-1381062880324-1368140560006-96abaf9fa31dffabf8d2ddd7876c6250",
                "thumb_360": "https:\/\/files.slack.com\/files-tmb\/T5M5PLH8U-FGKCDBKB9-5a682306f3\/155127738898243567377_360.jpg?t=xoxe-191193697300-1381062880324-1368140560006-96abaf9fa31dffabf8d2ddd7876c6250",
                "thumb_360_w": 360,
                "thumb_360_h": 270,
                "thumb_480": "https:\/\/files.slack.com\/files-tmb\/T5M5PLH8U-FGKCDBKB9-5a682306f3\/155127738898243567377_480.jpg?t=xoxe-191193697300-1381062880324-1368140560006-96abaf9fa31dffabf8d2ddd7876c6250",
                "thumb_480_w": 480,
                "thumb_480_h": 360,
                "thumb_160": "https:\/\/files.slack.com\/files-tmb\/T5M5PLH8U-FGKCDBKB9-5a682306f3\/155127738898243567377_160.jpg?t=xoxe-191193697300-1381062880324-1368140560006-96abaf9fa31dffabf8d2ddd7876c6250",
                "thumb_720": "https:\/\/files.slack.com\/files-tmb\/T5M5PLH8U-FGKCDBKB9-5a682306f3\/155127738898243567377_720.jpg?t=xoxe-191193697300-1381062880324-1368140560006-96abaf9fa31dffabf8d2ddd7876c6250",
                "thumb_720_w": 720,
                "thumb_720_h": 539,
                "thumb_800": "https:\/\/files.slack.com\/files-tmb\/T5M5PLH8U-FGKCDBKB9-5a682306f3\/155127738898243567377_800.jpg?t=xoxe-191193697300-1381062880324-1368140560006-96abaf9fa31dffabf8d2ddd7876c6250",
                "thumb_800_w": 800,
                "thumb_800_h": 599,
                "image_exif_rotation": 1,
                "original_w": 817,
                "original_h": 612,
                "permalink": "https:\/\/usdevkit.slack.com\/files\/UGEG0ETAL\/FGKCDBKB9\/155127738898243567377.jpg",
                "permalink_public": "https:\/\/slack-files.com\/T5M5PLH8U-FGKCDBKB9-358562e4b5",
                "is_starred": false,
                "has_rich_preview": false
            }
        ],
        "upload": true,
        "user": "UGEG0ETAL",
        "display_as_bot": false,
        "ts": "1551277432.025300",
        "client_msg_id": "ad8705cf-ac96-402f-82ea-7f0b9c0ff1dc",
        "thread_ts": "1551277432.025300",
        "reply_count": 1,
        "reply_users_count": 1,
        "latest_reply": "1551277908.026000",
        "reply_users": [
            "U5M5PLH9S"
        ],
        "replies": [
            {
                "user": "U5M5PLH9S",
                "ts": "1551277908.026000"
            }
        ],
        "subscribed": true,
        "last_read": "1551277908.026000"
    },
    {
        "client_msg_id": "0653b035-65b5-4c87-b9ec-4b7975f2549b",
        "type": "message",
        "text": "Indeed, one can discover electronics of ultrasound acquisition and processing with my modules for example,  which is now the easy part.. more difficult is to find the right sensor and develop good software around it.\nBut quality will surely not be medical grade, as the quality for example will be limited by the probe you use (which can be good for some uses but unusable on others), as well as the right software. If you have an electrical engineer and a software dev for a couple of month, indeed, it would a good shot (careful, this costs money and time..). But I have not seen so far a medical system based on these boards, so you will have to develop your own. There's a reason why medical ultrasound machines are that expensive ;)",
        "user": "U5M5PLH9S",
        "ts": "1551277720.025600",
        "team": "T5M5PLH8U",
        "user_team": "T5M5PLH8U",
        "source_team": "T5M5PLH8U",
        "user_profile": {
            "avatar_hash": "e4fb6ae9f526",
            "image_72": "https:\/\/avatars.slack-edge.com\/2017-06-01\/191144530514_e4fb6ae9f526531fd41c_72.jpg",
            "first_name": "",
            "real_name": "kelu",
            "display_name": "",
            "team": "T5M5PLH8U",
            "name": "kelu",
            "is_restricted": false,
            "is_ultra_restricted": false
        },
        "thread_ts": "1551172531.019100",
        "parent_user_id": "UGEG0ETAL"
    },
    {
        "client_msg_id": "52eea350-5813-4e9e-973e-6363624d8273",
        "type": "message",
        "text": "My guidance is : if you have an engineering team to build a medical system, be my guest :) disclaimer: it will be difficult.\nIf you do not have these resources, go for the Chinese probe to give a try at first. :blush:\nHowever, if you don't want to do medical grade uultrasound but want to discover how ultrasound works, have a look at the modules I developed :wink:",
        "user": "U5M5PLH9S",
        "ts": "1551277868.025800",
        "team": "T5M5PLH8U",
        "user_team": "T5M5PLH8U",
        "source_team": "T5M5PLH8U",
        "user_profile": {
            "avatar_hash": "e4fb6ae9f526",
            "image_72": "https:\/\/avatars.slack-edge.com\/2017-06-01\/191144530514_e4fb6ae9f526531fd41c_72.jpg",
            "first_name": "",
            "real_name": "kelu",
            "display_name": "",
            "team": "T5M5PLH8U",
            "name": "kelu",
            "is_restricted": false,
            "is_ultra_restricted": false
        },
        "thread_ts": "1551172531.019100",
        "parent_user_id": "UGEG0ETAL"
    },
    {
        "client_msg_id": "0a4a51b6-c0fe-437e-aec8-ca3ae40a43ab",
        "type": "message",
        "text": "Indeed, but this is far from a medical level ultrasound machine :wink:",
        "user": "U5M5PLH9S",
        "ts": "1551277908.026000",
        "team": "T5M5PLH8U",
        "user_team": "T5M5PLH8U",
        "source_team": "T5M5PLH8U",
        "user_profile": {
            "avatar_hash": "e4fb6ae9f526",
            "image_72": "https:\/\/avatars.slack-edge.com\/2017-06-01\/191144530514_e4fb6ae9f526531fd41c_72.jpg",
            "first_name": "",
            "real_name": "kelu",
            "display_name": "",
            "team": "T5M5PLH8U",
            "name": "kelu",
            "is_restricted": false,
            "is_ultra_restricted": false
        },
        "thread_ts": "1551277432.025300",
        "parent_user_id": "UGEG0ETAL"
    },
    {
        "client_msg_id": "980e5c7d-9c7b-4efd-8956-9cb68eccb9d6",
        "type": "message",
        "text": "I don't want at all to discourage you or say its impossible, just be aware you are entering a path of difficulties and efforts .. definitely worth it if you can make it in the end!!:nerd_face::nerd_face:",
        "user": "U5M5PLH9S",
        "ts": "1551277979.026200",
        "team": "T5M5PLH8U",
        "user_team": "T5M5PLH8U",
        "source_team": "T5M5PLH8U",
        "user_profile": {
            "avatar_hash": "e4fb6ae9f526",
            "image_72": "https:\/\/avatars.slack-edge.com\/2017-06-01\/191144530514_e4fb6ae9f526531fd41c_72.jpg",
            "first_name": "",
            "real_name": "kelu",
            "display_name": "",
            "team": "T5M5PLH8U",
            "name": "kelu",
            "is_restricted": false,
            "is_ultra_restricted": false
        },
        "thread_ts": "1551172531.019100",
        "parent_user_id": "UGEG0ETAL"
    }
]