[
    {
        "client_msg_id": "ed8f7db6-a6e3-492a-b796-8f5de0f17e36",
        "type": "message",
        "text": "With pleasure :smiley: What is the journal ?",
        "user": "U5M5PLH9S",
        "ts": "1557415302.010600",
        "team": "T5M5PLH8U",
        "user_team": "T5M5PLH8U",
        "source_team": "T5M5PLH8U",
        "user_profile": {
            "avatar_hash": "e4fb6ae9f526",
            "image_72": "https:\/\/avatars.slack-edge.com\/2017-06-01\/191144530514_e4fb6ae9f526531fd41c_72.jpg",
            "first_name": "",
            "real_name": "kelu",
            "display_name": "",
            "team": "T5M5PLH8U",
            "name": "kelu",
            "is_restricted": false,
            "is_ultra_restricted": false
        },
        "thread_ts": "1557415302.010600",
        "reply_count": 1,
        "reply_users_count": 1,
        "latest_reply": "1557420279.010700",
        "reply_users": [
            "UE3JX8LUT"
        ],
        "replies": [
            {
                "user": "UE3JX8LUT",
                "ts": "1557420279.010700"
            }
        ],
        "subscribed": true,
        "last_read": "1557420279.010700"
    },
    {
        "client_msg_id": "0d28597a-0faa-4d1a-a304-fa3666f8c0c9",
        "type": "message",
        "text": "Journal about your project to my refence :slightly_smiling_face::slightly_smiling_face:",
        "user": "UE3JX8LUT",
        "ts": "1557420279.010700",
        "team": "T5M5PLH8U",
        "user_team": "T5M5PLH8U",
        "source_team": "T5M5PLH8U",
        "user_profile": {
            "avatar_hash": "a9159a929398",
            "image_72": "https:\/\/avatars.slack-edge.com\/2018-11-15\/479026488288_a9159a929398c4006149_72.jpg",
            "first_name": "Fadhli",
            "real_name": "Fadhli",
            "display_name": "Fadhli",
            "team": "T5M5PLH8U",
            "name": "fadhliazinnuddin",
            "is_restricted": false,
            "is_ultra_restricted": false
        },
        "thread_ts": "1557415302.010600",
        "parent_user_id": "U5M5PLH9S"
    },
    {
        "client_msg_id": "a516bc2b-9bfb-41b4-b215-d47f878d9506",
        "type": "message",
        "text": "<@UE3JX8LUT> are you looking for this article? <http:\/\/openhardware.metajnl.com\/articles\/10.5334\/joh.2\/>",
        "user": "U8Z3VB1T2",
        "ts": "1557461815.011100",
        "team": "T5M5PLH8U",
        "user_team": "T5M5PLH8U",
        "source_team": "T5M5PLH8U",
        "user_profile": {
            "avatar_hash": "g49ad52d7df8",
            "image_72": "https:\/\/secure.gravatar.com\/avatar\/449ad52d7df89ecbe8ebe0fd87d3f63f.jpg?s=72&d=https%3A%2F%2Fa.slack-edge.com%2Fdf10d%2Fimg%2Favatars%2Fava_0026-72.png",
            "first_name": "",
            "real_name": "William Meng",
            "display_name": "",
            "team": "T5M5PLH8U",
            "name": "wlmeng11",
            "is_restricted": false,
            "is_ultra_restricted": false
        },
        "edited": {
            "user": "U8Z3VB1T2",
            "ts": "1561884677.000000"
        }
    },
    {
        "client_msg_id": "912a2d39-4185-41d1-a4c1-234b42f1143e",
        "type": "message",
        "text": "Thanks <@U8Z3VB1T2> ",
        "user": "UE3JX8LUT",
        "ts": "1557462364.011500",
        "team": "T5M5PLH8U",
        "user_team": "T5M5PLH8U",
        "source_team": "T5M5PLH8U",
        "user_profile": {
            "avatar_hash": "a9159a929398",
            "image_72": "https:\/\/avatars.slack-edge.com\/2018-11-15\/479026488288_a9159a929398c4006149_72.jpg",
            "first_name": "Fadhli",
            "real_name": "Fadhli",
            "display_name": "Fadhli",
            "team": "T5M5PLH8U",
            "name": "fadhliazinnuddin",
            "is_restricted": false,
            "is_ultra_restricted": false
        }
    },
    {
        "client_msg_id": "f4ff0c91-3e49-46d5-80df-1bbb4ed9ebc9",
        "type": "message",
        "text": "Ooops :\/ Thanks guys :)",
        "user": "U5M5PLH9S",
        "ts": "1557468840.011900",
        "team": "T5M5PLH8U",
        "user_team": "T5M5PLH8U",
        "source_team": "T5M5PLH8U",
        "user_profile": {
            "avatar_hash": "e4fb6ae9f526",
            "image_72": "https:\/\/avatars.slack-edge.com\/2017-06-01\/191144530514_e4fb6ae9f526531fd41c_72.jpg",
            "first_name": "",
            "real_name": "kelu",
            "display_name": "",
            "team": "T5M5PLH8U",
            "name": "kelu",
            "is_restricted": false,
            "is_ultra_restricted": false
        }
    }
]