[
    {
        "type": "message",
        "text": "Tests of the pHAT-like lit3rick coming soon ;)",
        "files": [
            {
                "id": "FGAB7TTV4",
                "created": 1550322852,
                "timestamp": 1550322852,
                "name": "IMG_20190216_141307.jpg",
                "title": "IMG_20190216_141307.jpg",
                "mimetype": "image\/jpeg",
                "filetype": "jpg",
                "pretty_type": "JPEG",
                "user": "U5M5PLH9S",
                "editable": false,
                "size": 803398,
                "mode": "hosted",
                "is_external": false,
                "external_type": "",
                "is_public": true,
                "public_url_shared": false,
                "display_as_bot": false,
                "username": "",
                "url_private": "https:\/\/files.slack.com\/files-pri\/T5M5PLH8U-FGAB7TTV4\/img_20190216_141307.jpg?t=xoxe-191193697300-1381062880324-1368140560006-96abaf9fa31dffabf8d2ddd7876c6250",
                "url_private_download": "https:\/\/files.slack.com\/files-pri\/T5M5PLH8U-FGAB7TTV4\/download\/img_20190216_141307.jpg?t=xoxe-191193697300-1381062880324-1368140560006-96abaf9fa31dffabf8d2ddd7876c6250",
                "thumb_64": "https:\/\/files.slack.com\/files-tmb\/T5M5PLH8U-FGAB7TTV4-4343e3b204\/img_20190216_141307_64.jpg?t=xoxe-191193697300-1381062880324-1368140560006-96abaf9fa31dffabf8d2ddd7876c6250",
                "thumb_80": "https:\/\/files.slack.com\/files-tmb\/T5M5PLH8U-FGAB7TTV4-4343e3b204\/img_20190216_141307_80.jpg?t=xoxe-191193697300-1381062880324-1368140560006-96abaf9fa31dffabf8d2ddd7876c6250",
                "thumb_360": "https:\/\/files.slack.com\/files-tmb\/T5M5PLH8U-FGAB7TTV4-4343e3b204\/img_20190216_141307_360.jpg?t=xoxe-191193697300-1381062880324-1368140560006-96abaf9fa31dffabf8d2ddd7876c6250",
                "thumb_360_w": 270,
                "thumb_360_h": 360,
                "thumb_480": "https:\/\/files.slack.com\/files-tmb\/T5M5PLH8U-FGAB7TTV4-4343e3b204\/img_20190216_141307_480.jpg?t=xoxe-191193697300-1381062880324-1368140560006-96abaf9fa31dffabf8d2ddd7876c6250",
                "thumb_480_w": 360,
                "thumb_480_h": 480,
                "thumb_160": "https:\/\/files.slack.com\/files-tmb\/T5M5PLH8U-FGAB7TTV4-4343e3b204\/img_20190216_141307_160.jpg?t=xoxe-191193697300-1381062880324-1368140560006-96abaf9fa31dffabf8d2ddd7876c6250",
                "thumb_720": "https:\/\/files.slack.com\/files-tmb\/T5M5PLH8U-FGAB7TTV4-4343e3b204\/img_20190216_141307_720.jpg?t=xoxe-191193697300-1381062880324-1368140560006-96abaf9fa31dffabf8d2ddd7876c6250",
                "thumb_720_w": 540,
                "thumb_720_h": 720,
                "thumb_800": "https:\/\/files.slack.com\/files-tmb\/T5M5PLH8U-FGAB7TTV4-4343e3b204\/img_20190216_141307_800.jpg?t=xoxe-191193697300-1381062880324-1368140560006-96abaf9fa31dffabf8d2ddd7876c6250",
                "thumb_800_w": 800,
                "thumb_800_h": 1067,
                "thumb_960": "https:\/\/files.slack.com\/files-tmb\/T5M5PLH8U-FGAB7TTV4-4343e3b204\/img_20190216_141307_960.jpg?t=xoxe-191193697300-1381062880324-1368140560006-96abaf9fa31dffabf8d2ddd7876c6250",
                "thumb_960_w": 720,
                "thumb_960_h": 960,
                "thumb_1024": "https:\/\/files.slack.com\/files-tmb\/T5M5PLH8U-FGAB7TTV4-4343e3b204\/img_20190216_141307_1024.jpg?t=xoxe-191193697300-1381062880324-1368140560006-96abaf9fa31dffabf8d2ddd7876c6250",
                "thumb_1024_w": 768,
                "thumb_1024_h": 1024,
                "image_exif_rotation": 1,
                "original_w": 2448,
                "original_h": 3264,
                "permalink": "https:\/\/usdevkit.slack.com\/files\/U5M5PLH9S\/FGAB7TTV4\/img_20190216_141307.jpg",
                "permalink_public": "https:\/\/slack-files.com\/T5M5PLH8U-FGAB7TTV4-20ab3c347f",
                "is_starred": false,
                "has_rich_preview": false
            }
        ],
        "upload": true,
        "user": "U5M5PLH9S",
        "display_as_bot": false,
        "ts": "1550322852.010200",
        "client_msg_id": "a912d068-bb1b-4d80-88c3-c8095f3e3f30",
        "thread_ts": "1550322852.010200",
        "reply_count": 5,
        "reply_users_count": 2,
        "latest_reply": "1551213613.023300",
        "reply_users": [
            "U5M5PLH9S",
            "UF0SXEJ0M"
        ],
        "replies": [
            {
                "user": "U5M5PLH9S",
                "ts": "1550342756.010900"
            },
            {
                "user": "UF0SXEJ0M",
                "ts": "1550691897.000200"
            },
            {
                "user": "U5M5PLH9S",
                "ts": "1551038858.002500"
            },
            {
                "user": "U5M5PLH9S",
                "ts": "1551212517.022800"
            },
            {
                "user": "U5M5PLH9S",
                "ts": "1551213613.023300"
            }
        ],
        "subscribed": true,
        "last_read": "1551213613.023300",
        "reactions": [
            {
                "name": "raised_hands",
                "users": [
                    "U8Z3VB1T2"
                ],
                "count": 1
            },
            {
                "name": "heart",
                "users": [
                    "UF0SXEJ0M"
                ],
                "count": 1
            },
            {
                "name": "+1",
                "users": [
                    "UGR3ZBDDE"
                ],
                "count": 1
            }
        ]
    },
    {
        "client_msg_id": "A00C15DE-B9DB-4FC6-BD46-5284B43FBA74",
        "type": "message",
        "text": "Oooh very nice!! ",
        "user": "U8Z3VB1T2",
        "ts": "1550335640.010800",
        "team": "T5M5PLH8U",
        "user_team": "T5M5PLH8U",
        "source_team": "T5M5PLH8U",
        "user_profile": {
            "avatar_hash": "g49ad52d7df8",
            "image_72": "https:\/\/secure.gravatar.com\/avatar\/449ad52d7df89ecbe8ebe0fd87d3f63f.jpg?s=72&d=https%3A%2F%2Fa.slack-edge.com%2Fdf10d%2Fimg%2Favatars%2Fava_0026-72.png",
            "first_name": "",
            "real_name": "William Meng",
            "display_name": "",
            "team": "T5M5PLH8U",
            "name": "wlmeng11",
            "is_restricted": false,
            "is_ultra_restricted": false
        }
    },
    {
        "client_msg_id": "cf05e654-3647-4473-9a35-f508c5f1a87e",
        "type": "message",
        "text": "And.... already, no magic smoke :birthday::face_with_thermometer::helmet_with_white_cross::helmet_with_white_cross::boom::fire:",
        "user": "U5M5PLH9S",
        "ts": "1550342756.010900",
        "team": "T5M5PLH8U",
        "user_team": "T5M5PLH8U",
        "source_team": "T5M5PLH8U",
        "user_profile": {
            "avatar_hash": "e4fb6ae9f526",
            "image_72": "https:\/\/avatars.slack-edge.com\/2017-06-01\/191144530514_e4fb6ae9f526531fd41c_72.jpg",
            "first_name": "",
            "real_name": "kelu",
            "display_name": "",
            "team": "T5M5PLH8U",
            "name": "kelu",
            "is_restricted": false,
            "is_ultra_restricted": false
        },
        "thread_ts": "1550322852.010200",
        "parent_user_id": "U5M5PLH9S"
    }
]