[
    {
        "client_msg_id": "6700101d-836e-4020-a13d-e37f3b338b26",
        "type": "message",
        "text": "Wouhouuu an Australian team! Welcome :)",
        "user": "U5M5PLH9S",
        "ts": "1566910693.036600",
        "team": "T5M5PLH8U",
        "user_team": "T5M5PLH8U",
        "source_team": "T5M5PLH8U",
        "user_profile": {
            "avatar_hash": "e4fb6ae9f526",
            "image_72": "https:\/\/avatars.slack-edge.com\/2017-06-01\/191144530514_e4fb6ae9f526531fd41c_72.jpg",
            "first_name": "",
            "real_name": "kelu",
            "display_name": "",
            "team": "T5M5PLH8U",
            "name": "kelu",
            "is_restricted": false,
            "is_ultra_restricted": false
        },
        "thread_ts": "1566910693.036600",
        "reply_count": 9,
        "reply_users_count": 2,
        "latest_reply": "1576176817.019500",
        "reply_users": [
            "U5M5PLH9S",
            "UMJLWHPLZ"
        ],
        "replies": [
            {
                "user": "U5M5PLH9S",
                "ts": "1567061688.000300"
            },
            {
                "user": "UMJLWHPLZ",
                "ts": "1567391536.000500"
            },
            {
                "user": "U5M5PLH9S",
                "ts": "1567405688.000800"
            },
            {
                "user": "U5M5PLH9S",
                "ts": "1567405884.001000"
            },
            {
                "user": "U5M5PLH9S",
                "ts": "1567405934.001200"
            },
            {
                "user": "U5M5PLH9S",
                "ts": "1567406247.001500"
            },
            {
                "user": "UMJLWHPLZ",
                "ts": "1567578074.014400"
            },
            {
                "user": "U5M5PLH9S",
                "ts": "1567578724.014600"
            },
            {
                "user": "U5M5PLH9S",
                "ts": "1576176817.019500"
            }
        ],
        "subscribed": true,
        "last_read": "1576176817.019500",
        "reactions": [
            {
                "name": "heart_eyes",
                "users": [
                    "UMJLWHPLZ"
                ],
                "count": 1
            },
            {
                "name": "100",
                "users": [
                    "UMDJSHV8A"
                ],
                "count": 1
            }
        ]
    },
    {
        "type": "message",
        "subtype": "channel_join",
        "ts": "1566930229.036800",
        "user": "UMEH4EFC3",
        "text": "<@UMEH4EFC3> has joined the channel"
    }
]