[
    {
        "client_msg_id": "1b21b024-65eb-4d90-a855-c51714c44502",
        "type": "message",
        "text": "Good week-end <!channel>, i'm working on the doc (beginning with homepage at <http:\/\/un0rick.cc\/> ) - don't hesitate to tell me what looks good to you, or what can be improved \/ elements you'd be looking for. Working on <https:\/\/doc.un0rick.cc\/> after finishing this.",
        "user": "U5M5PLH9S",
        "ts": "1546707215.056600",
        "team": "T5M5PLH8U",
        "user_team": "T5M5PLH8U",
        "source_team": "T5M5PLH8U",
        "user_profile": {
            "avatar_hash": "e4fb6ae9f526",
            "image_72": "https:\/\/avatars.slack-edge.com\/2017-06-01\/191144530514_e4fb6ae9f526531fd41c_72.jpg",
            "first_name": "",
            "real_name": "kelu",
            "display_name": "",
            "team": "T5M5PLH8U",
            "name": "kelu",
            "is_restricted": false,
            "is_ultra_restricted": false
        },
        "attachments": [
            {
                "title": "un0rick open hardware",
                "title_link": "http:\/\/un0rick.cc\/",
                "text": "un0rick is a open-source ultrasound project.",
                "fallback": "un0rick open hardware",
                "from_url": "http:\/\/un0rick.cc\/",
                "service_name": "un0rick.cc",
                "id": 1,
                "original_url": "http:\/\/un0rick.cc\/"
            }
        ],
        "reactions": [
            {
                "name": "+1",
                "users": [
                    "UF0SXEJ0M",
                    "U8Z3VB1T2",
                    "UF90LJWTH"
                ],
                "count": 3
            }
        ]
    },
    {
        "client_msg_id": "40ac863b-22df-4038-b7d4-ed4dbbf64895",
        "type": "message",
        "text": "For me, I only, at most, need one channel of Analog processing",
        "user": "UF0SXEJ0M",
        "ts": "1546735995.056900",
        "team": "T5M5PLH8U",
        "user_team": "T5M5PLH8U",
        "source_team": "T5M5PLH8U",
        "user_profile": {
            "avatar_hash": "caf9f1375af3",
            "image_72": "https:\/\/avatars.slack-edge.com\/2019-02-12\/549018718117_caf9f1375af3bfa9e7a6_72.jpg",
            "first_name": "Sterling",
            "real_name": "Sterling Cooley",
            "display_name": "Sterling",
            "team": "T5M5PLH8U",
            "name": "percyacct2020",
            "is_restricted": false,
            "is_ultra_restricted": false
        },
        "thread_ts": "1546112496.026900",
        "parent_user_id": "UF0SXEJ0M"
    },
    {
        "client_msg_id": "ec955c08-8b9c-43cb-9877-427eb871972a",
        "type": "message",
        "text": "My primary interest is in getting 2, 4, or 8 channels out of a small board like this",
        "user": "UF0SXEJ0M",
        "ts": "1546736037.057100",
        "team": "T5M5PLH8U",
        "user_team": "T5M5PLH8U",
        "source_team": "T5M5PLH8U",
        "user_profile": {
            "avatar_hash": "caf9f1375af3",
            "image_72": "https:\/\/avatars.slack-edge.com\/2019-02-12\/549018718117_caf9f1375af3bfa9e7a6_72.jpg",
            "first_name": "Sterling",
            "real_name": "Sterling Cooley",
            "display_name": "Sterling",
            "team": "T5M5PLH8U",
            "name": "percyacct2020",
            "is_restricted": false,
            "is_ultra_restricted": false
        },
        "thread_ts": "1546112496.026900",
        "parent_user_id": "UF0SXEJ0M"
    },
    {
        "client_msg_id": "ee03465c-edd1-4faa-a316-b186c6ecf3c0",
        "type": "message",
        "text": "I see what you've made being a perfect fit for introducing all the work I've been doing in parallel to you. And I've always played around with the idea of going Open Source with my own work, but your progress in all of these areas is cause for celebration! haH!",
        "user": "UF0SXEJ0M",
        "ts": "1546736149.057300",
        "team": "T5M5PLH8U",
        "user_team": "T5M5PLH8U",
        "source_team": "T5M5PLH8U",
        "user_profile": {
            "avatar_hash": "caf9f1375af3",
            "image_72": "https:\/\/avatars.slack-edge.com\/2019-02-12\/549018718117_caf9f1375af3bfa9e7a6_72.jpg",
            "first_name": "Sterling",
            "real_name": "Sterling Cooley",
            "display_name": "Sterling",
            "team": "T5M5PLH8U",
            "name": "percyacct2020",
            "is_restricted": false,
            "is_ultra_restricted": false
        },
        "thread_ts": "1546112496.026900",
        "parent_user_id": "UF0SXEJ0M"
    },
    {
        "client_msg_id": "010611ce-1b9b-4e10-80c1-797afd37ad2b",
        "type": "message",
        "text": "RE: +- 70V - I think sticking with the HV7360\/1 like you have already is solid, especially if we add in 8 channel MUX for , that would work just fine",
        "user": "UF0SXEJ0M",
        "ts": "1546736300.057500",
        "team": "T5M5PLH8U",
        "user_team": "T5M5PLH8U",
        "source_team": "T5M5PLH8U",
        "user_profile": {
            "avatar_hash": "caf9f1375af3",
            "image_72": "https:\/\/avatars.slack-edge.com\/2019-02-12\/549018718117_caf9f1375af3bfa9e7a6_72.jpg",
            "first_name": "Sterling",
            "real_name": "Sterling Cooley",
            "display_name": "Sterling",
            "team": "T5M5PLH8U",
            "name": "percyacct2020",
            "is_restricted": false,
            "is_ultra_restricted": false
        },
        "thread_ts": "1546112496.026900",
        "parent_user_id": "UF0SXEJ0M"
    },
    {
        "client_msg_id": "15c90f78-f069-4d1c-a50e-61548df0fd77",
        "type": "message",
        "text": "We don't *need* the HV7351, but it does have very easy to control SPI logic, and I found editing the waveforms to be very pleasant.\n\nI had considered hiring someone to re-create the logic in an FPGA that would allow SPI bitsreams to mimic how the HV7351 does it pulser control on its embedded IC, it would be rather straightforward to reverse engineer",
        "user": "UF0SXEJ0M",
        "ts": "1546736408.057700",
        "team": "T5M5PLH8U",
        "user_team": "T5M5PLH8U",
        "source_team": "T5M5PLH8U",
        "user_profile": {
            "avatar_hash": "caf9f1375af3",
            "image_72": "https:\/\/avatars.slack-edge.com\/2019-02-12\/549018718117_caf9f1375af3bfa9e7a6_72.jpg",
            "first_name": "Sterling",
            "real_name": "Sterling Cooley",
            "display_name": "Sterling",
            "team": "T5M5PLH8U",
            "name": "percyacct2020",
            "is_restricted": false,
            "is_ultra_restricted": false
        },
        "thread_ts": "1546112496.026900",
        "parent_user_id": "UF0SXEJ0M"
    },
    {
        "client_msg_id": "ac96ba7e-c1c1-410f-800e-9c829da63ede",
        "type": "message",
        "text": "I even think that bit of logic would be great as an IP block",
        "user": "UF0SXEJ0M",
        "ts": "1546736431.057900",
        "team": "T5M5PLH8U",
        "user_team": "T5M5PLH8U",
        "source_team": "T5M5PLH8U",
        "user_profile": {
            "avatar_hash": "caf9f1375af3",
            "image_72": "https:\/\/avatars.slack-edge.com\/2019-02-12\/549018718117_caf9f1375af3bfa9e7a6_72.jpg",
            "first_name": "Sterling",
            "real_name": "Sterling Cooley",
            "display_name": "Sterling",
            "team": "T5M5PLH8U",
            "name": "percyacct2020",
            "is_restricted": false,
            "is_ultra_restricted": false
        },
        "thread_ts": "1546112496.026900",
        "parent_user_id": "UF0SXEJ0M"
    },
    {
        "client_msg_id": "2569d814-c612-4849-b6dd-2d08d8a50ccf",
        "type": "message",
        "text": "<https:\/\/www.ebay.com\/itm\/3-5-MHz-0-25-6mm-Immersion-Ultrasonic-Transducer\/323035525162?_trkparms=aid%3D222007%26algo%3DSIM.MBE%26ao%3D2%26asc%3D20160323102634%26meid%3D39ff064d55c54ec186a9a97abbe57702%26pid%3D100623%26rk%3D1%26rkt%3D6%26sd%3D323035523141%26itm%3D323035525162&amp;_trksid=p2047675.c100623.m-1>",
        "user": "UF0SXEJ0M",
        "ts": "1546741044.058100",
        "team": "T5M5PLH8U",
        "user_team": "T5M5PLH8U",
        "source_team": "T5M5PLH8U",
        "user_profile": {
            "avatar_hash": "caf9f1375af3",
            "image_72": "https:\/\/avatars.slack-edge.com\/2019-02-12\/549018718117_caf9f1375af3bfa9e7a6_72.jpg",
            "first_name": "Sterling",
            "real_name": "Sterling Cooley",
            "display_name": "Sterling",
            "team": "T5M5PLH8U",
            "name": "percyacct2020",
            "is_restricted": false,
            "is_ultra_restricted": false
        },
        "attachments": [
            {
                "service_name": "eBay",
                "title": "3.5 MHz \/  0.25\" (6mm) Immersion Ultrasonic Transducer",
                "title_link": "https:\/\/www.ebay.com\/itm\/3-5-MHz-0-25-6mm-Immersion-Ultrasonic-Transducer\/323035525162?_trkparms=aid%3D222007%26algo%3DSIM.MBE%26ao%3D2%26asc%3D20160323102634%26meid%3D39ff064d55c54ec186a9a97abbe57702%26pid%3D100623%26rk%3D1%26rkt%3D6%26sd%3D323035523141%26itm%3D323035525162&_trksid=p2047675.c100623.m-1",
                "text": "3.5 MHz \/ 0.25\" (6mm) Immersion Ultrasonic Transducer | Consumer Electronics, Wholesale Lots, TV, Video &amp; Home Audio | eBay!",
                "fallback": "eBay: 3.5 MHz \/  0.25\" (6mm) Immersion Ultrasonic Transducer",
                "thumb_url": "https:\/\/i.ebayimg.com\/images\/i\/323035525162-0-1\/s-l1000.jpg",
                "from_url": "https:\/\/www.ebay.com\/itm\/3-5-MHz-0-25-6mm-Immersion-Ultrasonic-Transducer\/323035525162?_trkparms=aid%3D222007%26algo%3DSIM.MBE%26ao%3D2%26asc%3D20160323102634%26meid%3D39ff064d55c54ec186a9a97abbe57702%26pid%3D100623%26rk%3D1%26rkt%3D6%26sd%3D323035523141%26itm%3D323035525162&_trksid=p2047675.c100623.m-1",
                "thumb_width": 1000,
                "thumb_height": 750,
                "service_icon": "https:\/\/www.ebay.com\/favicon.ico",
                "id": 1,
                "original_url": "https:\/\/www.ebay.com\/itm\/3-5-MHz-0-25-6mm-Immersion-Ultrasonic-Transducer\/323035525162?_trkparms=aid%3D222007%26algo%3DSIM.MBE%26ao%3D2%26asc%3D20160323102634%26meid%3D39ff064d55c54ec186a9a97abbe57702%26pid%3D100623%26rk%3D1%26rkt%3D6%26sd%3D323035523141%26itm%3D323035525162&amp;_trksid=p2047675.c100623.m-1"
            }
        ],
        "thread_ts": "1545929948.008000",
        "parent_user_id": "UF0SXEJ0M",
        "reactions": [
            {
                "name": "+1",
                "users": [
                    "U5M5PLH9S"
                ],
                "count": 1
            }
        ]
    },
    {
        "client_msg_id": "750cc72b-a6c4-4971-8850-c673f950305b",
        "type": "message",
        "text": "This guy, pretty cool that is just made already",
        "user": "UF0SXEJ0M",
        "ts": "1546741054.058400",
        "team": "T5M5PLH8U",
        "user_team": "T5M5PLH8U",
        "source_team": "T5M5PLH8U",
        "user_profile": {
            "avatar_hash": "caf9f1375af3",
            "image_72": "https:\/\/avatars.slack-edge.com\/2019-02-12\/549018718117_caf9f1375af3bfa9e7a6_72.jpg",
            "first_name": "Sterling",
            "real_name": "Sterling Cooley",
            "display_name": "Sterling",
            "team": "T5M5PLH8U",
            "name": "percyacct2020",
            "is_restricted": false,
            "is_ultra_restricted": false
        },
        "thread_ts": "1545929948.008000",
        "parent_user_id": "UF0SXEJ0M"
    },
    {
        "client_msg_id": "c2688789-3de3-4679-8d0a-a60d34be81f0",
        "type": "message",
        "text": "Yeah, all I really hope for is to essentially estend your functionality to 8 channels of Ultrasound, I already had some sketches and specifications in mind and on paper for what it could look like. I think starting with the Raspberry Pi Zero W as a primary processing center is smart",
        "user": "UF0SXEJ0M",
        "ts": "1546741164.058600",
        "team": "T5M5PLH8U",
        "user_team": "T5M5PLH8U",
        "source_team": "T5M5PLH8U",
        "user_profile": {
            "avatar_hash": "caf9f1375af3",
            "image_72": "https:\/\/avatars.slack-edge.com\/2019-02-12\/549018718117_caf9f1375af3bfa9e7a6_72.jpg",
            "first_name": "Sterling",
            "real_name": "Sterling Cooley",
            "display_name": "Sterling",
            "team": "T5M5PLH8U",
            "name": "percyacct2020",
            "is_restricted": false,
            "is_ultra_restricted": false
        },
        "thread_ts": "1545930762.011000",
        "parent_user_id": "UF0SXEJ0M"
    },
    {
        "client_msg_id": "12f3b704-d95e-4a12-97da-f0c994a2ff21",
        "type": "message",
        "text": "I had worked a lot with the Atmel line of MCU's to do the Ultrasound pulsing, as our application was essentially to make it as small as humanly possible within budgetary limits, and we got it so it could be incredibly small",
        "user": "UF0SXEJ0M",
        "ts": "1546741221.058800",
        "team": "T5M5PLH8U",
        "user_team": "T5M5PLH8U",
        "source_team": "T5M5PLH8U",
        "user_profile": {
            "avatar_hash": "caf9f1375af3",
            "image_72": "https:\/\/avatars.slack-edge.com\/2019-02-12\/549018718117_caf9f1375af3bfa9e7a6_72.jpg",
            "first_name": "Sterling",
            "real_name": "Sterling Cooley",
            "display_name": "Sterling",
            "team": "T5M5PLH8U",
            "name": "percyacct2020",
            "is_restricted": false,
            "is_ultra_restricted": false
        },
        "thread_ts": "1545930762.011000",
        "parent_user_id": "UF0SXEJ0M"
    },
    {
        "client_msg_id": "74d3a15b-a356-4729-b7ea-f38b68d4bdca",
        "type": "message",
        "text": "However, I think combining an Ice40, Raspberry Pi, with Ultrasound pulser and imager is a good system, and keeping it inside of a Desktop machine if one wanted to, would make a killer Ultrasound project",
        "user": "UF0SXEJ0M",
        "ts": "1546741290.059000",
        "team": "T5M5PLH8U",
        "user_team": "T5M5PLH8U",
        "source_team": "T5M5PLH8U",
        "user_profile": {
            "avatar_hash": "caf9f1375af3",
            "image_72": "https:\/\/avatars.slack-edge.com\/2019-02-12\/549018718117_caf9f1375af3bfa9e7a6_72.jpg",
            "first_name": "Sterling",
            "real_name": "Sterling Cooley",
            "display_name": "Sterling",
            "team": "T5M5PLH8U",
            "name": "percyacct2020",
            "is_restricted": false,
            "is_ultra_restricted": false
        },
        "thread_ts": "1545930762.011000",
        "parent_user_id": "UF0SXEJ0M"
    },
    {
        "client_msg_id": "4999e941-9798-49e3-b7f9-049440cb65d0",
        "type": "message",
        "text": "So many Universities have full desktops with spare PCI-E slots lying around, it would be almost too perfect to make these PCI cards",
        "user": "UF0SXEJ0M",
        "ts": "1546741330.059200",
        "team": "T5M5PLH8U",
        "user_team": "T5M5PLH8U",
        "source_team": "T5M5PLH8U",
        "user_profile": {
            "avatar_hash": "caf9f1375af3",
            "image_72": "https:\/\/avatars.slack-edge.com\/2019-02-12\/549018718117_caf9f1375af3bfa9e7a6_72.jpg",
            "first_name": "Sterling",
            "real_name": "Sterling Cooley",
            "display_name": "Sterling",
            "team": "T5M5PLH8U",
            "name": "percyacct2020",
            "is_restricted": false,
            "is_ultra_restricted": false
        },
        "thread_ts": "1545930762.011000",
        "parent_user_id": "UF0SXEJ0M"
    },
    {
        "client_msg_id": "3cc3bae8-5a49-4e1a-9372-698534f09cb4",
        "type": "message",
        "text": "And key element here is, I don't think the first iteration needs to have working PCI-E , just needs to have the shape, and the metal plate that lets it stay securely inside of a machine, and also is able to receive the 12V DC from the main PSU. But would the board would also have a DC Barrel Jack on the end, so anybody wanting to use it on a bench top setup would be able to plug it in that way, with a 12V, 6A adapter (still need to figure out how much power is drawn exactly, but a PSU can supply 75W through one of its PCI-E 8pin connectors",
        "user": "UF0SXEJ0M",
        "ts": "1546741486.059400",
        "team": "T5M5PLH8U",
        "user_team": "T5M5PLH8U",
        "source_team": "T5M5PLH8U",
        "user_profile": {
            "avatar_hash": "caf9f1375af3",
            "image_72": "https:\/\/avatars.slack-edge.com\/2019-02-12\/549018718117_caf9f1375af3bfa9e7a6_72.jpg",
            "first_name": "Sterling",
            "real_name": "Sterling Cooley",
            "display_name": "Sterling",
            "team": "T5M5PLH8U",
            "name": "percyacct2020",
            "is_restricted": false,
            "is_ultra_restricted": false
        },
        "thread_ts": "1545930762.011000",
        "parent_user_id": "UF0SXEJ0M"
    },
    {
        "client_msg_id": "93203725-a25a-4e75-b39f-c65f4fdbf4c4",
        "type": "message",
        "text": "Here's an idea: I'm having a this ongoing effort with an up5k channel in a pHAT format (single side).. really smallish. Each channel has a pulse\/echo + 1Mb storage, with all having RPi connectors (linked to fpga pins), plus a connector for HV (pos\/neg) inputs (still has a settable 0-40V (12 bits res) source on the pHAT). It could be worth it to tr and plug this on a PCI adapter at first, what do you think? I would be good to test while preparing the PCI card, for the sake of testing. What I can also do is share the ongoing schematics, so that you can tell me which IOs you'd like to see on the connector.",
        "user": "U5M5PLH9S",
        "ts": "1546761361.059600",
        "team": "T5M5PLH8U",
        "user_team": "T5M5PLH8U",
        "source_team": "T5M5PLH8U",
        "user_profile": {
            "avatar_hash": "e4fb6ae9f526",
            "image_72": "https:\/\/avatars.slack-edge.com\/2017-06-01\/191144530514_e4fb6ae9f526531fd41c_72.jpg",
            "first_name": "",
            "real_name": "kelu",
            "display_name": "",
            "team": "T5M5PLH8U",
            "name": "kelu",
            "is_restricted": false,
            "is_ultra_restricted": false
        },
        "thread_ts": "1545930762.011000",
        "parent_user_id": "UF0SXEJ0M"
    }
]