[
    {
        "client_msg_id": "4d2dd484-7a8a-484f-a724-130532a77a45",
        "type": "message",
        "text": "Fpga rock: <https:\/\/hackaday.com\/2019\/11\/04\/gigantic-fpga-in-a-game-boy-form-factor-2019-supercon-badge-is-a-hardware-siren-song\/>",
        "user": "U5M5PLH9S",
        "ts": "1572908949.000400",
        "team": "T5M5PLH8U",
        "user_team": "T5M5PLH8U",
        "source_team": "T5M5PLH8U",
        "user_profile": {
            "avatar_hash": "e4fb6ae9f526",
            "image_72": "https:\/\/avatars.slack-edge.com\/2017-06-01\/191144530514_e4fb6ae9f526531fd41c_72.jpg",
            "first_name": "",
            "real_name": "kelu",
            "display_name": "",
            "team": "T5M5PLH8U",
            "name": "kelu",
            "is_restricted": false,
            "is_ultra_restricted": false
        },
        "edited": {
            "user": "U5M5PLH9S",
            "ts": "1576176786.000000"
        }
    },
    {
        "client_msg_id": "53fb35d9-6813-4204-bd23-fcac766a8d40",
        "type": "message",
        "text": "And still more fun.. <https:\/\/twitter.com\/OlofKindgren\/status\/1191486248508112896?s=09> 30 risc-v in a single chip :)",
        "user": "U5M5PLH9S",
        "ts": "1572938563.001400",
        "team": "T5M5PLH8U",
        "user_team": "T5M5PLH8U",
        "source_team": "T5M5PLH8U",
        "user_profile": {
            "avatar_hash": "e4fb6ae9f526",
            "image_72": "https:\/\/avatars.slack-edge.com\/2017-06-01\/191144530514_e4fb6ae9f526531fd41c_72.jpg",
            "first_name": "",
            "real_name": "kelu",
            "display_name": "",
            "team": "T5M5PLH8U",
            "name": "kelu",
            "is_restricted": false,
            "is_ultra_restricted": false
        }
    }
]