[
    {
        "client_msg_id": "a5f587c0-1652-4ea1-9e79-0d629237e672",
        "type": "message",
        "text": "That could be a nice phased array!",
        "user": "U8Z3VB1T2",
        "ts": "1555116887.000300",
        "team": "T5M5PLH8U",
        "user_team": "T5M5PLH8U",
        "source_team": "T5M5PLH8U",
        "user_profile": {
            "avatar_hash": "g49ad52d7df8",
            "image_72": "https:\/\/secure.gravatar.com\/avatar\/449ad52d7df89ecbe8ebe0fd87d3f63f.jpg?s=72&d=https%3A%2F%2Fa.slack-edge.com%2Fdf10d%2Fimg%2Favatars%2Fava_0026-72.png",
            "first_name": "",
            "real_name": "William Meng",
            "display_name": "",
            "team": "T5M5PLH8U",
            "name": "wlmeng11",
            "is_restricted": false,
            "is_ultra_restricted": false
        }
    },
    {
        "client_msg_id": "c917b41c-8372-4864-8e16-4ffd98fe0e55",
        "type": "message",
        "text": "Newark has an eval board for quite cheap! <https:\/\/www.newark.com\/texas-instruments\/afe5808evm\/analog-front-end-usb-evaluation\/dp\/27T6176?CMP=AFC-OP>",
        "user": "U8Z3VB1T2",
        "ts": "1555116959.000600",
        "team": "T5M5PLH8U",
        "user_team": "T5M5PLH8U",
        "source_team": "T5M5PLH8U",
        "user_profile": {
            "avatar_hash": "g49ad52d7df8",
            "image_72": "https:\/\/secure.gravatar.com\/avatar\/449ad52d7df89ecbe8ebe0fd87d3f63f.jpg?s=72&d=https%3A%2F%2Fa.slack-edge.com%2Fdf10d%2Fimg%2Favatars%2Fava_0026-72.png",
            "first_name": "",
            "real_name": "William Meng",
            "display_name": "",
            "team": "T5M5PLH8U",
            "name": "wlmeng11",
            "is_restricted": false,
            "is_ultra_restricted": false
        },
        "edited": {
            "user": "U8Z3VB1T2",
            "ts": "1555349842.000000"
        },
        "thread_ts": "1555116959.000600",
        "reply_count": 24,
        "reply_users_count": 4,
        "latest_reply": "1555351935.006900",
        "reply_users": [
            "U5M5PLH9S",
            "UGR3ZBDDE",
            "U8Z3VB1T2",
            "UHP9P5JTE"
        ],
        "replies": [
            {
                "user": "U5M5PLH9S",
                "ts": "1555270034.000800"
            },
            {
                "user": "U5M5PLH9S",
                "ts": "1555270046.001000"
            },
            {
                "user": "UGR3ZBDDE",
                "ts": "1555330389.001300"
            },
            {
                "user": "UGR3ZBDDE",
                "ts": "1555330431.002000"
            },
            {
                "user": "U8Z3VB1T2",
                "ts": "1555330898.002600"
            },
            {
                "user": "U8Z3VB1T2",
                "ts": "1555330925.002900"
            },
            {
                "user": "U5M5PLH9S",
                "ts": "1555333245.003100"
            },
            {
                "user": "U5M5PLH9S",
                "ts": "1555349765.003400"
            },
            {
                "user": "UHP9P5JTE",
                "ts": "1555349919.003900"
            },
            {
                "user": "U5M5PLH9S",
                "ts": "1555349996.004100"
            },
            {
                "user": "U5M5PLH9S",
                "ts": "1555350025.004300"
            },
            {
                "user": "UHP9P5JTE",
                "ts": "1555350078.004500"
            },
            {
                "user": "U5M5PLH9S",
                "ts": "1555350125.004700"
            },
            {
                "user": "UHP9P5JTE",
                "ts": "1555350464.004900"
            },
            {
                "user": "U5M5PLH9S",
                "ts": "1555350661.005100"
            },
            {
                "user": "U5M5PLH9S",
                "ts": "1555350728.005300"
            },
            {
                "user": "U5M5PLH9S",
                "ts": "1555350801.005500"
            },
            {
                "user": "UHP9P5JTE",
                "ts": "1555351117.005700"
            },
            {
                "user": "U5M5PLH9S",
                "ts": "1555351243.005900"
            },
            {
                "user": "UHP9P5JTE",
                "ts": "1555351296.006100"
            },
            {
                "user": "UHP9P5JTE",
                "ts": "1555351304.006300"
            },
            {
                "user": "UHP9P5JTE",
                "ts": "1555351325.006500"
            },
            {
                "user": "U5M5PLH9S",
                "ts": "1555351891.006700"
            },
            {
                "user": "U5M5PLH9S",
                "ts": "1555351935.006900"
            }
        ],
        "subscribed": true,
        "last_read": "1555351935.006900"
    }
]