[
    {
        "type": "message",
        "subtype": "channel_join",
        "ts": "1552293562.014700",
        "user": "UGUQJ7N93",
        "text": "<@UGUQJ7N93> has joined the channel"
    },
    {
        "client_msg_id": "0dec44b0-de49-41ac-b321-bfe64996b051",
        "type": "message",
        "text": "There are 3 sets of files: the gerbers to do the pcb, the bom to list components, the xtra to place and position the components",
        "user": "U5M5PLH9S",
        "ts": "1552372959.014800",
        "team": "T5M5PLH8U",
        "user_team": "T5M5PLH8U",
        "source_team": "T5M5PLH8U",
        "user_profile": {
            "avatar_hash": "e4fb6ae9f526",
            "image_72": "https:\/\/avatars.slack-edge.com\/2017-06-01\/191144530514_e4fb6ae9f526531fd41c_72.jpg",
            "first_name": "",
            "real_name": "kelu",
            "display_name": "",
            "team": "T5M5PLH8U",
            "name": "kelu",
            "is_restricted": false,
            "is_ultra_restricted": false
        },
        "thread_ts": "1551796412.005200",
        "parent_user_id": "UE3JX8LUT"
    }
]