[
    {
        "client_msg_id": "60ec7671-f9c5-486a-aa30-46dc59f500c7",
        "type": "message",
        "text": "<@U5M5PLH9S> can i buy un0rick board use paypal",
        "user": "UE3JX8LUT",
        "ts": "1576389726.000600",
        "team": "T5M5PLH8U",
        "user_team": "T5M5PLH8U",
        "source_team": "T5M5PLH8U",
        "user_profile": {
            "avatar_hash": "a9159a929398",
            "image_72": "https:\/\/avatars.slack-edge.com\/2018-11-15\/479026488288_a9159a929398c4006149_72.jpg",
            "first_name": "Fadhli",
            "real_name": "Fadhli",
            "display_name": "Fadhli",
            "team": "T5M5PLH8U",
            "name": "fadhliazinnuddin",
            "is_restricted": false,
            "is_ultra_restricted": false
        }
    }
]