[
    {
        "client_msg_id": "20e6ead8-dea8-4ae8-b4b3-f816ec59bb7e",
        "type": "message",
        "text": "I guess ultrasound could help, you would need some good transducers I guess",
        "user": "U5M5PLH9S",
        "ts": "1573197843.009100",
        "team": "T5M5PLH8U",
        "user_team": "T5M5PLH8U",
        "source_team": "T5M5PLH8U",
        "user_profile": {
            "avatar_hash": "e4fb6ae9f526",
            "image_72": "https:\/\/avatars.slack-edge.com\/2017-06-01\/191144530514_e4fb6ae9f526531fd41c_72.jpg",
            "first_name": "",
            "real_name": "kelu",
            "display_name": "",
            "team": "T5M5PLH8U",
            "name": "kelu",
            "is_restricted": false,
            "is_ultra_restricted": false
        },
        "thread_ts": "1573197843.009100",
        "reply_count": 1,
        "reply_users_count": 1,
        "latest_reply": "1573197867.009200",
        "reply_users": [
            "U5M5PLH9S"
        ],
        "replies": [
            {
                "user": "U5M5PLH9S",
                "ts": "1573197867.009200"
            }
        ],
        "subscribed": true,
        "last_read": "1573197867.009200"
    },
    {
        "client_msg_id": "542bec51-32ca-46c2-b621-a828e23316d6",
        "type": "message",
        "text": "<@UFCS7CKPD>,  what do you think ?",
        "user": "U5M5PLH9S",
        "ts": "1573197867.009200",
        "team": "T5M5PLH8U",
        "user_team": "T5M5PLH8U",
        "source_team": "T5M5PLH8U",
        "user_profile": {
            "avatar_hash": "e4fb6ae9f526",
            "image_72": "https:\/\/avatars.slack-edge.com\/2017-06-01\/191144530514_e4fb6ae9f526531fd41c_72.jpg",
            "first_name": "",
            "real_name": "kelu",
            "display_name": "",
            "team": "T5M5PLH8U",
            "name": "kelu",
            "is_restricted": false,
            "is_ultra_restricted": false
        },
        "thread_ts": "1573197843.009100",
        "parent_user_id": "U5M5PLH9S"
    }
]