[
    {
        "client_msg_id": "3e3001b0-9d82-4e74-bc53-e886010890a5",
        "type": "message",
        "text": "<@U5M5PLH9S> is there a restriction on the transducers to use on your (original ) boards (goblin\/tobo)?\nI have 3 transducers for testing.\nA small 2.25MHz transducer that gives me signals.\nA bigger 2.25MHz transducer that is giving me trouble: the signals are too small compared with the previous transducer.\nAnd a little bigger 0.5MHz transducer that just doesn't work at all, this one give a \"constant echo\" no matter what surface it's connected to (same echo when it's just pointing to the air).",
        "user": "U8DP2NWAD",
        "ts": "1548949940.156300",
        "team": "T5M5PLH8U",
        "user_team": "T5M5PLH8U",
        "source_team": "T5M5PLH8U",
        "user_profile": {
            "avatar_hash": "ge8fe12d48f6",
            "image_72": "https:\/\/secure.gravatar.com\/avatar\/be8fe12d48f65fa83f69d7849035f8c3.jpg?s=72&d=https%3A%2F%2Fa.slack-edge.com%2Fdf10d%2Fimg%2Favatars%2Fava_0024-72.png",
            "first_name": "",
            "real_name": "Tomás Glaría",
            "display_name": "tglaria",
            "team": "T5M5PLH8U",
            "name": "tglaria",
            "is_restricted": false,
            "is_ultra_restricted": false
        },
        "thread_ts": "1548949940.156300",
        "reply_count": 11,
        "reply_users_count": 2,
        "latest_reply": "1549388476.158600",
        "reply_users": [
            "U5M5PLH9S",
            "U8DP2NWAD"
        ],
        "replies": [
            {
                "user": "U5M5PLH9S",
                "ts": "1548950324.156400"
            },
            {
                "user": "U5M5PLH9S",
                "ts": "1548950354.156600"
            },
            {
                "user": "U5M5PLH9S",
                "ts": "1548950359.156800"
            },
            {
                "user": "U5M5PLH9S",
                "ts": "1548953089.157000"
            },
            {
                "user": "U5M5PLH9S",
                "ts": "1548960741.157200"
            },
            {
                "user": "U8DP2NWAD",
                "ts": "1548968222.157400"
            },
            {
                "user": "U8DP2NWAD",
                "ts": "1548968257.157600"
            },
            {
                "user": "U8DP2NWAD",
                "ts": "1548968281.157800"
            },
            {
                "user": "U5M5PLH9S",
                "ts": "1549003419.158000"
            },
            {
                "user": "U8DP2NWAD",
                "ts": "1549388200.158400"
            },
            {
                "user": "U5M5PLH9S",
                "ts": "1549388476.158600"
            }
        ],
        "subscribed": true,
        "last_read": "1549388476.158600"
    },
    {
        "client_msg_id": "6261f9cb-df35-4859-90d5-601fb6cb72d5",
        "type": "message",
        "text": "Hey! Not that can I can think of. Do you have the references of these piezos so that I can have a look?",
        "user": "U5M5PLH9S",
        "ts": "1548950324.156400",
        "team": "T5M5PLH8U",
        "user_team": "T5M5PLH8U",
        "source_team": "T5M5PLH8U",
        "user_profile": {
            "avatar_hash": "e4fb6ae9f526",
            "image_72": "https:\/\/avatars.slack-edge.com\/2017-06-01\/191144530514_e4fb6ae9f526531fd41c_72.jpg",
            "first_name": "",
            "real_name": "kelu",
            "display_name": "",
            "team": "T5M5PLH8U",
            "name": "kelu",
            "is_restricted": false,
            "is_ultra_restricted": false
        },
        "thread_ts": "1548949940.156300",
        "parent_user_id": "U8DP2NWAD"
    },
    {
        "client_msg_id": "58dc1b70-760c-4939-ae10-596f98293a37",
        "type": "message",
        "text": "the board was initially designed for piezos above 1MHz, possibly an issue there.",
        "user": "U5M5PLH9S",
        "ts": "1548950354.156600",
        "team": "T5M5PLH8U",
        "user_team": "T5M5PLH8U",
        "source_team": "T5M5PLH8U",
        "user_profile": {
            "avatar_hash": "e4fb6ae9f526",
            "image_72": "https:\/\/avatars.slack-edge.com\/2017-06-01\/191144530514_e4fb6ae9f526531fd41c_72.jpg",
            "first_name": "",
            "real_name": "kelu",
            "display_name": "",
            "team": "T5M5PLH8U",
            "name": "kelu",
            "is_restricted": false,
            "is_ultra_restricted": false
        },
        "thread_ts": "1548949940.156300",
        "parent_user_id": "U8DP2NWAD"
    },
    {
        "client_msg_id": "299265a5-77b9-40ac-8328-062c92621fd2",
        "type": "message",
        "text": "What's the difference between the two 2.25MHz piezos?",
        "user": "U5M5PLH9S",
        "ts": "1548950359.156800",
        "team": "T5M5PLH8U",
        "user_team": "T5M5PLH8U",
        "source_team": "T5M5PLH8U",
        "user_profile": {
            "avatar_hash": "e4fb6ae9f526",
            "image_72": "https:\/\/avatars.slack-edge.com\/2017-06-01\/191144530514_e4fb6ae9f526531fd41c_72.jpg",
            "first_name": "",
            "real_name": "kelu",
            "display_name": "",
            "team": "T5M5PLH8U",
            "name": "kelu",
            "is_restricted": false,
            "is_ultra_restricted": false
        },
        "thread_ts": "1548949940.156300",
        "parent_user_id": "U8DP2NWAD"
    },
    {
        "client_msg_id": "d53c1675-ef49-4e71-9fe6-b0bf9be8dd63",
        "type": "message",
        "text": "By the way, what do you board show with the same piezo?",
        "user": "U5M5PLH9S",
        "ts": "1548953089.157000",
        "team": "T5M5PLH8U",
        "user_team": "T5M5PLH8U",
        "source_team": "T5M5PLH8U",
        "user_profile": {
            "avatar_hash": "e4fb6ae9f526",
            "image_72": "https:\/\/avatars.slack-edge.com\/2017-06-01\/191144530514_e4fb6ae9f526531fd41c_72.jpg",
            "first_name": "",
            "real_name": "kelu",
            "display_name": "",
            "team": "T5M5PLH8U",
            "name": "kelu",
            "is_restricted": false,
            "is_ultra_restricted": false
        },
        "thread_ts": "1548949940.156300",
        "parent_user_id": "U8DP2NWAD"
    },
    {
        "client_msg_id": "b1aa6ce4-4bc5-448c-b550-b29a739a99e3",
        "type": "message",
        "text": "But here could be thrown the matter of __ impedance matching __",
        "user": "U5M5PLH9S",
        "ts": "1548960741.157200",
        "team": "T5M5PLH8U",
        "user_team": "T5M5PLH8U",
        "source_team": "T5M5PLH8U",
        "user_profile": {
            "avatar_hash": "e4fb6ae9f526",
            "image_72": "https:\/\/avatars.slack-edge.com\/2017-06-01\/191144530514_e4fb6ae9f526531fd41c_72.jpg",
            "first_name": "",
            "real_name": "kelu",
            "display_name": "",
            "team": "T5M5PLH8U",
            "name": "kelu",
            "is_restricted": false,
            "is_ultra_restricted": false
        },
        "thread_ts": "1548949940.156300",
        "parent_user_id": "U8DP2NWAD"
    },
    {
        "client_msg_id": "35a23964-a22c-47dd-b4c9-389119fd8d03",
        "type": "message",
        "text": "Reference of the (\"non\" working) piezos:\n- Panametrics-NDT M101 0.5MHz 1\"\n- Panametrics-NDT M1036 2.25MHz 0.5\"",
        "user": "U8DP2NWAD",
        "ts": "1548968222.157400",
        "team": "T5M5PLH8U",
        "user_team": "T5M5PLH8U",
        "source_team": "T5M5PLH8U",
        "user_profile": {
            "avatar_hash": "ge8fe12d48f6",
            "image_72": "https:\/\/secure.gravatar.com\/avatar\/be8fe12d48f65fa83f69d7849035f8c3.jpg?s=72&d=https%3A%2F%2Fa.slack-edge.com%2Fdf10d%2Fimg%2Favatars%2Fava_0024-72.png",
            "first_name": "",
            "real_name": "Tomás Glaría",
            "display_name": "tglaria",
            "team": "T5M5PLH8U",
            "name": "tglaria",
            "is_restricted": false,
            "is_ultra_restricted": false
        },
        "thread_ts": "1548949940.156300",
        "parent_user_id": "U8DP2NWAD"
    },
    {
        "client_msg_id": "296d20be-e955-4f41-b4e1-c475094e9bc9",
        "type": "message",
        "text": "Don't know the difference for now, I haven't found the specs of the 'working' one. (it's a locally manufactured piezo)",
        "user": "U8DP2NWAD",
        "ts": "1548968257.157600",
        "team": "T5M5PLH8U",
        "user_team": "T5M5PLH8U",
        "source_team": "T5M5PLH8U",
        "user_profile": {
            "avatar_hash": "ge8fe12d48f6",
            "image_72": "https:\/\/secure.gravatar.com\/avatar\/be8fe12d48f65fa83f69d7849035f8c3.jpg?s=72&d=https%3A%2F%2Fa.slack-edge.com%2Fdf10d%2Fimg%2Favatars%2Fava_0024-72.png",
            "first_name": "",
            "real_name": "Tomás Glaría",
            "display_name": "tglaria",
            "team": "T5M5PLH8U",
            "name": "tglaria",
            "is_restricted": false,
            "is_ultra_restricted": false
        },
        "thread_ts": "1548949940.156300",
        "parent_user_id": "U8DP2NWAD"
    },
    {
        "client_msg_id": "9a91eb73-3d67-48bd-9549-965f294b3c8a",
        "type": "message",
        "text": "_By the way, what do you board show with the same piezo?_\n\nWhat?",
        "user": "U8DP2NWAD",
        "ts": "1548968281.157800",
        "team": "T5M5PLH8U",
        "user_team": "T5M5PLH8U",
        "source_team": "T5M5PLH8U",
        "user_profile": {
            "avatar_hash": "ge8fe12d48f6",
            "image_72": "https:\/\/secure.gravatar.com\/avatar\/be8fe12d48f65fa83f69d7849035f8c3.jpg?s=72&d=https%3A%2F%2Fa.slack-edge.com%2Fdf10d%2Fimg%2Favatars%2Fava_0024-72.png",
            "first_name": "",
            "real_name": "Tomás Glaría",
            "display_name": "tglaria",
            "team": "T5M5PLH8U",
            "name": "tglaria",
            "is_restricted": false,
            "is_ultra_restricted": false
        },
        "thread_ts": "1548949940.156300",
        "parent_user_id": "U8DP2NWAD"
    },
    {
        "client_msg_id": "ffd4e873-2291-4af2-a9dd-5da32f415b3a",
        "type": "message",
        "text": "Ooops: using your board, did you notice a similar behavior ?",
        "user": "U5M5PLH9S",
        "ts": "1549003419.158000",
        "team": "T5M5PLH8U",
        "user_team": "T5M5PLH8U",
        "source_team": "T5M5PLH8U",
        "user_profile": {
            "avatar_hash": "e4fb6ae9f526",
            "image_72": "https:\/\/avatars.slack-edge.com\/2017-06-01\/191144530514_e4fb6ae9f526531fd41c_72.jpg",
            "first_name": "",
            "real_name": "kelu",
            "display_name": "",
            "team": "T5M5PLH8U",
            "name": "kelu",
            "is_restricted": false,
            "is_ultra_restricted": false
        },
        "thread_ts": "1548949940.156300",
        "parent_user_id": "U8DP2NWAD"
    }
]