[
    {
        "client_msg_id": "a20eac4b-5ab5-4a9c-9ff2-fd688d71c7d5",
        "type": "message",
        "text": "Ah, c'est sympa, ca! J'y jette un coup d'oeil; merci!\nEst-ce que tu connais un peu les transducers CMUT? Au style Butterfly iQ:\n<https:\/\/www.butterflynetwork.com\/iq>\nVu la flexibilite de la geometrie et en particulier le bandwidth tres large, je crois que je vais essayer de m'en procurer. Il existe quelques compagnies qui en produisent.",
        "user": "UKV93F6H1",
        "ts": "1563177067.032500",
        "team": "T5M5PLH8U",
        "user_team": "T5M5PLH8U",
        "source_team": "T5M5PLH8U",
        "user_profile": {
            "avatar_hash": "g6d2c177ce08",
            "image_72": "https:\/\/secure.gravatar.com\/avatar\/f6d2c177ce0816bb3e535fb753f0d9c7.jpg?s=72&d=https%3A%2F%2Fa.slack-edge.com%2Fdf10d%2Fimg%2Favatars%2Fava_0015-72.png",
            "first_name": "",
            "real_name": "Julien Chaput",
            "display_name": "Julien Chaput",
            "team": "T5M5PLH8U",
            "name": "jchaput82",
            "is_restricted": false,
            "is_ultra_restricted": false
        },
        "attachments": [
            {
                "title": "One probe, whole-body imaging - Butterfly iQ",
                "title_link": "https:\/\/www.butterflynetwork.com\/iq",
                "text": "Find out how the world's first whole body imager and extensive ultrasound ecosystem make it possible for everyone on the planet to finally have access to medical imaging.",
                "fallback": "One probe, whole-body imaging - Butterfly iQ",
                "thumb_url": "https:\/\/assets-global.website-files.com\/5a0cbe08f1138d000147a9d4\/5b64761c1bdd3fcd6835961f_product_OG.jpg",
                "from_url": "https:\/\/www.butterflynetwork.com\/iq",
                "thumb_width": 1200,
                "thumb_height": 630,
                "service_name": "butterflynetwork.com",
                "id": 1,
                "original_url": "https:\/\/www.butterflynetwork.com\/iq"
            }
        ],
        "thread_ts": "1562463563.026400",
        "parent_user_id": "UKV93F6H1"
    },
    {
        "client_msg_id": "1809075f-1717-4a55-bb3c-81fb436becc1",
        "type": "message",
        "text": "Yup, je connais bien, et j'aimerais me trouver un petit array pour tester des mux \/ afe. Tu penses à quelles boites? Si tu en trouves je suis preneur des noms :)",
        "user": "U5M5PLH9S",
        "ts": "1563177245.032800",
        "team": "T5M5PLH8U",
        "user_team": "T5M5PLH8U",
        "source_team": "T5M5PLH8U",
        "user_profile": {
            "avatar_hash": "e4fb6ae9f526",
            "image_72": "https:\/\/avatars.slack-edge.com\/2017-06-01\/191144530514_e4fb6ae9f526531fd41c_72.jpg",
            "first_name": "",
            "real_name": "kelu",
            "display_name": "",
            "team": "T5M5PLH8U",
            "name": "kelu",
            "is_restricted": false,
            "is_ultra_restricted": false
        },
        "thread_ts": "1562463563.026400",
        "parent_user_id": "UKV93F6H1"
    },
    {
        "client_msg_id": "3ebdd1dc-fb76-4d5d-b756-7da0926c8e3d",
        "type": "message",
        "text": "J'ai envoye un mail a celle-ci:\n<https:\/\/www.innovationservices.philips.com\/looking-expertise\/mems-micro-devices\/mems-applications\/capacitive-micromachined-ultrasonic-transducers-cmut\/>",
        "user": "UKV93F6H1",
        "ts": "1563182886.033200",
        "team": "T5M5PLH8U",
        "user_team": "T5M5PLH8U",
        "source_team": "T5M5PLH8U",
        "user_profile": {
            "avatar_hash": "g6d2c177ce08",
            "image_72": "https:\/\/secure.gravatar.com\/avatar\/f6d2c177ce0816bb3e535fb753f0d9c7.jpg?s=72&d=https%3A%2F%2Fa.slack-edge.com%2Fdf10d%2Fimg%2Favatars%2Fava_0015-72.png",
            "first_name": "",
            "real_name": "Julien Chaput",
            "display_name": "Julien Chaput",
            "team": "T5M5PLH8U",
            "name": "jchaput82",
            "is_restricted": false,
            "is_ultra_restricted": false
        },
        "attachments": [
            {
                "service_name": "Philips Innovation Services",
                "title": "Capacitive micromachined ultrasonic transducers | Philips Innovation Services",
                "title_link": "https:\/\/www.innovationservices.philips.com\/looking-expertise\/mems-micro-devices\/mems-applications\/capacitive-micromachined-ultrasonic-transducers-cmut\/",
                "text": "CMUTs transmit &amp; receive ultrasound, with advantages such as large bandwidth, easy fabrication of large arrays, and integration with driver circuitry.",
                "fallback": "Philips Innovation Services: Capacitive micromachined ultrasonic transducers | Philips Innovation Services",
                "thumb_url": "https:\/\/www.innovationservices.philips.com\/app\/uploads\/2017\/04\/CMUT-slider-2.png",
                "from_url": "https:\/\/www.innovationservices.philips.com\/looking-expertise\/mems-micro-devices\/mems-applications\/capacitive-micromachined-ultrasonic-transducers-cmut\/",
                "thumb_width": 900,
                "thumb_height": 556,
                "service_icon": "https:\/\/www.innovationservices.philips.com\/app\/uploads\/2017\/01\/favicon-422x422.png",
                "id": 1,
                "original_url": "https:\/\/www.innovationservices.philips.com\/looking-expertise\/mems-micro-devices\/mems-applications\/capacitive-micromachined-ultrasonic-transducers-cmut\/"
            }
        ],
        "thread_ts": "1562463563.026400",
        "parent_user_id": "UKV93F6H1"
    },
    {
        "client_msg_id": "2d307543-fde3-4234-af85-d58521df03d9",
        "type": "message",
        "text": "J'avais eu Peter van den Bekerom de chez eux :slightly_smiling_face:",
        "user": "U5M5PLH9S",
        "ts": "1563182963.033500",
        "team": "T5M5PLH8U",
        "user_team": "T5M5PLH8U",
        "source_team": "T5M5PLH8U",
        "user_profile": {
            "avatar_hash": "e4fb6ae9f526",
            "image_72": "https:\/\/avatars.slack-edge.com\/2017-06-01\/191144530514_e4fb6ae9f526531fd41c_72.jpg",
            "first_name": "",
            "real_name": "kelu",
            "display_name": "",
            "team": "T5M5PLH8U",
            "name": "kelu",
            "is_restricted": false,
            "is_ultra_restricted": false
        },
        "thread_ts": "1562463563.026400",
        "parent_user_id": "UKV93F6H1"
    },
    {
        "client_msg_id": "0d1107aa-e74d-4c3d-84d6-0988ca55e2e5",
        "type": "message",
        "text": "On vera bien ce qu'ils peuvent m'envoyer.\nAh; t'es deja parti dedans! Et alors?",
        "user": "UKV93F6H1",
        "ts": "1563182997.033700",
        "team": "T5M5PLH8U",
        "user_team": "T5M5PLH8U",
        "source_team": "T5M5PLH8U",
        "user_profile": {
            "avatar_hash": "g6d2c177ce08",
            "image_72": "https:\/\/secure.gravatar.com\/avatar\/f6d2c177ce0816bb3e535fb753f0d9c7.jpg?s=72&d=https%3A%2F%2Fa.slack-edge.com%2Fdf10d%2Fimg%2Favatars%2Fava_0015-72.png",
            "first_name": "",
            "real_name": "Julien Chaput",
            "display_name": "Julien Chaput",
            "team": "T5M5PLH8U",
            "name": "jchaput82",
            "is_restricted": false,
            "is_ultra_restricted": false
        },
        "thread_ts": "1562463563.026400",
        "parent_user_id": "UKV93F6H1"
    },
    {
        "client_msg_id": "fe4c7266-4ec7-4422-985b-54298e7ddd8c",
        "type": "message",
        "text": "Rien de concluant pour le moment, étant indépendant je n'ai pas l'aspect \"sérieux\" qu'ils recherchent (I guess)",
        "user": "U5M5PLH9S",
        "ts": "1563184590.033900",
        "team": "T5M5PLH8U",
        "user_team": "T5M5PLH8U",
        "source_team": "T5M5PLH8U",
        "user_profile": {
            "avatar_hash": "e4fb6ae9f526",
            "image_72": "https:\/\/avatars.slack-edge.com\/2017-06-01\/191144530514_e4fb6ae9f526531fd41c_72.jpg",
            "first_name": "",
            "real_name": "kelu",
            "display_name": "",
            "team": "T5M5PLH8U",
            "name": "kelu",
            "is_restricted": false,
            "is_ultra_restricted": false
        },
        "thread_ts": "1562463563.026400",
        "parent_user_id": "UKV93F6H1"
    },
    {
        "client_msg_id": "53848697-a85a-49ed-8bb4-403da2f40afc",
        "type": "message",
        "text": "Hmm. J'ai une jolie somme a depenser plutot librement en termes d'equipement comme partie d'un fond de recherche. Je vais tenter d'acquerir quelque chose; je te tiens au jus.",
        "user": "UKV93F6H1",
        "ts": "1563186959.034100",
        "team": "T5M5PLH8U",
        "user_team": "T5M5PLH8U",
        "source_team": "T5M5PLH8U",
        "user_profile": {
            "avatar_hash": "g6d2c177ce08",
            "image_72": "https:\/\/secure.gravatar.com\/avatar\/f6d2c177ce0816bb3e535fb753f0d9c7.jpg?s=72&d=https%3A%2F%2Fa.slack-edge.com%2Fdf10d%2Fimg%2Favatars%2Fava_0015-72.png",
            "first_name": "",
            "real_name": "Julien Chaput",
            "display_name": "Julien Chaput",
            "team": "T5M5PLH8U",
            "name": "jchaput82",
            "is_restricted": false,
            "is_ultra_restricted": false
        },
        "thread_ts": "1562463563.026400",
        "parent_user_id": "UKV93F6H1",
        "reactions": [
            {
                "name": "nerd_face",
                "users": [
                    "U5M5PLH9S"
                ],
                "count": 1
            },
            {
                "name": "+1",
                "users": [
                    "U5M5PLH9S"
                ],
                "count": 1
            }
        ]
    },
    {
        "client_msg_id": "b08efa91-fd72-4e33-bc67-7340a72c6c86",
        "type": "message",
        "text": "Avec plaisir. Y'en a qui ont de la chance ;)",
        "user": "U5M5PLH9S",
        "ts": "1563190766.034300",
        "team": "T5M5PLH8U",
        "user_team": "T5M5PLH8U",
        "source_team": "T5M5PLH8U",
        "user_profile": {
            "avatar_hash": "e4fb6ae9f526",
            "image_72": "https:\/\/avatars.slack-edge.com\/2017-06-01\/191144530514_e4fb6ae9f526531fd41c_72.jpg",
            "first_name": "",
            "real_name": "kelu",
            "display_name": "",
            "team": "T5M5PLH8U",
            "name": "kelu",
            "is_restricted": false,
            "is_ultra_restricted": false
        },
        "thread_ts": "1562463563.026400",
        "parent_user_id": "UKV93F6H1"
    }
]