[
    {
        "client_msg_id": "83759b3d-6251-4ed5-bf7d-2e2b45a7ffc6",
        "type": "message",
        "text": "Interesting.",
        "user": "U5M5PLH9S",
        "ts": "1565185471.005800",
        "team": "T5M5PLH8U",
        "user_team": "T5M5PLH8U",
        "source_team": "T5M5PLH8U",
        "user_profile": {
            "avatar_hash": "e4fb6ae9f526",
            "image_72": "https:\/\/avatars.slack-edge.com\/2017-06-01\/191144530514_e4fb6ae9f526531fd41c_72.jpg",
            "first_name": "",
            "real_name": "kelu",
            "display_name": "",
            "team": "T5M5PLH8U",
            "name": "kelu",
            "is_restricted": false,
            "is_ultra_restricted": false
        },
        "thread_ts": "1564903864.000900",
        "parent_user_id": "ULYB25AMS"
    },
    {
        "client_msg_id": "d6fc4480-8ea4-4086-b4b5-fffc3411e0c4",
        "type": "message",
        "text": "Can you confirm you flashed the V1.1bin ? -&gt; <https:\/\/github.com\/kelu124\/echomods\/raw\/master\/matty\/20190804a\/un0rick_v1.1.bin>",
        "user": "U5M5PLH9S",
        "ts": "1565185486.006000",
        "team": "T5M5PLH8U",
        "user_team": "T5M5PLH8U",
        "source_team": "T5M5PLH8U",
        "user_profile": {
            "avatar_hash": "e4fb6ae9f526",
            "image_72": "https:\/\/avatars.slack-edge.com\/2017-06-01\/191144530514_e4fb6ae9f526531fd41c_72.jpg",
            "first_name": "",
            "real_name": "kelu",
            "display_name": "",
            "team": "T5M5PLH8U",
            "name": "kelu",
            "is_restricted": false,
            "is_ultra_restricted": false
        },
        "thread_ts": "1564903864.000900",
        "parent_user_id": "ULYB25AMS"
    },
    {
        "client_msg_id": "150755cc-bae5-4700-bd7d-d7935bd37170",
        "type": "message",
        "text": "then please do go on a shell on the raspberry, to obtain this library -&gt; <https:\/\/raw.githubusercontent.com\/kelu124\/echomods\/master\/matty\/20190804a\/pyUn0.py>",
        "user": "U5M5PLH9S",
        "ts": "1565185514.006200",
        "team": "T5M5PLH8U",
        "user_team": "T5M5PLH8U",
        "source_team": "T5M5PLH8U",
        "user_profile": {
            "avatar_hash": "e4fb6ae9f526",
            "image_72": "https:\/\/avatars.slack-edge.com\/2017-06-01\/191144530514_e4fb6ae9f526531fd41c_72.jpg",
            "first_name": "",
            "real_name": "kelu",
            "display_name": "",
            "team": "T5M5PLH8U",
            "name": "kelu",
            "is_restricted": false,
            "is_ultra_restricted": false
        },
        "thread_ts": "1564903864.000900",
        "parent_user_id": "ULYB25AMS"
    },
    {
        "client_msg_id": "b66a3c75-8e5c-4e2e-9906-ab885114158d",
        "type": "message",
        "text": "you can simply type:\nwget <https:\/\/raw.githubusercontent.com\/kelu124\/echomods\/master\/matty\/20190804a\/pyUn0.py>",
        "user": "U5M5PLH9S",
        "ts": "1565185522.006400",
        "team": "T5M5PLH8U",
        "user_team": "T5M5PLH8U",
        "source_team": "T5M5PLH8U",
        "user_profile": {
            "avatar_hash": "e4fb6ae9f526",
            "image_72": "https:\/\/avatars.slack-edge.com\/2017-06-01\/191144530514_e4fb6ae9f526531fd41c_72.jpg",
            "first_name": "",
            "real_name": "kelu",
            "display_name": "",
            "team": "T5M5PLH8U",
            "name": "kelu",
            "is_restricted": false,
            "is_ultra_restricted": false
        },
        "thread_ts": "1564903864.000900",
        "parent_user_id": "ULYB25AMS"
    },
    {
        "client_msg_id": "3548a8d9-0e45-4a69-9cc1-d4cb12bc5b31",
        "type": "message",
        "text": "then if you type \"python pyUn0.py test\" in shell, you should see the onboard LED blink. If that's not the case, the FPGA was not flashed correctly.",
        "user": "U5M5PLH9S",
        "ts": "1565185566.006600",
        "team": "T5M5PLH8U",
        "user_team": "T5M5PLH8U",
        "source_team": "T5M5PLH8U",
        "user_profile": {
            "avatar_hash": "e4fb6ae9f526",
            "image_72": "https:\/\/avatars.slack-edge.com\/2017-06-01\/191144530514_e4fb6ae9f526531fd41c_72.jpg",
            "first_name": "",
            "real_name": "kelu",
            "display_name": "",
            "team": "T5M5PLH8U",
            "name": "kelu",
            "is_restricted": false,
            "is_ultra_restricted": false
        },
        "thread_ts": "1564903864.000900",
        "parent_user_id": "ULYB25AMS"
    },
    {
        "client_msg_id": "f17dd0b4-bd0a-4b0b-90c3-38df56d6d420",
        "type": "message",
        "text": "then if you type python pyUn0.py single, it will acquire one line and store it as a JSON file. Please do share the JSON here.",
        "user": "U5M5PLH9S",
        "ts": "1565185593.006800",
        "team": "T5M5PLH8U",
        "user_team": "T5M5PLH8U",
        "source_team": "T5M5PLH8U",
        "user_profile": {
            "avatar_hash": "e4fb6ae9f526",
            "image_72": "https:\/\/avatars.slack-edge.com\/2017-06-01\/191144530514_e4fb6ae9f526531fd41c_72.jpg",
            "first_name": "",
            "real_name": "kelu",
            "display_name": "",
            "team": "T5M5PLH8U",
            "name": "kelu",
            "is_restricted": false,
            "is_ultra_restricted": false
        },
        "thread_ts": "1564903864.000900",
        "parent_user_id": "ULYB25AMS"
    },
    {
        "client_msg_id": "4b907be8-9bdd-4d1c-9b38-87434ede8fb2",
        "type": "message",
        "text": "Last but not least, you'll be able to type \"python pyUn0.py process\" to transform the JSON into an image of the signal and fft of the signal.",
        "user": "U5M5PLH9S",
        "ts": "1565185623.007000",
        "team": "T5M5PLH8U",
        "user_team": "T5M5PLH8U",
        "source_team": "T5M5PLH8U",
        "user_profile": {
            "avatar_hash": "e4fb6ae9f526",
            "image_72": "https:\/\/avatars.slack-edge.com\/2017-06-01\/191144530514_e4fb6ae9f526531fd41c_72.jpg",
            "first_name": "",
            "real_name": "kelu",
            "display_name": "",
            "team": "T5M5PLH8U",
            "name": "kelu",
            "is_restricted": false,
            "is_ultra_restricted": false
        },
        "thread_ts": "1564903864.000900",
        "parent_user_id": "ULYB25AMS"
    },
    {
        "client_msg_id": "2482a059-8f84-4a24-b895-6dd94ddfda04",
        "type": "message",
        "text": "It will be easier to know what actually happens, as I don't know what the code you used was :smiley:",
        "user": "U5M5PLH9S",
        "ts": "1565185642.007200",
        "team": "T5M5PLH8U",
        "user_team": "T5M5PLH8U",
        "source_team": "T5M5PLH8U",
        "user_profile": {
            "avatar_hash": "e4fb6ae9f526",
            "image_72": "https:\/\/avatars.slack-edge.com\/2017-06-01\/191144530514_e4fb6ae9f526531fd41c_72.jpg",
            "first_name": "",
            "real_name": "kelu",
            "display_name": "",
            "team": "T5M5PLH8U",
            "name": "kelu",
            "is_restricted": false,
            "is_ultra_restricted": false
        },
        "thread_ts": "1564903864.000900",
        "parent_user_id": "ULYB25AMS"
    },
    {
        "client_msg_id": "bee0f1f6-98f4-4756-b03d-5d1978fee9b6",
        "type": "message",
        "text": "These steps are exactly the ones I used in the <https:\/\/github.com\/kelu124\/echomods\/tree\/master\/matty\/20190804a> experiment, so that would prove an efficient debug.",
        "user": "U5M5PLH9S",
        "ts": "1565185731.007400",
        "team": "T5M5PLH8U",
        "user_team": "T5M5PLH8U",
        "source_team": "T5M5PLH8U",
        "user_profile": {
            "avatar_hash": "e4fb6ae9f526",
            "image_72": "https:\/\/avatars.slack-edge.com\/2017-06-01\/191144530514_e4fb6ae9f526531fd41c_72.jpg",
            "first_name": "",
            "real_name": "kelu",
            "display_name": "",
            "team": "T5M5PLH8U",
            "name": "kelu",
            "is_restricted": false,
            "is_ultra_restricted": false
        },
        "thread_ts": "1564903864.000900",
        "parent_user_id": "ULYB25AMS"
    }
]