[
    {
        "type": "message",
        "text": "This is the JASON file that I used before.",
        "files": [
            {
                "id": "FNVLTSVLG",
                "created": 1569832500,
                "timestamp": 1569832500,
                "name": "20190819a-1.json",
                "title": "20190819a-1.json",
                "mimetype": "text\/plain",
                "filetype": "javascript",
                "pretty_type": "JavaScript\/JSON",
                "user": "ULYB25AMS",
                "editable": true,
                "size": 115595,
                "mode": "snippet",
                "is_external": false,
                "external_type": "",
                "is_public": true,
                "public_url_shared": false,
                "display_as_bot": false,
                "username": "",
                "url_private": "https:\/\/files.slack.com\/files-pri\/T5M5PLH8U-FNVLTSVLG\/20190819a-1.json?t=xoxe-191193697300-1381062880324-1368140560006-96abaf9fa31dffabf8d2ddd7876c6250",
                "url_private_download": "https:\/\/files.slack.com\/files-pri\/T5M5PLH8U-FNVLTSVLG\/download\/20190819a-1.json?t=xoxe-191193697300-1381062880324-1368140560006-96abaf9fa31dffabf8d2ddd7876c6250",
                "permalink": "https:\/\/usdevkit.slack.com\/files\/ULYB25AMS\/FNVLTSVLG\/20190819a-1.json",
                "permalink_public": "https:\/\/slack-files.com\/T5M5PLH8U-FNVLTSVLG-e679e938d1",
                "edit_link": "https:\/\/usdevkit.slack.com\/files\/ULYB25AMS\/FNVLTSVLG\/20190819a-1.json\/edit",
                "is_starred": false,
                "has_rich_preview": false
            }
        ],
        "upload": true,
        "user": "ULYB25AMS",
        "display_as_bot": false,
        "ts": "1569832500.005100",
        "client_msg_id": "05d97ed6-bd9f-43da-b17e-3b780bd893f4",
        "thread_ts": "1564903864.000900",
        "parent_user_id": "ULYB25AMS"
    },
    {
        "client_msg_id": "12714421-2897-4548-bf69-b4c71305717b",
        "type": "message",
        "text": "By any chance, could you send it to us when you complete pyUn0.py which is right for python 3?",
        "user": "ULYB25AMS",
        "ts": "1569832638.005500",
        "team": "T5M5PLH8U",
        "user_team": "T5M5PLH8U",
        "source_team": "T5M5PLH8U",
        "user_profile": {
            "avatar_hash": "gd49897152a4",
            "image_72": "https:\/\/secure.gravatar.com\/avatar\/bd49897152a4babe660efcb5e4f11c35.jpg?s=72&d=https%3A%2F%2Fa.slack-edge.com%2Fdf10d%2Fimg%2Favatars%2Fava_0002-72.png",
            "first_name": "Kim",
            "real_name": "Kim Jae Sik",
            "display_name": "Kim Jae Sik",
            "team": "T5M5PLH8U",
            "name": "wotlr6427",
            "is_restricted": false,
            "is_ultra_restricted": false
        },
        "thread_ts": "1564903864.000900",
        "parent_user_id": "ULYB25AMS"
    },
    {
        "client_msg_id": "af4f6741-a792-4539-95cb-d27b96444c3b",
        "type": "message",
        "text": "Sure, but to be honest and transparent, it is not soon - as it still works under python2 - i'm focusing the little free time I have for the moment in finalizing the smaller, newer board.\nBut will let you know when python3 version is going to be out.",
        "user": "U5M5PLH9S",
        "ts": "1569834013.005700",
        "team": "T5M5PLH8U",
        "user_team": "T5M5PLH8U",
        "source_team": "T5M5PLH8U",
        "user_profile": {
            "avatar_hash": "e4fb6ae9f526",
            "image_72": "https:\/\/avatars.slack-edge.com\/2017-06-01\/191144530514_e4fb6ae9f526531fd41c_72.jpg",
            "first_name": "",
            "real_name": "kelu",
            "display_name": "",
            "team": "T5M5PLH8U",
            "name": "kelu",
            "is_restricted": false,
            "is_ultra_restricted": false
        },
        "thread_ts": "1564903864.000900",
        "parent_user_id": "ULYB25AMS"
    }
]