[
    {
        "type": "message",
        "subtype": "channel_join",
        "ts": "1599726244.000400",
        "user": "U01AEE7N8BV",
        "text": "<@U01AEE7N8BV> has joined the channel"
    },
    {
        "client_msg_id": "c201dd5a-49ca-4d29-974c-4ccd75e3c480",
        "type": "message",
        "text": "Hi all, I am using the un0rick board for ultrasound testing and am using a rasp pi 4 b+ to interface. I am having an issue where when I have a usb connection from the RPI to the un0rick board to flash the board, my mouse and keyboard freeze and will not work when the usb connection to the board is connected. Has anyone come across a similar issue?",
        "user": "U01AEE7N8BV",
        "ts": "1599735146.002900",
        "team": "T5M5PLH8U",
        "user_team": "T5M5PLH8U",
        "source_team": "T5M5PLH8U",
        "user_profile": {
            "avatar_hash": "g60b2e269350",
            "image_72": "https:\/\/secure.gravatar.com\/avatar\/60b2e2693508f55426b2a560d064d357.jpg?s=72&d=https%3A%2F%2Fa.slack-edge.com%2Fdf10d%2Fimg%2Favatars%2Fava_0025-72.png",
            "first_name": "",
            "real_name": "Brodie O'Sullivan",
            "display_name": "Brodie O'Sullivan",
            "team": "T5M5PLH8U",
            "name": "b.osullivan",
            "is_restricted": false,
            "is_ultra_restricted": false
        },
        "blocks": [
            {
                "type": "rich_text",
                "block_id": "dn2T",
                "elements": [
                    {
                        "type": "rich_text_section",
                        "elements": [
                            {
                                "type": "text",
                                "text": "Hi all, I am using the un0rick board for ultrasound testing and am using a rasp pi 4 b+ to interface. I am having an issue where when I have a usb connection from the RPI to the un0rick board to flash the board, my mouse and keyboard freeze and will not work when the usb connection to the board is connected. Has anyone come across a similar issue?"
                            }
                        ]
                    }
                ]
            }
        ],
        "thread_ts": "1599735146.002900",
        "reply_count": 20,
        "reply_users_count": 2,
        "latest_reply": "1600347638.012500",
        "reply_users": [
            "U5M5PLH9S",
            "U01AEE7N8BV"
        ],
        "replies": [
            {
                "user": "U5M5PLH9S",
                "ts": "1599737149.003800"
            },
            {
                "user": "U5M5PLH9S",
                "ts": "1599737198.004000"
            },
            {
                "user": "U01AEE7N8BV",
                "ts": "1599739115.004200"
            },
            {
                "user": "U5M5PLH9S",
                "ts": "1599739453.004400"
            },
            {
                "user": "U01AEE7N8BV",
                "ts": "1599742380.004600"
            },
            {
                "user": "U01AEE7N8BV",
                "ts": "1599743562.004800"
            },
            {
                "user": "U5M5PLH9S",
                "ts": "1599748338.005300"
            },
            {
                "user": "U5M5PLH9S",
                "ts": "1599748362.005500"
            },
            {
                "user": "U5M5PLH9S",
                "ts": "1599773714.005700"
            },
            {
                "user": "U01AEE7N8BV",
                "ts": "1599817552.005900"
            },
            {
                "user": "U01AEE7N8BV",
                "ts": "1599817672.006200"
            },
            {
                "user": "U5M5PLH9S",
                "ts": "1599818505.006600"
            },
            {
                "user": "U5M5PLH9S",
                "ts": "1599818522.006800"
            },
            {
                "user": "U5M5PLH9S",
                "ts": "1600071101.010600"
            },
            {
                "user": "U01AEE7N8BV",
                "ts": "1600155815.010800"
            },
            {
                "user": "U5M5PLH9S",
                "ts": "1600188906.011300"
            },
            {
                "user": "U01AEE7N8BV",
                "ts": "1600255730.011500"
            },
            {
                "user": "U01AEE7N8BV",
                "ts": "1600325091.011700"
            },
            {
                "user": "U5M5PLH9S",
                "ts": "1600339650.012300"
            },
            {
                "user": "U01AEE7N8BV",
                "ts": "1600347638.012500"
            }
        ],
        "subscribed": true,
        "last_read": "1600347638.012500"
    },
    {
        "client_msg_id": "f2bc674a-bcf3-4afa-bb44-f8a06528cecb",
        "type": "message",
        "text": "Never seen that, just to be sure, do you have a header connection and the usb connection? If that's the case I guess only one could remove a possible issue.\nWhat is your dmesg log output ?",
        "user": "U5M5PLH9S",
        "ts": "1599737149.003800",
        "team": "T5M5PLH8U",
        "user_team": "T5M5PLH8U",
        "source_team": "T5M5PLH8U",
        "user_profile": {
            "avatar_hash": "e4fb6ae9f526",
            "image_72": "https:\/\/avatars.slack-edge.com\/2017-06-01\/191144530514_e4fb6ae9f526531fd41c_72.jpg",
            "first_name": "",
            "real_name": "kelu",
            "display_name": "",
            "team": "T5M5PLH8U",
            "name": "kelu",
            "is_restricted": false,
            "is_ultra_restricted": false
        },
        "blocks": [
            {
                "type": "rich_text",
                "block_id": "C3W",
                "elements": [
                    {
                        "type": "rich_text_section",
                        "elements": [
                            {
                                "type": "text",
                                "text": "Never seen that, just to be sure, do you have a header connection and the usb connection? If that's the case I guess only one could remove a possible issue.\nWhat is your dmesg log output ?"
                            }
                        ]
                    }
                ]
            }
        ],
        "thread_ts": "1599735146.002900",
        "parent_user_id": "U01AEE7N8BV"
    },
    {
        "client_msg_id": "f85ca5a1-9bd3-467e-a1a5-6181d0f2bea6",
        "type": "message",
        "text": "By the way, just to confirm, the flash remains between poweroffs, so you can flash it once and never flash it after.",
        "user": "U5M5PLH9S",
        "ts": "1599737198.004000",
        "team": "T5M5PLH8U",
        "user_team": "T5M5PLH8U",
        "source_team": "T5M5PLH8U",
        "user_profile": {
            "avatar_hash": "e4fb6ae9f526",
            "image_72": "https:\/\/avatars.slack-edge.com\/2017-06-01\/191144530514_e4fb6ae9f526531fd41c_72.jpg",
            "first_name": "",
            "real_name": "kelu",
            "display_name": "",
            "team": "T5M5PLH8U",
            "name": "kelu",
            "is_restricted": false,
            "is_ultra_restricted": false
        },
        "blocks": [
            {
                "type": "rich_text",
                "block_id": "6iT5f",
                "elements": [
                    {
                        "type": "rich_text_section",
                        "elements": [
                            {
                                "type": "text",
                                "text": "By the way, just to confirm, the flash remains between poweroffs, so you can flash it once and never flash it after."
                            }
                        ]
                    }
                ]
            }
        ],
        "thread_ts": "1599735146.002900",
        "parent_user_id": "U01AEE7N8BV"
    },
    {
        "client_msg_id": "d7d71546-920c-4d9f-90ad-76242c432601",
        "type": "message",
        "text": "just usb connection",
        "user": "U01AEE7N8BV",
        "ts": "1599739115.004200",
        "team": "T5M5PLH8U",
        "user_team": "T5M5PLH8U",
        "source_team": "T5M5PLH8U",
        "user_profile": {
            "avatar_hash": "g60b2e269350",
            "image_72": "https:\/\/secure.gravatar.com\/avatar\/60b2e2693508f55426b2a560d064d357.jpg?s=72&d=https%3A%2F%2Fa.slack-edge.com%2Fdf10d%2Fimg%2Favatars%2Fava_0025-72.png",
            "first_name": "",
            "real_name": "Brodie O'Sullivan",
            "display_name": "Brodie O'Sullivan",
            "team": "T5M5PLH8U",
            "name": "b.osullivan",
            "is_restricted": false,
            "is_ultra_restricted": false
        },
        "blocks": [
            {
                "type": "rich_text",
                "block_id": "q3Us",
                "elements": [
                    {
                        "type": "rich_text_section",
                        "elements": [
                            {
                                "type": "text",
                                "text": "just usb connection"
                            }
                        ]
                    }
                ]
            }
        ],
        "thread_ts": "1599735146.002900",
        "parent_user_id": "U01AEE7N8BV"
    },
    {
        "client_msg_id": "f4c46c49-55a5-4b6b-b33b-f8766aa45bc4",
        "type": "message",
        "text": "That's weird. Seems like a Linux issue - what do the logs say?",
        "user": "U5M5PLH9S",
        "ts": "1599739453.004400",
        "team": "T5M5PLH8U",
        "user_team": "T5M5PLH8U",
        "source_team": "T5M5PLH8U",
        "user_profile": {
            "avatar_hash": "e4fb6ae9f526",
            "image_72": "https:\/\/avatars.slack-edge.com\/2017-06-01\/191144530514_e4fb6ae9f526531fd41c_72.jpg",
            "first_name": "",
            "real_name": "kelu",
            "display_name": "",
            "team": "T5M5PLH8U",
            "name": "kelu",
            "is_restricted": false,
            "is_ultra_restricted": false
        },
        "blocks": [
            {
                "type": "rich_text",
                "block_id": "FDPR",
                "elements": [
                    {
                        "type": "rich_text_section",
                        "elements": [
                            {
                                "type": "text",
                                "text": "That's weird. Seems like a Linux issue - what do the logs say?"
                            }
                        ]
                    }
                ]
            }
        ],
        "thread_ts": "1599735146.002900",
        "parent_user_id": "U01AEE7N8BV"
    },
    {
        "client_msg_id": "31197496-a75b-4236-ac54-1c8d9f4fcb39",
        "type": "message",
        "text": "I am new to rasp pi and unsure how to interpret the logs, I am now looking into it. If the usb to un0rick connection was previously connected and failed, will this show up in the dmesg logs, or does it currently have to be connected to show up",
        "user": "U01AEE7N8BV",
        "ts": "1599742380.004600",
        "team": "T5M5PLH8U",
        "user_team": "T5M5PLH8U",
        "source_team": "T5M5PLH8U",
        "user_profile": {
            "avatar_hash": "g60b2e269350",
            "image_72": "https:\/\/secure.gravatar.com\/avatar\/60b2e2693508f55426b2a560d064d357.jpg?s=72&d=https%3A%2F%2Fa.slack-edge.com%2Fdf10d%2Fimg%2Favatars%2Fava_0025-72.png",
            "first_name": "",
            "real_name": "Brodie O'Sullivan",
            "display_name": "Brodie O'Sullivan",
            "team": "T5M5PLH8U",
            "name": "b.osullivan",
            "is_restricted": false,
            "is_ultra_restricted": false
        },
        "blocks": [
            {
                "type": "rich_text",
                "block_id": "pMc9",
                "elements": [
                    {
                        "type": "rich_text_section",
                        "elements": [
                            {
                                "type": "text",
                                "text": "I am new to rasp pi and unsure how to interpret the logs, I am now looking into it. If the usb to un0rick connection was previously connected and failed, will this show up in the dmesg logs, or does it currently have to be connected to show up"
                            }
                        ]
                    }
                ]
            }
        ],
        "thread_ts": "1599735146.002900",
        "parent_user_id": "U01AEE7N8BV"
    },
    {
        "type": "message",
        "text": "",
        "files": [
            {
                "id": "F01AER8E534",
                "created": 1599743560,
                "timestamp": 1599743560,
                "name": "dmesg logout after usb connection.txt",
                "title": "dmesg logout after usb connection.txt",
                "mimetype": "text\/plain",
                "filetype": "text",
                "pretty_type": "Plain Text",
                "user": "U01AEE7N8BV",
                "editable": true,
                "size": 6419,
                "mode": "snippet",
                "is_external": false,
                "external_type": "",
                "is_public": true,
                "public_url_shared": false,
                "display_as_bot": false,
                "username": "",
                "url_private": "https:\/\/files.slack.com\/files-pri\/T5M5PLH8U-F01AER8E534\/dmesg_logout_after_usb_connection.txt?t=xoxe-191193697300-1381062880324-1368140560006-96abaf9fa31dffabf8d2ddd7876c6250",
                "url_private_download": "https:\/\/files.slack.com\/files-pri\/T5M5PLH8U-F01AER8E534\/download\/dmesg_logout_after_usb_connection.txt?t=xoxe-191193697300-1381062880324-1368140560006-96abaf9fa31dffabf8d2ddd7876c6250",
                "permalink": "https:\/\/usdevkit.slack.com\/files\/U01AEE7N8BV\/F01AER8E534\/dmesg_logout_after_usb_connection.txt",
                "permalink_public": "https:\/\/slack-files.com\/T5M5PLH8U-F01AER8E534-07875639fe",
                "edit_link": "https:\/\/usdevkit.slack.com\/files\/U01AEE7N8BV\/F01AER8E534\/dmesg_logout_after_usb_connection.txt\/edit",
                "is_starred": false,
                "has_rich_preview": false
            }
        ],
        "upload": false,
        "user": "U01AEE7N8BV",
        "display_as_bot": false,
        "ts": "1599743562.004800",
        "thread_ts": "1599735146.002900",
        "parent_user_id": "U01AEE7N8BV"
    },
    {
        "client_msg_id": "7b586e19-bd17-4bcf-a1ad-66fc117d30b7",
        "type": "message",
        "text": "Thanks, it seems the board is pulling too much current while still not browning out the pi. Would you have a pic of the board? I would tend to believe there's a short somewhere there.",
        "user": "U5M5PLH9S",
        "ts": "1599748338.005300",
        "team": "T5M5PLH8U",
        "user_team": "T5M5PLH8U",
        "source_team": "T5M5PLH8U",
        "user_profile": {
            "avatar_hash": "e4fb6ae9f526",
            "image_72": "https:\/\/avatars.slack-edge.com\/2017-06-01\/191144530514_e4fb6ae9f526531fd41c_72.jpg",
            "first_name": "",
            "real_name": "kelu",
            "display_name": "",
            "team": "T5M5PLH8U",
            "name": "kelu",
            "is_restricted": false,
            "is_ultra_restricted": false
        },
        "blocks": [
            {
                "type": "rich_text",
                "block_id": "P7Q",
                "elements": [
                    {
                        "type": "rich_text_section",
                        "elements": [
                            {
                                "type": "text",
                                "text": "Thanks, it seems the board is pulling too much current while still not browning out the pi. Would you have a pic of the board? I would tend to believe there's a short somewhere there."
                            }
                        ]
                    }
                ]
            }
        ],
        "thread_ts": "1599735146.002900",
        "parent_user_id": "U01AEE7N8BV"
    },
    {
        "client_msg_id": "e9237cbb-2514-4dd2-86ca-5eebfe13e091",
        "type": "message",
        "text": "Please do also try with another usb cable just to rule out it's not the cable",
        "user": "U5M5PLH9S",
        "ts": "1599748362.005500",
        "team": "T5M5PLH8U",
        "user_team": "T5M5PLH8U",
        "source_team": "T5M5PLH8U",
        "user_profile": {
            "avatar_hash": "e4fb6ae9f526",
            "image_72": "https:\/\/avatars.slack-edge.com\/2017-06-01\/191144530514_e4fb6ae9f526531fd41c_72.jpg",
            "first_name": "",
            "real_name": "kelu",
            "display_name": "",
            "team": "T5M5PLH8U",
            "name": "kelu",
            "is_restricted": false,
            "is_ultra_restricted": false
        },
        "blocks": [
            {
                "type": "rich_text",
                "block_id": "pfY0",
                "elements": [
                    {
                        "type": "rich_text_section",
                        "elements": [
                            {
                                "type": "text",
                                "text": "Please do also try with another usb cable just to rule out it's not the cable"
                            }
                        ]
                    }
                ]
            }
        ],
        "thread_ts": "1599735146.002900",
        "parent_user_id": "U01AEE7N8BV"
    },
    {
        "client_msg_id": "07aa3e59-bd6a-4709-b7eb-431cc2f2e234",
        "type": "message",
        "text": "Another thought: the rpi4 does use a significant current, are you sure you have a big enough supply ?",
        "user": "U5M5PLH9S",
        "ts": "1599773714.005700",
        "team": "T5M5PLH8U",
        "user_team": "T5M5PLH8U",
        "source_team": "T5M5PLH8U",
        "user_profile": {
            "avatar_hash": "e4fb6ae9f526",
            "image_72": "https:\/\/avatars.slack-edge.com\/2017-06-01\/191144530514_e4fb6ae9f526531fd41c_72.jpg",
            "first_name": "",
            "real_name": "kelu",
            "display_name": "",
            "team": "T5M5PLH8U",
            "name": "kelu",
            "is_restricted": false,
            "is_ultra_restricted": false
        },
        "blocks": [
            {
                "type": "rich_text",
                "block_id": "2kiC",
                "elements": [
                    {
                        "type": "rich_text_section",
                        "elements": [
                            {
                                "type": "text",
                                "text": "Another thought: the rpi4 does use a significant current, are you sure you have a big enough supply ?"
                            }
                        ]
                    }
                ]
            }
        ],
        "thread_ts": "1599735146.002900",
        "parent_user_id": "U01AEE7N8BV"
    }
]