[
    {
        "type": "message",
        "text": "Hum signal extraction from noise seems to work :smiley: Onboard signal processing FTW !",
        "files": [
            {
                "id": "F018HCNC0BB",
                "created": 1596367473,
                "timestamp": 1596367473,
                "name": "enveloppe.png",
                "title": "enveloppe.png",
                "mimetype": "image\/png",
                "filetype": "png",
                "pretty_type": "PNG",
                "user": "U5M5PLH9S",
                "editable": false,
                "size": 46697,
                "mode": "hosted",
                "is_external": false,
                "external_type": "",
                "is_public": true,
                "public_url_shared": false,
                "display_as_bot": false,
                "username": "",
                "url_private": "https:\/\/files.slack.com\/files-pri\/T5M5PLH8U-F018HCNC0BB\/enveloppe.png?t=xoxe-191193697300-1381062880324-1368140560006-96abaf9fa31dffabf8d2ddd7876c6250",
                "url_private_download": "https:\/\/files.slack.com\/files-pri\/T5M5PLH8U-F018HCNC0BB\/download\/enveloppe.png?t=xoxe-191193697300-1381062880324-1368140560006-96abaf9fa31dffabf8d2ddd7876c6250",
                "thumb_64": "https:\/\/files.slack.com\/files-tmb\/T5M5PLH8U-F018HCNC0BB-e78bfe1d73\/enveloppe_64.png?t=xoxe-191193697300-1381062880324-1368140560006-96abaf9fa31dffabf8d2ddd7876c6250",
                "thumb_80": "https:\/\/files.slack.com\/files-tmb\/T5M5PLH8U-F018HCNC0BB-e78bfe1d73\/enveloppe_80.png?t=xoxe-191193697300-1381062880324-1368140560006-96abaf9fa31dffabf8d2ddd7876c6250",
                "thumb_360": "https:\/\/files.slack.com\/files-tmb\/T5M5PLH8U-F018HCNC0BB-e78bfe1d73\/enveloppe_360.png?t=xoxe-191193697300-1381062880324-1368140560006-96abaf9fa31dffabf8d2ddd7876c6250",
                "thumb_360_w": 360,
                "thumb_360_h": 120,
                "thumb_480": "https:\/\/files.slack.com\/files-tmb\/T5M5PLH8U-F018HCNC0BB-e78bfe1d73\/enveloppe_480.png?t=xoxe-191193697300-1381062880324-1368140560006-96abaf9fa31dffabf8d2ddd7876c6250",
                "thumb_480_w": 480,
                "thumb_480_h": 160,
                "thumb_160": "https:\/\/files.slack.com\/files-tmb\/T5M5PLH8U-F018HCNC0BB-e78bfe1d73\/enveloppe_160.png?t=xoxe-191193697300-1381062880324-1368140560006-96abaf9fa31dffabf8d2ddd7876c6250",
                "thumb_720": "https:\/\/files.slack.com\/files-tmb\/T5M5PLH8U-F018HCNC0BB-e78bfe1d73\/enveloppe_720.png?t=xoxe-191193697300-1381062880324-1368140560006-96abaf9fa31dffabf8d2ddd7876c6250",
                "thumb_720_w": 720,
                "thumb_720_h": 240,
                "thumb_800": "https:\/\/files.slack.com\/files-tmb\/T5M5PLH8U-F018HCNC0BB-e78bfe1d73\/enveloppe_800.png?t=xoxe-191193697300-1381062880324-1368140560006-96abaf9fa31dffabf8d2ddd7876c6250",
                "thumb_800_w": 800,
                "thumb_800_h": 267,
                "thumb_960": "https:\/\/files.slack.com\/files-tmb\/T5M5PLH8U-F018HCNC0BB-e78bfe1d73\/enveloppe_960.png?t=xoxe-191193697300-1381062880324-1368140560006-96abaf9fa31dffabf8d2ddd7876c6250",
                "thumb_960_w": 960,
                "thumb_960_h": 320,
                "thumb_1024": "https:\/\/files.slack.com\/files-tmb\/T5M5PLH8U-F018HCNC0BB-e78bfe1d73\/enveloppe_1024.png?t=xoxe-191193697300-1381062880324-1368140560006-96abaf9fa31dffabf8d2ddd7876c6250",
                "thumb_1024_w": 1024,
                "thumb_1024_h": 341,
                "original_w": 1500,
                "original_h": 500,
                "thumb_tiny": "AwAQADDTNFBo\/CgAoxSfhR3oAWijPtRQB\/\/Z",
                "permalink": "https:\/\/usdevkit.slack.com\/files\/U5M5PLH9S\/F018HCNC0BB\/enveloppe.png",
                "permalink_public": "https:\/\/slack-files.com\/T5M5PLH8U-F018HCNC0BB-bd3f029e8c",
                "is_starred": false,
                "has_rich_preview": false
            },
            {
                "id": "F0184PP2SGJ",
                "created": 1596367481,
                "timestamp": 1596367481,
                "name": "signal.png",
                "title": "signal.png",
                "mimetype": "image\/png",
                "filetype": "png",
                "pretty_type": "PNG",
                "user": "U5M5PLH9S",
                "editable": false,
                "size": 43323,
                "mode": "hosted",
                "is_external": false,
                "external_type": "",
                "is_public": true,
                "public_url_shared": false,
                "display_as_bot": false,
                "username": "",
                "url_private": "https:\/\/files.slack.com\/files-pri\/T5M5PLH8U-F0184PP2SGJ\/signal.png?t=xoxe-191193697300-1381062880324-1368140560006-96abaf9fa31dffabf8d2ddd7876c6250",
                "url_private_download": "https:\/\/files.slack.com\/files-pri\/T5M5PLH8U-F0184PP2SGJ\/download\/signal.png?t=xoxe-191193697300-1381062880324-1368140560006-96abaf9fa31dffabf8d2ddd7876c6250",
                "thumb_64": "https:\/\/files.slack.com\/files-tmb\/T5M5PLH8U-F0184PP2SGJ-adef80a17a\/signal_64.png?t=xoxe-191193697300-1381062880324-1368140560006-96abaf9fa31dffabf8d2ddd7876c6250",
                "thumb_80": "https:\/\/files.slack.com\/files-tmb\/T5M5PLH8U-F0184PP2SGJ-adef80a17a\/signal_80.png?t=xoxe-191193697300-1381062880324-1368140560006-96abaf9fa31dffabf8d2ddd7876c6250",
                "thumb_360": "https:\/\/files.slack.com\/files-tmb\/T5M5PLH8U-F0184PP2SGJ-adef80a17a\/signal_360.png?t=xoxe-191193697300-1381062880324-1368140560006-96abaf9fa31dffabf8d2ddd7876c6250",
                "thumb_360_w": 360,
                "thumb_360_h": 120,
                "thumb_480": "https:\/\/files.slack.com\/files-tmb\/T5M5PLH8U-F0184PP2SGJ-adef80a17a\/signal_480.png?t=xoxe-191193697300-1381062880324-1368140560006-96abaf9fa31dffabf8d2ddd7876c6250",
                "thumb_480_w": 480,
                "thumb_480_h": 160,
                "thumb_160": "https:\/\/files.slack.com\/files-tmb\/T5M5PLH8U-F0184PP2SGJ-adef80a17a\/signal_160.png?t=xoxe-191193697300-1381062880324-1368140560006-96abaf9fa31dffabf8d2ddd7876c6250",
                "thumb_720": "https:\/\/files.slack.com\/files-tmb\/T5M5PLH8U-F0184PP2SGJ-adef80a17a\/signal_720.png?t=xoxe-191193697300-1381062880324-1368140560006-96abaf9fa31dffabf8d2ddd7876c6250",
                "thumb_720_w": 720,
                "thumb_720_h": 240,
                "thumb_800": "https:\/\/files.slack.com\/files-tmb\/T5M5PLH8U-F0184PP2SGJ-adef80a17a\/signal_800.png?t=xoxe-191193697300-1381062880324-1368140560006-96abaf9fa31dffabf8d2ddd7876c6250",
                "thumb_800_w": 800,
                "thumb_800_h": 267,
                "thumb_960": "https:\/\/files.slack.com\/files-tmb\/T5M5PLH8U-F0184PP2SGJ-adef80a17a\/signal_960.png?t=xoxe-191193697300-1381062880324-1368140560006-96abaf9fa31dffabf8d2ddd7876c6250",
                "thumb_960_w": 960,
                "thumb_960_h": 320,
                "thumb_1024": "https:\/\/files.slack.com\/files-tmb\/T5M5PLH8U-F0184PP2SGJ-adef80a17a\/signal_1024.png?t=xoxe-191193697300-1381062880324-1368140560006-96abaf9fa31dffabf8d2ddd7876c6250",
                "thumb_1024_w": 1024,
                "thumb_1024_h": 341,
                "original_w": 1500,
                "original_h": 500,
                "thumb_tiny": "AwAQADDSY4GaNwCgkgUHpTVXgFh82KAASocjeODjrR5kY43r+dOAAz7nNHHpTEJvT++v504EHkHIpOPSlFIZ\/9k=",
                "permalink": "https:\/\/usdevkit.slack.com\/files\/U5M5PLH9S\/F0184PP2SGJ\/signal.png",
                "permalink_public": "https:\/\/slack-files.com\/T5M5PLH8U-F0184PP2SGJ-4262cca3cb",
                "is_starred": false,
                "has_rich_preview": false
            }
        ],
        "upload": false,
        "blocks": [
            {
                "type": "rich_text",
                "block_id": "EFkA",
                "elements": [
                    {
                        "type": "rich_text_section",
                        "elements": [
                            {
                                "type": "text",
                                "text": "Hum signal extraction from noise seems to work "
                            },
                            {
                                "type": "emoji",
                                "name": "smiley"
                            },
                            {
                                "type": "text",
                                "text": " Onboard signal processing FTW !"
                            }
                        ]
                    }
                ]
            }
        ],
        "user": "U5M5PLH9S",
        "ts": "1596367501.004000",
        "thread_ts": "1595876286.003000",
        "parent_user_id": "U5M5PLH9S"
    },
    {
        "client_msg_id": "e17f0c4b-bf95-45f7-ac71-77cae812d7a9",
        "type": "message",
        "text": "Now.. just to add a riscv cpu on remaining cells, and throw a micropython shell on top of this :slightly_smiling_face:",
        "user": "U5M5PLH9S",
        "ts": "1596373468.004600",
        "team": "T5M5PLH8U",
        "user_team": "T5M5PLH8U",
        "source_team": "T5M5PLH8U",
        "user_profile": {
            "avatar_hash": "e4fb6ae9f526",
            "image_72": "https:\/\/avatars.slack-edge.com\/2017-06-01\/191144530514_e4fb6ae9f526531fd41c_72.jpg",
            "first_name": "",
            "real_name": "kelu",
            "display_name": "",
            "team": "T5M5PLH8U",
            "name": "kelu",
            "is_restricted": false,
            "is_ultra_restricted": false
        },
        "blocks": [
            {
                "type": "rich_text",
                "block_id": "\/wots",
                "elements": [
                    {
                        "type": "rich_text_section",
                        "elements": [
                            {
                                "type": "text",
                                "text": "Now.. just to add a riscv cpu on remaining cells, and throw a micropython shell on top of this "
                            },
                            {
                                "type": "emoji",
                                "name": "slightly_smiling_face"
                            }
                        ]
                    }
                ]
            }
        ],
        "thread_ts": "1595876286.003000",
        "parent_user_id": "U5M5PLH9S"
    }
]