[
    {
        "client_msg_id": "db36e153-6ab0-4e82-8c7f-234dac1ea19b",
        "type": "message",
        "text": "<@U6E49CNV6> thanks for the claps :wink:\nWould you be interested in proof reading an article from this team for the journal of open hardware, as we'd need to strengthen our non-native grip on english command? :wink:",
        "user": "U5M5PLH9S",
        "ts": "1592658847.002100",
        "team": "T5M5PLH8U",
        "user_team": "T5M5PLH8U",
        "source_team": "T5M5PLH8U",
        "user_profile": {
            "avatar_hash": "e4fb6ae9f526",
            "image_72": "https:\/\/avatars.slack-edge.com\/2017-06-01\/191144530514_e4fb6ae9f526531fd41c_72.jpg",
            "first_name": "",
            "real_name": "kelu",
            "display_name": "",
            "team": "T5M5PLH8U",
            "name": "kelu",
            "is_restricted": false,
            "is_ultra_restricted": false
        },
        "blocks": [
            {
                "type": "rich_text",
                "block_id": "GQcS",
                "elements": [
                    {
                        "type": "rich_text_section",
                        "elements": [
                            {
                                "type": "user",
                                "user_id": "U6E49CNV6"
                            },
                            {
                                "type": "text",
                                "text": " thanks for the claps "
                            },
                            {
                                "type": "emoji",
                                "name": "wink"
                            },
                            {
                                "type": "text",
                                "text": "\nWould you be interested in proof reading an article from this team for the journal of open hardware, as we'd need to strengthen our non-native grip on english command? "
                            },
                            {
                                "type": "emoji",
                                "name": "wink"
                            }
                        ]
                    }
                ]
            }
        ],
        "thread_ts": "1591732189.002600",
        "parent_user_id": "U5M5PLH9S"
    }
]