[
    {
        "client_msg_id": "6d8b3294-8251-4bba-b02f-7ecc8dde324c",
        "type": "message",
        "text": "Locked up at home from Saturday... Hope all of you are healthy too...",
        "user": "UFCS7CKPD",
        "ts": "1584616895.030500",
        "team": "T5M5PLH8U",
        "user_team": "T5M5PLH8U",
        "source_team": "T5M5PLH8U",
        "user_profile": {
            "avatar_hash": "g1e384a0d103",
            "image_72": "https:\/\/secure.gravatar.com\/avatar\/b1e384a0d10360cda1cbae6e2b35ef69.jpg?s=72&d=https%3A%2F%2Fa.slack-edge.com%2Fdf10d%2Fimg%2Favatars%2Fava_0007-72.png",
            "first_name": "",
            "real_name": "Jorge Arija",
            "display_name": "",
            "team": "T5M5PLH8U",
            "name": "jarija",
            "is_restricted": false,
            "is_ultra_restricted": false
        },
        "blocks": [
            {
                "type": "rich_text",
                "block_id": "Ckkq",
                "elements": [
                    {
                        "type": "rich_text_section",
                        "elements": [
                            {
                                "type": "text",
                                "text": "Locked up at home from Saturday... Hope all of you are healthy too..."
                            }
                        ]
                    }
                ]
            }
        ],
        "thread_ts": "1584546026.028800",
        "parent_user_id": "U5M5PLH9S",
        "reactions": [
            {
                "name": "heart",
                "users": [
                    "U5M5PLH9S"
                ],
                "count": 1
            }
        ]
    }
]