[
    {
        "client_msg_id": "d5a110d7-7f98-428b-b080-698dccd3ad55",
        "type": "message",
        "text": "( For a few pics and more details at this stage <https:\/\/www.tindie.com\/products\/kelu124\/lit3rick-prototype\/> )",
        "user": "U5M5PLH9S",
        "ts": "1595966183.003700",
        "team": "T5M5PLH8U",
        "user_team": "T5M5PLH8U",
        "source_team": "T5M5PLH8U",
        "user_profile": {
            "avatar_hash": "e4fb6ae9f526",
            "image_72": "https:\/\/avatars.slack-edge.com\/2017-06-01\/191144530514_e4fb6ae9f526531fd41c_72.jpg",
            "first_name": "",
            "real_name": "kelu",
            "display_name": "",
            "team": "T5M5PLH8U",
            "name": "kelu",
            "is_restricted": false,
            "is_ultra_restricted": false
        },
        "attachments": [
            {
                "service_name": "Tindie",
                "title": "lit3rick - prototype by kelu124 on Tindie",
                "title_link": "https:\/\/www.tindie.com\/products\/kelu124\/lit3rick-prototype\/",
                "text": "Ultrasound pulse-echo pHAT (lit3rick): PROTOTYPE",
                "fallback": "Tindie: lit3rick - prototype by kelu124 on Tindie",
                "image_url": "https:\/\/cdn.tindiemedia.com\/images\/resize\/Sd9DNNv5fqfN6ASgp2w7VgBvSXU=\/p\/1200x630\/smart\/i\/17175\/products\/2020-07-27T20%3A18%3A43.552Z-P_20200726_191602_balanced.jpg",
                "from_url": "https:\/\/www.tindie.com\/products\/kelu124\/lit3rick-prototype\/",
                "image_width": 476,
                "image_height": 250,
                "image_bytes": 174433,
                "service_icon": "https:\/\/d2ss6ovg47m0r5.cloudfront.net\/ico\/apples-touch-icon-precomposed.png",
                "id": 1,
                "original_url": "https:\/\/www.tindie.com\/products\/kelu124\/lit3rick-prototype\/"
            }
        ],
        "blocks": [
            {
                "type": "rich_text",
                "block_id": "MZkHj",
                "elements": [
                    {
                        "type": "rich_text_section",
                        "elements": [
                            {
                                "type": "text",
                                "text": "( For a few pics and more details at this stage "
                            },
                            {
                                "type": "link",
                                "url": "https:\/\/www.tindie.com\/products\/kelu124\/lit3rick-prototype\/"
                            },
                            {
                                "type": "text",
                                "text": " )"
                            }
                        ]
                    }
                ]
            }
        ],
        "thread_ts": "1595876286.003000",
        "parent_user_id": "U5M5PLH9S"
    }
]