[
    {
        "client_msg_id": "869a75c8-e150-414b-91d0-85511cd74740",
        "type": "message",
        "text": "Hey <@U013REN1D5F> - a repo that may be interesting for you : <https:\/\/github.com\/jannisborn\/covid19_pocus_ultrasound> . Includes mentions for datasets from Butterflynetworks and Trento University.",
        "user": "U5M5PLH9S",
        "ts": "1589963775.000600",
        "team": "T5M5PLH8U",
        "user_team": "T5M5PLH8U",
        "source_team": "T5M5PLH8U",
        "user_profile": {
            "avatar_hash": "e4fb6ae9f526",
            "image_72": "https:\/\/avatars.slack-edge.com\/2017-06-01\/191144530514_e4fb6ae9f526531fd41c_72.jpg",
            "first_name": "",
            "real_name": "kelu",
            "display_name": "",
            "team": "T5M5PLH8U",
            "name": "kelu",
            "is_restricted": false,
            "is_ultra_restricted": false
        },
        "blocks": [
            {
                "type": "rich_text",
                "block_id": "Rgob",
                "elements": [
                    {
                        "type": "rich_text_section",
                        "elements": [
                            {
                                "type": "text",
                                "text": "Hey "
                            },
                            {
                                "type": "user",
                                "user_id": "U013REN1D5F"
                            },
                            {
                                "type": "text",
                                "text": " - a repo that may be interesting for you : "
                            },
                            {
                                "type": "link",
                                "url": "https:\/\/github.com\/jannisborn\/covid19_pocus_ultrasound"
                            },
                            {
                                "type": "text",
                                "text": " . Includes mentions for datasets from Butterflynetworks and Trento University."
                            }
                        ]
                    }
                ]
            }
        ],
        "thread_ts": "1589182457.030400",
        "parent_user_id": "U013REN1D5F"
    },
    {
        "client_msg_id": "f055e81d-746b-4943-bf25-347ab57fc9e3",
        "type": "message",
        "text": "Thanks <@U5M5PLH9S>, I'll investigate.  Talking to Butterfly about possible supplying less developed countries, will see how low cost it could be.  Keep going with the project, I still think open source ultrasound is worth pursuing",
        "user": "U013REN1D5F",
        "ts": "1589964378.000800",
        "team": "T5M5PLH8U",
        "user_team": "T5M5PLH8U",
        "source_team": "T5M5PLH8U",
        "user_profile": {
            "avatar_hash": "gcaa7d979936",
            "image_72": "https:\/\/secure.gravatar.com\/avatar\/caa7d979936af04b1fe21726a79263af.jpg?s=72&d=https%3A%2F%2Fa.slack-edge.com%2Fdf10d%2Fimg%2Favatars%2Fava_0016-72.png",
            "first_name": "",
            "real_name": "Ruairi",
            "display_name": "",
            "team": "T5M5PLH8U",
            "name": "lapido",
            "is_restricted": false,
            "is_ultra_restricted": false
        },
        "blocks": [
            {
                "type": "rich_text",
                "block_id": "juc",
                "elements": [
                    {
                        "type": "rich_text_section",
                        "elements": [
                            {
                                "type": "text",
                                "text": "Thanks "
                            },
                            {
                                "type": "user",
                                "user_id": "U5M5PLH9S"
                            },
                            {
                                "type": "text",
                                "text": ", I'll investigate.  Talking to Butterfly about possible supplying less developed countries, will see how low cost it could be.  Keep going with the project, I still think open source ultrasound is worth pursuing"
                            }
                        ]
                    }
                ]
            }
        ],
        "thread_ts": "1589182457.030400",
        "parent_user_id": "U013REN1D5F"
    },
    {
        "client_msg_id": "5c35d4dc-0eeb-4620-9704-55eea909fbb0",
        "type": "message",
        "text": "Ah, ML base diagnosis this is wonderful.  Saves me having to build a model and collect a tonne of imagining data to train a network!  This is perfect, will get in touch with that team, ty!",
        "user": "U013REN1D5F",
        "ts": "1589964551.001000",
        "team": "T5M5PLH8U",
        "user_team": "T5M5PLH8U",
        "source_team": "T5M5PLH8U",
        "user_profile": {
            "avatar_hash": "gcaa7d979936",
            "image_72": "https:\/\/secure.gravatar.com\/avatar\/caa7d979936af04b1fe21726a79263af.jpg?s=72&d=https%3A%2F%2Fa.slack-edge.com%2Fdf10d%2Fimg%2Favatars%2Fava_0016-72.png",
            "first_name": "",
            "real_name": "Ruairi",
            "display_name": "",
            "team": "T5M5PLH8U",
            "name": "lapido",
            "is_restricted": false,
            "is_ultra_restricted": false
        },
        "blocks": [
            {
                "type": "rich_text",
                "block_id": "Y6qo",
                "elements": [
                    {
                        "type": "rich_text_section",
                        "elements": [
                            {
                                "type": "text",
                                "text": "Ah, ML base diagnosis this is wonderful.  Saves me having to build a model and collect a tonne of imagining data to train a network!  This is perfect, will get in touch with that team, ty!"
                            }
                        ]
                    }
                ]
            }
        ],
        "thread_ts": "1589182457.030400",
        "parent_user_id": "U013REN1D5F",
        "reactions": [
            {
                "name": "heavy_check_mark",
                "users": [
                    "U5M5PLH9S"
                ],
                "count": 1
            }
        ]
    }
]