[
    {
        "type": "message",
        "text": "Here's the stimdust paper.. exciting. ping <@U6E49CNV6>",
        "files": [
            {
                "id": "F016VKZQH16",
                "created": 1593272875,
                "timestamp": 1593272875,
                "name": "Piech et al. - 2018 - StimDust A 2.2 mm$3$, implantable wireless precision neural stimulator with ultrasonic power and communication.pdf",
                "title": "Piech et al. - 2018 - StimDust A 2.2 mm$3$, implantable wireless precision neural stimulator with ultrasonic power and communication.pdf",
                "mimetype": "application\/pdf",
                "filetype": "pdf",
                "pretty_type": "PDF",
                "user": "U5M5PLH9S",
                "editable": false,
                "size": 5968524,
                "mode": "hosted",
                "is_external": false,
                "external_type": "",
                "is_public": true,
                "public_url_shared": false,
                "display_as_bot": false,
                "username": "",
                "url_private": "https:\/\/files.slack.com\/files-pri\/T5M5PLH8U-F016VKZQH16\/piech_et_al._-_2018_-_stimdust_a_2.2_mm_3___implantable_wireless_precision_neural_stimulator_with_ultrasonic_power_and_communication.pdf?t=xoxe-191193697300-1381062880324-1368140560006-96abaf9fa31dffabf8d2ddd7876c6250",
                "url_private_download": "https:\/\/files.slack.com\/files-pri\/T5M5PLH8U-F016VKZQH16\/download\/piech_et_al._-_2018_-_stimdust_a_2.2_mm_3___implantable_wireless_precision_neural_stimulator_with_ultrasonic_power_and_communication.pdf?t=xoxe-191193697300-1381062880324-1368140560006-96abaf9fa31dffabf8d2ddd7876c6250",
                "thumb_pdf": "https:\/\/files.slack.com\/files-tmb\/T5M5PLH8U-F016VKZQH16-d1cd065c59\/piech_et_al._-_2018_-_stimdust_a_2.2_mm_3___implantable_wireless_precision_neural_stimulator_with_ultrasonic_power_and_communication_thumb_pdf.png?t=xoxe-191193697300-1381062880324-1368140560006-96abaf9fa31dffabf8d2ddd7876c6250",
                "thumb_pdf_w": 935,
                "thumb_pdf_h": 1210,
                "permalink": "https:\/\/usdevkit.slack.com\/files\/U5M5PLH9S\/F016VKZQH16\/piech_et_al._-_2018_-_stimdust_a_2.2_mm_3___implantable_wireless_precision_neural_stimulator_with_ultrasonic_power_and_communication.pdf",
                "permalink_public": "https:\/\/slack-files.com\/T5M5PLH8U-F016VKZQH16-b741f87a12",
                "is_starred": false,
                "has_rich_preview": false
            }
        ],
        "upload": false,
        "blocks": [
            {
                "type": "rich_text",
                "block_id": "mTPG",
                "elements": [
                    {
                        "type": "rich_text_section",
                        "elements": [
                            {
                                "type": "text",
                                "text": "Here's the stimdust paper.. exciting. ping "
                            },
                            {
                                "type": "user",
                                "user_id": "U6E49CNV6"
                            }
                        ]
                    }
                ]
            }
        ],
        "user": "U5M5PLH9S",
        "display_as_bot": false,
        "ts": "1593272888.000300",
        "thread_ts": "1593103844.001600",
        "parent_user_id": "U6E49CNV6"
    },
    {
        "client_msg_id": "10E0FC03-25DF-4340-B696-56FA5FB85EFD",
        "type": "message",
        "text": "Very happy to look at this. Jose Carmena spoke at NanoNeuro this week about BCI and they asked him about this",
        "user": "U6E49CNV6",
        "ts": "1593273064.002100",
        "team": "T5M5PLH8U",
        "user_team": "T5M5PLH8U",
        "source_team": "T5M5PLH8U",
        "user_profile": {
            "avatar_hash": "g080a90c5285",
            "image_72": "https:\/\/secure.gravatar.com\/avatar\/7080a90c528526f8129488e607562782.jpg?s=72&d=https%3A%2F%2Fa.slack-edge.com%2Fdf10d%2Fimg%2Favatars%2Fava_0018-72.png",
            "first_name": "Morgan",
            "real_name": "Morgan Hough",
            "display_name": "mhough",
            "team": "T5M5PLH8U",
            "name": "mhough",
            "is_restricted": false,
            "is_ultra_restricted": false
        },
        "blocks": [
            {
                "type": "rich_text",
                "block_id": "64Ow2",
                "elements": [
                    {
                        "type": "rich_text_section",
                        "elements": [
                            {
                                "type": "text",
                                "text": "Very happy to look at this. Jose Carmena spoke at NanoNeuro this week about BCI and they asked him about this"
                            }
                        ]
                    }
                ]
            }
        ],
        "thread_ts": "1593103844.001600",
        "parent_user_id": "U6E49CNV6"
    },
    {
        "client_msg_id": "cc2b967a-a97b-48e5-a27d-8e804fddfa9e",
        "type": "message",
        "text": "(uups just to be clear the paper to be reviewed is another one :smiley:  but thought you'd like the stimdust one )",
        "user": "U5M5PLH9S",
        "ts": "1593273131.002300",
        "team": "T5M5PLH8U",
        "user_team": "T5M5PLH8U",
        "source_team": "T5M5PLH8U",
        "user_profile": {
            "avatar_hash": "e4fb6ae9f526",
            "image_72": "https:\/\/avatars.slack-edge.com\/2017-06-01\/191144530514_e4fb6ae9f526531fd41c_72.jpg",
            "first_name": "",
            "real_name": "kelu",
            "display_name": "",
            "team": "T5M5PLH8U",
            "name": "kelu",
            "is_restricted": false,
            "is_ultra_restricted": false
        },
        "blocks": [
            {
                "type": "rich_text",
                "block_id": "=RGjv",
                "elements": [
                    {
                        "type": "rich_text_section",
                        "elements": [
                            {
                                "type": "text",
                                "text": "(uups just to be clear the paper to be reviewed is another one "
                            },
                            {
                                "type": "emoji",
                                "name": "smiley"
                            },
                            {
                                "type": "text",
                                "text": "  but thought you'd like the stimdust one )"
                            }
                        ]
                    }
                ]
            }
        ],
        "thread_ts": "1593103844.001600",
        "parent_user_id": "U6E49CNV6"
    }
]