[
    {
        "client_msg_id": "3802bf22-4427-4687-b02c-5d58d9c236b2",
        "type": "message",
        "text": "<@UFPCMHBA6>, so you have the link for your bench ?",
        "user": "U5M5PLH9S",
        "ts": "1598436780.000700",
        "team": "T5M5PLH8U",
        "user_team": "T5M5PLH8U",
        "source_team": "T5M5PLH8U",
        "user_profile": {
            "avatar_hash": "e4fb6ae9f526",
            "image_72": "https:\/\/avatars.slack-edge.com\/2017-06-01\/191144530514_e4fb6ae9f526531fd41c_72.jpg",
            "first_name": "",
            "real_name": "kelu",
            "display_name": "",
            "team": "T5M5PLH8U",
            "name": "kelu",
            "is_restricted": false,
            "is_ultra_restricted": false
        },
        "blocks": [
            {
                "type": "rich_text",
                "block_id": "H1k",
                "elements": [
                    {
                        "type": "rich_text_section",
                        "elements": [
                            {
                                "type": "user",
                                "user_id": "UFPCMHBA6"
                            },
                            {
                                "type": "text",
                                "text": ", so you have the link for your bench ?"
                            }
                        ]
                    }
                ]
            }
        ],
        "thread_ts": "1598173505.004500",
        "parent_user_id": "U5M5PLH9S"
    },
    {
        "client_msg_id": "ef2f6bf8-2456-4646-8b8c-d4ccd4a8d8ab",
        "type": "message",
        "text": "Brilliant. Getting 2d analog image in time (ie.. filming) would allow for 4d imaging on a \"simpler\" architecture, just going into fast optical imaging and hence building on existing tools in this domain",
        "user": "U5M5PLH9S",
        "ts": "1598436910.000900",
        "team": "T5M5PLH8U",
        "user_team": "T5M5PLH8U",
        "source_team": "T5M5PLH8U",
        "user_profile": {
            "avatar_hash": "e4fb6ae9f526",
            "image_72": "https:\/\/avatars.slack-edge.com\/2017-06-01\/191144530514_e4fb6ae9f526531fd41c_72.jpg",
            "first_name": "",
            "real_name": "kelu",
            "display_name": "",
            "team": "T5M5PLH8U",
            "name": "kelu",
            "is_restricted": false,
            "is_ultra_restricted": false
        },
        "blocks": [
            {
                "type": "rich_text",
                "block_id": "JLoK",
                "elements": [
                    {
                        "type": "rich_text_section",
                        "elements": [
                            {
                                "type": "text",
                                "text": "Brilliant. Getting 2d analog image in time (ie.. filming) would allow for 4d imaging on a \"simpler\" architecture, just going into fast optical imaging and hence building on existing tools in this domain"
                            }
                        ]
                    }
                ]
            }
        ],
        "thread_ts": "1598198871.006500",
        "parent_user_id": "U6E49CNV6"
    }
]