[
    {
        "client_msg_id": "732aa7ca-3cda-4ef0-b02f-9757b2990bdc",
        "type": "message",
        "text": "Hey <@U013REN1D5F> welcome here. It seems indeed that ultrasound may be a tool to diagnose COVID19 impact on lungs. <https:\/\/www.butterflynetwork.com\/covid-19>  <https:\/\/www.siemens-healthineers.com\/es\/ultrasound\/lung-ultrasound-covid-19> <https:\/\/www.thelancet.com\/journals\/lanres\/article\/PIIS2213-2600(20)30120-X\/fulltext> . I trust all portable equipment supplier has done its article.",
        "user": "U5M5PLH9S",
        "ts": "1589181962.023900",
        "team": "T5M5PLH8U",
        "user_team": "T5M5PLH8U",
        "source_team": "T5M5PLH8U",
        "user_profile": {
            "avatar_hash": "e4fb6ae9f526",
            "image_72": "https:\/\/avatars.slack-edge.com\/2017-06-01\/191144530514_e4fb6ae9f526531fd41c_72.jpg",
            "first_name": "",
            "real_name": "kelu",
            "display_name": "",
            "team": "T5M5PLH8U",
            "name": "kelu",
            "is_restricted": false,
            "is_ultra_restricted": false
        },
        "edited": {
            "user": "U5M5PLH9S",
            "ts": "1589181975.000000"
        },
        "blocks": [
            {
                "type": "rich_text",
                "block_id": "+cCR",
                "elements": [
                    {
                        "type": "rich_text_section",
                        "elements": [
                            {
                                "type": "text",
                                "text": "Hey "
                            },
                            {
                                "type": "user",
                                "user_id": "U013REN1D5F"
                            },
                            {
                                "type": "text",
                                "text": " welcome here. It seems indeed that ultrasound may be a tool to diagnose COVID19 impact on lungs. "
                            },
                            {
                                "type": "link",
                                "url": "https:\/\/www.butterflynetwork.com\/covid-19"
                            },
                            {
                                "type": "text",
                                "text": "  "
                            },
                            {
                                "type": "link",
                                "url": "https:\/\/www.siemens-healthineers.com\/es\/ultrasound\/lung-ultrasound-covid-19"
                            },
                            {
                                "type": "text",
                                "text": " "
                            },
                            {
                                "type": "link",
                                "url": "https:\/\/www.thelancet.com\/journals\/lanres\/article\/PIIS2213-2600(20)30120-X\/fulltext"
                            },
                            {
                                "type": "text",
                                "text": " . I trust all portable equipment supplier has done its article."
                            }
                        ]
                    }
                ]
            }
        ]
    },
    {
        "client_msg_id": "0cdcf5e0-2009-4b05-a8d6-6da411e8ae3f",
        "type": "message",
        "text": "As far as I know, there is yet no open source medical ultrasound probe on the market.",
        "user": "U5M5PLH9S",
        "ts": "1589181989.024700",
        "team": "T5M5PLH8U",
        "user_team": "T5M5PLH8U",
        "source_team": "T5M5PLH8U",
        "user_profile": {
            "avatar_hash": "e4fb6ae9f526",
            "image_72": "https:\/\/avatars.slack-edge.com\/2017-06-01\/191144530514_e4fb6ae9f526531fd41c_72.jpg",
            "first_name": "",
            "real_name": "kelu",
            "display_name": "",
            "team": "T5M5PLH8U",
            "name": "kelu",
            "is_restricted": false,
            "is_ultra_restricted": false
        },
        "blocks": [
            {
                "type": "rich_text",
                "block_id": "JRD=",
                "elements": [
                    {
                        "type": "rich_text_section",
                        "elements": [
                            {
                                "type": "text",
                                "text": "As far as I know, there is yet no open source medical ultrasound probe on the market."
                            }
                        ]
                    }
                ]
            }
        ]
    },
    {
        "client_msg_id": "1c1f8e10-6589-4166-b802-246085bced90",
        "type": "message",
        "text": "Insofar usability of portable devices for this use case, I would assume it takes a physician to assess its reliability. A few were tested (thinking clarius, butterfly network, ...) and it seems that those can be used . Even if not open source, I trust that some \"cheaper\" ultrasound probes from alibaba OEM et al could also be sufficient - but that would need of course a radiologist take on the matter.",
        "user": "U5M5PLH9S",
        "ts": "1589182106.026700",
        "team": "T5M5PLH8U",
        "user_team": "T5M5PLH8U",
        "source_team": "T5M5PLH8U",
        "user_profile": {
            "avatar_hash": "e4fb6ae9f526",
            "image_72": "https:\/\/avatars.slack-edge.com\/2017-06-01\/191144530514_e4fb6ae9f526531fd41c_72.jpg",
            "first_name": "",
            "real_name": "kelu",
            "display_name": "",
            "team": "T5M5PLH8U",
            "name": "kelu",
            "is_restricted": false,
            "is_ultra_restricted": false
        },
        "edited": {
            "user": "U5M5PLH9S",
            "ts": "1589182130.000000"
        },
        "blocks": [
            {
                "type": "rich_text",
                "block_id": "mSuXt",
                "elements": [
                    {
                        "type": "rich_text_section",
                        "elements": [
                            {
                                "type": "text",
                                "text": "Insofar usability of portable devices for this use case, I would assume it takes a physician to assess its reliability. A few were tested (thinking clarius, butterfly network, ...) and it seems that those can be used . Even if not open source, I trust that some \"cheaper\" ultrasound probes from alibaba OEM et al could also be sufficient - but that would need of course a radiologist take on the matter."
                            }
                        ]
                    }
                ]
            }
        ]
    },
    {
        "client_msg_id": "4e0d4d12-419c-4423-b3cb-aa6729d66454",
        "type": "message",
        "text": "thanks <@U5M5PLH9S>.  I'll investigate more.  Your open source project is interesting, if you done mind I'll stay.  I'd like to learn more about ultrasound",
        "user": "U013REN1D5F",
        "ts": "1589182457.030400",
        "team": "T5M5PLH8U",
        "user_team": "T5M5PLH8U",
        "source_team": "T5M5PLH8U",
        "user_profile": {
            "avatar_hash": "gcaa7d979936",
            "image_72": "https:\/\/secure.gravatar.com\/avatar\/caa7d979936af04b1fe21726a79263af.jpg?s=72&d=https%3A%2F%2Fa.slack-edge.com%2Fdf10d%2Fimg%2Favatars%2Fava_0016-72.png",
            "first_name": "",
            "real_name": "Ruairi",
            "display_name": "",
            "team": "T5M5PLH8U",
            "name": "lapido",
            "is_restricted": false,
            "is_ultra_restricted": false
        },
        "blocks": [
            {
                "type": "rich_text",
                "block_id": "u\/B",
                "elements": [
                    {
                        "type": "rich_text_section",
                        "elements": [
                            {
                                "type": "text",
                                "text": "thanks "
                            },
                            {
                                "type": "user",
                                "user_id": "U5M5PLH9S"
                            },
                            {
                                "type": "text",
                                "text": ".  I'll investigate more.  Your open source project is interesting, if you done mind I'll stay.  I'd like to learn more about ultrasound"
                            }
                        ]
                    }
                ]
            }
        ],
        "thread_ts": "1589182457.030400",
        "reply_count": 3,
        "reply_users_count": 2,
        "latest_reply": "1589964551.001000",
        "reply_users": [
            "U5M5PLH9S",
            "U013REN1D5F"
        ],
        "replies": [
            {
                "user": "U5M5PLH9S",
                "ts": "1589963775.000600"
            },
            {
                "user": "U013REN1D5F",
                "ts": "1589964378.000800"
            },
            {
                "user": "U013REN1D5F",
                "ts": "1589964551.001000"
            }
        ],
        "subscribed": true,
        "last_read": "1589964551.001000"
    },
    {
        "client_msg_id": "828133e0-18e5-4fc9-975e-ce2facdb1a6f",
        "type": "message",
        "text": "Sure, you're more than welcome !",
        "user": "U5M5PLH9S",
        "ts": "1589184759.030600",
        "team": "T5M5PLH8U",
        "user_team": "T5M5PLH8U",
        "source_team": "T5M5PLH8U",
        "user_profile": {
            "avatar_hash": "e4fb6ae9f526",
            "image_72": "https:\/\/avatars.slack-edge.com\/2017-06-01\/191144530514_e4fb6ae9f526531fd41c_72.jpg",
            "first_name": "",
            "real_name": "kelu",
            "display_name": "",
            "team": "T5M5PLH8U",
            "name": "kelu",
            "is_restricted": false,
            "is_ultra_restricted": false
        },
        "blocks": [
            {
                "type": "rich_text",
                "block_id": "DwsOV",
                "elements": [
                    {
                        "type": "rich_text_section",
                        "elements": [
                            {
                                "type": "text",
                                "text": "Sure, you're more than welcome !"
                            }
                        ]
                    }
                ]
            }
        ]
    },
    {
        "client_msg_id": "f0faf99c-f670-4310-aaf6-aff60a11b9a8",
        "type": "message",
        "text": "Moreover, it would be interesting to see if one strictly requires a full-image ultrasound solution, or if example a single sensor could be used.  There are plenty of uses where a single \"pixel\" sensor is used to track the breathing of patient, for example.",
        "user": "U5M5PLH9S",
        "ts": "1589185485.031900",
        "team": "T5M5PLH8U",
        "user_team": "T5M5PLH8U",
        "source_team": "T5M5PLH8U",
        "user_profile": {
            "avatar_hash": "e4fb6ae9f526",
            "image_72": "https:\/\/avatars.slack-edge.com\/2017-06-01\/191144530514_e4fb6ae9f526531fd41c_72.jpg",
            "first_name": "",
            "real_name": "kelu",
            "display_name": "",
            "team": "T5M5PLH8U",
            "name": "kelu",
            "is_restricted": false,
            "is_ultra_restricted": false
        },
        "blocks": [
            {
                "type": "rich_text",
                "block_id": "6hjT7",
                "elements": [
                    {
                        "type": "rich_text_section",
                        "elements": [
                            {
                                "type": "text",
                                "text": "Moreover, it would be interesting to see if one strictly requires a full-image ultrasound solution, or if example a single sensor could be used.  There are plenty of uses where a single \"pixel\" sensor is used to track the breathing of patient, for example."
                            }
                        ]
                    }
                ]
            }
        ]
    }
]