[
    {
        "client_msg_id": "bf235e64-81fa-4b88-8617-cb3a12c81cdd",
        "type": "message",
        "text": "I checked with a second rasp pi 4 and still getting the same issue, must be an issue with the board",
        "user": "U01AEE7N8BV",
        "ts": "1600255730.011500",
        "team": "T5M5PLH8U",
        "user_team": "T5M5PLH8U",
        "source_team": "T5M5PLH8U",
        "user_profile": {
            "avatar_hash": "g60b2e269350",
            "image_72": "https:\/\/secure.gravatar.com\/avatar\/60b2e2693508f55426b2a560d064d357.jpg?s=72&d=https%3A%2F%2Fa.slack-edge.com%2Fdf10d%2Fimg%2Favatars%2Fava_0025-72.png",
            "first_name": "",
            "real_name": "Brodie O'Sullivan",
            "display_name": "Brodie O'Sullivan",
            "team": "T5M5PLH8U",
            "name": "b.osullivan",
            "is_restricted": false,
            "is_ultra_restricted": false
        },
        "blocks": [
            {
                "type": "rich_text",
                "block_id": "bi\/y",
                "elements": [
                    {
                        "type": "rich_text_section",
                        "elements": [
                            {
                                "type": "text",
                                "text": "I checked with a second rasp pi 4 and still getting the same issue, must be an issue with the board"
                            }
                        ]
                    }
                ]
            }
        ],
        "thread_ts": "1599735146.002900",
        "parent_user_id": "U01AEE7N8BV"
    },
    {
        "type": "message",
        "text": "",
        "files": [
            {
                "id": "F01B7T0GNC9",
                "created": 1600325083,
                "timestamp": 1600325083,
                "name": "un0rick.jpg",
                "title": "un0rick.jpg",
                "mimetype": "image\/jpeg",
                "filetype": "jpg",
                "pretty_type": "JPEG",
                "user": "U01AEE7N8BV",
                "editable": false,
                "size": 61334,
                "mode": "hosted",
                "is_external": false,
                "external_type": "",
                "is_public": true,
                "public_url_shared": false,
                "display_as_bot": false,
                "username": "",
                "url_private": "https:\/\/files.slack.com\/files-pri\/T5M5PLH8U-F01B7T0GNC9\/un0rick.jpg?t=xoxe-191193697300-1381062880324-1368140560006-96abaf9fa31dffabf8d2ddd7876c6250",
                "url_private_download": "https:\/\/files.slack.com\/files-pri\/T5M5PLH8U-F01B7T0GNC9\/download\/un0rick.jpg?t=xoxe-191193697300-1381062880324-1368140560006-96abaf9fa31dffabf8d2ddd7876c6250",
                "thumb_64": "https:\/\/files.slack.com\/files-tmb\/T5M5PLH8U-F01B7T0GNC9-ee75f42e07\/un0rick_64.jpg?t=xoxe-191193697300-1381062880324-1368140560006-96abaf9fa31dffabf8d2ddd7876c6250",
                "thumb_80": "https:\/\/files.slack.com\/files-tmb\/T5M5PLH8U-F01B7T0GNC9-ee75f42e07\/un0rick_80.jpg?t=xoxe-191193697300-1381062880324-1368140560006-96abaf9fa31dffabf8d2ddd7876c6250",
                "thumb_360": "https:\/\/files.slack.com\/files-tmb\/T5M5PLH8U-F01B7T0GNC9-ee75f42e07\/un0rick_360.jpg?t=xoxe-191193697300-1381062880324-1368140560006-96abaf9fa31dffabf8d2ddd7876c6250",
                "thumb_360_w": 360,
                "thumb_360_h": 270,
                "thumb_480": "https:\/\/files.slack.com\/files-tmb\/T5M5PLH8U-F01B7T0GNC9-ee75f42e07\/un0rick_480.jpg?t=xoxe-191193697300-1381062880324-1368140560006-96abaf9fa31dffabf8d2ddd7876c6250",
                "thumb_480_w": 480,
                "thumb_480_h": 360,
                "thumb_160": "https:\/\/files.slack.com\/files-tmb\/T5M5PLH8U-F01B7T0GNC9-ee75f42e07\/un0rick_160.jpg?t=xoxe-191193697300-1381062880324-1368140560006-96abaf9fa31dffabf8d2ddd7876c6250",
                "thumb_720": "https:\/\/files.slack.com\/files-tmb\/T5M5PLH8U-F01B7T0GNC9-ee75f42e07\/un0rick_720.jpg?t=xoxe-191193697300-1381062880324-1368140560006-96abaf9fa31dffabf8d2ddd7876c6250",
                "thumb_720_w": 720,
                "thumb_720_h": 540,
                "thumb_800": "https:\/\/files.slack.com\/files-tmb\/T5M5PLH8U-F01B7T0GNC9-ee75f42e07\/un0rick_800.jpg?t=xoxe-191193697300-1381062880324-1368140560006-96abaf9fa31dffabf8d2ddd7876c6250",
                "thumb_800_w": 800,
                "thumb_800_h": 600,
                "thumb_960": "https:\/\/files.slack.com\/files-tmb\/T5M5PLH8U-F01B7T0GNC9-ee75f42e07\/un0rick_960.jpg?t=xoxe-191193697300-1381062880324-1368140560006-96abaf9fa31dffabf8d2ddd7876c6250",
                "thumb_960_w": 960,
                "thumb_960_h": 720,
                "original_w": 960,
                "original_h": 720,
                "thumb_tiny": "AwAkADC55yg4LCkM6f3hVGU4lce9NVyQB0qUirlwzR5+8Kb9oi\/viqxyeaYeKOVBzFv7RH\/e\/SlFxGejZ\/Cs4mnxnn8R\/OlyIfMx1xxM2O59KbGfnAp1xzM\/6VGitnKqT9BVLYl7lvAqvIeTT8vj7p\/KoykjfwH8qAIiadF3+op3kSH\/AJZmnpBLn7hxRdBZl+JFdsMM1aChRgACq8H3qs9qmOw5bkLAZpMCnN1pKhlIMDFGKO1FSB\/\/2Q==",
                "permalink": "https:\/\/usdevkit.slack.com\/files\/U01AEE7N8BV\/F01B7T0GNC9\/un0rick.jpg",
                "permalink_public": "https:\/\/slack-files.com\/T5M5PLH8U-F01B7T0GNC9-5637500083",
                "is_starred": false,
                "has_rich_preview": false
            },
            {
                "id": "F01AV8HAN3U",
                "created": 1600325085,
                "timestamp": 1600325085,
                "name": "un0rick2.jpg",
                "title": "un0rick2.jpg",
                "mimetype": "image\/jpeg",
                "filetype": "jpg",
                "pretty_type": "JPEG",
                "user": "U01AEE7N8BV",
                "editable": false,
                "size": 87717,
                "mode": "hosted",
                "is_external": false,
                "external_type": "",
                "is_public": true,
                "public_url_shared": false,
                "display_as_bot": false,
                "username": "",
                "url_private": "https:\/\/files.slack.com\/files-pri\/T5M5PLH8U-F01AV8HAN3U\/un0rick2.jpg?t=xoxe-191193697300-1381062880324-1368140560006-96abaf9fa31dffabf8d2ddd7876c6250",
                "url_private_download": "https:\/\/files.slack.com\/files-pri\/T5M5PLH8U-F01AV8HAN3U\/download\/un0rick2.jpg?t=xoxe-191193697300-1381062880324-1368140560006-96abaf9fa31dffabf8d2ddd7876c6250",
                "thumb_64": "https:\/\/files.slack.com\/files-tmb\/T5M5PLH8U-F01AV8HAN3U-78a874591a\/un0rick2_64.jpg?t=xoxe-191193697300-1381062880324-1368140560006-96abaf9fa31dffabf8d2ddd7876c6250",
                "thumb_80": "https:\/\/files.slack.com\/files-tmb\/T5M5PLH8U-F01AV8HAN3U-78a874591a\/un0rick2_80.jpg?t=xoxe-191193697300-1381062880324-1368140560006-96abaf9fa31dffabf8d2ddd7876c6250",
                "thumb_360": "https:\/\/files.slack.com\/files-tmb\/T5M5PLH8U-F01AV8HAN3U-78a874591a\/un0rick2_360.jpg?t=xoxe-191193697300-1381062880324-1368140560006-96abaf9fa31dffabf8d2ddd7876c6250",
                "thumb_360_w": 270,
                "thumb_360_h": 360,
                "thumb_480": "https:\/\/files.slack.com\/files-tmb\/T5M5PLH8U-F01AV8HAN3U-78a874591a\/un0rick2_480.jpg?t=xoxe-191193697300-1381062880324-1368140560006-96abaf9fa31dffabf8d2ddd7876c6250",
                "thumb_480_w": 360,
                "thumb_480_h": 480,
                "thumb_160": "https:\/\/files.slack.com\/files-tmb\/T5M5PLH8U-F01AV8HAN3U-78a874591a\/un0rick2_160.jpg?t=xoxe-191193697300-1381062880324-1368140560006-96abaf9fa31dffabf8d2ddd7876c6250",
                "thumb_720": "https:\/\/files.slack.com\/files-tmb\/T5M5PLH8U-F01AV8HAN3U-78a874591a\/un0rick2_720.jpg?t=xoxe-191193697300-1381062880324-1368140560006-96abaf9fa31dffabf8d2ddd7876c6250",
                "thumb_720_w": 540,
                "thumb_720_h": 720,
                "thumb_800": "https:\/\/files.slack.com\/files-tmb\/T5M5PLH8U-F01AV8HAN3U-78a874591a\/un0rick2_800.jpg?t=xoxe-191193697300-1381062880324-1368140560006-96abaf9fa31dffabf8d2ddd7876c6250",
                "thumb_800_w": 600,
                "thumb_800_h": 800,
                "thumb_960": "https:\/\/files.slack.com\/files-tmb\/T5M5PLH8U-F01AV8HAN3U-78a874591a\/un0rick2_960.jpg?t=xoxe-191193697300-1381062880324-1368140560006-96abaf9fa31dffabf8d2ddd7876c6250",
                "thumb_960_w": 720,
                "thumb_960_h": 960,
                "original_w": 720,
                "original_h": 960,
                "thumb_tiny": "AwAwACRJPN48oE+uKjabcdj5PqD2NLeLtnTBODVcsPMzj61MVoU3qWzMyDBOMVNG6sRgvn3qnnByRkeh6VNCRvX602JF8CjFIDxS5qCjOvBkgmqxxuOeatXQyyD1OKhni8p+Sdp6GqjsKW43kgHB49akhb51HvUS9RxT4zmdTjAzTewluXw\/FG+o80mazNCO+yAhBwc1UaZnC7jnbV66fauMD5uMntUHk\/7Uf\/fVVFqxEtyAMeD71NCMsCM9e9J9mOCN6fnTlBWdFJB78U7oS3LBooNFZmp\/\/9k=",
                "permalink": "https:\/\/usdevkit.slack.com\/files\/U01AEE7N8BV\/F01AV8HAN3U\/un0rick2.jpg",
                "permalink_public": "https:\/\/slack-files.com\/T5M5PLH8U-F01AV8HAN3U-a7e30702dd",
                "is_starred": false,
                "has_rich_preview": false
            }
        ],
        "upload": false,
        "user": "U01AEE7N8BV",
        "ts": "1600325091.011700",
        "thread_ts": "1599735146.002900",
        "parent_user_id": "U01AEE7N8BV"
    }
]