[
    {
        "type": "message",
        "subtype": "channel_join",
        "ts": "1579168927.000200",
        "user": "USEND7VUH",
        "text": "<@USEND7VUH> has joined the channel"
    },
    {
        "client_msg_id": "2be98ad5-e392-482d-ab7e-32369ebc6190",
        "type": "message",
        "text": "Welcome <@USEND7VUH> =)",
        "user": "U5M5PLH9S",
        "ts": "1579173171.000400",
        "team": "T5M5PLH8U",
        "user_team": "T5M5PLH8U",
        "source_team": "T5M5PLH8U",
        "user_profile": {
            "avatar_hash": "e4fb6ae9f526",
            "image_72": "https:\/\/avatars.slack-edge.com\/2017-06-01\/191144530514_e4fb6ae9f526531fd41c_72.jpg",
            "first_name": "",
            "real_name": "kelu",
            "display_name": "",
            "team": "T5M5PLH8U",
            "name": "kelu",
            "is_restricted": false,
            "is_ultra_restricted": false
        },
        "edited": {
            "user": "U5M5PLH9S",
            "ts": "1579173181.000000"
        },
        "blocks": [
            {
                "type": "rich_text",
                "block_id": "tWf=k",
                "elements": [
                    {
                        "type": "rich_text_section",
                        "elements": [
                            {
                                "type": "text",
                                "text": "Welcome "
                            },
                            {
                                "type": "user",
                                "user_id": "USEND7VUH"
                            },
                            {
                                "type": "text",
                                "text": " =)"
                            }
                        ]
                    }
                ]
            }
        ]
    }
]