[
    {
        "type": "message",
        "text": "Quarantined: playing with echo-tomography ( ping <@UGJ8GJGNR>) - with a custom, mono elemnt setup.\nMore details at <https:\/\/github.com\/kelu124\/echomods\/tree\/master\/matty\/20200418a> - raw data and different acquisitions too.",
        "files": [
            {
                "id": "F012GF6S42V",
                "created": 1587289510,
                "timestamp": 1587289510,
                "name": "Polar_20200418a16_bdwth_1.2.jpg",
                "title": "Polar_20200418a16_bdwth_1.2.jpg",
                "mimetype": "image\/jpeg",
                "filetype": "jpg",
                "pretty_type": "JPEG",
                "user": "U5M5PLH9S",
                "editable": false,
                "size": 136885,
                "mode": "hosted",
                "is_external": false,
                "external_type": "",
                "is_public": true,
                "public_url_shared": false,
                "display_as_bot": false,
                "username": "",
                "url_private": "https:\/\/files.slack.com\/files-pri\/T5M5PLH8U-F012GF6S42V\/polar_20200418a16_bdwth_1.2.jpg?t=xoxe-191193697300-1381062880324-1368140560006-96abaf9fa31dffabf8d2ddd7876c6250",
                "url_private_download": "https:\/\/files.slack.com\/files-pri\/T5M5PLH8U-F012GF6S42V\/download\/polar_20200418a16_bdwth_1.2.jpg?t=xoxe-191193697300-1381062880324-1368140560006-96abaf9fa31dffabf8d2ddd7876c6250",
                "thumb_64": "https:\/\/files.slack.com\/files-tmb\/T5M5PLH8U-F012GF6S42V-6ca7925a23\/polar_20200418a16_bdwth_1.2_64.jpg?t=xoxe-191193697300-1381062880324-1368140560006-96abaf9fa31dffabf8d2ddd7876c6250",
                "thumb_80": "https:\/\/files.slack.com\/files-tmb\/T5M5PLH8U-F012GF6S42V-6ca7925a23\/polar_20200418a16_bdwth_1.2_80.jpg?t=xoxe-191193697300-1381062880324-1368140560006-96abaf9fa31dffabf8d2ddd7876c6250",
                "thumb_360": "https:\/\/files.slack.com\/files-tmb\/T5M5PLH8U-F012GF6S42V-6ca7925a23\/polar_20200418a16_bdwth_1.2_360.jpg?t=xoxe-191193697300-1381062880324-1368140560006-96abaf9fa31dffabf8d2ddd7876c6250",
                "thumb_360_w": 360,
                "thumb_360_h": 240,
                "thumb_480": "https:\/\/files.slack.com\/files-tmb\/T5M5PLH8U-F012GF6S42V-6ca7925a23\/polar_20200418a16_bdwth_1.2_480.jpg?t=xoxe-191193697300-1381062880324-1368140560006-96abaf9fa31dffabf8d2ddd7876c6250",
                "thumb_480_w": 480,
                "thumb_480_h": 320,
                "thumb_160": "https:\/\/files.slack.com\/files-tmb\/T5M5PLH8U-F012GF6S42V-6ca7925a23\/polar_20200418a16_bdwth_1.2_160.jpg?t=xoxe-191193697300-1381062880324-1368140560006-96abaf9fa31dffabf8d2ddd7876c6250",
                "thumb_720": "https:\/\/files.slack.com\/files-tmb\/T5M5PLH8U-F012GF6S42V-6ca7925a23\/polar_20200418a16_bdwth_1.2_720.jpg?t=xoxe-191193697300-1381062880324-1368140560006-96abaf9fa31dffabf8d2ddd7876c6250",
                "thumb_720_w": 720,
                "thumb_720_h": 480,
                "thumb_800": "https:\/\/files.slack.com\/files-tmb\/T5M5PLH8U-F012GF6S42V-6ca7925a23\/polar_20200418a16_bdwth_1.2_800.jpg?t=xoxe-191193697300-1381062880324-1368140560006-96abaf9fa31dffabf8d2ddd7876c6250",
                "thumb_800_w": 800,
                "thumb_800_h": 533,
                "thumb_960": "https:\/\/files.slack.com\/files-tmb\/T5M5PLH8U-F012GF6S42V-6ca7925a23\/polar_20200418a16_bdwth_1.2_960.jpg?t=xoxe-191193697300-1381062880324-1368140560006-96abaf9fa31dffabf8d2ddd7876c6250",
                "thumb_960_w": 960,
                "thumb_960_h": 640,
                "thumb_1024": "https:\/\/files.slack.com\/files-tmb\/T5M5PLH8U-F012GF6S42V-6ca7925a23\/polar_20200418a16_bdwth_1.2_1024.jpg?t=xoxe-191193697300-1381062880324-1368140560006-96abaf9fa31dffabf8d2ddd7876c6250",
                "thumb_1024_w": 1024,
                "thumb_1024_h": 683,
                "original_w": 1080,
                "original_h": 720,
                "thumb_tiny": "AwAgADDTqvd3JtlUhd2TjrirFU9RGVj9jTQEYvSeTHj\/AIFS\/a2AysX\/AI9VUnNFVYm7L9pdm4kZCm3Az1zVqqFiM3DsP7v9av1LKvcKp6g2BH9auVXu7b7Sqjdtwc9M0IDOI79qB296trYMP+Wuf+A0rWDHpIB\/wGquTZjLA\/v3H+z\/AFrQqra2Zt5GYvuyMdKtVLK2P\/\/Z",
                "permalink": "https:\/\/usdevkit.slack.com\/files\/U5M5PLH9S\/F012GF6S42V\/polar_20200418a16_bdwth_1.2.jpg",
                "permalink_public": "https:\/\/slack-files.com\/T5M5PLH8U-F012GF6S42V-d36169b7d4",
                "is_starred": false,
                "has_rich_preview": false
            }
        ],
        "upload": true,
        "blocks": [
            {
                "type": "rich_text",
                "block_id": "nKpE",
                "elements": [
                    {
                        "type": "rich_text_section",
                        "elements": [
                            {
                                "type": "text",
                                "text": "Quarantined: playing with echo-tomography ( ping "
                            },
                            {
                                "type": "user",
                                "user_id": "UGJ8GJGNR"
                            },
                            {
                                "type": "text",
                                "text": ") - with a custom, mono elemnt setup.\nMore details at "
                            },
                            {
                                "type": "link",
                                "url": "https:\/\/github.com\/kelu124\/echomods\/tree\/master\/matty\/20200418a"
                            },
                            {
                                "type": "text",
                                "text": " - raw data and different acquisitions too."
                            }
                        ]
                    }
                ]
            }
        ],
        "user": "U5M5PLH9S",
        "display_as_bot": false,
        "ts": "1587289513.002800",
        "client_msg_id": "f3126e5b-c634-4d20-aa09-8ab10faf1962",
        "thread_ts": "1587289513.002800",
        "reply_count": 2,
        "reply_users_count": 2,
        "latest_reply": "1587305688.003700",
        "reply_users": [
            "UGJ8GJGNR",
            "U5M5PLH9S"
        ],
        "replies": [
            {
                "user": "UGJ8GJGNR",
                "ts": "1587301043.003500"
            },
            {
                "user": "U5M5PLH9S",
                "ts": "1587305688.003700"
            }
        ],
        "subscribed": true,
        "last_read": "1587305688.003700"
    },
    {
        "client_msg_id": "E6F09503-8461-446C-A940-FE206840FAF2",
        "type": "message",
        "text": "Ooh very cool. Nice reconstruction! ",
        "user": "UGJ8GJGNR",
        "ts": "1587301043.003500",
        "team": "T5M5PLH8U",
        "user_team": "T5M5PLH8U",
        "source_team": "T5M5PLH8U",
        "user_profile": {
            "avatar_hash": "ga7943669895",
            "image_72": "https:\/\/secure.gravatar.com\/avatar\/4a7943669895590493fa45985c7c746a.jpg?s=72&d=https%3A%2F%2Fa.slack-edge.com%2Fdf10d%2Fimg%2Favatars%2Fava_0024-72.png",
            "first_name": "",
            "real_name": "Jean Rintoul",
            "display_name": "jeantoul",
            "team": "T5M5PLH8U",
            "name": "jean.rintoul",
            "is_restricted": false,
            "is_ultra_restricted": false
        },
        "blocks": [
            {
                "type": "rich_text",
                "block_id": "o4I1",
                "elements": [
                    {
                        "type": "rich_text_section",
                        "elements": [
                            {
                                "type": "text",
                                "text": "Ooh very cool. Nice reconstruction! "
                            }
                        ]
                    }
                ]
            }
        ],
        "thread_ts": "1587289513.002800",
        "parent_user_id": "U5M5PLH9S",
        "reactions": [
            {
                "name": "pray",
                "users": [
                    "U5M5PLH9S"
                ],
                "count": 1
            }
        ]
    },
    {
        "client_msg_id": "f2b58001-ed06-4207-a7d8-36db905c1bf8",
        "type": "message",
        "text": "quite easy, just image till the center, trim, rotate and poof! Here you have :smiley: (have detailed the process in one notebook though).\nI still have doubt that the sensor was perfectly aligned, but still kind of works.",
        "user": "U5M5PLH9S",
        "ts": "1587305688.003700",
        "team": "T5M5PLH8U",
        "user_team": "T5M5PLH8U",
        "source_team": "T5M5PLH8U",
        "user_profile": {
            "avatar_hash": "e4fb6ae9f526",
            "image_72": "https:\/\/avatars.slack-edge.com\/2017-06-01\/191144530514_e4fb6ae9f526531fd41c_72.jpg",
            "first_name": "",
            "real_name": "kelu",
            "display_name": "",
            "team": "T5M5PLH8U",
            "name": "kelu",
            "is_restricted": false,
            "is_ultra_restricted": false
        },
        "blocks": [
            {
                "type": "rich_text",
                "block_id": "HGi",
                "elements": [
                    {
                        "type": "rich_text_section",
                        "elements": [
                            {
                                "type": "text",
                                "text": "quite easy, just image till the center, trim, rotate and poof! Here you have "
                            },
                            {
                                "type": "emoji",
                                "name": "smiley"
                            },
                            {
                                "type": "text",
                                "text": " (have detailed the process in one notebook though).\nI still have doubt that the sensor was perfectly aligned, but still kind of works."
                            }
                        ]
                    }
                ]
            }
        ],
        "thread_ts": "1587289513.002800",
        "parent_user_id": "U5M5PLH9S"
    }
]