[
    {
        "type": "message",
        "text": "oO ooh shiny new things. A shame the m5sticks are that \"cheap\".",
        "files": [
            {
                "id": "F012PPVGG4D",
                "created": 1588155784,
                "timestamp": 1588155784,
                "name": "WhatsApp Image 2020-04-29 at 11.50.05.jpeg",
                "title": "WhatsApp Image 2020-04-29 at 11.50.05.jpeg",
                "mimetype": "image\/jpeg",
                "filetype": "jpg",
                "pretty_type": "JPEG",
                "user": "U5M5PLH9S",
                "editable": false,
                "size": 140713,
                "mode": "hosted",
                "is_external": false,
                "external_type": "",
                "is_public": true,
                "public_url_shared": false,
                "display_as_bot": false,
                "username": "",
                "url_private": "https:\/\/files.slack.com\/files-pri\/T5M5PLH8U-F012PPVGG4D\/whatsapp_image_2020-04-29_at_11.50.05.jpeg?t=xoxe-191193697300-1381062880324-1368140560006-96abaf9fa31dffabf8d2ddd7876c6250",
                "url_private_download": "https:\/\/files.slack.com\/files-pri\/T5M5PLH8U-F012PPVGG4D\/download\/whatsapp_image_2020-04-29_at_11.50.05.jpeg?t=xoxe-191193697300-1381062880324-1368140560006-96abaf9fa31dffabf8d2ddd7876c6250",
                "thumb_64": "https:\/\/files.slack.com\/files-tmb\/T5M5PLH8U-F012PPVGG4D-d0b46e67c2\/whatsapp_image_2020-04-29_at_11.50.05_64.jpg?t=xoxe-191193697300-1381062880324-1368140560006-96abaf9fa31dffabf8d2ddd7876c6250",
                "thumb_80": "https:\/\/files.slack.com\/files-tmb\/T5M5PLH8U-F012PPVGG4D-d0b46e67c2\/whatsapp_image_2020-04-29_at_11.50.05_80.jpg?t=xoxe-191193697300-1381062880324-1368140560006-96abaf9fa31dffabf8d2ddd7876c6250",
                "thumb_360": "https:\/\/files.slack.com\/files-tmb\/T5M5PLH8U-F012PPVGG4D-d0b46e67c2\/whatsapp_image_2020-04-29_at_11.50.05_360.jpg?t=xoxe-191193697300-1381062880324-1368140560006-96abaf9fa31dffabf8d2ddd7876c6250",
                "thumb_360_w": 270,
                "thumb_360_h": 360,
                "thumb_480": "https:\/\/files.slack.com\/files-tmb\/T5M5PLH8U-F012PPVGG4D-d0b46e67c2\/whatsapp_image_2020-04-29_at_11.50.05_480.jpg?t=xoxe-191193697300-1381062880324-1368140560006-96abaf9fa31dffabf8d2ddd7876c6250",
                "thumb_480_w": 360,
                "thumb_480_h": 480,
                "thumb_160": "https:\/\/files.slack.com\/files-tmb\/T5M5PLH8U-F012PPVGG4D-d0b46e67c2\/whatsapp_image_2020-04-29_at_11.50.05_160.jpg?t=xoxe-191193697300-1381062880324-1368140560006-96abaf9fa31dffabf8d2ddd7876c6250",
                "thumb_720": "https:\/\/files.slack.com\/files-tmb\/T5M5PLH8U-F012PPVGG4D-d0b46e67c2\/whatsapp_image_2020-04-29_at_11.50.05_720.jpg?t=xoxe-191193697300-1381062880324-1368140560006-96abaf9fa31dffabf8d2ddd7876c6250",
                "thumb_720_w": 540,
                "thumb_720_h": 720,
                "thumb_800": "https:\/\/files.slack.com\/files-tmb\/T5M5PLH8U-F012PPVGG4D-d0b46e67c2\/whatsapp_image_2020-04-29_at_11.50.05_800.jpg?t=xoxe-191193697300-1381062880324-1368140560006-96abaf9fa31dffabf8d2ddd7876c6250",
                "thumb_800_w": 800,
                "thumb_800_h": 1067,
                "thumb_960": "https:\/\/files.slack.com\/files-tmb\/T5M5PLH8U-F012PPVGG4D-d0b46e67c2\/whatsapp_image_2020-04-29_at_11.50.05_960.jpg?t=xoxe-191193697300-1381062880324-1368140560006-96abaf9fa31dffabf8d2ddd7876c6250",
                "thumb_960_w": 720,
                "thumb_960_h": 960,
                "thumb_1024": "https:\/\/files.slack.com\/files-tmb\/T5M5PLH8U-F012PPVGG4D-d0b46e67c2\/whatsapp_image_2020-04-29_at_11.50.05_1024.jpg?t=xoxe-191193697300-1381062880324-1368140560006-96abaf9fa31dffabf8d2ddd7876c6250",
                "thumb_1024_w": 768,
                "thumb_1024_h": 1024,
                "original_w": 1200,
                "original_h": 1600,
                "thumb_tiny": "AwAwACSqqM3QGpVBUc1IxZMEEDnk\/wBKRyWfONuRnFQaWVxYVMj7c4FJNCU5GSKgLkyjYdoXnNWnuQ0QwCGI709BXd9CrRRRUmhYD7nBddxB4wcUXEvGABkmmltjZoSN53Ln5RjjNUmZ2VxgKpk8EnrTQDySc1O1vhDkfP1471D\/ACpu1rsFe9kJRRRUGpaiRWOTyR2qC4mcybVygQ0qOykEcVLNELiMMvXsatGDHRz+dGduN4HT1qoc5OetSW0LQyK8i8HjP9361Jdw7GDjo386JFQepWoooqDQ\/9k=",
                "permalink": "https:\/\/usdevkit.slack.com\/files\/U5M5PLH9S\/F012PPVGG4D\/whatsapp_image_2020-04-29_at_11.50.05.jpeg",
                "permalink_public": "https:\/\/slack-files.com\/T5M5PLH8U-F012PPVGG4D-69063985f7",
                "is_starred": false,
                "has_rich_preview": false
            }
        ],
        "upload": true,
        "blocks": [
            {
                "type": "rich_text",
                "block_id": "4Ll",
                "elements": [
                    {
                        "type": "rich_text_section",
                        "elements": [
                            {
                                "type": "text",
                                "text": "oO ooh shiny new things. A shame the m5sticks are that \"cheap\"."
                            }
                        ]
                    }
                ]
            }
        ],
        "user": "U5M5PLH9S",
        "display_as_bot": false,
        "ts": "1588155787.006500",
        "client_msg_id": "c10df471-97ba-4701-9a69-a3eabf4f8450",
        "thread_ts": "1586773339.000100",
        "parent_user_id": "U5M5PLH9S"
    }
]