[
    {
        "client_msg_id": "2dbf6ec6-8e7a-4ba7-bba8-891c296b676a",
        "type": "message",
        "text": "Yeah. Need to invest a bit in those tools, unsure if, for the size of the fpga and low-complexity of the design, that would be relevant :thinking_face:",
        "user": "U5M5PLH9S",
        "ts": "1599242333.000100",
        "team": "T5M5PLH8U",
        "user_team": "T5M5PLH8U",
        "source_team": "T5M5PLH8U",
        "user_profile": {
            "avatar_hash": "e4fb6ae9f526",
            "image_72": "https:\/\/avatars.slack-edge.com\/2017-06-01\/191144530514_e4fb6ae9f526531fd41c_72.jpg",
            "first_name": "",
            "real_name": "kelu",
            "display_name": "",
            "team": "T5M5PLH8U",
            "name": "kelu",
            "is_restricted": false,
            "is_ultra_restricted": false
        },
        "blocks": [
            {
                "type": "rich_text",
                "block_id": "WJe",
                "elements": [
                    {
                        "type": "rich_text_section",
                        "elements": [
                            {
                                "type": "text",
                                "text": "Yeah. Need to invest a bit in those tools, unsure if, for the size of the fpga and low-complexity of the design, that would be relevant "
                            },
                            {
                                "type": "emoji",
                                "name": "thinking_face"
                            }
                        ]
                    }
                ]
            }
        ],
        "thread_ts": "1599065271.003700",
        "parent_user_id": "U5M5PLH9S"
    }
]