[
    {
        "client_msg_id": "275388fe-ca73-4fa2-b33a-ad47504bebd7",
        "type": "message",
        "text": "Hello, I did not do any soldering on the Un0rick board but I will send some pictures",
        "user": "U01AEE7N8BV",
        "ts": "1600155815.010800",
        "team": "T5M5PLH8U",
        "user_team": "T5M5PLH8U",
        "source_team": "T5M5PLH8U",
        "user_profile": {
            "avatar_hash": "g60b2e269350",
            "image_72": "https:\/\/secure.gravatar.com\/avatar\/60b2e2693508f55426b2a560d064d357.jpg?s=72&d=https%3A%2F%2Fa.slack-edge.com%2Fdf10d%2Fimg%2Favatars%2Fava_0025-72.png",
            "first_name": "",
            "real_name": "Brodie O'Sullivan",
            "display_name": "Brodie O'Sullivan",
            "team": "T5M5PLH8U",
            "name": "b.osullivan",
            "is_restricted": false,
            "is_ultra_restricted": false
        },
        "blocks": [
            {
                "type": "rich_text",
                "block_id": "IyHIy",
                "elements": [
                    {
                        "type": "rich_text_section",
                        "elements": [
                            {
                                "type": "text",
                                "text": "Hello, I did not do any soldering on the Un0rick board but I will send some pictures"
                            }
                        ]
                    }
                ]
            }
        ],
        "thread_ts": "1599735146.002900",
        "parent_user_id": "U01AEE7N8BV",
        "reactions": [
            {
                "name": "+1",
                "users": [
                    "U5M5PLH9S"
                ],
                "count": 1
            }
        ]
    },
    {
        "type": "message",
        "subtype": "channel_join",
        "ts": "1600187855.011100",
        "user": "U01AQTPSLUA",
        "text": "<@U01AQTPSLUA> has joined the channel"
    },
    {
        "client_msg_id": "418b25ca-e2c2-42eb-9201-3c2101be5cc9",
        "type": "message",
        "text": "If you have a pi w with you, may be worth checking it too.",
        "user": "U5M5PLH9S",
        "ts": "1600188906.011300",
        "team": "T5M5PLH8U",
        "user_team": "T5M5PLH8U",
        "source_team": "T5M5PLH8U",
        "user_profile": {
            "avatar_hash": "e4fb6ae9f526",
            "image_72": "https:\/\/avatars.slack-edge.com\/2017-06-01\/191144530514_e4fb6ae9f526531fd41c_72.jpg",
            "first_name": "",
            "real_name": "kelu",
            "display_name": "",
            "team": "T5M5PLH8U",
            "name": "kelu",
            "is_restricted": false,
            "is_ultra_restricted": false
        },
        "blocks": [
            {
                "type": "rich_text",
                "block_id": "fa8ZK",
                "elements": [
                    {
                        "type": "rich_text_section",
                        "elements": [
                            {
                                "type": "text",
                                "text": "If you have a pi w with you, may be worth checking it too."
                            }
                        ]
                    }
                ]
            }
        ],
        "thread_ts": "1599735146.002900",
        "parent_user_id": "U01AEE7N8BV"
    }
]