[
    {
        "client_msg_id": "a10fe953-1ba4-46e9-99a5-a1eba95075df",
        "type": "message",
        "text": "Anyone, Belgrade for Hackaday on May 9th ? <https:\/\/www.eventbrite.com\/e\/hackaday-belgrade-2020-tickets-88735529357> :wink:",
        "user": "U5M5PLH9S",
        "ts": "1579966652.000400",
        "team": "T5M5PLH8U",
        "user_team": "T5M5PLH8U",
        "source_team": "T5M5PLH8U",
        "user_profile": {
            "avatar_hash": "e4fb6ae9f526",
            "image_72": "https:\/\/avatars.slack-edge.com\/2017-06-01\/191144530514_e4fb6ae9f526531fd41c_72.jpg",
            "first_name": "",
            "real_name": "kelu",
            "display_name": "",
            "team": "T5M5PLH8U",
            "name": "kelu",
            "is_restricted": false,
            "is_ultra_restricted": false
        },
        "edited": {
            "user": "U5M5PLH9S",
            "ts": "1580594749.000000"
        },
        "blocks": [
            {
                "type": "rich_text",
                "block_id": "7hnN",
                "elements": [
                    {
                        "type": "rich_text_section",
                        "elements": [
                            {
                                "type": "text",
                                "text": "Anyone, Belgrade for Hackaday on May 9th ? "
                            },
                            {
                                "type": "link",
                                "url": "https:\/\/www.eventbrite.com\/e\/hackaday-belgrade-2020-tickets-88735529357"
                            },
                            {
                                "type": "text",
                                "text": " "
                            },
                            {
                                "type": "emoji",
                                "name": "wink"
                            }
                        ]
                    }
                ]
            }
        ]
    }
]