[
    {
        "type": "message",
        "text": "New experiment with a new piezo from an old probe, salvaged. Took some time to check on the piezo with the VNA. Was good to test it. Unsure about its focal depth, may be worth checking with <@UFPCMHBA6> test bench.\nAlso tried to use a bath made from these gel balls that inflate 10x when in water: they do seem transparent to US :smiley:\n\nInterestingly, I also get the thing <@URM2LCMHA> noticed: a peak \"in\" the signal. Maybe an impedance mismatch \/ reflexion?\n\n<https:\/\/github.com\/kelu124\/echomods\/raw\/master\/matty\/20200416a\/images\/20200416a-7.jpg>\n\nEdith: full expe files here: <https:\/\/github.com\/kelu124\/echomods\/blob\/master\/include\/experiments\/auto\/20200416a.md>",
        "files": [
            {
                "id": "F011K2U5D4P",
                "created": 1587064867,
                "timestamp": 1587064867,
                "name": "my_adrus_water.png",
                "title": "my_adrus_water.png",
                "mimetype": "image\/png",
                "filetype": "png",
                "pretty_type": "PNG",
                "user": "U5M5PLH9S",
                "editable": false,
                "size": 117079,
                "mode": "hosted",
                "is_external": false,
                "external_type": "",
                "is_public": true,
                "public_url_shared": false,
                "display_as_bot": false,
                "username": "",
                "url_private": "https:\/\/files.slack.com\/files-pri\/T5M5PLH8U-F011K2U5D4P\/my_adrus_water.png?t=xoxe-191193697300-1381062880324-1368140560006-96abaf9fa31dffabf8d2ddd7876c6250",
                "url_private_download": "https:\/\/files.slack.com\/files-pri\/T5M5PLH8U-F011K2U5D4P\/download\/my_adrus_water.png?t=xoxe-191193697300-1381062880324-1368140560006-96abaf9fa31dffabf8d2ddd7876c6250",
                "thumb_64": "https:\/\/files.slack.com\/files-tmb\/T5M5PLH8U-F011K2U5D4P-badce624a9\/my_adrus_water_64.png?t=xoxe-191193697300-1381062880324-1368140560006-96abaf9fa31dffabf8d2ddd7876c6250",
                "thumb_80": "https:\/\/files.slack.com\/files-tmb\/T5M5PLH8U-F011K2U5D4P-badce624a9\/my_adrus_water_80.png?t=xoxe-191193697300-1381062880324-1368140560006-96abaf9fa31dffabf8d2ddd7876c6250",
                "thumb_360": "https:\/\/files.slack.com\/files-tmb\/T5M5PLH8U-F011K2U5D4P-badce624a9\/my_adrus_water_360.png?t=xoxe-191193697300-1381062880324-1368140560006-96abaf9fa31dffabf8d2ddd7876c6250",
                "thumb_360_w": 360,
                "thumb_360_h": 107,
                "thumb_480": "https:\/\/files.slack.com\/files-tmb\/T5M5PLH8U-F011K2U5D4P-badce624a9\/my_adrus_water_480.png?t=xoxe-191193697300-1381062880324-1368140560006-96abaf9fa31dffabf8d2ddd7876c6250",
                "thumb_480_w": 480,
                "thumb_480_h": 142,
                "thumb_160": "https:\/\/files.slack.com\/files-tmb\/T5M5PLH8U-F011K2U5D4P-badce624a9\/my_adrus_water_160.png?t=xoxe-191193697300-1381062880324-1368140560006-96abaf9fa31dffabf8d2ddd7876c6250",
                "thumb_720": "https:\/\/files.slack.com\/files-tmb\/T5M5PLH8U-F011K2U5D4P-badce624a9\/my_adrus_water_720.png?t=xoxe-191193697300-1381062880324-1368140560006-96abaf9fa31dffabf8d2ddd7876c6250",
                "thumb_720_w": 720,
                "thumb_720_h": 214,
                "thumb_800": "https:\/\/files.slack.com\/files-tmb\/T5M5PLH8U-F011K2U5D4P-badce624a9\/my_adrus_water_800.png?t=xoxe-191193697300-1381062880324-1368140560006-96abaf9fa31dffabf8d2ddd7876c6250",
                "thumb_800_w": 800,
                "thumb_800_h": 237,
                "thumb_960": "https:\/\/files.slack.com\/files-tmb\/T5M5PLH8U-F011K2U5D4P-badce624a9\/my_adrus_water_960.png?t=xoxe-191193697300-1381062880324-1368140560006-96abaf9fa31dffabf8d2ddd7876c6250",
                "thumb_960_w": 960,
                "thumb_960_h": 285,
                "thumb_1024": "https:\/\/files.slack.com\/files-tmb\/T5M5PLH8U-F011K2U5D4P-badce624a9\/my_adrus_water_1024.png?t=xoxe-191193697300-1381062880324-1368140560006-96abaf9fa31dffabf8d2ddd7876c6250",
                "thumb_1024_w": 1024,
                "thumb_1024_h": 304,
                "original_w": 1264,
                "original_h": 375,
                "thumb_tiny": "AwAOADC9u9m\/KjnnrS9sUhHJoAVc5GakqNRgipKAE60tJ3ozQB\/\/2Q==",
                "permalink": "https:\/\/usdevkit.slack.com\/files\/U5M5PLH9S\/F011K2U5D4P\/my_adrus_water.png",
                "permalink_public": "https:\/\/slack-files.com\/T5M5PLH8U-F011K2U5D4P-1dbb5e8f5d",
                "is_starred": false,
                "has_rich_preview": false
            }
        ],
        "upload": true,
        "blocks": [
            {
                "type": "rich_text",
                "block_id": "x8L",
                "elements": [
                    {
                        "type": "rich_text_section",
                        "elements": [
                            {
                                "type": "text",
                                "text": "New experiment with a new piezo from an old probe, salvaged. Took some time to check on the piezo with the VNA. Was good to test it. Unsure about its focal depth, may be worth checking with "
                            },
                            {
                                "type": "user",
                                "user_id": "UFPCMHBA6"
                            },
                            {
                                "type": "text",
                                "text": " test bench.\nAlso tried to use a bath made from these gel balls that inflate 10x when in water: they do seem transparent to US "
                            },
                            {
                                "type": "emoji",
                                "name": "smiley"
                            },
                            {
                                "type": "text",
                                "text": "\n\nInterestingly, I also get the thing "
                            },
                            {
                                "type": "user",
                                "user_id": "URM2LCMHA"
                            },
                            {
                                "type": "text",
                                "text": " noticed: a peak \"in\" the signal. Maybe an impedance mismatch \/ reflexion?\n\n"
                            },
                            {
                                "type": "link",
                                "url": "https:\/\/github.com\/kelu124\/echomods\/raw\/master\/matty\/20200416a\/images\/20200416a-7.jpg"
                            },
                            {
                                "type": "text",
                                "text": "\n\nEdith: full expe files here: "
                            },
                            {
                                "type": "link",
                                "url": "https:\/\/github.com\/kelu124\/echomods\/blob\/master\/include\/experiments\/auto\/20200416a.md"
                            }
                        ]
                    }
                ]
            }
        ],
        "user": "U5M5PLH9S",
        "display_as_bot": false,
        "ts": "1587064869.002200",
        "edited": {
            "user": "U5M5PLH9S",
            "ts": "1587064935.000000"
        },
        "client_msg_id": "b1f24ac1-478a-4866-a306-571e7757c06c"
    }
]