[
    {
        "type": "message",
        "text": "Initial runs of the <#CL0FKPP5K|lit3rick> version seem ok. I2c, i2s, spi run ok. More noise than expected, due to a flying botch wire. \nIntegrated enveloppe detection \/ dft filtering implemented too on that smallish fpga. All registers through i2c if needed :)\nFinal version to be going to fab anytime soon.",
        "files": [
            {
                "id": "F017ZLBCX9S",
                "created": 1595876179,
                "timestamp": 1595876179,
                "name": "IMG_20200727_205550.jpg",
                "title": "IMG_20200727_205550.jpg",
                "mimetype": "image\/jpeg",
                "filetype": "jpg",
                "pretty_type": "JPEG",
                "user": "U5M5PLH9S",
                "editable": false,
                "size": 22426,
                "mode": "hosted",
                "is_external": false,
                "external_type": "",
                "is_public": true,
                "public_url_shared": false,
                "display_as_bot": false,
                "username": "",
                "url_private": "https:\/\/files.slack.com\/files-pri\/T5M5PLH8U-F017ZLBCX9S\/img_20200727_205550.jpg?t=xoxe-191193697300-1381062880324-1368140560006-96abaf9fa31dffabf8d2ddd7876c6250",
                "url_private_download": "https:\/\/files.slack.com\/files-pri\/T5M5PLH8U-F017ZLBCX9S\/download\/img_20200727_205550.jpg?t=xoxe-191193697300-1381062880324-1368140560006-96abaf9fa31dffabf8d2ddd7876c6250",
                "thumb_64": "https:\/\/files.slack.com\/files-tmb\/T5M5PLH8U-F017ZLBCX9S-d1883c9e92\/img_20200727_205550_64.jpg?t=xoxe-191193697300-1381062880324-1368140560006-96abaf9fa31dffabf8d2ddd7876c6250",
                "thumb_80": "https:\/\/files.slack.com\/files-tmb\/T5M5PLH8U-F017ZLBCX9S-d1883c9e92\/img_20200727_205550_80.jpg?t=xoxe-191193697300-1381062880324-1368140560006-96abaf9fa31dffabf8d2ddd7876c6250",
                "thumb_360": "https:\/\/files.slack.com\/files-tmb\/T5M5PLH8U-F017ZLBCX9S-d1883c9e92\/img_20200727_205550_360.jpg?t=xoxe-191193697300-1381062880324-1368140560006-96abaf9fa31dffabf8d2ddd7876c6250",
                "thumb_360_w": 360,
                "thumb_360_h": 120,
                "thumb_480": "https:\/\/files.slack.com\/files-tmb\/T5M5PLH8U-F017ZLBCX9S-d1883c9e92\/img_20200727_205550_480.jpg?t=xoxe-191193697300-1381062880324-1368140560006-96abaf9fa31dffabf8d2ddd7876c6250",
                "thumb_480_w": 480,
                "thumb_480_h": 160,
                "thumb_160": "https:\/\/files.slack.com\/files-tmb\/T5M5PLH8U-F017ZLBCX9S-d1883c9e92\/img_20200727_205550_160.jpg?t=xoxe-191193697300-1381062880324-1368140560006-96abaf9fa31dffabf8d2ddd7876c6250",
                "thumb_720": "https:\/\/files.slack.com\/files-tmb\/T5M5PLH8U-F017ZLBCX9S-d1883c9e92\/img_20200727_205550_720.jpg?t=xoxe-191193697300-1381062880324-1368140560006-96abaf9fa31dffabf8d2ddd7876c6250",
                "thumb_720_w": 720,
                "thumb_720_h": 240,
                "thumb_800": "https:\/\/files.slack.com\/files-tmb\/T5M5PLH8U-F017ZLBCX9S-d1883c9e92\/img_20200727_205550_800.jpg?t=xoxe-191193697300-1381062880324-1368140560006-96abaf9fa31dffabf8d2ddd7876c6250",
                "thumb_800_w": 800,
                "thumb_800_h": 267,
                "thumb_960": "https:\/\/files.slack.com\/files-tmb\/T5M5PLH8U-F017ZLBCX9S-d1883c9e92\/img_20200727_205550_960.jpg?t=xoxe-191193697300-1381062880324-1368140560006-96abaf9fa31dffabf8d2ddd7876c6250",
                "thumb_960_w": 960,
                "thumb_960_h": 320,
                "thumb_1024": "https:\/\/files.slack.com\/files-tmb\/T5M5PLH8U-F017ZLBCX9S-d1883c9e92\/img_20200727_205550_1024.jpg?t=xoxe-191193697300-1381062880324-1368140560006-96abaf9fa31dffabf8d2ddd7876c6250",
                "thumb_1024_w": 1024,
                "thumb_1024_h": 341,
                "original_w": 1080,
                "original_h": 360,
                "thumb_tiny": "AwAQADDSJwKaXXOCw496cwyKTAB6e1ACBwSMMKcDmjA9KY28NlQDx60ASYoH1zUe+T\/nmP8AvqnqSRyMH0oA\/9k=",
                "permalink": "https:\/\/usdevkit.slack.com\/files\/U5M5PLH9S\/F017ZLBCX9S\/img_20200727_205550.jpg",
                "permalink_public": "https:\/\/slack-files.com\/T5M5PLH8U-F017ZLBCX9S-ea902c6a3a",
                "is_starred": false,
                "has_rich_preview": false
            }
        ],
        "upload": true,
        "blocks": [
            {
                "type": "rich_text",
                "block_id": "Q3I",
                "elements": [
                    {
                        "type": "rich_text_section",
                        "elements": [
                            {
                                "type": "text",
                                "text": "Initial runs of the "
                            },
                            {
                                "type": "channel",
                                "channel_id": "CL0FKPP5K"
                            },
                            {
                                "type": "text",
                                "text": " version seem ok. I2c, i2s, spi run ok. More noise than expected, due to a flying botch wire. \nIntegrated enveloppe detection \/ dft filtering implemented too on that smallish fpga. All registers through i2c if needed :)\nFinal version to be going to fab anytime soon."
                            }
                        ]
                    }
                ]
            }
        ],
        "user": "U5M5PLH9S",
        "display_as_bot": false,
        "ts": "1595876286.003000",
        "client_msg_id": "7c4e85a4-ac72-40a4-9b71-e0bff5f14075",
        "thread_ts": "1595876286.003000",
        "reply_count": 4,
        "reply_users_count": 1,
        "latest_reply": "1596373468.004600",
        "reply_users": [
            "U5M5PLH9S"
        ],
        "replies": [
            {
                "user": "U5M5PLH9S",
                "ts": "1595876423.003300"
            },
            {
                "user": "U5M5PLH9S",
                "ts": "1595966183.003700"
            },
            {
                "user": "U5M5PLH9S",
                "ts": "1596367501.004000"
            },
            {
                "user": "U5M5PLH9S",
                "ts": "1596373468.004600"
            }
        ],
        "subscribed": true,
        "last_read": "1596373468.004600"
    },
    {
        "client_msg_id": "5ea01c44-6cb5-4b87-98a6-50596d62e640",
        "type": "message",
        "text": "Hopefully streaming enveloppe in __real time__ out at 1,000 lines per second, that's 10fps for 100lines images. Not too shady for this small chip.\nAnd some margin to increase speed (filtering occurs on a 64msps acquisition, downscaling it should speed up processing and hence more lines).",
        "user": "U5M5PLH9S",
        "ts": "1595876423.003300",
        "team": "T5M5PLH8U",
        "user_team": "T5M5PLH8U",
        "source_team": "T5M5PLH8U",
        "user_profile": {
            "avatar_hash": "e4fb6ae9f526",
            "image_72": "https:\/\/avatars.slack-edge.com\/2017-06-01\/191144530514_e4fb6ae9f526531fd41c_72.jpg",
            "first_name": "",
            "real_name": "kelu",
            "display_name": "",
            "team": "T5M5PLH8U",
            "name": "kelu",
            "is_restricted": false,
            "is_ultra_restricted": false
        },
        "edited": {
            "user": "U5M5PLH9S",
            "ts": "1595876453.000000"
        },
        "blocks": [
            {
                "type": "rich_text",
                "block_id": "4zF4",
                "elements": [
                    {
                        "type": "rich_text_section",
                        "elements": [
                            {
                                "type": "text",
                                "text": "Hopefully streaming enveloppe in __real time__ out at 1,000 lines per second, that's 10fps for 100lines images. Not too shady for this small chip.\nAnd some margin to increase speed (filtering occurs on a 64msps acquisition, downscaling it should speed up processing and hence more lines)."
                            }
                        ]
                    }
                ]
            }
        ],
        "thread_ts": "1595876286.003000",
        "parent_user_id": "U5M5PLH9S"
    }
]