[
    {
        "type": "message",
        "text": "Some fun with un0rick  - playing with an electromagnet controlled probe (bard rite), 3.5MHz transducer, seem to yield images. The first us (on the left hand of the image) are fuzzy, near field I'd guess, but signal is clearer in the focal zone.\n\nProbe driven for 30fps, 160 lines per image, ~90degree angle, but I may be wrong with respect to the cinematic of the movement, tricky with magnets and electromagnets.\n\nMechanics are described in this patent: <https:\/\/patents.google.com\/patent\/US4399703> .",
        "files": [
            {
                "id": "F015GQQAPT3",
                "created": 1591731890,
                "timestamp": 1591731890,
                "name": "bard_rite.png",
                "title": "bard_rite.png",
                "mimetype": "image\/png",
                "filetype": "png",
                "pretty_type": "PNG",
                "user": "U5M5PLH9S",
                "editable": false,
                "size": 582144,
                "mode": "hosted",
                "is_external": false,
                "external_type": "",
                "is_public": true,
                "public_url_shared": false,
                "display_as_bot": false,
                "username": "",
                "url_private": "https:\/\/files.slack.com\/files-pri\/T5M5PLH8U-F015GQQAPT3\/bard_rite.png?t=xoxe-191193697300-1381062880324-1368140560006-96abaf9fa31dffabf8d2ddd7876c6250",
                "url_private_download": "https:\/\/files.slack.com\/files-pri\/T5M5PLH8U-F015GQQAPT3\/download\/bard_rite.png?t=xoxe-191193697300-1381062880324-1368140560006-96abaf9fa31dffabf8d2ddd7876c6250",
                "thumb_64": "https:\/\/files.slack.com\/files-tmb\/T5M5PLH8U-F015GQQAPT3-f830594c4a\/bard_rite_64.png?t=xoxe-191193697300-1381062880324-1368140560006-96abaf9fa31dffabf8d2ddd7876c6250",
                "thumb_80": "https:\/\/files.slack.com\/files-tmb\/T5M5PLH8U-F015GQQAPT3-f830594c4a\/bard_rite_80.png?t=xoxe-191193697300-1381062880324-1368140560006-96abaf9fa31dffabf8d2ddd7876c6250",
                "thumb_360": "https:\/\/files.slack.com\/files-tmb\/T5M5PLH8U-F015GQQAPT3-f830594c4a\/bard_rite_360.png?t=xoxe-191193697300-1381062880324-1368140560006-96abaf9fa31dffabf8d2ddd7876c6250",
                "thumb_360_w": 360,
                "thumb_360_h": 289,
                "thumb_480": "https:\/\/files.slack.com\/files-tmb\/T5M5PLH8U-F015GQQAPT3-f830594c4a\/bard_rite_480.png?t=xoxe-191193697300-1381062880324-1368140560006-96abaf9fa31dffabf8d2ddd7876c6250",
                "thumb_480_w": 480,
                "thumb_480_h": 385,
                "thumb_160": "https:\/\/files.slack.com\/files-tmb\/T5M5PLH8U-F015GQQAPT3-f830594c4a\/bard_rite_160.png?t=xoxe-191193697300-1381062880324-1368140560006-96abaf9fa31dffabf8d2ddd7876c6250",
                "thumb_720": "https:\/\/files.slack.com\/files-tmb\/T5M5PLH8U-F015GQQAPT3-f830594c4a\/bard_rite_720.png?t=xoxe-191193697300-1381062880324-1368140560006-96abaf9fa31dffabf8d2ddd7876c6250",
                "thumb_720_w": 720,
                "thumb_720_h": 578,
                "thumb_800": "https:\/\/files.slack.com\/files-tmb\/T5M5PLH8U-F015GQQAPT3-f830594c4a\/bard_rite_800.png?t=xoxe-191193697300-1381062880324-1368140560006-96abaf9fa31dffabf8d2ddd7876c6250",
                "thumb_800_w": 800,
                "thumb_800_h": 642,
                "original_w": 877,
                "original_h": 704,
                "thumb_tiny": "AwAmADDOGMe9JxSgZFFAB2pKXtzRQAHPejnvTi5bkgZpC2TnFADRnFL2oB4o560AGcDiijHFFADm2cben60Ern5aGTGOc+9Iy4PXNADQwHUUZpKKAFzRmkooAXNGaSigD\/\/Z",
                "permalink": "https:\/\/usdevkit.slack.com\/files\/U5M5PLH9S\/F015GQQAPT3\/bard_rite.png",
                "permalink_public": "https:\/\/slack-files.com\/T5M5PLH8U-F015GQQAPT3-3fb62e8a0d",
                "is_starred": false,
                "has_rich_preview": false
            }
        ],
        "upload": false,
        "blocks": [
            {
                "type": "rich_text",
                "block_id": "ON8OT",
                "elements": [
                    {
                        "type": "rich_text_section",
                        "elements": [
                            {
                                "type": "text",
                                "text": "Some fun with un0rick  - playing with an electromagnet controlled probe (bard rite), 3.5MHz transducer, seem to yield images. The first us (on the left hand of the image) are fuzzy, near field I'd guess, but signal is clearer in the focal zone.\n\nProbe driven for 30fps, 160 lines per image, ~90degree angle, but I may be wrong with respect to the cinematic of the movement, tricky with magnets and electromagnets.\n\nMechanics are described in this patent: "
                            },
                            {
                                "type": "link",
                                "url": "https:\/\/patents.google.com\/patent\/US4399703"
                            },
                            {
                                "type": "text",
                                "text": " ."
                            }
                        ]
                    }
                ]
            }
        ],
        "user": "U5M5PLH9S",
        "display_as_bot": false,
        "ts": "1591732189.002600",
        "thread_ts": "1591732189.002600",
        "reply_count": 2,
        "reply_users_count": 1,
        "latest_reply": "1592658847.002100",
        "reply_users": [
            "U5M5PLH9S"
        ],
        "replies": [
            {
                "user": "U5M5PLH9S",
                "ts": "1591732385.002900"
            },
            {
                "user": "U5M5PLH9S",
                "ts": "1592658847.002100"
            }
        ],
        "subscribed": true,
        "last_read": "1592658847.002100",
        "reactions": [
            {
                "name": "raised_hands",
                "users": [
                    "U8Z3VB1T2"
                ],
                "count": 1
            },
            {
                "name": "+1",
                "users": [
                    "U6E49CNV6"
                ],
                "count": 1
            }
        ]
    },
    {
        "client_msg_id": "34b5edeb-e3b6-4a5c-8b92-c5b3aaaf6dc5",
        "type": "message",
        "text": "Videos of the probes in operation (though these are 7.5 and 9MHz) : <https:\/\/www.youtube.com\/watch?v=8iUkeJvSXtE> and <https:\/\/www.youtube.com\/watch?v=8iUkeJvSXtE>",
        "user": "U5M5PLH9S",
        "ts": "1591732385.002900",
        "team": "T5M5PLH8U",
        "user_team": "T5M5PLH8U",
        "source_team": "T5M5PLH8U",
        "user_profile": {
            "avatar_hash": "e4fb6ae9f526",
            "image_72": "https:\/\/avatars.slack-edge.com\/2017-06-01\/191144530514_e4fb6ae9f526531fd41c_72.jpg",
            "first_name": "",
            "real_name": "kelu",
            "display_name": "",
            "team": "T5M5PLH8U",
            "name": "kelu",
            "is_restricted": false,
            "is_ultra_restricted": false
        },
        "attachments": [
            {
                "service_name": "YouTube",
                "service_url": "https:\/\/www.youtube.com\/",
                "title": "Bard Site rite 3.MOV",
                "title_link": "https:\/\/www.youtube.com\/watch?v=8iUkeJvSXtE",
                "author_name": "acaswell007",
                "author_link": "https:\/\/www.youtube.com\/user\/acaswell007",
                "thumb_url": "https:\/\/i.ytimg.com\/vi\/8iUkeJvSXtE\/hqdefault.jpg",
                "thumb_width": 480,
                "thumb_height": 360,
                "fallback": "YouTube Video: Bard Site rite 3.MOV",
                "video_html": "<iframe width=\"400\" height=\"225\" src=\"https:\/\/www.youtube.com\/embed\/8iUkeJvSXtE?feature=oembed&autoplay=1&iv_load_policy=3\" frameborder=\"0\" allow=\"accelerometer; autoplay; encrypted-media; gyroscope; picture-in-picture\" allowfullscreen><\/iframe>",
                "video_html_width": 400,
                "video_html_height": 225,
                "from_url": "https:\/\/www.youtube.com\/watch?v=8iUkeJvSXtE",
                "service_icon": "https:\/\/a.slack-edge.com\/80588\/img\/unfurl_icons\/youtube.png",
                "id": 1,
                "original_url": "https:\/\/www.youtube.com\/watch?v=8iUkeJvSXtE"
            }
        ],
        "blocks": [
            {
                "type": "rich_text",
                "block_id": "c=1",
                "elements": [
                    {
                        "type": "rich_text_section",
                        "elements": [
                            {
                                "type": "text",
                                "text": "Videos of the probes in operation (though these are 7.5 and 9MHz) : "
                            },
                            {
                                "type": "link",
                                "url": "https:\/\/www.youtube.com\/watch?v=8iUkeJvSXtE"
                            },
                            {
                                "type": "text",
                                "text": " and "
                            },
                            {
                                "type": "link",
                                "url": "https:\/\/www.youtube.com\/watch?v=8iUkeJvSXtE"
                            }
                        ]
                    }
                ]
            }
        ],
        "thread_ts": "1591732189.002600",
        "parent_user_id": "U5M5PLH9S"
    }
]