[
    {
        "client_msg_id": "5060E128-35BE-4DD8-9A6B-681B4413120D",
        "type": "message",
        "text": "Hi all, has anyone here made a scanning tank? If so I’d love recs for how to move a hydrophone around in the water with equal or better than 0.2mm precision to map an acoustic field... ",
        "user": "UGJ8GJGNR",
        "ts": "1598094094.001800",
        "team": "T5M5PLH8U",
        "user_team": "T5M5PLH8U",
        "source_team": "T5M5PLH8U",
        "user_profile": {
            "avatar_hash": "ga7943669895",
            "image_72": "https:\/\/secure.gravatar.com\/avatar\/4a7943669895590493fa45985c7c746a.jpg?s=72&d=https%3A%2F%2Fa.slack-edge.com%2Fdf10d%2Fimg%2Favatars%2Fava_0024-72.png",
            "first_name": "",
            "real_name": "Jean Rintoul",
            "display_name": "jeantoul",
            "team": "T5M5PLH8U",
            "name": "jean.rintoul",
            "is_restricted": false,
            "is_ultra_restricted": false
        },
        "edited": {
            "user": "UGJ8GJGNR",
            "ts": "1598094314.000000"
        },
        "blocks": [
            {
                "type": "rich_text",
                "block_id": "7ht",
                "elements": [
                    {
                        "type": "rich_text_section",
                        "elements": [
                            {
                                "type": "text",
                                "text": "Hi all, has anyone here made a scanning tank? If so I’d love recs for how to move a hydrophone around in the water with equal or better than 0.2mm precision to map an acoustic field... "
                            }
                        ]
                    }
                ]
            }
        ]
    },
    {
        "client_msg_id": "5F47F163-D8A1-49FF-BDCE-8EC81478A693",
        "type": "message",
        "text": "Thinking of modifying the prusa mk3 printer into doing it but that seems like a big job, there must be an off shelf xyz scanning system..?!",
        "user": "UGJ8GJGNR",
        "ts": "1598094148.003200",
        "team": "T5M5PLH8U",
        "user_team": "T5M5PLH8U",
        "source_team": "T5M5PLH8U",
        "user_profile": {
            "avatar_hash": "ga7943669895",
            "image_72": "https:\/\/secure.gravatar.com\/avatar\/4a7943669895590493fa45985c7c746a.jpg?s=72&d=https%3A%2F%2Fa.slack-edge.com%2Fdf10d%2Fimg%2Favatars%2Fava_0024-72.png",
            "first_name": "",
            "real_name": "Jean Rintoul",
            "display_name": "jeantoul",
            "team": "T5M5PLH8U",
            "name": "jean.rintoul",
            "is_restricted": false,
            "is_ultra_restricted": false
        },
        "blocks": [
            {
                "type": "rich_text",
                "block_id": "0Yh3",
                "elements": [
                    {
                        "type": "rich_text_section",
                        "elements": [
                            {
                                "type": "text",
                                "text": "Thinking of modifying the prusa mk3 printer into doing it but that seems like a big job, there must be an off shelf xyz scanning system..?!"
                            }
                        ]
                    }
                ]
            }
        ],
        "thread_ts": "1598094148.003200",
        "reply_count": 1,
        "reply_users_count": 1,
        "latest_reply": "1598121561.000100",
        "reply_users": [
            "U5M5PLH9S"
        ],
        "replies": [
            {
                "user": "U5M5PLH9S",
                "ts": "1598121561.000100"
            }
        ],
        "subscribed": true,
        "last_read": "1598121561.000100"
    },
    {
        "client_msg_id": "ae3108e3-60c3-4260-94b6-f8857d2e3dba",
        "type": "message",
        "text": "We have, someone who also published on that :)",
        "user": "U5M5PLH9S",
        "ts": "1598095982.003900",
        "team": "T5M5PLH8U",
        "user_team": "T5M5PLH8U",
        "source_team": "T5M5PLH8U",
        "user_profile": {
            "avatar_hash": "e4fb6ae9f526",
            "image_72": "https:\/\/avatars.slack-edge.com\/2017-06-01\/191144530514_e4fb6ae9f526531fd41c_72.jpg",
            "first_name": "",
            "real_name": "kelu",
            "display_name": "",
            "team": "T5M5PLH8U",
            "name": "kelu",
            "is_restricted": false,
            "is_ultra_restricted": false
        },
        "blocks": [
            {
                "type": "rich_text",
                "block_id": "s5c",
                "elements": [
                    {
                        "type": "rich_text_section",
                        "elements": [
                            {
                                "type": "text",
                                "text": "We have, someone who also published on that :)"
                            }
                        ]
                    }
                ]
            }
        ]
    },
    {
        "client_msg_id": "8fe09ec9-a7dc-4250-9536-d3759a0f7d51",
        "type": "message",
        "text": "Lemme find out who . If he does not step forward in between",
        "user": "U5M5PLH9S",
        "ts": "1598096167.004600",
        "team": "T5M5PLH8U",
        "user_team": "T5M5PLH8U",
        "source_team": "T5M5PLH8U",
        "user_profile": {
            "avatar_hash": "e4fb6ae9f526",
            "image_72": "https:\/\/avatars.slack-edge.com\/2017-06-01\/191144530514_e4fb6ae9f526531fd41c_72.jpg",
            "first_name": "",
            "real_name": "kelu",
            "display_name": "",
            "team": "T5M5PLH8U",
            "name": "kelu",
            "is_restricted": false,
            "is_ultra_restricted": false
        },
        "blocks": [
            {
                "type": "rich_text",
                "block_id": "Tzw2",
                "elements": [
                    {
                        "type": "rich_text_section",
                        "elements": [
                            {
                                "type": "text",
                                "text": "Lemme find out who . If he does not step forward in between"
                            }
                        ]
                    }
                ]
            }
        ],
        "reactions": [
            {
                "name": "+1",
                "users": [
                    "UGJ8GJGNR"
                ],
                "count": 1
            }
        ]
    },
    {
        "type": "message",
        "subtype": "channel_join",
        "ts": "1598112097.000200",
        "user": "U019B6Q6YD9",
        "text": "<@U019B6Q6YD9> has joined the channel"
    },
    {
        "client_msg_id": "d662c3e0-0357-4c28-807b-6e6846efb86f",
        "type": "message",
        "text": "Hi all! I am a doctoral candidate from Aalto University. Joining the channel because I am looking for some hardware for thickness measurements for steel tubes",
        "user": "U019B6Q6YD9",
        "ts": "1598112293.001700",
        "team": "T5M5PLH8U",
        "user_team": "T5M5PLH8U",
        "source_team": "T5M5PLH8U",
        "user_profile": {
            "avatar_hash": "79a2f98003ff",
            "image_72": "https:\/\/avatars.slack-edge.com\/2020-08-22\/1323208606052_79a2f98003ffaebfbd55_72.jpg",
            "first_name": "",
            "real_name": "Tuomas Tiainen",
            "display_name": "Tuomas Tiainen",
            "team": "T5M5PLH8U",
            "name": "tiaintu",
            "is_restricted": false,
            "is_ultra_restricted": false
        },
        "blocks": [
            {
                "type": "rich_text",
                "block_id": "v7jY",
                "elements": [
                    {
                        "type": "rich_text_section",
                        "elements": [
                            {
                                "type": "text",
                                "text": "Hi all! I am a doctoral candidate from Aalto University. Joining the channel because I am looking for some hardware for thickness measurements for steel tubes"
                            }
                        ]
                    }
                ]
            }
        ],
        "thread_ts": "1598112293.001700",
        "reply_count": 1,
        "reply_users_count": 1,
        "latest_reply": "1598121615.001100",
        "reply_users": [
            "U5M5PLH9S"
        ],
        "replies": [
            {
                "user": "U5M5PLH9S",
                "ts": "1598121615.001100"
            }
        ],
        "subscribed": true,
        "last_read": "1598121615.001100",
        "reactions": [
            {
                "name": "wave",
                "users": [
                    "UUB3X49B4",
                    "U5M5PLH9S"
                ],
                "count": 2
            }
        ]
    },
    {
        "client_msg_id": "07fb35b2-86c8-4949-919b-18e47bedfd5a",
        "type": "message",
        "text": "I have experience with software and hardware, but not ultrasound specifically",
        "user": "U019B6Q6YD9",
        "ts": "1598112327.002600",
        "team": "T5M5PLH8U",
        "user_team": "T5M5PLH8U",
        "source_team": "T5M5PLH8U",
        "user_profile": {
            "avatar_hash": "79a2f98003ff",
            "image_72": "https:\/\/avatars.slack-edge.com\/2020-08-22\/1323208606052_79a2f98003ffaebfbd55_72.jpg",
            "first_name": "",
            "real_name": "Tuomas Tiainen",
            "display_name": "Tuomas Tiainen",
            "team": "T5M5PLH8U",
            "name": "tiaintu",
            "is_restricted": false,
            "is_ultra_restricted": false
        },
        "blocks": [
            {
                "type": "rich_text",
                "block_id": "8VSP",
                "elements": [
                    {
                        "type": "rich_text_section",
                        "elements": [
                            {
                                "type": "text",
                                "text": "I have experience with software and hardware, but not ultrasound specifically"
                            }
                        ]
                    }
                ]
            }
        ]
    },
    {
        "client_msg_id": "0a0ff02d-fafa-4272-8d87-5fc77c67fd31",
        "type": "message",
        "text": "At our lab there is an ultrasound system maybe 30 years old",
        "user": "U019B6Q6YD9",
        "ts": "1598112358.003600",
        "team": "T5M5PLH8U",
        "user_team": "T5M5PLH8U",
        "source_team": "T5M5PLH8U",
        "user_profile": {
            "avatar_hash": "79a2f98003ff",
            "image_72": "https:\/\/avatars.slack-edge.com\/2020-08-22\/1323208606052_79a2f98003ffaebfbd55_72.jpg",
            "first_name": "",
            "real_name": "Tuomas Tiainen",
            "display_name": "Tuomas Tiainen",
            "team": "T5M5PLH8U",
            "name": "tiaintu",
            "is_restricted": false,
            "is_ultra_restricted": false
        },
        "blocks": [
            {
                "type": "rich_text",
                "block_id": "rlMln",
                "elements": [
                    {
                        "type": "rich_text_section",
                        "elements": [
                            {
                                "type": "text",
                                "text": "At our lab there is an ultrasound system maybe 30 years old"
                            }
                        ]
                    }
                ]
            }
        ],
        "thread_ts": "1598112358.003600",
        "reply_count": 1,
        "reply_users_count": 1,
        "latest_reply": "1598121601.000900",
        "reply_users": [
            "U5M5PLH9S"
        ],
        "replies": [
            {
                "user": "U5M5PLH9S",
                "ts": "1598121601.000900"
            }
        ],
        "subscribed": true,
        "last_read": "1598121601.000900"
    },
    {
        "client_msg_id": "52075de6-db3b-4685-a3b1-d67c3f00d0b1",
        "type": "message",
        "text": "It is time to upgrade it",
        "user": "U019B6Q6YD9",
        "ts": "1598112492.004200",
        "team": "T5M5PLH8U",
        "user_team": "T5M5PLH8U",
        "source_team": "T5M5PLH8U",
        "user_profile": {
            "avatar_hash": "79a2f98003ff",
            "image_72": "https:\/\/avatars.slack-edge.com\/2020-08-22\/1323208606052_79a2f98003ffaebfbd55_72.jpg",
            "first_name": "",
            "real_name": "Tuomas Tiainen",
            "display_name": "Tuomas Tiainen",
            "team": "T5M5PLH8U",
            "name": "tiaintu",
            "is_restricted": false,
            "is_ultra_restricted": false
        },
        "blocks": [
            {
                "type": "rich_text",
                "block_id": "+sKb",
                "elements": [
                    {
                        "type": "rich_text_section",
                        "elements": [
                            {
                                "type": "text",
                                "text": "It is time to upgrade it"
                            }
                        ]
                    }
                ]
            }
        ]
    },
    {
        "client_msg_id": "bf73342e-4f56-428f-9597-595cb616665c",
        "type": "message",
        "text": "Firat question, whats the deal with the dual\/single probes?",
        "user": "U019B6Q6YD9",
        "ts": "1598112591.004900",
        "team": "T5M5PLH8U",
        "user_team": "T5M5PLH8U",
        "source_team": "T5M5PLH8U",
        "user_profile": {
            "avatar_hash": "79a2f98003ff",
            "image_72": "https:\/\/avatars.slack-edge.com\/2020-08-22\/1323208606052_79a2f98003ffaebfbd55_72.jpg",
            "first_name": "",
            "real_name": "Tuomas Tiainen",
            "display_name": "Tuomas Tiainen",
            "team": "T5M5PLH8U",
            "name": "tiaintu",
            "is_restricted": false,
            "is_ultra_restricted": false
        },
        "blocks": [
            {
                "type": "rich_text",
                "block_id": "MFsW5",
                "elements": [
                    {
                        "type": "rich_text_section",
                        "elements": [
                            {
                                "type": "text",
                                "text": "Firat question, whats the deal with the dual\/single probes?"
                            }
                        ]
                    }
                ]
            }
        ],
        "thread_ts": "1598112591.004900",
        "reply_count": 12,
        "reply_users_count": 2,
        "latest_reply": "1598208524.006800",
        "reply_users": [
            "U5M5PLH9S",
            "U019B6Q6YD9"
        ],
        "replies": [
            {
                "user": "U5M5PLH9S",
                "ts": "1598121731.001300"
            },
            {
                "user": "U019B6Q6YD9",
                "ts": "1598167077.000300"
            },
            {
                "user": "U019B6Q6YD9",
                "ts": "1598167120.000500"
            },
            {
                "user": "U019B6Q6YD9",
                "ts": "1598167129.000700"
            },
            {
                "user": "U5M5PLH9S",
                "ts": "1598174009.004800"
            },
            {
                "user": "U5M5PLH9S",
                "ts": "1598174022.005000"
            },
            {
                "user": "U5M5PLH9S",
                "ts": "1598174068.005200"
            },
            {
                "user": "U5M5PLH9S",
                "ts": "1598174086.005400"
            },
            {
                "user": "U5M5PLH9S",
                "ts": "1598174234.005600"
            },
            {
                "user": "U5M5PLH9S",
                "ts": "1598174350.005800"
            },
            {
                "user": "U019B6Q6YD9",
                "ts": "1598208505.006600"
            },
            {
                "user": "U019B6Q6YD9",
                "ts": "1598208524.006800"
            }
        ],
        "subscribed": true,
        "last_read": "1598208524.006800"
    },
    {
        "type": "message",
        "subtype": "thread_broadcast",
        "text": "Check out 10.1117\/12.2513169 by <@UHP9P5JTE> ;)",
        "user": "U5M5PLH9S",
        "ts": "1598121561.000100",
        "thread_ts": "1598094148.003200",
        "root": {
            "client_msg_id": "5F47F163-D8A1-49FF-BDCE-8EC81478A693",
            "type": "message",
            "text": "Thinking of modifying the prusa mk3 printer into doing it but that seems like a big job, there must be an off shelf xyz scanning system..?!",
            "user": "UGJ8GJGNR",
            "ts": "1598094148.003200",
            "team": "T5M5PLH8U",
            "blocks": [
                {
                    "type": "rich_text",
                    "block_id": "0Yh3",
                    "elements": [
                        {
                            "type": "rich_text_section",
                            "elements": [
                                {
                                    "type": "text",
                                    "text": "Thinking of modifying the prusa mk3 printer into doing it but that seems like a big job, there must be an off shelf xyz scanning system..?!"
                                }
                            ]
                        }
                    ]
                }
            ],
            "thread_ts": "1598094148.003200",
            "reply_count": 1,
            "reply_users_count": 1,
            "latest_reply": "1598121561.000100",
            "reply_users": [
                "U5M5PLH9S"
            ],
            "subscribed": true,
            "last_read": "1598121561.000100"
        },
        "blocks": [
            {
                "type": "rich_text",
                "block_id": "ydHz",
                "elements": [
                    {
                        "type": "rich_text_section",
                        "elements": [
                            {
                                "type": "text",
                                "text": "Check out 10.1117\/12.2513169 by "
                            },
                            {
                                "type": "user",
                                "user_id": "UHP9P5JTE"
                            },
                            {
                                "type": "text",
                                "text": " ;)"
                            }
                        ]
                    }
                ]
            }
        ],
        "client_msg_id": "2fb2985a-7911-4ce1-ab13-d8035e195b73"
    },
    {
        "client_msg_id": "5ab2ddb4-1e74-4d78-9725-0b5926a988ae",
        "type": "message",
        "text": "Yeayyy hacking",
        "user": "U5M5PLH9S",
        "ts": "1598121601.000900",
        "team": "T5M5PLH8U",
        "user_team": "T5M5PLH8U",
        "source_team": "T5M5PLH8U",
        "user_profile": {
            "avatar_hash": "e4fb6ae9f526",
            "image_72": "https:\/\/avatars.slack-edge.com\/2017-06-01\/191144530514_e4fb6ae9f526531fd41c_72.jpg",
            "first_name": "",
            "real_name": "kelu",
            "display_name": "",
            "team": "T5M5PLH8U",
            "name": "kelu",
            "is_restricted": false,
            "is_ultra_restricted": false
        },
        "blocks": [
            {
                "type": "rich_text",
                "block_id": "=2j",
                "elements": [
                    {
                        "type": "rich_text_section",
                        "elements": [
                            {
                                "type": "text",
                                "text": "Yeayyy hacking"
                            }
                        ]
                    }
                ]
            }
        ],
        "thread_ts": "1598112358.003600",
        "parent_user_id": "U019B6Q6YD9"
    },
    {
        "client_msg_id": "09961302-bf6a-4d9f-b97c-57cd6fb9ea7c",
        "type": "message",
        "text": "Welcome !",
        "user": "U5M5PLH9S",
        "ts": "1598121615.001100",
        "team": "T5M5PLH8U",
        "user_team": "T5M5PLH8U",
        "source_team": "T5M5PLH8U",
        "user_profile": {
            "avatar_hash": "e4fb6ae9f526",
            "image_72": "https:\/\/avatars.slack-edge.com\/2017-06-01\/191144530514_e4fb6ae9f526531fd41c_72.jpg",
            "first_name": "",
            "real_name": "kelu",
            "display_name": "",
            "team": "T5M5PLH8U",
            "name": "kelu",
            "is_restricted": false,
            "is_ultra_restricted": false
        },
        "blocks": [
            {
                "type": "rich_text",
                "block_id": "27g",
                "elements": [
                    {
                        "type": "rich_text_section",
                        "elements": [
                            {
                                "type": "text",
                                "text": "Welcome !"
                            }
                        ]
                    }
                ]
            }
        ],
        "thread_ts": "1598112293.001700",
        "parent_user_id": "U019B6Q6YD9"
    },
    {
        "client_msg_id": "975c4436-3dfe-49a3-9471-0aaba5beda3e",
        "type": "message",
        "text": "Which one do you have in mind ? Specific model ?\nHum unless you are talking for ndt use - in which case having separate elements for transmission and receiving allows you to have close measurements (you don't record the emitter still ringing in the first instants) :)",
        "user": "U5M5PLH9S",
        "ts": "1598121731.001300",
        "team": "T5M5PLH8U",
        "user_team": "T5M5PLH8U",
        "source_team": "T5M5PLH8U",
        "user_profile": {
            "avatar_hash": "e4fb6ae9f526",
            "image_72": "https:\/\/avatars.slack-edge.com\/2017-06-01\/191144530514_e4fb6ae9f526531fd41c_72.jpg",
            "first_name": "",
            "real_name": "kelu",
            "display_name": "",
            "team": "T5M5PLH8U",
            "name": "kelu",
            "is_restricted": false,
            "is_ultra_restricted": false
        },
        "blocks": [
            {
                "type": "rich_text",
                "block_id": "QcEkA",
                "elements": [
                    {
                        "type": "rich_text_section",
                        "elements": [
                            {
                                "type": "text",
                                "text": "Which one do you have in mind ? Specific model ?\nHum unless you are talking for ndt use - in which case having separate elements for transmission and receiving allows you to have close measurements (you don't record the emitter still ringing in the first instants) :)"
                            }
                        ]
                    }
                ]
            }
        ],
        "thread_ts": "1598112591.004900",
        "parent_user_id": "U019B6Q6YD9"
    },
    {
        "type": "message",
        "subtype": "thread_broadcast",
        "text": "Heya, any news also from you <@UUB3X49B4>?",
        "user": "U5M5PLH9S",
        "ts": "1598121818.001500",
        "thread_ts": "1583075540.005700",
        "root": {
            "client_msg_id": "2a42fd3c-60ba-49b7-89dd-122ae20fa401",
            "type": "message",
            "text": "Hi there! I'm planning to pass the signal into a convolutional neural network or RNN. First will have to understand what information is contained in the raw signal vs the image. The goal is to predict finger movement to navigate a robo hand.",
            "user": "UUB3X49B4",
            "ts": "1583075540.005700",
            "team": "T5M5PLH8U",
            "blocks": [
                {
                    "type": "rich_text",
                    "block_id": "Q3n2",
                    "elements": [
                        {
                            "type": "rich_text_section",
                            "elements": [
                                {
                                    "type": "text",
                                    "text": "Hi there! I'm planning to pass the signal into a convolutional neural network or RNN. First will have to understand what information is contained in the raw signal vs the image. The goal is to predict finger movement to navigate a robo hand."
                                }
                            ]
                        }
                    ]
                }
            ],
            "thread_ts": "1583075540.005700",
            "reply_count": 4,
            "reply_users_count": 2,
            "latest_reply": "1598282632.000300",
            "reply_users": [
                "U5M5PLH9S",
                "UUB3X49B4"
            ],
            "subscribed": true,
            "last_read": "1598282632.000300"
        },
        "blocks": [
            {
                "type": "rich_text",
                "block_id": "pg\/zX",
                "elements": [
                    {
                        "type": "rich_text_section",
                        "elements": [
                            {
                                "type": "text",
                                "text": "Heya, any news also from you "
                            },
                            {
                                "type": "user",
                                "user_id": "UUB3X49B4"
                            },
                            {
                                "type": "text",
                                "text": "?"
                            }
                        ]
                    }
                ]
            }
        ],
        "client_msg_id": "d14e8ffc-f685-4f79-b8ee-269e2c78bcbb"
    },
    {
        "client_msg_id": "012bc241-60f2-477e-a0bd-fea2b23c08e3",
        "type": "message",
        "text": "Hey! Sadly no - after COVID hit us we were not able to continue this project. - for now.",
        "user": "UUB3X49B4",
        "ts": "1598122594.000100",
        "team": "T5M5PLH8U",
        "user_team": "T5M5PLH8U",
        "source_team": "T5M5PLH8U",
        "user_profile": {
            "avatar_hash": "ga43df6e969c",
            "image_72": "https:\/\/secure.gravatar.com\/avatar\/a43df6e969cfbb6322c60bb4d93aada3.jpg?s=72&d=https%3A%2F%2Fa.slack-edge.com%2Fdf10d%2Fimg%2Favatars%2Fava_0010-72.png",
            "first_name": "",
            "real_name": "Björn Schmidtke",
            "display_name": "Björn Schmidtke",
            "team": "T5M5PLH8U",
            "name": "bjoern",
            "is_restricted": false,
            "is_ultra_restricted": false
        },
        "blocks": [
            {
                "type": "rich_text",
                "block_id": "OfHa",
                "elements": [
                    {
                        "type": "rich_text_section",
                        "elements": [
                            {
                                "type": "text",
                                "text": "Hey! Sadly no - after COVID hit us we were not able to continue this project. - for now."
                            }
                        ]
                    }
                ]
            }
        ],
        "thread_ts": "1583075540.005700",
        "parent_user_id": "UUB3X49B4"
    }
]