[
    {
        "client_msg_id": "630e0f75-980e-48e9-bd81-8db91319c920",
        "type": "message",
        "text": "Note to self : <https:\/\/scikit-learn.org\/stable\/auto_examples\/applications\/plot_tomography_l1_reconstruction.html#sphx-glr-auto-examples-applications-plot-tomography-l1-reconstruction-py> to try with my piezos :stuck_out_tongue:",
        "user": "U5M5PLH9S",
        "ts": "1586889681.000100",
        "team": "T5M5PLH8U",
        "user_team": "T5M5PLH8U",
        "source_team": "T5M5PLH8U",
        "user_profile": {
            "avatar_hash": "e4fb6ae9f526",
            "image_72": "https:\/\/avatars.slack-edge.com\/2017-06-01\/191144530514_e4fb6ae9f526531fd41c_72.jpg",
            "first_name": "",
            "real_name": "kelu",
            "display_name": "",
            "team": "T5M5PLH8U",
            "name": "kelu",
            "is_restricted": false,
            "is_ultra_restricted": false
        },
        "attachments": [
            {
                "title": "Compressive sensing: tomography reconstruction with L1 prior (Lasso) — scikit-learn 0.22.2 documentation",
                "title_link": "https:\/\/scikit-learn.org\/stable\/auto_examples\/applications\/plot_tomography_l1_reconstruction.html#sphx-glr-auto-examples-applications-plot-tomography-l1-reconstruction-py",
                "text": "scikit-learn: machine learning in Python",
                "fallback": "Compressive sensing: tomography reconstruction with L1 prior (Lasso) — scikit-learn 0.22.2 documentation",
                "from_url": "https:\/\/scikit-learn.org\/stable\/auto_examples\/applications\/plot_tomography_l1_reconstruction.html#sphx-glr-auto-examples-applications-plot-tomography-l1-reconstruction-py",
                "service_icon": "https:\/\/scikit-learn.org\/stable\/_static\/favicon.ico",
                "service_name": "scikit-learn.org",
                "id": 1,
                "original_url": "https:\/\/scikit-learn.org\/stable\/auto_examples\/applications\/plot_tomography_l1_reconstruction.html#sphx-glr-auto-examples-applications-plot-tomography-l1-reconstruction-py"
            }
        ],
        "blocks": [
            {
                "type": "rich_text",
                "block_id": "nQc",
                "elements": [
                    {
                        "type": "rich_text_section",
                        "elements": [
                            {
                                "type": "text",
                                "text": "Note to self : "
                            },
                            {
                                "type": "link",
                                "url": "https:\/\/scikit-learn.org\/stable\/auto_examples\/applications\/plot_tomography_l1_reconstruction.html#sphx-glr-auto-examples-applications-plot-tomography-l1-reconstruction-py"
                            },
                            {
                                "type": "text",
                                "text": " to try with my piezos "
                            },
                            {
                                "type": "emoji",
                                "name": "stuck_out_tongue"
                            }
                        ]
                    }
                ]
            }
        ],
        "thread_ts": "1586773339.000100",
        "parent_user_id": "U5M5PLH9S"
    }
]