[
    {
        "type": "message",
        "subtype": "channel_join",
        "ts": "1589147483.007900",
        "user": "U013REN1D5F",
        "text": "<@U013REN1D5F> has joined the channel"
    },
    {
        "client_msg_id": "45e056d1-9b7c-402f-9571-8f0d37e0e42b",
        "type": "message",
        "text": "Hi all,  I'm Ruairi O'Donnell.  I'm active in few COVID-19 NGO groups.  One task we're looking at is curating a list of viable low-cost devices for less developed countries.  We're hoping to get the Red Cross and MSF involved, so we can advocate for open source hardware in places like Africa, Asia, India.\n\nI'm interested to know the status of open-source ultrasound devices, specifically if they'd be \"good enough\" to diagnose lung abnormally caused by COVID19.  Have you investigated possible COVID19 solutions?\n\nAre low cost ultrasound probes have enough resolution to identify lung sliding and b line shadows?",
        "user": "U013REN1D5F",
        "ts": "1589155034.022800",
        "team": "T5M5PLH8U",
        "user_team": "T5M5PLH8U",
        "source_team": "T5M5PLH8U",
        "user_profile": {
            "avatar_hash": "gcaa7d979936",
            "image_72": "https:\/\/secure.gravatar.com\/avatar\/caa7d979936af04b1fe21726a79263af.jpg?s=72&d=https%3A%2F%2Fa.slack-edge.com%2Fdf10d%2Fimg%2Favatars%2Fava_0016-72.png",
            "first_name": "",
            "real_name": "Ruairi",
            "display_name": "",
            "team": "T5M5PLH8U",
            "name": "lapido",
            "is_restricted": false,
            "is_ultra_restricted": false
        },
        "blocks": [
            {
                "type": "rich_text",
                "block_id": "V+3xa",
                "elements": [
                    {
                        "type": "rich_text_section",
                        "elements": [
                            {
                                "type": "text",
                                "text": "Hi all,  I'm Ruairi O'Donnell.  I'm active in few COVID-19 NGO groups.  One task we're looking at is curating a list of viable low-cost devices for less developed countries.  We're hoping to get the Red Cross and MSF involved, so we can advocate for open source hardware in places like Africa, Asia, India.\n\nI'm interested to know the status of open-source ultrasound devices, specifically if they'd be \"good enough\" to diagnose lung abnormally caused by COVID19.  Have you investigated possible COVID19 solutions?\n\nAre low cost ultrasound probes have enough resolution to identify lung sliding and b line shadows?"
                            }
                        ]
                    }
                ]
            }
        ]
    }
]