[
    {
        "type": "message",
        "subtype": "channel_join",
        "ts": "1578851928.000200",
        "user": "USJK5K11S",
        "text": "<@USJK5K11S> has joined the channel"
    },
    {
        "client_msg_id": "6a997fd0-a500-4891-aa40-1a66eb9b7144",
        "type": "message",
        "text": "Hi, I cam accross this slack channel via <http:\/\/un0rick.cc\/>, please let me know if this is the right place to ask the following questions or not :slightly_smiling_face:  I'm interested in building an ultrasound imaging setup for fun, and as I come from an applied mathematics background I am in particular interested in setups using more nonstandard reconstruction algorithms. Most of the DIY setups I've seen do B-mode echography, in which the actual reconstruction is a 1D problem on each line - the final image is obtained by gluing these lines together. I feel like it should be possible to get better images by incorporating multiple (e.g. 3 or 4) transducers\/receivers to exploit the fact that echoes spread out.  Has anyone here done something like this, or can point me in the right direction as to why this is a bad idea?",
        "user": "USJK5K11S",
        "ts": "1578853212.006800",
        "team": "T5M5PLH8U",
        "user_team": "T5M5PLH8U",
        "source_team": "T5M5PLH8U",
        "user_profile": {
            "avatar_hash": "g027eaf1f628",
            "image_72": "https:\/\/secure.gravatar.com\/avatar\/027eaf1f628f3e6a5bdffdce5d633d19.jpg?s=72&d=https%3A%2F%2Fa.slack-edge.com%2Fdf10d%2Fimg%2Favatars%2Fava_0005-72.png",
            "first_name": "",
            "real_name": "Nate",
            "display_name": "Nate",
            "team": "T5M5PLH8U",
            "name": "schillna",
            "is_restricted": false,
            "is_ultra_restricted": false
        },
        "edited": {
            "user": "USJK5K11S",
            "ts": "1578853250.000000"
        },
        "blocks": [
            {
                "type": "rich_text",
                "block_id": "FOmb",
                "elements": [
                    {
                        "type": "rich_text_section",
                        "elements": [
                            {
                                "type": "text",
                                "text": "Hi, I cam accross this slack channel via "
                            },
                            {
                                "type": "link",
                                "url": "http:\/\/un0rick.cc\/"
                            },
                            {
                                "type": "text",
                                "text": ", please let me know if this is the right place to ask the following questions or not "
                            },
                            {
                                "type": "emoji",
                                "name": "slightly_smiling_face"
                            },
                            {
                                "type": "text",
                                "text": "  I'm interested in building an ultrasound imaging setup for fun, and as I come from an applied mathematics background I am in particular interested in setups using more nonstandard reconstruction algorithms. Most of the DIY setups I've seen do B-mode echography, in which the actual reconstruction is a 1D problem on each line - the final image is obtained by gluing these lines together. I feel like it should be possible to get better images by incorporating multiple (e.g. 3 or 4) transducers\/receivers to exploit the fact that echoes spread out.  Has anyone here done something like this, or can point me in the right direction as to why this is a bad idea?"
                            }
                        ]
                    }
                ]
            }
        ]
    },
    {
        "client_msg_id": "215e30a8-cbf2-4912-b7f0-9ad178bdc3fa",
        "type": "message",
        "text": "Welcome, <@USJK5K11S>, yes, that's a good place :smiley:\nI guess you have to check the maths behinds the beamforming on transducers arrays, but i guess you question is more building a setup with a few piezos :smiley:",
        "user": "U5M5PLH9S",
        "ts": "1578855332.008300",
        "team": "T5M5PLH8U",
        "user_team": "T5M5PLH8U",
        "source_team": "T5M5PLH8U",
        "user_profile": {
            "avatar_hash": "e4fb6ae9f526",
            "image_72": "https:\/\/avatars.slack-edge.com\/2017-06-01\/191144530514_e4fb6ae9f526531fd41c_72.jpg",
            "first_name": "",
            "real_name": "kelu",
            "display_name": "",
            "team": "T5M5PLH8U",
            "name": "kelu",
            "is_restricted": false,
            "is_ultra_restricted": false
        },
        "blocks": [
            {
                "type": "rich_text",
                "block_id": "2rm\/P",
                "elements": [
                    {
                        "type": "rich_text_section",
                        "elements": [
                            {
                                "type": "text",
                                "text": "Welcome, "
                            },
                            {
                                "type": "user",
                                "user_id": "USJK5K11S"
                            },
                            {
                                "type": "text",
                                "text": ", yes, that's a good place "
                            },
                            {
                                "type": "emoji",
                                "name": "smiley"
                            },
                            {
                                "type": "text",
                                "text": "\nI guess you have to check the maths behinds the beamforming on transducers arrays, but i guess you question is more building a setup with a few piezos "
                            },
                            {
                                "type": "emoji",
                                "name": "smiley"
                            }
                        ]
                    }
                ]
            }
        ]
    },
    {
        "client_msg_id": "a8215495-ee49-43ed-ad16-a1c1d66dcb10",
        "type": "message",
        "text": "thanks! :slightly_smiling_face:  Maybe to clarify, I'm interested in the following three somewha trelated questions  a) whether or not anyone has done work in the DIY field with  multiple piezos (without the costs scaling linearly), and b) whether or not anyone in the DIY field has done anything other than B-mode echography, and c) whether anyone knows of (academic) work in trying to do fully 3-D reconstruction without a \"full\" sensor array  (I'm thinking something like photoacoustic imaging, but with the ultrasound \"source\" being a localized echo of some type).\n\nIt's a shame that there aren't cheap  ultrasound sensor-arrays the way there are cheap high-resolution light sensor arrays in any camera....",
        "user": "USJK5K11S",
        "ts": "1578862955.014400",
        "team": "T5M5PLH8U",
        "user_team": "T5M5PLH8U",
        "source_team": "T5M5PLH8U",
        "user_profile": {
            "avatar_hash": "g027eaf1f628",
            "image_72": "https:\/\/secure.gravatar.com\/avatar\/027eaf1f628f3e6a5bdffdce5d633d19.jpg?s=72&d=https%3A%2F%2Fa.slack-edge.com%2Fdf10d%2Fimg%2Favatars%2Fava_0005-72.png",
            "first_name": "",
            "real_name": "Nate",
            "display_name": "Nate",
            "team": "T5M5PLH8U",
            "name": "schillna",
            "is_restricted": false,
            "is_ultra_restricted": false
        },
        "edited": {
            "user": "USJK5K11S",
            "ts": "1578862968.000000"
        },
        "blocks": [
            {
                "type": "rich_text",
                "block_id": "HJaZ",
                "elements": [
                    {
                        "type": "rich_text_section",
                        "elements": [
                            {
                                "type": "text",
                                "text": "thanks! "
                            },
                            {
                                "type": "emoji",
                                "name": "slightly_smiling_face"
                            },
                            {
                                "type": "text",
                                "text": "  Maybe to clarify, I'm interested in the following three somewha trelated questions  a) whether or not anyone has done work in the DIY field with  multiple piezos (without the costs scaling linearly), and b) whether or not anyone in the DIY field has done anything other than B-mode echography, and c) whether anyone knows of (academic) work in trying to do fully 3-D reconstruction without a \"full\" sensor array  (I'm thinking something like photoacoustic imaging, but with the ultrasound \"source\" being a localized echo of some type).\n\nIt's a shame that there aren't cheap  ultrasound sensor-arrays the way there are cheap high-resolution light sensor arrays in any camera...."
                            }
                        ]
                    }
                ]
            }
        ]
    },
    {
        "client_msg_id": "a5eb9656-cd3d-4676-ae08-f369264c7dc6",
        "type": "message",
        "text": "a) Not that I know of. Adding more piezo channels means adding more channels for wiring, amplifier, ADC, and so on. In academia and industry, this linearly increasing cost can be avoided with monolithic CMUT chips, but that is out of reach for hobbyists due to high fixed cost.\nb) Theoretically, existing DIY hardware (eg. kelu's un0rick or my project rtl-ultrasound) should be compatible with Doppler mode, it's just a matter of signal processing.\nc) 3D ultrasound can be done with a single piezo element by using compressed sensing, as in <https:\/\/advances.sciencemag.org\/content\/3\/12\/e1701423>",
        "user": "U8Z3VB1T2",
        "ts": "1578868204.018200",
        "team": "T5M5PLH8U",
        "user_team": "T5M5PLH8U",
        "source_team": "T5M5PLH8U",
        "user_profile": {
            "avatar_hash": "g49ad52d7df8",
            "image_72": "https:\/\/secure.gravatar.com\/avatar\/449ad52d7df89ecbe8ebe0fd87d3f63f.jpg?s=72&d=https%3A%2F%2Fa.slack-edge.com%2Fdf10d%2Fimg%2Favatars%2Fava_0026-72.png",
            "first_name": "",
            "real_name": "William Meng",
            "display_name": "",
            "team": "T5M5PLH8U",
            "name": "wlmeng11",
            "is_restricted": false,
            "is_ultra_restricted": false
        },
        "blocks": [
            {
                "type": "rich_text",
                "block_id": "NgE",
                "elements": [
                    {
                        "type": "rich_text_section",
                        "elements": [
                            {
                                "type": "text",
                                "text": "a) Not that I know of. Adding more piezo channels means adding more channels for wiring, amplifier, ADC, and so on. In academia and industry, this linearly increasing cost can be avoided with monolithic CMUT chips, but that is out of reach for hobbyists due to high fixed cost.\nb) Theoretically, existing DIY hardware (eg. kelu's un0rick or my project rtl-ultrasound) should be compatible with Doppler mode, it's just a matter of signal processing.\nc) 3D ultrasound can be done with a single piezo element by using compressed sensing, as in "
                            },
                            {
                                "type": "link",
                                "url": "https:\/\/advances.sciencemag.org\/content\/3\/12\/e1701423"
                            }
                        ]
                    }
                ]
            }
        ],
        "reactions": [
            {
                "name": "raised_hands",
                "users": [
                    "U5M5PLH9S"
                ],
                "count": 1
            }
        ]
    },
    {
        "client_msg_id": "498f39c9-ef22-4414-9d2e-8708f92bc972",
        "type": "message",
        "text": "<@U8Z3VB1T2> thanks! as far as I can tell so far, point (c) in particular is exactly the kind of thing I was looking for",
        "user": "USJK5K11S",
        "ts": "1578871753.019000",
        "team": "T5M5PLH8U",
        "user_team": "T5M5PLH8U",
        "source_team": "T5M5PLH8U",
        "user_profile": {
            "avatar_hash": "g027eaf1f628",
            "image_72": "https:\/\/secure.gravatar.com\/avatar\/027eaf1f628f3e6a5bdffdce5d633d19.jpg?s=72&d=https%3A%2F%2Fa.slack-edge.com%2Fdf10d%2Fimg%2Favatars%2Fava_0005-72.png",
            "first_name": "",
            "real_name": "Nate",
            "display_name": "Nate",
            "team": "T5M5PLH8U",
            "name": "schillna",
            "is_restricted": false,
            "is_ultra_restricted": false
        },
        "edited": {
            "user": "USJK5K11S",
            "ts": "1578902789.000000"
        },
        "blocks": [
            {
                "type": "rich_text",
                "block_id": "92G",
                "elements": [
                    {
                        "type": "rich_text_section",
                        "elements": [
                            {
                                "type": "user",
                                "user_id": "U8Z3VB1T2"
                            },
                            {
                                "type": "text",
                                "text": " thanks! as far as I can tell so far, point (c) in particular is exactly the kind of thing I was looking for"
                            }
                        ]
                    }
                ]
            }
        ]
    }
]