[
    {
        "type": "message",
        "subtype": "channel_join",
        "ts": "1581844407.019100",
        "user": "UTSASN5L1",
        "text": "<@UTSASN5L1> has joined the channel"
    },
    {
        "client_msg_id": "8f0a20e3-512d-42da-9539-f860d97fd6f2",
        "type": "message",
        "text": "Can you share a picture of the probe, see if you have some electronics also between pulser and piezo ? And similarly, have you checked with a single element submersion transducer (like a Olympics one)?",
        "user": "U5M5PLH9S",
        "ts": "1581847852.019200",
        "team": "T5M5PLH8U",
        "user_team": "T5M5PLH8U",
        "source_team": "T5M5PLH8U",
        "user_profile": {
            "avatar_hash": "e4fb6ae9f526",
            "image_72": "https:\/\/avatars.slack-edge.com\/2017-06-01\/191144530514_e4fb6ae9f526531fd41c_72.jpg",
            "first_name": "",
            "real_name": "kelu",
            "display_name": "",
            "team": "T5M5PLH8U",
            "name": "kelu",
            "is_restricted": false,
            "is_ultra_restricted": false
        },
        "blocks": [
            {
                "type": "rich_text",
                "block_id": "cj\/",
                "elements": [
                    {
                        "type": "rich_text_section",
                        "elements": [
                            {
                                "type": "text",
                                "text": "Can you share a picture of the probe, see if you have some electronics also between pulser and piezo ? And similarly, have you checked with a single element submersion transducer (like a Olympics one)?"
                            }
                        ]
                    }
                ]
            }
        ],
        "thread_ts": "1581514756.017800",
        "parent_user_id": "URM2LCMHA"
    },
    {
        "type": "message",
        "text": "Hello everyone, \nI am a student from software engineering in Indonesia.\nI want to ask what kind of data is being captured by the ultrasound device? \n\nI'm thinking to send the data to android device\nAnd then represented like the image below, is it possible?",
        "files": [
            {
                "id": "FU221C528",
                "created": 1581848938,
                "timestamp": 1581848938,
                "name": "images (3).jpeg",
                "title": "423530",
                "mimetype": "image\/jpeg",
                "filetype": "jpg",
                "pretty_type": "JPEG",
                "user": "UTSASN5L1",
                "editable": false,
                "size": 30710,
                "mode": "hosted",
                "is_external": false,
                "external_type": "",
                "is_public": true,
                "public_url_shared": false,
                "display_as_bot": false,
                "username": "",
                "url_private": "https:\/\/files.slack.com\/files-pri\/T5M5PLH8U-FU221C528\/images__3_.jpeg?t=xoxe-191193697300-1381062880324-1368140560006-96abaf9fa31dffabf8d2ddd7876c6250",
                "url_private_download": "https:\/\/files.slack.com\/files-pri\/T5M5PLH8U-FU221C528\/download\/images__3_.jpeg?t=xoxe-191193697300-1381062880324-1368140560006-96abaf9fa31dffabf8d2ddd7876c6250",
                "thumb_64": "https:\/\/files.slack.com\/files-tmb\/T5M5PLH8U-FU221C528-a2e754b87f\/images__3__64.jpg?t=xoxe-191193697300-1381062880324-1368140560006-96abaf9fa31dffabf8d2ddd7876c6250",
                "thumb_80": "https:\/\/files.slack.com\/files-tmb\/T5M5PLH8U-FU221C528-a2e754b87f\/images__3__80.jpg?t=xoxe-191193697300-1381062880324-1368140560006-96abaf9fa31dffabf8d2ddd7876c6250",
                "thumb_360": "https:\/\/files.slack.com\/files-tmb\/T5M5PLH8U-FU221C528-a2e754b87f\/images__3__360.jpg?t=xoxe-191193697300-1381062880324-1368140560006-96abaf9fa31dffabf8d2ddd7876c6250",
                "thumb_360_w": 360,
                "thumb_360_h": 288,
                "thumb_480": "https:\/\/files.slack.com\/files-tmb\/T5M5PLH8U-FU221C528-a2e754b87f\/images__3__480.jpg?t=xoxe-191193697300-1381062880324-1368140560006-96abaf9fa31dffabf8d2ddd7876c6250",
                "thumb_480_w": 480,
                "thumb_480_h": 384,
                "thumb_160": "https:\/\/files.slack.com\/files-tmb\/T5M5PLH8U-FU221C528-a2e754b87f\/images__3__160.jpg?t=xoxe-191193697300-1381062880324-1368140560006-96abaf9fa31dffabf8d2ddd7876c6250",
                "image_exif_rotation": 1,
                "original_w": 600,
                "original_h": 480,
                "thumb_tiny": "AwAmADDSHWqF4fPbbk7V9O5q1cS+VESD8x4A96pMMqc8kUJX0C9hbUvAcBsp\/dNX45Uk+6fqPSs8JkZJwetKFBHPX1okuUE0zSoqnYGT50kYttI2kmrlAFS8BLRt\/CM1WJK59\/1rQlQSxsh7is2OQPwR844PFCdtQHs4bGODSE+XGSRinYGQ57DjApwgNwmB0Pf0olLmWglbYNKLMssjH7xAFaFMhiWKMIgwBT6BiVnX9v5ZM0ZxngitKqmpf8e340AQ2Fvvj812JyeFrRAAGAMCqunf8ei\/U1aoAKKKKAP\/2Q==",
                "permalink": "https:\/\/usdevkit.slack.com\/files\/UTSASN5L1\/FU221C528\/images__3_.jpeg",
                "permalink_public": "https:\/\/slack-files.com\/T5M5PLH8U-FU221C528-a6285dea22",
                "is_starred": false,
                "has_rich_preview": false
            }
        ],
        "upload": true,
        "blocks": [
            {
                "type": "rich_text",
                "block_id": "PPZ",
                "elements": [
                    {
                        "type": "rich_text_section",
                        "elements": [
                            {
                                "type": "text",
                                "text": "Hello everyone, \nI am a student from software engineering in Indonesia.\nI want to ask what kind of data is being captured by the ultrasound device? \n\nI'm thinking to send the data to android device\nAnd then represented like the image below, is it possible?"
                            }
                        ]
                    }
                ]
            }
        ],
        "user": "UTSASN5L1",
        "display_as_bot": false,
        "ts": "1581849007.033400",
        "client_msg_id": "afe45a28-1e5d-4bd8-a099-1cbbac555ad6",
        "thread_ts": "1581849007.033400",
        "reply_count": 10,
        "reply_users_count": 3,
        "latest_reply": "1582575389.002300",
        "reply_users": [
            "U5M5PLH9S",
            "UTSASN5L1",
            "UKA33T8N9"
        ],
        "replies": [
            {
                "user": "U5M5PLH9S",
                "ts": "1581849294.033700"
            },
            {
                "user": "U5M5PLH9S",
                "ts": "1581849453.033900"
            },
            {
                "user": "U5M5PLH9S",
                "ts": "1581849472.034100"
            },
            {
                "user": "UTSASN5L1",
                "ts": "1581850390.034400"
            },
            {
                "user": "U5M5PLH9S",
                "ts": "1581863902.034600"
            },
            {
                "user": "U5M5PLH9S",
                "ts": "1581864081.034800"
            },
            {
                "user": "UTSASN5L1",
                "ts": "1581865641.035000"
            },
            {
                "user": "U5M5PLH9S",
                "ts": "1581868139.035300"
            },
            {
                "user": "UKA33T8N9",
                "ts": "1582538129.000900"
            },
            {
                "user": "U5M5PLH9S",
                "ts": "1582575389.002300"
            }
        ],
        "subscribed": true,
        "last_read": "1582575389.002300"
    },
    {
        "client_msg_id": "dc13e252-ce0f-426f-ab37-0f8e319fc2b3",
        "type": "message",
        "text": "Welcome here <@UTSASN5L1>. \nWhat is the image you have ? How is it built ?",
        "user": "U5M5PLH9S",
        "ts": "1581849294.033700",
        "team": "T5M5PLH8U",
        "user_team": "T5M5PLH8U",
        "source_team": "T5M5PLH8U",
        "user_profile": {
            "avatar_hash": "e4fb6ae9f526",
            "image_72": "https:\/\/avatars.slack-edge.com\/2017-06-01\/191144530514_e4fb6ae9f526531fd41c_72.jpg",
            "first_name": "",
            "real_name": "kelu",
            "display_name": "",
            "team": "T5M5PLH8U",
            "name": "kelu",
            "is_restricted": false,
            "is_ultra_restricted": false
        },
        "blocks": [
            {
                "type": "rich_text",
                "block_id": "w0I",
                "elements": [
                    {
                        "type": "rich_text_section",
                        "elements": [
                            {
                                "type": "text",
                                "text": "Welcome here "
                            },
                            {
                                "type": "user",
                                "user_id": "UTSASN5L1"
                            },
                            {
                                "type": "text",
                                "text": ". \nWhat is the image you have ? How is it built ?"
                            }
                        ]
                    }
                ]
            }
        ],
        "thread_ts": "1581849007.033400",
        "parent_user_id": "UTSASN5L1"
    },
    {
        "client_msg_id": "aa9fbb3d-5b88-442f-aea4-d92831bec1a0",
        "type": "message",
        "text": "Usually, you mechanically scan a volume to get radio-frequency signals, which is similar to a line in your data. Then you move a bit and take another line. (a bit like an image desktop scanner).",
        "user": "U5M5PLH9S",
        "ts": "1581849453.033900",
        "team": "T5M5PLH8U",
        "user_team": "T5M5PLH8U",
        "source_team": "T5M5PLH8U",
        "user_profile": {
            "avatar_hash": "e4fb6ae9f526",
            "image_72": "https:\/\/avatars.slack-edge.com\/2017-06-01\/191144530514_e4fb6ae9f526531fd41c_72.jpg",
            "first_name": "",
            "real_name": "kelu",
            "display_name": "",
            "team": "T5M5PLH8U",
            "name": "kelu",
            "is_restricted": false,
            "is_ultra_restricted": false
        },
        "blocks": [
            {
                "type": "rich_text",
                "block_id": "AXe",
                "elements": [
                    {
                        "type": "rich_text_section",
                        "elements": [
                            {
                                "type": "text",
                                "text": "Usually, you mechanically scan a volume to get radio-frequency signals, which is similar to a line in your data. Then you move a bit and take another line. (a bit like an image desktop scanner)."
                            }
                        ]
                    }
                ]
            }
        ],
        "thread_ts": "1581849007.033400",
        "parent_user_id": "UTSASN5L1"
    },
    {
        "client_msg_id": "67afcfcd-c38a-48b2-8cbc-e8aa876f010d",
        "type": "message",
        "text": "<https:\/\/raw.githubusercontent.com\/kelu124\/echomods\/master\/elmo\/data\/arduinoffset\/LineImageEnveloppe.jpg|https:\/\/raw.githubusercontent.com\/kelu124\/echomods\/master\/elmo\/data\/arduinoffset\/LineImageEnveloppe.jpg> shows how to go from this RF data to an image.",
        "user": "U5M5PLH9S",
        "ts": "1581849472.034100",
        "team": "T5M5PLH8U",
        "user_team": "T5M5PLH8U",
        "source_team": "T5M5PLH8U",
        "user_profile": {
            "avatar_hash": "e4fb6ae9f526",
            "image_72": "https:\/\/avatars.slack-edge.com\/2017-06-01\/191144530514_e4fb6ae9f526531fd41c_72.jpg",
            "first_name": "",
            "real_name": "kelu",
            "display_name": "",
            "team": "T5M5PLH8U",
            "name": "kelu",
            "is_restricted": false,
            "is_ultra_restricted": false
        },
        "attachments": [
            {
                "fallback": "900x476px image",
                "image_url": "https:\/\/raw.githubusercontent.com\/kelu124\/echomods\/master\/elmo\/data\/arduinoffset\/LineImageEnveloppe.jpg",
                "image_width": 900,
                "image_height": 476,
                "image_bytes": 80803,
                "from_url": "https:\/\/raw.githubusercontent.com\/kelu124\/echomods\/master\/elmo\/data\/arduinoffset\/LineImageEnveloppe.jpg",
                "id": 1,
                "original_url": "https:\/\/raw.githubusercontent.com\/kelu124\/echomods\/master\/elmo\/data\/arduinoffset\/LineImageEnveloppe.jpg"
            }
        ],
        "blocks": [
            {
                "type": "rich_text",
                "block_id": "SLZA",
                "elements": [
                    {
                        "type": "rich_text_section",
                        "elements": [
                            {
                                "type": "link",
                                "url": "https:\/\/raw.githubusercontent.com\/kelu124\/echomods\/master\/elmo\/data\/arduinoffset\/LineImageEnveloppe.jpg",
                                "text": "https:\/\/raw.githubusercontent.com\/kelu124\/echomods\/master\/elmo\/data\/arduinoffset\/LineImageEnveloppe.jpg"
                            },
                            {
                                "type": "text",
                                "text": " shows how to go from this RF data to an image."
                            }
                        ]
                    }
                ]
            }
        ],
        "thread_ts": "1581849007.033400",
        "parent_user_id": "UTSASN5L1"
    },
    {
        "client_msg_id": "bb8519f7-909e-453d-96d7-b6e7800cff0f",
        "type": "message",
        "text": "Thank you \nThe image above is from PICUS tool for tree diagnostic\nBut the tool need to be attached by nail like sensor to measure, which we want to avoid to do. \nSadly we aren't allowed to modify the tools because of the cost of it is to high and search a more open source alternative like your tool\n\nOur aim is to get the tree data and send them to office  server for data record and monitor every tree in the city",
        "user": "UTSASN5L1",
        "ts": "1581850390.034400",
        "team": "T5M5PLH8U",
        "user_team": "T5M5PLH8U",
        "source_team": "T5M5PLH8U",
        "user_profile": {
            "avatar_hash": "gbcfc7f33aca",
            "image_72": "https:\/\/secure.gravatar.com\/avatar\/bcfc7f33acab4094a028b0323696daab.jpg?s=72&d=https%3A%2F%2Fa.slack-edge.com%2Fdf10d%2Fimg%2Favatars%2Fava_0003-72.png",
            "first_name": "",
            "real_name": "Devin kagiva aprilianno",
            "display_name": "Devin kagiva aprilianno",
            "team": "T5M5PLH8U",
            "name": "devinkagivaaprilianno",
            "is_restricted": false,
            "is_ultra_restricted": false
        },
        "blocks": [
            {
                "type": "rich_text",
                "block_id": "MEDP",
                "elements": [
                    {
                        "type": "rich_text_section",
                        "elements": [
                            {
                                "type": "text",
                                "text": "Thank you \nThe image above is from PICUS tool for tree diagnostic\nBut the tool need to be attached by nail like sensor to measure, which we want to avoid to do. \nSadly we aren't allowed to modify the tools because of the cost of it is to high and search a more open source alternative like your tool\n\nOur aim is to get the tree data and send them to office  server for data record and monitor every tree in the city"
                            }
                        ]
                    }
                ]
            }
        ],
        "thread_ts": "1581849007.033400",
        "parent_user_id": "UTSASN5L1"
    },
    {
        "client_msg_id": "67c66d8a-9d5a-425a-82e6-2b8b52ba5222",
        "type": "message",
        "text": "Ahh now I see. It is a tomograph-like system. <@UGJ8GJGNR> is more the expert there :smiley:",
        "user": "U5M5PLH9S",
        "ts": "1581863902.034600",
        "team": "T5M5PLH8U",
        "user_team": "T5M5PLH8U",
        "source_team": "T5M5PLH8U",
        "user_profile": {
            "avatar_hash": "e4fb6ae9f526",
            "image_72": "https:\/\/avatars.slack-edge.com\/2017-06-01\/191144530514_e4fb6ae9f526531fd41c_72.jpg",
            "first_name": "",
            "real_name": "kelu",
            "display_name": "",
            "team": "T5M5PLH8U",
            "name": "kelu",
            "is_restricted": false,
            "is_ultra_restricted": false
        },
        "blocks": [
            {
                "type": "rich_text",
                "block_id": "m74P",
                "elements": [
                    {
                        "type": "rich_text_section",
                        "elements": [
                            {
                                "type": "text",
                                "text": "Ahh now I see. It is a tomograph-like system. "
                            },
                            {
                                "type": "user",
                                "user_id": "UGJ8GJGNR"
                            },
                            {
                                "type": "text",
                                "text": " is more the expert there "
                            },
                            {
                                "type": "emoji",
                                "name": "smiley"
                            }
                        ]
                    }
                ]
            }
        ],
        "thread_ts": "1581849007.033400",
        "parent_user_id": "UTSASN5L1"
    },
    {
        "client_msg_id": "de21133e-dc2d-4c30-9358-613cf4dd8ce7",
        "type": "message",
        "text": "This system is interesting.\nI would say that the un0rick hardware would be able to help you on this - provided you know the sensors and how to interpret the signals;",
        "user": "U5M5PLH9S",
        "ts": "1581864081.034800",
        "team": "T5M5PLH8U",
        "user_team": "T5M5PLH8U",
        "source_team": "T5M5PLH8U",
        "user_profile": {
            "avatar_hash": "e4fb6ae9f526",
            "image_72": "https:\/\/avatars.slack-edge.com\/2017-06-01\/191144530514_e4fb6ae9f526531fd41c_72.jpg",
            "first_name": "",
            "real_name": "kelu",
            "display_name": "",
            "team": "T5M5PLH8U",
            "name": "kelu",
            "is_restricted": false,
            "is_ultra_restricted": false
        },
        "blocks": [
            {
                "type": "rich_text",
                "block_id": "8TlAx",
                "elements": [
                    {
                        "type": "rich_text_section",
                        "elements": [
                            {
                                "type": "text",
                                "text": "This system is interesting.\nI would say that the un0rick hardware would be able to help you on this - provided you know the sensors and how to interpret the signals;"
                            }
                        ]
                    }
                ]
            }
        ],
        "thread_ts": "1581849007.033400",
        "parent_user_id": "UTSASN5L1"
    },
    {
        "client_msg_id": "d4577e54-aec8-4368-acdc-f073e35a5a8e",
        "type": "message",
        "text": "The idea is get the signal and get the raspberrie to give a graph.. \nBut we kinda got stuck on how to pull the graph data on the raspberry and send it through smartphone. \n\nSo is it possible to save the RF data on raspberry to be sent? Or is it only display what the sensor detected?\nThank you",
        "user": "UTSASN5L1",
        "ts": "1581865641.035000",
        "team": "T5M5PLH8U",
        "user_team": "T5M5PLH8U",
        "source_team": "T5M5PLH8U",
        "user_profile": {
            "avatar_hash": "gbcfc7f33aca",
            "image_72": "https:\/\/secure.gravatar.com\/avatar\/bcfc7f33acab4094a028b0323696daab.jpg?s=72&d=https%3A%2F%2Fa.slack-edge.com%2Fdf10d%2Fimg%2Favatars%2Fava_0003-72.png",
            "first_name": "",
            "real_name": "Devin kagiva aprilianno",
            "display_name": "Devin kagiva aprilianno",
            "team": "T5M5PLH8U",
            "name": "devinkagivaaprilianno",
            "is_restricted": false,
            "is_ultra_restricted": false
        },
        "edited": {
            "user": "UTSASN5L1",
            "ts": "1581865701.000000"
        },
        "blocks": [
            {
                "type": "rich_text",
                "block_id": "HaOjM",
                "elements": [
                    {
                        "type": "rich_text_section",
                        "elements": [
                            {
                                "type": "text",
                                "text": "The idea is get the signal and get the raspberrie to give a graph.. \nBut we kinda got stuck on how to pull the graph data on the raspberry and send it through smartphone. \n\nSo is it possible to save the RF data on raspberry to be sent? Or is it only display what the sensor detected?\nThank you"
                            }
                        ]
                    }
                ]
            }
        ],
        "thread_ts": "1581849007.033400",
        "parent_user_id": "UTSASN5L1"
    },
    {
        "client_msg_id": "bf8e2264-ab81-4156-85af-f035efe996ca",
        "type": "message",
        "text": "You can even use a ESP32 if you wish to extract RF data, and send the RF data to the android. I will not deliver the graph, but you can make the graph on the mobile.\nAlternatively, I guess it would be possible to put a raspberry controlling the different elements, and you would be able to serve data through wifi.",
        "user": "U5M5PLH9S",
        "ts": "1581868139.035300",
        "team": "T5M5PLH8U",
        "user_team": "T5M5PLH8U",
        "source_team": "T5M5PLH8U",
        "user_profile": {
            "avatar_hash": "e4fb6ae9f526",
            "image_72": "https:\/\/avatars.slack-edge.com\/2017-06-01\/191144530514_e4fb6ae9f526531fd41c_72.jpg",
            "first_name": "",
            "real_name": "kelu",
            "display_name": "",
            "team": "T5M5PLH8U",
            "name": "kelu",
            "is_restricted": false,
            "is_ultra_restricted": false
        },
        "blocks": [
            {
                "type": "rich_text",
                "block_id": "8xZBZ",
                "elements": [
                    {
                        "type": "rich_text_section",
                        "elements": [
                            {
                                "type": "text",
                                "text": "You can even use a ESP32 if you wish to extract RF data, and send the RF data to the android. I will not deliver the graph, but you can make the graph on the mobile.\nAlternatively, I guess it would be possible to put a raspberry controlling the different elements, and you would be able to serve data through wifi."
                            }
                        ]
                    }
                ]
            }
        ],
        "thread_ts": "1581849007.033400",
        "parent_user_id": "UTSASN5L1"
    }
]