[
    {
        "client_msg_id": "c980505f-9604-41bf-ad82-5ba6011bdf86",
        "type": "message",
        "text": "Just got the NMTx module, they're tiny! I think I will go for the unipolar signal for the pvdf transmitter.",
        "user": "U019BD4E8LX",
        "ts": "1600532110.000100",
        "team": "T5M5PLH8U",
        "user_team": "T5M5PLH8U",
        "source_team": "T5M5PLH8U",
        "user_profile": {
            "avatar_hash": "g8241a45759c",
            "image_72": "https:\/\/secure.gravatar.com\/avatar\/8241a45759c3d2b9408084591b734e39.jpg?s=72&d=https%3A%2F%2Fa.slack-edge.com%2Fdf10d%2Fimg%2Favatars%2Fava_0007-72.png",
            "first_name": "",
            "real_name": "Carlos Diaz",
            "display_name": "",
            "team": "T5M5PLH8U",
            "name": "carlos.santiago.diaz",
            "is_restricted": false,
            "is_ultra_restricted": false
        },
        "blocks": [
            {
                "type": "rich_text",
                "block_id": "MzE+",
                "elements": [
                    {
                        "type": "rich_text_section",
                        "elements": [
                            {
                                "type": "text",
                                "text": "Just got the NMTx module, they're tiny! I think I will go for the unipolar signal for the pvdf transmitter."
                            }
                        ]
                    }
                ]
            }
        ],
        "thread_ts": "1599065549.004500",
        "parent_user_id": "U5M5PLH9S"
    },
    {
        "client_msg_id": "4162fd44-6902-4378-8c4c-d0b244b3ce55",
        "type": "message",
        "text": "Yeah!",
        "user": "U5M5PLH9S",
        "ts": "1600536991.000300",
        "team": "T5M5PLH8U",
        "user_team": "T5M5PLH8U",
        "source_team": "T5M5PLH8U",
        "user_profile": {
            "avatar_hash": "e4fb6ae9f526",
            "image_72": "https:\/\/avatars.slack-edge.com\/2017-06-01\/191144530514_e4fb6ae9f526531fd41c_72.jpg",
            "first_name": "",
            "real_name": "kelu",
            "display_name": "",
            "team": "T5M5PLH8U",
            "name": "kelu",
            "is_restricted": false,
            "is_ultra_restricted": false
        },
        "blocks": [
            {
                "type": "rich_text",
                "block_id": "02g",
                "elements": [
                    {
                        "type": "rich_text_section",
                        "elements": [
                            {
                                "type": "text",
                                "text": "Yeah!"
                            }
                        ]
                    }
                ]
            }
        ],
        "thread_ts": "1599065549.004500",
        "parent_user_id": "U5M5PLH9S"
    }
]