[
    {
        "client_msg_id": "dc87c513-774a-4301-90ee-8d93920a25dd",
        "type": "message",
        "text": "Thanks for sharing this! Would be interesting to add this in the current review.\nFor info, I'm in touch with a team working on StimDust - i'm sure this is part of what you are monitoring :smiley:\nOut of curiosity, we were looking for an english native speaker to review a paper, would you spare some time? :wink:",
        "user": "U5M5PLH9S",
        "ts": "1593174485.000100",
        "team": "T5M5PLH8U",
        "user_team": "T5M5PLH8U",
        "source_team": "T5M5PLH8U",
        "user_profile": {
            "avatar_hash": "e4fb6ae9f526",
            "image_72": "https:\/\/avatars.slack-edge.com\/2017-06-01\/191144530514_e4fb6ae9f526531fd41c_72.jpg",
            "first_name": "",
            "real_name": "kelu",
            "display_name": "",
            "team": "T5M5PLH8U",
            "name": "kelu",
            "is_restricted": false,
            "is_ultra_restricted": false
        },
        "blocks": [
            {
                "type": "rich_text",
                "block_id": "038",
                "elements": [
                    {
                        "type": "rich_text_section",
                        "elements": [
                            {
                                "type": "text",
                                "text": "Thanks for sharing this! Would be interesting to add this in the current review.\nFor info, I'm in touch with a team working on StimDust - i'm sure this is part of what you are monitoring "
                            },
                            {
                                "type": "emoji",
                                "name": "smiley"
                            },
                            {
                                "type": "text",
                                "text": "\nOut of curiosity, we were looking for an english native speaker to review a paper, would you spare some time? "
                            },
                            {
                                "type": "emoji",
                                "name": "wink"
                            }
                        ]
                    }
                ]
            }
        ],
        "thread_ts": "1593103844.001600",
        "parent_user_id": "U6E49CNV6",
        "reactions": [
            {
                "name": "+1",
                "users": [
                    "U6E49CNV6",
                    "UGJ8GJGNR"
                ],
                "count": 2
            }
        ]
    }
]