[
    {
        "client_msg_id": "a48963d6-30a7-4bd9-bac1-e422846f8efb",
        "type": "message",
        "text": "Vaguely related : <https:\/\/twitter.com\/whitequark\/status\/1304990131439443968> (for the interest of it).\nWould you have found a short on the un0rick board?",
        "user": "U5M5PLH9S",
        "ts": "1600071101.010600",
        "team": "T5M5PLH8U",
        "user_team": "T5M5PLH8U",
        "source_team": "T5M5PLH8U",
        "user_profile": {
            "avatar_hash": "e4fb6ae9f526",
            "image_72": "https:\/\/avatars.slack-edge.com\/2017-06-01\/191144530514_e4fb6ae9f526531fd41c_72.jpg",
            "first_name": "",
            "real_name": "kelu",
            "display_name": "",
            "team": "T5M5PLH8U",
            "name": "kelu",
            "is_restricted": false,
            "is_ultra_restricted": false
        },
        "blocks": [
            {
                "type": "rich_text",
                "block_id": "V6nC",
                "elements": [
                    {
                        "type": "rich_text_section",
                        "elements": [
                            {
                                "type": "text",
                                "text": "Vaguely related : "
                            },
                            {
                                "type": "link",
                                "url": "https:\/\/twitter.com\/whitequark\/status\/1304990131439443968"
                            },
                            {
                                "type": "text",
                                "text": " (for the interest of it).\nWould you have found a short on the un0rick board?"
                            }
                        ]
                    }
                ]
            }
        ],
        "thread_ts": "1599735146.002900",
        "parent_user_id": "U01AEE7N8BV"
    }
]