[
    {
        "client_msg_id": "33404700-d6b3-474a-87a8-c96b8a52224a",
        "type": "message",
        "text": "Hum weird. If I remember well this was a board I sent to you soldered, so normally tested. Anyhow. Just a last test, can you try with a different power supply? The Pi4 may be drawing quite a bit of current, just want to make sure we'e not borderline on the energy enveloppe.",
        "user": "U5M5PLH9S",
        "ts": "1600339650.012300",
        "team": "T5M5PLH8U",
        "user_team": "T5M5PLH8U",
        "source_team": "T5M5PLH8U",
        "user_profile": {
            "avatar_hash": "e4fb6ae9f526",
            "image_72": "https:\/\/avatars.slack-edge.com\/2017-06-01\/191144530514_e4fb6ae9f526531fd41c_72.jpg",
            "first_name": "",
            "real_name": "kelu",
            "display_name": "",
            "team": "T5M5PLH8U",
            "name": "kelu",
            "is_restricted": false,
            "is_ultra_restricted": false
        },
        "blocks": [
            {
                "type": "rich_text",
                "block_id": "gmSo",
                "elements": [
                    {
                        "type": "rich_text_section",
                        "elements": [
                            {
                                "type": "text",
                                "text": "Hum weird. If I remember well this was a board I sent to you soldered, so normally tested. Anyhow. Just a last test, can you try with a different power supply? The Pi4 may be drawing quite a bit of current, just want to make sure we'e not borderline on the energy enveloppe."
                            }
                        ]
                    }
                ]
            }
        ],
        "thread_ts": "1599735146.002900",
        "parent_user_id": "U01AEE7N8BV"
    },
    {
        "client_msg_id": "bcff3d0d-4d10-427f-acc3-f9c33566e606",
        "type": "message",
        "text": "I will test this tomorrow, I need to get another power supply",
        "user": "U01AEE7N8BV",
        "ts": "1600347638.012500",
        "team": "T5M5PLH8U",
        "user_team": "T5M5PLH8U",
        "source_team": "T5M5PLH8U",
        "user_profile": {
            "avatar_hash": "g60b2e269350",
            "image_72": "https:\/\/secure.gravatar.com\/avatar\/60b2e2693508f55426b2a560d064d357.jpg?s=72&d=https%3A%2F%2Fa.slack-edge.com%2Fdf10d%2Fimg%2Favatars%2Fava_0025-72.png",
            "first_name": "",
            "real_name": "Brodie O'Sullivan",
            "display_name": "Brodie O'Sullivan",
            "team": "T5M5PLH8U",
            "name": "b.osullivan",
            "is_restricted": false,
            "is_ultra_restricted": false
        },
        "blocks": [
            {
                "type": "rich_text",
                "block_id": "VTdx",
                "elements": [
                    {
                        "type": "rich_text_section",
                        "elements": [
                            {
                                "type": "text",
                                "text": "I will test this tomorrow, I need to get another power supply"
                            }
                        ]
                    }
                ]
            }
        ],
        "thread_ts": "1599735146.002900",
        "parent_user_id": "U01AEE7N8BV"
    }
]