[
    {
        "type": "message",
        "subtype": "channel_join",
        "ts": "1496598153.395890",
        "user": "U5MRX6SSV",
        "text": "<@U5MRX6SSV> has joined the channel"
    },
    {
        "type": "message",
        "text": "Hey, I made a Matrix chat room.",
        "user": "U5MRX6SSV",
        "ts": "1496598538.416392",
        "team": "T5M5PLH8U",
        "user_team": "T5M5PLH8U",
        "source_team": "T5M5PLH8U",
        "user_profile": {
            "avatar_hash": "ged873897e97",
            "image_72": "https:\/\/secure.gravatar.com\/avatar\/4ed873897e9738819e45bbc9b1cb71c5.jpg?s=72&d=https%3A%2F%2Fa.slack-edge.com%2Fdf10d%2Fimg%2Favatars%2Fava_0009-72.png",
            "first_name": "First",
            "real_name": "First Last",
            "display_name": "fl.throwaway.3.141592",
            "team": "T5M5PLH8U",
            "name": "fl.throwaway.3.141592",
            "is_restricted": false,
            "is_ultra_restricted": false
        }
    },
    {
        "type": "message",
        "text": "#usdevkit:<http:\/\/matrix.org|matrix.org>",
        "user": "U5MRX6SSV",
        "ts": "1496598545.416772",
        "team": "T5M5PLH8U",
        "user_team": "T5M5PLH8U",
        "source_team": "T5M5PLH8U",
        "user_profile": {
            "avatar_hash": "ged873897e97",
            "image_72": "https:\/\/secure.gravatar.com\/avatar\/4ed873897e9738819e45bbc9b1cb71c5.jpg?s=72&d=https%3A%2F%2Fa.slack-edge.com%2Fdf10d%2Fimg%2Favatars%2Fava_0009-72.png",
            "first_name": "First",
            "real_name": "First Last",
            "display_name": "fl.throwaway.3.141592",
            "team": "T5M5PLH8U",
            "name": "fl.throwaway.3.141592",
            "is_restricted": false,
            "is_ultra_restricted": false
        }
    },
    {
        "type": "message",
        "text": "I think this is how you set up a bridge: <https:\/\/github.com\/matrix-org\/matrix-appservice-slack>",
        "user": "U5MRX6SSV",
        "ts": "1496598581.418747",
        "team": "T5M5PLH8U",
        "user_team": "T5M5PLH8U",
        "source_team": "T5M5PLH8U",
        "user_profile": {
            "avatar_hash": "ged873897e97",
            "image_72": "https:\/\/secure.gravatar.com\/avatar\/4ed873897e9738819e45bbc9b1cb71c5.jpg?s=72&d=https%3A%2F%2Fa.slack-edge.com%2Fdf10d%2Fimg%2Favatars%2Fava_0009-72.png",
            "first_name": "First",
            "real_name": "First Last",
            "display_name": "fl.throwaway.3.141592",
            "team": "T5M5PLH8U",
            "name": "fl.throwaway.3.141592",
            "is_restricted": false,
            "is_ultra_restricted": false
        },
        "attachments": [
            {
                "service_name": "GitHub",
                "title": "matrix-org\/matrix-appservice-slack",
                "title_link": "https:\/\/github.com\/matrix-org\/matrix-appservice-slack",
                "fallback": "GitHub: matrix-org\/matrix-appservice-slack",
                "from_url": "https:\/\/github.com\/matrix-org\/matrix-appservice-slack",
                "thumb_url": "https:\/\/avatars1.githubusercontent.com\/u\/8418310?v=3&s=400",
                "thumb_width": 180,
                "thumb_height": 180,
                "service_icon": "https:\/\/a.slack-edge.com\/bfaba\/img\/unfurl_icons\/github.png",
                "id": 1
            }
        ]
    },
    {
        "type": "message",
        "text": "I'll give you admin in the room if you come in there.",
        "user": "U5MRX6SSV",
        "ts": "1496598587.419108",
        "team": "T5M5PLH8U",
        "user_team": "T5M5PLH8U",
        "source_team": "T5M5PLH8U",
        "user_profile": {
            "avatar_hash": "ged873897e97",
            "image_72": "https:\/\/secure.gravatar.com\/avatar\/4ed873897e9738819e45bbc9b1cb71c5.jpg?s=72&d=https%3A%2F%2Fa.slack-edge.com%2Fdf10d%2Fimg%2Favatars%2Fava_0009-72.png",
            "first_name": "First",
            "real_name": "First Last",
            "display_name": "fl.throwaway.3.141592",
            "team": "T5M5PLH8U",
            "name": "fl.throwaway.3.141592",
            "is_restricted": false,
            "is_ultra_restricted": false
        }
    },
    {
        "type": "message",
        "text": "I think you need admin and 2 API slots (whatever that is) in here to get it running.",
        "user": "U5MRX6SSV",
        "ts": "1496598603.420013",
        "team": "T5M5PLH8U",
        "user_team": "T5M5PLH8U",
        "source_team": "T5M5PLH8U",
        "user_profile": {
            "avatar_hash": "ged873897e97",
            "image_72": "https:\/\/secure.gravatar.com\/avatar\/4ed873897e9738819e45bbc9b1cb71c5.jpg?s=72&d=https%3A%2F%2Fa.slack-edge.com%2Fdf10d%2Fimg%2Favatars%2Fava_0009-72.png",
            "first_name": "First",
            "real_name": "First Last",
            "display_name": "fl.throwaway.3.141592",
            "team": "T5M5PLH8U",
            "name": "fl.throwaway.3.141592",
            "is_restricted": false,
            "is_ultra_restricted": false
        }
    },
    {
        "type": "message",
        "subtype": "channel_join",
        "ts": "1496608453.937515",
        "user": "U5P8N8F71",
        "text": "<@U5P8N8F71> has joined the channel"
    },
    {
        "type": "message",
        "subtype": "me_message",
        "text": "waves to @jay.",
        "user": "U5MRX6SSV",
        "ts": "1496608976.963676",
        "reactions": [
            {
                "name": "wave",
                "users": [
                    "U5P8N8F71",
                    "U5M5PLH9S"
                ],
                "count": 2
            }
        ]
    },
    {
        "type": "message",
        "text": "^^",
        "user": "U5M5PLH9S",
        "ts": "1496613799.199744",
        "team": "T5M5PLH8U",
        "user_team": "T5M5PLH8U",
        "source_team": "T5M5PLH8U",
        "user_profile": {
            "avatar_hash": "e4fb6ae9f526",
            "image_72": "https:\/\/avatars.slack-edge.com\/2017-06-01\/191144530514_e4fb6ae9f526531fd41c_72.jpg",
            "first_name": "",
            "real_name": "kelu",
            "display_name": "",
            "team": "T5M5PLH8U",
            "name": "kelu",
            "is_restricted": false,
            "is_ultra_restricted": false
        }
    },
    {
        "type": "message",
        "subtype": "bot_add",
        "text": "added an integration to this channel: <https:\/\/usdevkit.slack.com\/services\/B5NH1HUSZ|incoming-webhook>",
        "user": "U5MRX6SSV",
        "bot_id": "B5NH1HUSZ",
        "bot_link": "<https:\/\/usdevkit.slack.com\/services\/B5NH1HUSZ|incoming-webhook>",
        "ts": "1496616142.308445"
    },
    {
        "type": "message",
        "subtype": "bot_add",
        "text": "added an integration to this channel: <https:\/\/usdevkit.slack.com\/services\/B5NFPRRN0|outgoing-webhook>",
        "user": "U5MRX6SSV",
        "bot_id": "B5NFPRRN0",
        "bot_link": "<https:\/\/usdevkit.slack.com\/services\/B5NFPRRN0|outgoing-webhook>",
        "ts": "1496616229.312486"
    },
    {
        "type": "message",
        "subtype": "bot_message",
        "text": "Testing random Matrix-&gt;Slack integration",
        "ts": "1496616271.314304",
        "username": "bilge_emulsion",
        "icons": {
            "image_48": "https:\/\/s3-us-west-2.amazonaws.com\/slack-files2\/bot_icons\/2017-06-04\/192576811829_48.png"
        },
        "bot_id": "B5NH1HUSZ"
    },
    {
        "type": "message",
        "text": "Successful. Testing Slack-&gt;Matrix integration.",
        "user": "U5MRX6SSV",
        "ts": "1496616281.314743",
        "team": "T5M5PLH8U",
        "user_team": "T5M5PLH8U",
        "source_team": "T5M5PLH8U",
        "user_profile": {
            "avatar_hash": "ged873897e97",
            "image_72": "https:\/\/secure.gravatar.com\/avatar\/4ed873897e9738819e45bbc9b1cb71c5.jpg?s=72&d=https%3A%2F%2Fa.slack-edge.com%2Fdf10d%2Fimg%2Favatars%2Fava_0009-72.png",
            "first_name": "First",
            "real_name": "First Last",
            "display_name": "fl.throwaway.3.141592",
            "team": "T5M5PLH8U",
            "name": "fl.throwaway.3.141592",
            "is_restricted": false,
            "is_ultra_restricted": false
        }
    },
    {
        "type": "message",
        "subtype": "bot_message",
        "text": "Successful.",
        "ts": "1496616290.315173",
        "username": "bilge_emulsion",
        "icons": {
            "image_48": "https:\/\/s3-us-west-2.amazonaws.com\/slack-files2\/bot_icons\/2017-06-04\/192576811829_48.png"
        },
        "bot_id": "B5NH1HUSZ",
        "reactions": [
            {
                "name": "+1",
                "users": [
                    "U5M5PLH9S"
                ],
                "count": 1
            }
        ]
    }
]