[
    {
        "type": "message",
        "text": "To think of for next pcb xD",
        "files": [
            {
                "id": "FCKFDCW5A",
                "created": 1535877553,
                "timestamp": 1535877553,
                "name": "IMG_20180902_103845.jpg",
                "title": "IMG_20180902_103845.jpg",
                "mimetype": "image\/jpeg",
                "filetype": "jpg",
                "pretty_type": "JPEG",
                "user": "U5M5PLH9S",
                "editable": false,
                "size": 35032,
                "mode": "hosted",
                "is_external": false,
                "external_type": "",
                "is_public": true,
                "public_url_shared": false,
                "display_as_bot": false,
                "username": "",
                "url_private": "https:\/\/files.slack.com\/files-pri\/T5M5PLH8U-FCKFDCW5A\/img_20180902_103845.jpg?t=xoxe-191193697300-964750812979-978081040215-70140a522cd1d53d5dacb8121ac10305",
                "url_private_download": "https:\/\/files.slack.com\/files-pri\/T5M5PLH8U-FCKFDCW5A\/download\/img_20180902_103845.jpg?t=xoxe-191193697300-964750812979-978081040215-70140a522cd1d53d5dacb8121ac10305",
                "thumb_64": "https:\/\/files.slack.com\/files-tmb\/T5M5PLH8U-FCKFDCW5A-313ed34694\/img_20180902_103845_64.jpg?t=xoxe-191193697300-964750812979-978081040215-70140a522cd1d53d5dacb8121ac10305",
                "thumb_80": "https:\/\/files.slack.com\/files-tmb\/T5M5PLH8U-FCKFDCW5A-313ed34694\/img_20180902_103845_80.jpg?t=xoxe-191193697300-964750812979-978081040215-70140a522cd1d53d5dacb8121ac10305",
                "thumb_360": "https:\/\/files.slack.com\/files-tmb\/T5M5PLH8U-FCKFDCW5A-313ed34694\/img_20180902_103845_360.jpg?t=xoxe-191193697300-964750812979-978081040215-70140a522cd1d53d5dacb8121ac10305",
                "thumb_360_w": 360,
                "thumb_360_h": 360,
                "thumb_160": "https:\/\/files.slack.com\/files-tmb\/T5M5PLH8U-FCKFDCW5A-313ed34694\/img_20180902_103845_160.jpg?t=xoxe-191193697300-964750812979-978081040215-70140a522cd1d53d5dacb8121ac10305",
                "image_exif_rotation": 1,
                "original_w": 375,
                "original_h": 375,
                "permalink": "https:\/\/usdevkit.slack.com\/files\/U5M5PLH9S\/FCKFDCW5A\/img_20180902_103845.jpg",
                "permalink_public": "https:\/\/slack-files.com\/T5M5PLH8U-FCKFDCW5A-6899e7b945",
                "is_starred": false,
                "has_rich_preview": false
            }
        ],
        "upload": true,
        "user": "U5M5PLH9S",
        "display_as_bot": false,
        "ts": "1535877555.000100",
        "client_msg_id": "0bcc0434-e89f-4937-9415-4eb7e31cba84"
    }
]