[
    {
        "type": "message",
        "subtype": "channel_join",
        "ts": "1525134488.000202",
        "user": "UAG9C1MRT",
        "text": "<@UAG9C1MRT> has joined the channel"
    },
    {
        "type": "message",
        "subtype": "channel_join",
        "ts": "1525135480.000229",
        "user": "UAFU6721J",
        "text": "<@UAFU6721J> has joined the channel"
    },
    {
        "type": "message",
        "subtype": "channel_join",
        "ts": "1525138979.000114",
        "user": "UAFKAHWKB",
        "text": "<@UAFKAHWKB> has joined the channel"
    },
    {
        "type": "message",
        "subtype": "channel_join",
        "ts": "1525153231.000017",
        "user": "UAG0PDXPW",
        "text": "<@UAG0PDXPW> has joined the channel"
    }
]