[
    {
        "client_msg_id": "dab2c9db-3173-44c8-be6a-a6861583462f",
        "type": "message",
        "text": "very cool filter design software in python! <https:\/\/github.com\/chipmuenk\/pyFDA>",
        "user": "U8Z3VB1T2",
        "ts": "1559185139.000400",
        "team": "T5M5PLH8U",
        "user_team": "T5M5PLH8U",
        "source_team": "T5M5PLH8U",
        "user_profile": {
            "avatar_hash": "g49ad52d7df8",
            "image_72": "https:\/\/secure.gravatar.com\/avatar\/449ad52d7df89ecbe8ebe0fd87d3f63f.jpg?s=72&d=https%3A%2F%2Fa.slack-edge.com%2Fdf10d%2Fimg%2Favatars%2Fava_0026-72.png",
            "first_name": "",
            "real_name": "William Meng",
            "display_name": "",
            "team": "T5M5PLH8U",
            "name": "wlmeng11",
            "is_restricted": false,
            "is_ultra_restricted": false
        },
        "reactions": [
            {
                "name": "nerd_face",
                "users": [
                    "U5M5PLH9S",
                    "U6F8B1V88"
                ],
                "count": 2
            }
        ]
    }
]