[
    {
        "client_msg_id": "c79b2ff5-ee90-4b9f-b609-12815ffd114f",
        "type": "message",
        "text": "Hehe that's brilliant.",
        "user": "U5M5PLH9S",
        "ts": "1564931329.000100",
        "team": "T5M5PLH8U",
        "user_team": "T5M5PLH8U",
        "source_team": "T5M5PLH8U",
        "user_profile": {
            "avatar_hash": "e4fb6ae9f526",
            "image_72": "https:\/\/avatars.slack-edge.com\/2017-06-01\/191144530514_e4fb6ae9f526531fd41c_72.jpg",
            "first_name": "",
            "real_name": "kelu",
            "display_name": "",
            "team": "T5M5PLH8U",
            "name": "kelu",
            "is_restricted": false,
            "is_ultra_restricted": false
        },
        "thread_ts": "1564063550.003000",
        "parent_user_id": "UHP9P5JTE"
    },
    {
        "client_msg_id": "6a9d47be-2a8b-4953-953b-cd508adb65a0",
        "type": "message",
        "text": "There is plenty to do, on for example the \"Compression and Reject\" section, as well as  \"Peak detection and Edge Enhancement\" - <@UFPCMHBA6>, some things for you :stuck_out_tongue:",
        "user": "U5M5PLH9S",
        "ts": "1564931688.000300",
        "team": "T5M5PLH8U",
        "user_team": "T5M5PLH8U",
        "source_team": "T5M5PLH8U",
        "user_profile": {
            "avatar_hash": "e4fb6ae9f526",
            "image_72": "https:\/\/avatars.slack-edge.com\/2017-06-01\/191144530514_e4fb6ae9f526531fd41c_72.jpg",
            "first_name": "",
            "real_name": "kelu",
            "display_name": "",
            "team": "T5M5PLH8U",
            "name": "kelu",
            "is_restricted": false,
            "is_ultra_restricted": false
        },
        "edited": {
            "user": "U5M5PLH9S",
            "ts": "1564931699.000000"
        },
        "thread_ts": "1564063550.003000",
        "parent_user_id": "UHP9P5JTE"
    }
]