[
    {
        "client_msg_id": "392935d5-0dae-47b5-a828-1d444963438f",
        "type": "message",
        "text": "And the details",
        "user": "U5M5PLH9S",
        "ts": "1553165305.009200",
        "team": "T5M5PLH8U",
        "user_team": "T5M5PLH8U",
        "source_team": "T5M5PLH8U",
        "user_profile": {
            "avatar_hash": "e4fb6ae9f526",
            "image_72": "https:\/\/avatars.slack-edge.com\/2017-06-01\/191144530514_e4fb6ae9f526531fd41c_72.jpg",
            "first_name": "",
            "real_name": "kelu",
            "display_name": "",
            "team": "T5M5PLH8U",
            "name": "kelu",
            "is_restricted": false,
            "is_ultra_restricted": false
        },
        "reactions": [
            {
                "name": "open_mouth",
                "users": [
                    "U8Z3VB1T2"
                ],
                "count": 1
            }
        ]
    },
    {
        "client_msg_id": "f8d48c3d-ce01-4a37-b0d8-b557c57d948b",
        "type": "message",
        "text": "<https:\/\/www.theverge.com\/2019\/3\/19\/18263844\/apple-iphone-prototype-m68-original-development-board-red>",
        "user": "U5M5PLH9S",
        "ts": "1553165306.009400",
        "team": "T5M5PLH8U",
        "user_team": "T5M5PLH8U",
        "source_team": "T5M5PLH8U",
        "user_profile": {
            "avatar_hash": "e4fb6ae9f526",
            "image_72": "https:\/\/avatars.slack-edge.com\/2017-06-01\/191144530514_e4fb6ae9f526531fd41c_72.jpg",
            "first_name": "",
            "real_name": "kelu",
            "display_name": "",
            "team": "T5M5PLH8U",
            "name": "kelu",
            "is_restricted": false,
            "is_ultra_restricted": false
        },
        "attachments": [
            {
                "service_name": "The Verge",
                "title": "An exclusive look at an original iPhone prototype",
                "title_link": "https:\/\/www.theverge.com\/2019\/3\/19\/18263844\/apple-iphone-prototype-m68-original-development-board-red",
                "text": "Apple’s red iPhone M68 in all its glory.",
                "fallback": "The Verge: An exclusive look at an original iPhone prototype",
                "image_url": "https:\/\/cdn.vox-cdn.com\/thumbor\/dL0vsPH5Ur24rN3sYpg71x90unY=\/0x185:2040x1253\/fit-in\/1200x630\/cdn.vox-cdn.com\/uploads\/chorus_asset\/file\/15958868\/twarren_190308_3283_2280.jpg",
                "image_width": 478,
                "image_height": 250,
                "ts": 1553000400,
                "from_url": "https:\/\/www.theverge.com\/2019\/3\/19\/18263844\/apple-iphone-prototype-m68-original-development-board-red",
                "image_bytes": 223107,
                "service_icon": "https:\/\/cdn.vox-cdn.com\/uploads\/chorus_asset\/file\/7395359\/ios-icon.0.png",
                "id": 1,
                "original_url": "https:\/\/www.theverge.com\/2019\/3\/19\/18263844\/apple-iphone-prototype-m68-original-development-board-red"
            }
        ]
    }
]