[
    {
        "client_msg_id": "46baa2e1-983e-4689-a32e-65e0a54da7b0",
        "type": "message",
        "text": "I have seen that one more times than I'd like.\nI guess that's why you should put some isolation after the board is finished (specially on high voltages)",
        "user": "U8DP2NWAD",
        "ts": "1554912380.009800",
        "team": "T5M5PLH8U",
        "user_team": "T5M5PLH8U",
        "source_team": "T5M5PLH8U",
        "user_profile": {
            "avatar_hash": "ge8fe12d48f6",
            "image_72": "https:\/\/secure.gravatar.com\/avatar\/be8fe12d48f65fa83f69d7849035f8c3.jpg?s=72&d=https%3A%2F%2Fa.slack-edge.com%2Fdf10d%2Fimg%2Favatars%2Fava_0024-72.png",
            "first_name": "",
            "real_name": "Tomás Glaría",
            "display_name": "tglaria",
            "team": "T5M5PLH8U",
            "name": "tglaria",
            "is_restricted": false,
            "is_ultra_restricted": false
        },
        "reactions": [
            {
                "name": "cry",
                "users": [
                    "U5M5PLH9S"
                ],
                "count": 1
            }
        ]
    },
    {
        "type": "message",
        "text": "Like this esp32 board.. ping <@UFPCMHBA6>  ^^",
        "files": [
            {
                "id": "FHEMQRNDQ",
                "created": 1554918280,
                "timestamp": 1554918280,
                "name": "IMG_20190410_194404.jpg",
                "title": "IMG_20190410_194404.jpg",
                "mimetype": "image\/jpeg",
                "filetype": "jpg",
                "pretty_type": "JPEG",
                "user": "U5M5PLH9S",
                "editable": false,
                "size": 280706,
                "mode": "hosted",
                "is_external": false,
                "external_type": "",
                "is_public": true,
                "public_url_shared": false,
                "display_as_bot": false,
                "username": "",
                "url_private": "https:\/\/files.slack.com\/files-pri\/T5M5PLH8U-FHEMQRNDQ\/img_20190410_194404.jpg?t=xoxe-191193697300-964750812979-978081040215-70140a522cd1d53d5dacb8121ac10305",
                "url_private_download": "https:\/\/files.slack.com\/files-pri\/T5M5PLH8U-FHEMQRNDQ\/download\/img_20190410_194404.jpg?t=xoxe-191193697300-964750812979-978081040215-70140a522cd1d53d5dacb8121ac10305",
                "thumb_64": "https:\/\/files.slack.com\/files-tmb\/T5M5PLH8U-FHEMQRNDQ-3da9452769\/img_20190410_194404_64.jpg?t=xoxe-191193697300-964750812979-978081040215-70140a522cd1d53d5dacb8121ac10305",
                "thumb_80": "https:\/\/files.slack.com\/files-tmb\/T5M5PLH8U-FHEMQRNDQ-3da9452769\/img_20190410_194404_80.jpg?t=xoxe-191193697300-964750812979-978081040215-70140a522cd1d53d5dacb8121ac10305",
                "thumb_360": "https:\/\/files.slack.com\/files-tmb\/T5M5PLH8U-FHEMQRNDQ-3da9452769\/img_20190410_194404_360.jpg?t=xoxe-191193697300-964750812979-978081040215-70140a522cd1d53d5dacb8121ac10305",
                "thumb_360_w": 360,
                "thumb_360_h": 270,
                "thumb_480": "https:\/\/files.slack.com\/files-tmb\/T5M5PLH8U-FHEMQRNDQ-3da9452769\/img_20190410_194404_480.jpg?t=xoxe-191193697300-964750812979-978081040215-70140a522cd1d53d5dacb8121ac10305",
                "thumb_480_w": 480,
                "thumb_480_h": 360,
                "thumb_160": "https:\/\/files.slack.com\/files-tmb\/T5M5PLH8U-FHEMQRNDQ-3da9452769\/img_20190410_194404_160.jpg?t=xoxe-191193697300-964750812979-978081040215-70140a522cd1d53d5dacb8121ac10305",
                "thumb_720": "https:\/\/files.slack.com\/files-tmb\/T5M5PLH8U-FHEMQRNDQ-3da9452769\/img_20190410_194404_720.jpg?t=xoxe-191193697300-964750812979-978081040215-70140a522cd1d53d5dacb8121ac10305",
                "thumb_720_w": 720,
                "thumb_720_h": 540,
                "thumb_800": "https:\/\/files.slack.com\/files-tmb\/T5M5PLH8U-FHEMQRNDQ-3da9452769\/img_20190410_194404_800.jpg?t=xoxe-191193697300-964750812979-978081040215-70140a522cd1d53d5dacb8121ac10305",
                "thumb_800_w": 800,
                "thumb_800_h": 600,
                "thumb_960": "https:\/\/files.slack.com\/files-tmb\/T5M5PLH8U-FHEMQRNDQ-3da9452769\/img_20190410_194404_960.jpg?t=xoxe-191193697300-964750812979-978081040215-70140a522cd1d53d5dacb8121ac10305",
                "thumb_960_w": 960,
                "thumb_960_h": 720,
                "thumb_1024": "https:\/\/files.slack.com\/files-tmb\/T5M5PLH8U-FHEMQRNDQ-3da9452769\/img_20190410_194404_1024.jpg?t=xoxe-191193697300-964750812979-978081040215-70140a522cd1d53d5dacb8121ac10305",
                "thumb_1024_w": 1024,
                "thumb_1024_h": 768,
                "image_exif_rotation": 1,
                "original_w": 3264,
                "original_h": 2448,
                "permalink": "https:\/\/usdevkit.slack.com\/files\/U5M5PLH9S\/FHEMQRNDQ\/img_20190410_194404.jpg",
                "permalink_public": "https:\/\/slack-files.com\/T5M5PLH8U-FHEMQRNDQ-56d61f8efd",
                "is_starred": false,
                "has_rich_preview": false
            }
        ],
        "upload": true,
        "user": "U5M5PLH9S",
        "display_as_bot": false,
        "ts": "1554918280.010500",
        "client_msg_id": "773f6fee-56b1-4f34-b4b7-19350581f4b5"
    }
]