[
    {
        "type": "message",
        "subtype": "thread_broadcast",
        "text": "is this even a possibility :S?",
        "user": "UMSBWHMND",
        "ts": "1580381758.001100",
        "thread_ts": "1578257502.002500",
        "root": {
            "client_msg_id": "1e46b0c1-08d9-43c1-ba9e-8b141d7287f3",
            "type": "message",
            "text": "A great chip : <https:\/\/www.onio.com\/technology.html> - looking forward to playing with one.",
            "user": "U5M5PLH9S",
            "ts": "1578257502.002500",
            "team": "T5M5PLH8U",
            "edited": {
                "user": "U5M5PLH9S",
                "ts": "1578257511.000000"
            },
            "blocks": [
                {
                    "type": "rich_text",
                    "block_id": "XgRH",
                    "elements": [
                        {
                            "type": "rich_text_section",
                            "elements": [
                                {
                                    "type": "text",
                                    "text": "A great chip : "
                                },
                                {
                                    "type": "link",
                                    "url": "https:\/\/www.onio.com\/technology.html"
                                },
                                {
                                    "type": "text",
                                    "text": " - looking forward to playing with one."
                                }
                            ]
                        }
                    ]
                }
            ],
            "thread_ts": "1578257502.002500",
            "reply_count": 2,
            "reply_users_count": 2,
            "latest_reply": "1580395931.001600",
            "reply_users": [
                "UMSBWHMND",
                "U8Z3VB1T2"
            ],
            "replies": [
                {
                    "user": "UMSBWHMND",
                    "ts": "1580381758.001100"
                },
                {
                    "user": "U8Z3VB1T2",
                    "ts": "1580395931.001600"
                }
            ],
            "subscribed": true,
            "last_read": "1580395931.001600"
        },
        "blocks": [
            {
                "type": "rich_text",
                "block_id": "B+L",
                "elements": [
                    {
                        "type": "rich_text_section",
                        "elements": [
                            {
                                "type": "text",
                                "text": "is this even a possibility :S?"
                            }
                        ]
                    }
                ]
            }
        ],
        "client_msg_id": "431f60cc-e9a6-40ed-9afa-c459c9290867"
    },
    {
        "client_msg_id": "ba3fb3b8-520d-4721-bc47-7c3408dc6f97",
        "type": "message",
        "text": ":smiley:",
        "user": "U5M5PLH9S",
        "ts": "1580382110.001500",
        "team": "T5M5PLH8U",
        "user_team": "T5M5PLH8U",
        "source_team": "T5M5PLH8U",
        "user_profile": {
            "avatar_hash": "e4fb6ae9f526",
            "image_72": "https:\/\/avatars.slack-edge.com\/2017-06-01\/191144530514_e4fb6ae9f526531fd41c_72.jpg",
            "first_name": "",
            "real_name": "kelu",
            "display_name": "",
            "team": "T5M5PLH8U",
            "name": "kelu",
            "is_restricted": false,
            "is_ultra_restricted": false
        },
        "blocks": [
            {
                "type": "rich_text",
                "block_id": "SoI",
                "elements": [
                    {
                        "type": "rich_text_section",
                        "elements": [
                            {
                                "type": "emoji",
                                "name": "smiley"
                            }
                        ]
                    }
                ]
            }
        ]
    },
    {
        "type": "message",
        "subtype": "thread_broadcast",
        "text": "Energy harvesting from RF has been around for a long time, although communication without a crystal is pretty new, for example: <https:\/\/arxiv.org\/pdf\/1805.08284.pdf>",
        "user": "U8Z3VB1T2",
        "ts": "1580395931.001600",
        "thread_ts": "1578257502.002500",
        "root": {
            "client_msg_id": "1e46b0c1-08d9-43c1-ba9e-8b141d7287f3",
            "type": "message",
            "text": "A great chip : <https:\/\/www.onio.com\/technology.html> - looking forward to playing with one.",
            "user": "U5M5PLH9S",
            "ts": "1578257502.002500",
            "team": "T5M5PLH8U",
            "edited": {
                "user": "U5M5PLH9S",
                "ts": "1578257511.000000"
            },
            "blocks": [
                {
                    "type": "rich_text",
                    "block_id": "XgRH",
                    "elements": [
                        {
                            "type": "rich_text_section",
                            "elements": [
                                {
                                    "type": "text",
                                    "text": "A great chip : "
                                },
                                {
                                    "type": "link",
                                    "url": "https:\/\/www.onio.com\/technology.html"
                                },
                                {
                                    "type": "text",
                                    "text": " - looking forward to playing with one."
                                }
                            ]
                        }
                    ]
                }
            ],
            "thread_ts": "1578257502.002500",
            "reply_count": 2,
            "reply_users_count": 2,
            "latest_reply": "1580395931.001600",
            "reply_users": [
                "UMSBWHMND",
                "U8Z3VB1T2"
            ],
            "replies": [
                {
                    "user": "UMSBWHMND",
                    "ts": "1580381758.001100"
                },
                {
                    "user": "U8Z3VB1T2",
                    "ts": "1580395931.001600"
                }
            ],
            "subscribed": true,
            "last_read": "1580395931.001600"
        },
        "blocks": [
            {
                "type": "rich_text",
                "block_id": "V3A6q",
                "elements": [
                    {
                        "type": "rich_text_section",
                        "elements": [
                            {
                                "type": "text",
                                "text": "Energy harvesting from RF has been around for a long time, although communication without a crystal is pretty new, for example: "
                            },
                            {
                                "type": "link",
                                "url": "https:\/\/arxiv.org\/pdf\/1805.08284.pdf"
                            }
                        ]
                    }
                ]
            }
        ],
        "client_msg_id": "4bed1d52-2284-4b21-9d23-43f5535987fd"
    }
]