[
    {
        "client_msg_id": "0c3df6a6-cc31-4227-94dd-a64632be1c61",
        "type": "message",
        "text": "\"Tarek Loubani @Dr. Clint LeClair : Our legal strategy is pretty simple: We take expired patents and use them to create the device. The closer we can stay within the patent, the easier we can defend against some stupid lawsuit\" -- love the approach mentioned on today's hackaday chat =)",
        "user": "U5M5PLH9S",
        "ts": "1580338553.001000",
        "team": "T5M5PLH8U",
        "user_team": "T5M5PLH8U",
        "source_team": "T5M5PLH8U",
        "user_profile": {
            "avatar_hash": "e4fb6ae9f526",
            "image_72": "https:\/\/avatars.slack-edge.com\/2017-06-01\/191144530514_e4fb6ae9f526531fd41c_72.jpg",
            "first_name": "",
            "real_name": "kelu",
            "display_name": "",
            "team": "T5M5PLH8U",
            "name": "kelu",
            "is_restricted": false,
            "is_ultra_restricted": false
        },
        "blocks": [
            {
                "type": "rich_text",
                "block_id": "B25c",
                "elements": [
                    {
                        "type": "rich_text_section",
                        "elements": [
                            {
                                "type": "text",
                                "text": "\"Tarek Loubani @Dr. Clint LeClair : Our legal strategy is pretty simple: We take expired patents and use them to create the device. The closer we can stay within the patent, the easier we can defend against some stupid lawsuit\" -- love the approach mentioned on today's hackaday chat =)"
                            }
                        ]
                    }
                ]
            }
        ]
    }
]