[
    {
        "client_msg_id": "af780765-0a21-46f3-ab43-91d409fa8250",
        "type": "message",
        "text": "Heya <@U019B6Q6YD9>, how's your project? :wink:",
        "user": "U5M5PLH9S",
        "ts": "1602080451.000300",
        "team": "T5M5PLH8U",
        "user_team": "T5M5PLH8U",
        "source_team": "T5M5PLH8U",
        "user_profile": {
            "avatar_hash": "e4fb6ae9f526",
            "image_72": "https:\/\/avatars.slack-edge.com\/2017-06-01\/191144530514_e4fb6ae9f526531fd41c_72.jpg",
            "first_name": "",
            "real_name": "kelu",
            "display_name": "",
            "team": "T5M5PLH8U",
            "name": "kelu",
            "is_restricted": false,
            "is_ultra_restricted": false
        },
        "blocks": [
            {
                "type": "rich_text",
                "block_id": "IEy",
                "elements": [
                    {
                        "type": "rich_text_section",
                        "elements": [
                            {
                                "type": "text",
                                "text": "Heya "
                            },
                            {
                                "type": "user",
                                "user_id": "U019B6Q6YD9"
                            },
                            {
                                "type": "text",
                                "text": ", how's your project? "
                            },
                            {
                                "type": "emoji",
                                "name": "wink"
                            }
                        ]
                    }
                ]
            }
        ]
    }
]