[
    {
        "client_msg_id": "fabcc1b0-c745-4747-b37c-6fbe36222179",
        "type": "message",
        "text": "Hi Tuomas!",
        "user": "UFCS7CKPD",
        "ts": "1598432914.000300",
        "team": "T5M5PLH8U",
        "user_team": "T5M5PLH8U",
        "source_team": "T5M5PLH8U",
        "user_profile": {
            "avatar_hash": "g1e384a0d103",
            "image_72": "https:\/\/secure.gravatar.com\/avatar\/b1e384a0d10360cda1cbae6e2b35ef69.jpg?s=72&d=https%3A%2F%2Fa.slack-edge.com%2Fdf10d%2Fimg%2Favatars%2Fava_0007-72.png",
            "first_name": "",
            "real_name": "Jorge Arija",
            "display_name": "",
            "team": "T5M5PLH8U",
            "name": "jarija",
            "is_restricted": false,
            "is_ultra_restricted": false
        },
        "blocks": [
            {
                "type": "rich_text",
                "block_id": "tO57B",
                "elements": [
                    {
                        "type": "rich_text_section",
                        "elements": [
                            {
                                "type": "text",
                                "text": "Hi Tuomas!"
                            }
                        ]
                    }
                ]
            }
        ]
    },
    {
        "client_msg_id": "b5a6b978-b6d4-4ce5-8524-e0e6e73b9068",
        "type": "message",
        "text": "How many samples you need to capture?",
        "user": "UFCS7CKPD",
        "ts": "1598432933.000600",
        "team": "T5M5PLH8U",
        "user_team": "T5M5PLH8U",
        "source_team": "T5M5PLH8U",
        "user_profile": {
            "avatar_hash": "g1e384a0d103",
            "image_72": "https:\/\/secure.gravatar.com\/avatar\/b1e384a0d10360cda1cbae6e2b35ef69.jpg?s=72&d=https%3A%2F%2Fa.slack-edge.com%2Fdf10d%2Fimg%2Favatars%2Fava_0007-72.png",
            "first_name": "",
            "real_name": "Jorge Arija",
            "display_name": "",
            "team": "T5M5PLH8U",
            "name": "jarija",
            "is_restricted": false,
            "is_ultra_restricted": false
        },
        "blocks": [
            {
                "type": "rich_text",
                "block_id": "Fnw",
                "elements": [
                    {
                        "type": "rich_text_section",
                        "elements": [
                            {
                                "type": "text",
                                "text": "How many samples you need to capture?"
                            }
                        ]
                    }
                ]
            }
        ]
    },
    {
        "client_msg_id": "8cceca37-f44a-4679-a285-f6cd6fb918cc",
        "type": "message",
        "text": "And what's the material of that rotor?",
        "user": "UFCS7CKPD",
        "ts": "1598432955.001000",
        "team": "T5M5PLH8U",
        "user_team": "T5M5PLH8U",
        "source_team": "T5M5PLH8U",
        "user_profile": {
            "avatar_hash": "g1e384a0d103",
            "image_72": "https:\/\/secure.gravatar.com\/avatar\/b1e384a0d10360cda1cbae6e2b35ef69.jpg?s=72&d=https%3A%2F%2Fa.slack-edge.com%2Fdf10d%2Fimg%2Favatars%2Fava_0007-72.png",
            "first_name": "",
            "real_name": "Jorge Arija",
            "display_name": "",
            "team": "T5M5PLH8U",
            "name": "jarija",
            "is_restricted": false,
            "is_ultra_restricted": false
        },
        "blocks": [
            {
                "type": "rich_text",
                "block_id": "F1b5",
                "elements": [
                    {
                        "type": "rich_text_section",
                        "elements": [
                            {
                                "type": "text",
                                "text": "And what's the material of that rotor?"
                            }
                        ]
                    }
                ]
            }
        ]
    }
]