[
    {
        "client_msg_id": "18903bb0-6ee3-49a0-b419-8c8adbd76cd5",
        "type": "message",
        "text": "Yes indeed, those are stored \"straight from the ADC\" immediately in the RAM",
        "user": "U5M5PLH9S",
        "ts": "1598346210.000100",
        "team": "T5M5PLH8U",
        "user_team": "T5M5PLH8U",
        "source_team": "T5M5PLH8U",
        "user_profile": {
            "avatar_hash": "e4fb6ae9f526",
            "image_72": "https:\/\/avatars.slack-edge.com\/2017-06-01\/191144530514_e4fb6ae9f526531fd41c_72.jpg",
            "first_name": "",
            "real_name": "kelu",
            "display_name": "",
            "team": "T5M5PLH8U",
            "name": "kelu",
            "is_restricted": false,
            "is_ultra_restricted": false
        },
        "blocks": [
            {
                "type": "rich_text",
                "block_id": "\/oi",
                "elements": [
                    {
                        "type": "rich_text_section",
                        "elements": [
                            {
                                "type": "text",
                                "text": "Yes indeed, those are stored \"straight from the ADC\" immediately in the RAM"
                            }
                        ]
                    }
                ]
            }
        ],
        "thread_ts": "1598288282.034200",
        "parent_user_id": "U019B6Q6YD9"
    },
    {
        "client_msg_id": "07ddf0d3-854b-4926-a7e0-fd3a2a02d408",
        "type": "message",
        "text": "This is indeed a ballpark figure (16MHz SPI with 2-bytes samples), discarding any overhead, so that works better for large transfers.",
        "user": "U5M5PLH9S",
        "ts": "1598346283.000300",
        "team": "T5M5PLH8U",
        "user_team": "T5M5PLH8U",
        "source_team": "T5M5PLH8U",
        "user_profile": {
            "avatar_hash": "e4fb6ae9f526",
            "image_72": "https:\/\/avatars.slack-edge.com\/2017-06-01\/191144530514_e4fb6ae9f526531fd41c_72.jpg",
            "first_name": "",
            "real_name": "kelu",
            "display_name": "",
            "team": "T5M5PLH8U",
            "name": "kelu",
            "is_restricted": false,
            "is_ultra_restricted": false
        },
        "blocks": [
            {
                "type": "rich_text",
                "block_id": "Hlw1",
                "elements": [
                    {
                        "type": "rich_text_section",
                        "elements": [
                            {
                                "type": "text",
                                "text": "This is indeed a ballpark figure (16MHz SPI with 2-bytes samples), discarding any overhead, so that works better for large transfers."
                            }
                        ]
                    }
                ]
            }
        ],
        "thread_ts": "1598288292.034500",
        "parent_user_id": "U019B6Q6YD9"
    },
    {
        "type": "message",
        "text": "You have here with the envelopes. Ball park figure is 20mm at 5450m\/s is 7.33us.\nThere was a delay line on my sensor, so first echo (from front of steel block) is at ~18us. Second echo then is at 25us, then at 32\/33us. You'd need to calibrate your sensor in that sense that I'm not susre what the echo at 22us is (my guess is sensor related).\nAll in all, the window of acquisition in this case could be between 15us and 35us, with 2 reflections (on the back wall) to measure.",
        "files": [
            {
                "id": "F019M8EGEKW",
                "created": 1598346372,
                "timestamp": 1598346372,
                "name": "image.png",
                "title": "image.png",
                "mimetype": "image\/png",
                "filetype": "png",
                "pretty_type": "PNG",
                "user": "U5M5PLH9S",
                "editable": false,
                "size": 208327,
                "mode": "hosted",
                "is_external": false,
                "external_type": "",
                "is_public": true,
                "public_url_shared": false,
                "display_as_bot": false,
                "username": "",
                "url_private": "https:\/\/files.slack.com\/files-pri\/T5M5PLH8U-F019M8EGEKW\/image.png?t=xoxe-191193697300-1501897281926-1505540481365-290cf54ffdfc380367c1af72479de92b",
                "url_private_download": "https:\/\/files.slack.com\/files-pri\/T5M5PLH8U-F019M8EGEKW\/download\/image.png?t=xoxe-191193697300-1501897281926-1505540481365-290cf54ffdfc380367c1af72479de92b",
                "thumb_64": "https:\/\/files.slack.com\/files-tmb\/T5M5PLH8U-F019M8EGEKW-c90ffb1b6c\/image_64.png?t=xoxe-191193697300-1501897281926-1505540481365-290cf54ffdfc380367c1af72479de92b",
                "thumb_80": "https:\/\/files.slack.com\/files-tmb\/T5M5PLH8U-F019M8EGEKW-c90ffb1b6c\/image_80.png?t=xoxe-191193697300-1501897281926-1505540481365-290cf54ffdfc380367c1af72479de92b",
                "thumb_360": "https:\/\/files.slack.com\/files-tmb\/T5M5PLH8U-F019M8EGEKW-c90ffb1b6c\/image_360.png?t=xoxe-191193697300-1501897281926-1505540481365-290cf54ffdfc380367c1af72479de92b",
                "thumb_360_w": 360,
                "thumb_360_h": 168,
                "thumb_480": "https:\/\/files.slack.com\/files-tmb\/T5M5PLH8U-F019M8EGEKW-c90ffb1b6c\/image_480.png?t=xoxe-191193697300-1501897281926-1505540481365-290cf54ffdfc380367c1af72479de92b",
                "thumb_480_w": 480,
                "thumb_480_h": 224,
                "thumb_160": "https:\/\/files.slack.com\/files-tmb\/T5M5PLH8U-F019M8EGEKW-c90ffb1b6c\/image_160.png?t=xoxe-191193697300-1501897281926-1505540481365-290cf54ffdfc380367c1af72479de92b",
                "thumb_720": "https:\/\/files.slack.com\/files-tmb\/T5M5PLH8U-F019M8EGEKW-c90ffb1b6c\/image_720.png?t=xoxe-191193697300-1501897281926-1505540481365-290cf54ffdfc380367c1af72479de92b",
                "thumb_720_w": 720,
                "thumb_720_h": 336,
                "thumb_800": "https:\/\/files.slack.com\/files-tmb\/T5M5PLH8U-F019M8EGEKW-c90ffb1b6c\/image_800.png?t=xoxe-191193697300-1501897281926-1505540481365-290cf54ffdfc380367c1af72479de92b",
                "thumb_800_w": 800,
                "thumb_800_h": 373,
                "thumb_960": "https:\/\/files.slack.com\/files-tmb\/T5M5PLH8U-F019M8EGEKW-c90ffb1b6c\/image_960.png?t=xoxe-191193697300-1501897281926-1505540481365-290cf54ffdfc380367c1af72479de92b",
                "thumb_960_w": 960,
                "thumb_960_h": 448,
                "thumb_1024": "https:\/\/files.slack.com\/files-tmb\/T5M5PLH8U-F019M8EGEKW-c90ffb1b6c\/image_1024.png?t=xoxe-191193697300-1501897281926-1505540481365-290cf54ffdfc380367c1af72479de92b",
                "thumb_1024_w": 1024,
                "thumb_1024_h": 478,
                "original_w": 1080,
                "original_h": 504,
                "thumb_tiny": "AwAWADDTpOtA6UDhRQAhUnuaAhHelHIpaAEH1pfwoooAOaTBxjilooAbg+1Az2Ip1A6UAJhvUUc+opaKAP\/Z",
                "permalink": "https:\/\/usdevkit.slack.com\/files\/U5M5PLH9S\/F019M8EGEKW\/image.png",
                "permalink_public": "https:\/\/slack-files.com\/T5M5PLH8U-F019M8EGEKW-288d70bdf1",
                "is_starred": false,
                "has_rich_preview": false
            }
        ],
        "upload": false,
        "blocks": [
            {
                "type": "rich_text",
                "block_id": "V+15",
                "elements": [
                    {
                        "type": "rich_text_section",
                        "elements": [
                            {
                                "type": "text",
                                "text": "You have here with the envelopes. Ball park figure is 20mm at 5450m\/s is 7.33us.\nThere was a delay line on my sensor, so first echo (from front of steel block) is at ~18us. Second echo then is at 25us, then at 32\/33us. You'd need to calibrate your sensor in that sense that I'm not susre what the echo at 22us is (my guess is sensor related).\nAll in all, the window of acquisition in this case could be between 15us and 35us, with 2 reflections (on the back wall) to measure."
                            }
                        ]
                    }
                ]
            }
        ],
        "user": "U5M5PLH9S",
        "display_as_bot": false,
        "ts": "1598347012.003600"
    },
    {
        "client_msg_id": "a64a0439-02b4-4d49-b4dd-bf7b62285548",
        "type": "message",
        "text": "There may be some things about the different types of waves one sees in steel NDT, but again, I'm no expert in NDT.",
        "user": "U5M5PLH9S",
        "ts": "1598347058.004300",
        "team": "T5M5PLH8U",
        "user_team": "T5M5PLH8U",
        "source_team": "T5M5PLH8U",
        "user_profile": {
            "avatar_hash": "e4fb6ae9f526",
            "image_72": "https:\/\/avatars.slack-edge.com\/2017-06-01\/191144530514_e4fb6ae9f526531fd41c_72.jpg",
            "first_name": "",
            "real_name": "kelu",
            "display_name": "",
            "team": "T5M5PLH8U",
            "name": "kelu",
            "is_restricted": false,
            "is_ultra_restricted": false
        },
        "blocks": [
            {
                "type": "rich_text",
                "block_id": "gQw",
                "elements": [
                    {
                        "type": "rich_text_section",
                        "elements": [
                            {
                                "type": "text",
                                "text": "There may be some things about the different types of waves one sees in steel NDT, but again, I'm no expert in NDT."
                            }
                        ]
                    }
                ]
            }
        ]
    },
    {
        "type": "message",
        "text": "Moreover, we have a double peak phenomenon on the raw FFT of these acquisitions, and that's still a question that is to be answered by NDT professionals (and not open hardware hobbyists :stuck_out_tongue: ). Maybe you will be able to contribute there !",
        "files": [
            {
                "id": "F0198BP0XQE",
                "created": 1598347135,
                "timestamp": 1598347135,
                "name": "image.png",
                "title": "image.png",
                "mimetype": "image\/png",
                "filetype": "png",
                "pretty_type": "PNG",
                "user": "U5M5PLH9S",
                "editable": false,
                "size": 98547,
                "mode": "hosted",
                "is_external": false,
                "external_type": "",
                "is_public": true,
                "public_url_shared": false,
                "display_as_bot": false,
                "username": "",
                "url_private": "https:\/\/files.slack.com\/files-pri\/T5M5PLH8U-F0198BP0XQE\/image.png?t=xoxe-191193697300-1501897281926-1505540481365-290cf54ffdfc380367c1af72479de92b",
                "url_private_download": "https:\/\/files.slack.com\/files-pri\/T5M5PLH8U-F0198BP0XQE\/download\/image.png?t=xoxe-191193697300-1501897281926-1505540481365-290cf54ffdfc380367c1af72479de92b",
                "thumb_64": "https:\/\/files.slack.com\/files-tmb\/T5M5PLH8U-F0198BP0XQE-231603f01a\/image_64.png?t=xoxe-191193697300-1501897281926-1505540481365-290cf54ffdfc380367c1af72479de92b",
                "thumb_80": "https:\/\/files.slack.com\/files-tmb\/T5M5PLH8U-F0198BP0XQE-231603f01a\/image_80.png?t=xoxe-191193697300-1501897281926-1505540481365-290cf54ffdfc380367c1af72479de92b",
                "thumb_360": "https:\/\/files.slack.com\/files-tmb\/T5M5PLH8U-F0198BP0XQE-231603f01a\/image_360.png?t=xoxe-191193697300-1501897281926-1505540481365-290cf54ffdfc380367c1af72479de92b",
                "thumb_360_w": 360,
                "thumb_360_h": 120,
                "thumb_480": "https:\/\/files.slack.com\/files-tmb\/T5M5PLH8U-F0198BP0XQE-231603f01a\/image_480.png?t=xoxe-191193697300-1501897281926-1505540481365-290cf54ffdfc380367c1af72479de92b",
                "thumb_480_w": 480,
                "thumb_480_h": 160,
                "thumb_160": "https:\/\/files.slack.com\/files-tmb\/T5M5PLH8U-F0198BP0XQE-231603f01a\/image_160.png?t=xoxe-191193697300-1501897281926-1505540481365-290cf54ffdfc380367c1af72479de92b",
                "thumb_720": "https:\/\/files.slack.com\/files-tmb\/T5M5PLH8U-F0198BP0XQE-231603f01a\/image_720.png?t=xoxe-191193697300-1501897281926-1505540481365-290cf54ffdfc380367c1af72479de92b",
                "thumb_720_w": 720,
                "thumb_720_h": 240,
                "thumb_800": "https:\/\/files.slack.com\/files-tmb\/T5M5PLH8U-F0198BP0XQE-231603f01a\/image_800.png?t=xoxe-191193697300-1501897281926-1505540481365-290cf54ffdfc380367c1af72479de92b",
                "thumb_800_w": 800,
                "thumb_800_h": 267,
                "thumb_960": "https:\/\/files.slack.com\/files-tmb\/T5M5PLH8U-F0198BP0XQE-231603f01a\/image_960.png?t=xoxe-191193697300-1501897281926-1505540481365-290cf54ffdfc380367c1af72479de92b",
                "thumb_960_w": 960,
                "thumb_960_h": 320,
                "thumb_1024": "https:\/\/files.slack.com\/files-tmb\/T5M5PLH8U-F0198BP0XQE-231603f01a\/image_1024.png?t=xoxe-191193697300-1501897281926-1505540481365-290cf54ffdfc380367c1af72479de92b",
                "thumb_1024_w": 1024,
                "thumb_1024_h": 341,
                "original_w": 1080,
                "original_h": 360,
                "thumb_tiny": "AwAQADDSFA70jbh90Zpq71YkrkE+vSlfWwEmBRgUmfY0Z9jTAWikz7GjPsaAP\/\/Z",
                "permalink": "https:\/\/usdevkit.slack.com\/files\/U5M5PLH9S\/F0198BP0XQE\/image.png",
                "permalink_public": "https:\/\/slack-files.com\/T5M5PLH8U-F0198BP0XQE-6298dade72",
                "is_starred": false,
                "has_rich_preview": false
            }
        ],
        "upload": false,
        "blocks": [
            {
                "type": "rich_text",
                "block_id": "AM4+",
                "elements": [
                    {
                        "type": "rich_text_section",
                        "elements": [
                            {
                                "type": "text",
                                "text": "Moreover, we have a double peak phenomenon on the raw FFT of these acquisitions, and that's still a question that is to be answered by NDT professionals (and not open hardware hobbyists "
                            },
                            {
                                "type": "emoji",
                                "name": "stuck_out_tongue"
                            },
                            {
                                "type": "text",
                                "text": " ). Maybe you will be able to contribute there !"
                            }
                        ]
                    }
                ]
            }
        ],
        "user": "U5M5PLH9S",
        "display_as_bot": false,
        "ts": "1598347166.005200",
        "edited": {
            "user": "U5M5PLH9S",
            "ts": "1598347185.000000"
        }
    },
    {
        "client_msg_id": "f650b3e6-f031-4b62-b5b7-e9a385c7675c",
        "type": "message",
        "text": "Hi all!",
        "user": "UFCS7CKPD",
        "ts": "1598351101.000200",
        "team": "T5M5PLH8U",
        "user_team": "T5M5PLH8U",
        "source_team": "T5M5PLH8U",
        "user_profile": {
            "avatar_hash": "g1e384a0d103",
            "image_72": "https:\/\/secure.gravatar.com\/avatar\/b1e384a0d10360cda1cbae6e2b35ef69.jpg?s=72&d=https%3A%2F%2Fa.slack-edge.com%2Fdf10d%2Fimg%2Favatars%2Fava_0007-72.png",
            "first_name": "",
            "real_name": "Jorge Arija",
            "display_name": "",
            "team": "T5M5PLH8U",
            "name": "jarija",
            "is_restricted": false,
            "is_ultra_restricted": false
        },
        "blocks": [
            {
                "type": "rich_text",
                "block_id": "BE+k",
                "elements": [
                    {
                        "type": "rich_text_section",
                        "elements": [
                            {
                                "type": "text",
                                "text": "Hi all!"
                            }
                        ]
                    }
                ]
            }
        ]
    },
    {
        "client_msg_id": "b76c6ec0-e5e4-4cc7-8765-47a8c8c7c2e5",
        "type": "message",
        "text": "I'm trying to keep track of your previous convesation but I can't see some of the images.",
        "user": "UFCS7CKPD",
        "ts": "1598351137.000700",
        "team": "T5M5PLH8U",
        "user_team": "T5M5PLH8U",
        "source_team": "T5M5PLH8U",
        "user_profile": {
            "avatar_hash": "g1e384a0d103",
            "image_72": "https:\/\/secure.gravatar.com\/avatar\/b1e384a0d10360cda1cbae6e2b35ef69.jpg?s=72&d=https%3A%2F%2Fa.slack-edge.com%2Fdf10d%2Fimg%2Favatars%2Fava_0007-72.png",
            "first_name": "",
            "real_name": "Jorge Arija",
            "display_name": "",
            "team": "T5M5PLH8U",
            "name": "jarija",
            "is_restricted": false,
            "is_ultra_restricted": false
        },
        "blocks": [
            {
                "type": "rich_text",
                "block_id": "yzM7",
                "elements": [
                    {
                        "type": "rich_text_section",
                        "elements": [
                            {
                                "type": "text",
                                "text": "I'm trying to keep track of your previous convesation but I can't see some of the images."
                            }
                        ]
                    }
                ]
            }
        ]
    },
    {
        "client_msg_id": "c337a435-2ebf-4b5b-bf6d-bd7453d75ee8",
        "type": "message",
        "text": "Give me some time to read all and if I can add something to that convesation :wink:",
        "user": "UFCS7CKPD",
        "ts": "1598351181.001300",
        "team": "T5M5PLH8U",
        "user_team": "T5M5PLH8U",
        "source_team": "T5M5PLH8U",
        "user_profile": {
            "avatar_hash": "g1e384a0d103",
            "image_72": "https:\/\/secure.gravatar.com\/avatar\/b1e384a0d10360cda1cbae6e2b35ef69.jpg?s=72&d=https%3A%2F%2Fa.slack-edge.com%2Fdf10d%2Fimg%2Favatars%2Fava_0007-72.png",
            "first_name": "",
            "real_name": "Jorge Arija",
            "display_name": "",
            "team": "T5M5PLH8U",
            "name": "jarija",
            "is_restricted": false,
            "is_ultra_restricted": false
        },
        "blocks": [
            {
                "type": "rich_text",
                "block_id": "aDR6",
                "elements": [
                    {
                        "type": "rich_text_section",
                        "elements": [
                            {
                                "type": "text",
                                "text": "Give me some time to read all and if I can add something to that convesation "
                            },
                            {
                                "type": "emoji",
                                "name": "wink"
                            }
                        ]
                    }
                ]
            }
        ],
        "thread_ts": "1598351181.001300",
        "reply_count": 1,
        "reply_users_count": 1,
        "latest_reply": "1598351697.001400",
        "reply_users": [
            "U5M5PLH9S"
        ],
        "replies": [
            {
                "user": "U5M5PLH9S",
                "ts": "1598351697.001400"
            }
        ],
        "subscribed": true,
        "last_read": "1598351697.001400",
        "reactions": [
            {
                "name": "100",
                "users": [
                    "U5M5PLH9S"
                ],
                "count": 1
            },
            {
                "name": "pray",
                "users": [
                    "U5M5PLH9S",
                    "U019B6Q6YD9"
                ],
                "count": 2
            }
        ]
    },
    {
        "client_msg_id": "aad87437-6078-4b48-9b38-6fc8dafc67f7",
        "type": "message",
        "text": "Haha brilliant thanks! For info, <@U019B6Q6YD9>,  <@UFCS7CKPD> is \"just\"someone curious about this project (and that means thousands), from particularly a ndt point of view. \nI'll be preparing something about ndt btw for the documentation, on the basis of Tuomas needs.",
        "user": "U5M5PLH9S",
        "ts": "1598351697.001400",
        "team": "T5M5PLH8U",
        "user_team": "T5M5PLH8U",
        "source_team": "T5M5PLH8U",
        "user_profile": {
            "avatar_hash": "e4fb6ae9f526",
            "image_72": "https:\/\/avatars.slack-edge.com\/2017-06-01\/191144530514_e4fb6ae9f526531fd41c_72.jpg",
            "first_name": "",
            "real_name": "kelu",
            "display_name": "",
            "team": "T5M5PLH8U",
            "name": "kelu",
            "is_restricted": false,
            "is_ultra_restricted": false
        },
        "blocks": [
            {
                "type": "rich_text",
                "block_id": "YN5",
                "elements": [
                    {
                        "type": "rich_text_section",
                        "elements": [
                            {
                                "type": "text",
                                "text": "Haha brilliant thanks! For info, "
                            },
                            {
                                "type": "user",
                                "user_id": "U019B6Q6YD9"
                            },
                            {
                                "type": "text",
                                "text": ",  "
                            },
                            {
                                "type": "user",
                                "user_id": "UFCS7CKPD"
                            },
                            {
                                "type": "text",
                                "text": " is \"just\"someone curious about this project (and that means thousands), from particularly a ndt point of view. \nI'll be preparing something about ndt btw for the documentation, on the basis of Tuomas needs."
                            }
                        ]
                    }
                ]
            }
        ],
        "thread_ts": "1598351181.001300",
        "parent_user_id": "UFCS7CKPD"
    },
    {
        "client_msg_id": "af54f308-e5c6-4283-8ef5-a69c3419d802",
        "type": "message",
        "text": "Hi, and thanks  for your answers",
        "user": "U019B6Q6YD9",
        "ts": "1598353118.002100",
        "team": "T5M5PLH8U",
        "user_team": "T5M5PLH8U",
        "source_team": "T5M5PLH8U",
        "user_profile": {
            "avatar_hash": "79a2f98003ff",
            "image_72": "https:\/\/avatars.slack-edge.com\/2020-08-22\/1323208606052_79a2f98003ffaebfbd55_72.jpg",
            "first_name": "",
            "real_name": "Tuomas Tiainen",
            "display_name": "Tuomas Tiainen",
            "team": "T5M5PLH8U",
            "name": "tiaintu",
            "is_restricted": false,
            "is_ultra_restricted": false
        },
        "blocks": [
            {
                "type": "rich_text",
                "block_id": "NaQ",
                "elements": [
                    {
                        "type": "rich_text_section",
                        "elements": [
                            {
                                "type": "text",
                                "text": "Hi, and thanks  for your answers"
                            }
                        ]
                    }
                ]
            }
        ]
    },
    {
        "client_msg_id": "584597be-d74f-4ef8-9fed-2253d8b94c13",
        "type": "message",
        "text": "My use case is not maybe so much to do with standard NDT, its more just thickness measurement of large rotors with some specific requirements for the thickness sampling frequency",
        "user": "U019B6Q6YD9",
        "ts": "1598353167.003100",
        "team": "T5M5PLH8U",
        "user_team": "T5M5PLH8U",
        "source_team": "T5M5PLH8U",
        "user_profile": {
            "avatar_hash": "79a2f98003ff",
            "image_72": "https:\/\/avatars.slack-edge.com\/2020-08-22\/1323208606052_79a2f98003ffaebfbd55_72.jpg",
            "first_name": "",
            "real_name": "Tuomas Tiainen",
            "display_name": "Tuomas Tiainen",
            "team": "T5M5PLH8U",
            "name": "tiaintu",
            "is_restricted": false,
            "is_ultra_restricted": false
        },
        "blocks": [
            {
                "type": "rich_text",
                "block_id": "Zoyf5",
                "elements": [
                    {
                        "type": "rich_text_section",
                        "elements": [
                            {
                                "type": "text",
                                "text": "My use case is not maybe so much to do with standard NDT, its more just thickness measurement of large rotors with some specific requirements for the thickness sampling frequency"
                            }
                        ]
                    }
                ]
            }
        ]
    },
    {
        "type": "message",
        "text": "",
        "files": [
            {
                "id": "F019F9UHREW",
                "created": 1598353240,
                "timestamp": 1598353240,
                "name": "image.png",
                "title": "image.png",
                "mimetype": "image\/png",
                "filetype": "png",
                "pretty_type": "PNG",
                "user": "U019B6Q6YD9",
                "editable": false,
                "size": 2087616,
                "mode": "hosted",
                "is_external": false,
                "external_type": "",
                "is_public": true,
                "public_url_shared": false,
                "display_as_bot": false,
                "username": "",
                "url_private": "https:\/\/files.slack.com\/files-pri\/T5M5PLH8U-F019F9UHREW\/image.png?t=xoxe-191193697300-1501897281926-1505540481365-290cf54ffdfc380367c1af72479de92b",
                "url_private_download": "https:\/\/files.slack.com\/files-pri\/T5M5PLH8U-F019F9UHREW\/download\/image.png?t=xoxe-191193697300-1501897281926-1505540481365-290cf54ffdfc380367c1af72479de92b",
                "thumb_64": "https:\/\/files.slack.com\/files-tmb\/T5M5PLH8U-F019F9UHREW-fca4524efd\/image_64.png?t=xoxe-191193697300-1501897281926-1505540481365-290cf54ffdfc380367c1af72479de92b",
                "thumb_80": "https:\/\/files.slack.com\/files-tmb\/T5M5PLH8U-F019F9UHREW-fca4524efd\/image_80.png?t=xoxe-191193697300-1501897281926-1505540481365-290cf54ffdfc380367c1af72479de92b",
                "thumb_360": "https:\/\/files.slack.com\/files-tmb\/T5M5PLH8U-F019F9UHREW-fca4524efd\/image_360.png?t=xoxe-191193697300-1501897281926-1505540481365-290cf54ffdfc380367c1af72479de92b",
                "thumb_360_w": 360,
                "thumb_360_h": 165,
                "thumb_480": "https:\/\/files.slack.com\/files-tmb\/T5M5PLH8U-F019F9UHREW-fca4524efd\/image_480.png?t=xoxe-191193697300-1501897281926-1505540481365-290cf54ffdfc380367c1af72479de92b",
                "thumb_480_w": 480,
                "thumb_480_h": 220,
                "thumb_160": "https:\/\/files.slack.com\/files-tmb\/T5M5PLH8U-F019F9UHREW-fca4524efd\/image_160.png?t=xoxe-191193697300-1501897281926-1505540481365-290cf54ffdfc380367c1af72479de92b",
                "thumb_720": "https:\/\/files.slack.com\/files-tmb\/T5M5PLH8U-F019F9UHREW-fca4524efd\/image_720.png?t=xoxe-191193697300-1501897281926-1505540481365-290cf54ffdfc380367c1af72479de92b",
                "thumb_720_w": 720,
                "thumb_720_h": 330,
                "thumb_800": "https:\/\/files.slack.com\/files-tmb\/T5M5PLH8U-F019F9UHREW-fca4524efd\/image_800.png?t=xoxe-191193697300-1501897281926-1505540481365-290cf54ffdfc380367c1af72479de92b",
                "thumb_800_w": 800,
                "thumb_800_h": 366,
                "thumb_960": "https:\/\/files.slack.com\/files-tmb\/T5M5PLH8U-F019F9UHREW-fca4524efd\/image_960.png?t=xoxe-191193697300-1501897281926-1505540481365-290cf54ffdfc380367c1af72479de92b",
                "thumb_960_w": 960,
                "thumb_960_h": 440,
                "thumb_1024": "https:\/\/files.slack.com\/files-tmb\/T5M5PLH8U-F019F9UHREW-fca4524efd\/image_1024.png?t=xoxe-191193697300-1501897281926-1505540481365-290cf54ffdfc380367c1af72479de92b",
                "thumb_1024_w": 1024,
                "thumb_1024_h": 469,
                "original_w": 1590,
                "original_h": 728,
                "thumb_tiny": "AwAVADCByz43OcDr9KY3leWzL94EYwKjLE+4pM\/IwPWkgL8aoyq5frzgU4pGXDBsYOapW5AbJIx2qfYkrgq7LnJIosO5YAAXCvg+uM0xog\/35SfwFReTJyA2Bnj1pHSZcYcHJpWC5CijJFSLCncZpiffNTrQQQFVD5Axj0qQgxNuByfemH7x+tPn6H6UxliKTzoi2MEVFJLtCnb0anWf\/Hu1QzfcH+9QNn\/\/2Q==",
                "permalink": "https:\/\/usdevkit.slack.com\/files\/U019B6Q6YD9\/F019F9UHREW\/image.png",
                "permalink_public": "https:\/\/slack-files.com\/T5M5PLH8U-F019F9UHREW-c0efa87ea2",
                "is_starred": false,
                "has_rich_preview": false
            }
        ],
        "upload": false,
        "user": "U019B6Q6YD9",
        "display_as_bot": false,
        "ts": "1598353243.003200"
    },
    {
        "client_msg_id": "655ed77b-5a65-43f2-a515-4e95953d4c66",
        "type": "message",
        "text": "This is the roll I will be measuring",
        "user": "U019B6Q6YD9",
        "ts": "1598353248.003700",
        "team": "T5M5PLH8U",
        "user_team": "T5M5PLH8U",
        "source_team": "T5M5PLH8U",
        "user_profile": {
            "avatar_hash": "79a2f98003ff",
            "image_72": "https:\/\/avatars.slack-edge.com\/2020-08-22\/1323208606052_79a2f98003ffaebfbd55_72.jpg",
            "first_name": "",
            "real_name": "Tuomas Tiainen",
            "display_name": "Tuomas Tiainen",
            "team": "T5M5PLH8U",
            "name": "tiaintu",
            "is_restricted": false,
            "is_ultra_restricted": false
        },
        "blocks": [
            {
                "type": "rich_text",
                "block_id": "7nzJO",
                "elements": [
                    {
                        "type": "rich_text_section",
                        "elements": [
                            {
                                "type": "text",
                                "text": "This is the roll I will be measuring"
                            }
                        ]
                    }
                ]
            }
        ]
    },
    {
        "client_msg_id": "15a1f4a3-0d9e-4357-aacd-586f03e89588",
        "type": "message",
        "text": "Wow",
        "user": "U5M5PLH9S",
        "ts": "1598353260.004100",
        "team": "T5M5PLH8U",
        "user_team": "T5M5PLH8U",
        "source_team": "T5M5PLH8U",
        "user_profile": {
            "avatar_hash": "e4fb6ae9f526",
            "image_72": "https:\/\/avatars.slack-edge.com\/2017-06-01\/191144530514_e4fb6ae9f526531fd41c_72.jpg",
            "first_name": "",
            "real_name": "kelu",
            "display_name": "",
            "team": "T5M5PLH8U",
            "name": "kelu",
            "is_restricted": false,
            "is_ultra_restricted": false
        },
        "blocks": [
            {
                "type": "rich_text",
                "block_id": "UTNv",
                "elements": [
                    {
                        "type": "rich_text_section",
                        "elements": [
                            {
                                "type": "text",
                                "text": "Wow"
                            }
                        ]
                    }
                ]
            }
        ]
    },
    {
        "client_msg_id": "534faf5c-88e7-4acb-af88-ad46d32ecae9",
        "type": "message",
        "text": "spiral measurement triggered with a rotary encoder in the end",
        "user": "U019B6Q6YD9",
        "ts": "1598353261.004200",
        "team": "T5M5PLH8U",
        "user_team": "T5M5PLH8U",
        "source_team": "T5M5PLH8U",
        "user_profile": {
            "avatar_hash": "79a2f98003ff",
            "image_72": "https:\/\/avatars.slack-edge.com\/2020-08-22\/1323208606052_79a2f98003ffaebfbd55_72.jpg",
            "first_name": "",
            "real_name": "Tuomas Tiainen",
            "display_name": "Tuomas Tiainen",
            "team": "T5M5PLH8U",
            "name": "tiaintu",
            "is_restricted": false,
            "is_ultra_restricted": false
        },
        "blocks": [
            {
                "type": "rich_text",
                "block_id": "kKW",
                "elements": [
                    {
                        "type": "rich_text_section",
                        "elements": [
                            {
                                "type": "text",
                                "text": "spiral measurement triggered with a rotary encoder in the end"
                            }
                        ]
                    }
                ]
            }
        ]
    },
    {
        "client_msg_id": "b1a420f9-7b96-415d-b64a-06deb1fc4140",
        "type": "message",
        "text": "I see",
        "user": "U5M5PLH9S",
        "ts": "1598353277.004400",
        "team": "T5M5PLH8U",
        "user_team": "T5M5PLH8U",
        "source_team": "T5M5PLH8U",
        "user_profile": {
            "avatar_hash": "e4fb6ae9f526",
            "image_72": "https:\/\/avatars.slack-edge.com\/2017-06-01\/191144530514_e4fb6ae9f526531fd41c_72.jpg",
            "first_name": "",
            "real_name": "kelu",
            "display_name": "",
            "team": "T5M5PLH8U",
            "name": "kelu",
            "is_restricted": false,
            "is_ultra_restricted": false
        },
        "blocks": [
            {
                "type": "rich_text",
                "block_id": "E\/iT",
                "elements": [
                    {
                        "type": "rich_text_section",
                        "elements": [
                            {
                                "type": "text",
                                "text": "I see"
                            }
                        ]
                    }
                ]
            }
        ]
    },
    {
        "client_msg_id": "40a365e4-46c3-4daa-8c91-786cc96a3d4d",
        "type": "message",
        "text": "the thickness here is around 1cm but in industry it can be up to 3 to 4 cm",
        "user": "U019B6Q6YD9",
        "ts": "1598353350.005000",
        "team": "T5M5PLH8U",
        "user_team": "T5M5PLH8U",
        "source_team": "T5M5PLH8U",
        "user_profile": {
            "avatar_hash": "79a2f98003ff",
            "image_72": "https:\/\/avatars.slack-edge.com\/2020-08-22\/1323208606052_79a2f98003ffaebfbd55_72.jpg",
            "first_name": "",
            "real_name": "Tuomas Tiainen",
            "display_name": "Tuomas Tiainen",
            "team": "T5M5PLH8U",
            "name": "tiaintu",
            "is_restricted": false,
            "is_ultra_restricted": false
        },
        "blocks": [
            {
                "type": "rich_text",
                "block_id": "u0CZ",
                "elements": [
                    {
                        "type": "rich_text_section",
                        "elements": [
                            {
                                "type": "text",
                                "text": "the thickness here is around 1cm but in industry it can be up to 3 to 4 cm"
                            }
                        ]
                    }
                ]
            }
        ]
    },
    {
        "client_msg_id": "1215d92b-2ff0-432f-8325-590b8fc46e6a",
        "type": "message",
        "text": "How should I order the equipment. Should I use the online shop?",
        "user": "U019B6Q6YD9",
        "ts": "1598353901.005700",
        "team": "T5M5PLH8U",
        "user_team": "T5M5PLH8U",
        "source_team": "T5M5PLH8U",
        "user_profile": {
            "avatar_hash": "79a2f98003ff",
            "image_72": "https:\/\/avatars.slack-edge.com\/2020-08-22\/1323208606052_79a2f98003ffaebfbd55_72.jpg",
            "first_name": "",
            "real_name": "Tuomas Tiainen",
            "display_name": "Tuomas Tiainen",
            "team": "T5M5PLH8U",
            "name": "tiaintu",
            "is_restricted": false,
            "is_ultra_restricted": false
        },
        "blocks": [
            {
                "type": "rich_text",
                "block_id": "6Dx7n",
                "elements": [
                    {
                        "type": "rich_text_section",
                        "elements": [
                            {
                                "type": "text",
                                "text": "How should I order the equipment. Should I use the online shop?"
                            }
                        ]
                    }
                ]
            }
        ]
    },
    {
        "client_msg_id": "da4cfca0-ed31-4746-8b99-56dbdf941eff",
        "type": "message",
        "text": "Tindie is great yup",
        "user": "U5M5PLH9S",
        "ts": "1598355119.005900",
        "team": "T5M5PLH8U",
        "user_team": "T5M5PLH8U",
        "source_team": "T5M5PLH8U",
        "user_profile": {
            "avatar_hash": "e4fb6ae9f526",
            "image_72": "https:\/\/avatars.slack-edge.com\/2017-06-01\/191144530514_e4fb6ae9f526531fd41c_72.jpg",
            "first_name": "",
            "real_name": "kelu",
            "display_name": "",
            "team": "T5M5PLH8U",
            "name": "kelu",
            "is_restricted": false,
            "is_ultra_restricted": false
        },
        "blocks": [
            {
                "type": "rich_text",
                "block_id": "1Knb",
                "elements": [
                    {
                        "type": "rich_text_section",
                        "elements": [
                            {
                                "type": "text",
                                "text": "Tindie is great yup"
                            }
                        ]
                    }
                ]
            }
        ]
    },
    {
        "client_msg_id": "df4b10e7-96df-49dd-bfe4-55dfe87c544b",
        "type": "message",
        "text": "Would you be open to opening your arduino lib if you work on the basis of the ino file I showed you ?",
        "user": "U5M5PLH9S",
        "ts": "1598355163.006900",
        "team": "T5M5PLH8U",
        "user_team": "T5M5PLH8U",
        "source_team": "T5M5PLH8U",
        "user_profile": {
            "avatar_hash": "e4fb6ae9f526",
            "image_72": "https:\/\/avatars.slack-edge.com\/2017-06-01\/191144530514_e4fb6ae9f526531fd41c_72.jpg",
            "first_name": "",
            "real_name": "kelu",
            "display_name": "",
            "team": "T5M5PLH8U",
            "name": "kelu",
            "is_restricted": false,
            "is_ultra_restricted": false
        },
        "blocks": [
            {
                "type": "rich_text",
                "block_id": "YSm",
                "elements": [
                    {
                        "type": "rich_text_section",
                        "elements": [
                            {
                                "type": "text",
                                "text": "Would you be open to opening your arduino lib if you work on the basis of the ino file I showed you ?"
                            }
                        ]
                    }
                ]
            }
        ]
    },
    {
        "client_msg_id": "52477f27-2379-41ec-8e91-201397052085",
        "type": "message",
        "text": "hum thinking aloud but there are 2 logic entries that can be used in conjunction with the acquisitions. It means, if you have this rotary encoder, that if you can send over (during the 20us acq window) the position (through SPI for example), you'd be able to have this in your acquisition in parallel.",
        "user": "U5M5PLH9S",
        "ts": "1598359761.008400",
        "team": "T5M5PLH8U",
        "user_team": "T5M5PLH8U",
        "source_team": "T5M5PLH8U",
        "user_profile": {
            "avatar_hash": "e4fb6ae9f526",
            "image_72": "https:\/\/avatars.slack-edge.com\/2017-06-01\/191144530514_e4fb6ae9f526531fd41c_72.jpg",
            "first_name": "",
            "real_name": "kelu",
            "display_name": "",
            "team": "T5M5PLH8U",
            "name": "kelu",
            "is_restricted": false,
            "is_ultra_restricted": false
        },
        "blocks": [
            {
                "type": "rich_text",
                "block_id": "ezI+b",
                "elements": [
                    {
                        "type": "rich_text_section",
                        "elements": [
                            {
                                "type": "text",
                                "text": "hum thinking aloud but there are 2 logic entries that can be used in conjunction with the acquisitions. It means, if you have this rotary encoder, that if you can send over (during the 20us acq window) the position (through SPI for example), you'd be able to have this in your acquisition in parallel."
                            }
                        ]
                    }
                ]
            }
        ]
    },
    {
        "client_msg_id": "68abe31e-819e-44f3-a657-f20b52b98faa",
        "type": "message",
        "text": "it's a bit tricky and non-standard to synchronise that fast, but if you have people with microcontrler skills it's definitely something they could manage",
        "user": "U5M5PLH9S",
        "ts": "1598359804.009200",
        "team": "T5M5PLH8U",
        "user_team": "T5M5PLH8U",
        "source_team": "T5M5PLH8U",
        "user_profile": {
            "avatar_hash": "e4fb6ae9f526",
            "image_72": "https:\/\/avatars.slack-edge.com\/2017-06-01\/191144530514_e4fb6ae9f526531fd41c_72.jpg",
            "first_name": "",
            "real_name": "kelu",
            "display_name": "",
            "team": "T5M5PLH8U",
            "name": "kelu",
            "is_restricted": false,
            "is_ultra_restricted": false
        },
        "blocks": [
            {
                "type": "rich_text",
                "block_id": "PfEU",
                "elements": [
                    {
                        "type": "rich_text_section",
                        "elements": [
                            {
                                "type": "text",
                                "text": "it's a bit tricky and non-standard to synchronise that fast, but if you have people with microcontrler skills it's definitely something they could manage"
                            }
                        ]
                    }
                ]
            }
        ]
    }
]