[
    {
        "client_msg_id": "efc8e868-88b8-4cda-8a95-a7ddb63bba3f",
        "type": "message",
        "text": "Interesting: <https:\/\/m.nextinpact.com\/brief\/-un-raspberry-pi-3-a--a-25-dollars---moins-de-memoire-et-d-usb--mais-du-wi-fi-5--802-11ac---6580.htm>",
        "user": "U5M5PLH9S",
        "ts": "1542292537.000900",
        "team": "T5M5PLH8U",
        "user_team": "T5M5PLH8U",
        "source_team": "T5M5PLH8U",
        "user_profile": {
            "avatar_hash": "e4fb6ae9f526",
            "image_72": "https:\/\/avatars.slack-edge.com\/2017-06-01\/191144530514_e4fb6ae9f526531fd41c_72.jpg",
            "first_name": "",
            "real_name": "kelu",
            "display_name": "",
            "team": "T5M5PLH8U",
            "name": "kelu",
            "is_restricted": false,
            "is_ultra_restricted": false
        }
    },
    {
        "type": "message",
        "subtype": "channel_join",
        "ts": "1542304393.001100",
        "user": "UE4PK444S",
        "text": "<@UE4PK444S> has joined the channel"
    }
]