[
    {
        "client_msg_id": "10fa3f2b-71b3-4fb7-8108-2022bf9ce6f3",
        "type": "message",
        "text": "Awesome : <https:\/\/twitter.com\/fioraesoterica\/status\/1078964617135632386?s=09>",
        "user": "U5M5PLH9S",
        "ts": "1546273096.000400",
        "team": "T5M5PLH8U",
        "user_team": "T5M5PLH8U",
        "source_team": "T5M5PLH8U",
        "user_profile": {
            "avatar_hash": "e4fb6ae9f526",
            "image_72": "https:\/\/avatars.slack-edge.com\/2017-06-01\/191144530514_e4fb6ae9f526531fd41c_72.jpg",
            "first_name": "",
            "real_name": "kelu",
            "display_name": "",
            "team": "T5M5PLH8U",
            "name": "kelu",
            "is_restricted": false,
            "is_ultra_restricted": false
        }
    }
]