[
    {
        "client_msg_id": "30962f9c-3ca7-4239-97e1-3f42d6201ecd",
        "type": "message",
        "text": "Geeky teardown : <https:\/\/www.youtube.com\/watch?v=49D3fhGpb7w> :smiley:",
        "user": "U5M5PLH9S",
        "ts": "1537300351.000100",
        "team": "T5M5PLH8U",
        "user_team": "T5M5PLH8U",
        "source_team": "T5M5PLH8U",
        "user_profile": {
            "avatar_hash": "e4fb6ae9f526",
            "image_72": "https:\/\/avatars.slack-edge.com\/2017-06-01\/191144530514_e4fb6ae9f526531fd41c_72.jpg",
            "first_name": "",
            "real_name": "kelu",
            "display_name": "",
            "team": "T5M5PLH8U",
            "name": "kelu",
            "is_restricted": false,
            "is_ultra_restricted": false
        },
        "attachments": [
            {
                "service_name": "YouTube",
                "service_url": "https:\/\/www.youtube.com\/",
                "title": "BEB #49: XL Teardown: Hitachi Picker Ultrasonic Diagnostic Machine Ultrasound Ultraschallgerät",
                "title_link": "https:\/\/www.youtube.com\/watch?v=49D3fhGpb7w",
                "author_name": "Ing. Max Koschuh",
                "author_link": "https:\/\/www.youtube.com\/user\/maxkoschuh",
                "thumb_url": "https:\/\/i.ytimg.com\/vi\/49D3fhGpb7w\/hqdefault.jpg",
                "thumb_width": 480,
                "thumb_height": 360,
                "fallback": "YouTube Video: BEB #49: XL Teardown: Hitachi Picker Ultrasonic Diagnostic Machine Ultrasound Ultraschallgerät",
                "video_html": "<iframe width=\"400\" height=\"225\" src=\"https:\/\/www.youtube.com\/embed\/49D3fhGpb7w?feature=oembed&autoplay=1&iv_load_policy=3\" frameborder=\"0\" allow=\"autoplay; encrypted-media\" allowfullscreen><\/iframe>",
                "video_html_width": 400,
                "video_html_height": 225,
                "from_url": "https:\/\/www.youtube.com\/watch?v=49D3fhGpb7w",
                "service_icon": "https:\/\/a.slack-edge.com\/2089\/img\/unfurl_icons\/youtube.png",
                "id": 1,
                "original_url": "https:\/\/www.youtube.com\/watch?v=49D3fhGpb7w"
            }
        ]
    }
]