[
    {
        "client_msg_id": "b7f8d409-a5d8-46f2-aa5c-b19db9515d7f",
        "type": "message",
        "text": "Some xmas tweet haha : <https:\/\/twitter.com\/zxcvgm\/status\/1077731473661128704?s=09>",
        "user": "U5M5PLH9S",
        "ts": "1545830865.000300",
        "team": "T5M5PLH8U",
        "user_team": "T5M5PLH8U",
        "source_team": "T5M5PLH8U",
        "user_profile": {
            "avatar_hash": "e4fb6ae9f526",
            "image_72": "https:\/\/avatars.slack-edge.com\/2017-06-01\/191144530514_e4fb6ae9f526531fd41c_72.jpg",
            "first_name": "",
            "real_name": "kelu",
            "display_name": "",
            "team": "T5M5PLH8U",
            "name": "kelu",
            "is_restricted": false,
            "is_ultra_restricted": false
        }
    }
]