[
    {
        "client_msg_id": "cdcbc62d-9695-42b1-9cb5-c2a30c73026b",
        "type": "message",
        "text": "Wow they were fast : <https:\/\/www.nytimes.com\/2019\/04\/15\/health\/medical-scans-butterfly-iq.html> -- and they even challenge local startups ( mscan -- <https:\/\/www.techjaja.com\/ugandas-mscan-awarded-startup-battlefield-africas-best\/> ) (though it seems the twitter profile of mscan was disactivated)",
        "user": "U5M5PLH9S",
        "ts": "1555934972.000800",
        "team": "T5M5PLH8U",
        "user_team": "T5M5PLH8U",
        "source_team": "T5M5PLH8U",
        "user_profile": {
            "avatar_hash": "e4fb6ae9f526",
            "image_72": "https:\/\/avatars.slack-edge.com\/2017-06-01\/191144530514_e4fb6ae9f526531fd41c_72.jpg",
            "first_name": "",
            "real_name": "kelu",
            "display_name": "",
            "team": "T5M5PLH8U",
            "name": "kelu",
            "is_restricted": false,
            "is_ultra_restricted": false
        },
        "attachments": [
            {
                "service_name": "The New York Times",
                "service_url": "https:\/\/www.nytimes.com",
                "title": "In African Villages, These Phones Become Ultrasound Scanners",
                "title_link": "https:\/\/www.nytimes.com\/2019\/04\/15\/health\/medical-scans-butterfly-iq.html",
                "author_name": "By DONALD G. McNEIL Jr. and ESTHER RUTH MBABAZI",
                "thumb_url": "https:\/\/static01.nyt.com\/images\/2019\/04\/16\/science\/00ULTRASOUND1\/00ULTRASOUND1-mediumThreeByTwo440.jpg",
                "thumb_width": 440,
                "thumb_height": 293,
                "text": "A hand-held device brings medical imaging to remote communities, often for the first time.",
                "fallback": "The New York Times In African Villages, These Phones Become Ultrasound Scanners",
                "from_url": "https:\/\/www.nytimes.com\/2019\/04\/15\/health\/medical-scans-butterfly-iq.html",
                "service_icon": "https:\/\/a.slack-edge.com\/2089\/img\/unfurl_icons\/nytimes.png",
                "id": 1,
                "original_url": "https:\/\/www.nytimes.com\/2019\/04\/15\/health\/medical-scans-butterfly-iq.html"
            },
            {
                "service_name": "Techjaja",
                "title": "Uganda's mSCAN awarded Startup Battlefield Africa's BEST",
                "title_link": "https:\/\/www.techjaja.com\/ugandas-mscan-awarded-startup-battlefield-africas-best\/",
                "text": "Out of the 15 startups that pitched to a liveaudience of VCs, investors, government officials, developers and other startupsin Lagos at the Startup Battlefield Africa, Uganda's mSCAN",
                "fallback": "Techjaja: Uganda's mSCAN awarded Startup Battlefield Africa's BEST",
                "image_url": "https:\/\/i1.wp.com\/www.techjaja.com\/wp-content\/uploads\/2018\/12\/mscan-winners.jpg?fit=1008%2C756&ssl=1",
                "image_width": 333,
                "image_height": 250,
                "ts": 1544608530,
                "from_url": "https:\/\/www.techjaja.com\/ugandas-mscan-awarded-startup-battlefield-africas-best\/",
                "image_bytes": 56816,
                "service_icon": "https:\/\/www.techjaja.com\/wp-content\/uploads\/2018\/10\/techjaja-favicon_2019.png",
                "id": 2,
                "original_url": "https:\/\/www.techjaja.com\/ugandas-mscan-awarded-startup-battlefield-africas-best\/"
            }
        ],
        "reactions": [
            {
                "name": "+1",
                "users": [
                    "U8Z3VB1T2",
                    "UF0SXEJ0M"
                ],
                "count": 2
            }
        ]
    }
]