[
    {
        "client_msg_id": "b733e9b4-f6ec-427c-8180-81a2ede34225",
        "type": "message",
        "text": "<https:\/\/towardsdatascience.com\/the-most-important-supreme-court-decision-for-data-science-and-machine-learning-44cfc1c1bcaf>",
        "user": "U5M5PLH9S",
        "ts": "1573905876.002200",
        "team": "T5M5PLH8U",
        "user_team": "T5M5PLH8U",
        "source_team": "T5M5PLH8U",
        "user_profile": {
            "avatar_hash": "e4fb6ae9f526",
            "image_72": "https:\/\/avatars.slack-edge.com\/2017-06-01\/191144530514_e4fb6ae9f526531fd41c_72.jpg",
            "first_name": "",
            "real_name": "kelu",
            "display_name": "",
            "team": "T5M5PLH8U",
            "name": "kelu",
            "is_restricted": false,
            "is_ultra_restricted": false
        },
        "attachments": [
            {
                "service_name": "Medium",
                "title": "The Most Important Supreme Court Decision For Data Science and Machine Learning",
                "title_link": "https:\/\/towardsdatascience.com\/the-most-important-supreme-court-decision-for-data-science-and-machine-learning-44cfc1c1bcaf",
                "text": "Training algorithms on copyrighted data is not illegal, according to the United States Supreme Court.",
                "fallback": "Medium: The Most Important Supreme Court Decision For Data Science and Machine Learning",
                "image_url": "https:\/\/miro.medium.com\/max\/800\/0*k8nIKvF2F6mnu9ZX.jpg",
                "fields": [
                    {
                        "title": "Reading time",
                        "value": "9 min read",
                        "short": true
                    }
                ],
                "ts": 1572558190,
                "from_url": "https:\/\/towardsdatascience.com\/the-most-important-supreme-court-decision-for-data-science-and-machine-learning-44cfc1c1bcaf",
                "image_width": 364,
                "image_height": 250,
                "image_bytes": 109933,
                "service_icon": "https:\/\/cdn-images-1.medium.com\/fit\/c\/152\/152\/1*8I-HPL0bfoIzGied-dzOvA.png",
                "id": 1,
                "original_url": "https:\/\/towardsdatascience.com\/the-most-important-supreme-court-decision-for-data-science-and-machine-learning-44cfc1c1bcaf"
            }
        ]
    }
]