[
    {
        "type": "message",
        "text": "interesting 2007 devboard ;)",
        "files": [
            {
                "id": "FH21P2GTS",
                "created": 1553067011,
                "timestamp": 1553067011,
                "name": "iPhonem68.gif",
                "title": "M68",
                "mimetype": "image\/jpeg",
                "filetype": "jpg",
                "pretty_type": "JPEG",
                "user": "U5M5PLH9S",
                "editable": false,
                "size": 65562,
                "mode": "hosted",
                "is_external": false,
                "external_type": "",
                "is_public": true,
                "public_url_shared": false,
                "display_as_bot": false,
                "username": "",
                "url_private": "https:\/\/files.slack.com\/files-pri\/T5M5PLH8U-FH21P2GTS\/iphonem68.gif?t=xoxe-191193697300-1501897281926-1505540481365-290cf54ffdfc380367c1af72479de92b",
                "url_private_download": "https:\/\/files.slack.com\/files-pri\/T5M5PLH8U-FH21P2GTS\/download\/iphonem68.gif?t=xoxe-191193697300-1501897281926-1505540481365-290cf54ffdfc380367c1af72479de92b",
                "thumb_64": "https:\/\/files.slack.com\/files-tmb\/T5M5PLH8U-FH21P2GTS-11439f60df\/iphonem68_64.jpg?t=xoxe-191193697300-1501897281926-1505540481365-290cf54ffdfc380367c1af72479de92b",
                "thumb_80": "https:\/\/files.slack.com\/files-tmb\/T5M5PLH8U-FH21P2GTS-11439f60df\/iphonem68_80.jpg?t=xoxe-191193697300-1501897281926-1505540481365-290cf54ffdfc380367c1af72479de92b",
                "thumb_360": "https:\/\/files.slack.com\/files-tmb\/T5M5PLH8U-FH21P2GTS-11439f60df\/iphonem68_360.jpg?t=xoxe-191193697300-1501897281926-1505540481365-290cf54ffdfc380367c1af72479de92b",
                "thumb_360_w": 330,
                "thumb_360_h": 360,
                "thumb_480": "https:\/\/files.slack.com\/files-tmb\/T5M5PLH8U-FH21P2GTS-11439f60df\/iphonem68_480.jpg?t=xoxe-191193697300-1501897281926-1505540481365-290cf54ffdfc380367c1af72479de92b",
                "thumb_480_w": 440,
                "thumb_480_h": 480,
                "thumb_160": "https:\/\/files.slack.com\/files-tmb\/T5M5PLH8U-FH21P2GTS-11439f60df\/iphonem68_160.jpg?t=xoxe-191193697300-1501897281926-1505540481365-290cf54ffdfc380367c1af72479de92b",
                "image_exif_rotation": 1,
                "original_w": 577,
                "original_h": 630,
                "permalink": "https:\/\/usdevkit.slack.com\/files\/U5M5PLH9S\/FH21P2GTS\/iphonem68.gif",
                "permalink_public": "https:\/\/slack-files.com\/T5M5PLH8U-FH21P2GTS-bb30c88be9",
                "is_starred": false,
                "has_rich_preview": false
            }
        ],
        "upload": true,
        "user": "U5M5PLH9S",
        "display_as_bot": false,
        "ts": "1553067011.008800",
        "client_msg_id": "d6f00d16-1748-4692-8ea4-61d014ff9453"
    }
]