[
    {
        "client_msg_id": "e254c369-e576-4320-becd-6a063dc100c2",
        "type": "message",
        "text": "Are they really on the market already?",
        "user": "UF90LJWTH",
        "ts": "1551706687.002600",
        "team": "T5M5PLH8U",
        "user_team": "T5M5PLH8U",
        "source_team": "T5M5PLH8U",
        "user_profile": {
            "avatar_hash": "gd629cb2b1d4",
            "image_72": "https:\/\/secure.gravatar.com\/avatar\/2d629cb2b1d4aa1e0883019fb90cf004.jpg?s=72&d=https%3A%2F%2Fa.slack-edge.com%2Fdf10d%2Fimg%2Favatars%2Fava_0011-72.png",
            "first_name": "",
            "real_name": "Aniss Bendjoudi",
            "display_name": "Aniss",
            "team": "T5M5PLH8U",
            "name": "aniss.bendjoudi",
            "is_restricted": false,
            "is_ultra_restricted": false
        }
    },
    {
        "client_msg_id": "21496be8-5d44-474c-ae9e-e04b9a7e6f27",
        "type": "message",
        "text": "Has anyone see one of these probes?",
        "user": "UF90LJWTH",
        "ts": "1551706700.003000",
        "team": "T5M5PLH8U",
        "user_team": "T5M5PLH8U",
        "source_team": "T5M5PLH8U",
        "user_profile": {
            "avatar_hash": "gd629cb2b1d4",
            "image_72": "https:\/\/secure.gravatar.com\/avatar\/2d629cb2b1d4aa1e0883019fb90cf004.jpg?s=72&d=https%3A%2F%2Fa.slack-edge.com%2Fdf10d%2Fimg%2Favatars%2Fava_0011-72.png",
            "first_name": "",
            "real_name": "Aniss Bendjoudi",
            "display_name": "Aniss",
            "team": "T5M5PLH8U",
            "name": "aniss.bendjoudi",
            "is_restricted": false,
            "is_ultra_restricted": false
        }
    },
    {
        "client_msg_id": "048fd9bc-0179-4035-8ab7-b8fb48d0d646",
        "type": "message",
        "text": "They are displaying this \"shipping now \/ reserve yours\" for a long time now",
        "user": "UF90LJWTH",
        "ts": "1551706749.003500",
        "team": "T5M5PLH8U",
        "user_team": "T5M5PLH8U",
        "source_team": "T5M5PLH8U",
        "user_profile": {
            "avatar_hash": "gd629cb2b1d4",
            "image_72": "https:\/\/secure.gravatar.com\/avatar\/2d629cb2b1d4aa1e0883019fb90cf004.jpg?s=72&d=https%3A%2F%2Fa.slack-edge.com%2Fdf10d%2Fimg%2Favatars%2Fava_0011-72.png",
            "first_name": "",
            "real_name": "Aniss Bendjoudi",
            "display_name": "Aniss",
            "team": "T5M5PLH8U",
            "name": "aniss.bendjoudi",
            "is_restricted": false,
            "is_ultra_restricted": false
        }
    },
    {
        "client_msg_id": "78113e19-6073-4b5e-8a56-a32fd4a89fda",
        "type": "message",
        "text": "Apparently (according to some Twitter posts) some units did get out, so I am being overly skeptical",
        "user": "UF90LJWTH",
        "ts": "1551707169.004300",
        "team": "T5M5PLH8U",
        "user_team": "T5M5PLH8U",
        "source_team": "T5M5PLH8U",
        "user_profile": {
            "avatar_hash": "gd629cb2b1d4",
            "image_72": "https:\/\/secure.gravatar.com\/avatar\/2d629cb2b1d4aa1e0883019fb90cf004.jpg?s=72&d=https%3A%2F%2Fa.slack-edge.com%2Fdf10d%2Fimg%2Favatars%2Fava_0011-72.png",
            "first_name": "",
            "real_name": "Aniss Bendjoudi",
            "display_name": "Aniss",
            "team": "T5M5PLH8U",
            "name": "aniss.bendjoudi",
            "is_restricted": false,
            "is_ultra_restricted": false
        }
    },
    {
        "client_msg_id": "f4e88f12-f7ae-4c61-b238-94adee3b440d",
        "type": "message",
        "text": "I've heard of a guy playing with beta probes. Was not impressed by image quality compared to a lumify, say, still acceptable for triage at 2k",
        "user": "U5M5PLH9S",
        "ts": "1551712809.004900",
        "team": "T5M5PLH8U",
        "user_team": "T5M5PLH8U",
        "source_team": "T5M5PLH8U",
        "user_profile": {
            "avatar_hash": "e4fb6ae9f526",
            "image_72": "https:\/\/avatars.slack-edge.com\/2017-06-01\/191144530514_e4fb6ae9f526531fd41c_72.jpg",
            "first_name": "",
            "real_name": "kelu",
            "display_name": "",
            "team": "T5M5PLH8U",
            "name": "kelu",
            "is_restricted": false,
            "is_ultra_restricted": false
        },
        "thread_ts": "1551712809.004900",
        "reply_count": 1,
        "reply_users_count": 1,
        "latest_reply": "1552268488.006000",
        "reply_users": [
            "UF0SXEJ0M"
        ],
        "replies": [
            {
                "user": "UF0SXEJ0M",
                "ts": "1552268488.006000"
            }
        ],
        "subscribed": true,
        "last_read": "1552372873.000813",
        "reactions": [
            {
                "name": "+1",
                "users": [
                    "UF0SXEJ0M"
                ],
                "count": 1
            }
        ]
    }
]