[
    {
        "client_msg_id": "6f5072ef-e85f-41be-9a01-ab8a34649c65",
        "type": "message",
        "text": "Resonating Shell: A Spherical-Omnidirectional Ultrasound Transducer for Underwater Sensor Networks -- <https:\/\/www.mdpi.com\/1424-8220\/19\/4\/757>",
        "user": "U5M5PLH9S",
        "ts": "1562317152.004100",
        "team": "T5M5PLH8U",
        "user_team": "T5M5PLH8U",
        "source_team": "T5M5PLH8U",
        "user_profile": {
            "avatar_hash": "e4fb6ae9f526",
            "image_72": "https:\/\/avatars.slack-edge.com\/2017-06-01\/191144530514_e4fb6ae9f526531fd41c_72.jpg",
            "first_name": "",
            "real_name": "kelu",
            "display_name": "",
            "team": "T5M5PLH8U",
            "name": "kelu",
            "is_restricted": false,
            "is_ultra_restricted": false
        },
        "attachments": [
            {
                "service_name": "MDPI",
                "title": "Resonating Shell: A Spherical-Omnidirectional Ultrasound Transducer for Underwater Sensor Networks",
                "title_link": "https:\/\/www.mdpi.com\/1424-8220\/19\/4\/757",
                "text": "This paper presents the design and fabrication process of a spherical-omnidirectional ultrasound transducer for underwater sensor network applications. The transducer is based on the vibration of two hemispheres with a thickness of 1 mm and an outer diameter of 10 mm, which are actuated by two piezoelectric ring elements. Since the ultrasound wave is generated by the vibration of the two hemispheres, a matching layer is not required. Silicon Carbide (SiC) is used as the material of the hemispherical shells of the transducer. The shells were fabricated by laser sintering as an additive manufacturing method, in which the hemispheres were built layer by layer from a powder bed. All manufactured transducers with an outer dimension of 10 &amp;times; 14.2 mm and a center frequency of 155 kHz were measured in a water tank by a hydrophone or in mutual communication. The circumferential source level was measured to vary less than 5dB. The power consumption and the insertion loss of the transducer, ranging from 100 &amp;mu; W to 2.4 mW and 21.2 dB, respectively, along with all other measurements, prove that the transducer can transmit and receive ultrasound waves omnidirectionally at tens of centimeters intervals with a decent power consumption and low actuation voltage.",
                "fallback": "MDPI: Resonating Shell: A Spherical-Omnidirectional Ultrasound Transducer for Underwater Sensor Networks",
                "thumb_url": "https:\/\/www.mdpi.com\/img\/journals\/sensors-logo-sq.png",
                "from_url": "https:\/\/www.mdpi.com\/1424-8220\/19\/4\/757",
                "thumb_width": 160,
                "thumb_height": 160,
                "service_icon": "https:\/\/www.mdpi.com\/icon\/apple-touch-icon-57x57.png",
                "id": 1,
                "original_url": "https:\/\/www.mdpi.com\/1424-8220\/19\/4\/757"
            }
        ],
        "reactions": [
            {
                "name": "raised_hands",
                "users": [
                    "U8Z3VB1T2"
                ],
                "count": 1
            }
        ]
    }
]