[
    {
        "type": "message",
        "text": "And when a bug crosses the (hv) line :p",
        "files": [
            {
                "id": "FHU8NJJK0",
                "created": 1554824439,
                "timestamp": 1554824439,
                "name": "IMG_20190409_173950.jpg",
                "title": "IMG_20190409_173950.jpg",
                "mimetype": "image\/jpeg",
                "filetype": "jpg",
                "pretty_type": "JPEG",
                "user": "U5M5PLH9S",
                "editable": false,
                "size": 113279,
                "mode": "hosted",
                "is_external": false,
                "external_type": "",
                "is_public": true,
                "public_url_shared": false,
                "display_as_bot": false,
                "username": "",
                "url_private": "https:\/\/files.slack.com\/files-pri\/T5M5PLH8U-FHU8NJJK0\/img_20190409_173950.jpg?t=xoxe-191193697300-1501897281926-1505540481365-290cf54ffdfc380367c1af72479de92b",
                "url_private_download": "https:\/\/files.slack.com\/files-pri\/T5M5PLH8U-FHU8NJJK0\/download\/img_20190409_173950.jpg?t=xoxe-191193697300-1501897281926-1505540481365-290cf54ffdfc380367c1af72479de92b",
                "thumb_64": "https:\/\/files.slack.com\/files-tmb\/T5M5PLH8U-FHU8NJJK0-adf0dcba1e\/img_20190409_173950_64.jpg?t=xoxe-191193697300-1501897281926-1505540481365-290cf54ffdfc380367c1af72479de92b",
                "thumb_80": "https:\/\/files.slack.com\/files-tmb\/T5M5PLH8U-FHU8NJJK0-adf0dcba1e\/img_20190409_173950_80.jpg?t=xoxe-191193697300-1501897281926-1505540481365-290cf54ffdfc380367c1af72479de92b",
                "thumb_360": "https:\/\/files.slack.com\/files-tmb\/T5M5PLH8U-FHU8NJJK0-adf0dcba1e\/img_20190409_173950_360.jpg?t=xoxe-191193697300-1501897281926-1505540481365-290cf54ffdfc380367c1af72479de92b",
                "thumb_360_w": 360,
                "thumb_360_h": 357,
                "thumb_480": "https:\/\/files.slack.com\/files-tmb\/T5M5PLH8U-FHU8NJJK0-adf0dcba1e\/img_20190409_173950_480.jpg?t=xoxe-191193697300-1501897281926-1505540481365-290cf54ffdfc380367c1af72479de92b",
                "thumb_480_w": 480,
                "thumb_480_h": 476,
                "thumb_160": "https:\/\/files.slack.com\/files-tmb\/T5M5PLH8U-FHU8NJJK0-adf0dcba1e\/img_20190409_173950_160.jpg?t=xoxe-191193697300-1501897281926-1505540481365-290cf54ffdfc380367c1af72479de92b",
                "thumb_720": "https:\/\/files.slack.com\/files-tmb\/T5M5PLH8U-FHU8NJJK0-adf0dcba1e\/img_20190409_173950_720.jpg?t=xoxe-191193697300-1501897281926-1505540481365-290cf54ffdfc380367c1af72479de92b",
                "thumb_720_w": 720,
                "thumb_720_h": 713,
                "thumb_800": "https:\/\/files.slack.com\/files-tmb\/T5M5PLH8U-FHU8NJJK0-adf0dcba1e\/img_20190409_173950_800.jpg?t=xoxe-191193697300-1501897281926-1505540481365-290cf54ffdfc380367c1af72479de92b",
                "thumb_800_w": 800,
                "thumb_800_h": 793,
                "image_exif_rotation": 1,
                "original_w": 960,
                "original_h": 951,
                "permalink": "https:\/\/usdevkit.slack.com\/files\/U5M5PLH9S\/FHU8NJJK0\/img_20190409_173950.jpg",
                "permalink_public": "https:\/\/slack-files.com\/T5M5PLH8U-FHU8NJJK0-f629075693",
                "is_starred": false,
                "has_rich_preview": false
            }
        ],
        "upload": true,
        "user": "U5M5PLH9S",
        "display_as_bot": false,
        "ts": "1554824439.008700",
        "client_msg_id": "dc114d84-fe83-4514-b065-489baa469007"
    }
]