[
    {
        "client_msg_id": "ac1bc6a7-d96a-4ea8-9e63-e3a7f18045eb",
        "type": "message",
        "text": "Interesting slides on open fpgas @pdp7 : <https:\/\/twitter.com\/pdp7\/status\/1108812347932594176?s=09>",
        "user": "U5M5PLH9S",
        "ts": "1553261891.009700",
        "team": "T5M5PLH8U",
        "user_team": "T5M5PLH8U",
        "source_team": "T5M5PLH8U",
        "user_profile": {
            "avatar_hash": "e4fb6ae9f526",
            "image_72": "https:\/\/avatars.slack-edge.com\/2017-06-01\/191144530514_e4fb6ae9f526531fd41c_72.jpg",
            "first_name": "",
            "real_name": "kelu",
            "display_name": "",
            "team": "T5M5PLH8U",
            "name": "kelu",
            "is_restricted": false,
            "is_ultra_restricted": false
        }
    }
]