[
    {
        "client_msg_id": "6117bd78-9bc9-4263-b80a-04dbd279b9b1",
        "type": "message",
        "text": "<https:\/\/ieeexplore.ieee.org\/abstract\/document\/8698332>",
        "user": "U5M5PLH9S",
        "ts": "1559834596.000400",
        "team": "T5M5PLH8U",
        "user_team": "T5M5PLH8U",
        "source_team": "T5M5PLH8U",
        "user_profile": {
            "avatar_hash": "e4fb6ae9f526",
            "image_72": "https:\/\/avatars.slack-edge.com\/2017-06-01\/191144530514_e4fb6ae9f526531fd41c_72.jpg",
            "first_name": "",
            "real_name": "kelu",
            "display_name": "",
            "team": "T5M5PLH8U",
            "name": "kelu",
            "is_restricted": false,
            "is_ultra_restricted": false
        }
    }
]