[
    {
        "client_msg_id": "b7504984-8af5-4697-b28b-3f6828fcee0b",
        "type": "message",
        "text": "Cool article : <https:\/\/www.linkedin.com\/pulse\/clarius-hd-kris-dickie\/> ping <@UFPCMHBA6>",
        "user": "U5M5PLH9S",
        "ts": "1573246266.000500",
        "team": "T5M5PLH8U",
        "user_team": "T5M5PLH8U",
        "source_team": "T5M5PLH8U",
        "user_profile": {
            "avatar_hash": "e4fb6ae9f526",
            "image_72": "https:\/\/avatars.slack-edge.com\/2017-06-01\/191144530514_e4fb6ae9f526531fd41c_72.jpg",
            "first_name": "",
            "real_name": "kelu",
            "display_name": "",
            "team": "T5M5PLH8U",
            "name": "kelu",
            "is_restricted": false,
            "is_ultra_restricted": false
        },
        "attachments": [
            {
                "title": "Clarius HD",
                "title_link": "https:\/\/www.linkedin.com\/pulse\/clarius-hd-kris-dickie\/",
                "text": "Introduction My first job 20 years ago was helping design cutting edge ultrasound systems, and that trend continues today - I've built a career in ultrasound imaging and haven't looked back. There have been plenty of changes since then, and I've had the chance to experience a few startups, work in a",
                "fallback": "Clarius HD",
                "image_url": "https:\/\/media.licdn-ei.com\/media\/AAMBAQQPAAgAAQAAAAAAAADgAAAAJDgxZDBlY2RjLWY0MTUtNDg4MC1iNmI1LTIwMGJiOTQ1Y2YxOQ.png",
                "from_url": "https:\/\/www.linkedin.com\/pulse\/clarius-hd-kris-dickie\/",
                "image_width": 438,
                "image_height": 250,
                "image_bytes": 6609,
                "service_icon": "https:\/\/static-exp1.licdn.com\/scds\/common\/u\/images\/logos\/favicons\/v1\/favicon.ico",
                "service_name": "linkedin.com",
                "id": 1,
                "original_url": "https:\/\/www.linkedin.com\/pulse\/clarius-hd-kris-dickie\/"
            }
        ],
        "reactions": [
            {
                "name": "+1",
                "users": [
                    "UFPCMHBA6"
                ],
                "count": 1
            }
        ]
    }
]