[
    {
        "client_msg_id": "6263e270-7fcd-4487-b522-9706972fbe37",
        "type": "message",
        "text": "<https:\/\/www.st.com\/content\/ccc\/resource\/sales_and_marketing\/promotional_material\/flyer\/group0\/43\/50\/b5\/1d\/6c\/cb\/44\/5c\/flstm32g0\/files\/flstm32g0.pdf\/jcr:content\/translations\/en.flstm32g0.pdf> -- STM32G0 : 8 pins STM32 with 2.5Msps , 12-bit ADC",
        "user": "U5M5PLH9S",
        "ts": "1568990791.000300",
        "team": "T5M5PLH8U",
        "user_team": "T5M5PLH8U",
        "source_team": "T5M5PLH8U",
        "user_profile": {
            "avatar_hash": "e4fb6ae9f526",
            "image_72": "https:\/\/avatars.slack-edge.com\/2017-06-01\/191144530514_e4fb6ae9f526531fd41c_72.jpg",
            "first_name": "",
            "real_name": "kelu",
            "display_name": "",
            "team": "T5M5PLH8U",
            "name": "kelu",
            "is_restricted": false,
            "is_ultra_restricted": false
        }
    }
]