[
    {
        "client_msg_id": "e28e1081-7edc-49d5-9348-13d15f5af4bb",
        "type": "message",
        "text": "<http:\/\/www.righto.com\/2019\/11\/ibm-sonic-delay-lines-and-history-of.html> :  sound to store text :)",
        "user": "U5M5PLH9S",
        "ts": "1573626621.001400",
        "team": "T5M5PLH8U",
        "user_team": "T5M5PLH8U",
        "source_team": "T5M5PLH8U",
        "user_profile": {
            "avatar_hash": "e4fb6ae9f526",
            "image_72": "https:\/\/avatars.slack-edge.com\/2017-06-01\/191144530514_e4fb6ae9f526531fd41c_72.jpg",
            "first_name": "",
            "real_name": "kelu",
            "display_name": "",
            "team": "T5M5PLH8U",
            "name": "kelu",
            "is_restricted": false,
            "is_ultra_restricted": false
        },
        "attachments": [
            {
                "title": "IBM, sonic delay lines, and the history of the 80×24 display",
                "title_link": "http:\/\/www.righto.com\/2019\/11\/ibm-sonic-delay-lines-and-history-of.html",
                "text": "What explains the popularity of terminals with 80×24 and 80×25 displays? A recent blog post \" 80x25 \" motivated me to investigate this. The ...",
                "fallback": "IBM, sonic delay lines, and the history of the 80×24 display",
                "image_url": "https:\/\/lh6.googleusercontent.com\/proxy\/m3T8yZLDI5EEwn6wktGPLdeu-wQKuZFy9R9n_Yz5yYBQ4v_ayGSCqLMVZm1cP22rCHZASSsrq07BVbT_BTcWeaX6Db295XzNQ66usiQHW3pY39_VrNObVzTTeQNeTlLARY3ZJ2rqyG71NA=w1200-h630-p-k-no-nu",
                "from_url": "http:\/\/www.righto.com\/2019\/11\/ibm-sonic-delay-lines-and-history-of.html",
                "image_width": 279,
                "image_height": 250,
                "image_bytes": 54584,
                "service_icon": "http:\/\/www.righto.com\/favicon.ico",
                "service_name": "righto.com",
                "id": 1,
                "original_url": "http:\/\/www.righto.com\/2019\/11\/ibm-sonic-delay-lines-and-history-of.html"
            }
        ],
        "reactions": [
            {
                "name": "astonished",
                "users": [
                    "UFPCMHBA6"
                ],
                "count": 1
            },
            {
                "name": "grin",
                "users": [
                    "UFPCMHBA6"
                ],
                "count": 1
            },
            {
                "name": "clap",
                "users": [
                    "UFPCMHBA6"
                ],
                "count": 1
            }
        ]
    }
]