[
    {
        "client_msg_id": "806CDD00-9DDF-425B-9AE3-6C878C65F829",
        "type": "message",
        "text": "<https:\/\/photos.app.goo.gl\/oBJggt4xjKqTAFhT9> I took apart a Lecourer US-Wave",
        "user": "UHP9P5JTE",
        "ts": "1554479445.000700",
        "team": "T5M5PLH8U",
        "user_team": "T5M5PLH8U",
        "source_team": "T5M5PLH8U",
        "user_profile": {
            "avatar_hash": "gf8c332890d2",
            "image_72": "https:\/\/secure.gravatar.com\/avatar\/cf8c332890d2883209ec8b1d38920f5b.jpg?s=72&d=https%3A%2F%2Fa.slack-edge.com%2Fdf10d%2Fimg%2Favatars%2Fava_0013-72.png",
            "first_name": "",
            "real_name": "keshuai",
            "display_name": "keshuai",
            "team": "T5M5PLH8U",
            "name": "urillx",
            "is_restricted": false,
            "is_ultra_restricted": false
        },
        "attachments": [
            {
                "service_name": "Google Photos",
                "title": "Lecourer US-Wave internals",
                "title_link": "https:\/\/photos.app.goo.gl\/oBJggt4xjKqTAFhT9",
                "text": "13 new photos · Album by Keshuai Xu",
                "fallback": "Google Photos: Lecourer US-Wave internals",
                "image_url": "https:\/\/lh3.googleusercontent.com\/Pf_ZfbwvMXESC5bYwzAc9RkBwckeY2h8x_w9_kf8ffh_ybfMmwg0FtQ46LfeJAtnpTJ9O_AaxWvdOm0FOvTnq84FFvGJw93mZJrdf4XQ5bzu9AU8nIUKT9d2lWZEHYqo6GG5SDctuw",
                "image_width": 333,
                "image_height": 250,
                "from_url": "https:\/\/photos.app.goo.gl\/oBJggt4xjKqTAFhT9",
                "image_bytes": 56157,
                "service_icon": "http:\/\/ssl.gstatic.com\/images\/branding\/product\/1x\/photos_512dp.png",
                "id": 1,
                "original_url": "https:\/\/photos.app.goo.gl\/oBJggt4xjKqTAFhT9"
            }
        ],
        "thread_ts": "1554479445.000700",
        "reply_count": 10,
        "reply_users_count": 2,
        "latest_reply": "1554499849.007200",
        "reply_users": [
            "U5M5PLH9S",
            "UHP9P5JTE"
        ],
        "replies": [
            {
                "user": "U5M5PLH9S",
                "ts": "1554479534.000900"
            },
            {
                "user": "U5M5PLH9S",
                "ts": "1554479550.001300"
            },
            {
                "user": "U5M5PLH9S",
                "ts": "1554479575.002000"
            },
            {
                "user": "UHP9P5JTE",
                "ts": "1554479589.002500"
            },
            {
                "user": "UHP9P5JTE",
                "ts": "1554479602.003100"
            },
            {
                "user": "U5M5PLH9S",
                "ts": "1554493632.003500"
            },
            {
                "user": "U5M5PLH9S",
                "ts": "1554493919.003700"
            },
            {
                "user": "UHP9P5JTE",
                "ts": "1554499706.005300"
            },
            {
                "user": "UHP9P5JTE",
                "ts": "1554499743.006200"
            },
            {
                "user": "UHP9P5JTE",
                "ts": "1554499849.007200"
            }
        ],
        "subscribed": true,
        "last_read": "1554503633.000332"
    },
    {
        "client_msg_id": "e90cf99c-c246-4f71-b689-4a870321f1d5",
        "type": "message",
        "text": "Brilliant! Any closeups?",
        "user": "U5M5PLH9S",
        "ts": "1554479534.000900",
        "team": "T5M5PLH8U",
        "user_team": "T5M5PLH8U",
        "source_team": "T5M5PLH8U",
        "user_profile": {
            "avatar_hash": "e4fb6ae9f526",
            "image_72": "https:\/\/avatars.slack-edge.com\/2017-06-01\/191144530514_e4fb6ae9f526531fd41c_72.jpg",
            "first_name": "",
            "real_name": "kelu",
            "display_name": "",
            "team": "T5M5PLH8U",
            "name": "kelu",
            "is_restricted": false,
            "is_ultra_restricted": false
        },
        "thread_ts": "1554479445.000700",
        "parent_user_id": "UHP9P5JTE"
    },
    {
        "client_msg_id": "e7a7fec7-90e8-4b40-9aba-83d75af48863",
        "type": "message",
        "text": "Especially on high voltage? ;)",
        "user": "U5M5PLH9S",
        "ts": "1554479550.001300",
        "team": "T5M5PLH8U",
        "user_team": "T5M5PLH8U",
        "source_team": "T5M5PLH8U",
        "user_profile": {
            "avatar_hash": "e4fb6ae9f526",
            "image_72": "https:\/\/avatars.slack-edge.com\/2017-06-01\/191144530514_e4fb6ae9f526531fd41c_72.jpg",
            "first_name": "",
            "real_name": "kelu",
            "display_name": "",
            "team": "T5M5PLH8U",
            "name": "kelu",
            "is_restricted": false,
            "is_ultra_restricted": false
        },
        "thread_ts": "1554479445.000700",
        "parent_user_id": "UHP9P5JTE"
    },
    {
        "client_msg_id": "e429a955-704d-4e2c-9c39-39d66af582e9",
        "type": "message",
        "text": "(Oops just saw its an album)",
        "user": "U5M5PLH9S",
        "ts": "1554479575.002000",
        "team": "T5M5PLH8U",
        "user_team": "T5M5PLH8U",
        "source_team": "T5M5PLH8U",
        "user_profile": {
            "avatar_hash": "e4fb6ae9f526",
            "image_72": "https:\/\/avatars.slack-edge.com\/2017-06-01\/191144530514_e4fb6ae9f526531fd41c_72.jpg",
            "first_name": "",
            "real_name": "kelu",
            "display_name": "",
            "team": "T5M5PLH8U",
            "name": "kelu",
            "is_restricted": false,
            "is_ultra_restricted": false
        },
        "thread_ts": "1554479445.000700",
        "parent_user_id": "UHP9P5JTE"
    },
    {
        "client_msg_id": "B7F98DC4-71ED-45A7-94C2-EACFB0FCCD31",
        "type": "message",
        "text": "The weird angle pictures in the album is for capturing the part number",
        "user": "UHP9P5JTE",
        "ts": "1554479589.002500",
        "team": "T5M5PLH8U",
        "user_team": "T5M5PLH8U",
        "source_team": "T5M5PLH8U",
        "user_profile": {
            "avatar_hash": "gf8c332890d2",
            "image_72": "https:\/\/secure.gravatar.com\/avatar\/cf8c332890d2883209ec8b1d38920f5b.jpg?s=72&d=https%3A%2F%2Fa.slack-edge.com%2Fdf10d%2Fimg%2Favatars%2Fava_0013-72.png",
            "first_name": "",
            "real_name": "keshuai",
            "display_name": "keshuai",
            "team": "T5M5PLH8U",
            "name": "urillx",
            "is_restricted": false,
            "is_ultra_restricted": false
        },
        "thread_ts": "1554479445.000700",
        "parent_user_id": "UHP9P5JTE"
    },
    {
        "client_msg_id": "AC6F35B6-65F0-4EB0-BE2F-545B0A0BAF3E",
        "type": "message",
        "text": "Might need to adjust the curve a bit",
        "user": "UHP9P5JTE",
        "ts": "1554479602.003100",
        "team": "T5M5PLH8U",
        "user_team": "T5M5PLH8U",
        "source_team": "T5M5PLH8U",
        "user_profile": {
            "avatar_hash": "gf8c332890d2",
            "image_72": "https:\/\/secure.gravatar.com\/avatar\/cf8c332890d2883209ec8b1d38920f5b.jpg?s=72&d=https%3A%2F%2Fa.slack-edge.com%2Fdf10d%2Fimg%2Favatars%2Fava_0013-72.png",
            "first_name": "",
            "real_name": "keshuai",
            "display_name": "keshuai",
            "team": "T5M5PLH8U",
            "name": "urillx",
            "is_restricted": false,
            "is_ultra_restricted": false
        },
        "thread_ts": "1554479445.000700",
        "parent_user_id": "UHP9P5JTE"
    },
    {
        "type": "message",
        "subtype": "channel_join",
        "ts": "1554492657.003400",
        "user": "UHQ2RDDD2",
        "text": "<@UHQ2RDDD2> has joined the channel"
    },
    {
        "client_msg_id": "a6862f47-8686-4552-a79a-db5ca9a1cec6",
        "type": "message",
        "text": "Weird, parts definitely seem missing, internal space for sma connectors but crude connections instead..",
        "user": "U5M5PLH9S",
        "ts": "1554493632.003500",
        "team": "T5M5PLH8U",
        "user_team": "T5M5PLH8U",
        "source_team": "T5M5PLH8U",
        "user_profile": {
            "avatar_hash": "e4fb6ae9f526",
            "image_72": "https:\/\/avatars.slack-edge.com\/2017-06-01\/191144530514_e4fb6ae9f526531fd41c_72.jpg",
            "first_name": "",
            "real_name": "kelu",
            "display_name": "",
            "team": "T5M5PLH8U",
            "name": "kelu",
            "is_restricted": false,
            "is_ultra_restricted": false
        },
        "thread_ts": "1554479445.000700",
        "parent_user_id": "UHP9P5JTE"
    },
    {
        "client_msg_id": "a8f79145-0159-4663-95a0-d05b9b44f134",
        "type": "message",
        "text": "Feels a large box for few elements and an empty board :) so there would be 2 channels, as well as a 2 x trig, power, usb,..  ?",
        "user": "U5M5PLH9S",
        "ts": "1554493919.003700",
        "team": "T5M5PLH8U",
        "user_team": "T5M5PLH8U",
        "source_team": "T5M5PLH8U",
        "user_profile": {
            "avatar_hash": "e4fb6ae9f526",
            "image_72": "https:\/\/avatars.slack-edge.com\/2017-06-01\/191144530514_e4fb6ae9f526531fd41c_72.jpg",
            "first_name": "",
            "real_name": "kelu",
            "display_name": "",
            "team": "T5M5PLH8U",
            "name": "kelu",
            "is_restricted": false,
            "is_ultra_restricted": false
        },
        "thread_ts": "1554479445.000700",
        "parent_user_id": "UHP9P5JTE"
    },
    {
        "client_msg_id": "4F7F48F1-732D-492F-AB98-A4DD5FE32F70",
        "type": "message",
        "text": "Only 1 channel. Trig in, trig out, tx, rx. The rx connector also transmits",
        "user": "UHP9P5JTE",
        "ts": "1554499706.005300",
        "team": "T5M5PLH8U",
        "user_team": "T5M5PLH8U",
        "source_team": "T5M5PLH8U",
        "user_profile": {
            "avatar_hash": "gf8c332890d2",
            "image_72": "https:\/\/secure.gravatar.com\/avatar\/cf8c332890d2883209ec8b1d38920f5b.jpg?s=72&d=https%3A%2F%2Fa.slack-edge.com%2Fdf10d%2Fimg%2Favatars%2Fava_0013-72.png",
            "first_name": "",
            "real_name": "keshuai",
            "display_name": "keshuai",
            "team": "T5M5PLH8U",
            "name": "urillx",
            "is_restricted": false,
            "is_ultra_restricted": false
        },
        "thread_ts": "1554479445.000700",
        "parent_user_id": "UHP9P5JTE"
    },
    {
        "client_msg_id": "27D5B8B6-6BDC-43A1-8864-62B1151CF66C",
        "type": "message",
        "text": "The assembly quality is bad. The HV board looks hand soldered",
        "user": "UHP9P5JTE",
        "ts": "1554499743.006200",
        "team": "T5M5PLH8U",
        "user_team": "T5M5PLH8U",
        "source_team": "T5M5PLH8U",
        "user_profile": {
            "avatar_hash": "gf8c332890d2",
            "image_72": "https:\/\/secure.gravatar.com\/avatar\/cf8c332890d2883209ec8b1d38920f5b.jpg?s=72&d=https%3A%2F%2Fa.slack-edge.com%2Fdf10d%2Fimg%2Favatars%2Fava_0013-72.png",
            "first_name": "",
            "real_name": "keshuai",
            "display_name": "keshuai",
            "team": "T5M5PLH8U",
            "name": "urillx",
            "is_restricted": false,
            "is_ultra_restricted": false
        },
        "thread_ts": "1554479445.000700",
        "parent_user_id": "UHP9P5JTE"
    },
    {
        "client_msg_id": "4ABE4FDA-2B66-4288-84C5-98DBFBF991FC",
        "type": "message",
        "text": "Pigtail connection to BNC shield... probably doesn’t really matter at ultrasound frequency though ",
        "user": "UHP9P5JTE",
        "ts": "1554499849.007200",
        "team": "T5M5PLH8U",
        "user_team": "T5M5PLH8U",
        "source_team": "T5M5PLH8U",
        "user_profile": {
            "avatar_hash": "gf8c332890d2",
            "image_72": "https:\/\/secure.gravatar.com\/avatar\/cf8c332890d2883209ec8b1d38920f5b.jpg?s=72&d=https%3A%2F%2Fa.slack-edge.com%2Fdf10d%2Fimg%2Favatars%2Fava_0013-72.png",
            "first_name": "",
            "real_name": "keshuai",
            "display_name": "keshuai",
            "team": "T5M5PLH8U",
            "name": "urillx",
            "is_restricted": false,
            "is_ultra_restricted": false
        },
        "thread_ts": "1554479445.000700",
        "parent_user_id": "UHP9P5JTE"
    }
]