[
    {
        "type": "message",
        "subtype": "channel_join",
        "ts": "1551968378.005400",
        "user": "UGR3ZBDDE",
        "text": "<@UGR3ZBDDE> has joined the channel"
    },
    {
        "type": "message",
        "text": "Looks good !",
        "files": [
            {
                "id": "FGSLRF03W",
                "created": 1552030217,
                "timestamp": 1552030217,
                "name": "IMG_20190308_082941.jpg",
                "title": "IMG_20190308_082941.jpg",
                "mimetype": "image\/jpeg",
                "filetype": "jpg",
                "pretty_type": "JPEG",
                "user": "U5M5PLH9S",
                "editable": false,
                "size": 67231,
                "mode": "hosted",
                "is_external": false,
                "external_type": "",
                "is_public": true,
                "public_url_shared": false,
                "display_as_bot": false,
                "username": "",
                "url_private": "https:\/\/files.slack.com\/files-pri\/T5M5PLH8U-FGSLRF03W\/img_20190308_082941.jpg?t=xoxe-191193697300-1501897281926-1505540481365-290cf54ffdfc380367c1af72479de92b",
                "url_private_download": "https:\/\/files.slack.com\/files-pri\/T5M5PLH8U-FGSLRF03W\/download\/img_20190308_082941.jpg?t=xoxe-191193697300-1501897281926-1505540481365-290cf54ffdfc380367c1af72479de92b",
                "thumb_64": "https:\/\/files.slack.com\/files-tmb\/T5M5PLH8U-FGSLRF03W-a4d88634e3\/img_20190308_082941_64.jpg?t=xoxe-191193697300-1501897281926-1505540481365-290cf54ffdfc380367c1af72479de92b",
                "thumb_80": "https:\/\/files.slack.com\/files-tmb\/T5M5PLH8U-FGSLRF03W-a4d88634e3\/img_20190308_082941_80.jpg?t=xoxe-191193697300-1501897281926-1505540481365-290cf54ffdfc380367c1af72479de92b",
                "thumb_360": "https:\/\/files.slack.com\/files-tmb\/T5M5PLH8U-FGSLRF03W-a4d88634e3\/img_20190308_082941_360.jpg?t=xoxe-191193697300-1501897281926-1505540481365-290cf54ffdfc380367c1af72479de92b",
                "thumb_360_w": 203,
                "thumb_360_h": 360,
                "thumb_480": "https:\/\/files.slack.com\/files-tmb\/T5M5PLH8U-FGSLRF03W-a4d88634e3\/img_20190308_082941_480.jpg?t=xoxe-191193697300-1501897281926-1505540481365-290cf54ffdfc380367c1af72479de92b",
                "thumb_480_w": 270,
                "thumb_480_h": 480,
                "thumb_160": "https:\/\/files.slack.com\/files-tmb\/T5M5PLH8U-FGSLRF03W-a4d88634e3\/img_20190308_082941_160.jpg?t=xoxe-191193697300-1501897281926-1505540481365-290cf54ffdfc380367c1af72479de92b",
                "thumb_720": "https:\/\/files.slack.com\/files-tmb\/T5M5PLH8U-FGSLRF03W-a4d88634e3\/img_20190308_082941_720.jpg?t=xoxe-191193697300-1501897281926-1505540481365-290cf54ffdfc380367c1af72479de92b",
                "thumb_720_w": 405,
                "thumb_720_h": 720,
                "thumb_800": "https:\/\/files.slack.com\/files-tmb\/T5M5PLH8U-FGSLRF03W-a4d88634e3\/img_20190308_082941_800.jpg?t=xoxe-191193697300-1501897281926-1505540481365-290cf54ffdfc380367c1af72479de92b",
                "thumb_800_w": 800,
                "thumb_800_h": 1422,
                "thumb_960": "https:\/\/files.slack.com\/files-tmb\/T5M5PLH8U-FGSLRF03W-a4d88634e3\/img_20190308_082941_960.jpg?t=xoxe-191193697300-1501897281926-1505540481365-290cf54ffdfc380367c1af72479de92b",
                "thumb_960_w": 540,
                "thumb_960_h": 960,
                "thumb_1024": "https:\/\/files.slack.com\/files-tmb\/T5M5PLH8U-FGSLRF03W-a4d88634e3\/img_20190308_082941_1024.jpg?t=xoxe-191193697300-1501897281926-1505540481365-290cf54ffdfc380367c1af72479de92b",
                "thumb_1024_w": 576,
                "thumb_1024_h": 1024,
                "image_exif_rotation": 1,
                "original_w": 1080,
                "original_h": 1920,
                "permalink": "https:\/\/usdevkit.slack.com\/files\/U5M5PLH9S\/FGSLRF03W\/img_20190308_082941.jpg",
                "permalink_public": "https:\/\/slack-files.com\/T5M5PLH8U-FGSLRF03W-1e6eb80ffd",
                "is_starred": false,
                "has_rich_preview": false
            }
        ],
        "upload": true,
        "user": "U5M5PLH9S",
        "display_as_bot": false,
        "ts": "1552030217.005700",
        "client_msg_id": "47d2ff35-174a-49e5-bca2-ce9bc1fb17ba"
    }
]