[
    {
        "client_msg_id": "672e8313-dea5-4875-ad55-afc3a383ae58",
        "type": "message",
        "text": "Some oldies : <https:\/\/americanhistory.si.edu\/blog\/my-ultrasound-used-look-what>",
        "user": "U5M5PLH9S",
        "ts": "1565778203.001300",
        "team": "T5M5PLH8U",
        "user_team": "T5M5PLH8U",
        "source_team": "T5M5PLH8U",
        "user_profile": {
            "avatar_hash": "e4fb6ae9f526",
            "image_72": "https:\/\/avatars.slack-edge.com\/2017-06-01\/191144530514_e4fb6ae9f526531fd41c_72.jpg",
            "first_name": "",
            "real_name": "kelu",
            "display_name": "",
            "team": "T5M5PLH8U",
            "name": "kelu",
            "is_restricted": false,
            "is_ultra_restricted": false
        },
        "attachments": [
            {
                "service_name": "National Museum of American History",
                "title": "My ultrasound used to look like what?",
                "title_link": "https:\/\/americanhistory.si.edu\/blog\/my-ultrasound-used-look-what",
                "text": "Imagine walking into your doctor's office for your diagnostic ultrasound for ovarian screening, rounding the corner to the procedure room, and then taking off your clothes and submerging yourself up to your neck in a horse trough full of water. That's how some of the earliest doctors across the world envisioned using ultrasound to image the human body between the 1940s and 1960s. Ultrasound technology was first used by the U.S. military to determine tiny cracks in the hulls of metal ships, not to see into living human bodies. So in 1949 when British doctor John J.",
                "fallback": "National Museum of American History: My ultrasound used to look like what?",
                "image_url": "https:\/\/americanhistory.si.edu\/sites\/default\/files\/blog_teaser_images\/ultrasound.jpg",
                "ts": 1480954554,
                "from_url": "https:\/\/americanhistory.si.edu\/blog\/my-ultrasound-used-look-what",
                "image_width": 254,
                "image_height": 250,
                "image_bytes": 132299,
                "service_icon": "https:\/\/americanhistory.si.edu\/sites\/all\/themes\/nmah2018\/favicon.ico",
                "id": 1,
                "original_url": "https:\/\/americanhistory.si.edu\/blog\/my-ultrasound-used-look-what"
            }
        ]
    }
]