[
    {
        "client_msg_id": "07d65ec6-77d2-4867-9e35-3dd72555a19f",
        "type": "message",
        "text": "<https:\/\/www.youtube.com\/watch?v=5JQ0pSBD86E>",
        "user": "UF0SXEJ0M",
        "ts": "1558509860.000300",
        "team": "T5M5PLH8U",
        "user_team": "T5M5PLH8U",
        "source_team": "T5M5PLH8U",
        "user_profile": {
            "avatar_hash": "caf9f1375af3",
            "image_72": "https:\/\/avatars.slack-edge.com\/2019-02-12\/549018718117_caf9f1375af3bfa9e7a6_72.jpg",
            "first_name": "Sterling",
            "real_name": "Sterling Cooley",
            "display_name": "Sterling",
            "team": "T5M5PLH8U",
            "name": "percyacct2020",
            "is_restricted": false,
            "is_ultra_restricted": false
        },
        "attachments": [
            {
                "service_name": "YouTube",
                "service_url": "https:\/\/www.youtube.com\/",
                "title": "Imperium Advanced Ultrasound Imaging FirstMap i600 AcoustoCam - EPC",
                "title_link": "https:\/\/www.youtube.com\/watch?v=5JQ0pSBD86E",
                "author_name": "Marketing EPCHK",
                "author_link": "https:\/\/www.youtube.com\/channel\/UCbtIFkMs8CZLWIkacpGAn-w",
                "thumb_url": "https:\/\/i.ytimg.com\/vi\/5JQ0pSBD86E\/hqdefault.jpg",
                "thumb_width": 480,
                "thumb_height": 360,
                "fallback": "YouTube Video: Imperium Advanced Ultrasound Imaging FirstMap i600 AcoustoCam - EPC",
                "video_html": "<iframe width=\"400\" height=\"300\" src=\"https:\/\/www.youtube.com\/embed\/5JQ0pSBD86E?feature=oembed&autoplay=1&iv_load_policy=3\" frameborder=\"0\" allow=\"accelerometer; autoplay; encrypted-media; gyroscope; picture-in-picture\" allowfullscreen><\/iframe>",
                "video_html_width": 400,
                "video_html_height": 300,
                "from_url": "https:\/\/www.youtube.com\/watch?v=5JQ0pSBD86E",
                "service_icon": "https:\/\/a.slack-edge.com\/2089\/img\/unfurl_icons\/youtube.png",
                "id": 1,
                "original_url": "https:\/\/www.youtube.com\/watch?v=5JQ0pSBD86E"
            }
        ]
    },
    {
        "client_msg_id": "d16c8129-9f7e-4bad-98ba-509cc9ed3663",
        "type": "message",
        "text": "Handheld acoustic camera, looks interesting!",
        "user": "UF0SXEJ0M",
        "ts": "1558509880.000700",
        "team": "T5M5PLH8U",
        "user_team": "T5M5PLH8U",
        "source_team": "T5M5PLH8U",
        "user_profile": {
            "avatar_hash": "caf9f1375af3",
            "image_72": "https:\/\/avatars.slack-edge.com\/2019-02-12\/549018718117_caf9f1375af3bfa9e7a6_72.jpg",
            "first_name": "Sterling",
            "real_name": "Sterling Cooley",
            "display_name": "Sterling",
            "team": "T5M5PLH8U",
            "name": "percyacct2020",
            "is_restricted": false,
            "is_ultra_restricted": false
        }
    }
]