[
    {
        "client_msg_id": "f2ab2ab5-ca6c-4ac1-8a8c-88400fcc325e",
        "type": "message",
        "text": "<http:\/\/www.inductosense.com\/> seems interesting : permanent US sensors, collected wirelessly ..",
        "user": "U5M5PLH9S",
        "ts": "1567088354.000400",
        "team": "T5M5PLH8U",
        "user_team": "T5M5PLH8U",
        "source_team": "T5M5PLH8U",
        "user_profile": {
            "avatar_hash": "e4fb6ae9f526",
            "image_72": "https:\/\/avatars.slack-edge.com\/2017-06-01\/191144530514_e4fb6ae9f526531fd41c_72.jpg",
            "first_name": "",
            "real_name": "kelu",
            "display_name": "",
            "team": "T5M5PLH8U",
            "name": "kelu",
            "is_restricted": false,
            "is_ultra_restricted": false
        },
        "attachments": [
            {
                "title": "Inductosense - Battery-free, Wireless Sensing Technology",
                "title_link": "http:\/\/www.inductosense.com\/",
                "text": "Inductosense is developing innovative ultrasonic sensing technology for non-destructive testing of structures.",
                "fallback": "Inductosense - Battery-free, Wireless Sensing Technology",
                "from_url": "http:\/\/www.inductosense.com\/",
                "service_name": "inductosense.com",
                "id": 1,
                "original_url": "http:\/\/www.inductosense.com\/"
            }
        ]
    },
    {
        "client_msg_id": "8e6f6c51-e271-4d4c-b48f-34b65ec0bcb6",
        "type": "message",
        "text": "More on <http:\/\/www.inductosense.com\/what-we-offer\/wand\/>",
        "user": "U5M5PLH9S",
        "ts": "1567088407.000700",
        "team": "T5M5PLH8U",
        "user_team": "T5M5PLH8U",
        "source_team": "T5M5PLH8U",
        "user_profile": {
            "avatar_hash": "e4fb6ae9f526",
            "image_72": "https:\/\/avatars.slack-edge.com\/2017-06-01\/191144530514_e4fb6ae9f526531fd41c_72.jpg",
            "first_name": "",
            "real_name": "kelu",
            "display_name": "",
            "team": "T5M5PLH8U",
            "name": "kelu",
            "is_restricted": false,
            "is_ultra_restricted": false
        },
        "attachments": [
            {
                "service_name": "Inductosense - Battery-free, Wireless Sensing Technology",
                "title": "WAND - Inductosense - Battery-free, Wireless Sensing Technology",
                "title_link": "http:\/\/www.inductosense.com\/what-we-offer\/wand\/",
                "text": "Inductosense technology can be used across a range of industries, including Oil&amp;Gas, Nuclear, Wind and Composites and in a number of applications.",
                "fallback": "Inductosense - Battery-free, Wireless Sensing Technology: WAND - Inductosense - Battery-free, Wireless Sensing Technology",
                "from_url": "http:\/\/www.inductosense.com\/what-we-offer\/wand\/",
                "id": 1,
                "original_url": "http:\/\/www.inductosense.com\/what-we-offer\/wand\/"
            }
        ]
    },
    {
        "client_msg_id": "f2f245e5-c41f-4305-aacf-8f130c10cbee",
        "type": "message",
        "text": "Fun hardware <https:\/\/www.seeedstudio.com\/LicheePi-Nano-ARM926EJS-SoC-Development-Board-16M-Flash-p-2892.html>",
        "user": "U5M5PLH9S",
        "ts": "1567142815.001200",
        "team": "T5M5PLH8U",
        "user_team": "T5M5PLH8U",
        "source_team": "T5M5PLH8U",
        "user_profile": {
            "avatar_hash": "e4fb6ae9f526",
            "image_72": "https:\/\/avatars.slack-edge.com\/2017-06-01\/191144530514_e4fb6ae9f526531fd41c_72.jpg",
            "first_name": "",
            "real_name": "kelu",
            "display_name": "",
            "team": "T5M5PLH8U",
            "name": "kelu",
            "is_restricted": false,
            "is_ultra_restricted": false
        },
        "attachments": [
            {
                "title": "LicheePi Nano ARM926EJS SoC Development Board - 16M Flash",
                "title_link": "https:\/\/www.seeedstudio.com\/LicheePi-Nano-ARM926EJS-SoC-Development-Board-16M-Flash-p-2892.html",
                "text": "Lichee Nano is an SD Card Sized Linux Development Board Powered by Allwinner F1C100s ARM9 Processor",
                "fallback": "LicheePi Nano ARM926EJS SoC Development Board - 16M Flash",
                "thumb_url": "https:\/\/www.seeedstudio.site\/media\/catalog\/product\/cache\/c672c33058c3d09344a80ed05418f5bd\/l\/i\/lichee-nano-main_1_1.jpg",
                "from_url": "https:\/\/www.seeedstudio.com\/LicheePi-Nano-ARM926EJS-SoC-Development-Board-16M-Flash-p-2892.html",
                "thumb_width": 600,
                "thumb_height": 806,
                "service_icon": "https:\/\/www.seeedstudio.site\/media\/favicon\/stores\/4\/favicon.ico",
                "service_name": "seeedstudio.com",
                "id": 1,
                "original_url": "https:\/\/www.seeedstudio.com\/LicheePi-Nano-ARM926EJS-SoC-Development-Board-16M-Flash-p-2892.html"
            }
        ]
    }
]