[
    {
        "client_msg_id": "66A8D3F3-65B6-472B-B34D-D6A816A6C03C",
        "type": "message",
        "text": "I came across this pre-2000 GE ultrasound service manual. Nice detailed theory of operation. <http:\/\/medsensor.ru\/data\/PARKONIRMS\/attachments\/dd\/files\/2.1.2.2\/Vingmed_SystemFive_SM.pdf>",
        "user": "UHP9P5JTE",
        "ts": "1564063550.003000",
        "team": "T5M5PLH8U",
        "user_team": "T5M5PLH8U",
        "source_team": "T5M5PLH8U",
        "user_profile": {
            "avatar_hash": "gf8c332890d2",
            "image_72": "https:\/\/secure.gravatar.com\/avatar\/cf8c332890d2883209ec8b1d38920f5b.jpg?s=72&d=https%3A%2F%2Fa.slack-edge.com%2Fdf10d%2Fimg%2Favatars%2Fava_0013-72.png",
            "first_name": "",
            "real_name": "keshuai",
            "display_name": "keshuai",
            "team": "T5M5PLH8U",
            "name": "urillx",
            "is_restricted": false,
            "is_ultra_restricted": false
        },
        "thread_ts": "1564063550.003000",
        "reply_count": 2,
        "reply_users_count": 1,
        "latest_reply": "1564931688.000300",
        "reply_users": [
            "U5M5PLH9S"
        ],
        "replies": [
            {
                "user": "U5M5PLH9S",
                "ts": "1564931329.000100"
            },
            {
                "user": "U5M5PLH9S",
                "ts": "1564931688.000300"
            }
        ],
        "subscribed": true,
        "last_read": "1564931688.000300"
    }
]