[
    {
        "client_msg_id": "bdd87071-6ae4-43f3-9941-28848b4466a9",
        "type": "message",
        "text": "<https:\/\/singularityhub.com\/2019\/06\/23\/this-ai-uses-echolocation-to-follow-your-every-move\/>",
        "user": "U5M5PLH9S",
        "ts": "1561442727.000900",
        "team": "T5M5PLH8U",
        "user_team": "T5M5PLH8U",
        "source_team": "T5M5PLH8U",
        "user_profile": {
            "avatar_hash": "e4fb6ae9f526",
            "image_72": "https:\/\/avatars.slack-edge.com\/2017-06-01\/191144530514_e4fb6ae9f526531fd41c_72.jpg",
            "first_name": "",
            "real_name": "kelu",
            "display_name": "",
            "team": "T5M5PLH8U",
            "name": "kelu",
            "is_restricted": false,
            "is_ultra_restricted": false
        },
        "attachments": [
            {
                "service_name": "Singularity Hub",
                "title": "This AI Uses Echolocation to Follow Your Every Move",
                "title_link": "https:\/\/singularityhub.com\/2019\/06\/23\/this-ai-uses-echolocation-to-follow-your-every-move\/",
                "text": "Because the system only detects body movement, there’s no issue with facial recognition—or perhaps any identification—based on recordings alone.",
                "fallback": "Singularity Hub: This AI Uses Echolocation to Follow Your Every Move",
                "image_url": "https:\/\/singularityhub.com\/wp-content\/uploads\/2019\/06\/sonar-wave-echolocation-artificial-intelligence-shutterstock-1056567467.jpg",
                "image_width": 444,
                "image_height": 250,
                "ts": 1561298435,
                "from_url": "https:\/\/singularityhub.com\/2019\/06\/23\/this-ai-uses-echolocation-to-follow-your-every-move\/",
                "image_bytes": 76589,
                "service_icon": "https:\/\/singularityhub.com\/wp-content\/uploads\/2017\/09\/index.png",
                "id": 1,
                "original_url": "https:\/\/singularityhub.com\/2019\/06\/23\/this-ai-uses-echolocation-to-follow-your-every-move\/"
            }
        ]
    }
]