[
    {
        "type": "message",
        "text": "I have à problem",
        "files": [
            {
                "id": "FHRL1FXD5",
                "created": 1554572232,
                "timestamp": 1554572232,
                "name": "IMG_20190406_193609.jpg",
                "title": "IMG_20190406_193609.jpg",
                "mimetype": "image\/jpeg",
                "filetype": "jpg",
                "pretty_type": "JPEG",
                "user": "U5M5PLH9S",
                "editable": false,
                "size": 86919,
                "mode": "hosted",
                "is_external": false,
                "external_type": "",
                "is_public": true,
                "public_url_shared": false,
                "display_as_bot": false,
                "username": "",
                "url_private": "https:\/\/files.slack.com\/files-pri\/T5M5PLH8U-FHRL1FXD5\/img_20190406_193609.jpg?t=xoxe-191193697300-1501897281926-1505540481365-290cf54ffdfc380367c1af72479de92b",
                "url_private_download": "https:\/\/files.slack.com\/files-pri\/T5M5PLH8U-FHRL1FXD5\/download\/img_20190406_193609.jpg?t=xoxe-191193697300-1501897281926-1505540481365-290cf54ffdfc380367c1af72479de92b",
                "thumb_64": "https:\/\/files.slack.com\/files-tmb\/T5M5PLH8U-FHRL1FXD5-d90c7f5917\/img_20190406_193609_64.jpg?t=xoxe-191193697300-1501897281926-1505540481365-290cf54ffdfc380367c1af72479de92b",
                "thumb_80": "https:\/\/files.slack.com\/files-tmb\/T5M5PLH8U-FHRL1FXD5-d90c7f5917\/img_20190406_193609_80.jpg?t=xoxe-191193697300-1501897281926-1505540481365-290cf54ffdfc380367c1af72479de92b",
                "thumb_360": "https:\/\/files.slack.com\/files-tmb\/T5M5PLH8U-FHRL1FXD5-d90c7f5917\/img_20190406_193609_360.jpg?t=xoxe-191193697300-1501897281926-1505540481365-290cf54ffdfc380367c1af72479de92b",
                "thumb_360_w": 360,
                "thumb_360_h": 360,
                "thumb_480": "https:\/\/files.slack.com\/files-tmb\/T5M5PLH8U-FHRL1FXD5-d90c7f5917\/img_20190406_193609_480.jpg?t=xoxe-191193697300-1501897281926-1505540481365-290cf54ffdfc380367c1af72479de92b",
                "thumb_480_w": 480,
                "thumb_480_h": 480,
                "thumb_160": "https:\/\/files.slack.com\/files-tmb\/T5M5PLH8U-FHRL1FXD5-d90c7f5917\/img_20190406_193609_160.jpg?t=xoxe-191193697300-1501897281926-1505540481365-290cf54ffdfc380367c1af72479de92b",
                "thumb_720": "https:\/\/files.slack.com\/files-tmb\/T5M5PLH8U-FHRL1FXD5-d90c7f5917\/img_20190406_193609_720.jpg?t=xoxe-191193697300-1501897281926-1505540481365-290cf54ffdfc380367c1af72479de92b",
                "thumb_720_w": 720,
                "thumb_720_h": 720,
                "thumb_800": "https:\/\/files.slack.com\/files-tmb\/T5M5PLH8U-FHRL1FXD5-d90c7f5917\/img_20190406_193609_800.jpg?t=xoxe-191193697300-1501897281926-1505540481365-290cf54ffdfc380367c1af72479de92b",
                "thumb_800_w": 800,
                "thumb_800_h": 800,
                "thumb_960": "https:\/\/files.slack.com\/files-tmb\/T5M5PLH8U-FHRL1FXD5-d90c7f5917\/img_20190406_193609_960.jpg?t=xoxe-191193697300-1501897281926-1505540481365-290cf54ffdfc380367c1af72479de92b",
                "thumb_960_w": 960,
                "thumb_960_h": 960,
                "thumb_1024": "https:\/\/files.slack.com\/files-tmb\/T5M5PLH8U-FHRL1FXD5-d90c7f5917\/img_20190406_193609_1024.jpg?t=xoxe-191193697300-1501897281926-1505540481365-290cf54ffdfc380367c1af72479de92b",
                "thumb_1024_w": 1024,
                "thumb_1024_h": 1024,
                "image_exif_rotation": 1,
                "original_w": 1280,
                "original_h": 1280,
                "permalink": "https:\/\/usdevkit.slack.com\/files\/U5M5PLH9S\/FHRL1FXD5\/img_20190406_193609.jpg",
                "permalink_public": "https:\/\/slack-files.com\/T5M5PLH8U-FHRL1FXD5-a08e41a7fd",
                "is_starred": false,
                "has_rich_preview": false
            }
        ],
        "upload": true,
        "user": "U5M5PLH9S",
        "display_as_bot": false,
        "ts": "1554572232.007600",
        "client_msg_id": "a3294386-8242-479a-ba0c-0b2a31a3fd1f",
        "reactions": [
            {
                "name": "sweat_smile",
                "users": [
                    "U8Z3VB1T2",
                    "UGJ8GJGNR"
                ],
                "count": 2
            },
            {
                "name": "smile",
                "users": [
                    "UF0SXEJ0M"
                ],
                "count": 1
            },
            {
                "name": "joy",
                "users": [
                    "UG3JFRCA0"
                ],
                "count": 1
            }
        ]
    }
]