[
    {
        "client_msg_id": "30964c39-2b01-4c21-bd25-88acb0e632da",
        "type": "message",
        "text": "<https:\/\/arstechnica.com\/gadgets\/2020\/01\/librem-5-phone-hands-on-a-proof-of-concept-for-the-open-source-smartphone\/>",
        "user": "U5M5PLH9S",
        "ts": "1581278032.001400",
        "team": "T5M5PLH8U",
        "user_team": "T5M5PLH8U",
        "source_team": "T5M5PLH8U",
        "user_profile": {
            "avatar_hash": "e4fb6ae9f526",
            "image_72": "https:\/\/avatars.slack-edge.com\/2017-06-01\/191144530514_e4fb6ae9f526531fd41c_72.jpg",
            "first_name": "",
            "real_name": "kelu",
            "display_name": "",
            "team": "T5M5PLH8U",
            "name": "kelu",
            "is_restricted": false,
            "is_ultra_restricted": false
        },
        "attachments": [
            {
                "service_name": "Ars Technica",
                "title": "Librem 5 phone hands-on—Open source phone shows the cost of being different",
                "title_link": "https:\/\/arstechnica.com\/gadgets\/2020\/01\/librem-5-phone-hands-on-a-proof-of-concept-for-the-open-source-smartphone\/",
                "text": "It's not finished, but many of the basics for an open source smartphone are here.",
                "fallback": "Ars Technica: Librem 5 phone hands-on—Open source phone shows the cost of being different",
                "image_url": "https:\/\/cdn.arstechnica.net\/wp-content\/uploads\/2020\/01\/23-1-760x380.jpg",
                "image_width": 500,
                "image_height": 250,
                "from_url": "https:\/\/arstechnica.com\/gadgets\/2020\/01\/librem-5-phone-hands-on-a-proof-of-concept-for-the-open-source-smartphone\/",
                "image_bytes": 21489,
                "service_icon": "https:\/\/cdn.arstechnica.net\/wp-content\/themes\/ars\/assets\/img\/ars-ios-icon-d9a45f558c.png",
                "id": 1,
                "original_url": "https:\/\/arstechnica.com\/gadgets\/2020\/01\/librem-5-phone-hands-on-a-proof-of-concept-for-the-open-source-smartphone\/"
            }
        ],
        "blocks": [
            {
                "type": "rich_text",
                "block_id": "CiHJ",
                "elements": [
                    {
                        "type": "rich_text_section",
                        "elements": [
                            {
                                "type": "link",
                                "url": "https:\/\/arstechnica.com\/gadgets\/2020\/01\/librem-5-phone-hands-on-a-proof-of-concept-for-the-open-source-smartphone\/"
                            }
                        ]
                    }
                ]
            }
        ]
    }
]