[
    {
        "client_msg_id": "3ab67132-fb07-40c3-927c-48fcdc72cb2d",
        "type": "message",
        "text": "Just because <https:\/\/twitter.com\/xssfox\/status\/1294163879904153601?s=19|https:\/\/twitter.com\/xssfox\/status\/1294163879904153601?s=19>",
        "user": "U5M5PLH9S",
        "ts": "1597484538.001600",
        "team": "T5M5PLH8U",
        "user_team": "T5M5PLH8U",
        "source_team": "T5M5PLH8U",
        "user_profile": {
            "avatar_hash": "e4fb6ae9f526",
            "image_72": "https:\/\/avatars.slack-edge.com\/2017-06-01\/191144530514_e4fb6ae9f526531fd41c_72.jpg",
            "first_name": "",
            "real_name": "kelu",
            "display_name": "",
            "team": "T5M5PLH8U",
            "name": "kelu",
            "is_restricted": false,
            "is_ultra_restricted": false
        },
        "blocks": [
            {
                "type": "rich_text",
                "block_id": "R6B57",
                "elements": [
                    {
                        "type": "rich_text_section",
                        "elements": [
                            {
                                "type": "text",
                                "text": "Just because "
                            },
                            {
                                "type": "link",
                                "url": "https:\/\/twitter.com\/xssfox\/status\/1294163879904153601?s=19",
                                "text": "https:\/\/twitter.com\/xssfox\/status\/1294163879904153601?s=19"
                            }
                        ]
                    }
                ]
            }
        ]
    }
]