[
    {
        "client_msg_id": "64332233-de33-428f-805d-13b67611d694",
        "type": "message",
        "text": "<http:\/\/news.mit.edu\/2019\/first-laser-ultrasound-images-humans-1219> is sweet",
        "user": "U5M5PLH9S",
        "ts": "1578059550.000200",
        "team": "T5M5PLH8U",
        "user_team": "T5M5PLH8U",
        "source_team": "T5M5PLH8U",
        "user_profile": {
            "avatar_hash": "e4fb6ae9f526",
            "image_72": "https:\/\/avatars.slack-edge.com\/2017-06-01\/191144530514_e4fb6ae9f526531fd41c_72.jpg",
            "first_name": "",
            "real_name": "kelu",
            "display_name": "",
            "team": "T5M5PLH8U",
            "name": "kelu",
            "is_restricted": false,
            "is_ultra_restricted": false
        },
        "attachments": [
            {
                "service_name": "MIT News",
                "title": "Researchers produce first laser ultrasound images of humans",
                "title_link": "http:\/\/news.mit.edu\/2019\/first-laser-ultrasound-images-humans-1219",
                "text": "Technique may help remotely image and assess health of infants, burn victims, and accident survivors in hard-to-reach places.",
                "fallback": "MIT News: Researchers produce first laser ultrasound images of humans",
                "image_url": "http:\/\/news.mit.edu\/sites\/mit.edu.newsoffice\/files\/styles\/og\/public\/images\/2019\/MIT-Laser-Ultrasound.jpg",
                "from_url": "http:\/\/news.mit.edu\/2019\/first-laser-ultrasound-images-humans-1219",
                "image_width": 375,
                "image_height": 250,
                "image_bytes": 98004,
                "service_icon": "http:\/\/news.mit.edu\/sites\/mit.edu.newsoffice\/themes\/mitnews\/favicon.ico",
                "id": 1,
                "original_url": "http:\/\/news.mit.edu\/2019\/first-laser-ultrasound-images-humans-1219"
            }
        ],
        "blocks": [
            {
                "type": "rich_text",
                "block_id": "LhWG",
                "elements": [
                    {
                        "type": "rich_text_section",
                        "elements": [
                            {
                                "type": "link",
                                "url": "http:\/\/news.mit.edu\/2019\/first-laser-ultrasound-images-humans-1219"
                            },
                            {
                                "type": "text",
                                "text": " is sweet"
                            }
                        ]
                    }
                ]
            }
        ]
    },
    {
        "client_msg_id": "8dc6029d-dde9-4c5c-909d-27deaa2a3453",
        "type": "message",
        "text": "Amazing! A similar approach for non-contact ultrasound detection is to use microwave for thermal excitation and high-sensitivity CMUT to overcome air-tissue acoustic loss <https:\/\/ieeexplore.ieee.org\/document\/8747538>",
        "user": "U8Z3VB1T2",
        "ts": "1578069307.001800",
        "team": "T5M5PLH8U",
        "user_team": "T5M5PLH8U",
        "source_team": "T5M5PLH8U",
        "user_profile": {
            "avatar_hash": "g49ad52d7df8",
            "image_72": "https:\/\/secure.gravatar.com\/avatar\/449ad52d7df89ecbe8ebe0fd87d3f63f.jpg?s=72&d=https%3A%2F%2Fa.slack-edge.com%2Fdf10d%2Fimg%2Favatars%2Fava_0026-72.png",
            "first_name": "",
            "real_name": "William Meng",
            "display_name": "",
            "team": "T5M5PLH8U",
            "name": "wlmeng11",
            "is_restricted": false,
            "is_ultra_restricted": false
        },
        "blocks": [
            {
                "type": "rich_text",
                "block_id": "vTsT",
                "elements": [
                    {
                        "type": "rich_text_section",
                        "elements": [
                            {
                                "type": "text",
                                "text": "Amazing! A similar approach for non-contact ultrasound detection is to use microwave for thermal excitation and high-sensitivity CMUT to overcome air-tissue acoustic loss "
                            },
                            {
                                "type": "link",
                                "url": "https:\/\/ieeexplore.ieee.org\/document\/8747538"
                            }
                        ]
                    }
                ]
            }
        ],
        "reactions": [
            {
                "name": "nerd_face",
                "users": [
                    "U5M5PLH9S"
                ],
                "count": 1
            },
            {
                "name": "+1",
                "users": [
                    "U5M5PLH9S"
                ],
                "count": 1
            }
        ]
    }
]