[
    {
        "type": "message",
        "text": "Adapting tech to daily pains :stuck_out_tongue: ping <@UFPCMHBA6> and the french guys",
        "files": [
            {
                "id": "F01114WLMM4",
                "created": 1585413377,
                "timestamp": 1585413377,
                "name": "P_20200328_171520_p.jpg",
                "title": "P_20200328_171520_p.jpg",
                "mimetype": "image\/jpeg",
                "filetype": "jpg",
                "pretty_type": "JPEG",
                "user": "U5M5PLH9S",
                "editable": false,
                "size": 601524,
                "mode": "hosted",
                "is_external": false,
                "external_type": "",
                "is_public": true,
                "public_url_shared": false,
                "display_as_bot": false,
                "username": "",
                "url_private": "https:\/\/files.slack.com\/files-pri\/T5M5PLH8U-F01114WLMM4\/p_20200328_171520_p.jpg?t=xoxe-191193697300-1501897281926-1505540481365-290cf54ffdfc380367c1af72479de92b",
                "url_private_download": "https:\/\/files.slack.com\/files-pri\/T5M5PLH8U-F01114WLMM4\/download\/p_20200328_171520_p.jpg?t=xoxe-191193697300-1501897281926-1505540481365-290cf54ffdfc380367c1af72479de92b",
                "thumb_64": "https:\/\/files.slack.com\/files-tmb\/T5M5PLH8U-F01114WLMM4-c8fe0fb530\/p_20200328_171520_p_64.jpg?t=xoxe-191193697300-1501897281926-1505540481365-290cf54ffdfc380367c1af72479de92b",
                "thumb_80": "https:\/\/files.slack.com\/files-tmb\/T5M5PLH8U-F01114WLMM4-c8fe0fb530\/p_20200328_171520_p_80.jpg?t=xoxe-191193697300-1501897281926-1505540481365-290cf54ffdfc380367c1af72479de92b",
                "thumb_360": "https:\/\/files.slack.com\/files-tmb\/T5M5PLH8U-F01114WLMM4-c8fe0fb530\/p_20200328_171520_p_360.jpg?t=xoxe-191193697300-1501897281926-1505540481365-290cf54ffdfc380367c1af72479de92b",
                "thumb_360_w": 360,
                "thumb_360_h": 270,
                "thumb_480": "https:\/\/files.slack.com\/files-tmb\/T5M5PLH8U-F01114WLMM4-c8fe0fb530\/p_20200328_171520_p_480.jpg?t=xoxe-191193697300-1501897281926-1505540481365-290cf54ffdfc380367c1af72479de92b",
                "thumb_480_w": 480,
                "thumb_480_h": 360,
                "thumb_160": "https:\/\/files.slack.com\/files-tmb\/T5M5PLH8U-F01114WLMM4-c8fe0fb530\/p_20200328_171520_p_160.jpg?t=xoxe-191193697300-1501897281926-1505540481365-290cf54ffdfc380367c1af72479de92b",
                "thumb_720": "https:\/\/files.slack.com\/files-tmb\/T5M5PLH8U-F01114WLMM4-c8fe0fb530\/p_20200328_171520_p_720.jpg?t=xoxe-191193697300-1501897281926-1505540481365-290cf54ffdfc380367c1af72479de92b",
                "thumb_720_w": 720,
                "thumb_720_h": 540,
                "thumb_800": "https:\/\/files.slack.com\/files-tmb\/T5M5PLH8U-F01114WLMM4-c8fe0fb530\/p_20200328_171520_p_800.jpg?t=xoxe-191193697300-1501897281926-1505540481365-290cf54ffdfc380367c1af72479de92b",
                "thumb_800_w": 800,
                "thumb_800_h": 600,
                "thumb_960": "https:\/\/files.slack.com\/files-tmb\/T5M5PLH8U-F01114WLMM4-c8fe0fb530\/p_20200328_171520_p_960.jpg?t=xoxe-191193697300-1501897281926-1505540481365-290cf54ffdfc380367c1af72479de92b",
                "thumb_960_w": 960,
                "thumb_960_h": 720,
                "thumb_1024": "https:\/\/files.slack.com\/files-tmb\/T5M5PLH8U-F01114WLMM4-c8fe0fb530\/p_20200328_171520_p_1024.jpg?t=xoxe-191193697300-1501897281926-1505540481365-290cf54ffdfc380367c1af72479de92b",
                "thumb_1024_w": 1024,
                "thumb_1024_h": 768,
                "image_exif_rotation": 1,
                "original_w": 3264,
                "original_h": 2448,
                "thumb_tiny": "AwAkADCDtV1G3RqV4B71nqSWG7kVpuRtGKjlRcpXHI6qMAGneYKgzS5qrEEhcGoo8+bIPTt3pwJx1AoyAd3Ujr7iiwXM3pgCtFv9WM1nAEngZrRY\/IKEOW4yjNNLqPvMB+NN85O25voKYiUZ9KevH\/66recxGFTj3NGZWPLYHsKlyQ+VlbJHQ4zUnLAbiT+NRHtUw6Cky7CqijtT6QUtZsoZvO\/b2p5AIOfSov8AlrU3ZvpVpEM\/\/9k=",
                "permalink": "https:\/\/usdevkit.slack.com\/files\/U5M5PLH9S\/F01114WLMM4\/p_20200328_171520_p.jpg",
                "permalink_public": "https:\/\/slack-files.com\/T5M5PLH8U-F01114WLMM4-adc0fb665d",
                "is_starred": false,
                "has_rich_preview": false
            }
        ],
        "upload": true,
        "blocks": [
            {
                "type": "rich_text",
                "block_id": "8pwgE",
                "elements": [
                    {
                        "type": "rich_text_section",
                        "elements": [
                            {
                                "type": "text",
                                "text": "Adapting tech to daily pains "
                            },
                            {
                                "type": "emoji",
                                "name": "stuck_out_tongue"
                            },
                            {
                                "type": "text",
                                "text": " ping "
                            },
                            {
                                "type": "user",
                                "user_id": "UFPCMHBA6"
                            },
                            {
                                "type": "text",
                                "text": " and the french guys"
                            }
                        ]
                    }
                ]
            }
        ],
        "user": "U5M5PLH9S",
        "display_as_bot": false,
        "ts": "1585413385.000100",
        "client_msg_id": "dccb2007-51b8-4657-9f74-72314067732d"
    },
    {
        "client_msg_id": "2aa737b1-e450-48cd-9e4a-e5b16c1f4e1c",
        "type": "message",
        "text": ":joy:",
        "user": "UFPCMHBA6",
        "ts": "1585414107.000500",
        "team": "T5M5PLH8U",
        "user_team": "T5M5PLH8U",
        "source_team": "T5M5PLH8U",
        "user_profile": {
            "avatar_hash": "g58d866706cc",
            "image_72": "https:\/\/secure.gravatar.com\/avatar\/058d866706ccd565af3a0ef21f4f199a.jpg?s=72&d=https%3A%2F%2Fa.slack-edge.com%2Fdf10d%2Fimg%2Favatars%2Fava_0017-72.png",
            "first_name": "",
            "real_name": "Benoit",
            "display_name": "",
            "team": "T5M5PLH8U",
            "name": "bvincent.dev",
            "is_restricted": false,
            "is_ultra_restricted": false
        },
        "blocks": [
            {
                "type": "rich_text",
                "block_id": "uT242",
                "elements": [
                    {
                        "type": "rich_text_section",
                        "elements": [
                            {
                                "type": "emoji",
                                "name": "joy"
                            }
                        ]
                    }
                ]
            }
        ]
    },
    {
        "client_msg_id": "865F8DBC-6B31-442B-B6C9-C619EFF726F2",
        "type": "message",
        "text": "Very nice epaper!! ",
        "user": "U8Z3VB1T2",
        "ts": "1585421144.001000",
        "team": "T5M5PLH8U",
        "user_team": "T5M5PLH8U",
        "source_team": "T5M5PLH8U",
        "user_profile": {
            "avatar_hash": "g49ad52d7df8",
            "image_72": "https:\/\/secure.gravatar.com\/avatar\/449ad52d7df89ecbe8ebe0fd87d3f63f.jpg?s=72&d=https%3A%2F%2Fa.slack-edge.com%2Fdf10d%2Fimg%2Favatars%2Fava_0026-72.png",
            "first_name": "",
            "real_name": "William Meng",
            "display_name": "",
            "team": "T5M5PLH8U",
            "name": "wlmeng11",
            "is_restricted": false,
            "is_ultra_restricted": false
        },
        "blocks": [
            {
                "type": "rich_text",
                "block_id": "u9w",
                "elements": [
                    {
                        "type": "rich_text_section",
                        "elements": [
                            {
                                "type": "text",
                                "text": "Very nice epaper!! "
                            }
                        ]
                    }
                ]
            }
        ],
        "reactions": [
            {
                "name": "wink",
                "users": [
                    "U5M5PLH9S"
                ],
                "count": 1
            }
        ]
    }
]