[
    {
        "client_msg_id": "dbd689c6-bf54-4bf4-8143-bd19fcbf74b0",
        "type": "message",
        "text": "A vintage read, thought stimuling however : <https:\/\/ia802805.us.archive.org\/8\/items\/computer-lib-dream-machines\/Computer%20Lib%2C%20Dream%20Machines%20%E2%80%93%20Ted%20Nelson%20%281974%29.pdf>",
        "user": "U5M5PLH9S",
        "ts": "1593174364.000300",
        "team": "T5M5PLH8U",
        "user_team": "T5M5PLH8U",
        "source_team": "T5M5PLH8U",
        "user_profile": {
            "avatar_hash": "e4fb6ae9f526",
            "image_72": "https:\/\/avatars.slack-edge.com\/2017-06-01\/191144530514_e4fb6ae9f526531fd41c_72.jpg",
            "first_name": "",
            "real_name": "kelu",
            "display_name": "",
            "team": "T5M5PLH8U",
            "name": "kelu",
            "is_restricted": false,
            "is_ultra_restricted": false
        },
        "blocks": [
            {
                "type": "rich_text",
                "block_id": "rEAnC",
                "elements": [
                    {
                        "type": "rich_text_section",
                        "elements": [
                            {
                                "type": "text",
                                "text": "A vintage read, thought stimuling however : "
                            },
                            {
                                "type": "link",
                                "url": "https:\/\/ia802805.us.archive.org\/8\/items\/computer-lib-dream-machines\/Computer%20Lib%2C%20Dream%20Machines%20%E2%80%93%20Ted%20Nelson%20%281974%29.pdf"
                            }
                        ]
                    }
                ]
            }
        ]
    }
]