[
    {
        "client_msg_id": "c6412a4d-3fb2-4b58-943f-492d587fa7d4",
        "type": "message",
        "text": "Nerdy thread <https:\/\/twitter.com\/TubeTimeUS\/status\/1260688848104771586?s=19|https:\/\/twitter.com\/TubeTimeUS\/status\/1260688848104771586?s=19>",
        "user": "U5M5PLH9S",
        "ts": "1589438764.001100",
        "team": "T5M5PLH8U",
        "user_team": "T5M5PLH8U",
        "source_team": "T5M5PLH8U",
        "user_profile": {
            "avatar_hash": "e4fb6ae9f526",
            "image_72": "https:\/\/avatars.slack-edge.com\/2017-06-01\/191144530514_e4fb6ae9f526531fd41c_72.jpg",
            "first_name": "",
            "real_name": "kelu",
            "display_name": "",
            "team": "T5M5PLH8U",
            "name": "kelu",
            "is_restricted": false,
            "is_ultra_restricted": false
        },
        "blocks": [
            {
                "type": "rich_text",
                "block_id": "1fky9",
                "elements": [
                    {
                        "type": "rich_text_section",
                        "elements": [
                            {
                                "type": "text",
                                "text": "Nerdy thread "
                            },
                            {
                                "type": "link",
                                "url": "https:\/\/twitter.com\/TubeTimeUS\/status\/1260688848104771586?s=19",
                                "text": "https:\/\/twitter.com\/TubeTimeUS\/status\/1260688848104771586?s=19"
                            }
                        ]
                    }
                ]
            }
        ]
    }
]