[
    {
        "client_msg_id": "e63575fc-534c-47bc-be39-4048779f2cf9",
        "type": "message",
        "text": "Now a 8GB version of the RPi4 ! <https:\/\/thepihut.com\/products\/raspberry-pi-4-model-b>",
        "user": "U5M5PLH9S",
        "ts": "1590649913.000300",
        "team": "T5M5PLH8U",
        "user_team": "T5M5PLH8U",
        "source_team": "T5M5PLH8U",
        "user_profile": {
            "avatar_hash": "e4fb6ae9f526",
            "image_72": "https:\/\/avatars.slack-edge.com\/2017-06-01\/191144530514_e4fb6ae9f526531fd41c_72.jpg",
            "first_name": "",
            "real_name": "kelu",
            "display_name": "",
            "team": "T5M5PLH8U",
            "name": "kelu",
            "is_restricted": false,
            "is_ultra_restricted": false
        },
        "attachments": [
            {
                "service_name": "The Pi Hut",
                "title": "Raspberry Pi 4 Model B",
                "title_link": "https:\/\/thepihut.com\/products\/raspberry-pi-4-model-b",
                "text": "The latest (and by far the greatest!) Raspberry Pi of 2020! Meet the Raspberry Pi 4 Model B. Available in 2GB, 4GB OR 8GB RAM options! 4K Resolution, 64 bit Quad-core CPU, Gigabit Ethernet, USB 3, WiFi, Bluetooth and USB-C power.",
                "fallback": "The Pi Hut: Raspberry Pi 4 Model B",
                "thumb_url": "http:\/\/cdn.shopify.com\/s\/files\/1\/0176\/3274\/products\/Pi4-1_1024x.jpg?v=1589462484",
                "from_url": "https:\/\/thepihut.com\/products\/raspberry-pi-4-model-b",
                "thumb_width": 1000,
                "thumb_height": 1000,
                "service_icon": "http:\/\/cdn.shopify.com\/s\/files\/1\/0176\/3274\/files\/favicon_small_02e8b2ff-81e5-4815-a4c2-0010511297a4_32x32.png?v=1576003303",
                "id": 1,
                "original_url": "https:\/\/thepihut.com\/products\/raspberry-pi-4-model-b"
            }
        ],
        "blocks": [
            {
                "type": "rich_text",
                "block_id": "ILDY",
                "elements": [
                    {
                        "type": "rich_text_section",
                        "elements": [
                            {
                                "type": "text",
                                "text": "Now a 8GB version of the RPi4 ! "
                            },
                            {
                                "type": "link",
                                "url": "https:\/\/thepihut.com\/products\/raspberry-pi-4-model-b"
                            }
                        ]
                    }
                ]
            }
        ],
        "reactions": [
            {
                "name": "raised_hands",
                "users": [
                    "U8Z3VB1T2"
                ],
                "count": 1
            },
            {
                "name": "+1",
                "users": [
                    "U6E49CNV6"
                ],
                "count": 1
            }
        ]
    }
]