0;1;277;292;497;487;508;504;506;502;508;503;506;500;503;498;504;499;502;497;498;493;495;490;492;487;490;485;488;482;485;479;482;477;480;475;477;472;475;470;472;467;470;465;467;463;465;459;462;458;460;455;457;452;455;450;452;448;450;446;447;442;444;439;441;437;439;435;435;430;432;428;430;426;428;423;425;421;423;418;420;416;418;414;415;411;413;408;410;406;408;404;405;401;403;398;401;396;399;395;396;392;393;389;391;386;389;384;386;382;384;378;380;376;378;374;375;371;373;368;369;365;367;363;365;359;362;357;359;355;357;353;355;349;352;348;349;345;347;343;345;341;342;338;340;336;338;333;335;331;332;328;330;326;328;324;325;321;322;318;320;316;318;314;315;311;313;308;310;307;308;304;305;301;303;298;303;299;299;295;296;292;294;290;292;288;301;294;288;284;285;281;283;279;281;277;279;276;280;276;281;274;273;269;270;267;268;265;266;262;268;267;266;263;268;265;265;265;265;262;264;261;266;263;266;264;268;266;291;287;270;266;265;261;265;266;268;265;343;341;271;270;266;263;265;263;265;262;266;262;306;302;271;266;265;262;266;262
0;2;301;310;505;497;516;511;514;509;511;506;508;503;505;501;503;498;500;496;498;493;495;490;493;488;491;486;488;483;485;480;483;479;482;476;478;474;476;471;473;469;471;466;468;463;465;461;463;458;461;455;456;452;453;449;451;446;449;444;446;442;444;439;441;437;439;435;436;432;434;429;431;427;429;424;426;422;424;420;421;417;419;415;417;412;414;410;411;408;409;405;407;402;403;399;401;396;398;394;395;391;392;388;390;386;388;383;385;381;382;378;380;375;378;373;375;371;372;368;370;366;368;364;365;361;363;358;360;356;358;354;355;350;353;349;350;347;349;344;346;342;343;339;341;337;339;334;335;331;332;329;330;325;327;323;324;320;322;317;319;315;318;314;315;311;313;309;310;307;308;304;306;302;307;304;302;299;300;296;297;293;295;291;295;293;295;291;288;285;286;282;283;280;282;279;281;277;279;275;283;277;274;270;271;267;269;267;267;263;268;267;271;267;266;262;266;262;266;263;265;262;268;265;266;262;267;263;301;294;268;264;265;262;266;263;265;263;343;340;277;275;266;262;265;262;265;262;268;264;312;306;271;265;265;262;265;262
0;3;288;309;500;494;512;507;510;505;508;502;505;500;502;498;503;498;501;497;498;494;496;491;493;488;491;486;488;484;485;480;483;478;481;476;478;473;475;469;472;468;470;466;467;462;464;459;462;457;460;455;457;452;454;450;452;447;449;445;447;442;444;439;442;438;440;435;436;432;435;430;432;427;430;425;427;422;423;419;421;417;419;414;416;411;413;409;410;406;408;404;405;401;402;398;400;396;397;394;395;391;392;388;390;386;387;383;385;381;383;379;381;377;379;374;376;371;373;369;370;367;369;364;366;361;362;358;360;356;358;353;354;350;352;348;350;346;347;343;344;340;342;338;340;335;337;333;334;330;332;328;330;325;327;324;325;320;322;318;320;316;318;314;315;311;313;309;310;306;308;304;309;305;303;300;303;298;300;296;296;293;295;292;292;288;295;291;289;286;285;281;283;279;282;279;279;276;280;276;281;279;273;270;270;267;268;264;266;262;267;266;269;265;269;266;265;262;265;262;265;261;269;265;268;264;267;262;297;288;267;263;265;261;267;263;266;263;343;340;273;268;266;262;264;261;264;261;265;262;309;304;274;268;266;262;265;262
0;4;294;309;502;499;515;511;514;509;512;507;509;504;506;501;504;499;500;496;497;492;495;490;493;488;490;486;487;482;484;479;482;478;480;475;477;472;474;470;472;468;470;466;468;462;465;460;463;458;460;456;457;452;454;449;452;447;449;444;446;441;443;438;441;436;438;435;435;431;433;429;430;427;428;424;425;421;423;419;420;416;418;414;416;411;413;408;411;407;408;404;405;401;403;399;400;397;399;395;396;391;392;389;390;387;388;384;385;381;382;378;380;375;378;373;375;371;371;368;370;365;368;363;364;361;362;358;360;356;358;354;354;350;353;349;351;346;348;344;346;341;343;338;340;337;338;334;336;331;333;329;331;327;329;325;326;322;322;319;320;320;319;314;315;311;312;309;311;306;309;305;309;306;308;303;302;298;300;296;297;293;296;292;294;291;292;289;288;284;286;282;284;280;282;279;281;277;278;274;275;274;274;270;271;267;269;265;266;264;267;263;267;264;271;270;266;262;266;262;265;262;267;263;268;263;266;262;306;293;268;264;266;262;267;262;267;264;348;344;279;276;268;264;266;262;266;262;265;263;311;311;270;265;267;263;265;262
0;5;282;287;504;496;516;511;514;509;512;506;509;503;505;501;503;499;501;496;498;493;495;491;493;489;491;486;488;483;485;480;483;478;482;476;478;473;475;471;473;469;471;466;468;463;465;461;463;458;461;456;457;453;454;450;452;448;450;445;447;442;444;439;442;437;439;434;436;431;433;429;431;427;429;424;426;422;423;419;421;417;419;415;416;412;414;409;411;407;409;404;405;400;402;398;400;396;398;394;394;390;392;388;389;386;387;382;384;380;382;378;380;376;378;373;375;371;372;368;370;366;368;364;365;361;363;359;361;357;358;354;355;350;353;349;350;347;348;344;345;341;343;338;340;335;337;333;334;330;332;328;329;325;326;323;324;319;321;317;319;316;317;313;314;311;312;308;310;306;308;304;305;301;303;299;309;299;299;295;296;293;294;289;292;288;297;293;287;284;285;281;283;279;280;278;278;274;281;277;281;278;274;270;271;266;269;265;266;263;270;266;270;266;266;262;266;262;265;262;265;262;266;264;267;263;267;264;295;283;267;263;265;261;265;262;266;262;349;345;270;268;267;263;265;262;265;262;265;262;306;304;273;268;265;262;265;261
0;6;285;299;499;492;511;507;510;506;511;507;509;504;506;501;504;498;501;496;498;493;495;491;493;488;491;486;488;483;485;480;482;477;480;475;477;472;474;469;472;467;469;465;467;462;464;460;462;458;460;455;457;452;455;450;452;448;450;445;447;442;444;440;442;438;440;435;436;432;434;430;431;426;429;424;426;422;422;418;419;415;418;413;415;411;412;408;410;405;407;404;404;401;403;398;400;396;398;394;395;391;392;388;390;387;387;383;385;381;382;378;380;376;377;373;375;371;372;368;370;366;368;364;365;360;362;358;359;356;357;353;354;349;351;348;349;345;347;343;344;340;342;338;340;335;337;333;334;330;332;328;329;325;327;323;324;320;322;317;320;316;318;314;315;310;312;309;310;307;308;304;309;305;303;299;304;297;299;295;296;292;295;291;292;288;296;291;287;284;285;281;283;279;282;278;280;276;279;275;278;274;273;269;270;267;268;264;266;263;268;265;268;264;270;270;265;262;268;265;265;261;266;262;270;268;266;262;299;283;267;263;265;262;265;262;267;264;342;340;272;272;266;262;265;262;264;262;265;263;306;305;270;266;265;262;266;262
0;7;291;300;506;498;516;512;515;509;513;508;509;504;506;502;505;500;501;497;498;494;496;491;493;488;491;486;487;483;485;480;483;478;481;476;478;473;475;470;472;468;471;466;467;463;465;460;462;458;461;456;457;453;455;450;452;448;451;446;447;443;445;440;443;438;439;434;435;431;433;428;431;427;429;424;425;421;423;419;421;416;419;415;416;412;413;409;411;407;409;405;406;401;403;398;401;396;399;394;396;391;393;389;391;387;388;384;385;381;382;379;380;376;377;373;374;370;372;368;370;365;368;363;365;361;362;358;360;356;358;354;354;351;353;349;350;346;348;344;345;341;343;338;340;336;338;334;335;331;332;329;330;326;328;324;325;321;321;318;319;316;318;314;315;311;311;308;310;306;308;304;305;302;303;303;301;297;299;295;296;293;294;290;292;292;292;289;288;284;285;281;283;280;282;279;281;276;278;274;274;271;278;271;271;267;268;265;268;264;266;262;270;265;267;263;268;266;266;262;266;263;267;265;267;263;267;266;293;290;267;264;265;262;266;263;265;262;347;343;272;277;266;263;266;262;265;262;266;264;307;307;270;265;266;262;266;262
0;8;288;300;500;493;512;508;510;505;508;503;505;500;502;497;502;498;500;496;498;493;496;491;493;488;491;486;488;483;485;480;483;478;481;476;478;473;475;471;473;468;471;466;468;463;465;461;463;459;461;456;457;453;454;450;452;448;450;445;447;442;445;440;442;438;440;435;437;432;434;430;432;428;430;425;427;423;424;420;422;418;420;416;417;413;414;409;411;407;409;404;406;401;403;399;401;396;398;394;395;392;393;388;391;387;389;384;386;382;383;380;381;377;379;375;376;372;374;369;371;367;369;364;366;361;364;359;361;358;358;354;355;351;353;349;350;347;349;345;346;341;342;339;340;336;338;333;335;331;333;329;330;326;328;324;325;321;323;318;320;317;319;315;315;312;314;309;311;307;309;305;306;302;304;300;305;299;301;296;297;293;294;291;292;288;296;292;289;285;287;282;284;280;282;278;279;276;281;278;275;272;274;270;271;267;268;265;266;263;266;263;272;267;270;266;266;262;265;262;265;262;265;263;270;268;267;263;287;284;267;263;265;262;265;262;268;265;344;339;270;271;267;263;265;262;265;262;266;265;307;303;271;266;265;262;265;262
0;9;293;313;503;496;515;511;514;509;512;507;509;503;505;501;503;499;501;496;498;493;496;491;493;489;491;486;488;483;485;480;482;478;480;476;477;473;474;470;472;467;470;465;468;462;464;460;462;457;460;455;457;452;454;449;452;447;450;445;447;442;444;440;442;438;440;435;437;432;434;430;431;427;429;424;425;421;422;418;420;416;418;414;415;411;413;408;410;406;408;404;405;401;403;399;401;397;398;394;395;391;393;388;390;386;388;383;385;381;383;379;380;376;378;374;376;372;373;369;371;366;368;364;365;361;362;358;359;355;357;353;354;349;352;348;349;346;348;343;345;340;342;338;340;335;337;333;335;331;332;328;329;325;327;323;325;321;322;318;320;316;318;314;316;311;313;309;311;306;309;304;306;304;305;304;306;300;299;295;296;292;293;291;292;290;296;290;289;286;287;283;285;281;285;281;280;278;280;276;278;277;273;270;270;267;268;265;266;263;267;265;267;264;266;262;267;263;266;264;265;262;267;263;266;262;270;267;306;296;268;264;265;262;265;262;265;261;346;345;276;273;267;262;265;262;265;262;265;262;309;306;271;265;266;262;265;262
0;10;284;303;504;496;516;512;514;509;512;507;509;504;505;501;504;499;501;496;498;493;495;490;493;488;491;486;488;483;486;480;483;478;481;476;478;473;475;470;472;468;470;466;468;463;465;461;463;458;461;456;457;453;455;450;453;448;451;446;448;443;445;440;443;439;440;436;436;432;434;430;432;428;429;425;426;422;423;419;421;417;419;415;417;412;414;410;411;407;409;404;406;401;403;399;401;397;399;395;396;392;393;390;390;386;388;383;385;381;383;379;381;376;378;374;375;372;373;368;371;366;368;364;366;361;363;359;361;357;358;354;355;350;353;348;350;347;349;344;345;341;343;338;340;337;339;334;336;331;333;329;331;327;329;324;325;321;322;318;320;316;318;314;315;311;312;308;310;306;308;304;305;301;310;306;302;298;299;296;296;293;294;290;293;293;294;291;288;284;285;282;283;279;281;278;280;276;279;275;274;274;274;270;271;267;268;265;266;263;266;262;271;267;269;265;266;262;265;261;265;262;265;263;270;265;265;262;295;296;267;263;265;261;265;262;267;264;345;339;270;272;266;263;264;261;265;261;266;265;307;304;270;264;265;261;265;262
0;11;291;299;496;489;507;503;509;505;508;502;508;503;505;500;503;498;501;495;498;493;495;490;493;488;490;486;488;483;485;480;483;478;481;476;478;473;475;471;473;468;471;466;468;463;465;460;462;458;460;455;458;452;455;449;451;447;449;445;446;442;444;439;441;437;439;435;436;431;433;429;431;427;429;425;426;422;423;419;421;417;419;414;415;411;413;408;410;407;409;404;405;401;402;398;399;396;398;393;395;391;392;388;390;386;387;383;385;380;382;379;380;376;378;374;375;371;373;368;370;366;368;364;366;361;363;359;361;357;358;354;356;350;353;349;350;346;348;343;345;341;342;338;340;336;337;333;334;330;332;328;330;325;327;323;325;320;322;318;319;316;317;313;315;310;312;309;310;306;308;304;306;301;303;299;302;298;299;295;297;292;294;290;292;288;296;290;288;284;285;281;283;280;282;278;279;276;281;277;283;277;273;270;274;270;268;265;266;263;270;267;268;263;267;263;266;263;266;261;265;261;267;264;266;262;270;264;288;288;267;263;268;262;265;262;268;264;346;340;270;270;268;264;265;262;267;263;266;264;307;303;271;266;266;263;265;262
0;12;298;314;503;497;515;511;513;509;512;506;509;503;505;501;503;499;502;496;498;494;496;491;494;489;492;487;488;484;486;481;484;479;481;477;478;473;475;470;473;468;470;466;467;462;465;460;462;458;461;456;458;453;455;450;452;448;450;445;448;443;445;441;443;438;441;436;437;433;435;431;433;428;431;426;427;423;425;420;421;416;419;415;416;412;413;409;411;407;409;405;406;402;403;399;401;397;398;394;395;391;393;389;390;387;388;384;386;381;384;380;381;378;379;375;376;372;373;369;371;367;369;364;366;361;363;359;360;356;358;354;354;350;352;349;351;346;348;344;345;341;342;337;340;336;337;334;335;331;332;328;330;326;328;324;325;321;323;318;320;317;318;314;316;311;313;310;311;307;309;304;310;305;306;303;302;298;299;295;296;293;295;292;292;290;291;287;287;284;285;281;283;279;282;278;280;276;277;273;274;271;273;270;270;267;268;264;266;263;266;262;269;266;271;267;266;263;265;262;266;262;265;262;268;266;265;262;290;286;267;264;265;262;265;261;268;264;349;342;270;272;267;262;265;262;265;261;266;264;308;305;272;267;265;262;265;262
0;13;278;297;495;488;506;502;504;499;502;497;498;492;495;490;500;495;498;493;495;491;493;488;490;486;488;483;485;480;483;478;481;476;478;474;475;470;473;468;470;466;468;464;465;460;463;458;460;456;458;454;455;450;453;448;450;446;449;444;445;440;442;438;439;435;437;433;434;429;431;427;429;424;427;423;424;419;421;416;419;415;417;412;413;409;411;406;409;404;406;402;403;399;401;397;398;395;397;393;393;389;390;386;388;384;385;381;383;379;380;376;378;374;376;372;373;369;372;367;368;364;366;362;363;359;360;357;359;354;357;352;353;349;351;347;349;345;347;343;344;340;341;337;339;335;337;333;334;330;332;327;329;325;327;323;323;319;321;316;318;315;317;313;314;310;311;307;309;305;307;303;305;301;302;299;308;303;298;294;295;292;293;290;291;287;296;292;287;284;285;281;283;279;281;277;278;275;280;276;282;278;274;270;270;267;268;265;267;263;269;266;268;263;266;262;266;263;265;262;265;261;268;265;266;263;269;264;289;284;267;263;265;262;265;261;266;263;345;343;277;277;266;262;265;261;265;262;267;264;309;308;269;265;265;262;265;261
0;14;295;290;503;495;514;510;513;508;511;506;508;503;504;500;503;498;500;495;497;493;495;490;493;487;491;486;487;483;484;480;483;478;481;476;477;473;475;471;473;468;471;466;467;462;464;460;462;458;460;455;456;451;453;449;451;446;449;444;446;442;443;439;441;436;438;435;435;431;433;429;431;426;429;424;426;422;423;419;421;416;419;414;415;411;413;408;410;407;408;403;405;401;402;398;400;396;398;394;395;390;392;388;390;386;387;384;385;381;382;379;380;376;378;373;376;371;372;369;370;366;368;364;365;361;362;359;361;356;358;354;355;350;353;348;350;345;347;344;345;340;341;337;339;335;337;333;334;330;331;327;328;325;326;323;324;319;321;317;319;315;317;313;315;310;312;308;310;306;308;304;305;301;303;299;302;298;298;295;296;292;293;290;291;287;295;289;287;283;285;281;282;279;281;278;279;277;279;274;278;275;273;269;270;267;268;265;266;263;269;266;274;268;266;262;268;265;266;262;265;262;267;266;267;264;266;263;302;285;267;264;265;262;268;265;268;265;345;339;270;274;266;263;265;262;267;262;265;264;307;306;272;267;266;262;265;262
0;15;285;307;504;498;516;511;514;509;512;507;509;504;506;502;504;499;502;497;499;494;496;492;494;489;492;486;488;484;485;481;484;479;481;476;477;472;475;470;472;468;470;466;467;463;464;460;462;458;460;456;457;452;454;450;452;447;450;446;447;442;445;440;442;438;440;435;437;432;434;431;433;428;430;426;427;423;424;420;421;417;419;415;416;412;414;410;411;406;409;405;406;402;403;399;401;397;399;395;395;392;393;389;391;387;388;384;386;382;384;380;382;378;379;375;376;372;373;369;371;367;369;364;365;361;362;357;360;355;357;353;354;349;352;348;350;345;348;343;345;341;342;338;340;336;338;334;335;331;332;329;330;326;328;324;325;321;323;318;320;316;318;314;315;311;313;309;311;307;308;304;306;302;303;300;302;298;299;295;297;292;293;290;291;288;293;289;290;283;285;281;283;279;281;277;278;274;278;274;278;274;273;269;270;266;268;264;266;263;268;264;271;264;274;269;266;263;266;262;265;262;271;269;272;267;267;264;289;280;267;264;267;263;265;262;268;265;347;344;270;265;266;263;266;263;265;262;265;263;307;304;270;265;265;262;265;262
0;16;289;305;496;490;508;503;508;504;505;500;503;498;503;498;501;496;499;494;496;491;493;488;491;486;489;484;486;481;483;478;481;476;479;474;476;470;473;469;471;466;469;464;466;461;463;458;461;457;459;454;456;451;453;449;451;446;449;444;444;440;441;437;439;434;437;432;434;429;431;427;429;425;427;422;424;419;421;417;419;415;417;412;414;410;411;407;409;405;407;403;404;399;401;398;399;395;395;391;393;388;390;386;388;384;385;381;383;378;380;376;378;374;376;371;373;369;370;366;368;364;366;362;363;359;361;357;359;354;356;352;353;348;351;347;349;344;350;346;344;339;341;337;339;334;337;332;336;331;331;327;327;324;325;321;323;318;320;316;319;315;316;312;313;309;310;307;309;305;307;303;304;300;302;300;300;296;297;294;295;291;292;288;290;287;291;287;286;282;284;280;282;278;280;277;280;276;278;275;279;276;281;270;272;268;269;266;268;264;268;265;269;266;275;272;265;262;265;261;265;262;266;263;271;268;266;263;285;283;267;263;265;261;267;262;269;265;342;337;270;265;266;263;265;263;266;262;267;267;306;302;270;266;266;263;265;262
0;17;298;301;504;496;515;511;513;509;511;506;508;503;505;501;503;499;501;496;498;493;495;491;493;488;491;486;488;483;485;480;483;478;481;476;478;473;476;471;473;469;470;466;467;462;465;460;462;458;460;455;457;452;454;450;452;447;449;445;447;442;444;439;441;438;439;435;436;432;434;430;432;428;430;425;427;422;424;420;422;417;419;415;416;413;414;410;412;407;410;405;405;401;402;398;400;396;397;394;395;391;392;388;390;386;387;384;385;381;383;379;380;377;378;374;376;371;373;369;371;367;368;364;366;361;363;359;361;357;358;354;355;350;352;348;350;346;348;344;345;341;341;338;340;335;337;333;334;330;332;327;329;325;327;324;324;320;322;317;319;316;317;314;315;310;312;308;310;307;307;304;305;301;303;299;301;298;299;295;296;292;293;290;291;288;293;288;292;289;286;283;285;281;283;279;281;278;281;277;277;273;273;270;270;267;268;264;269;266;268;265;272;269;270;262;266;263;267;264;265;262;266;263;270;266;267;263;291;289;269;264;265;262;265;262;267;264;347;340;270;273;266;263;265;262;265;262;266;265;307;304;270;265;265;262;265;261
0;18;282;294;500;494;512;508;511;506;509;503;505;500;502;498;504;499;502;497;499;494;495;491;493;488;491;486;487;482;484;480;482;478;480;475;477;472;475;470;472;468;470;465;467;462;465;460;462;458;460;455;458;453;454;450;452;447;451;445;448;443;445;441;442;438;440;436;437;432;435;430;432;428;430;425;427;422;424;420;421;417;419;414;416;411;413;409;410;407;408;405;406;401;403;399;401;397;399;395;396;391;393;389;391;387;389;383;386;382;384;380;381;377;379;374;376;371;372;368;370;366;368;364;365;361;362;358;360;356;358;354;355;350;353;348;350;346;348;344;345;341;342;338;340;336;338;334;335;331;332;329;330;326;328;324;325;321;322;318;320;316;318;314;316;311;312;308;310;305;307;303;305;301;303;298;302;297;298;294;295;291;293;289;291;287;294;289;287;283;284;280;282;279;280;277;280;275;280;275;274;273;277;271;270;267;268;265;266;262;265;262;274;271;269;268;265;262;265;262;265;262;270;268;270;266;265;262;298;285;267;263;265;262;269;265;266;262;345;344;270;272;266;262;265;262;266;262;264;262;307;305;271;265;265;262;265;261
0;19;294;302;504;497;516;512;514;509;512;506;509;503;504;500;502;498;500;495;497;492;494;490;492;487;490;485;487;482;484;480;483;478;480;475;477;473;475;470;472;468;470;466;468;463;465;461;463;458;461;456;458;453;455;450;452;448;450;445;446;442;444;439;441;437;439;434;435;431;433;429;431;426;429;424;425;422;423;419;421;416;419;414;416;411;413;409;411;407;409;404;406;401;402;398;400;396;398;394;395;391;393;388;390;386;387;382;384;380;382;378;380;376;378;373;375;371;372;368;369;366;368;364;365;361;362;358;360;356;358;354;354;350;352;348;350;346;348;343;345;340;342;338;340;336;338;333;334;331;332;328;330;325;327;324;324;320;321;317;319;316;317;314;315;310;312;308;310;309;308;304;305;301;303;302;301;297;299;294;297;293;293;290;292;288;290;287;287;284;285;281;283;279;281;277;279;275;276;272;276;275;273;270;271;267;268;265;266;263;266;265;270;265;269;265;265;262;267;262;265;261;268;266;269;265;265;262;298;285;268;264;265;262;266;262;267;263;346;341;271;270;266;263;265;261;265;262;267;265;308;305;272;266;265;261;265;262
0;20;301;317;503;498;515;511;514;509;512;506;508;504;506;500;504;498;501;496;498;493;494;489;492;487;489;484;486;481;484;479;482;477;479;474;476;471;473;469;471;467;468;463;466;460;462;458;460;456;458;453;455;450;452;448;450;445;448;443;445;440;442;438;440;435;438;433;434;430;433;428;430;425;427;423;425;420;422;417;420;415;418;413;415;410;412;408;410;406;407;403;404;400;401;397;399;395;396;392;394;389;391;387;389;385;386;382;384;380;381;377;379;375;377;372;374;370;371;367;369;365;367;362;364;360;361;357;358;354;355;350;351;347;350;345;348;343;345;341;343;338;340;336;338;334;336;331;333;329;330;329;328;324;326;322;323;319;320;317;318;315;317;312;314;310;311;307;309;305;307;303;309;305;306;301;300;296;297;293;294;291;294;289;292;290;290;287;285;282;283;280;281;278;280;277;279;275;277;273;279;277;272;269;270;266;268;264;268;266;267;266;270;268;266;267;265;262;267;263;265;262;268;266;268;265;267;262;288;285;268;264;265;261;266;262;267;266;345;336;270;269;266;263;265;262;265;261;267;268;307;304;268;264;266;261;265;262
0;21;289;293;498;489;508;504;507;502;505;499;505;504;506;502;504;500;502;497;499;494;497;492;493;488;491;486;489;483;486;481;483;479;481;476;478;474;475;471;473;468;471;467;468;464;465;461;463;459;461;456;458;453;456;451;453;449;451;447;449;444;446;440;443;439;441;437;438;433;435;432;433;429;430;426;427;423;424;420;422;418;420;415;417;413;415;410;412;408;410;406;407;403;404;400;402;398;400;396;397;393;394;390;392;388;390;385;388;383;385;381;382;378;380;375;377;372;374;370;371;367;369;365;367;362;364;360;361;358;360;355;357;352;354;350;352;348;350;346;347;343;344;340;342;338;340;336;337;333;334;330;332;328;330;326;327;323;324;320;322;318;320;316;317;313;314;310;311;307;309;305;306;301;304;300;301;297;299;295;297;293;294;291;292;289;290;287;288;284;289;286;283;280;281;277;278;274;276;272;282;278;273;270;270;267;268;265;266;263;266;263;271;271;266;264;271;267;265;262;265;261;265;261;266;263;275;269;299;295;267;263;265;262;265;262;270;268;348;345;271;273;266;262;265;262;266;263;267;264;308;306;270;265;265;261;265;261
0;22;281;302;504;498;516;511;515;510;512;507;510;504;506;501;503;499;501;496;498;493;496;491;493;488;491;486;488;483;486;481;484;479;481;476;478;473;476;471;473;469;472;467;468;463;466;461;464;459;462;457;458;454;456;451;453;449;451;447;448;443;445;441;443;438;440;436;437;432;434;430;433;428;430;426;427;423;425;420;422;418;420;416;417;413;415;410;413;408;410;406;407;403;405;401;402;398;400;396;397;393;395;391;393;389;390;385;387;383;384;380;382;378;380;375;377;373;374;370;372;368;370;366;367;363;365;361;362;359;360;356;357;352;355;350;353;348;350;346;347;343;344;340;342;338;340;336;336;332;334;330;332;327;329;325;327;322;323;319;321;317;319;315;316;312;313;309;312;307;309;305;306;302;303;300;302;298;300;295;297;293;294;290;292;288;290;287;287;284;285;281;283;279;281;277;277;274;276;272;275;271;274;272;272;268;268;265;266;262;268;265;267;265;268;271;272;263;265;262;265;262;265;261;265;264;274;269;286;283;267;263;265;262;265;262;267;266;352;349;274;268;266;263;265;261;265;262;265;263;308;306;271;267;265;262;265;262
0;23;283;292;504;492;516;511;514;510;512;507;510;504;506;501;504;499;501;497;499;494;496;491;493;489;491;486;489;484;486;481;484;479;482;476;479;474;475;471;473;469;471;466;468;464;465;460;463;458;461;456;458;453;455;450;453;448;451;446;448;444;445;440;443;438;440;435;438;432;435;430;433;428;431;426;428;424;425;421;422;418;421;416;418;413;415;411;413;408;410;405;408;403;404;400;402;398;400;396;398;393;395;391;392;388;390;386;388;384;386;381;384;379;381;377;378;374;375;371;373;368;370;367;368;363;365;360;362;358;359;355;357;350;354;349;351;347;349;345;347;342;344;340;342;338;340;336;337;333;334;330;332;328;330;326;327;323;324;320;322;318;320;316;317;313;315;310;312;308;309;305;307;303;305;300;302;298;300;296;297;293;294;290;292;288;290;286;288;284;289;282;283;279;281;277;279;274;278;272;280;274;273;269;270;267;268;265;266;263;267;265;268;265;267;270;269;263;265;262;265;261;270;265;265;264;278;273;309;289;268;263;266;264;267;264;267;265;346;343;270;266;266;263;266;262;265;262;266;264;306;302;273;265;265;262;265;262
0;24;285;307;499;495;515;511;515;509;513;507;509;504;506;501;504;499;502;497;498;493;496;491;494;489;491;487;488;483;485;480;483;479;481;476;478;473;476;471;473;469;471;466;468;463;465;461;463;459;462;456;458;454;455;451;453;448;451;446;448;444;445;440;443;438;441;437;437;433;435;430;433;429;430;426;427;423;425;420;422;418;419;415;417;412;414;409;412;408;410;405;407;402;404;400;401;398;400;395;397;392;394;390;392;388;390;384;387;383;384;380;382;377;380;376;376;373;374;370;371;367;369;365;366;363;364;359;362;357;359;356;356;352;354;349;352;348;350;346;347;342;344;340;342;338;340;335;337;332;334;330;332;328;330;325;327;323;323;320;321;317;320;315;316;312;313;309;312;306;309;305;306;302;303;299;301;298;299;296;297;293;294;290;292;289;290;287;288;287;286;283;283;280;284;281;278;274;276;273;278;275;273;269;272;268;268;265;266;263;267;263;273;272;265;265;267;264;266;261;265;262;265;264;265;261;274;268;287;282;268;264;265;262;265;266;266;265;347;344;269;269;266;262;265;262;265;261;266;263;307;302;270;265;265;262;265;263
0;25;303;325;505;500;515;511;513;509;512;506;508;503;505;501;503;499;501;496;498;493;496;490;494;488;491;486;488;483;485;480;483;478;481;476;478;473;476;471;473;469;471;466;468;464;466;461;463;459;461;457;458;453;455;450;453;448;450;445;447;442;445;440;443;438;441;436;437;432;435;430;433;428;430;426;427;423;424;420;422;418;420;416;417;413;415;410;413;408;410;406;407;403;405;401;402;399;400;396;397;393;395;391;392;389;390;386;387;383;385;381;382;378;380;376;377;373;374;370;372;368;370;366;367;363;364;360;362;358;359;355;356;352;354;350;352;348;350;345;347;342;344;340;341;337;339;335;336;332;334;329;331;328;329;325;326;322;323;319;321;318;319;315;316;312;313;310;311;307;309;305;306;303;304;300;302;298;299;295;297;293;294;290;292;288;294;289;287;284;284;281;282;279;280;277;279;275;276;272;275;271;272;269;270;266;268;264;267;264;268;265;269;263;268;272;270;267;265;262;265;262;266;263;265;265;274;271;284;279;267;263;265;262;266;263;270;268;347;340;273;273;266;263;265;262;265;262;267;267;308;303;270;267;265;262;265;262
0;26;289;295;495;488;508;503;506;501;504;499;501;496;498;493;503;498;501;497;499;494;497;491;493;488;491;486;489;483;486;480;483;479;481;477;478;473;476;471;472;468;470;466;468;463;465;461;463;458;461;456;458;453;455;451;453;448;451;446;448;443;445;440;443;438;441;436;437;433;435;430;432;429;430;426;428;423;425;421;423;418;420;416;418;413;415;410;413;409;411;406;407;403;404;400;402;398;400;396;397;393;395;390;393;389;390;385;387;383;385;380;382;378;380;376;377;373;374;370;372;368;370;366;367;363;364;360;362;358;360;355;356;351;354;349;352;348;350;345;347;343;344;340;342;338;340;336;337;333;334;330;331;327;329;325;326;322;323;318;321;317;319;315;316;312;314;309;311;307;309;305;306;302;304;300;302;297;299;295;296;293;294;290;292;288;290;286;287;283;289;286;283;279;280;277;278;274;276;272;279;276;273;269;270;266;268;265;266;263;266;262;273;267;270;268;267;263;266;262;265;262;267;263;271;264;275;267;311;298;268;263;265;262;267;264;269;268;347;342;274;270;266;263;265;261;266;263;267;264;308;304;270;265;265;262;265;261
0;27;282;286;504;497;516;512;515;510;513;507;510;504;507;502;505;499;502;497;499;494;496;491;494;489;492;487;489;484;486;481;484;479;482;477;478;473;475;471;473;469;471;466;469;463;466;461;464;459;462;457;459;454;456;452;453;449;452;447;449;444;446;441;444;439;442;437;438;434;436;431;433;429;431;427;428;424;426;421;423;419;421;417;418;414;416;412;413;409;411;407;408;404;405;401;403;399;401;396;398;393;395;391;393;389;391;386;388;384;386;382;383;380;381;377;379;374;376;372;373;369;371;367;368;363;365;361;363;358;361;356;358;352;355;351;352;349;351;346;347;343;345;341;343;338;341;336;337;334;335;331;333;329;330;326;328;323;325;320;322;318;320;316;317;312;314;310;312;308;310;306;307;303;305;300;302;298;300;296;297;293;294;291;292;289;290;286;291;287;286;282;283;279;281;277;278;274;276;275;276;273;273;270;270;267;268;265;266;262;267;264;267;263;272;269;269;266;265;262;265;262;265;261;268;264;269;267;293;292;267;264;265;262;268;265;270;266;350;347;270;265;266;262;266;263;265;261;265;262;308;305;273;266;266;262;266;263
0;28;299;321;504;499;516;511;515;509;512;507;509;504;506;500;504;499;501;496;498;493;496;491;493;489;491;486;489;483;486;480;484;479;482;476;478;473;476;472;473;469;471;466;468;464;465;461;463;458;462;456;458;454;455;451;453;447;450;446;447;443;445;440;443;438;440;436;437;432;435;430;432;429;430;426;428;423;425;421;422;418;420;416;418;413;415;411;412;409;411;406;408;403;405;401;403;399;401;396;398;394;395;392;393;389;390;385;386;383;384;381;383;378;380;376;377;373;374;370;372;367;369;366;366;363;364;360;362;358;359;356;356;352;354;350;352;348;350;346;347;342;344;339;342;338;339;335;336;332;334;330;332;328;329;325;327;323;324;320;321;317;319;315;316;312;313;310;312;307;309;305;306;302;304;300;301;298;299;296;297;293;294;290;292;288;293;289;287;284;285;281;282;279;280;277;278;275;276;272;278;275;273;269;270;266;268;265;267;264;267;263;268;265;269;271;271;264;266;263;265;262;265;262;267;264;279;272;288;285;267;263;265;262;265;262;269;267;348;342;270;269;266;263;265;261;265;262;267;265;306;301;271;266;265;262;265;262
0;29;299;307;500;494;512;507;510;505;512;506;509;504;506;502;504;499;501;496;499;494;496;491;493;489;491;486;488;483;485;481;483;479;481;477;478;473;475;471;473;468;471;466;468;463;465;460;463;458;461;456;458;453;455;451;452;448;451;446;448;443;445;440;443;438;440;436;437;433;435;430;432;428;431;426;427;423;425;420;422;418;420;416;417;413;415;411;412;408;410;406;407;403;404;401;402;398;400;395;396;392;394;390;392;388;389;384;387;382;384;380;381;377;379;375;376;372;374;370;371;367;369;365;367;362;364;360;362;358;360;355;356;351;354;350;351;347;349;344;346;342;344;339;341;337;339;335;336;332;333;329;331;327;329;325;326;322;322;319;321;317;319;315;316;312;313;309;311;307;309;304;306;302;304;300;301;298;299;295;296;292;294;290;292;288;290;285;287;287;286;281;282;279;283;280;277;273;275;272;275;272;272;268;271;267;267;264;265;262;267;263;273;265;269;265;273;269;265;262;265;262;272;269;267;264;272;267;291;280;270;267;265;263;270;270;267;265;346;345;271;270;267;263;265;263;265;262;265;263;307;304;268;265;265;262;266;262
0;30;294;307;504;501;516;512;515;511;513;508;510;505;507;502;504;500;502;497;499;494;496;491;493;489;492;486;488;483;485;481;484;479;482;477;478;474;476;472;473;469;471;467;468;464;466;461;463;459;462;457;458;454;456;451;454;449;451;447;448;444;446;441;443;439;441;437;437;433;435;431;433;429;430;425;427;423;425;421;422;418;420;416;418;413;415;411;413;409;411;406;407;403;405;401;403;398;400;396;398;394;395;391;393;389;391;386;388;384;386;382;384;379;381;377;378;374;376;372;373;369;371;367;368;364;365;360;362;358;360;356;357;352;355;350;353;348;350;346;347;343;345;341;342;338;340;336;337;333;335;331;333;328;330;326;327;324;325;321;322;318;320;316;317;313;314;310;312;308;310;306;307;303;305;301;302;299;300;297;297;293;294;291;292;288;290;286;287;284;285;282;283;279;281;277;278;274;276;272;278;272;273;270;270;267;268;265;266;263;266;264;268;265;269;265;271;265;265;262;265;261;265;261;267;263;274;270;294;282;267;263;265;262;265;262;271;268;349;343;270;270;266;263;265;262;265;262;266;264;307;302;272;266;265;262;265;262
0;31;299;321;497;491;508;503;507;501;505;499;501;496;499;493;503;498;502;497;499;494;497;491;494;489;491;487;489;484;486;481;484;479;482;477;479;473;476;471;474;469;471;466;469;463;466;461;464;459;462;457;458;454;455;451;452;448;451;446;447;443;445;440;442;438;440;436;437;433;435;430;433;428;430;426;428;422;425;421;422;419;420;416;417;413;415;411;413;409;411;406;408;403;405;401;403;399;401;396;398;393;395;391;392;388;390;385;387;382;384;381;382;378;380;376;377;373;374;370;372;367;370;365;367;363;364;360;362;358;360;356;357;352;355;350;352;349;350;346;348;343;344;340;342;338;340;336;337;333;334;330;331;328;330;325;327;322;323;320;321;317;320;315;316;312;314;310;311;307;309;305;306;302;304;300;301;298;299;296;296;293;294;290;292;288;290;286;287;283;286;281;283;279;281;277;278;274;276;273;277;273;272;269;270;266;268;264;267;264;267;263;268;263;265;266;275;266;265;262;265;262;264;261;264;262;279;276;291;285;267;263;265;261;264;261;267;264;351;348;274;272;266;262;265;261;265;262;266;263;309;305;269;264;265;262;264;262
0;32;299;330;505;498;516;512;515;510;513;507;510;504;507;502;504;499;502;497;499;494;496;492;494;489;492;487;489;484;486;481;484;479;482;477;478;473;475;471;473;468;471;466;468;463;466;461;464;459;461;456;458;453;455;451;453;448;451;446;448;443;445;440;443;439;441;436;437;433;435;431;433;429;431;426;428;424;426;422;423;419;422;417;418;414;415;411;413;408;410;406;407;403;404;400;402;398;400;395;397;392;394;390;392;388;389;385;386;383;384;380;382;378;380;376;377;373;375;371;372;368;371;366;368;363;365;361;363;358;360;356;357;352;355;351;352;347;350;345;346;342;343;339;342;337;340;335;336;332;334;329;332;327;329;325;326;322;324;319;321;318;319;315;317;312;314;310;312;308;310;305;307;303;304;300;301;298;299;296;297;292;293;290;292;288;290;286;287;283;285;281;283;278;280;276;277;273;275;271;277;273;275;272;269;266;267;264;266;262;265;262;269;265;276;276;267;263;265;262;265;261;265;261;267;269;275;270;289;280;267;263;268;265;265;261;270;267;352;349;270;268;267;264;265;262;265;262;266;263;307;303;268;265;266;262;265;261
0;33;269;270;503;494;516;511;514;509;513;507;509;504;506;501;504;499;501;497;498;493;495;491;493;488;491;486;488;483;485;480;483;478;481;476;478;473;475;470;473;468;471;466;468;463;465;460;463;458;461;456;457;453;455;450;453;448;450;446;447;442;444;440;442;438;440;436;437;432;433;429;431;427;429;425;427;422;424;420;422;417;419;415;417;413;414;409;412;408;410;405;407;403;404;400;402;398;400;396;397;393;394;391;392;388;390;385;387;383;385;381;383;378;380;376;377;373;375;370;372;368;369;365;366;361;363;359;361;357;359;355;356;351;354;350;351;347;349;344;346;342;343;340;341;337;339;335;337;333;334;330;332;328;330;326;327;323;324;320;322;318;319;315;316;312;313;310;311;307;309;305;306;302;303;299;301;297;299;295;296;292;293;290;291;287;289;285;287;283;289;284;282;278;280;276;277;273;275;272;277;274;272;269;269;266;267;264;265;262;265;261;267;263;267;264;273;267;265;261;265;261;265;261;265;261;280;277;295;293;267;263;265;261;265;262;267;264;346;345;271;273;266;263;265;262;265;261;266;262;305;302;272;266;265;261;264;262
0;34;293;308;495;490;508;504;509;504;508;503;504;499;505;500;504;499;501;496;498;493;496;491;493;489;491;487;488;483;485;480;483;478;481;476;478;473;476;471;473;469;471;467;468;464;466;461;463;459;461;456;458;453;455;450;453;448;451;446;447;442;444;440;442;438;440;435;437;432;434;430;432;428;430;425;427;423;425;421;422;419;420;417;418;413;415;411;413;409;411;406;408;403;404;401;402;399;400;396;398;393;395;391;392;388;389;385;387;383;384;381;382;378;380;375;377;372;374;370;372;368;370;365;367;363;364;360;362;358;360;356;356;352;354;350;352;348;350;346;347;343;345;340;342;339;339;335;337;332;333;330;331;327;328;324;326;321;323;319;321;317;319;315;315;312;313;309;311;307;308;305;306;302;303;300;302;298;299;295;297;293;294;290;292;289;290;287;288;284;285;281;286;280;280;277;277;273;275;271;276;270;273;269;269;265;267;263;265;262;266;263;267;262;278;280;271;264;266;263;266;262;266;262;271;270;278;270;291;282;267;263;265;262;265;262;270;270;355;349;270;269;265;262;265;262;265;262;266;265;306;304;268;264;266;262;265;261
0;35;281;296;505;496;517;512;515;510;513;508;510;505;507;502;505;500;502;497;499;494;497;492;494;489;492;487;489;484;486;481;484;479;482;476;478;473;476;471;473;468;471;467;468;464;466;461;464;459;461;457;458;453;456;451;453;449;451;447;448;444;446;441;443;439;441;437;438;433;435;431;434;429;431;427;428;424;425;421;423;419;421;417;418;414;415;411;413;408;410;406;407;403;404;400;402;398;400;396;397;393;394;391;393;389;390;385;387;384;385;381;383;378;381;376;378;374;375;371;373;369;371;366;368;364;365;361;363;359;360;356;357;352;355;351;352;348;350;345;346;342;344;340;342;337;340;335;336;333;334;330;331;327;329;325;327;323;324;319;322;318;320;316;317;313;315;310;312;308;310;306;307;303;305;301;302;298;299;295;296;292;293;290;291;287;289;285;287;283;285;281;282;278;280;276;277;273;275;271;277;273;278;275;273;270;271;268;269;266;269;266;271;268;273;268;271;267;265;262;264;261;267;264;267;263;282;275;294;288;267;263;265;262;266;262;267;265;353;348;270;269;267;262;265;261;265;261;265;263;307;304;270;265;266;263;265;262
0;36;290;327;502;494;513;508;511;506;509;504;506;500;503;498;504;499;501;497;498;493;496;490;493;489;491;486;488;483;486;481;483;478;481;476;478;473;475;471;473;468;471;466;468;464;465;461;463;459;461;456;458;454;455;451;453;448;451;447;448;444;446;441;443;439;441;437;437;432;435;431;433;428;431;426;427;423;425;421;422;418;420;416;418;413;415;411;413;409;411;406;407;403;405;401;403;398;401;397;397;394;395;391;393;389;390;385;387;384;385;381;383;379;381;376;378;374;375;371;373;368;370;366;367;362;365;360;362;358;360;355;356;351;354;350;352;348;350;346;347;343;344;341;342;338;340;336;338;333;335;331;333;328;330;326;328;323;324;320;322;318;320;315;316;313;314;310;311;307;309;305;306;302;303;300;301;298;299;295;297;293;294;290;292;288;290;286;288;288;285;282;282;279;281;277;278;274;276;274;277;272;273;269;270;267;268;265;266;263;267;265;276;268;266;263;271;264;265;262;265;262;268;265;267;264;277;275;283;281;267;263;265;262;267;264;268;264;349;345;271;274;266;263;265;262;265;262;266;263;306;304;270;265;265;262;265;262
0;37;298;299;504;496;515;511;514;509;512;507;509;504;506;501;504;499;501;496;498;493;496;491;493;488;491;486;488;483;486;481;483;479;481;476;478;473;476;471;473;469;471;467;468;464;466;461;463;459;461;456;458;453;455;450;452;448;451;446;448;443;445;440;443;438;441;436;438;433;435;431;433;429;431;426;428;423;425;421;423;419;421;417;418;413;415;411;413;409;411;406;408;403;405;400;402;399;400;396;397;393;394;390;392;388;389;385;386;382;384;380;382;378;380;376;377;373;375;371;372;368;371;366;368;364;365;361;363;359;360;356;357;352;355;350;352;349;350;346;347;342;344;340;342;337;340;335;337;333;334;330;332;327;329;325;326;321;324;319;321;317;319;315;316;312;313;309;312;307;309;305;306;302;304;300;302;297;299;296;297;293;294;290;292;288;290;286;287;283;284;280;282;278;280;276;277;273;275;271;277;272;272;269;270;266;267;264;266;262;267;263;269;266;273;276;274;267;268;264;267;264;267;264;269;268;276;272;295;297;268;264;265;262;266;263;273;270;352;347;271;270;266;263;265;262;265;262;266;263;306;303;271;265;265;262;265;262
0;38;288;294;504;496;516;512;515;510;513;507;510;504;506;502;504;499;501;496;499;493;496;491;493;489;492;487;489;484;486;482;484;480;481;476;478;473;475;471;473;468;471;466;468;463;465;461;463;458;461;456;458;454;455;451;453;448;451;446;448;444;446;441;443;439;441;437;438;433;435;431;433;429;431;426;428;423;425;421;423;419;421;416;418;413;415;411;412;408;410;405;407;403;404;401;402;398;400;396;397;393;394;391;392;388;390;386;387;384;385;381;382;378;381;376;378;374;375;371;372;368;370;366;367;363;365;360;362;358;360;356;357;352;355;351;352;349;350;346;347;343;344;340;342;338;340;336;337;333;335;331;332;328;330;326;327;323;325;320;322;318;320;316;317;313;315;311;312;308;310;306;307;303;304;300;302;298;299;295;296;292;294;290;291;288;290;286;287;286;284;281;282;278;280;276;277;273;275;271;275;272;272;268;270;265;267;264;265;262;266;262;266;263;272;268;270;264;266;262;265;261;265;262;267;265;280;276;291;290;269;263;265;262;265;261;268;266;354;347;272;267;266;263;265;261;265;261;265;263;307;305;269;266;265;262;265;262
0;39;283;310;500;494;512;508;510;506;508;503;505;500;506;501;503;499;501;496;498;494;496;491;494;488;491;486;488;483;485;481;484;479;481;477;478;473;476;471;474;469;471;467;468;463;466;461;463;459;461;457;458;453;455;451;453;448;451;447;448;443;445;440;443;438;440;436;437;433;435;430;433;428;430;426;428;423;425;421;423;418;421;417;418;413;415;411;413;409;410;406;408;403;405;401;402;399;400;396;397;393;394;391;392;388;390;385;387;383;385;381;382;378;380;376;377;373;374;370;371;368;370;365;367;362;364;360;362;358;360;356;356;352;355;350;352;348;350;346;347;343;345;340;342;338;340;336;337;333;334;330;332;328;330;326;327;323;324;319;321;317;319;315;316;312;313;309;311;307;309;305;306;302;304;300;301;298;299;295;297;293;294;290;292;288;290;287;287;284;285;281;282;279;283;277;277;274;277;274;274;270;272;269;271;267;268;265;266;263;267;263;267;264;271;275;269;265;267;263;266;263;266;263;268;266;280;269;299;287;268;264;265;262;265;262;270;271;353;349;270;265;266;262;265;262;265;262;267;264;307;304;269;265;265;262;265;262
0;40;296;311;503;499;515;511;513;509;512;506;509;503;505;501;503;499;501;496;498;494;495;491;493;489;491;486;487;483;485;480;483;478;481;476;478;473;476;471;473;469;471;466;468;463;466;461;463;459;461;456;458;452;455;450;453;448;451;446;448;443;445;441;443;439;441;437;437;433;435;431;433;428;431;426;427;423;425;420;422;418;420;416;417;413;415;410;412;408;410;406;407;403;404;400;402;399;400;396;397;393;394;389;391;387;389;385;387;382;384;380;382;378;380;375;377;373;374;370;372;368;370;366;367;363;364;361;362;358;360;355;356;352;354;350;352;348;350;346;347;343;344;340;342;338;340;336;337;333;334;330;332;328;329;325;326;322;323;319;320;317;319;315;316;312;313;309;311;307;309;305;307;302;303;300;302;298;299;296;296;293;293;290;291;287;289;285;286;282;283;280;282;278;279;276;277;273;275;271;275;272;275;268;269;266;267;264;265;262;266;263;270;263;269;270;267;264;265;262;265;261;268;265;269;268;277;270;294;286;267;263;265;261;267;263;271;272;349;341;270;268;266;262;265;261;265;262;266;264;306;301;268;265;265;262;265;261
0;41;287;303;505;496;516;511;514;510;512;507;509;504;506;502;504;499;502;496;499;494;496;492;494;489;492;487;489;484;486;481;484;478;481;476;478;473;475;471;473;468;471;466;468;463;465;460;463;459;461;456;458;453;456;451;453;449;451;446;448;443;445;441;443;439;441;436;437;433;435;431;433;428;431;426;427;424;425;421;423;418;421;416;417;413;414;410;413;408;410;406;407;402;404;400;402;398;400;396;397;393;394;390;392;388;390;385;387;383;385;380;382;378;380;375;377;372;374;370;372;368;370;365;367;362;364;360;362;358;360;355;357;351;354;350;351;347;350;345;346;342;344;340;342;337;339;335;336;332;334;330;332;328;329;326;327;322;324;320;322;318;319;315;317;312;314;310;312;308;310;305;307;303;304;300;301;297;299;295;296;293;294;290;291;287;289;285;287;283;287;284;282;278;280;276;277;274;275;272;277;272;272;269;270;267;268;264;266;262;265;263;267;263;271;274;277;268;265;262;265;261;265;261;267;265;278;269;297;289;267;263;268;265;265;261;269;268;352;348;274;273;267;264;265;262;265;261;265;262;309;307;269;264;266;262;265;262
0;42;294;322;501;495;513;508;515;510;513;508;510;505;507;502;504;499;502;496;499;494;496;491;493;489;491;486;488;483;485;481;483;478;481;476;478;473;475;471;473;468;471;466;468;463;465;461;464;459;461;457;458;454;456;451;454;449;451;447;448;443;445;441;443;439;440;436;438;433;435;430;432;428;430;426;428;423;425;421;422;418;420;416;417;413;414;411;412;408;410;406;407;403;404;401;402;398;400;396;397;393;395;390;392;389;389;385;387;383;385;381;382;379;380;376;377;373;374;370;372;368;370;366;367;363;365;360;363;359;360;356;358;352;355;351;353;349;350;346;347;343;344;341;342;338;340;336;338;334;335;331;333;329;330;326;328;324;325;320;323;319;321;316;318;314;315;311;312;309;309;306;307;303;304;300;301;298;299;296;297;293;294;291;292;288;290;286;288;284;285;281;282;279;280;276;276;274;275;272;273;270;275;271;270;266;267;264;266;262;266;263;269;265;273;269;268;264;265;262;265;261;267;263;268;265;276;271;301;288;267;263;268;261;266;262;269;268;352;348;270;266;268;264;265;262;265;261;266;264;306;302;269;264;266;263;265;261
0;43;288;302;503;498;515;511;514;509;512;506;509;503;506;500;503;498;501;496;498;493;495;490;493;488;491;486;488;483;485;481;483;479;481;476;478;473;475;471;473;468;471;466;468;463;466;461;463;458;461;456;458;453;455;450;452;448;451;446;448;443;445;440;442;438;440;436;437;432;434;430;432;428;430;425;427;422;424;420;422;418;420;415;417;412;414;410;412;408;410;406;407;403;404;400;402;398;400;396;397;392;394;390;391;388;389;384;387;382;384;380;382;377;379;375;377;373;374;370;372;368;370;366;367;362;364;359;362;358;359;355;357;351;354;350;352;348;350;346;347;342;344;340;342;338;339;336;337;332;334;330;331;327;329;325;326;322;323;319;321;317;319;315;316;312;313;309;311;307;309;305;306;302;303;299;301;297;299;295;296;292;293;289;291;287;289;285;287;283;284;280;281;278;279;276;277;273;275;271;275;273;276;272;273;270;271;268;269;266;269;266;273;268;273;273;272;266;265;262;265;261;266;263;266;264;282;274;290;288;267;263;265;262;265;262;269;269;353;349;270;268;265;262;265;261;265;261;264;262;305;303;268;264;265;261;265;261
0;44;288;298;496;490;508;504;509;506;509;503;506;500;502;498;503;499;502;497;499;494;497;492;494;489;492;486;488;484;486;481;484;479;481;476;478;473;476;471;473;469;471;466;469;463;465;461;463;459;461;456;458;453;455;451;453;449;451;446;448;444;445;441;443;439;441;436;437;433;435;431;433;429;431;427;428;424;426;421;423;419;420;416;418;414;415;410;413;408;410;407;408;403;405;401;402;399;400;396;398;393;395;391;392;388;390;385;388;383;385;381;382;379;380;376;378;373;375;371;372;368;370;366;368;363;365;361;363;358;361;356;357;352;355;350;353;348;350;346;347;343;345;340;342;338;340;336;337;333;335;330;332;328;329;325;327;322;324;319;321;318;320;315;317;312;314;310;311;307;309;305;307;303;304;300;301;297;299;294;296;292;293;290;291;288;289;286;287;283;285;281;282;278;280;277;277;274;275;272;275;270;272;268;271;267;267;264;265;262;266;263;266;262;274;278;274;265;265;262;265;262;265;262;269;267;279;274;293;288;271;266;265;262;265;262;269;268;350;347;273;267;266;262;267;263;265;261;265;263;306;304;269;265;265;263;266;263
0;45;289;318;504;498;516;512;515;510;513;507;510;505;507;502;504;498;502;497;498;494;496;491;494;488;491;487;488;484;485;480;483;478;481;476;478;473;475;471;473;469;471;466;469;463;466;461;463;459;462;456;459;454;456;452;453;449;452;446;448;444;446;441;444;439;442;437;437;433;435;430;433;428;431;426;428;423;425;421;423;418;420;416;418;413;415;411;412;409;410;406;408;403;405;400;402;399;400;396;398;393;395;391;392;389;389;385;388;383;385;381;383;379;381;376;378;374;375;371;372;368;370;366;367;363;365;361;362;358;360;356;356;352;354;350;352;348;350;346;347;343;344;340;342;338;339;336;337;333;335;330;332;328;330;326;327;323;324;320;322;318;320;316;317;313;315;311;312;308;310;306;306;303;304;300;302;298;300;296;296;293;294;290;291;288;289;285;286;283;284;280;282;278;279;276;277;273;275;271;273;270;273;269;270;266;268;264;266;263;265;264;271;268;275;270;276;272;267;264;267;264;267;264;271;266;280;274;295;294;267;264;266;263;266;263;270;268;352;347;270;268;266;262;265;262;265;261;265;263;306;303;270;264;265;262;265;262
0;46;298;312;505;497;516;511;514;509;512;507;509;503;505;501;503;499;501;496;498;494;496;491;493;489;491;486;489;484;486;481;484;479;482;477;478;474;476;471;474;469;471;467;468;464;466;462;464;459;461;457;458;454;456;451;453;449;451;447;448;443;446;441;443;439;441;437;438;433;435;431;433;429;431;426;428;423;425;422;423;419;421;416;418;414;415;411;412;409;411;406;407;403;404;401;402;398;400;396;397;394;394;390;392;388;389;386;386;383;384;380;382;378;379;376;377;372;374;370;372;368;369;366;367;362;364;360;362;358;360;356;356;352;354;350;352;348;350;346;347;343;344;341;343;338;340;336;337;333;335;331;333;328;330;326;327;323;325;320;322;318;320;316;316;312;314;310;311;308;309;305;306;302;304;300;301;298;299;295;296;292;293;290;291;288;289;285;286;283;284;281;282;278;280;276;277;274;275;272;275;273;273;269;270;266;268;264;266;262;266;262;268;265;273;273;271;268;266;262;265;262;267;264;271;268;283;273;291;287;267;263;265;262;266;263;270;270;353;343;272;273;266;262;265;262;265;262;267;265;307;305;269;265;265;262;265;261
