"Id";"Designator";"Package";"Quantity";"Designation";"Supplier and ref";
1;"U2";"AD9276BSVZ";1;"AD9276";;;
2;"C1,C2,C3,C4,C5,C6,C7,C8,C9,C12,C13,C14,C15,C17,C18,C19,C20,C21,C22,C23,C24,C25,C27,C29,C30,C31,C32,C33,C34,C35,C36,C37,C38,C39,C40,C41,C42,C43,C44,C45,C46,C47,C48";"C_0603_HandSoldering";43;".1uF";;;
3;"C10,C11,C26,C28,C56,C57,C58,C61,C77,C87,C88,C91,C92,C93";"C_0603_HandSoldering";14;"1uF";;;
4;"C16";"C_0603_HandSoldering";1;".33uF";;;
5;"C49";"C_0805_HandSoldering";1;"4.7uF";;;
6;"C51,C52,C64,C81,C82,C83,C101";"CP_Elec_4x5.3";7;"33uF";;;
7;"C53,C78,C79,C85,C86,C50";"C_0603_HandSoldering";6;"4.7uF";;;
8;"C54,C69,C73,C105,C106";"C_0603_HandSoldering";5;"10uF";;;
9;"C55,C90";"C_0603_HandSoldering";2;"1nF";;;
10;"C59,C89";"C_0603_HandSoldering";2;"680pF";;;
11;"C60,C80,C98";"C_0603_HandSoldering";3;"0.01uF";;;
12;"C62,C63,C94,C95";"C_0603_HandSoldering";4;"10nF";;;
13;"C65,C68,C71,C72,C74,C75,C76,C84,C102,C103,C104,C107,C108,C109,C110";"C_0603_HandSoldering";15;"0.1uF";;;
14;"C66,C70,C99,C100";"C_0603_HandSoldering";4;"4.7pF";;;
15;"C67,C96,C97";"C_0603_HandSoldering";3;"22uF";;;
16;"D19,D20,D25,D26";"DFLS260Q";4;"DFLS260Q-7";;;
17;"J1";"HSMC";1;"ASP-122952-01";;;
18;"J2";"SL-110-X-XX_1x10";1;"Conn_01x10";;;
19;"J3";"SDL-106-X-XX_2x03";1;"Conn_02x03_Odd_Even";;;
20;"J4";"SDL-132-X-XX_2x16";1;"Conn_02x16_Odd_Even";;;
21;"J5";"SDL-116-X-XX_2x08renumb";1;"Conn_02x08_Row_Letter_Last";;;
22;"J6";"Pin_Header_Straight_2x01_Pitch2.54mm";1;"Conn_02x01";;;
23;"JP1,JP2,JP3,JP4,JP5,JP6,JP7";"Pin_Header_Straight_2x01_Pitch2.54mm";7;"Jumper";;;
24;"L1,L2,L8,L9";"L_SM0603";4;"0.47uH";;;
25;"L3,L5";"WURTH_DUAL_IND";2;"2.2uH";;;
26;"L4";"L_SM0603";1;"6.8uH";;;
27;"L6,L7,L14,L15";"L_0805_HandSoldering";4;"FB";;;
28;"L10";"WURTH_DUAL_IND";1;"6.8uH";;;
29;"LD1,LD2,LD3,LD4,LD5,LD6,LD7";"LED_0603_HandSoldering";7;"LED_0603";;;
30;"R1,R2,R3,R4,R9,R10,R12,R17,R18,R19,R20";"R_0603_HandSoldering";11;"1k";;;
31;"R5,R6,R7,R8,R11,R49,R50,R51,R52";"R_0603_HandSoldering";9;"10k";;;
32;"R13,R14,R15,R16,R47,R48";"R_0603_HandSoldering";6;"0";;;
33;"R21,R35";"R_0603_HandSoldering";2;"22.1k";;;
34;"R22,R34";"R_0603_HandSoldering";2;"36.5k";;;
35;"R23,R26,R38,R39";"R_0603_HandSoldering";4;"20k";;;
36;"R24,R25,R36,R37";"R_0603_HandSoldering";4;"100k";;;
37;"R27,R29,R40,R42";"R_0603_HandSoldering";4;"1M";;;
38;"R28,R32,R33,R45";"R_0603_HandSoldering";4;"180";;;
39;"R30";"R_0603_HandSoldering";1;"464k";;;
40;"R31,R46";"R_0603_HandSoldering";2;"2.2k";;;
41;"R41";"R_0603_HandSoldering";1;"191k";;;
42;"R43";"R_0603_HandSoldering";1;"17k";;;
43;"R44";"R_0603_HandSoldering";1;"65";;;
44;"T1";"CLK_TF";1;"Transformer_1P_SS";;;
45;"TP1,TP2,TP3,TP4,TP5,TP6,TP7,TP8,TP9,TP10,TP11,TP12,TP13,TP14,TP15";"MountingHold_1.02mm";15;"TEST";;;
46;"U1";"CBS_CB4_CB3LV";1;"CTS_CB3LV";;;
47;"U3";"MAX14808ETK&plus_";1;"MAX14808";;;
48;"U4,U24";"NC7WZ07P6X";2;"NC7WZ07P6X";;;
49;"U5";"LTC2640CTS8";1;"LTC2640-Z";;;
50;"U6,U7";"LXConnector";2;"LXconn";;;
51;"U8,U9,U12,U13";"MSOP-12-16-1EP_3x4mm_Pitch0.5mm";4;"LT8362";;;
52;"U10,U11,U14";"LT1763_DFN";3;"LT1763";;;
53;"U15,U16,U17,U18,U19,U20,U21,U22,U23";"MMBD4148-7";9;"MMBD4148";;;
