"Id";"Designator";"Package";"Quantity";"Designation";"Supplier and ref";
1;"U2";"AD9276BSVZ";1;"AD9276";;;
2;"C1,C2,C3,C4,C5,C6,C7,C8,C9,C12,C13,C14,C15,C17,C18,C19,C20,C22,C23,C24,C25,C27,C29,C30,C31,C32,C33,C34,C35,C36,C37,C38,C39,C40,C41,C42,C43,C44,C45,C46,C47,C48";"C_0603_HandSoldering";42;".1uF";;;
3;"C10,C11,C26,C28,C56,C57,C58,C61,C77,C87,C88,C91,C92,C93";"C_0603_HandSoldering";14;"1uF";;;
4;"C16";"C_0603_HandSoldering";1;".33uF";;;
5;"C53,C78,C79,C85,C86,C49";"C_0603_HandSoldering";6;"4.7uF";;;
6;"C54,C69,C73,C105,C106";"C_0603_HandSoldering";5;"10uF";;;
7;"C55,C90";"C_0603_HandSoldering";2;"1nF";;;
8;"C59,C89";"C_0603_HandSoldering";2;"680pF";;;
9;"C60,C80,C98";"C_0603_HandSoldering";3;"0.01uF";;;
10;"C62,C63,C94,C95";"C_0603_HandSoldering";4;"10nF";;;
11;"C65,C68,C71,C72,C74,C75,C76,C84,C102,C103,C104,C107,C108,C109,C110";"C_0603_HandSoldering";15;"0.1uF";;;
12;"C66,C70,C99,C100";"C_0603_HandSoldering";4;"4.7pF";;;
13;"C67,C96,C97";"C_0603_HandSoldering";3;"22uF";;;
14;"D19,D20,D25,D26";"DFLS260Q";4;"DFLS260Q-7";;;
15;"J1";"HSMC";1;"ASP-122952-01";;;
16;"J2";"SL-110-X-XX_1x10";1;"Conn_01x10";;;
17;"J3,J7";"SDL-106-X-XX_2x03";2;"Conn_02x03_Odd_Even";;;
18;"J4";"SDL-132-X-XX_2x16";1;"Conn_02x16_Odd_Even";;;
19;"J5";"SDL-116-X-XX_2x08renumb";1;"Conn_02x08_Row_Letter_Last";;;
20;"JP1,JP2,JP3,JP4,JP5,JP7,JP6";"Pin_Header_Straight_2x01_Pitch2.54mm";7;"Jumper";;;
21;"L3,L5";"WURTH_DUAL_IND";2;"2.2uH";;;
22;"L6,L7,L14,L15";"L_0805_HandSoldering";4;"FB";;;
23;"L10";"WURTH_DUAL_IND";1;"6.8uH";;;
24;"LD1,LD2,LD3,LD4,LD5,LD6,LD7";"LED_0603_HandSoldering";7;"LED_0603";;;
25;"R1,R2,R3,R4,R17,R18,R19,R20";"R_0603_HandSoldering";8;"1K";;;
26;"R5,R6,R7,R8,R11,R31,R46,R49,R50,R51,R52";"R_0603_HandSoldering";11;"10k";;;
27;"R9,R10,R12";"R_0603_HandSoldering";3;"1k";;;
28;"R13,R14,R15,R16,R47,R48,R57,R54";"R_0603_HandSoldering";8;"0";;;
29;"R21,R35";"R_0603_HandSoldering";2;"22.1k";;;
30;"R22,R34";"R_0603_HandSoldering";2;"36.5k";;;
31;"R23,R26,R38,R39";"R_0603_HandSoldering";4;"20k";;;
32;"R24,R25,R36,R37";"R_0603_HandSoldering";4;"100k";;;
33;"R27,R29,R40,R42";"R_0603_HandSoldering";4;"1M";;;
34;"R28,R33";"R_0603_HandSoldering";2;"68";;;
35;"R30";"R_0603_HandSoldering";1;"464k";;;
36;"R32,R45";"R_0603_HandSoldering";2;"450";;;
37;"R41";"R_0603_HandSoldering";1;"191k";;;
38;"R43";"R_0603_HandSoldering";1;"16.8k";;;
39;"R44";"R_0603_HandSoldering";1;"180";;;
40;"T1";"CLK_TF";1;"Transformer_1P_SS";;;
41;"THP,GND,TP13,TP14,TP15,TP16,TP17,TP19,TP20,TP21,TP22,TP23,TP24,TP1,TP2,TP3,TP4,TP5,TP6,TP7,TP8,TP9,TP10,TP11,TP12,TP18";"MountingHold_1.02mm";26;"TEST";;;
42;"U1";"CBS_CB4_CB3LV";1;"CTS_CB3LV";;;
43;"U3";"MAX14808ETK&plus_";1;"MAX14808";;;
44;"U4";"NC7WZ07P6X";1;"NC7WZ07P6X";;;
45;"U5";"LTC2640CTS8";1;"LTC2640-Z";;;
46;"U6,U7";"LXConnector";2;"Conn16";;;
47;"U8,U9,U12,U13";"MSOP-12-16-1EP_3x4mm_Pitch0.5mm";4;"LT8362";;;
48;"U10,U11,U14";"LT1763_DFN";3;"LT1763";;;
49;"U15,U16,U17,U18,U19,U20,U21,U22,U23";"MMBD4148-7";9;"MMBD4148";;;
50;"U24";"NC7WZ07P6X";1;"NC7WZ16P6X";;;
51;",,,";"1pin";4;"1pin";;;
52;"C51";"CP_Elec_6.3x7.7";1;"33uF";;;
53;"R53";"R_0603_HandSoldering";1;"34.8k";;;
54;"C50";"C_0805_HandSoldering";1;"4.7uF";;;
55;"C52,C64,C81,C82,C83,C101";"CP_Elec_4x5.3";6;"33uF";;;
56;"J6";"TerminalBlock";1;"Conn_02x01";;;
57;"L1,L9,L8,L2";"L_0805_HandSoldering";4;"0.47uH";;;
58;"L4";"L_0805_HandSoldering";1;"6.8uH";;;
59;"J8";"SMA_THT_Jack_Straight";1;"SMA_V";;;
60;"U25,U26,U27,U28,U29";"SN74LV4T125PWR";5;"SN74LV4T125PWR";;;
61;"5V/MODE0";"Pin_Header_Straight_2x01_Pitch2.54mm";1;"MODE0";;;
62;"MODE1/GND";"Pin_Header_Straight_2x01_Pitch2.54mm";1;"MODE1";;;
63;"OE_1";"Pin_Header_Straight_2x01_Pitch2.54mm";1;"JP8";;;
