[
    {
        "type": "message",
        "text": "What type of sensor do you have in mind?",
        "user": "U5M5PLH9S",
        "ts": "1509789118.000045",
        "team": "T5M5PLH8U",
        "user_team": "T5M5PLH8U",
        "source_team": "T5M5PLH8U",
        "user_profile": {
            "avatar_hash": "e4fb6ae9f526",
            "image_72": "https:\/\/avatars.slack-edge.com\/2017-06-01\/191144530514_e4fb6ae9f526531fd41c_72.jpg",
            "first_name": "",
            "real_name": "kelu",
            "display_name": "",
            "team": "T5M5PLH8U",
            "name": "kelu",
            "is_restricted": false,
            "is_ultra_restricted": false
        }
    },
    {
        "type": "message",
        "text": "okay I thought about what you said. I think I was confused about piezos.",
        "user": "U7UJ8QNAX",
        "ts": "1509803146.000014",
        "team": "T5M5PLH8U",
        "user_team": "T5M5PLH8U",
        "source_team": "T5M5PLH8U",
        "user_profile": {
            "avatar_hash": "g99b98c26d0e",
            "image_72": "https:\/\/secure.gravatar.com\/avatar\/999b98c26d0e60517772fd380f93440e.jpg?s=72&d=https%3A%2F%2Fa.slack-edge.com%2Fdf10d%2Fimg%2Favatars%2Fava_0021-72.png",
            "first_name": "",
            "real_name": "Will H",
            "display_name": "",
            "team": "T5M5PLH8U",
            "name": "will.hoyle",
            "is_restricted": false,
            "is_ultra_restricted": false
        }
    },
    {
        "type": "message",
        "text": "What do think about using two of these: <https:\/\/www.alibaba.com\/product-detail\/28mm-1-mhz-piezoelectric-crystal-factory_60401474762.html?spm=a2700.7724857.main07.1.5331f38duxgfyL&amp;s=p>",
        "user": "U7UJ8QNAX",
        "ts": "1509803158.000055",
        "team": "T5M5PLH8U",
        "user_team": "T5M5PLH8U",
        "source_team": "T5M5PLH8U",
        "user_profile": {
            "avatar_hash": "g99b98c26d0e",
            "image_72": "https:\/\/secure.gravatar.com\/avatar\/999b98c26d0e60517772fd380f93440e.jpg?s=72&d=https%3A%2F%2Fa.slack-edge.com%2Fdf10d%2Fimg%2Favatars%2Fava_0021-72.png",
            "first_name": "",
            "real_name": "Will H",
            "display_name": "",
            "team": "T5M5PLH8U",
            "name": "will.hoyle",
            "is_restricted": false,
            "is_ultra_restricted": false
        },
        "edited": {
            "user": "U7UJ8QNAX",
            "ts": "1524298450.000000"
        }
    },
    {
        "type": "message",
        "text": "drive one with a signal, and use the other to capture the echo. Then basically all I would need to do is make a bunch of measurements before a run with full glycogen, then do it after a long run and see what kind of results I get",
        "user": "U7UJ8QNAX",
        "ts": "1509803238.000030",
        "team": "T5M5PLH8U",
        "user_team": "T5M5PLH8U",
        "source_team": "T5M5PLH8U",
        "user_profile": {
            "avatar_hash": "g99b98c26d0e",
            "image_72": "https:\/\/secure.gravatar.com\/avatar\/999b98c26d0e60517772fd380f93440e.jpg?s=72&d=https%3A%2F%2Fa.slack-edge.com%2Fdf10d%2Fimg%2Favatars%2Fava_0021-72.png",
            "first_name": "",
            "real_name": "Will H",
            "display_name": "",
            "team": "T5M5PLH8U",
            "name": "will.hoyle",
            "is_restricted": false,
            "is_ultra_restricted": false
        }
    },
    {
        "type": "message",
        "text": "I don't know if that even makes any sense, I really don't know much about how all this works lol.",
        "user": "U7UJ8QNAX",
        "ts": "1509803272.000012",
        "team": "T5M5PLH8U",
        "user_team": "T5M5PLH8U",
        "source_team": "T5M5PLH8U",
        "user_profile": {
            "avatar_hash": "g99b98c26d0e",
            "image_72": "https:\/\/secure.gravatar.com\/avatar\/999b98c26d0e60517772fd380f93440e.jpg?s=72&d=https%3A%2F%2Fa.slack-edge.com%2Fdf10d%2Fimg%2Favatars%2Fava_0021-72.png",
            "first_name": "",
            "real_name": "Will H",
            "display_name": "",
            "team": "T5M5PLH8U",
            "name": "will.hoyle",
            "is_restricted": false,
            "is_ultra_restricted": false
        }
    },
    {
        "type": "message",
        "text": "I'd hook them up to a rpi or arduino",
        "user": "U7UJ8QNAX",
        "ts": "1509803299.000108",
        "team": "T5M5PLH8U",
        "user_team": "T5M5PLH8U",
        "source_team": "T5M5PLH8U",
        "user_profile": {
            "avatar_hash": "g99b98c26d0e",
            "image_72": "https:\/\/secure.gravatar.com\/avatar\/999b98c26d0e60517772fd380f93440e.jpg?s=72&d=https%3A%2F%2Fa.slack-edge.com%2Fdf10d%2Fimg%2Favatars%2Fava_0021-72.png",
            "first_name": "",
            "real_name": "Will H",
            "display_name": "",
            "team": "T5M5PLH8U",
            "name": "will.hoyle",
            "is_restricted": false,
            "is_ultra_restricted": false
        }
    },
    {
        "type": "message",
        "text": "We live to learn ^^",
        "user": "U5M5PLH9S",
        "ts": "1509805419.000059",
        "team": "T5M5PLH8U",
        "user_team": "T5M5PLH8U",
        "source_team": "T5M5PLH8U",
        "user_profile": {
            "avatar_hash": "e4fb6ae9f526",
            "image_72": "https:\/\/avatars.slack-edge.com\/2017-06-01\/191144530514_e4fb6ae9f526531fd41c_72.jpg",
            "first_name": "",
            "real_name": "kelu",
            "display_name": "",
            "team": "T5M5PLH8U",
            "name": "kelu",
            "is_restricted": false,
            "is_ultra_restricted": false
        }
    },
    {
        "type": "message",
        "text": "I recommend a read of <http:\/\/openhardware.metajnl.com\/articles\/10.5334\/joh.2\/|openhardware.metajnl.com\/articles\/10.5334\/joh.2\/> on the basics for assembling a prototype ;)",
        "user": "U5M5PLH9S",
        "ts": "1509805539.000049",
        "team": "T5M5PLH8U",
        "user_team": "T5M5PLH8U",
        "source_team": "T5M5PLH8U",
        "user_profile": {
            "avatar_hash": "e4fb6ae9f526",
            "image_72": "https:\/\/avatars.slack-edge.com\/2017-06-01\/191144530514_e4fb6ae9f526531fd41c_72.jpg",
            "first_name": "",
            "real_name": "kelu",
            "display_name": "",
            "team": "T5M5PLH8U",
            "name": "kelu",
            "is_restricted": false,
            "is_ultra_restricted": false
        }
    }
]