[
    {
        "type": "message",
        "subtype": "channel_join",
        "ts": "1501509825.170048",
        "user": "U6F8B1V88",
        "text": "<@U6F8B1V88> has joined the channel"
    },
    {
        "type": "message",
        "text": "Hello all. I am a graduate student working on ultrasound imaging of batteries (e.g. Li-ion batteries), so slightly different application than medical imaging but definitely interested to see how this project turns out",
        "user": "U6F8B1V88",
        "ts": "1501511187.956527",
        "team": "T5M5PLH8U",
        "user_team": "T5M5PLH8U",
        "source_team": "T5M5PLH8U",
        "user_profile": {
            "avatar_hash": "g57728eda7d4",
            "image_72": "https:\/\/secure.gravatar.com\/avatar\/257728eda7d4c4e9a0e5cd59960dfc9c.jpg?s=72&d=https%3A%2F%2Fa.slack-edge.com%2Fdf10d%2Fimg%2Favatars%2Fava_0019-72.png",
            "first_name": "Thomas",
            "real_name": "Thomas Hodson",
            "display_name": "thodson",
            "team": "T5M5PLH8U",
            "name": "thodson",
            "is_restricted": false,
            "is_ultra_restricted": false
        }
    },
    {
        "type": "message",
        "text": "Awesome! This kit can be used for ndt as well, so no issues :)",
        "user": "U5M5PLH9S",
        "ts": "1501511990.439089",
        "team": "T5M5PLH8U",
        "user_team": "T5M5PLH8U",
        "source_team": "T5M5PLH8U",
        "user_profile": {
            "avatar_hash": "e4fb6ae9f526",
            "image_72": "https:\/\/avatars.slack-edge.com\/2017-06-01\/191144530514_e4fb6ae9f526531fd41c_72.jpg",
            "first_name": "",
            "real_name": "kelu",
            "display_name": "",
            "team": "T5M5PLH8U",
            "name": "kelu",
            "is_restricted": false,
            "is_ultra_restricted": false
        }
    },
    {
        "type": "message",
        "text": "What's your working frequencies?",
        "user": "U5M5PLH9S",
        "ts": "1501512000.445345",
        "team": "T5M5PLH8U",
        "user_team": "T5M5PLH8U",
        "source_team": "T5M5PLH8U",
        "user_profile": {
            "avatar_hash": "e4fb6ae9f526",
            "image_72": "https:\/\/avatars.slack-edge.com\/2017-06-01\/191144530514_e4fb6ae9f526531fd41c_72.jpg",
            "first_name": "",
            "real_name": "kelu",
            "display_name": "",
            "team": "T5M5PLH8U",
            "name": "kelu",
            "is_restricted": false,
            "is_ultra_restricted": false
        }
    },
    {
        "type": "message",
        "text": "been using ~2.25 MHz transducers for now, looking to scale up to 10 MHz eventually (but might run into issues of signal attenuation at higher freqs)",
        "user": "U6F8B1V88",
        "ts": "1501512634.832842",
        "team": "T5M5PLH8U",
        "user_team": "T5M5PLH8U",
        "source_team": "T5M5PLH8U",
        "user_profile": {
            "avatar_hash": "g57728eda7d4",
            "image_72": "https:\/\/secure.gravatar.com\/avatar\/257728eda7d4c4e9a0e5cd59960dfc9c.jpg?s=72&d=https%3A%2F%2Fa.slack-edge.com%2Fdf10d%2Fimg%2Favatars%2Fava_0019-72.png",
            "first_name": "Thomas",
            "real_name": "Thomas Hodson",
            "display_name": "thodson",
            "team": "T5M5PLH8U",
            "name": "thodson",
            "is_restricted": false,
            "is_ultra_restricted": false
        },
        "thread_ts": "1501512634.832842",
        "reply_count": 1,
        "reply_users_count": 1,
        "latest_reply": "1565790024.027900",
        "reply_users": [
            "U5M5PLH9S"
        ],
        "replies": [
            {
                "user": "U5M5PLH9S",
                "ts": "1565790024.027900"
            }
        ],
        "subscribed": true,
        "last_read": "1565790024.027900"
    },
    {
        "type": "message",
        "subtype": "channel_join",
        "ts": "1501518657.464283",
        "user": "U6FEKHE81",
        "text": "<@U6FEKHE81> has joined the channel"
    }
]