[
    {
        "type": "message",
        "text": "Doing some fun stuff with an ATL3 mechanical probe + the newly developed 24Msps ADC for raspberry : <https:\/\/github.com\/kelu124\/echomods\/blob\/master\/elmo\/data\/20170715-ProbeTest.ipynb> :smiley:",
        "user": "U5M5PLH9S",
        "ts": "1500243207.589086",
        "team": "T5M5PLH8U",
        "user_team": "T5M5PLH8U",
        "source_team": "T5M5PLH8U",
        "user_profile": {
            "avatar_hash": "e4fb6ae9f526",
            "image_72": "https:\/\/avatars.slack-edge.com\/2017-06-01\/191144530514_e4fb6ae9f526531fd41c_72.jpg",
            "first_name": "",
            "real_name": "kelu",
            "display_name": "",
            "team": "T5M5PLH8U",
            "name": "kelu",
            "is_restricted": false,
            "is_ultra_restricted": false
        },
        "edited": {
            "user": "U5M5PLH9S",
            "ts": "1524298513.000000"
        }
    }
]