[
    {
        "type": "message",
        "text": "I haven't found available - not to mention not expensive - ultrasound phantoms yet ",
        "user": "U5M5PLH9S",
        "ts": "1497435857.488412",
        "team": "T5M5PLH8U",
        "user_team": "T5M5PLH8U",
        "source_team": "T5M5PLH8U",
        "user_profile": {
            "avatar_hash": "e4fb6ae9f526",
            "image_72": "https:\/\/avatars.slack-edge.com\/2017-06-01\/191144530514_e4fb6ae9f526531fd41c_72.jpg",
            "first_name": "",
            "real_name": "kelu",
            "display_name": "",
            "team": "T5M5PLH8U",
            "name": "kelu",
            "is_restricted": false,
            "is_ultra_restricted": false
        }
    },
    {
        "type": "message",
        "subtype": "bot_message",
        "text": "Hmm. Why are they tough to make?",
        "ts": "1497444589.394877",
        "username": "toad_polo",
        "icons": {
            "image_48": "https:\/\/s3-us-west-2.amazonaws.com\/slack-files2\/bot_icons\/2017-06-04\/192576811829_48.png"
        },
        "bot_id": "B5MPXQBFS"
    },
    {
        "type": "message",
        "subtype": "bot_message",
        "text": "I've usually just 3D printed phantoms in the past.",
        "ts": "1497444609.400220",
        "username": "toad_polo",
        "icons": {
            "image_48": "https:\/\/s3-us-west-2.amazonaws.com\/slack-files2\/bot_icons\/2017-06-04\/192576811829_48.png"
        },
        "bot_id": "B5MPXQBFS"
    },
    {
        "type": "message",
        "subtype": "bot_message",
        "text": "In the MRI context it's usually just a matter of displacing water or some other liquid, so you just 3D print something with a specific shape and features on a few different length scales and put it inside a tube of water or something.",
        "ts": "1497444682.419930",
        "username": "toad_polo",
        "icons": {
            "image_48": "https:\/\/s3-us-west-2.amazonaws.com\/slack-files2\/bot_icons\/2017-06-04\/192576811829_48.png"
        },
        "bot_id": "B5MPXQBFS"
    },
    {
        "type": "message",
        "subtype": "bot_message",
        "text": "I would think that with ultrasound you can do a similar thing - put something with an unusual shape in a cup of agar jelly or other gelatin.",
        "ts": "1497444782.447459",
        "username": "toad_polo",
        "icons": {
            "image_48": "https:\/\/s3-us-west-2.amazonaws.com\/slack-files2\/bot_icons\/2017-06-04\/192576811829_48.png"
        },
        "bot_id": "B5MPXQBFS"
    },
    {
        "type": "message",
        "subtype": "bot_message",
        "text": "Maybe wrap it in an unluricated condom or latex glove.",
        "ts": "1497444811.455646",
        "username": "toad_polo",
        "icons": {
            "image_48": "https:\/\/s3-us-west-2.amazonaws.com\/slack-files2\/bot_icons\/2017-06-04\/192576811829_48.png"
        },
        "bot_id": "B5MPXQBFS"
    },
    {
        "type": "message",
        "text": "Yup that's what I did at first",
        "user": "U5M5PLH9S",
        "ts": "1497447687.406569",
        "team": "T5M5PLH8U",
        "user_team": "T5M5PLH8U",
        "source_team": "T5M5PLH8U",
        "user_profile": {
            "avatar_hash": "e4fb6ae9f526",
            "image_72": "https:\/\/avatars.slack-edge.com\/2017-06-01\/191144530514_e4fb6ae9f526531fd41c_72.jpg",
            "first_name": "",
            "real_name": "kelu",
            "display_name": "",
            "team": "T5M5PLH8U",
            "name": "kelu",
            "is_restricted": false,
            "is_ultra_restricted": false
        }
    },
    {
        "type": "message",
        "text": "Maybe <@U5S736Q22> will say differently, but you can have different types of phantom. Wire phantoms are used for resolution, but you can use gel phantoms for testing contrast",
        "user": "U5M5PLH9S",
        "ts": "1497447744.427278",
        "team": "T5M5PLH8U",
        "user_team": "T5M5PLH8U",
        "source_team": "T5M5PLH8U",
        "user_profile": {
            "avatar_hash": "e4fb6ae9f526",
            "image_72": "https:\/\/avatars.slack-edge.com\/2017-06-01\/191144530514_e4fb6ae9f526531fd41c_72.jpg",
            "first_name": "",
            "real_name": "kelu",
            "display_name": "",
            "team": "T5M5PLH8U",
            "name": "kelu",
            "is_restricted": false,
            "is_ultra_restricted": false
        }
    },
    {
        "type": "message",
        "text": "That being said, gelatin does conserve badly, and it's not always easy to have experiment you can reproduce",
        "user": "U5M5PLH9S",
        "ts": "1497447779.440003",
        "team": "T5M5PLH8U",
        "user_team": "T5M5PLH8U",
        "source_team": "T5M5PLH8U",
        "user_profile": {
            "avatar_hash": "e4fb6ae9f526",
            "image_72": "https:\/\/avatars.slack-edge.com\/2017-06-01\/191144530514_e4fb6ae9f526531fd41c_72.jpg",
            "first_name": "",
            "real_name": "kelu",
            "display_name": "",
            "team": "T5M5PLH8U",
            "name": "kelu",
            "is_restricted": false,
            "is_ultra_restricted": false
        }
    },
    {
        "type": "message",
        "text": "That's a topic of hack to explore :)",
        "user": "U5M5PLH9S",
        "ts": "1497447786.442838",
        "team": "T5M5PLH8U",
        "user_team": "T5M5PLH8U",
        "source_team": "T5M5PLH8U",
        "user_profile": {
            "avatar_hash": "e4fb6ae9f526",
            "image_72": "https:\/\/avatars.slack-edge.com\/2017-06-01\/191144530514_e4fb6ae9f526531fd41c_72.jpg",
            "first_name": "",
            "real_name": "kelu",
            "display_name": "",
            "team": "T5M5PLH8U",
            "name": "kelu",
            "is_restricted": false,
            "is_ultra_restricted": false
        }
    },
    {
        "type": "message",
        "text": "yup, this is a good phantom idea. we use a lot of food agar for our phantoms",
        "user": "U5S736Q22",
        "ts": "1497449206.995773",
        "team": "T5M5PLH8U",
        "user_team": "T5M5PLH8U",
        "source_team": "T5M5PLH8U",
        "user_profile": {
            "avatar_hash": "g347a095acf7",
            "image_72": "https:\/\/secure.gravatar.com\/avatar\/5347a095acf729ff0f88c3159b94a010.jpg?s=72&d=https%3A%2F%2Fa.slack-edge.com%2Fdf10d%2Fimg%2Favatars%2Fava_0001-72.png",
            "first_name": "Charles",
            "real_name": "Charles Caskey",
            "display_name": "cfcaskey",
            "team": "T5M5PLH8U",
            "name": "cfcaskey",
            "is_restricted": false,
            "is_ultra_restricted": false
        }
    },
    {
        "type": "message",
        "text": "if you want them to keep longer, you can spray with an alcohol solution",
        "user": "U5S736Q22",
        "ts": "1497449239.008751",
        "team": "T5M5PLH8U",
        "user_team": "T5M5PLH8U",
        "source_team": "T5M5PLH8U",
        "user_profile": {
            "avatar_hash": "g347a095acf7",
            "image_72": "https:\/\/secure.gravatar.com\/avatar\/5347a095acf729ff0f88c3159b94a010.jpg?s=72&d=https%3A%2F%2Fa.slack-edge.com%2Fdf10d%2Fimg%2Favatars%2Fava_0001-72.png",
            "first_name": "Charles",
            "real_name": "Charles Caskey",
            "display_name": "cfcaskey",
            "team": "T5M5PLH8U",
            "name": "cfcaskey",
            "is_restricted": false,
            "is_ultra_restricted": false
        }
    },
    {
        "type": "message",
        "text": "or better incorporate n-propanol which will increase the sound speed to biological",
        "user": "U5S736Q22",
        "ts": "1497449256.015543",
        "team": "T5M5PLH8U",
        "user_team": "T5M5PLH8U",
        "source_team": "T5M5PLH8U",
        "user_profile": {
            "avatar_hash": "g347a095acf7",
            "image_72": "https:\/\/secure.gravatar.com\/avatar\/5347a095acf729ff0f88c3159b94a010.jpg?s=72&d=https%3A%2F%2Fa.slack-edge.com%2Fdf10d%2Fimg%2Favatars%2Fava_0001-72.png",
            "first_name": "Charles",
            "real_name": "Charles Caskey",
            "display_name": "cfcaskey",
            "team": "T5M5PLH8U",
            "name": "cfcaskey",
            "is_restricted": false,
            "is_ultra_restricted": false
        }
    },
    {
        "type": "message",
        "text": "I have also used 1-2%-wt. agar solutions as phantoms",
        "user": "U5PJZ8YNT",
        "ts": "1497449374.061736",
        "team": "T5M5PLH8U",
        "user_team": "T5M5PLH8U",
        "source_team": "T5M5PLH8U",
        "user_profile": {
            "avatar_hash": "g7f63884b4a1",
            "image_72": "https:\/\/secure.gravatar.com\/avatar\/97f63884b4a13a6add9a559e5954f9af.jpg?s=72&d=https%3A%2F%2Fa.slack-edge.com%2Fdf10d%2Fimg%2Favatars%2Fava_0026-72.png",
            "first_name": "Visa",
            "real_name": "Visa Suomi",
            "display_name": "ws",
            "team": "T5M5PLH8U",
            "name": "ws",
            "is_restricted": false,
            "is_ultra_restricted": false
        }
    },
    {
        "type": "message",
        "text": "you can keep them in the fridge for about 3 months if they're kept moisturised with water",
        "user": "U5PJZ8YNT",
        "ts": "1497449410.075843",
        "team": "T5M5PLH8U",
        "user_team": "T5M5PLH8U",
        "source_team": "T5M5PLH8U",
        "user_profile": {
            "avatar_hash": "g7f63884b4a1",
            "image_72": "https:\/\/secure.gravatar.com\/avatar\/97f63884b4a13a6add9a559e5954f9af.jpg?s=72&d=https%3A%2F%2Fa.slack-edge.com%2Fdf10d%2Fimg%2Favatars%2Fava_0026-72.png",
            "first_name": "Visa",
            "real_name": "Visa Suomi",
            "display_name": "ws",
            "team": "T5M5PLH8U",
            "name": "ws",
            "is_restricted": false,
            "is_ultra_restricted": false
        }
    },
    {
        "type": "message",
        "text": "also putting some food conservation pills in the mixture will keep the mold away",
        "user": "U5PJZ8YNT",
        "ts": "1497449439.087942",
        "team": "T5M5PLH8U",
        "user_team": "T5M5PLH8U",
        "source_team": "T5M5PLH8U",
        "user_profile": {
            "avatar_hash": "g7f63884b4a1",
            "image_72": "https:\/\/secure.gravatar.com\/avatar\/97f63884b4a13a6add9a559e5954f9af.jpg?s=72&d=https%3A%2F%2Fa.slack-edge.com%2Fdf10d%2Fimg%2Favatars%2Fava_0026-72.png",
            "first_name": "Visa",
            "real_name": "Visa Suomi",
            "display_name": "ws",
            "team": "T5M5PLH8U",
            "name": "ws",
            "is_restricted": false,
            "is_ultra_restricted": false
        }
    },
    {
        "type": "message",
        "text": "they can be easily made in a microwave in 5 minutes or so and left to cool down",
        "user": "U5PJZ8YNT",
        "ts": "1497449461.096907",
        "team": "T5M5PLH8U",
        "user_team": "T5M5PLH8U",
        "source_team": "T5M5PLH8U",
        "user_profile": {
            "avatar_hash": "g7f63884b4a1",
            "image_72": "https:\/\/secure.gravatar.com\/avatar\/97f63884b4a13a6add9a559e5954f9af.jpg?s=72&d=https%3A%2F%2Fa.slack-edge.com%2Fdf10d%2Fimg%2Favatars%2Fava_0026-72.png",
            "first_name": "Visa",
            "real_name": "Visa Suomi",
            "display_name": "ws",
            "team": "T5M5PLH8U",
            "name": "ws",
            "is_restricted": false,
            "is_ultra_restricted": false
        }
    },
    {
        "type": "message",
        "text": "I'd love to find some resin with similar acoustic properties.",
        "user": "U5M5PLH9S",
        "ts": "1497450480.503005",
        "team": "T5M5PLH8U",
        "user_team": "T5M5PLH8U",
        "source_team": "T5M5PLH8U",
        "user_profile": {
            "avatar_hash": "e4fb6ae9f526",
            "image_72": "https:\/\/avatars.slack-edge.com\/2017-06-01\/191144530514_e4fb6ae9f526531fd41c_72.jpg",
            "first_name": "",
            "real_name": "kelu",
            "display_name": "",
            "team": "T5M5PLH8U",
            "name": "kelu",
            "is_restricted": false,
            "is_ultra_restricted": false
        }
    },
    {
        "type": "message",
        "text": "castor oil is also something to consider if you need  oil based",
        "user": "U5PJZ8YNT",
        "ts": "1497450606.555154",
        "team": "T5M5PLH8U",
        "user_team": "T5M5PLH8U",
        "source_team": "T5M5PLH8U",
        "user_profile": {
            "avatar_hash": "g7f63884b4a1",
            "image_72": "https:\/\/secure.gravatar.com\/avatar\/97f63884b4a13a6add9a559e5954f9af.jpg?s=72&d=https%3A%2F%2Fa.slack-edge.com%2Fdf10d%2Fimg%2Favatars%2Fava_0026-72.png",
            "first_name": "Visa",
            "real_name": "Visa Suomi",
            "display_name": "ws",
            "team": "T5M5PLH8U",
            "name": "ws",
            "is_restricted": false,
            "is_ultra_restricted": false
        }
    },
    {
        "type": "message",
        "text": "I did fill an Atl probe head (there's a screw for refilling) with linseed oil too.",
        "user": "U5M5PLH9S",
        "ts": "1497450795.634787",
        "team": "T5M5PLH8U",
        "user_team": "T5M5PLH8U",
        "source_team": "T5M5PLH8U",
        "user_profile": {
            "avatar_hash": "e4fb6ae9f526",
            "image_72": "https:\/\/avatars.slack-edge.com\/2017-06-01\/191144530514_e4fb6ae9f526531fd41c_72.jpg",
            "first_name": "",
            "real_name": "kelu",
            "display_name": "",
            "team": "T5M5PLH8U",
            "name": "kelu",
            "is_restricted": false,
            "is_ultra_restricted": false
        }
    },
    {
        "type": "message",
        "text": "have tried as well to get the full raw signal, and surprisingly the analog enveloppe detection worked not so bad. I haven't had the time yet to play with hilbert transforms to extract the enveloppe, but it feels promising.",
        "user": "U5M5PLH9S",
        "ts": "1497475402.593274",
        "team": "T5M5PLH8U",
        "user_team": "T5M5PLH8U",
        "source_team": "T5M5PLH8U",
        "user_profile": {
            "avatar_hash": "e4fb6ae9f526",
            "image_72": "https:\/\/avatars.slack-edge.com\/2017-06-01\/191144530514_e4fb6ae9f526531fd41c_72.jpg",
            "first_name": "",
            "real_name": "kelu",
            "display_name": "",
            "team": "T5M5PLH8U",
            "name": "kelu",
            "is_restricted": false,
            "is_ultra_restricted": false
        }
    },
    {
        "type": "message",
        "text": "The braindump is here <https:\/\/github.com\/kelu124\/echomods\/blob\/master\/elmo\/data\/arduinoffset\/20170612-ArduinoFFTed.ipynb> - an data available for python lovers if you want to have fun :smiley:",
        "files": [
            {
                "id": "F5TS675LK",
                "created": 1497475471,
                "timestamp": 1497475471,
                "name": "offset-nohilbert.png",
                "title": "Image obtained with raw signal, minimal processing yet",
                "mimetype": "image\/png",
                "filetype": "png",
                "pretty_type": "PNG",
                "user": "U5M5PLH9S",
                "editable": false,
                "size": 177566,
                "mode": "hosted",
                "is_external": false,
                "external_type": "",
                "is_public": true,
                "public_url_shared": true,
                "display_as_bot": false,
                "username": "",
                "url_private": "https:\/\/files.slack.com\/files-pri\/T5M5PLH8U-F5TS675LK\/offset-nohilbert.png?t=xoxe-191193697300-1501897281926-1505540481365-290cf54ffdfc380367c1af72479de92b",
                "url_private_download": "https:\/\/files.slack.com\/files-pri\/T5M5PLH8U-F5TS675LK\/download\/offset-nohilbert.png?t=xoxe-191193697300-1501897281926-1505540481365-290cf54ffdfc380367c1af72479de92b",
                "thumb_64": "https:\/\/files.slack.com\/files-tmb\/T5M5PLH8U-F5TS675LK-70f31e7e96\/offset-nohilbert_64.png?t=xoxe-191193697300-1501897281926-1505540481365-290cf54ffdfc380367c1af72479de92b",
                "thumb_80": "https:\/\/files.slack.com\/files-tmb\/T5M5PLH8U-F5TS675LK-70f31e7e96\/offset-nohilbert_80.png?t=xoxe-191193697300-1501897281926-1505540481365-290cf54ffdfc380367c1af72479de92b",
                "thumb_360": "https:\/\/files.slack.com\/files-tmb\/T5M5PLH8U-F5TS675LK-70f31e7e96\/offset-nohilbert_360.png?t=xoxe-191193697300-1501897281926-1505540481365-290cf54ffdfc380367c1af72479de92b",
                "thumb_360_w": 355,
                "thumb_360_h": 360,
                "thumb_480": "https:\/\/files.slack.com\/files-tmb\/T5M5PLH8U-F5TS675LK-70f31e7e96\/offset-nohilbert_480.png?t=xoxe-191193697300-1501897281926-1505540481365-290cf54ffdfc380367c1af72479de92b",
                "thumb_480_w": 473,
                "thumb_480_h": 480,
                "thumb_160": "https:\/\/files.slack.com\/files-tmb\/T5M5PLH8U-F5TS675LK-70f31e7e96\/offset-nohilbert_160.png?t=xoxe-191193697300-1501897281926-1505540481365-290cf54ffdfc380367c1af72479de92b",
                "image_exif_rotation": 1,
                "original_w": 594,
                "original_h": 603,
                "permalink": "https:\/\/usdevkit.slack.com\/files\/U5M5PLH9S\/F5TS675LK\/offset-nohilbert.png",
                "permalink_public": "https:\/\/slack-files.com\/T5M5PLH8U-F5TS675LK-6d69bd1c13",
                "is_starred": false,
                "has_rich_preview": false
            }
        ],
        "upload": true,
        "user": "U5M5PLH9S",
        "display_as_bot": false,
        "ts": "1497475474.613214"
    },
    {
        "type": "message",
        "text": "ping <@U5N9RGB17> -- you wanted some raw data -- here you have :smiley:",
        "user": "U5M5PLH9S",
        "ts": "1497475493.618648",
        "team": "T5M5PLH8U",
        "user_team": "T5M5PLH8U",
        "source_team": "T5M5PLH8U",
        "user_profile": {
            "avatar_hash": "e4fb6ae9f526",
            "image_72": "https:\/\/avatars.slack-edge.com\/2017-06-01\/191144530514_e4fb6ae9f526531fd41c_72.jpg",
            "first_name": "",
            "real_name": "kelu",
            "display_name": "",
            "team": "T5M5PLH8U",
            "name": "kelu",
            "is_restricted": false,
            "is_ultra_restricted": false
        }
    }
]