[
    {
        "type": "message",
        "subtype": "channel_join",
        "ts": "1507475574.000006",
        "user": "U7F49RVMG",
        "text": "<@U7F49RVMG> has joined the channel"
    },
    {
        "type": "message",
        "text": "hi there! great to be aboard :slightly_smiling_face:",
        "user": "U7F49RVMG",
        "ts": "1507475752.000060",
        "team": "T5M5PLH8U",
        "user_team": "T5M5PLH8U",
        "source_team": "T5M5PLH8U",
        "user_profile": {
            "avatar_hash": "g36143b3c8a8",
            "image_72": "https:\/\/secure.gravatar.com\/avatar\/136143b3c8a8f001d1ada26594df76ff.jpg?s=72&d=https%3A%2F%2Fa.slack-edge.com%2Fdf10d%2Fimg%2Favatars%2Fava_0016-72.png",
            "first_name": "",
            "real_name": "Felix Wiesmueller",
            "display_name": "Felix",
            "team": "T5M5PLH8U",
            "name": "f.wiesmueller",
            "is_restricted": false,
            "is_ultra_restricted": false
        },
        "reactions": [
            {
                "name": "+1",
                "users": [
                    "U5M5PLH9S"
                ],
                "count": 1
            }
        ]
    },
    {
        "type": "message",
        "subtype": "bot_message",
        "text": "Hey hey.",
        "ts": "1507475955.000081",
        "username": "toad_polo",
        "icons": {
            "image_48": "https:\/\/slack-files2.s3-us-west-2.amazonaws.com\/bot_icons\/2017-06-04\/192576811829_48.png"
        },
        "bot_id": "B5MPXQBFS"
    },
    {
        "type": "message",
        "text": "hi toad_polo! are you working on your own ultrasound kit, too?",
        "user": "U7F49RVMG",
        "ts": "1507476594.000096",
        "team": "T5M5PLH8U",
        "user_team": "T5M5PLH8U",
        "source_team": "T5M5PLH8U",
        "user_profile": {
            "avatar_hash": "g36143b3c8a8",
            "image_72": "https:\/\/secure.gravatar.com\/avatar\/136143b3c8a8f001d1ada26594df76ff.jpg?s=72&d=https%3A%2F%2Fa.slack-edge.com%2Fdf10d%2Fimg%2Favatars%2Fava_0016-72.png",
            "first_name": "",
            "real_name": "Felix Wiesmueller",
            "display_name": "Felix",
            "team": "T5M5PLH8U",
            "name": "f.wiesmueller",
            "is_restricted": false,
            "is_ultra_restricted": false
        }
    },
    {
        "type": "message",
        "subtype": "bot_message",
        "text": "Was planning on it, yeah.",
        "ts": "1507477188.000092",
        "username": "toad_polo",
        "icons": {
            "image_48": "https:\/\/slack-files2.s3-us-west-2.amazonaws.com\/bot_icons\/2017-06-04\/192576811829_48.png"
        },
        "bot_id": "B5MPXQBFS"
    },
    {
        "type": "message",
        "text": "nice. I hope the echomods community keeps on growing",
        "user": "U7F49RVMG",
        "ts": "1507477394.000115",
        "team": "T5M5PLH8U",
        "user_team": "T5M5PLH8U",
        "source_team": "T5M5PLH8U",
        "user_profile": {
            "avatar_hash": "g36143b3c8a8",
            "image_72": "https:\/\/secure.gravatar.com\/avatar\/136143b3c8a8f001d1ada26594df76ff.jpg?s=72&d=https%3A%2F%2Fa.slack-edge.com%2Fdf10d%2Fimg%2Favatars%2Fava_0016-72.png",
            "first_name": "",
            "real_name": "Felix Wiesmueller",
            "display_name": "Felix",
            "team": "T5M5PLH8U",
            "name": "f.wiesmueller",
            "is_restricted": false,
            "is_ultra_restricted": false
        }
    }
]