[
    {
        "type": "message",
        "subtype": "channel_join",
        "ts": "1517473709.000091",
        "user": "U923YT3B4",
        "text": "<@U923YT3B4> has joined the channel"
    },
    {
        "client_msg_id": "22222a9a-d044-4875-af14-dd9f4ce3d5a6",
        "type": "message",
        "text": "Hi <@U8Z3VB1T2>! Great to see you there - an awesome project you had! ",
        "user": "U5M5PLH9S",
        "ts": "1517481281.000388",
        "team": "T5M5PLH8U",
        "user_team": "T5M5PLH8U",
        "source_team": "T5M5PLH8U",
        "user_profile": {
            "avatar_hash": "e4fb6ae9f526",
            "image_72": "https:\/\/avatars.slack-edge.com\/2017-06-01\/191144530514_e4fb6ae9f526531fd41c_72.jpg",
            "first_name": "",
            "real_name": "kelu",
            "display_name": "",
            "team": "T5M5PLH8U",
            "name": "kelu",
            "is_restricted": false,
            "is_ultra_restricted": false
        }
    },
    {
        "client_msg_id": "58c5b5b0-9174-4b70-b3a5-0883ba94f47b",
        "type": "message",
        "text": "How is it going as of today? ",
        "user": "U5M5PLH9S",
        "ts": "1517481296.000081",
        "team": "T5M5PLH8U",
        "user_team": "T5M5PLH8U",
        "source_team": "T5M5PLH8U",
        "user_profile": {
            "avatar_hash": "e4fb6ae9f526",
            "image_72": "https:\/\/avatars.slack-edge.com\/2017-06-01\/191144530514_e4fb6ae9f526531fd41c_72.jpg",
            "first_name": "",
            "real_name": "kelu",
            "display_name": "",
            "team": "T5M5PLH8U",
            "name": "kelu",
            "is_restricted": false,
            "is_ultra_restricted": false
        }
    },
    {
        "type": "message",
        "text": "Hi <@U5M5PLH9S>! I'm a biomedical engineering student in the US that's doing a senior project based on your ultrasound project! I was wondering how long the waitlist in your tindie store is?",
        "user": "U923YT3B4",
        "ts": "1517533108.000208",
        "team": "T5M5PLH8U",
        "user_team": "T5M5PLH8U",
        "source_team": "T5M5PLH8U",
        "user_profile": {
            "avatar_hash": "6710a205a9be",
            "image_72": "https:\/\/avatars.slack-edge.com\/2018-02-01\/308040121987_6710a205a9beb27d3764_72.jpg",
            "first_name": "Kevin",
            "real_name": "Kevin Bui",
            "display_name": "",
            "team": "T5M5PLH8U",
            "name": "khvbui",
            "is_restricted": false,
            "is_ultra_restricted": false
        }
    }
]