[
    {
        "type": "message",
        "subtype": "channel_join",
        "ts": "1545538245.001400",
        "user": "UF0SXEJ0M",
        "text": "<@UF0SXEJ0M> has joined the channel"
    },
    {
        "client_msg_id": "05266f84-6f29-4c27-bdf0-e4e52d4d4013",
        "type": "message",
        "text": "Hi Kelu love the work you're doing! I have been working with Ultrasound myself for about 7 years, and have been primarily working on the Transmit portion, to be used for therapeutic and investigational purposes in biotechnology",
        "user": "UF0SXEJ0M",
        "ts": "1545539962.002500",
        "team": "T5M5PLH8U",
        "user_team": "T5M5PLH8U",
        "source_team": "T5M5PLH8U",
        "user_profile": {
            "avatar_hash": "caf9f1375af3",
            "image_72": "https:\/\/avatars.slack-edge.com\/2019-02-12\/549018718117_caf9f1375af3bfa9e7a6_72.jpg",
            "first_name": "Sterling",
            "real_name": "Sterling Cooley",
            "display_name": "Sterling",
            "team": "T5M5PLH8U",
            "name": "percyacct2020",
            "is_restricted": false,
            "is_ultra_restricted": false
        }
    },
    {
        "client_msg_id": "e0cb0dee-0c5c-4246-afa4-05ad064386d0",
        "type": "message",
        "text": "Just found you, and I actually developed a 16 ch Ultrasound pulser which is tightly controlled using an Arduino Due",
        "user": "UF0SXEJ0M",
        "ts": "1545540011.003400",
        "team": "T5M5PLH8U",
        "user_team": "T5M5PLH8U",
        "source_team": "T5M5PLH8U",
        "user_profile": {
            "avatar_hash": "caf9f1375af3",
            "image_72": "https:\/\/avatars.slack-edge.com\/2019-02-12\/549018718117_caf9f1375af3bfa9e7a6_72.jpg",
            "first_name": "Sterling",
            "real_name": "Sterling Cooley",
            "display_name": "Sterling",
            "team": "T5M5PLH8U",
            "name": "percyacct2020",
            "is_restricted": false,
            "is_ultra_restricted": false
        },
        "thread_ts": "1545540011.003400",
        "reply_count": 8,
        "reply_users_count": 2,
        "latest_reply": "1545698359.005700",
        "reply_users": [
            "U5M5PLH9S",
            "UF0SXEJ0M"
        ],
        "replies": [
            {
                "user": "U5M5PLH9S",
                "ts": "1545571231.004200"
            },
            {
                "user": "U5M5PLH9S",
                "ts": "1545571611.004400"
            },
            {
                "user": "U5M5PLH9S",
                "ts": "1545582921.004600"
            },
            {
                "user": "U5M5PLH9S",
                "ts": "1545583063.004800"
            },
            {
                "user": "UF0SXEJ0M",
                "ts": "1545698246.005100"
            },
            {
                "user": "UF0SXEJ0M",
                "ts": "1545698260.005300"
            },
            {
                "user": "UF0SXEJ0M",
                "ts": "1545698277.005500"
            },
            {
                "user": "UF0SXEJ0M",
                "ts": "1545698359.005700"
            }
        ],
        "subscribed": true,
        "last_read": "1545698359.005700"
    }
]