[
    {
        "client_msg_id": "3ae301e8-965e-419b-95f9-15e8de6c3a5e",
        "type": "message",
        "text": "To avoid spamming the <#C5M71F0DT|general> channel, I've created a <#C9H58ADJT|ice40> dedicated channel - feel free to join it :) ",
        "user": "U5M5PLH9S",
        "ts": "1519817992.000155",
        "team": "T5M5PLH8U",
        "user_team": "T5M5PLH8U",
        "source_team": "T5M5PLH8U",
        "user_profile": {
            "avatar_hash": "e4fb6ae9f526",
            "image_72": "https:\/\/avatars.slack-edge.com\/2017-06-01\/191144530514_e4fb6ae9f526531fd41c_72.jpg",
            "first_name": "",
            "real_name": "kelu",
            "display_name": "",
            "team": "T5M5PLH8U",
            "name": "kelu",
            "is_restricted": false,
            "is_ultra_restricted": false
        }
    }
]