[
    {
        "type": "message",
        "text": "Awesome goal <@U5M5PLH9S>! \n\nWhat sort of accuracy are you currently achieving with your imaging devices?",
        "user": "UBDQLMATZ",
        "ts": "1530260563.000159",
        "team": "T5M5PLH8U",
        "user_team": "T5M5PLH8U",
        "source_team": "T5M5PLH8U",
        "user_profile": {
            "avatar_hash": "g71feb6a11ea",
            "image_72": "https:\/\/secure.gravatar.com\/avatar\/a71feb6a11eac36ce6d5d960fc8ae078.jpg?s=72&d=https%3A%2F%2Fa.slack-edge.com%2Fdf10d%2Fimg%2Favatars%2Fava_0001-72.png",
            "first_name": "",
            "real_name": "Dean Panebianco",
            "display_name": "",
            "team": "T5M5PLH8U",
            "name": "dean",
            "is_restricted": false,
            "is_ultra_restricted": false
        }
    },
    {
        "client_msg_id": "2e38ea44-2e9f-4589-8d8e-fb104fc8529c",
        "type": "message",
        "text": "I tried getting a dev board for this ic, contacting maxim over twitter, but they had none left...",
        "user": "U5M5PLH9S",
        "ts": "1530261093.000232",
        "team": "T5M5PLH8U",
        "user_team": "T5M5PLH8U",
        "source_team": "T5M5PLH8U",
        "user_profile": {
            "avatar_hash": "e4fb6ae9f526",
            "image_72": "https:\/\/avatars.slack-edge.com\/2017-06-01\/191144530514_e4fb6ae9f526531fd41c_72.jpg",
            "first_name": "",
            "real_name": "kelu",
            "display_name": "",
            "team": "T5M5PLH8U",
            "name": "kelu",
            "is_restricted": false,
            "is_ultra_restricted": false
        },
        "thread_ts": "1530224491.000026",
        "parent_user_id": "UBG6R1Z3Q"
    },
    {
        "client_msg_id": "7f3a4c32-eca8-4bb1-93fd-f957df4069cb",
        "type": "message",
        "text": "It really depends on the sensor. Sensor is today out of my scope, but using refurbished probes from ebay I assume the same resolution as original devices. I guess with the right tools (over sampling, synthetic aperture) one could do even better :)",
        "user": "U5M5PLH9S",
        "ts": "1530261207.000294",
        "team": "T5M5PLH8U",
        "user_team": "T5M5PLH8U",
        "source_team": "T5M5PLH8U",
        "user_profile": {
            "avatar_hash": "e4fb6ae9f526",
            "image_72": "https:\/\/avatars.slack-edge.com\/2017-06-01\/191144530514_e4fb6ae9f526531fd41c_72.jpg",
            "first_name": "",
            "real_name": "kelu",
            "display_name": "",
            "team": "T5M5PLH8U",
            "name": "kelu",
            "is_restricted": false,
            "is_ultra_restricted": false
        },
        "reactions": [
            {
                "name": "+1",
                "users": [
                    "UBDQLMATZ"
                ],
                "count": 1
            }
        ]
    },
    {
        "client_msg_id": "44622092-7e7a-4bb6-a345-ce945c472687",
        "type": "message",
        "text": "You can refer to <https:\/\/ieeexplore.ieee.org\/document\/7982705\/> for such improvement,  using cheaper sensors",
        "user": "U5M5PLH9S",
        "ts": "1530261251.000207",
        "team": "T5M5PLH8U",
        "user_team": "T5M5PLH8U",
        "source_team": "T5M5PLH8U",
        "user_profile": {
            "avatar_hash": "e4fb6ae9f526",
            "image_72": "https:\/\/avatars.slack-edge.com\/2017-06-01\/191144530514_e4fb6ae9f526531fd41c_72.jpg",
            "first_name": "",
            "real_name": "kelu",
            "display_name": "",
            "team": "T5M5PLH8U",
            "name": "kelu",
            "is_restricted": false,
            "is_ultra_restricted": false
        },
        "attachments": [
            {
                "title": "Development of a Low-Cost Medical Ultrasound Scanner Using a Monostatic Synthetic Aperture - IEEE Journals &amp; Magazine",
                "title_link": "https:\/\/ieeexplore.ieee.org\/document\/7982705\/",
                "text": "Objective: In this paper, we present the design of low-cost medical ultrasound scanners aimed at the detection of maternal mortality risk factors in develo",
                "fallback": "Development of a Low-Cost Medical Ultrasound Scanner Using a Monostatic Synthetic Aperture - IEEE Journals &amp; Magazine",
                "from_url": "https:\/\/ieeexplore.ieee.org\/document\/7982705\/",
                "service_icon": "https:\/\/ieeexplore.ieee.org\/favicon.ico",
                "service_name": "ieeexplore.ieee.org",
                "id": 1,
                "original_url": "https:\/\/ieeexplore.ieee.org\/document\/7982705\/"
            }
        ]
    }
]