[
    {
        "type": "message",
        "text": "I was looking for the bom files and no, not all the components are there.\nIn the end I ended up looking for the values in the Kicad schematic, \nFor the capacitors in the goblin board, I'm using some 10V and some 50V (I'm assuming low voltages for this board).\nThe one I did not quite get is the L1→L6 parts, which is, apparently, an inductor with a value of 120nH but in the bom file it has associated the P\/N BLM21BB750SN1D which is a 'Ferrite Bead' with no induction value. ¿Am I reading something wrong?",
        "user": "U8DP2NWAD",
        "ts": "1515589642.000421",
        "team": "T5M5PLH8U",
        "user_team": "T5M5PLH8U",
        "source_team": "T5M5PLH8U",
        "user_profile": {
            "avatar_hash": "ge8fe12d48f6",
            "image_72": "https:\/\/secure.gravatar.com\/avatar\/be8fe12d48f65fa83f69d7849035f8c3.jpg?s=72&d=https%3A%2F%2Fa.slack-edge.com%2Fdf10d%2Fimg%2Favatars%2Fava_0024-72.png",
            "first_name": "",
            "real_name": "Tomás Glaría",
            "display_name": "tglaria",
            "team": "T5M5PLH8U",
            "name": "tglaria",
            "is_restricted": false,
            "is_ultra_restricted": false
        }
    },
    {
        "type": "message",
        "text": "For the tobo board (this one did have a bom file), I'm using 16V capacitor for the power supply (5V) part,  and 50, 200, 250V for the signals.",
        "user": "U8DP2NWAD",
        "ts": "1515590297.000367",
        "team": "T5M5PLH8U",
        "user_team": "T5M5PLH8U",
        "source_team": "T5M5PLH8U",
        "user_profile": {
            "avatar_hash": "ge8fe12d48f6",
            "image_72": "https:\/\/secure.gravatar.com\/avatar\/be8fe12d48f65fa83f69d7849035f8c3.jpg?s=72&d=https%3A%2F%2Fa.slack-edge.com%2Fdf10d%2Fimg%2Favatars%2Fava_0024-72.png",
            "first_name": "",
            "real_name": "Tomás Glaría",
            "display_name": "tglaria",
            "team": "T5M5PLH8U",
            "name": "tglaria",
            "is_restricted": false,
            "is_ultra_restricted": false
        }
    },
    {
        "type": "message",
        "text": "Thanks for this comment! I never had this issue. Let me publish the bom as per the boards put on macrofab ",
        "user": "U5M5PLH9S",
        "ts": "1515595084.000299",
        "team": "T5M5PLH8U",
        "user_team": "T5M5PLH8U",
        "source_team": "T5M5PLH8U",
        "user_profile": {
            "avatar_hash": "e4fb6ae9f526",
            "image_72": "https:\/\/avatars.slack-edge.com\/2017-06-01\/191144530514_e4fb6ae9f526531fd41c_72.jpg",
            "first_name": "",
            "real_name": "kelu",
            "display_name": "",
            "team": "T5M5PLH8U",
            "name": "kelu",
            "is_restricted": false,
            "is_ultra_restricted": false
        },
        "reactions": [
            {
                "name": "heart",
                "users": [
                    "U8DP2NWAD"
                ],
                "count": 1
            }
        ]
    },
    {
        "type": "message",
        "text": "",
        "files": [
            {
                "id": "F8QB27N9W",
                "created": 1515616931,
                "timestamp": 1515616931,
                "name": "BOM.v2.macrofab.xlsx",
                "title": "Alt.tbo - BOM.v2.macrofab.xlsx",
                "mimetype": "application\/vnd.openxmlformats-officedocument.spreadsheetml.sheet",
                "filetype": "xlsx",
                "pretty_type": "Excel Spreadsheet",
                "user": "U5M5PLH9S",
                "editable": false,
                "size": 13922,
                "mode": "hosted",
                "is_external": false,
                "external_type": "",
                "is_public": true,
                "public_url_shared": false,
                "display_as_bot": false,
                "username": "",
                "url_private": "https:\/\/files.slack.com\/files-pri\/T5M5PLH8U-F8QB27N9W\/bom.v2.macrofab.xlsx?t=xoxe-191193697300-1501897281926-1505540481365-290cf54ffdfc380367c1af72479de92b",
                "url_private_download": "https:\/\/files.slack.com\/files-pri\/T5M5PLH8U-F8QB27N9W\/download\/bom.v2.macrofab.xlsx?t=xoxe-191193697300-1501897281926-1505540481365-290cf54ffdfc380367c1af72479de92b",
                "permalink": "https:\/\/usdevkit.slack.com\/files\/U5M5PLH9S\/F8QB27N9W\/bom.v2.macrofab.xlsx",
                "permalink_public": "https:\/\/slack-files.com\/T5M5PLH8U-F8QB27N9W-fc3914815a",
                "is_starred": false,
                "has_rich_preview": false
            }
        ],
        "upload": true,
        "user": "U5M5PLH9S",
        "display_as_bot": false,
        "ts": "1515616932.000262"
    },
    {
        "type": "message",
        "text": "",
        "files": [
            {
                "id": "F8QE282V7",
                "created": 1515616964,
                "timestamp": 1515616964,
                "name": "goblin_altium.v2.xls",
                "title": "Goblin - BOM v2.xls",
                "mimetype": "application\/vnd.ms-excel",
                "filetype": "xls",
                "pretty_type": "Excel Spreadsheet",
                "user": "U5M5PLH9S",
                "editable": false,
                "size": 24064,
                "mode": "hosted",
                "is_external": false,
                "external_type": "",
                "is_public": true,
                "public_url_shared": false,
                "display_as_bot": false,
                "username": "",
                "url_private": "https:\/\/files.slack.com\/files-pri\/T5M5PLH8U-F8QE282V7\/goblin_altium.v2.xls?t=xoxe-191193697300-1501897281926-1505540481365-290cf54ffdfc380367c1af72479de92b",
                "url_private_download": "https:\/\/files.slack.com\/files-pri\/T5M5PLH8U-F8QE282V7\/download\/goblin_altium.v2.xls?t=xoxe-191193697300-1501897281926-1505540481365-290cf54ffdfc380367c1af72479de92b",
                "permalink": "https:\/\/usdevkit.slack.com\/files\/U5M5PLH9S\/F8QE282V7\/goblin_altium.v2.xls",
                "permalink_public": "https:\/\/slack-files.com\/T5M5PLH8U-F8QE282V7-d537cc6447",
                "is_starred": false,
                "has_rich_preview": false
            }
        ],
        "upload": true,
        "user": "U5M5PLH9S",
        "display_as_bot": false,
        "ts": "1515616965.000354"
    },
    {
        "type": "message",
        "subtype": "channel_join",
        "ts": "1515645376.000096",
        "user": "U8R356G2X",
        "text": "<@U8R356G2X> has joined the channel"
    },
    {
        "type": "message",
        "text": "hi there :slightly_smiling_face:",
        "user": "U8R356G2X",
        "ts": "1515646416.000035",
        "team": "T5M5PLH8U",
        "user_team": "T5M5PLH8U",
        "source_team": "T5M5PLH8U",
        "user_profile": {
            "avatar_hash": "g5190879460a",
            "image_72": "https:\/\/secure.gravatar.com\/avatar\/45190879460a55fb4e89dbf2ba76a455.jpg?s=72&d=https%3A%2F%2Fa.slack-edge.com%2Fdf10d%2Fimg%2Favatars%2Fava_0022-72.png",
            "first_name": "Patrick",
            "real_name": "Patrick Teggart",
            "display_name": "Patrick",
            "team": "T5M5PLH8U",
            "name": "patrick.teggart",
            "is_restricted": false,
            "is_ultra_restricted": false
        }
    },
    {
        "type": "message",
        "text": "Hi <@U8R356G2X> :) ",
        "user": "U5M5PLH9S",
        "ts": "1515656198.000188",
        "team": "T5M5PLH8U",
        "user_team": "T5M5PLH8U",
        "source_team": "T5M5PLH8U",
        "user_profile": {
            "avatar_hash": "e4fb6ae9f526",
            "image_72": "https:\/\/avatars.slack-edge.com\/2017-06-01\/191144530514_e4fb6ae9f526531fd41c_72.jpg",
            "first_name": "",
            "real_name": "kelu",
            "display_name": "",
            "team": "T5M5PLH8U",
            "name": "kelu",
            "is_restricted": false,
            "is_ultra_restricted": false
        }
    }
]