[
    {
        "client_msg_id": "43fa97b6-f61c-40d3-8e91-de22ffaf8007",
        "type": "message",
        "text": "Hey <@U923YT3B4> you can find the kicad at <https:\/\/github.com\/kelu124\/echomods\/tree\/master\/doj\/source\/v2.0-kicad>",
        "user": "U5M5PLH9S",
        "ts": "1519373355.000321",
        "team": "T5M5PLH8U",
        "user_team": "T5M5PLH8U",
        "source_team": "T5M5PLH8U",
        "user_profile": {
            "avatar_hash": "e4fb6ae9f526",
            "image_72": "https:\/\/avatars.slack-edge.com\/2017-06-01\/191144530514_e4fb6ae9f526531fd41c_72.jpg",
            "first_name": "",
            "real_name": "kelu",
            "display_name": "",
            "team": "T5M5PLH8U",
            "name": "kelu",
            "is_restricted": false,
            "is_ultra_restricted": false
        },
        "edited": {
            "user": "U5M5PLH9S",
            "ts": "1520699132.000000"
        }
    },
    {
        "client_msg_id": "95c035be-9842-4b6c-a8cb-4aa2a8f81a82",
        "type": "message",
        "text": "Tracks are labeled on it :) ",
        "user": "U5M5PLH9S",
        "ts": "1519373376.000075",
        "team": "T5M5PLH8U",
        "user_team": "T5M5PLH8U",
        "source_team": "T5M5PLH8U",
        "user_profile": {
            "avatar_hash": "e4fb6ae9f526",
            "image_72": "https:\/\/avatars.slack-edge.com\/2017-06-01\/191144530514_e4fb6ae9f526531fd41c_72.jpg",
            "first_name": "",
            "real_name": "kelu",
            "display_name": "",
            "team": "T5M5PLH8U",
            "name": "kelu",
            "is_restricted": false,
            "is_ultra_restricted": false
        }
    },
    {
        "client_msg_id": "1968ed10-5311-4311-a2e0-98bfe85a3088",
        "type": "message",
        "text": "Modules and motherboards are compatible in the long run. It's just that the new tobo uses more ios, hence you may need to modify the control pins in software ",
        "user": "U5M5PLH9S",
        "ts": "1519373479.000110",
        "team": "T5M5PLH8U",
        "user_team": "T5M5PLH8U",
        "source_team": "T5M5PLH8U",
        "user_profile": {
            "avatar_hash": "e4fb6ae9f526",
            "image_72": "https:\/\/avatars.slack-edge.com\/2017-06-01\/191144530514_e4fb6ae9f526531fd41c_72.jpg",
            "first_name": "",
            "real_name": "kelu",
            "display_name": "",
            "team": "T5M5PLH8U",
            "name": "kelu",
            "is_restricted": false,
            "is_ultra_restricted": false
        }
    },
    {
        "client_msg_id": "ce1f055d-707f-40a6-b9c3-d17bd0104730",
        "type": "message",
        "text": "<https:\/\/raw.githubusercontent.com\/kelu124\/echomods\/master\/doj\/images\/doj-v2.png> for the image :) ",
        "user": "U5M5PLH9S",
        "ts": "1519376872.000313",
        "team": "T5M5PLH8U",
        "user_team": "T5M5PLH8U",
        "source_team": "T5M5PLH8U",
        "user_profile": {
            "avatar_hash": "e4fb6ae9f526",
            "image_72": "https:\/\/avatars.slack-edge.com\/2017-06-01\/191144530514_e4fb6ae9f526531fd41c_72.jpg",
            "first_name": "",
            "real_name": "kelu",
            "display_name": "",
            "team": "T5M5PLH8U",
            "name": "kelu",
            "is_restricted": false,
            "is_ultra_restricted": false
        },
        "attachments": [
            {
                "fallback": "943x457px image",
                "image_url": "https:\/\/raw.githubusercontent.com\/kelu124\/echomods\/master\/doj\/images\/doj-v2.png",
                "image_width": 943,
                "image_height": 457,
                "image_bytes": 60484,
                "from_url": "https:\/\/raw.githubusercontent.com\/kelu124\/echomods\/master\/doj\/images\/doj-v2.png",
                "id": 1
            }
        ],
        "reactions": [
            {
                "name": "+1",
                "users": [
                    "U923YT3B4"
                ],
                "count": 1
            }
        ]
    },
    {
        "client_msg_id": "6172250c-8dc3-4754-ae80-4adf2f707496",
        "type": "message",
        "text": "Is that what you were looking for? ",
        "user": "U5M5PLH9S",
        "ts": "1519383573.000240",
        "team": "T5M5PLH8U",
        "user_team": "T5M5PLH8U",
        "source_team": "T5M5PLH8U",
        "user_profile": {
            "avatar_hash": "e4fb6ae9f526",
            "image_72": "https:\/\/avatars.slack-edge.com\/2017-06-01\/191144530514_e4fb6ae9f526531fd41c_72.jpg",
            "first_name": "",
            "real_name": "kelu",
            "display_name": "",
            "team": "T5M5PLH8U",
            "name": "kelu",
            "is_restricted": false,
            "is_ultra_restricted": false
        }
    }
]