[
    {
        "type": "message",
        "text": "Hey Al! Indeed, the project has had a bit of life already  (as a beaglebone black extension first, then independant functional modules, then this integrated ice40 board). I'd say that modules are easier to assemble if you're DIY, and provide more access to the internal steps of signal processing, but the latest integrated version may be more robust and have a better SNR.",
        "user": "U5M5PLH9S",
        "ts": "1526573471.000582",
        "team": "T5M5PLH8U",
        "user_team": "T5M5PLH8U",
        "source_team": "T5M5PLH8U",
        "user_profile": {
            "avatar_hash": "e4fb6ae9f526",
            "image_72": "https:\/\/avatars.slack-edge.com\/2017-06-01\/191144530514_e4fb6ae9f526531fd41c_72.jpg",
            "first_name": "",
            "real_name": "kelu",
            "display_name": "",
            "team": "T5M5PLH8U",
            "name": "kelu",
            "is_restricted": false,
            "is_ultra_restricted": false
        }
    },
    {
        "type": "message",
        "text": "The doc is here <https:\/\/github.com\/kelu124\/un0rick> - this was the pre-production setup, I'm currently working on the production version which should be released in coming days.",
        "user": "U5M5PLH9S",
        "ts": "1526573653.000220",
        "team": "T5M5PLH8U",
        "user_team": "T5M5PLH8U",
        "source_team": "T5M5PLH8U",
        "user_profile": {
            "avatar_hash": "e4fb6ae9f526",
            "image_72": "https:\/\/avatars.slack-edge.com\/2017-06-01\/191144530514_e4fb6ae9f526531fd41c_72.jpg",
            "first_name": "",
            "real_name": "kelu",
            "display_name": "",
            "team": "T5M5PLH8U",
            "name": "kelu",
            "is_restricted": false,
            "is_ultra_restricted": false
        }
    },
    {
        "type": "message",
        "text": "I'll want to publish the doc as well, will definitely need beta users to provide feedback on documentation to improve it.",
        "user": "U5M5PLH9S",
        "ts": "1526573707.000302",
        "team": "T5M5PLH8U",
        "user_team": "T5M5PLH8U",
        "source_team": "T5M5PLH8U",
        "user_profile": {
            "avatar_hash": "e4fb6ae9f526",
            "image_72": "https:\/\/avatars.slack-edge.com\/2017-06-01\/191144530514_e4fb6ae9f526531fd41c_72.jpg",
            "first_name": "",
            "real_name": "kelu",
            "display_name": "",
            "team": "T5M5PLH8U",
            "name": "kelu",
            "is_restricted": false,
            "is_ultra_restricted": false
        }
    }
]