[
    {
        "type": "message",
        "text": "<@U923YT3B4> ooops missed this message. I believe <@U8DP2NWAD> had assembled a gob2",
        "user": "U5M5PLH9S",
        "ts": "1523187680.000003",
        "team": "T5M5PLH8U",
        "user_team": "T5M5PLH8U",
        "source_team": "T5M5PLH8U",
        "user_profile": {
            "avatar_hash": "e4fb6ae9f526",
            "image_72": "https:\/\/avatars.slack-edge.com\/2017-06-01\/191144530514_e4fb6ae9f526531fd41c_72.jpg",
            "first_name": "",
            "real_name": "kelu",
            "display_name": "",
            "team": "T5M5PLH8U",
            "name": "kelu",
            "is_restricted": false,
            "is_ultra_restricted": false
        },
        "thread_ts": "1522280078.000361",
        "parent_user_id": "U923YT3B4"
    }
]