[
    {
        "type": "message",
        "text": "welcome <@U9L08R1GW> :slightly_smiling_face:",
        "user": "U5M5PLH9S",
        "ts": "1520449265.000666",
        "team": "T5M5PLH8U",
        "user_team": "T5M5PLH8U",
        "source_team": "T5M5PLH8U",
        "user_profile": {
            "avatar_hash": "e4fb6ae9f526",
            "image_72": "https:\/\/avatars.slack-edge.com\/2017-06-01\/191144530514_e4fb6ae9f526531fd41c_72.jpg",
            "first_name": "",
            "real_name": "kelu",
            "display_name": "",
            "team": "T5M5PLH8U",
            "name": "kelu",
            "is_restricted": false,
            "is_ultra_restricted": false
        }
    },
    {
        "type": "message",
        "text": "<@U5M5PLH9S> In your opinion, would making the tobo or the alt.tbo be better for beginners? Like, which would be easier to get working?",
        "user": "U923YT3B4",
        "ts": "1520493545.000273",
        "team": "T5M5PLH8U",
        "user_team": "T5M5PLH8U",
        "source_team": "T5M5PLH8U",
        "user_profile": {
            "avatar_hash": "6710a205a9be",
            "image_72": "https:\/\/avatars.slack-edge.com\/2018-02-01\/308040121987_6710a205a9beb27d3764_72.jpg",
            "first_name": "Kevin",
            "real_name": "Kevin Bui",
            "display_name": "",
            "team": "T5M5PLH8U",
            "name": "khvbui",
            "is_restricted": false,
            "is_ultra_restricted": false
        }
    },
    {
        "client_msg_id": "2892fd3e-56e3-4885-a158-08d2f0130039",
        "type": "message",
        "text": "A mix of the two :)",
        "user": "U5M5PLH9S",
        "ts": "1520493718.000295",
        "team": "T5M5PLH8U",
        "user_team": "T5M5PLH8U",
        "source_team": "T5M5PLH8U",
        "user_profile": {
            "avatar_hash": "e4fb6ae9f526",
            "image_72": "https:\/\/avatars.slack-edge.com\/2017-06-01\/191144530514_e4fb6ae9f526531fd41c_72.jpg",
            "first_name": "",
            "real_name": "kelu",
            "display_name": "",
            "team": "T5M5PLH8U",
            "name": "kelu",
            "is_restricted": false,
            "is_ultra_restricted": false
        }
    },
    {
        "client_msg_id": "bff43172-0066-45d2-af41-8472fc08e7a4",
        "type": "message",
        "text": "Both are a bit tricky to use",
        "user": "U5M5PLH9S",
        "ts": "1520493782.000230",
        "team": "T5M5PLH8U",
        "user_team": "T5M5PLH8U",
        "source_team": "T5M5PLH8U",
        "user_profile": {
            "avatar_hash": "e4fb6ae9f526",
            "image_72": "https:\/\/avatars.slack-edge.com\/2017-06-01\/191144530514_e4fb6ae9f526531fd41c_72.jpg",
            "first_name": "",
            "real_name": "kelu",
            "display_name": "",
            "team": "T5M5PLH8U",
            "name": "kelu",
            "is_restricted": false,
            "is_ultra_restricted": false
        }
    },
    {
        "type": "message",
        "text": "I plan on having a cheaper, top robust monopolar pulser like that",
        "files": [
            {
                "id": "F9MHG2CHM",
                "created": 1520493831,
                "timestamp": 1520493831,
                "name": "simpleHV.png",
                "title": "simpleHV.png",
                "mimetype": "image\/png",
                "filetype": "png",
                "pretty_type": "PNG",
                "user": "U5M5PLH9S",
                "editable": false,
                "size": 35725,
                "mode": "hosted",
                "is_external": false,
                "external_type": "",
                "is_public": true,
                "public_url_shared": true,
                "display_as_bot": false,
                "username": "",
                "url_private": "https:\/\/files.slack.com\/files-pri\/T5M5PLH8U-F9MHG2CHM\/simplehv.png?t=xoxe-191193697300-1501897281926-1505540481365-290cf54ffdfc380367c1af72479de92b",
                "url_private_download": "https:\/\/files.slack.com\/files-pri\/T5M5PLH8U-F9MHG2CHM\/download\/simplehv.png?t=xoxe-191193697300-1501897281926-1505540481365-290cf54ffdfc380367c1af72479de92b",
                "thumb_64": "https:\/\/files.slack.com\/files-tmb\/T5M5PLH8U-F9MHG2CHM-d7aa16589c\/simplehv_64.png?t=xoxe-191193697300-1501897281926-1505540481365-290cf54ffdfc380367c1af72479de92b",
                "thumb_80": "https:\/\/files.slack.com\/files-tmb\/T5M5PLH8U-F9MHG2CHM-d7aa16589c\/simplehv_80.png?t=xoxe-191193697300-1501897281926-1505540481365-290cf54ffdfc380367c1af72479de92b",
                "thumb_360": "https:\/\/files.slack.com\/files-tmb\/T5M5PLH8U-F9MHG2CHM-d7aa16589c\/simplehv_360.png?t=xoxe-191193697300-1501897281926-1505540481365-290cf54ffdfc380367c1af72479de92b",
                "thumb_360_w": 360,
                "thumb_360_h": 131,
                "thumb_480": "https:\/\/files.slack.com\/files-tmb\/T5M5PLH8U-F9MHG2CHM-d7aa16589c\/simplehv_480.png?t=xoxe-191193697300-1501897281926-1505540481365-290cf54ffdfc380367c1af72479de92b",
                "thumb_480_w": 480,
                "thumb_480_h": 175,
                "thumb_160": "https:\/\/files.slack.com\/files-tmb\/T5M5PLH8U-F9MHG2CHM-d7aa16589c\/simplehv_160.png?t=xoxe-191193697300-1501897281926-1505540481365-290cf54ffdfc380367c1af72479de92b",
                "thumb_720": "https:\/\/files.slack.com\/files-tmb\/T5M5PLH8U-F9MHG2CHM-d7aa16589c\/simplehv_720.png?t=xoxe-191193697300-1501897281926-1505540481365-290cf54ffdfc380367c1af72479de92b",
                "thumb_720_w": 720,
                "thumb_720_h": 262,
                "thumb_800": "https:\/\/files.slack.com\/files-tmb\/T5M5PLH8U-F9MHG2CHM-d7aa16589c\/simplehv_800.png?t=xoxe-191193697300-1501897281926-1505540481365-290cf54ffdfc380367c1af72479de92b",
                "thumb_800_w": 800,
                "thumb_800_h": 291,
                "image_exif_rotation": 1,
                "original_w": 926,
                "original_h": 337,
                "permalink": "https:\/\/usdevkit.slack.com\/files\/U5M5PLH9S\/F9MHG2CHM\/simplehv.png",
                "permalink_public": "https:\/\/slack-files.com\/T5M5PLH8U-F9MHG2CHM-f7fbea8710",
                "is_starred": false,
                "has_rich_preview": false
            }
        ],
        "upload": true,
        "user": "U5M5PLH9S",
        "display_as_bot": false,
        "ts": "1520493834.000218"
    },
    {
        "client_msg_id": "4f0e668f-d664-4d56-9057-6d4bc090d6e9",
        "type": "message",
        "text": "Will publish the code before end of week",
        "user": "U5M5PLH9S",
        "ts": "1520493857.000210",
        "team": "T5M5PLH8U",
        "user_team": "T5M5PLH8U",
        "source_team": "T5M5PLH8U",
        "user_profile": {
            "avatar_hash": "e4fb6ae9f526",
            "image_72": "https:\/\/avatars.slack-edge.com\/2017-06-01\/191144530514_e4fb6ae9f526531fd41c_72.jpg",
            "first_name": "",
            "real_name": "kelu",
            "display_name": "",
            "team": "T5M5PLH8U",
            "name": "kelu",
            "is_restricted": false,
            "is_ultra_restricted": false
        }
    },
    {
        "type": "message",
        "text": "Haha, that's good to hear! Unfortunately, I have to decide on one or the other sooner rather than later haha.",
        "user": "U923YT3B4",
        "ts": "1520495460.000112",
        "team": "T5M5PLH8U",
        "user_team": "T5M5PLH8U",
        "source_team": "T5M5PLH8U",
        "user_profile": {
            "avatar_hash": "6710a205a9be",
            "image_72": "https:\/\/avatars.slack-edge.com\/2018-02-01\/308040121987_6710a205a9beb27d3764_72.jpg",
            "first_name": "Kevin",
            "real_name": "Kevin Bui",
            "display_name": "",
            "team": "T5M5PLH8U",
            "name": "khvbui",
            "is_restricted": false,
            "is_ultra_restricted": false
        }
    }
]