[
    {
        "type": "message",
        "subtype": "channel_join",
        "ts": "1531293575.000207",
        "user": "UBNBB3DL3",
        "text": "<@UBNBB3DL3> has joined the channel"
    },
    {
        "type": "message",
        "text": "How's it going <@U5M5PLH9S>? Any updates on when the Ice40 will be ready for order? ",
        "user": "UBDQLMATZ",
        "ts": "1531363728.000146",
        "team": "T5M5PLH8U",
        "user_team": "T5M5PLH8U",
        "source_team": "T5M5PLH8U",
        "user_profile": {
            "avatar_hash": "g71feb6a11ea",
            "image_72": "https:\/\/secure.gravatar.com\/avatar\/a71feb6a11eac36ce6d5d960fc8ae078.jpg?s=72&d=https%3A%2F%2Fa.slack-edge.com%2Fdf10d%2Fimg%2Favatars%2Fava_0001-72.png",
            "first_name": "",
            "real_name": "Dean Panebianco",
            "display_name": "",
            "team": "T5M5PLH8U",
            "name": "dean",
            "is_restricted": false,
            "is_ultra_restricted": false
        }
    }
]