[
    {
        "type": "message",
        "text": "hardware setup of board. I used two jumper with board.",
        "files": [
            {
                "id": "FDKBFGGJ2",
                "created": 1539954211,
                "timestamp": 1539954211,
                "name": "image.png",
                "title": "Pasted image at 2018-10-19, 10:03 PM",
                "mimetype": "image\/png",
                "filetype": "png",
                "pretty_type": "PNG",
                "user": "UCMBM5C6L",
                "editable": false,
                "size": 1029651,
                "mode": "hosted",
                "is_external": false,
                "external_type": "",
                "is_public": true,
                "public_url_shared": false,
                "display_as_bot": false,
                "username": "",
                "url_private": "https:\/\/files.slack.com\/files-pri\/T5M5PLH8U-FDKBFGGJ2\/image.png?t=xoxe-191193697300-1501897281926-1505540481365-290cf54ffdfc380367c1af72479de92b",
                "url_private_download": "https:\/\/files.slack.com\/files-pri\/T5M5PLH8U-FDKBFGGJ2\/download\/image.png?t=xoxe-191193697300-1501897281926-1505540481365-290cf54ffdfc380367c1af72479de92b",
                "thumb_64": "https:\/\/files.slack.com\/files-tmb\/T5M5PLH8U-FDKBFGGJ2-5bcd7101e2\/image_64.png?t=xoxe-191193697300-1501897281926-1505540481365-290cf54ffdfc380367c1af72479de92b",
                "thumb_80": "https:\/\/files.slack.com\/files-tmb\/T5M5PLH8U-FDKBFGGJ2-5bcd7101e2\/image_80.png?t=xoxe-191193697300-1501897281926-1505540481365-290cf54ffdfc380367c1af72479de92b",
                "thumb_360": "https:\/\/files.slack.com\/files-tmb\/T5M5PLH8U-FDKBFGGJ2-5bcd7101e2\/image_360.png?t=xoxe-191193697300-1501897281926-1505540481365-290cf54ffdfc380367c1af72479de92b",
                "thumb_360_w": 360,
                "thumb_360_h": 240,
                "thumb_480": "https:\/\/files.slack.com\/files-tmb\/T5M5PLH8U-FDKBFGGJ2-5bcd7101e2\/image_480.png?t=xoxe-191193697300-1501897281926-1505540481365-290cf54ffdfc380367c1af72479de92b",
                "thumb_480_w": 480,
                "thumb_480_h": 320,
                "thumb_160": "https:\/\/files.slack.com\/files-tmb\/T5M5PLH8U-FDKBFGGJ2-5bcd7101e2\/image_160.png?t=xoxe-191193697300-1501897281926-1505540481365-290cf54ffdfc380367c1af72479de92b",
                "thumb_720": "https:\/\/files.slack.com\/files-tmb\/T5M5PLH8U-FDKBFGGJ2-5bcd7101e2\/image_720.png?t=xoxe-191193697300-1501897281926-1505540481365-290cf54ffdfc380367c1af72479de92b",
                "thumb_720_w": 720,
                "thumb_720_h": 480,
                "thumb_800": "https:\/\/files.slack.com\/files-tmb\/T5M5PLH8U-FDKBFGGJ2-5bcd7101e2\/image_800.png?t=xoxe-191193697300-1501897281926-1505540481365-290cf54ffdfc380367c1af72479de92b",
                "thumb_800_w": 800,
                "thumb_800_h": 533,
                "thumb_960": "https:\/\/files.slack.com\/files-tmb\/T5M5PLH8U-FDKBFGGJ2-5bcd7101e2\/image_960.png?t=xoxe-191193697300-1501897281926-1505540481365-290cf54ffdfc380367c1af72479de92b",
                "thumb_960_w": 960,
                "thumb_960_h": 640,
                "thumb_1024": "https:\/\/files.slack.com\/files-tmb\/T5M5PLH8U-FDKBFGGJ2-5bcd7101e2\/image_1024.png?t=xoxe-191193697300-1501897281926-1505540481365-290cf54ffdfc380367c1af72479de92b",
                "thumb_1024_w": 1024,
                "thumb_1024_h": 683,
                "image_exif_rotation": 1,
                "original_w": 1080,
                "original_h": 720,
                "permalink": "https:\/\/usdevkit.slack.com\/files\/UCMBM5C6L\/FDKBFGGJ2\/image.png",
                "permalink_public": "https:\/\/slack-files.com\/T5M5PLH8U-FDKBFGGJ2-7197929dc8",
                "is_starred": false,
                "has_rich_preview": false
            }
        ],
        "upload": true,
        "user": "UCMBM5C6L",
        "display_as_bot": false,
        "ts": "1539954217.000100",
        "thread_ts": "1538756308.000100",
        "parent_user_id": "UCMBM5C6L"
    },
    {
        "client_msg_id": "288ab534-2815-4f85-91e9-6850de51466e",
        "type": "message",
        "text": "and connect probe via sma cable.",
        "user": "UCMBM5C6L",
        "ts": "1539954484.000100",
        "team": "T5M5PLH8U",
        "user_team": "T5M5PLH8U",
        "source_team": "T5M5PLH8U",
        "user_profile": {
            "avatar_hash": "g44cf2181b23",
            "image_72": "https:\/\/secure.gravatar.com\/avatar\/a44cf2181b23bc20da69fd976d4a2046.jpg?s=72&d=https%3A%2F%2Fa.slack-edge.com%2Fdf10d%2Fimg%2Favatars%2Fava_0001-72.png",
            "first_name": "",
            "real_name": "Taeyoung Lee",
            "display_name": "",
            "team": "T5M5PLH8U",
            "name": "tylee0325",
            "is_restricted": false,
            "is_ultra_restricted": false
        },
        "thread_ts": "1538756308.000100",
        "parent_user_id": "UCMBM5C6L"
    },
    {
        "type": "message",
        "text": "",
        "files": [
            {
                "id": "FDK29T5ST",
                "created": 1539954579,
                "timestamp": 1539954579,
                "name": "image.png",
                "title": "Pasted image at 2018-10-19, 10:06 PM",
                "mimetype": "image\/png",
                "filetype": "png",
                "pretty_type": "PNG",
                "user": "UCMBM5C6L",
                "editable": false,
                "size": 18875384,
                "mode": "hosted",
                "is_external": false,
                "external_type": "",
                "is_public": true,
                "public_url_shared": false,
                "display_as_bot": false,
                "username": "",
                "url_private": "https:\/\/files.slack.com\/files-pri\/T5M5PLH8U-FDK29T5ST\/image.png?t=xoxe-191193697300-1501897281926-1505540481365-290cf54ffdfc380367c1af72479de92b",
                "url_private_download": "https:\/\/files.slack.com\/files-pri\/T5M5PLH8U-FDK29T5ST\/download\/image.png?t=xoxe-191193697300-1501897281926-1505540481365-290cf54ffdfc380367c1af72479de92b",
                "thumb_64": "https:\/\/files.slack.com\/files-tmb\/T5M5PLH8U-FDK29T5ST-53d92ca790\/image_64.png?t=xoxe-191193697300-1501897281926-1505540481365-290cf54ffdfc380367c1af72479de92b",
                "thumb_80": "https:\/\/files.slack.com\/files-tmb\/T5M5PLH8U-FDK29T5ST-53d92ca790\/image_80.png?t=xoxe-191193697300-1501897281926-1505540481365-290cf54ffdfc380367c1af72479de92b",
                "thumb_360": "https:\/\/files.slack.com\/files-tmb\/T5M5PLH8U-FDK29T5ST-53d92ca790\/image_360.png?t=xoxe-191193697300-1501897281926-1505540481365-290cf54ffdfc380367c1af72479de92b",
                "thumb_360_w": 360,
                "thumb_360_h": 203,
                "thumb_480": "https:\/\/files.slack.com\/files-tmb\/T5M5PLH8U-FDK29T5ST-53d92ca790\/image_480.png?t=xoxe-191193697300-1501897281926-1505540481365-290cf54ffdfc380367c1af72479de92b",
                "thumb_480_w": 480,
                "thumb_480_h": 270,
                "thumb_160": "https:\/\/files.slack.com\/files-tmb\/T5M5PLH8U-FDK29T5ST-53d92ca790\/image_160.png?t=xoxe-191193697300-1501897281926-1505540481365-290cf54ffdfc380367c1af72479de92b",
                "thumb_720": "https:\/\/files.slack.com\/files-tmb\/T5M5PLH8U-FDK29T5ST-53d92ca790\/image_720.png?t=xoxe-191193697300-1501897281926-1505540481365-290cf54ffdfc380367c1af72479de92b",
                "thumb_720_w": 720,
                "thumb_720_h": 405,
                "thumb_800": "https:\/\/files.slack.com\/files-tmb\/T5M5PLH8U-FDK29T5ST-53d92ca790\/image_800.png?t=xoxe-191193697300-1501897281926-1505540481365-290cf54ffdfc380367c1af72479de92b",
                "thumb_800_w": 800,
                "thumb_800_h": 450,
                "thumb_960": "https:\/\/files.slack.com\/files-tmb\/T5M5PLH8U-FDK29T5ST-53d92ca790\/image_960.png?t=xoxe-191193697300-1501897281926-1505540481365-290cf54ffdfc380367c1af72479de92b",
                "thumb_960_w": 960,
                "thumb_960_h": 540,
                "thumb_1024": "https:\/\/files.slack.com\/files-tmb\/T5M5PLH8U-FDK29T5ST-53d92ca790\/image_1024.png?t=xoxe-191193697300-1501897281926-1505540481365-290cf54ffdfc380367c1af72479de92b",
                "thumb_1024_w": 1024,
                "thumb_1024_h": 576,
                "image_exif_rotation": 1,
                "original_w": 5312,
                "original_h": 2988,
                "permalink": "https:\/\/usdevkit.slack.com\/files\/UCMBM5C6L\/FDK29T5ST\/image.png",
                "permalink_public": "https:\/\/slack-files.com\/T5M5PLH8U-FDK29T5ST-2493552356",
                "is_starred": false,
                "has_rich_preview": false
            }
        ],
        "upload": true,
        "user": "UCMBM5C6L",
        "display_as_bot": false,
        "ts": "1539954593.000100",
        "thread_ts": "1538756308.000100",
        "parent_user_id": "UCMBM5C6L"
    },
    {
        "client_msg_id": "20ba6063-50d7-45ea-b7ca-50f8f9301533",
        "type": "message",
        "text": "Thanks for sharing this. You can remove the white one on the second image",
        "user": "U5M5PLH9S",
        "ts": "1539955128.000100",
        "team": "T5M5PLH8U",
        "user_team": "T5M5PLH8U",
        "source_team": "T5M5PLH8U",
        "user_profile": {
            "avatar_hash": "e4fb6ae9f526",
            "image_72": "https:\/\/avatars.slack-edge.com\/2017-06-01\/191144530514_e4fb6ae9f526531fd41c_72.jpg",
            "first_name": "",
            "real_name": "kelu",
            "display_name": "",
            "team": "T5M5PLH8U",
            "name": "kelu",
            "is_restricted": false,
            "is_ultra_restricted": false
        },
        "thread_ts": "1538756308.000100",
        "parent_user_id": "UCMBM5C6L"
    },
    {
        "client_msg_id": "f80af955-63fe-4fd5-ae9a-4bcbea9c4b46",
        "type": "message",
        "text": "What about the testing sequnce? Do you see leds blinking?",
        "user": "U5M5PLH9S",
        "ts": "1539955153.000100",
        "team": "T5M5PLH8U",
        "user_team": "T5M5PLH8U",
        "source_team": "T5M5PLH8U",
        "user_profile": {
            "avatar_hash": "e4fb6ae9f526",
            "image_72": "https:\/\/avatars.slack-edge.com\/2017-06-01\/191144530514_e4fb6ae9f526531fd41c_72.jpg",
            "first_name": "",
            "real_name": "kelu",
            "display_name": "",
            "team": "T5M5PLH8U",
            "name": "kelu",
            "is_restricted": false,
            "is_ultra_restricted": false
        },
        "thread_ts": "1538756308.000100",
        "parent_user_id": "UCMBM5C6L"
    },
    {
        "client_msg_id": "bf6da9c6-fbd0-4c49-8119-8c2020025eb4",
        "type": "message",
        "text": "what do you mean by white one?",
        "user": "UCMBM5C6L",
        "ts": "1539955466.000100",
        "team": "T5M5PLH8U",
        "user_team": "T5M5PLH8U",
        "source_team": "T5M5PLH8U",
        "user_profile": {
            "avatar_hash": "g44cf2181b23",
            "image_72": "https:\/\/secure.gravatar.com\/avatar\/a44cf2181b23bc20da69fd976d4a2046.jpg?s=72&d=https%3A%2F%2Fa.slack-edge.com%2Fdf10d%2Fimg%2Favatars%2Fava_0001-72.png",
            "first_name": "",
            "real_name": "Taeyoung Lee",
            "display_name": "",
            "team": "T5M5PLH8U",
            "name": "tylee0325",
            "is_restricted": false,
            "is_ultra_restricted": false
        },
        "thread_ts": "1538756308.000100",
        "parent_user_id": "UCMBM5C6L"
    },
    {
        "client_msg_id": "540867ee-feb3-430e-a6cf-0765981b51e6",
        "type": "message",
        "text": "no, I tried that",
        "user": "UCMBM5C6L",
        "ts": "1539955539.000100",
        "team": "T5M5PLH8U",
        "user_team": "T5M5PLH8U",
        "source_team": "T5M5PLH8U",
        "user_profile": {
            "avatar_hash": "g44cf2181b23",
            "image_72": "https:\/\/secure.gravatar.com\/avatar\/a44cf2181b23bc20da69fd976d4a2046.jpg?s=72&d=https%3A%2F%2Fa.slack-edge.com%2Fdf10d%2Fimg%2Favatars%2Fava_0001-72.png",
            "first_name": "",
            "real_name": "Taeyoung Lee",
            "display_name": "",
            "team": "T5M5PLH8U",
            "name": "tylee0325",
            "is_restricted": false,
            "is_ultra_restricted": false
        },
        "thread_ts": "1538756308.000100",
        "parent_user_id": "UCMBM5C6L"
    },
    {
        "client_msg_id": "47ee5fa8-456c-490f-9e11-ebe08f134dbc",
        "type": "message",
        "text": "x = us_spi()\nx.TestSPI(10)",
        "user": "UCMBM5C6L",
        "ts": "1539955540.000100",
        "team": "T5M5PLH8U",
        "user_team": "T5M5PLH8U",
        "source_team": "T5M5PLH8U",
        "user_profile": {
            "avatar_hash": "g44cf2181b23",
            "image_72": "https:\/\/secure.gravatar.com\/avatar\/a44cf2181b23bc20da69fd976d4a2046.jpg?s=72&d=https%3A%2F%2Fa.slack-edge.com%2Fdf10d%2Fimg%2Favatars%2Fava_0001-72.png",
            "first_name": "",
            "real_name": "Taeyoung Lee",
            "display_name": "",
            "team": "T5M5PLH8U",
            "name": "tylee0325",
            "is_restricted": false,
            "is_ultra_restricted": false
        },
        "thread_ts": "1538756308.000100",
        "parent_user_id": "UCMBM5C6L"
    },
    {
        "client_msg_id": "c5dc95e0-f86d-47f1-a54d-71becec57c71",
        "type": "message",
        "text": "but there is no change on board's led.",
        "user": "UCMBM5C6L",
        "ts": "1539955555.000100",
        "team": "T5M5PLH8U",
        "user_team": "T5M5PLH8U",
        "source_team": "T5M5PLH8U",
        "user_profile": {
            "avatar_hash": "g44cf2181b23",
            "image_72": "https:\/\/secure.gravatar.com\/avatar\/a44cf2181b23bc20da69fd976d4a2046.jpg?s=72&d=https%3A%2F%2Fa.slack-edge.com%2Fdf10d%2Fimg%2Favatars%2Fava_0001-72.png",
            "first_name": "",
            "real_name": "Taeyoung Lee",
            "display_name": "",
            "team": "T5M5PLH8U",
            "name": "tylee0325",
            "is_restricted": false,
            "is_ultra_restricted": false
        },
        "thread_ts": "1538756308.000100",
        "parent_user_id": "UCMBM5C6L"
    },
    {
        "client_msg_id": "2ba1e90e-1f96-45bc-8df5-388cea0b8fea",
        "type": "message",
        "text": "then should I update FPGA by my self?",
        "user": "UCMBM5C6L",
        "ts": "1539956045.000100",
        "team": "T5M5PLH8U",
        "user_team": "T5M5PLH8U",
        "source_team": "T5M5PLH8U",
        "user_profile": {
            "avatar_hash": "g44cf2181b23",
            "image_72": "https:\/\/secure.gravatar.com\/avatar\/a44cf2181b23bc20da69fd976d4a2046.jpg?s=72&d=https%3A%2F%2Fa.slack-edge.com%2Fdf10d%2Fimg%2Favatars%2Fava_0001-72.png",
            "first_name": "",
            "real_name": "Taeyoung Lee",
            "display_name": "",
            "team": "T5M5PLH8U",
            "name": "tylee0325",
            "is_restricted": false,
            "is_ultra_restricted": false
        },
        "thread_ts": "1538756308.000100",
        "parent_user_id": "UCMBM5C6L"
    },
    {
        "client_msg_id": "da8caecf-f65a-4460-be99-b73a7786bbe0",
        "type": "message",
        "text": "you should flash it indeed using iceprog",
        "user": "U5M5PLH9S",
        "ts": "1539956212.000100",
        "team": "T5M5PLH8U",
        "user_team": "T5M5PLH8U",
        "source_team": "T5M5PLH8U",
        "user_profile": {
            "avatar_hash": "e4fb6ae9f526",
            "image_72": "https:\/\/avatars.slack-edge.com\/2017-06-01\/191144530514_e4fb6ae9f526531fd41c_72.jpg",
            "first_name": "",
            "real_name": "kelu",
            "display_name": "",
            "team": "T5M5PLH8U",
            "name": "kelu",
            "is_restricted": false,
            "is_ultra_restricted": false
        },
        "thread_ts": "1538756308.000100",
        "parent_user_id": "UCMBM5C6L"
    },
    {
        "client_msg_id": "0760bc11-a164-4782-843b-661636fe5e9e",
        "type": "message",
        "text": "with a jumper as indicated in the doc :smiley:",
        "user": "U5M5PLH9S",
        "ts": "1539956228.000100",
        "team": "T5M5PLH8U",
        "user_team": "T5M5PLH8U",
        "source_team": "T5M5PLH8U",
        "user_profile": {
            "avatar_hash": "e4fb6ae9f526",
            "image_72": "https:\/\/avatars.slack-edge.com\/2017-06-01\/191144530514_e4fb6ae9f526531fd41c_72.jpg",
            "first_name": "",
            "real_name": "kelu",
            "display_name": "",
            "team": "T5M5PLH8U",
            "name": "kelu",
            "is_restricted": false,
            "is_ultra_restricted": false
        },
        "thread_ts": "1538756308.000100",
        "parent_user_id": "UCMBM5C6L"
    },
    {
        "client_msg_id": "47f6fcc7-0eb9-48b4-95df-f2a24accfb4c",
        "type": "message",
        "text": "it's like an arduino, you need to give it a program first :smiley:",
        "user": "U5M5PLH9S",
        "ts": "1539956250.000100",
        "team": "T5M5PLH8U",
        "user_team": "T5M5PLH8U",
        "source_team": "T5M5PLH8U",
        "user_profile": {
            "avatar_hash": "e4fb6ae9f526",
            "image_72": "https:\/\/avatars.slack-edge.com\/2017-06-01\/191144530514_e4fb6ae9f526531fd41c_72.jpg",
            "first_name": "",
            "real_name": "kelu",
            "display_name": "",
            "team": "T5M5PLH8U",
            "name": "kelu",
            "is_restricted": false,
            "is_ultra_restricted": false
        },
        "thread_ts": "1538756308.000100",
        "parent_user_id": "UCMBM5C6L"
    },
    {
        "client_msg_id": "76b58528-eb6e-4473-9aa8-4dc11df88cc6",
        "type": "message",
        "text": "should I buy this one?",
        "user": "UCMBM5C6L",
        "ts": "1539956472.000100",
        "team": "T5M5PLH8U",
        "user_team": "T5M5PLH8U",
        "source_team": "T5M5PLH8U",
        "user_profile": {
            "avatar_hash": "g44cf2181b23",
            "image_72": "https:\/\/secure.gravatar.com\/avatar\/a44cf2181b23bc20da69fd976d4a2046.jpg?s=72&d=https%3A%2F%2Fa.slack-edge.com%2Fdf10d%2Fimg%2Favatars%2Fava_0001-72.png",
            "first_name": "",
            "real_name": "Taeyoung Lee",
            "display_name": "",
            "team": "T5M5PLH8U",
            "name": "tylee0325",
            "is_restricted": false,
            "is_ultra_restricted": false
        },
        "thread_ts": "1538756308.000100",
        "parent_user_id": "UCMBM5C6L"
    },
    {
        "client_msg_id": "d9691b4b-04bb-418d-944d-c16135257856",
        "type": "message",
        "text": "<https:\/\/www.latticesemi.com\/Products\/DevelopmentBoardsAndKits\/iCEprogDesktopProgrammer>",
        "user": "UCMBM5C6L",
        "ts": "1539956473.000100",
        "team": "T5M5PLH8U",
        "user_team": "T5M5PLH8U",
        "source_team": "T5M5PLH8U",
        "user_profile": {
            "avatar_hash": "g44cf2181b23",
            "image_72": "https:\/\/secure.gravatar.com\/avatar\/a44cf2181b23bc20da69fd976d4a2046.jpg?s=72&d=https%3A%2F%2Fa.slack-edge.com%2Fdf10d%2Fimg%2Favatars%2Fava_0001-72.png",
            "first_name": "",
            "real_name": "Taeyoung Lee",
            "display_name": "",
            "team": "T5M5PLH8U",
            "name": "tylee0325",
            "is_restricted": false,
            "is_ultra_restricted": false
        },
        "attachments": [
            {
                "title": "  iCEprog Desktop Programmer - Lattice Semiconductor ",
                "title_link": "https:\/\/www.latticesemi.com\/Products\/DevelopmentBoardsAndKits\/iCEprogDesktopProgrammer",
                "text": "Our iCEprog Desktop Programmer supports programming of the OTP fuses of Lattice iCE products (NVCM programming).",
                "fallback": "  iCEprog Desktop Programmer - Lattice Semiconductor ",
                "from_url": "https:\/\/www.latticesemi.com\/Products\/DevelopmentBoardsAndKits\/iCEprogDesktopProgrammer",
                "service_icon": "https:\/\/www.latticesemi.com\/images\/favicon.ico",
                "service_name": "latticesemi.com",
                "id": 1,
                "original_url": "https:\/\/www.latticesemi.com\/Products\/DevelopmentBoardsAndKits\/iCEprogDesktopProgrammer"
            }
        ],
        "thread_ts": "1538756308.000100",
        "parent_user_id": "UCMBM5C6L"
    },
    {
        "client_msg_id": "7c618183-5020-48b9-8202-596fcd83c3ed",
        "type": "message",
        "text": "hum... could you explain the detail process of FPGA programming?",
        "user": "UCMBM5C6L",
        "ts": "1539956920.000100",
        "team": "T5M5PLH8U",
        "user_team": "T5M5PLH8U",
        "source_team": "T5M5PLH8U",
        "user_profile": {
            "avatar_hash": "g44cf2181b23",
            "image_72": "https:\/\/secure.gravatar.com\/avatar\/a44cf2181b23bc20da69fd976d4a2046.jpg?s=72&d=https%3A%2F%2Fa.slack-edge.com%2Fdf10d%2Fimg%2Favatars%2Fava_0001-72.png",
            "first_name": "",
            "real_name": "Taeyoung Lee",
            "display_name": "",
            "team": "T5M5PLH8U",
            "name": "tylee0325",
            "is_restricted": false,
            "is_ultra_restricted": false
        },
        "thread_ts": "1538756308.000100",
        "parent_user_id": "UCMBM5C6L"
    },
    {
        "client_msg_id": "ee508fd0-4ec0-45c4-99c9-c987ca187afb",
        "type": "message",
        "text": "could you offer FPGA programing file example?",
        "user": "UCMBM5C6L",
        "ts": "1539957973.000100",
        "team": "T5M5PLH8U",
        "user_team": "T5M5PLH8U",
        "source_team": "T5M5PLH8U",
        "user_profile": {
            "avatar_hash": "g44cf2181b23",
            "image_72": "https:\/\/secure.gravatar.com\/avatar\/a44cf2181b23bc20da69fd976d4a2046.jpg?s=72&d=https%3A%2F%2Fa.slack-edge.com%2Fdf10d%2Fimg%2Favatars%2Fava_0001-72.png",
            "first_name": "",
            "real_name": "Taeyoung Lee",
            "display_name": "",
            "team": "T5M5PLH8U",
            "name": "tylee0325",
            "is_restricted": false,
            "is_ultra_restricted": false
        },
        "thread_ts": "1538756308.000100",
        "parent_user_id": "UCMBM5C6L"
    },
    {
        "client_msg_id": "476cf95c-fa79-42d6-8481-0c4b52f5fb62",
        "type": "message",
        "text": "and this file link doesn't work :disappointed:",
        "user": "UCMBM5C6L",
        "ts": "1539959562.000100",
        "team": "T5M5PLH8U",
        "user_team": "T5M5PLH8U",
        "source_team": "T5M5PLH8U",
        "user_profile": {
            "avatar_hash": "g44cf2181b23",
            "image_72": "https:\/\/secure.gravatar.com\/avatar\/a44cf2181b23bc20da69fd976d4a2046.jpg?s=72&d=https%3A%2F%2Fa.slack-edge.com%2Fdf10d%2Fimg%2Favatars%2Fava_0001-72.png",
            "first_name": "",
            "real_name": "Taeyoung Lee",
            "display_name": "",
            "team": "T5M5PLH8U",
            "name": "tylee0325",
            "is_restricted": false,
            "is_ultra_restricted": false
        },
        "thread_ts": "1538756308.000100",
        "parent_user_id": "UCMBM5C6L"
    },
    {
        "client_msg_id": "6b73785f-92e3-41b1-8c17-029015ac5532",
        "type": "message",
        "text": "<https:\/\/github.com\/kelu124\/echomods\/raw\/master\/matty\/v1.1\/MATTY_un0rick_20180826.bin>",
        "user": "UCMBM5C6L",
        "ts": "1539959563.000100",
        "team": "T5M5PLH8U",
        "user_team": "T5M5PLH8U",
        "source_team": "T5M5PLH8U",
        "user_profile": {
            "avatar_hash": "g44cf2181b23",
            "image_72": "https:\/\/secure.gravatar.com\/avatar\/a44cf2181b23bc20da69fd976d4a2046.jpg?s=72&d=https%3A%2F%2Fa.slack-edge.com%2Fdf10d%2Fimg%2Favatars%2Fava_0001-72.png",
            "first_name": "",
            "real_name": "Taeyoung Lee",
            "display_name": "",
            "team": "T5M5PLH8U",
            "name": "tylee0325",
            "is_restricted": false,
            "is_ultra_restricted": false
        },
        "thread_ts": "1538756308.000100",
        "parent_user_id": "UCMBM5C6L"
    },
    {
        "client_msg_id": "cbed74db-69ba-4f5c-9ab4-ab144ad6e078",
        "type": "message",
        "text": "are you using ubuntu?",
        "user": "U5M5PLH9S",
        "ts": "1539963009.000100",
        "team": "T5M5PLH8U",
        "user_team": "T5M5PLH8U",
        "source_team": "T5M5PLH8U",
        "user_profile": {
            "avatar_hash": "e4fb6ae9f526",
            "image_72": "https:\/\/avatars.slack-edge.com\/2017-06-01\/191144530514_e4fb6ae9f526531fd41c_72.jpg",
            "first_name": "",
            "real_name": "kelu",
            "display_name": "",
            "team": "T5M5PLH8U",
            "name": "kelu",
            "is_restricted": false,
            "is_ultra_restricted": false
        },
        "thread_ts": "1538756308.000100",
        "parent_user_id": "UCMBM5C6L"
    },
    {
        "client_msg_id": "ebe09783-737a-4aa3-893e-3f28f913508e",
        "type": "message",
        "text": "Correct: link is <https:\/\/github.com\/kelu124\/echomods\/raw\/master\/matty\/v1.01\/MATTY_un0rick_20180826.bin>",
        "user": "U5M5PLH9S",
        "ts": "1539963029.000100",
        "team": "T5M5PLH8U",
        "user_team": "T5M5PLH8U",
        "source_team": "T5M5PLH8U",
        "user_profile": {
            "avatar_hash": "e4fb6ae9f526",
            "image_72": "https:\/\/avatars.slack-edge.com\/2017-06-01\/191144530514_e4fb6ae9f526531fd41c_72.jpg",
            "first_name": "",
            "real_name": "kelu",
            "display_name": "",
            "team": "T5M5PLH8U",
            "name": "kelu",
            "is_restricted": false,
            "is_ultra_restricted": false
        },
        "edited": {
            "user": "U5M5PLH9S",
            "ts": "1539963060.000000"
        },
        "thread_ts": "1538756308.000100",
        "parent_user_id": "UCMBM5C6L"
    },
    {
        "client_msg_id": "2e3c0811-7cb6-43ee-9a91-3420fb1bb9ee",
        "type": "message",
        "text": "Procedure to flash is <https:\/\/doc.un0rick.cc\/installation.html> , chapter \"program it\"",
        "user": "U5M5PLH9S",
        "ts": "1539963100.000100",
        "team": "T5M5PLH8U",
        "user_team": "T5M5PLH8U",
        "source_team": "T5M5PLH8U",
        "user_profile": {
            "avatar_hash": "e4fb6ae9f526",
            "image_72": "https:\/\/avatars.slack-edge.com\/2017-06-01\/191144530514_e4fb6ae9f526531fd41c_72.jpg",
            "first_name": "",
            "real_name": "kelu",
            "display_name": "",
            "team": "T5M5PLH8U",
            "name": "kelu",
            "is_restricted": false,
            "is_ultra_restricted": false
        },
        "thread_ts": "1538756308.000100",
        "parent_user_id": "UCMBM5C6L"
    },
    {
        "client_msg_id": "1a04a0f1-d377-4c8c-a924-9836114ea599",
        "type": "message",
        "text": "okay thank you",
        "user": "UCMBM5C6L",
        "ts": "1539963790.000100",
        "team": "T5M5PLH8U",
        "user_team": "T5M5PLH8U",
        "source_team": "T5M5PLH8U",
        "user_profile": {
            "avatar_hash": "g44cf2181b23",
            "image_72": "https:\/\/secure.gravatar.com\/avatar\/a44cf2181b23bc20da69fd976d4a2046.jpg?s=72&d=https%3A%2F%2Fa.slack-edge.com%2Fdf10d%2Fimg%2Favatars%2Fava_0001-72.png",
            "first_name": "",
            "real_name": "Taeyoung Lee",
            "display_name": "",
            "team": "T5M5PLH8U",
            "name": "tylee0325",
            "is_restricted": false,
            "is_ultra_restricted": false
        },
        "thread_ts": "1538756308.000100",
        "parent_user_id": "UCMBM5C6L"
    },
    {
        "client_msg_id": "aa23fa88-a849-4e6e-ab64-f8ae4a4672b2",
        "type": "message",
        "text": "after setting FPGA, do I need to remove FGPA set jumper?",
        "user": "UCMBM5C6L",
        "ts": "1539963810.000100",
        "team": "T5M5PLH8U",
        "user_team": "T5M5PLH8U",
        "source_team": "T5M5PLH8U",
        "user_profile": {
            "avatar_hash": "g44cf2181b23",
            "image_72": "https:\/\/secure.gravatar.com\/avatar\/a44cf2181b23bc20da69fd976d4a2046.jpg?s=72&d=https%3A%2F%2Fa.slack-edge.com%2Fdf10d%2Fimg%2Favatars%2Fava_0001-72.png",
            "first_name": "",
            "real_name": "Taeyoung Lee",
            "display_name": "",
            "team": "T5M5PLH8U",
            "name": "tylee0325",
            "is_restricted": false,
            "is_ultra_restricted": false
        },
        "thread_ts": "1538756308.000100",
        "parent_user_id": "UCMBM5C6L"
    },
    {
        "client_msg_id": "f486fee1-5c6b-4312-a047-3f55a42abb44",
        "type": "message",
        "text": "I successed uploading bin to board",
        "user": "UCMBM5C6L",
        "ts": "1539964056.000100",
        "team": "T5M5PLH8U",
        "user_team": "T5M5PLH8U",
        "source_team": "T5M5PLH8U",
        "user_profile": {
            "avatar_hash": "g44cf2181b23",
            "image_72": "https:\/\/secure.gravatar.com\/avatar\/a44cf2181b23bc20da69fd976d4a2046.jpg?s=72&d=https%3A%2F%2Fa.slack-edge.com%2Fdf10d%2Fimg%2Favatars%2Fava_0001-72.png",
            "first_name": "",
            "real_name": "Taeyoung Lee",
            "display_name": "",
            "team": "T5M5PLH8U",
            "name": "tylee0325",
            "is_restricted": false,
            "is_ultra_restricted": false
        },
        "thread_ts": "1538756308.000100",
        "parent_user_id": "UCMBM5C6L"
    },
    {
        "client_msg_id": "ddb0832c-c6dd-48c0-8572-4562475af04a",
        "type": "message",
        "text": "But still x.spi test code doesnt' work",
        "user": "UCMBM5C6L",
        "ts": "1539964073.000100",
        "team": "T5M5PLH8U",
        "user_team": "T5M5PLH8U",
        "source_team": "T5M5PLH8U",
        "user_profile": {
            "avatar_hash": "g44cf2181b23",
            "image_72": "https:\/\/secure.gravatar.com\/avatar\/a44cf2181b23bc20da69fd976d4a2046.jpg?s=72&d=https%3A%2F%2Fa.slack-edge.com%2Fdf10d%2Fimg%2Favatars%2Fava_0001-72.png",
            "first_name": "",
            "real_name": "Taeyoung Lee",
            "display_name": "",
            "team": "T5M5PLH8U",
            "name": "tylee0325",
            "is_restricted": false,
            "is_ultra_restricted": false
        },
        "thread_ts": "1538756308.000100",
        "parent_user_id": "UCMBM5C6L"
    },
    {
        "client_msg_id": "0db3aa86-2b2b-4322-b4ba-b12129db48a2",
        "type": "message",
        "text": "what is exact test code?",
        "user": "UCMBM5C6L",
        "ts": "1539964082.000100",
        "team": "T5M5PLH8U",
        "user_team": "T5M5PLH8U",
        "source_team": "T5M5PLH8U",
        "user_profile": {
            "avatar_hash": "g44cf2181b23",
            "image_72": "https:\/\/secure.gravatar.com\/avatar\/a44cf2181b23bc20da69fd976d4a2046.jpg?s=72&d=https%3A%2F%2Fa.slack-edge.com%2Fdf10d%2Fimg%2Favatars%2Fava_0001-72.png",
            "first_name": "",
            "real_name": "Taeyoung Lee",
            "display_name": "",
            "team": "T5M5PLH8U",
            "name": "tylee0325",
            "is_restricted": false,
            "is_ultra_restricted": false
        },
        "thread_ts": "1538756308.000100",
        "parent_user_id": "UCMBM5C6L"
    },
    {
        "client_msg_id": "7c4c9b06-21a0-4414-ba8c-e9c8223ba5e0",
        "type": "message",
        "text": "oh something is changed. from all 255 values to all 0 values ... haha",
        "user": "UCMBM5C6L",
        "ts": "1539964327.000100",
        "team": "T5M5PLH8U",
        "user_team": "T5M5PLH8U",
        "source_team": "T5M5PLH8U",
        "user_profile": {
            "avatar_hash": "g44cf2181b23",
            "image_72": "https:\/\/secure.gravatar.com\/avatar\/a44cf2181b23bc20da69fd976d4a2046.jpg?s=72&d=https%3A%2F%2Fa.slack-edge.com%2Fdf10d%2Fimg%2Favatars%2Fava_0001-72.png",
            "first_name": "",
            "real_name": "Taeyoung Lee",
            "display_name": "",
            "team": "T5M5PLH8U",
            "name": "tylee0325",
            "is_restricted": false,
            "is_ultra_restricted": false
        },
        "thread_ts": "1538756308.000100",
        "parent_user_id": "UCMBM5C6L"
    },
    {
        "client_msg_id": "8fb97ecd-d09c-4680-9e01-e58fa6cdf055",
        "type": "message",
        "text": "Thanks!!!! Finally I could get signal like this !",
        "user": "UCMBM5C6L",
        "ts": "1539964854.000100",
        "team": "T5M5PLH8U",
        "user_team": "T5M5PLH8U",
        "source_team": "T5M5PLH8U",
        "user_profile": {
            "avatar_hash": "g44cf2181b23",
            "image_72": "https:\/\/secure.gravatar.com\/avatar\/a44cf2181b23bc20da69fd976d4a2046.jpg?s=72&d=https%3A%2F%2Fa.slack-edge.com%2Fdf10d%2Fimg%2Favatars%2Fava_0001-72.png",
            "first_name": "",
            "real_name": "Taeyoung Lee",
            "display_name": "",
            "team": "T5M5PLH8U",
            "name": "tylee0325",
            "is_restricted": false,
            "is_ultra_restricted": false
        },
        "thread_ts": "1538756308.000100",
        "parent_user_id": "UCMBM5C6L"
    },
    {
        "type": "message",
        "text": "",
        "files": [
            {
                "id": "FDK705G5V",
                "created": 1539964872,
                "timestamp": 1539964872,
                "name": "image.png",
                "title": "Pasted image at 2018-10-20, 1:01 AM",
                "mimetype": "image\/png",
                "filetype": "png",
                "pretty_type": "PNG",
                "user": "UCMBM5C6L",
                "editable": false,
                "size": 52101,
                "mode": "hosted",
                "is_external": false,
                "external_type": "",
                "is_public": true,
                "public_url_shared": false,
                "display_as_bot": false,
                "username": "",
                "url_private": "https:\/\/files.slack.com\/files-pri\/T5M5PLH8U-FDK705G5V\/image.png?t=xoxe-191193697300-1501897281926-1505540481365-290cf54ffdfc380367c1af72479de92b",
                "url_private_download": "https:\/\/files.slack.com\/files-pri\/T5M5PLH8U-FDK705G5V\/download\/image.png?t=xoxe-191193697300-1501897281926-1505540481365-290cf54ffdfc380367c1af72479de92b",
                "thumb_64": "https:\/\/files.slack.com\/files-tmb\/T5M5PLH8U-FDK705G5V-2c187697e4\/image_64.png?t=xoxe-191193697300-1501897281926-1505540481365-290cf54ffdfc380367c1af72479de92b",
                "thumb_80": "https:\/\/files.slack.com\/files-tmb\/T5M5PLH8U-FDK705G5V-2c187697e4\/image_80.png?t=xoxe-191193697300-1501897281926-1505540481365-290cf54ffdfc380367c1af72479de92b",
                "thumb_360": "https:\/\/files.slack.com\/files-tmb\/T5M5PLH8U-FDK705G5V-2c187697e4\/image_360.png?t=xoxe-191193697300-1501897281926-1505540481365-290cf54ffdfc380367c1af72479de92b",
                "thumb_360_w": 328,
                "thumb_360_h": 360,
                "thumb_480": "https:\/\/files.slack.com\/files-tmb\/T5M5PLH8U-FDK705G5V-2c187697e4\/image_480.png?t=xoxe-191193697300-1501897281926-1505540481365-290cf54ffdfc380367c1af72479de92b",
                "thumb_480_w": 437,
                "thumb_480_h": 480,
                "thumb_160": "https:\/\/files.slack.com\/files-tmb\/T5M5PLH8U-FDK705G5V-2c187697e4\/image_160.png?t=xoxe-191193697300-1501897281926-1505540481365-290cf54ffdfc380367c1af72479de92b",
                "thumb_720": "https:\/\/files.slack.com\/files-tmb\/T5M5PLH8U-FDK705G5V-2c187697e4\/image_720.png?t=xoxe-191193697300-1501897281926-1505540481365-290cf54ffdfc380367c1af72479de92b",
                "thumb_720_w": 655,
                "thumb_720_h": 720,
                "thumb_800": "https:\/\/files.slack.com\/files-tmb\/T5M5PLH8U-FDK705G5V-2c187697e4\/image_800.png?t=xoxe-191193697300-1501897281926-1505540481365-290cf54ffdfc380367c1af72479de92b",
                "thumb_800_w": 728,
                "thumb_800_h": 800,
                "image_exif_rotation": 1,
                "original_w": 750,
                "original_h": 824,
                "permalink": "https:\/\/usdevkit.slack.com\/files\/UCMBM5C6L\/FDK705G5V\/image.png",
                "permalink_public": "https:\/\/slack-files.com\/T5M5PLH8U-FDK705G5V-2aeb8e2c55",
                "is_starred": false,
                "has_rich_preview": false
            }
        ],
        "upload": true,
        "user": "UCMBM5C6L",
        "display_as_bot": false,
        "ts": "1539964876.000100",
        "thread_ts": "1538756308.000100",
        "parent_user_id": "UCMBM5C6L"
    },
    {
        "client_msg_id": "ebe1b929-a609-4013-ab99-7da783488883",
        "type": "message",
        "text": "but in this data, there is repeated value such as 131",
        "user": "UCMBM5C6L",
        "ts": "1539965314.000100",
        "team": "T5M5PLH8U",
        "user_team": "T5M5PLH8U",
        "source_team": "T5M5PLH8U",
        "user_profile": {
            "avatar_hash": "g44cf2181b23",
            "image_72": "https:\/\/secure.gravatar.com\/avatar\/a44cf2181b23bc20da69fd976d4a2046.jpg?s=72&d=https%3A%2F%2Fa.slack-edge.com%2Fdf10d%2Fimg%2Favatars%2Fava_0001-72.png",
            "first_name": "",
            "real_name": "Taeyoung Lee",
            "display_name": "",
            "team": "T5M5PLH8U",
            "name": "tylee0325",
            "is_restricted": false,
            "is_ultra_restricted": false
        },
        "thread_ts": "1538756308.000100",
        "parent_user_id": "UCMBM5C6L"
    },
    {
        "type": "message",
        "text": "",
        "files": [
            {
                "id": "FDJ2T24R1",
                "created": 1539965317,
                "timestamp": 1539965317,
                "name": "image.png",
                "title": "Pasted image at 2018-10-20, 1:08 AM",
                "mimetype": "image\/png",
                "filetype": "png",
                "pretty_type": "PNG",
                "user": "UCMBM5C6L",
                "editable": false,
                "size": 17324,
                "mode": "hosted",
                "is_external": false,
                "external_type": "",
                "is_public": true,
                "public_url_shared": false,
                "display_as_bot": false,
                "username": "",
                "url_private": "https:\/\/files.slack.com\/files-pri\/T5M5PLH8U-FDJ2T24R1\/image.png?t=xoxe-191193697300-1501897281926-1505540481365-290cf54ffdfc380367c1af72479de92b",
                "url_private_download": "https:\/\/files.slack.com\/files-pri\/T5M5PLH8U-FDJ2T24R1\/download\/image.png?t=xoxe-191193697300-1501897281926-1505540481365-290cf54ffdfc380367c1af72479de92b",
                "thumb_64": "https:\/\/files.slack.com\/files-tmb\/T5M5PLH8U-FDJ2T24R1-6263ca3059\/image_64.png?t=xoxe-191193697300-1501897281926-1505540481365-290cf54ffdfc380367c1af72479de92b",
                "thumb_80": "https:\/\/files.slack.com\/files-tmb\/T5M5PLH8U-FDJ2T24R1-6263ca3059\/image_80.png?t=xoxe-191193697300-1501897281926-1505540481365-290cf54ffdfc380367c1af72479de92b",
                "thumb_360": "https:\/\/files.slack.com\/files-tmb\/T5M5PLH8U-FDJ2T24R1-6263ca3059\/image_360.png?t=xoxe-191193697300-1501897281926-1505540481365-290cf54ffdfc380367c1af72479de92b",
                "thumb_360_w": 96,
                "thumb_360_h": 360,
                "thumb_480": "https:\/\/files.slack.com\/files-tmb\/T5M5PLH8U-FDJ2T24R1-6263ca3059\/image_480.png?t=xoxe-191193697300-1501897281926-1505540481365-290cf54ffdfc380367c1af72479de92b",
                "thumb_480_w": 127,
                "thumb_480_h": 480,
                "thumb_160": "https:\/\/files.slack.com\/files-tmb\/T5M5PLH8U-FDJ2T24R1-6263ca3059\/image_160.png?t=xoxe-191193697300-1501897281926-1505540481365-290cf54ffdfc380367c1af72479de92b",
                "image_exif_rotation": 1,
                "original_w": 164,
                "original_h": 618,
                "permalink": "https:\/\/usdevkit.slack.com\/files\/UCMBM5C6L\/FDJ2T24R1\/image.png",
                "permalink_public": "https:\/\/slack-files.com\/T5M5PLH8U-FDJ2T24R1-9cbed05b33",
                "is_starred": false,
                "has_rich_preview": false
            }
        ],
        "upload": true,
        "user": "UCMBM5C6L",
        "display_as_bot": false,
        "ts": "1539965319.000100",
        "thread_ts": "1538756308.000100",
        "parent_user_id": "UCMBM5C6L"
    },
    {
        "client_msg_id": "48986974-b890-4daa-bcaf-491a597e4572",
        "type": "message",
        "text": "Is it related with counter signal?",
        "user": "UCMBM5C6L",
        "ts": "1539965333.000100",
        "team": "T5M5PLH8U",
        "user_team": "T5M5PLH8U",
        "source_team": "T5M5PLH8U",
        "user_profile": {
            "avatar_hash": "g44cf2181b23",
            "image_72": "https:\/\/secure.gravatar.com\/avatar\/a44cf2181b23bc20da69fd976d4a2046.jpg?s=72&d=https%3A%2F%2Fa.slack-edge.com%2Fdf10d%2Fimg%2Favatars%2Fava_0001-72.png",
            "first_name": "",
            "real_name": "Taeyoung Lee",
            "display_name": "",
            "team": "T5M5PLH8U",
            "name": "tylee0325",
            "is_restricted": false,
            "is_ultra_restricted": false
        },
        "thread_ts": "1538756308.000100",
        "parent_user_id": "UCMBM5C6L"
    },
    {
        "client_msg_id": "8fe371c1-59a1-49d1-a625-52cc6c24331e",
        "type": "message",
        "text": "haha",
        "user": "U5M5PLH9S",
        "ts": "1539969553.000100",
        "team": "T5M5PLH8U",
        "user_team": "T5M5PLH8U",
        "source_team": "T5M5PLH8U",
        "user_profile": {
            "avatar_hash": "e4fb6ae9f526",
            "image_72": "https:\/\/avatars.slack-edge.com\/2017-06-01\/191144530514_e4fb6ae9f526531fd41c_72.jpg",
            "first_name": "",
            "real_name": "kelu",
            "display_name": "",
            "team": "T5M5PLH8U",
            "name": "kelu",
            "is_restricted": false,
            "is_ultra_restricted": false
        },
        "thread_ts": "1538756308.000100",
        "parent_user_id": "UCMBM5C6L"
    },
    {
        "client_msg_id": "7a1823cf-3cbb-4ca1-98d4-88dae807350f",
        "type": "message",
        "text": "looks good",
        "user": "U5M5PLH9S",
        "ts": "1539969554.000100",
        "team": "T5M5PLH8U",
        "user_team": "T5M5PLH8U",
        "source_team": "T5M5PLH8U",
        "user_profile": {
            "avatar_hash": "e4fb6ae9f526",
            "image_72": "https:\/\/avatars.slack-edge.com\/2017-06-01\/191144530514_e4fb6ae9f526531fd41c_72.jpg",
            "first_name": "",
            "real_name": "kelu",
            "display_name": "",
            "team": "T5M5PLH8U",
            "name": "kelu",
            "is_restricted": false,
            "is_ultra_restricted": false
        },
        "thread_ts": "1538756308.000100",
        "parent_user_id": "UCMBM5C6L"
    },
    {
        "client_msg_id": "b9f28635-ac0f-461c-a515-2ec6d4e029f2",
        "type": "message",
        "text": "can you share your python notebook so that I can have a look ?",
        "user": "U5M5PLH9S",
        "ts": "1539969573.000100",
        "team": "T5M5PLH8U",
        "user_team": "T5M5PLH8U",
        "source_team": "T5M5PLH8U",
        "user_profile": {
            "avatar_hash": "e4fb6ae9f526",
            "image_72": "https:\/\/avatars.slack-edge.com\/2017-06-01\/191144530514_e4fb6ae9f526531fd41c_72.jpg",
            "first_name": "",
            "real_name": "kelu",
            "display_name": "",
            "team": "T5M5PLH8U",
            "name": "kelu",
            "is_restricted": false,
            "is_ultra_restricted": false
        },
        "thread_ts": "1538756308.000100",
        "parent_user_id": "UCMBM5C6L"
    },
    {
        "client_msg_id": "0eef5d72-3568-48da-a4aa-a31fbee7cd33",
        "type": "message",
        "text": "There is code on the jupyter notebook on how to make graphs out of the data",
        "user": "U5M5PLH9S",
        "ts": "1539969588.000100",
        "team": "T5M5PLH8U",
        "user_team": "T5M5PLH8U",
        "source_team": "T5M5PLH8U",
        "user_profile": {
            "avatar_hash": "e4fb6ae9f526",
            "image_72": "https:\/\/avatars.slack-edge.com\/2017-06-01\/191144530514_e4fb6ae9f526531fd41c_72.jpg",
            "first_name": "",
            "real_name": "kelu",
            "display_name": "",
            "team": "T5M5PLH8U",
            "name": "kelu",
            "is_restricted": false,
            "is_ultra_restricted": false
        },
        "thread_ts": "1538756308.000100",
        "parent_user_id": "UCMBM5C6L"
    },
    {
        "client_msg_id": "1d07e31e-4829-4629-b5d3-e139ebd0fb57",
        "type": "message",
        "text": "as in",
        "user": "U5M5PLH9S",
        "ts": "1539969621.000100",
        "team": "T5M5PLH8U",
        "user_team": "T5M5PLH8U",
        "source_team": "T5M5PLH8U",
        "user_profile": {
            "avatar_hash": "e4fb6ae9f526",
            "image_72": "https:\/\/avatars.slack-edge.com\/2017-06-01\/191144530514_e4fb6ae9f526531fd41c_72.jpg",
            "first_name": "",
            "real_name": "kelu",
            "display_name": "",
            "team": "T5M5PLH8U",
            "name": "kelu",
            "is_restricted": false,
            "is_ultra_restricted": false
        },
        "thread_ts": "1538756308.000100",
        "parent_user_id": "UCMBM5C6L"
    },
    {
        "client_msg_id": "cd30cf28-2c92-4532-b8c7-0715a4ce6193",
        "type": "message",
        "text": "<https:\/\/doc.un0rick.cc\/experiments.html>",
        "user": "U5M5PLH9S",
        "ts": "1539969622.000100",
        "team": "T5M5PLH8U",
        "user_team": "T5M5PLH8U",
        "source_team": "T5M5PLH8U",
        "user_profile": {
            "avatar_hash": "e4fb6ae9f526",
            "image_72": "https:\/\/avatars.slack-edge.com\/2017-06-01\/191144530514_e4fb6ae9f526531fd41c_72.jpg",
            "first_name": "",
            "real_name": "kelu",
            "display_name": "",
            "team": "T5M5PLH8U",
            "name": "kelu",
            "is_restricted": false,
            "is_ultra_restricted": false
        },
        "thread_ts": "1538756308.000100",
        "parent_user_id": "UCMBM5C6L"
    },
    {
        "client_msg_id": "8903cf15-9b14-4a78-a310-558f72e7bc66",
        "type": "message",
        "text": "x = us_json()\nx.JSONprocessing(\"acquisition.json\") # to process the image\nx.mkImg() # creates the image of the acquisition\nx.PlotDetail(0,100,125) # plots the detail between 100us and 125us\nx.SaveNPZ() # saves the data",
        "user": "U5M5PLH9S",
        "ts": "1539969651.000100",
        "team": "T5M5PLH8U",
        "user_team": "T5M5PLH8U",
        "source_team": "T5M5PLH8U",
        "user_profile": {
            "avatar_hash": "e4fb6ae9f526",
            "image_72": "https:\/\/avatars.slack-edge.com\/2017-06-01\/191144530514_e4fb6ae9f526531fd41c_72.jpg",
            "first_name": "",
            "real_name": "kelu",
            "display_name": "",
            "team": "T5M5PLH8U",
            "name": "kelu",
            "is_restricted": false,
            "is_ultra_restricted": false
        },
        "thread_ts": "1538756308.000100",
        "parent_user_id": "UCMBM5C6L"
    },
    {
        "client_msg_id": "a691d5fd-575a-415c-9ae5-7565795574b1",
        "type": "message",
        "text": "replace acquisition.json with the name of the json you'll just have saved",
        "user": "U5M5PLH9S",
        "ts": "1539969677.000100",
        "team": "T5M5PLH8U",
        "user_team": "T5M5PLH8U",
        "source_team": "T5M5PLH8U",
        "user_profile": {
            "avatar_hash": "e4fb6ae9f526",
            "image_72": "https:\/\/avatars.slack-edge.com\/2017-06-01\/191144530514_e4fb6ae9f526531fd41c_72.jpg",
            "first_name": "",
            "real_name": "kelu",
            "display_name": "",
            "team": "T5M5PLH8U",
            "name": "kelu",
            "is_restricted": false,
            "is_ultra_restricted": false
        },
        "thread_ts": "1538756308.000100",
        "parent_user_id": "UCMBM5C6L"
    },
    {
        "client_msg_id": "17925b66-9b0e-4978-bf97-d6c8f7caa8f1",
        "type": "message",
        "text": "You can use this version of the pyun0 lib : <https:\/\/github.com\/kelu124\/echomods\/blob\/master\/matty\/20180901a\/pyUn0.py>",
        "user": "U5M5PLH9S",
        "ts": "1539969751.000100",
        "team": "T5M5PLH8U",
        "user_team": "T5M5PLH8U",
        "source_team": "T5M5PLH8U",
        "user_profile": {
            "avatar_hash": "e4fb6ae9f526",
            "image_72": "https:\/\/avatars.slack-edge.com\/2017-06-01\/191144530514_e4fb6ae9f526531fd41c_72.jpg",
            "first_name": "",
            "real_name": "kelu",
            "display_name": "",
            "team": "T5M5PLH8U",
            "name": "kelu",
            "is_restricted": false,
            "is_ultra_restricted": false
        },
        "thread_ts": "1538756308.000100",
        "parent_user_id": "UCMBM5C6L"
    },
    {
        "client_msg_id": "39e0dcad-68ab-43ae-b785-6162a5e2df50",
        "type": "message",
        "text": "If you could share the acquisition file, that would be fantastic ",
        "user": "U5M5PLH9S",
        "ts": "1539979454.000100",
        "team": "T5M5PLH8U",
        "user_team": "T5M5PLH8U",
        "source_team": "T5M5PLH8U",
        "user_profile": {
            "avatar_hash": "e4fb6ae9f526",
            "image_72": "https:\/\/avatars.slack-edge.com\/2017-06-01\/191144530514_e4fb6ae9f526531fd41c_72.jpg",
            "first_name": "",
            "real_name": "kelu",
            "display_name": "",
            "team": "T5M5PLH8U",
            "name": "kelu",
            "is_restricted": false,
            "is_ultra_restricted": false
        },
        "thread_ts": "1538756308.000100",
        "parent_user_id": "UCMBM5C6L"
    }
]