[
    {
        "type": "message",
        "subtype": "channel_join",
        "ts": "1524043091.000490",
        "user": "UA8Q6RNLS",
        "text": "<@UA8Q6RNLS> has joined the channel"
    },
    {
        "client_msg_id": "8e8ffd10-d29d-4d8f-b2aa-321a7a1dbccc",
        "type": "message",
        "text": "Salut <@UA8Q6RNLS>! How may i help?",
        "user": "U5M5PLH9S",
        "ts": "1524059131.000502",
        "team": "T5M5PLH8U",
        "user_team": "T5M5PLH8U",
        "source_team": "T5M5PLH8U",
        "user_profile": {
            "avatar_hash": "e4fb6ae9f526",
            "image_72": "https:\/\/avatars.slack-edge.com\/2017-06-01\/191144530514_e4fb6ae9f526531fd41c_72.jpg",
            "first_name": "",
            "real_name": "kelu",
            "display_name": "",
            "team": "T5M5PLH8U",
            "name": "kelu",
            "is_restricted": false,
            "is_ultra_restricted": false
        }
    },
    {
        "type": "message",
        "text": "hey <@U5M5PLH9S>! I found your project at hackaday today (<https:\/\/hackaday.io\/project\/9281-murgen-open-source-ultrasound-imaging>) and I think it's really cool, so I thought I join the slack as well. I also like that you have such a vast amount of documentation and the book (<https:\/\/kelu124.gitbooks.io\/echomods\/content\/>) :wink:  I have a project (<https:\/\/hackaday.io\/project\/86509-bio-balance-detector>) which has a few similarities with yours, so I just thought I come here to say hi :slightly_smiling_face:",
        "user": "UA8Q6RNLS",
        "ts": "1524059428.000532",
        "team": "T5M5PLH8U",
        "user_team": "T5M5PLH8U",
        "source_team": "T5M5PLH8U",
        "user_profile": {
            "avatar_hash": "gba9b7d364cb",
            "image_72": "https:\/\/secure.gravatar.com\/avatar\/fba9b7d364cbf9df5f9ab7c46c893114.jpg?s=72&d=https%3A%2F%2Fa.slack-edge.com%2Fdf10d%2Fimg%2Favatars%2Fava_0012-72.png",
            "first_name": "",
            "real_name": "Andras Fuchs",
            "display_name": "Andras",
            "team": "T5M5PLH8U",
            "name": "andras.fuchs",
            "is_restricted": false,
            "is_ultra_restricted": false
        },
        "edited": {
            "user": "UA8Q6RNLS",
            "ts": "1524298201.000000"
        },
        "thread_ts": "1524059428.000532",
        "reply_count": 1,
        "reply_users_count": 1,
        "latest_reply": "1524079892.000733",
        "reply_users": [
            "U5M5PLH9S"
        ],
        "replies": [
            {
                "user": "U5M5PLH9S",
                "ts": "1524079892.000733"
            }
        ],
        "subscribed": true,
        "last_read": "1524079892.000733"
    },
    {
        "client_msg_id": "c3ef2d2d-9b87-448e-b9dd-b2c34d9b5265",
        "type": "message",
        "text": "Welcome here! Thanks for sharing :)",
        "user": "U5M5PLH9S",
        "ts": "1524079892.000733",
        "team": "T5M5PLH8U",
        "user_team": "T5M5PLH8U",
        "source_team": "T5M5PLH8U",
        "user_profile": {
            "avatar_hash": "e4fb6ae9f526",
            "image_72": "https:\/\/avatars.slack-edge.com\/2017-06-01\/191144530514_e4fb6ae9f526531fd41c_72.jpg",
            "first_name": "",
            "real_name": "kelu",
            "display_name": "",
            "team": "T5M5PLH8U",
            "name": "kelu",
            "is_restricted": false,
            "is_ultra_restricted": false
        },
        "thread_ts": "1524059428.000532",
        "parent_user_id": "UA8Q6RNLS"
    }
]