[
    {
        "client_msg_id": "d0db4498-c179-4b8b-bfb2-ae1aa8eb0d5a",
        "type": "message",
        "text": "I want buy your device. Which using raspberry pi as controller",
        "user": "UE3JX8LUT",
        "ts": "1542863239.004600",
        "team": "T5M5PLH8U",
        "user_team": "T5M5PLH8U",
        "source_team": "T5M5PLH8U",
        "user_profile": {
            "avatar_hash": "a9159a929398",
            "image_72": "https:\/\/avatars.slack-edge.com\/2018-11-15\/479026488288_a9159a929398c4006149_72.jpg",
            "first_name": "Fadhli",
            "real_name": "Fadhli",
            "display_name": "Fadhli",
            "team": "T5M5PLH8U",
            "name": "fadhliazinnuddin",
            "is_restricted": false,
            "is_ultra_restricted": false
        },
        "thread_ts": "1542218857.003300",
        "parent_user_id": "UE3JX8LUT"
    }
]