[
    {
        "client_msg_id": "def9fd1b-3cf5-43dd-a891-1491c6b12e76",
        "type": "message",
        "text": "Control is from spi",
        "user": "U5M5PLH9S",
        "ts": "1543928316.005300",
        "team": "T5M5PLH8U",
        "user_team": "T5M5PLH8U",
        "source_team": "T5M5PLH8U",
        "user_profile": {
            "avatar_hash": "e4fb6ae9f526",
            "image_72": "https:\/\/avatars.slack-edge.com\/2017-06-01\/191144530514_e4fb6ae9f526531fd41c_72.jpg",
            "first_name": "",
            "real_name": "kelu",
            "display_name": "",
            "team": "T5M5PLH8U",
            "name": "kelu",
            "is_restricted": false,
            "is_ultra_restricted": false
        },
        "thread_ts": "1542218857.003300",
        "parent_user_id": "UE3JX8LUT"
    },
    {
        "client_msg_id": "2246123f-7e32-4b3b-bc24-0372828a2f34",
        "type": "message",
        "text": "Control is from spi",
        "user": "U5M5PLH9S",
        "ts": "1543928353.005500",
        "team": "T5M5PLH8U",
        "user_team": "T5M5PLH8U",
        "source_team": "T5M5PLH8U",
        "user_profile": {
            "avatar_hash": "e4fb6ae9f526",
            "image_72": "https:\/\/avatars.slack-edge.com\/2017-06-01\/191144530514_e4fb6ae9f526531fd41c_72.jpg",
            "first_name": "",
            "real_name": "kelu",
            "display_name": "",
            "team": "T5M5PLH8U",
            "name": "kelu",
            "is_restricted": false,
            "is_ultra_restricted": false
        },
        "thread_ts": "1543074507.006000",
        "parent_user_id": "U5M5PLH9S"
    },
    {
        "client_msg_id": "1f1b78e7-0c82-4545-b139-6855c8f14b38",
        "type": "message",
        "text": "It can do, bit you need your own piezo",
        "user": "U5M5PLH9S",
        "ts": "1543928366.005700",
        "team": "T5M5PLH8U",
        "user_team": "T5M5PLH8U",
        "source_team": "T5M5PLH8U",
        "user_profile": {
            "avatar_hash": "e4fb6ae9f526",
            "image_72": "https:\/\/avatars.slack-edge.com\/2017-06-01\/191144530514_e4fb6ae9f526531fd41c_72.jpg",
            "first_name": "",
            "real_name": "kelu",
            "display_name": "",
            "team": "T5M5PLH8U",
            "name": "kelu",
            "is_restricted": false,
            "is_ultra_restricted": false
        },
        "thread_ts": "1543074507.006000",
        "parent_user_id": "U5M5PLH9S"
    }
]