[
    {
        "client_msg_id": "ff5a37c5-4f60-4f4c-804b-7bfc086da4d2",
        "type": "message",
        "text": "hey <@UBDQLMATZ>, <!channel>, seems like the first batch of the more r&amp;d-ish board ( the <http:\/\/un0rick.cc|un0rick.cc> ) is soon available. I've procrastinated about document, but will publish the basics (how to program the board, spi commands, how to get data from it) soon, along with a very beta version of a python lib, to use with a small raspberry pi plugged to the board. I'll put this first batch on Tindie for sale, ping me for a discount coupon code for beta users ! Oh, and the first batch is 5 boards, but if there's more demand, of course i'll start a new one.",
        "user": "U5M5PLH9S",
        "ts": "1532625002.000366",
        "team": "T5M5PLH8U",
        "user_team": "T5M5PLH8U",
        "source_team": "T5M5PLH8U",
        "user_profile": {
            "avatar_hash": "e4fb6ae9f526",
            "image_72": "https:\/\/avatars.slack-edge.com\/2017-06-01\/191144530514_e4fb6ae9f526531fd41c_72.jpg",
            "first_name": "",
            "real_name": "kelu",
            "display_name": "",
            "team": "T5M5PLH8U",
            "name": "kelu",
            "is_restricted": false,
            "is_ultra_restricted": false
        }
    },
    {
        "client_msg_id": "7f01d631-3ab5-4a34-94b3-0250b14ed75c",
        "type": "message",
        "text": "Have you read to power consumption of this board?",
        "user": "U8DP2NWAD",
        "ts": "1532629558.000365",
        "team": "T5M5PLH8U",
        "user_team": "T5M5PLH8U",
        "source_team": "T5M5PLH8U",
        "user_profile": {
            "avatar_hash": "ge8fe12d48f6",
            "image_72": "https:\/\/secure.gravatar.com\/avatar\/be8fe12d48f65fa83f69d7849035f8c3.jpg?s=72&d=https%3A%2F%2Fa.slack-edge.com%2Fdf10d%2Fimg%2Favatars%2Fava_0024-72.png",
            "first_name": "",
            "real_name": "Tomás Glaría",
            "display_name": "tglaria",
            "team": "T5M5PLH8U",
            "name": "tglaria",
            "is_restricted": false,
            "is_ultra_restricted": false
        }
    },
    {
        "client_msg_id": "9169a643-aff7-4466-a340-eba24e3f4c41",
        "type": "message",
        "text": "I made single board pulser (based in tobo and goblin) Maybe I should upload an image of the board",
        "user": "U8DP2NWAD",
        "ts": "1532629651.000073",
        "team": "T5M5PLH8U",
        "user_team": "T5M5PLH8U",
        "source_team": "T5M5PLH8U",
        "user_profile": {
            "avatar_hash": "ge8fe12d48f6",
            "image_72": "https:\/\/secure.gravatar.com\/avatar\/be8fe12d48f65fa83f69d7849035f8c3.jpg?s=72&d=https%3A%2F%2Fa.slack-edge.com%2Fdf10d%2Fimg%2Favatars%2Fava_0024-72.png",
            "first_name": "",
            "real_name": "Tomás Glaría",
            "display_name": "tglaria",
            "team": "T5M5PLH8U",
            "name": "tglaria",
            "is_restricted": false,
            "is_ultra_restricted": false
        }
    },
    {
        "client_msg_id": "90433b46-28f8-4339-b599-e478e1a4c7d3",
        "type": "message",
        "text": "Not the board alone, but board + raspberry. ",
        "user": "U5M5PLH9S",
        "ts": "1532629656.000474",
        "team": "T5M5PLH8U",
        "user_team": "T5M5PLH8U",
        "source_team": "T5M5PLH8U",
        "user_profile": {
            "avatar_hash": "e4fb6ae9f526",
            "image_72": "https:\/\/avatars.slack-edge.com\/2017-06-01\/191144530514_e4fb6ae9f526531fd41c_72.jpg",
            "first_name": "",
            "real_name": "kelu",
            "display_name": "",
            "team": "T5M5PLH8U",
            "name": "kelu",
            "is_restricted": false,
            "is_ultra_restricted": false
        }
    },
    {
        "client_msg_id": "4ef978c2-74ae-49a9-bc22-99089136d0c5",
        "type": "message",
        "text": "Wow, fantastic! Would be glad if you can share.",
        "user": "U5M5PLH9S",
        "ts": "1532629691.000295",
        "team": "T5M5PLH8U",
        "user_team": "T5M5PLH8U",
        "source_team": "T5M5PLH8U",
        "user_profile": {
            "avatar_hash": "e4fb6ae9f526",
            "image_72": "https:\/\/avatars.slack-edge.com\/2017-06-01\/191144530514_e4fb6ae9f526531fd41c_72.jpg",
            "first_name": "",
            "real_name": "kelu",
            "display_name": "",
            "team": "T5M5PLH8U",
            "name": "kelu",
            "is_restricted": false,
            "is_ultra_restricted": false
        },
        "edited": {
            "user": "U5M5PLH9S",
            "ts": "1532629699.000000"
        }
    },
    {
        "client_msg_id": "e6fd73ce-190b-4298-90e5-6a5f8790be1d",
        "type": "message",
        "text": "Could we have the numbers?",
        "user": "U8DP2NWAD",
        "ts": "1532629694.000148",
        "team": "T5M5PLH8U",
        "user_team": "T5M5PLH8U",
        "source_team": "T5M5PLH8U",
        "user_profile": {
            "avatar_hash": "ge8fe12d48f6",
            "image_72": "https:\/\/secure.gravatar.com\/avatar\/be8fe12d48f65fa83f69d7849035f8c3.jpg?s=72&d=https%3A%2F%2Fa.slack-edge.com%2Fdf10d%2Fimg%2Favatars%2Fava_0024-72.png",
            "first_name": "",
            "real_name": "Tomás Glaría",
            "display_name": "tglaria",
            "team": "T5M5PLH8U",
            "name": "tglaria",
            "is_restricted": false,
            "is_ultra_restricted": false
        }
    },
    {
        "client_msg_id": "af21dedc-e335-451b-99f8-d1d17fa8e03b",
        "type": "message",
        "text": "Yup. With pulser repeat at 500us, 75v pulses, rpi, fpga and ram I'm around 400ma at 5v",
        "user": "U5M5PLH9S",
        "ts": "1532629748.000416",
        "team": "T5M5PLH8U",
        "user_team": "T5M5PLH8U",
        "source_team": "T5M5PLH8U",
        "user_profile": {
            "avatar_hash": "e4fb6ae9f526",
            "image_72": "https:\/\/avatars.slack-edge.com\/2017-06-01\/191144530514_e4fb6ae9f526531fd41c_72.jpg",
            "first_name": "",
            "real_name": "kelu",
            "display_name": "",
            "team": "T5M5PLH8U",
            "name": "kelu",
            "is_restricted": false,
            "is_ultra_restricted": false
        }
    },
    {
        "client_msg_id": "22272521-7812-45d8-ab3d-b0eb577c9de1",
        "type": "message",
        "text": "That's mean current, do you have peaks?",
        "user": "U8DP2NWAD",
        "ts": "1532629812.000333",
        "team": "T5M5PLH8U",
        "user_team": "T5M5PLH8U",
        "source_team": "T5M5PLH8U",
        "user_profile": {
            "avatar_hash": "ge8fe12d48f6",
            "image_72": "https:\/\/secure.gravatar.com\/avatar\/be8fe12d48f65fa83f69d7849035f8c3.jpg?s=72&d=https%3A%2F%2Fa.slack-edge.com%2Fdf10d%2Fimg%2Favatars%2Fava_0024-72.png",
            "first_name": "",
            "real_name": "Tomás Glaría",
            "display_name": "tglaria",
            "team": "T5M5PLH8U",
            "name": "tglaria",
            "is_restricted": false,
            "is_ultra_restricted": false
        }
    },
    {
        "client_msg_id": "7e485e10-a50d-4774-9713-a2e74fee3074",
        "type": "message",
        "text": "(do you have the peak current values?)",
        "user": "U8DP2NWAD",
        "ts": "1532629824.000102",
        "team": "T5M5PLH8U",
        "user_team": "T5M5PLH8U",
        "source_team": "T5M5PLH8U",
        "user_profile": {
            "avatar_hash": "ge8fe12d48f6",
            "image_72": "https:\/\/secure.gravatar.com\/avatar\/be8fe12d48f65fa83f69d7849035f8c3.jpg?s=72&d=https%3A%2F%2Fa.slack-edge.com%2Fdf10d%2Fimg%2Favatars%2Fava_0024-72.png",
            "first_name": "",
            "real_name": "Tomás Glaría",
            "display_name": "tglaria",
            "team": "T5M5PLH8U",
            "name": "tglaria",
            "is_restricted": false,
            "is_ultra_restricted": false
        }
    },
    {
        "client_msg_id": "c3add134-fddf-4ef4-a772-8dc6d10e499b",
        "type": "message",
        "text": "What's the power use on your design?",
        "user": "U5M5PLH9S",
        "ts": "1532630018.000091",
        "team": "T5M5PLH8U",
        "user_team": "T5M5PLH8U",
        "source_team": "T5M5PLH8U",
        "user_profile": {
            "avatar_hash": "e4fb6ae9f526",
            "image_72": "https:\/\/avatars.slack-edge.com\/2017-06-01\/191144530514_e4fb6ae9f526531fd41c_72.jpg",
            "first_name": "",
            "real_name": "kelu",
            "display_name": "",
            "team": "T5M5PLH8U",
            "name": "kelu",
            "is_restricted": false,
            "is_ultra_restricted": false
        }
    },
    {
        "client_msg_id": "cc07c817-4489-4555-815d-c4f10b71d722",
        "type": "message",
        "text": "I haven't measured  ... still within use envelope ",
        "user": "U5M5PLH9S",
        "ts": "1532630050.000155",
        "team": "T5M5PLH8U",
        "user_team": "T5M5PLH8U",
        "source_team": "T5M5PLH8U",
        "user_profile": {
            "avatar_hash": "e4fb6ae9f526",
            "image_72": "https:\/\/avatars.slack-edge.com\/2017-06-01\/191144530514_e4fb6ae9f526531fd41c_72.jpg",
            "first_name": "",
            "real_name": "kelu",
            "display_name": "",
            "team": "T5M5PLH8U",
            "name": "kelu",
            "is_restricted": false,
            "is_ultra_restricted": false
        }
    },
    {
        "client_msg_id": "4fe13139-84a0-475c-92f3-03b0f7a4a509",
        "type": "message",
        "text": "(Don't have equipment to test)",
        "user": "U5M5PLH9S",
        "ts": "1532630069.000203",
        "team": "T5M5PLH8U",
        "user_team": "T5M5PLH8U",
        "source_team": "T5M5PLH8U",
        "user_profile": {
            "avatar_hash": "e4fb6ae9f526",
            "image_72": "https:\/\/avatars.slack-edge.com\/2017-06-01\/191144530514_e4fb6ae9f526531fd41c_72.jpg",
            "first_name": "",
            "real_name": "kelu",
            "display_name": "",
            "team": "T5M5PLH8U",
            "name": "kelu",
            "is_restricted": false,
            "is_ultra_restricted": false
        }
    },
    {
        "client_msg_id": "2aeb4b2a-3801-4720-b0fc-685b3679b5e1",
        "type": "message",
        "text": "Still, the board can communicate either through usb  (hence no rpi) or spi",
        "user": "U5M5PLH9S",
        "ts": "1532630133.000253",
        "team": "T5M5PLH8U",
        "user_team": "T5M5PLH8U",
        "source_team": "T5M5PLH8U",
        "user_profile": {
            "avatar_hash": "e4fb6ae9f526",
            "image_72": "https:\/\/avatars.slack-edge.com\/2017-06-01\/191144530514_e4fb6ae9f526531fd41c_72.jpg",
            "first_name": "",
            "real_name": "kelu",
            "display_name": "",
            "team": "T5M5PLH8U",
            "name": "kelu",
            "is_restricted": false,
            "is_ultra_restricted": false
        },
        "edited": {
            "user": "U5M5PLH9S",
            "ts": "1532630245.000000"
        }
    },
    {
        "client_msg_id": "0bbe7900-8088-44d3-aee2-d210e301356e",
        "type": "message",
        "text": "<@U5M5PLH9S>:I uses ~ 150mA while idle (which is a bit too much) but I'm measuring peaks of ~1.2A when turning it on.",
        "user": "U8DP2NWAD",
        "ts": "1532630236.000340",
        "team": "T5M5PLH8U",
        "user_team": "T5M5PLH8U",
        "source_team": "T5M5PLH8U",
        "user_profile": {
            "avatar_hash": "ge8fe12d48f6",
            "image_72": "https:\/\/secure.gravatar.com\/avatar\/be8fe12d48f65fa83f69d7849035f8c3.jpg?s=72&d=https%3A%2F%2Fa.slack-edge.com%2Fdf10d%2Fimg%2Favatars%2Fava_0024-72.png",
            "first_name": "",
            "real_name": "Tomás Glaría",
            "display_name": "tglaria",
            "team": "T5M5PLH8U",
            "name": "tglaria",
            "is_restricted": false,
            "is_ultra_restricted": false
        }
    },
    {
        "client_msg_id": "e680d42d-c302-4d1b-943f-d7169c6f1f04",
        "type": "message",
        "text": "I was considering raising the cap value after high voltage source",
        "user": "U5M5PLH9S",
        "ts": "1532630276.000196",
        "team": "T5M5PLH8U",
        "user_team": "T5M5PLH8U",
        "source_team": "T5M5PLH8U",
        "user_profile": {
            "avatar_hash": "e4fb6ae9f526",
            "image_72": "https:\/\/avatars.slack-edge.com\/2017-06-01\/191144530514_e4fb6ae9f526531fd41c_72.jpg",
            "first_name": "",
            "real_name": "kelu",
            "display_name": "",
            "team": "T5M5PLH8U",
            "name": "kelu",
            "is_restricted": false,
            "is_ultra_restricted": false
        }
    },
    {
        "client_msg_id": "3351c03c-ea1b-492e-b5be-74e08ba667a5",
        "type": "message",
        "text": "Would be curious to see peaks on this design",
        "user": "U5M5PLH9S",
        "ts": "1532630300.000244",
        "team": "T5M5PLH8U",
        "user_team": "T5M5PLH8U",
        "source_team": "T5M5PLH8U",
        "user_profile": {
            "avatar_hash": "e4fb6ae9f526",
            "image_72": "https:\/\/avatars.slack-edge.com\/2017-06-01\/191144530514_e4fb6ae9f526531fd41c_72.jpg",
            "first_name": "",
            "real_name": "kelu",
            "display_name": "",
            "team": "T5M5PLH8U",
            "name": "kelu",
            "is_restricted": false,
            "is_ultra_restricted": false
        },
        "edited": {
            "user": "U5M5PLH9S",
            "ts": "1532630306.000000"
        }
    },
    {
        "type": "message",
        "text": "On the left \"my\" board, on the right Tobo and Goblin.\n\"My board\" is a mono-polar pulser with envelope (no ADC). \nIt is 33.655 x 48.8585 mm.",
        "files": [
            {
                "id": "FBZ1RUCAJ",
                "created": 1532630390,
                "timestamp": 1532630390,
                "name": "tobo goblin propio.jpg",
                "title": "tobo, goblin &amp; propio",
                "mimetype": "image\/jpeg",
                "filetype": "jpg",
                "pretty_type": "JPEG",
                "user": "U8DP2NWAD",
                "editable": false,
                "size": 1525900,
                "mode": "hosted",
                "is_external": false,
                "external_type": "",
                "is_public": true,
                "public_url_shared": false,
                "display_as_bot": false,
                "username": "",
                "url_private": "https:\/\/files.slack.com\/files-pri\/T5M5PLH8U-FBZ1RUCAJ\/tobo_goblin_propio.jpg?t=xoxe-191193697300-1501897281926-1505540481365-290cf54ffdfc380367c1af72479de92b",
                "url_private_download": "https:\/\/files.slack.com\/files-pri\/T5M5PLH8U-FBZ1RUCAJ\/download\/tobo_goblin_propio.jpg?t=xoxe-191193697300-1501897281926-1505540481365-290cf54ffdfc380367c1af72479de92b",
                "thumb_64": "https:\/\/files.slack.com\/files-tmb\/T5M5PLH8U-FBZ1RUCAJ-93e7e08b0e\/tobo_goblin_propio_64.jpg?t=xoxe-191193697300-1501897281926-1505540481365-290cf54ffdfc380367c1af72479de92b",
                "thumb_80": "https:\/\/files.slack.com\/files-tmb\/T5M5PLH8U-FBZ1RUCAJ-93e7e08b0e\/tobo_goblin_propio_80.jpg?t=xoxe-191193697300-1501897281926-1505540481365-290cf54ffdfc380367c1af72479de92b",
                "thumb_360": "https:\/\/files.slack.com\/files-tmb\/T5M5PLH8U-FBZ1RUCAJ-93e7e08b0e\/tobo_goblin_propio_360.jpg?t=xoxe-191193697300-1501897281926-1505540481365-290cf54ffdfc380367c1af72479de92b",
                "thumb_360_w": 360,
                "thumb_360_h": 272,
                "thumb_480": "https:\/\/files.slack.com\/files-tmb\/T5M5PLH8U-FBZ1RUCAJ-93e7e08b0e\/tobo_goblin_propio_480.jpg?t=xoxe-191193697300-1501897281926-1505540481365-290cf54ffdfc380367c1af72479de92b",
                "thumb_480_w": 480,
                "thumb_480_h": 362,
                "thumb_160": "https:\/\/files.slack.com\/files-tmb\/T5M5PLH8U-FBZ1RUCAJ-93e7e08b0e\/tobo_goblin_propio_160.jpg?t=xoxe-191193697300-1501897281926-1505540481365-290cf54ffdfc380367c1af72479de92b",
                "thumb_720": "https:\/\/files.slack.com\/files-tmb\/T5M5PLH8U-FBZ1RUCAJ-93e7e08b0e\/tobo_goblin_propio_720.jpg?t=xoxe-191193697300-1501897281926-1505540481365-290cf54ffdfc380367c1af72479de92b",
                "thumb_720_w": 720,
                "thumb_720_h": 543,
                "thumb_800": "https:\/\/files.slack.com\/files-tmb\/T5M5PLH8U-FBZ1RUCAJ-93e7e08b0e\/tobo_goblin_propio_800.jpg?t=xoxe-191193697300-1501897281926-1505540481365-290cf54ffdfc380367c1af72479de92b",
                "thumb_800_w": 800,
                "thumb_800_h": 603,
                "thumb_960": "https:\/\/files.slack.com\/files-tmb\/T5M5PLH8U-FBZ1RUCAJ-93e7e08b0e\/tobo_goblin_propio_960.jpg?t=xoxe-191193697300-1501897281926-1505540481365-290cf54ffdfc380367c1af72479de92b",
                "thumb_960_w": 960,
                "thumb_960_h": 724,
                "thumb_1024": "https:\/\/files.slack.com\/files-tmb\/T5M5PLH8U-FBZ1RUCAJ-93e7e08b0e\/tobo_goblin_propio_1024.jpg?t=xoxe-191193697300-1501897281926-1505540481365-290cf54ffdfc380367c1af72479de92b",
                "thumb_1024_w": 1024,
                "thumb_1024_h": 772,
                "image_exif_rotation": 1,
                "original_w": 2804,
                "original_h": 2115,
                "permalink": "https:\/\/usdevkit.slack.com\/files\/U8DP2NWAD\/FBZ1RUCAJ\/tobo_goblin_propio.jpg",
                "permalink_public": "https:\/\/slack-files.com\/T5M5PLH8U-FBZ1RUCAJ-a7ee931fc6",
                "is_starred": false,
                "has_rich_preview": false
            }
        ],
        "upload": true,
        "user": "U8DP2NWAD",
        "display_as_bot": false,
        "ts": "1532630394.000408",
        "thread_ts": "1532630394.000408",
        "reply_count": 3,
        "reply_users_count": 2,
        "latest_reply": "1535459939.000100",
        "reply_users": [
            "U5M5PLH9S",
            "U8DP2NWAD"
        ],
        "replies": [
            {
                "user": "U5M5PLH9S",
                "ts": "1532638353.000412"
            },
            {
                "user": "U8DP2NWAD",
                "ts": "1535459925.000100"
            },
            {
                "user": "U8DP2NWAD",
                "ts": "1535459939.000100"
            }
        ],
        "subscribed": true,
        "last_read": "1535459939.000100"
    },
    {
        "client_msg_id": "0b0c99f1-e843-4c4d-a959-e52135370ea7",
        "type": "message",
        "text": "Superb!",
        "user": "U5M5PLH9S",
        "ts": "1532630578.000463",
        "team": "T5M5PLH8U",
        "user_team": "T5M5PLH8U",
        "source_team": "T5M5PLH8U",
        "user_profile": {
            "avatar_hash": "e4fb6ae9f526",
            "image_72": "https:\/\/avatars.slack-edge.com\/2017-06-01\/191144530514_e4fb6ae9f526531fd41c_72.jpg",
            "first_name": "",
            "real_name": "kelu",
            "display_name": "",
            "team": "T5M5PLH8U",
            "name": "kelu",
            "is_restricted": false,
            "is_ultra_restricted": false
        }
    },
    {
        "client_msg_id": "b8c4956b-c9c7-468b-ad20-b64734e00d51",
        "type": "message",
        "text": "What about noise level? Do you have noise level?",
        "user": "U5M5PLH9S",
        "ts": "1532630611.000452",
        "team": "T5M5PLH8U",
        "user_team": "T5M5PLH8U",
        "source_team": "T5M5PLH8U",
        "user_profile": {
            "avatar_hash": "e4fb6ae9f526",
            "image_72": "https:\/\/avatars.slack-edge.com\/2017-06-01\/191144530514_e4fb6ae9f526531fd41c_72.jpg",
            "first_name": "",
            "real_name": "kelu",
            "display_name": "",
            "team": "T5M5PLH8U",
            "name": "kelu",
            "is_restricted": false,
            "is_ultra_restricted": false
        }
    },
    {
        "client_msg_id": "a7933219-bf00-4718-85f1-070bc1bdd697",
        "type": "message",
        "text": "Not really.\nSo far it works (it's simple and shows me the spike I'm interested in) but the noise is higher than the previous boards (two boards).\nWhich is obvious since I was testing using some protoboard in between.",
        "user": "U8DP2NWAD",
        "ts": "1532630684.000132",
        "team": "T5M5PLH8U",
        "user_team": "T5M5PLH8U",
        "source_team": "T5M5PLH8U",
        "user_profile": {
            "avatar_hash": "ge8fe12d48f6",
            "image_72": "https:\/\/secure.gravatar.com\/avatar\/be8fe12d48f65fa83f69d7849035f8c3.jpg?s=72&d=https%3A%2F%2Fa.slack-edge.com%2Fdf10d%2Fimg%2Favatars%2Fava_0024-72.png",
            "first_name": "",
            "real_name": "Tomás Glaría",
            "display_name": "tglaria",
            "team": "T5M5PLH8U",
            "name": "tglaria",
            "is_restricted": false,
            "is_ultra_restricted": false
        },
        "edited": {
            "user": "U8DP2NWAD",
            "ts": "1532630701.000000"
        }
    },
    {
        "client_msg_id": "bdb25e88-8cc2-40f5-94e4-e6e7342825d0",
        "type": "message",
        "text": "Cool!",
        "user": "U5M5PLH9S",
        "ts": "1532630733.000546",
        "team": "T5M5PLH8U",
        "user_team": "T5M5PLH8U",
        "source_team": "T5M5PLH8U",
        "user_profile": {
            "avatar_hash": "e4fb6ae9f526",
            "image_72": "https:\/\/avatars.slack-edge.com\/2017-06-01\/191144530514_e4fb6ae9f526531fd41c_72.jpg",
            "first_name": "",
            "real_name": "kelu",
            "display_name": "",
            "team": "T5M5PLH8U",
            "name": "kelu",
            "is_restricted": false,
            "is_ultra_restricted": false
        }
    },
    {
        "client_msg_id": "895dd802-bfd7-4745-b77b-9e51c9fea6b5",
        "type": "message",
        "text": "I guess the hv component is not power efficient.. ",
        "user": "U5M5PLH9S",
        "ts": "1532630756.000410",
        "team": "T5M5PLH8U",
        "user_team": "T5M5PLH8U",
        "source_team": "T5M5PLH8U",
        "user_profile": {
            "avatar_hash": "e4fb6ae9f526",
            "image_72": "https:\/\/avatars.slack-edge.com\/2017-06-01\/191144530514_e4fb6ae9f526531fd41c_72.jpg",
            "first_name": "",
            "real_name": "kelu",
            "display_name": "",
            "team": "T5M5PLH8U",
            "name": "kelu",
            "is_restricted": false,
            "is_ultra_restricted": false
        }
    },
    {
        "client_msg_id": "1d271e64-d2b8-4697-b5b5-a302ad661cab",
        "type": "message",
        "text": "Plus having hv on same board may introduce some noise too ?",
        "user": "U5M5PLH9S",
        "ts": "1532630779.000089",
        "team": "T5M5PLH8U",
        "user_team": "T5M5PLH8U",
        "source_team": "T5M5PLH8U",
        "user_profile": {
            "avatar_hash": "e4fb6ae9f526",
            "image_72": "https:\/\/avatars.slack-edge.com\/2017-06-01\/191144530514_e4fb6ae9f526531fd41c_72.jpg",
            "first_name": "",
            "real_name": "kelu",
            "display_name": "",
            "team": "T5M5PLH8U",
            "name": "kelu",
            "is_restricted": false,
            "is_ultra_restricted": false
        }
    },
    {
        "client_msg_id": "fade3d9c-d01d-45b8-8d94-eea751e17424",
        "type": "message",
        "text": "And btw, do you plan to release gerbers? ^^",
        "user": "U5M5PLH9S",
        "ts": "1532630817.000541",
        "team": "T5M5PLH8U",
        "user_team": "T5M5PLH8U",
        "source_team": "T5M5PLH8U",
        "user_profile": {
            "avatar_hash": "e4fb6ae9f526",
            "image_72": "https:\/\/avatars.slack-edge.com\/2017-06-01\/191144530514_e4fb6ae9f526531fd41c_72.jpg",
            "first_name": "",
            "real_name": "kelu",
            "display_name": "",
            "team": "T5M5PLH8U",
            "name": "kelu",
            "is_restricted": false,
            "is_ultra_restricted": false
        }
    },
    {
        "client_msg_id": "c55d0123-bc34-44dc-8bd7-e26f8a58d8fc",
        "type": "message",
        "text": "I'm using a Particle Photon board (basically an STM32F205 microcontroller) as the signal generator (pulse A &amp; B) and ADC (2Msps if I recall correctly)",
        "user": "U8DP2NWAD",
        "ts": "1532630866.000157",
        "team": "T5M5PLH8U",
        "user_team": "T5M5PLH8U",
        "source_team": "T5M5PLH8U",
        "user_profile": {
            "avatar_hash": "ge8fe12d48f6",
            "image_72": "https:\/\/secure.gravatar.com\/avatar\/be8fe12d48f65fa83f69d7849035f8c3.jpg?s=72&d=https%3A%2F%2Fa.slack-edge.com%2Fdf10d%2Fimg%2Favatars%2Fava_0024-72.png",
            "first_name": "",
            "real_name": "Tomás Glaría",
            "display_name": "tglaria",
            "team": "T5M5PLH8U",
            "name": "tglaria",
            "is_restricted": false,
            "is_ultra_restricted": false
        }
    },
    {
        "client_msg_id": "cf5df1bd-f5ea-4033-9faf-2c9337dc3a4e",
        "type": "message",
        "text": "Release the gerbers, maybe, let me see if my boss allows me (there shouldn't be any reason not to)",
        "user": "U8DP2NWAD",
        "ts": "1532630894.000274",
        "team": "T5M5PLH8U",
        "user_team": "T5M5PLH8U",
        "source_team": "T5M5PLH8U",
        "user_profile": {
            "avatar_hash": "ge8fe12d48f6",
            "image_72": "https:\/\/secure.gravatar.com\/avatar\/be8fe12d48f65fa83f69d7849035f8c3.jpg?s=72&d=https%3A%2F%2Fa.slack-edge.com%2Fdf10d%2Fimg%2Favatars%2Fava_0024-72.png",
            "first_name": "",
            "real_name": "Tomás Glaría",
            "display_name": "tglaria",
            "team": "T5M5PLH8U",
            "name": "tglaria",
            "is_restricted": false,
            "is_ultra_restricted": false
        }
    },
    {
        "client_msg_id": "bce0663f-ff32-4ab1-b650-7fe3ed22869e",
        "type": "message",
        "text": "^^",
        "user": "U5M5PLH9S",
        "ts": "1532630964.000305",
        "team": "T5M5PLH8U",
        "user_team": "T5M5PLH8U",
        "source_team": "T5M5PLH8U",
        "user_profile": {
            "avatar_hash": "e4fb6ae9f526",
            "image_72": "https:\/\/avatars.slack-edge.com\/2017-06-01\/191144530514_e4fb6ae9f526531fd41c_72.jpg",
            "first_name": "",
            "real_name": "kelu",
            "display_name": "",
            "team": "T5M5PLH8U",
            "name": "kelu",
            "is_restricted": false,
            "is_ultra_restricted": false
        }
    },
    {
        "client_msg_id": "e476a961-d29f-4e8e-8b53-215ccae3ceca",
        "type": "message",
        "text": "Awesome !",
        "user": "U5M5PLH9S",
        "ts": "1532630975.000355",
        "team": "T5M5PLH8U",
        "user_team": "T5M5PLH8U",
        "source_team": "T5M5PLH8U",
        "user_profile": {
            "avatar_hash": "e4fb6ae9f526",
            "image_72": "https:\/\/avatars.slack-edge.com\/2017-06-01\/191144530514_e4fb6ae9f526531fd41c_72.jpg",
            "first_name": "",
            "real_name": "kelu",
            "display_name": "",
            "team": "T5M5PLH8U",
            "name": "kelu",
            "is_restricted": false,
            "is_ultra_restricted": false
        }
    },
    {
        "client_msg_id": "b59902c3-58ae-41a0-9c90-978f34a4726e",
        "type": "message",
        "text": "So that was a good replacement for the wiced?",
        "user": "U5M5PLH9S",
        "ts": "1532630998.000401",
        "team": "T5M5PLH8U",
        "user_team": "T5M5PLH8U",
        "source_team": "T5M5PLH8U",
        "user_profile": {
            "avatar_hash": "e4fb6ae9f526",
            "image_72": "https:\/\/avatars.slack-edge.com\/2017-06-01\/191144530514_e4fb6ae9f526531fd41c_72.jpg",
            "first_name": "",
            "real_name": "kelu",
            "display_name": "",
            "team": "T5M5PLH8U",
            "name": "kelu",
            "is_restricted": false,
            "is_ultra_restricted": false
        }
    },
    {
        "client_msg_id": "d45050cb-aadb-4003-9aa6-40675e914ecf",
        "type": "message",
        "text": "_So that was a good replacement for the wiced?_\nIt is the same thing for what I needed it to be.\nI'm almost programming the µC 'directly' (without the wiced\/arduino API), so, since I'm not using any characteristic of the wiced board, it was the same.",
        "user": "U8DP2NWAD",
        "ts": "1532631133.000060",
        "team": "T5M5PLH8U",
        "user_team": "T5M5PLH8U",
        "source_team": "T5M5PLH8U",
        "user_profile": {
            "avatar_hash": "ge8fe12d48f6",
            "image_72": "https:\/\/secure.gravatar.com\/avatar\/be8fe12d48f65fa83f69d7849035f8c3.jpg?s=72&d=https%3A%2F%2Fa.slack-edge.com%2Fdf10d%2Fimg%2Favatars%2Fava_0024-72.png",
            "first_name": "",
            "real_name": "Tomás Glaría",
            "display_name": "tglaria",
            "team": "T5M5PLH8U",
            "name": "tglaria",
            "is_restricted": false,
            "is_ultra_restricted": false
        },
        "reactions": [
            {
                "name": "+1",
                "users": [
                    "U5M5PLH9S"
                ],
                "count": 1
            }
        ]
    },
    {
        "client_msg_id": "9d5aebf4-7332-4061-8e90-82bfc5ee41f5",
        "type": "message",
        "text": "I could even integrate the µC into the pulse board (plus a demuxer for several piezo transducers) and would be the same thing.",
        "user": "U8DP2NWAD",
        "ts": "1532631218.000307",
        "team": "T5M5PLH8U",
        "user_team": "T5M5PLH8U",
        "source_team": "T5M5PLH8U",
        "user_profile": {
            "avatar_hash": "ge8fe12d48f6",
            "image_72": "https:\/\/secure.gravatar.com\/avatar\/be8fe12d48f65fa83f69d7849035f8c3.jpg?s=72&d=https%3A%2F%2Fa.slack-edge.com%2Fdf10d%2Fimg%2Favatars%2Fava_0024-72.png",
            "first_name": "",
            "real_name": "Tomás Glaría",
            "display_name": "tglaria",
            "team": "T5M5PLH8U",
            "name": "tglaria",
            "is_restricted": false,
            "is_ultra_restricted": false
        }
    },
    {
        "client_msg_id": "7bd6ec85-c64c-488e-8b1f-b0af88fb5466",
        "type": "message",
        "text": "To the µC I'm communicating through the uart, I guess I should change it to use SPI, but since UART works, don't need to use it for now (and spi would mean more cables for now)",
        "user": "U8DP2NWAD",
        "ts": "1532631272.000119",
        "team": "T5M5PLH8U",
        "user_team": "T5M5PLH8U",
        "source_team": "T5M5PLH8U",
        "user_profile": {
            "avatar_hash": "ge8fe12d48f6",
            "image_72": "https:\/\/secure.gravatar.com\/avatar\/be8fe12d48f65fa83f69d7849035f8c3.jpg?s=72&d=https%3A%2F%2Fa.slack-edge.com%2Fdf10d%2Fimg%2Favatars%2Fava_0024-72.png",
            "first_name": "",
            "real_name": "Tomás Glaría",
            "display_name": "tglaria",
            "team": "T5M5PLH8U",
            "name": "tglaria",
            "is_restricted": false,
            "is_ultra_restricted": false
        }
    },
    {
        "client_msg_id": "642bdb7c-cafe-4fc7-a418-ad88796832f2",
        "type": "message",
        "text": "Hum",
        "user": "U5M5PLH9S",
        "ts": "1532631353.000155",
        "team": "T5M5PLH8U",
        "user_team": "T5M5PLH8U",
        "source_team": "T5M5PLH8U",
        "user_profile": {
            "avatar_hash": "e4fb6ae9f526",
            "image_72": "https:\/\/avatars.slack-edge.com\/2017-06-01\/191144530514_e4fb6ae9f526531fd41c_72.jpg",
            "first_name": "",
            "real_name": "kelu",
            "display_name": "",
            "team": "T5M5PLH8U",
            "name": "kelu",
            "is_restricted": false,
            "is_ultra_restricted": false
        }
    },
    {
        "client_msg_id": "8f43e4a8-1a54-45f6-87f4-09f6ab066f47",
        "type": "message",
        "text": "¿<@U5M5PLH9S> you'd like the gerbers or the schematics too?",
        "user": "U8DP2NWAD",
        "ts": "1532631359.000263",
        "team": "T5M5PLH8U",
        "user_team": "T5M5PLH8U",
        "source_team": "T5M5PLH8U",
        "user_profile": {
            "avatar_hash": "ge8fe12d48f6",
            "image_72": "https:\/\/secure.gravatar.com\/avatar\/be8fe12d48f65fa83f69d7849035f8c3.jpg?s=72&d=https%3A%2F%2Fa.slack-edge.com%2Fdf10d%2Fimg%2Favatars%2Fava_0024-72.png",
            "first_name": "",
            "real_name": "Tomás Glaría",
            "display_name": "tglaria",
            "team": "T5M5PLH8U",
            "name": "tglaria",
            "is_restricted": false,
            "is_ultra_restricted": false
        }
    },
    {
        "client_msg_id": "a5f07fb4-c848-4ea1-bb76-f48d7f357475",
        "type": "message",
        "text": "What about a m5stack ?",
        "user": "U5M5PLH9S",
        "ts": "1532631367.000233",
        "team": "T5M5PLH8U",
        "user_team": "T5M5PLH8U",
        "source_team": "T5M5PLH8U",
        "user_profile": {
            "avatar_hash": "e4fb6ae9f526",
            "image_72": "https:\/\/avatars.slack-edge.com\/2017-06-01\/191144530514_e4fb6ae9f526531fd41c_72.jpg",
            "first_name": "",
            "real_name": "kelu",
            "display_name": "",
            "team": "T5M5PLH8U",
            "name": "kelu",
            "is_restricted": false,
            "is_ultra_restricted": false
        }
    },
    {
        "client_msg_id": "ab2e4ff6-ff89-42ff-ab5a-557064058218",
        "type": "message",
        "text": "Not for me, but to share here?",
        "user": "U5M5PLH9S",
        "ts": "1532631392.000309",
        "team": "T5M5PLH8U",
        "user_team": "T5M5PLH8U",
        "source_team": "T5M5PLH8U",
        "user_profile": {
            "avatar_hash": "e4fb6ae9f526",
            "image_72": "https:\/\/avatars.slack-edge.com\/2017-06-01\/191144530514_e4fb6ae9f526531fd41c_72.jpg",
            "first_name": "",
            "real_name": "kelu",
            "display_name": "",
            "team": "T5M5PLH8U",
            "name": "kelu",
            "is_restricted": false,
            "is_ultra_restricted": false
        }
    },
    {
        "client_msg_id": "504a5dfe-3f86-4c2c-8cd6-d25e6c5d6f09",
        "type": "message",
        "text": ":nerd_face: ",
        "user": "U5M5PLH9S",
        "ts": "1532631434.000294",
        "team": "T5M5PLH8U",
        "user_team": "T5M5PLH8U",
        "source_team": "T5M5PLH8U",
        "user_profile": {
            "avatar_hash": "e4fb6ae9f526",
            "image_72": "https:\/\/avatars.slack-edge.com\/2017-06-01\/191144530514_e4fb6ae9f526531fd41c_72.jpg",
            "first_name": "",
            "real_name": "kelu",
            "display_name": "",
            "team": "T5M5PLH8U",
            "name": "kelu",
            "is_restricted": false,
            "is_ultra_restricted": false
        }
    },
    {
        "client_msg_id": "3ef7ae4d-ab73-4650-943c-9a304c20d42f",
        "type": "message",
        "text": "I could, if there's anyone else who wants\/needs it.\nAlthough, seeing your development of the un0brick, I don't think anyone will want it xD",
        "user": "U8DP2NWAD",
        "ts": "1532631439.000362",
        "team": "T5M5PLH8U",
        "user_team": "T5M5PLH8U",
        "source_team": "T5M5PLH8U",
        "user_profile": {
            "avatar_hash": "ge8fe12d48f6",
            "image_72": "https:\/\/secure.gravatar.com\/avatar\/be8fe12d48f65fa83f69d7849035f8c3.jpg?s=72&d=https%3A%2F%2Fa.slack-edge.com%2Fdf10d%2Fimg%2Favatars%2Fava_0024-72.png",
            "first_name": "",
            "real_name": "Tomás Glaría",
            "display_name": "tglaria",
            "team": "T5M5PLH8U",
            "name": "tglaria",
            "is_restricted": false,
            "is_ultra_restricted": false
        }
    },
    {
        "client_msg_id": "e162c704-5f3b-414e-a158-6457d0fb26ff",
        "type": "message",
        "text": "wow, what is M5Stack ?",
        "user": "U8DP2NWAD",
        "ts": "1532631465.000405",
        "team": "T5M5PLH8U",
        "user_team": "T5M5PLH8U",
        "source_team": "T5M5PLH8U",
        "user_profile": {
            "avatar_hash": "ge8fe12d48f6",
            "image_72": "https:\/\/secure.gravatar.com\/avatar\/be8fe12d48f65fa83f69d7849035f8c3.jpg?s=72&d=https%3A%2F%2Fa.slack-edge.com%2Fdf10d%2Fimg%2Favatars%2Fava_0024-72.png",
            "first_name": "",
            "real_name": "Tomás Glaría",
            "display_name": "tglaria",
            "team": "T5M5PLH8U",
            "name": "tglaria",
            "is_restricted": false,
            "is_ultra_restricted": false
        }
    },
    {
        "client_msg_id": "6b1ca37f-a9ba-4e4f-98c9-b72b7d46d90a",
        "type": "message",
        "text": "Looks interesting.",
        "user": "U8DP2NWAD",
        "ts": "1532631471.000066",
        "team": "T5M5PLH8U",
        "user_team": "T5M5PLH8U",
        "source_team": "T5M5PLH8U",
        "user_profile": {
            "avatar_hash": "ge8fe12d48f6",
            "image_72": "https:\/\/secure.gravatar.com\/avatar\/be8fe12d48f65fa83f69d7849035f8c3.jpg?s=72&d=https%3A%2F%2Fa.slack-edge.com%2Fdf10d%2Fimg%2Favatars%2Fava_0024-72.png",
            "first_name": "",
            "real_name": "Tomás Glaría",
            "display_name": "tglaria",
            "team": "T5M5PLH8U",
            "name": "tglaria",
            "is_restricted": false,
            "is_ultra_restricted": false
        }
    },
    {
        "client_msg_id": "04bdc17f-53bd-4c66-b46a-5d7c23a991b4",
        "type": "message",
        "text": "That's basically some stuff around an esp32",
        "user": "U5M5PLH9S",
        "ts": "1532631506.000111",
        "team": "T5M5PLH8U",
        "user_team": "T5M5PLH8U",
        "source_team": "T5M5PLH8U",
        "user_profile": {
            "avatar_hash": "e4fb6ae9f526",
            "image_72": "https:\/\/avatars.slack-edge.com\/2017-06-01\/191144530514_e4fb6ae9f526531fd41c_72.jpg",
            "first_name": "",
            "real_name": "kelu",
            "display_name": "",
            "team": "T5M5PLH8U",
            "name": "kelu",
            "is_restricted": false,
            "is_ultra_restricted": false
        }
    },
    {
        "client_msg_id": "cb44f7e4-331f-4506-8dde-d0b7ae73e39c",
        "type": "message",
        "text": "But especially very nice libs -- for me it's the perfect stuff between arduino and raspberry. Built in control, wifi API, batteries, screen,... ",
        "user": "U5M5PLH9S",
        "ts": "1532631555.000285",
        "team": "T5M5PLH8U",
        "user_team": "T5M5PLH8U",
        "source_team": "T5M5PLH8U",
        "user_profile": {
            "avatar_hash": "e4fb6ae9f526",
            "image_72": "https:\/\/avatars.slack-edge.com\/2017-06-01\/191144530514_e4fb6ae9f526531fd41c_72.jpg",
            "first_name": "",
            "real_name": "kelu",
            "display_name": "",
            "team": "T5M5PLH8U",
            "name": "kelu",
            "is_restricted": false,
            "is_ultra_restricted": false
        }
    },
    {
        "client_msg_id": "29e979cf-2576-411e-a51f-01292c74590b",
        "type": "message",
        "text": "Right now I'm interested in the nRF52840 SoC.\nI'll have to wait how good will the libraries be.\n- ARM Cortex-M4F 32-bit processor @ 64MHz\n- IEEE 802.15.4-2006: 250 Kbps\n- Bluetooth 5: 2 Mbps, 1 Mbps, 500 Kbps, 125 Kbps",
        "user": "U8DP2NWAD",
        "ts": "1532631648.000143",
        "team": "T5M5PLH8U",
        "user_team": "T5M5PLH8U",
        "source_team": "T5M5PLH8U",
        "user_profile": {
            "avatar_hash": "ge8fe12d48f6",
            "image_72": "https:\/\/secure.gravatar.com\/avatar\/be8fe12d48f65fa83f69d7849035f8c3.jpg?s=72&d=https%3A%2F%2Fa.slack-edge.com%2Fdf10d%2Fimg%2Favatars%2Fava_0024-72.png",
            "first_name": "",
            "real_name": "Tomás Glaría",
            "display_name": "tglaria",
            "team": "T5M5PLH8U",
            "name": "tglaria",
            "is_restricted": false,
            "is_ultra_restricted": false
        },
        "reactions": [
            {
                "name": "wink",
                "users": [
                    "U5M5PLH9S"
                ],
                "count": 1
            }
        ]
    },
    {
        "client_msg_id": "af5bf145-3db1-44e5-8a16-71badc471f0a",
        "type": "message",
        "text": "I guess I'll read a bit more about the M5Stack.\nNot good for my applicaction, but interesting for future ideas.",
        "user": "U8DP2NWAD",
        "ts": "1532631776.000208",
        "team": "T5M5PLH8U",
        "user_team": "T5M5PLH8U",
        "source_team": "T5M5PLH8U",
        "user_profile": {
            "avatar_hash": "ge8fe12d48f6",
            "image_72": "https:\/\/secure.gravatar.com\/avatar\/be8fe12d48f65fa83f69d7849035f8c3.jpg?s=72&d=https%3A%2F%2Fa.slack-edge.com%2Fdf10d%2Fimg%2Favatars%2Fava_0024-72.png",
            "first_name": "",
            "real_name": "Tomás Glaría",
            "display_name": "tglaria",
            "team": "T5M5PLH8U",
            "name": "tglaria",
            "is_restricted": false,
            "is_ultra_restricted": false
        },
        "reactions": [
            {
                "name": "sweat_smile",
                "users": [
                    "U5M5PLH9S"
                ],
                "count": 1
            }
        ]
    },
    {
        "client_msg_id": "593aa479-646c-4f32-b0a2-340dc5f2a464",
        "type": "message",
        "text": "Adc speed of the nrf52840?",
        "user": "U5M5PLH9S",
        "ts": "1532631983.000296",
        "team": "T5M5PLH8U",
        "user_team": "T5M5PLH8U",
        "source_team": "T5M5PLH8U",
        "user_profile": {
            "avatar_hash": "e4fb6ae9f526",
            "image_72": "https:\/\/avatars.slack-edge.com\/2017-06-01\/191144530514_e4fb6ae9f526531fd41c_72.jpg",
            "first_name": "",
            "real_name": "kelu",
            "display_name": "",
            "team": "T5M5PLH8U",
            "name": "kelu",
            "is_restricted": false,
            "is_ultra_restricted": false
        }
    },
    {
        "client_msg_id": "c8cd13e9-527d-4967-a0b7-9dfbd966f99d",
        "type": "message",
        "text": "I'll have to check, but I'm pretty sure it's less than the STM32.",
        "user": "U8DP2NWAD",
        "ts": "1532632164.000476",
        "team": "T5M5PLH8U",
        "user_team": "T5M5PLH8U",
        "source_team": "T5M5PLH8U",
        "user_profile": {
            "avatar_hash": "ge8fe12d48f6",
            "image_72": "https:\/\/secure.gravatar.com\/avatar\/be8fe12d48f65fa83f69d7849035f8c3.jpg?s=72&d=https%3A%2F%2Fa.slack-edge.com%2Fdf10d%2Fimg%2Favatars%2Fava_0024-72.png",
            "first_name": "",
            "real_name": "Tomás Glaría",
            "display_name": "tglaria",
            "team": "T5M5PLH8U",
            "name": "tglaria",
            "is_restricted": false,
            "is_ultra_restricted": false
        }
    },
    {
        "client_msg_id": "55c7b127-0d14-4573-b8be-9d395887569c",
        "type": "message",
        "text": "Ok, aparently, it's 200kHz.",
        "user": "U8DP2NWAD",
        "ts": "1532632603.000322",
        "team": "T5M5PLH8U",
        "user_team": "T5M5PLH8U",
        "source_team": "T5M5PLH8U",
        "user_profile": {
            "avatar_hash": "ge8fe12d48f6",
            "image_72": "https:\/\/secure.gravatar.com\/avatar\/be8fe12d48f65fa83f69d7849035f8c3.jpg?s=72&d=https%3A%2F%2Fa.slack-edge.com%2Fdf10d%2Fimg%2Favatars%2Fava_0024-72.png",
            "first_name": "",
            "real_name": "Tomás Glaría",
            "display_name": "tglaria",
            "team": "T5M5PLH8U",
            "name": "tglaria",
            "is_restricted": false,
            "is_ultra_restricted": false
        }
    },
    {
        "client_msg_id": "af53af53-51c8-4cf0-951d-2345f356bb2c",
        "type": "message",
        "text": "(not usable as an ADC, but could be use instead of the raspberry → still has wireless connectivity through IEEE 802.15.4 or BLE)",
        "user": "U8DP2NWAD",
        "ts": "1532632641.000184",
        "team": "T5M5PLH8U",
        "user_team": "T5M5PLH8U",
        "source_team": "T5M5PLH8U",
        "user_profile": {
            "avatar_hash": "ge8fe12d48f6",
            "image_72": "https:\/\/secure.gravatar.com\/avatar\/be8fe12d48f65fa83f69d7849035f8c3.jpg?s=72&d=https%3A%2F%2Fa.slack-edge.com%2Fdf10d%2Fimg%2Favatars%2Fava_0024-72.png",
            "first_name": "",
            "real_name": "Tomás Glaría",
            "display_name": "tglaria",
            "team": "T5M5PLH8U",
            "name": "tglaria",
            "is_restricted": false,
            "is_ultra_restricted": false
        },
        "edited": {
            "user": "U8DP2NWAD",
            "ts": "1532632654.000000"
        },
        "reactions": [
            {
                "name": "+1",
                "users": [
                    "U5M5PLH9S"
                ],
                "count": 1
            }
        ]
    },
    {
        "type": "message",
        "subtype": "thread_broadcast",
        "text": "Propio is a cool name :)",
        "user": "U5M5PLH9S",
        "ts": "1532638353.000412",
        "thread_ts": "1532630394.000408",
        "root": {
            "type": "message",
            "text": "On the left \"my\" board, on the right Tobo and Goblin.\n\"My board\" is a mono-polar pulser with envelope (no ADC). \nIt is 33.655 x 48.8585 mm.",
            "files": [
                {
                    "id": "FBZ1RUCAJ",
                    "created": 1532630390,
                    "timestamp": 1532630390,
                    "name": "tobo goblin propio.jpg",
                    "title": "tobo, goblin &amp; propio",
                    "mimetype": "image\/jpeg",
                    "filetype": "jpg",
                    "pretty_type": "JPEG",
                    "user": "U8DP2NWAD",
                    "editable": false,
                    "size": 1525900,
                    "mode": "hosted",
                    "is_external": false,
                    "external_type": "",
                    "is_public": true,
                    "public_url_shared": false,
                    "display_as_bot": false,
                    "username": "",
                    "url_private": "https:\/\/files.slack.com\/files-pri\/T5M5PLH8U-FBZ1RUCAJ\/tobo_goblin_propio.jpg?t=xoxe-191193697300-1501897281926-1505540481365-290cf54ffdfc380367c1af72479de92b",
                    "url_private_download": "https:\/\/files.slack.com\/files-pri\/T5M5PLH8U-FBZ1RUCAJ\/download\/tobo_goblin_propio.jpg?t=xoxe-191193697300-1501897281926-1505540481365-290cf54ffdfc380367c1af72479de92b",
                    "thumb_64": "https:\/\/files.slack.com\/files-tmb\/T5M5PLH8U-FBZ1RUCAJ-93e7e08b0e\/tobo_goblin_propio_64.jpg?t=xoxe-191193697300-1501897281926-1505540481365-290cf54ffdfc380367c1af72479de92b",
                    "thumb_80": "https:\/\/files.slack.com\/files-tmb\/T5M5PLH8U-FBZ1RUCAJ-93e7e08b0e\/tobo_goblin_propio_80.jpg?t=xoxe-191193697300-1501897281926-1505540481365-290cf54ffdfc380367c1af72479de92b",
                    "thumb_360": "https:\/\/files.slack.com\/files-tmb\/T5M5PLH8U-FBZ1RUCAJ-93e7e08b0e\/tobo_goblin_propio_360.jpg?t=xoxe-191193697300-1501897281926-1505540481365-290cf54ffdfc380367c1af72479de92b",
                    "thumb_360_w": 360,
                    "thumb_360_h": 272,
                    "thumb_480": "https:\/\/files.slack.com\/files-tmb\/T5M5PLH8U-FBZ1RUCAJ-93e7e08b0e\/tobo_goblin_propio_480.jpg?t=xoxe-191193697300-1501897281926-1505540481365-290cf54ffdfc380367c1af72479de92b",
                    "thumb_480_w": 480,
                    "thumb_480_h": 362,
                    "thumb_160": "https:\/\/files.slack.com\/files-tmb\/T5M5PLH8U-FBZ1RUCAJ-93e7e08b0e\/tobo_goblin_propio_160.jpg?t=xoxe-191193697300-1501897281926-1505540481365-290cf54ffdfc380367c1af72479de92b",
                    "thumb_720": "https:\/\/files.slack.com\/files-tmb\/T5M5PLH8U-FBZ1RUCAJ-93e7e08b0e\/tobo_goblin_propio_720.jpg?t=xoxe-191193697300-1501897281926-1505540481365-290cf54ffdfc380367c1af72479de92b",
                    "thumb_720_w": 720,
                    "thumb_720_h": 543,
                    "thumb_800": "https:\/\/files.slack.com\/files-tmb\/T5M5PLH8U-FBZ1RUCAJ-93e7e08b0e\/tobo_goblin_propio_800.jpg?t=xoxe-191193697300-1501897281926-1505540481365-290cf54ffdfc380367c1af72479de92b",
                    "thumb_800_w": 800,
                    "thumb_800_h": 603,
                    "thumb_960": "https:\/\/files.slack.com\/files-tmb\/T5M5PLH8U-FBZ1RUCAJ-93e7e08b0e\/tobo_goblin_propio_960.jpg?t=xoxe-191193697300-1501897281926-1505540481365-290cf54ffdfc380367c1af72479de92b",
                    "thumb_960_w": 960,
                    "thumb_960_h": 724,
                    "thumb_1024": "https:\/\/files.slack.com\/files-tmb\/T5M5PLH8U-FBZ1RUCAJ-93e7e08b0e\/tobo_goblin_propio_1024.jpg?t=xoxe-191193697300-1501897281926-1505540481365-290cf54ffdfc380367c1af72479de92b",
                    "thumb_1024_w": 1024,
                    "thumb_1024_h": 772,
                    "image_exif_rotation": 1,
                    "original_w": 2804,
                    "original_h": 2115,
                    "permalink": "https:\/\/usdevkit.slack.com\/files\/U8DP2NWAD\/FBZ1RUCAJ\/tobo_goblin_propio.jpg",
                    "permalink_public": "https:\/\/slack-files.com\/T5M5PLH8U-FBZ1RUCAJ-a7ee931fc6",
                    "is_starred": false,
                    "has_rich_preview": false
                }
            ],
            "upload": true,
            "user": "U8DP2NWAD",
            "display_as_bot": false,
            "ts": "1532630394.000408",
            "thread_ts": "1532630394.000408",
            "reply_count": 3,
            "reply_users_count": 2,
            "latest_reply": "1535459939.000100",
            "reply_users": [
                "U5M5PLH9S",
                "U8DP2NWAD"
            ],
            "subscribed": true,
            "last_read": "1535459939.000100"
        },
        "client_msg_id": "79ce9fe7-7642-450d-bca2-510d32f7e95c"
    },
    {
        "client_msg_id": "94fb6838-4d1b-4db8-8d1b-5f5a9e1838dd",
        "type": "message",
        "text": "<@U5M5PLH9S> nice work mate! That's great. Can't wait to order it and have a little play around!",
        "user": "UBDQLMATZ",
        "ts": "1532645874.000109",
        "team": "T5M5PLH8U",
        "user_team": "T5M5PLH8U",
        "source_team": "T5M5PLH8U",
        "user_profile": {
            "avatar_hash": "g71feb6a11ea",
            "image_72": "https:\/\/secure.gravatar.com\/avatar\/a71feb6a11eac36ce6d5d960fc8ae078.jpg?s=72&d=https%3A%2F%2Fa.slack-edge.com%2Fdf10d%2Fimg%2Favatars%2Fava_0001-72.png",
            "first_name": "",
            "real_name": "Dean Panebianco",
            "display_name": "",
            "team": "T5M5PLH8U",
            "name": "dean",
            "is_restricted": false,
            "is_ultra_restricted": false
        }
    }
]