[
    {
        "type": "message",
        "text": "Breaking the wall of sound! un0rick can sample at 64Msps but ... one can offset the start of an acquisition by half a cycle. In practice, it means one can do two acquisitions, with one delayed by half a cycle, and interleave the two series. In practice: getting 128Msps acquisition speed! Proof in image below :slightly_smiling_face: And notebook at <https:\/\/github.com\/kelu124\/echomods\/blob\/master\/matty\/20180814a\/20180814a-Server.ipynb> . Some improvement on the lib too, not perfect yet but someday better!",
        "files": [
            {
                "id": "FCA0NCR0W",
                "created": 1534283326,
                "timestamp": 1534283326,
                "name": "128Msps_20180813a-9-detail.jpg",
                "title": "128Msps_20180813a-9-detail.jpg",
                "mimetype": "image\/jpeg",
                "filetype": "jpg",
                "pretty_type": "JPEG",
                "user": "U5M5PLH9S",
                "editable": false,
                "size": 52702,
                "mode": "hosted",
                "is_external": false,
                "external_type": "",
                "is_public": true,
                "public_url_shared": false,
                "display_as_bot": false,
                "username": "",
                "url_private": "https:\/\/files.slack.com\/files-pri\/T5M5PLH8U-FCA0NCR0W\/128msps_20180813a-9-detail.jpg?t=xoxe-191193697300-1501897281926-1505540481365-290cf54ffdfc380367c1af72479de92b",
                "url_private_download": "https:\/\/files.slack.com\/files-pri\/T5M5PLH8U-FCA0NCR0W\/download\/128msps_20180813a-9-detail.jpg?t=xoxe-191193697300-1501897281926-1505540481365-290cf54ffdfc380367c1af72479de92b",
                "thumb_64": "https:\/\/files.slack.com\/files-tmb\/T5M5PLH8U-FCA0NCR0W-f71b31e779\/128msps_20180813a-9-detail_64.jpg?t=xoxe-191193697300-1501897281926-1505540481365-290cf54ffdfc380367c1af72479de92b",
                "thumb_80": "https:\/\/files.slack.com\/files-tmb\/T5M5PLH8U-FCA0NCR0W-f71b31e779\/128msps_20180813a-9-detail_80.jpg?t=xoxe-191193697300-1501897281926-1505540481365-290cf54ffdfc380367c1af72479de92b",
                "thumb_360": "https:\/\/files.slack.com\/files-tmb\/T5M5PLH8U-FCA0NCR0W-f71b31e779\/128msps_20180813a-9-detail_360.jpg?t=xoxe-191193697300-1501897281926-1505540481365-290cf54ffdfc380367c1af72479de92b",
                "thumb_360_w": 360,
                "thumb_360_h": 120,
                "thumb_480": "https:\/\/files.slack.com\/files-tmb\/T5M5PLH8U-FCA0NCR0W-f71b31e779\/128msps_20180813a-9-detail_480.jpg?t=xoxe-191193697300-1501897281926-1505540481365-290cf54ffdfc380367c1af72479de92b",
                "thumb_480_w": 480,
                "thumb_480_h": 160,
                "thumb_160": "https:\/\/files.slack.com\/files-tmb\/T5M5PLH8U-FCA0NCR0W-f71b31e779\/128msps_20180813a-9-detail_160.jpg?t=xoxe-191193697300-1501897281926-1505540481365-290cf54ffdfc380367c1af72479de92b",
                "thumb_720": "https:\/\/files.slack.com\/files-tmb\/T5M5PLH8U-FCA0NCR0W-f71b31e779\/128msps_20180813a-9-detail_720.jpg?t=xoxe-191193697300-1501897281926-1505540481365-290cf54ffdfc380367c1af72479de92b",
                "thumb_720_w": 720,
                "thumb_720_h": 240,
                "thumb_800": "https:\/\/files.slack.com\/files-tmb\/T5M5PLH8U-FCA0NCR0W-f71b31e779\/128msps_20180813a-9-detail_800.jpg?t=xoxe-191193697300-1501897281926-1505540481365-290cf54ffdfc380367c1af72479de92b",
                "thumb_800_w": 800,
                "thumb_800_h": 267,
                "thumb_960": "https:\/\/files.slack.com\/files-tmb\/T5M5PLH8U-FCA0NCR0W-f71b31e779\/128msps_20180813a-9-detail_960.jpg?t=xoxe-191193697300-1501897281926-1505540481365-290cf54ffdfc380367c1af72479de92b",
                "thumb_960_w": 960,
                "thumb_960_h": 320,
                "thumb_1024": "https:\/\/files.slack.com\/files-tmb\/T5M5PLH8U-FCA0NCR0W-f71b31e779\/128msps_20180813a-9-detail_1024.jpg?t=xoxe-191193697300-1501897281926-1505540481365-290cf54ffdfc380367c1af72479de92b",
                "thumb_1024_w": 1024,
                "thumb_1024_h": 341,
                "image_exif_rotation": 1,
                "original_w": 1080,
                "original_h": 360,
                "permalink": "https:\/\/usdevkit.slack.com\/files\/U5M5PLH9S\/FCA0NCR0W\/128msps_20180813a-9-detail.jpg",
                "permalink_public": "https:\/\/slack-files.com\/T5M5PLH8U-FCA0NCR0W-a878b69840",
                "is_starred": false,
                "has_rich_preview": false
            }
        ],
        "upload": true,
        "user": "U5M5PLH9S",
        "display_as_bot": false,
        "ts": "1534283329.000100"
    },
    {
        "type": "message",
        "text": "Hey <@U5M5PLH9S> , I received my un0rick today, thanks! ",
        "user": "UBDQLMATZ",
        "ts": "1534283897.000100",
        "team": "T5M5PLH8U",
        "user_team": "T5M5PLH8U",
        "source_team": "T5M5PLH8U",
        "user_profile": {
            "avatar_hash": "g71feb6a11ea",
            "image_72": "https:\/\/secure.gravatar.com\/avatar\/a71feb6a11eac36ce6d5d960fc8ae078.jpg?s=72&d=https%3A%2F%2Fa.slack-edge.com%2Fdf10d%2Fimg%2Favatars%2Fava_0001-72.png",
            "first_name": "",
            "real_name": "Dean Panebianco",
            "display_name": "",
            "team": "T5M5PLH8U",
            "name": "dean",
            "is_restricted": false,
            "is_ultra_restricted": false
        }
    },
    {
        "client_msg_id": "2acda16b-3c79-4fab-a8ee-cedc1242f413",
        "type": "message",
        "text": "Superb Dean! Exciting :slightly_smiling_face:",
        "user": "U5M5PLH9S",
        "ts": "1534284078.000100",
        "team": "T5M5PLH8U",
        "user_team": "T5M5PLH8U",
        "source_team": "T5M5PLH8U",
        "user_profile": {
            "avatar_hash": "e4fb6ae9f526",
            "image_72": "https:\/\/avatars.slack-edge.com\/2017-06-01\/191144530514_e4fb6ae9f526531fd41c_72.jpg",
            "first_name": "",
            "real_name": "kelu",
            "display_name": "",
            "team": "T5M5PLH8U",
            "name": "kelu",
            "is_restricted": false,
            "is_ultra_restricted": false
        }
    },
    {
        "client_msg_id": "a147cbf0-cd17-4d12-a12f-3a2c9d364060",
        "type": "message",
        "text": "I haven't changed the fpga software since the beginning, but making progress on the API, getting easier to work with it. Last notebook (in link) shows that the setup for acquisitions is quite straightforward :smiley:",
        "user": "U5M5PLH9S",
        "ts": "1534284191.000100",
        "team": "T5M5PLH8U",
        "user_team": "T5M5PLH8U",
        "source_team": "T5M5PLH8U",
        "user_profile": {
            "avatar_hash": "e4fb6ae9f526",
            "image_72": "https:\/\/avatars.slack-edge.com\/2017-06-01\/191144530514_e4fb6ae9f526531fd41c_72.jpg",
            "first_name": "",
            "real_name": "kelu",
            "display_name": "",
            "team": "T5M5PLH8U",
            "name": "kelu",
            "is_restricted": false,
            "is_ultra_restricted": false
        }
    },
    {
        "client_msg_id": "9f6d8bc6-fc75-42ac-b0d7-99ce763b2cc1",
        "type": "message",
        "text": "And normally, I'm just building on previous functions, so doc is retro-compatible.. but still needs to be updated once the lib is cleaner.",
        "user": "U5M5PLH9S",
        "ts": "1534284245.000100",
        "team": "T5M5PLH8U",
        "user_team": "T5M5PLH8U",
        "source_team": "T5M5PLH8U",
        "user_profile": {
            "avatar_hash": "e4fb6ae9f526",
            "image_72": "https:\/\/avatars.slack-edge.com\/2017-06-01\/191144530514_e4fb6ae9f526531fd41c_72.jpg",
            "first_name": "",
            "real_name": "kelu",
            "display_name": "",
            "team": "T5M5PLH8U",
            "name": "kelu",
            "is_restricted": false,
            "is_ultra_restricted": false
        }
    }
]