[
    {
        "type": "message",
        "text": "~what is there to check on the goblin v.2 ?~\ni remembered now, but can't help: I didn't use OSHpark to make the PCBs.",
        "user": "U8DP2NWAD",
        "ts": "1523280193.000238",
        "team": "T5M5PLH8U",
        "user_team": "T5M5PLH8U",
        "source_team": "T5M5PLH8U",
        "user_profile": {
            "avatar_hash": "ge8fe12d48f6",
            "image_72": "https:\/\/secure.gravatar.com\/avatar\/be8fe12d48f65fa83f69d7849035f8c3.jpg?s=72&d=https%3A%2F%2Fa.slack-edge.com%2Fdf10d%2Fimg%2Favatars%2Fava_0024-72.png",
            "first_name": "",
            "real_name": "Tomás Glaría",
            "display_name": "tglaria",
            "team": "T5M5PLH8U",
            "name": "tglaria",
            "is_restricted": false,
            "is_ultra_restricted": false
        },
        "edited": {
            "user": "U8DP2NWAD",
            "ts": "1523282386.000000"
        },
        "thread_ts": "1522280078.000361",
        "parent_user_id": "U923YT3B4"
    }
]