[
    {
        "type": "message",
        "text": "As a sneak preview, the fpga board debugging is becoming better, yielding the first results... Here an echo back and forth, sampling at 16msps (capacity 64msps, there's also a couple megs of ram to store long data acquisition :)  :)",
        "files": [
            {
                "id": "F9C8DUWTB",
                "created": 1519251637,
                "timestamp": 1519251637,
                "name": "mieux.png",
                "title": "mieux.png",
                "mimetype": "image\/png",
                "filetype": "png",
                "pretty_type": "PNG",
                "user": "U5M5PLH9S",
                "editable": false,
                "size": 8181,
                "mode": "hosted",
                "is_external": false,
                "external_type": "",
                "is_public": true,
                "public_url_shared": true,
                "display_as_bot": false,
                "username": "",
                "url_private": "https:\/\/files.slack.com\/files-pri\/T5M5PLH8U-F9C8DUWTB\/mieux.png?t=xoxe-191193697300-1501897281926-1505540481365-290cf54ffdfc380367c1af72479de92b",
                "url_private_download": "https:\/\/files.slack.com\/files-pri\/T5M5PLH8U-F9C8DUWTB\/download\/mieux.png?t=xoxe-191193697300-1501897281926-1505540481365-290cf54ffdfc380367c1af72479de92b",
                "thumb_64": "https:\/\/files.slack.com\/files-tmb\/T5M5PLH8U-F9C8DUWTB-7ffe6ac253\/mieux_64.png?t=xoxe-191193697300-1501897281926-1505540481365-290cf54ffdfc380367c1af72479de92b",
                "thumb_80": "https:\/\/files.slack.com\/files-tmb\/T5M5PLH8U-F9C8DUWTB-7ffe6ac253\/mieux_80.png?t=xoxe-191193697300-1501897281926-1505540481365-290cf54ffdfc380367c1af72479de92b",
                "thumb_360": "https:\/\/files.slack.com\/files-tmb\/T5M5PLH8U-F9C8DUWTB-7ffe6ac253\/mieux_360.png?t=xoxe-191193697300-1501897281926-1505540481365-290cf54ffdfc380367c1af72479de92b",
                "thumb_360_w": 360,
                "thumb_360_h": 248,
                "thumb_160": "https:\/\/files.slack.com\/files-tmb\/T5M5PLH8U-F9C8DUWTB-7ffe6ac253\/mieux_160.png?t=xoxe-191193697300-1501897281926-1505540481365-290cf54ffdfc380367c1af72479de92b",
                "image_exif_rotation": 1,
                "original_w": 384,
                "original_h": 264,
                "permalink": "https:\/\/usdevkit.slack.com\/files\/U5M5PLH9S\/F9C8DUWTB\/mieux.png",
                "permalink_public": "https:\/\/slack-files.com\/T5M5PLH8U-F9C8DUWTB-0d0fbc2a72",
                "is_starred": false,
                "has_rich_preview": false
            }
        ],
        "upload": true,
        "user": "U5M5PLH9S",
        "display_as_bot": false,
        "ts": "1519251639.000017"
    }
]