[
    {
        "client_msg_id": "c5e20bc4-220c-4c0a-9046-71bf7afcd7c2",
        "type": "message",
        "text": "Hi <@U923YT3B4> - I assume there is no reason it wouldn't work. I think one needs to change a register address from rpi0 and rpi3 (as their chips are different). ",
        "user": "U5M5PLH9S",
        "ts": "1518509315.000276",
        "team": "T5M5PLH8U",
        "user_team": "T5M5PLH8U",
        "source_team": "T5M5PLH8U",
        "user_profile": {
            "avatar_hash": "e4fb6ae9f526",
            "image_72": "https:\/\/avatars.slack-edge.com\/2017-06-01\/191144530514_e4fb6ae9f526531fd41c_72.jpg",
            "first_name": "",
            "real_name": "kelu",
            "display_name": "",
            "team": "T5M5PLH8U",
            "name": "kelu",
            "is_restricted": false,
            "is_ultra_restricted": false
        }
    },
    {
        "client_msg_id": "5cc11dc2-3438-4972-bda9-ba68c8bdb676",
        "type": "message",
        "text": "Moreover, the max acq speed per adc is 12mhz. I believe that careful use of the multithread may improve speed.",
        "user": "U5M5PLH9S",
        "ts": "1518509447.000064",
        "team": "T5M5PLH8U",
        "user_team": "T5M5PLH8U",
        "source_team": "T5M5PLH8U",
        "user_profile": {
            "avatar_hash": "e4fb6ae9f526",
            "image_72": "https:\/\/avatars.slack-edge.com\/2017-06-01\/191144530514_e4fb6ae9f526531fd41c_72.jpg",
            "first_name": "",
            "real_name": "kelu",
            "display_name": "",
            "team": "T5M5PLH8U",
            "name": "kelu",
            "is_restricted": false,
            "is_ultra_restricted": false
        }
    }
]