[
    {
        "client_msg_id": "529c5674-f23f-4211-bc7b-7ce7314e9664",
        "type": "message",
        "text": "Hey Kelu, I've found a transducer that costs $109, and is 3.5mhz, and is used for NDT.\n\nI also am looking to change up some of my hardware to drive my Ultrasound projects, and noticed your use of the FPGA. But are you using Quartus or Lattice based IDE tools?\n\nI saw the Arduino MKR Vidor as a neat little FPGA board with the Cyclone 10 board on it",
        "user": "UF0SXEJ0M",
        "ts": "1545929948.008000",
        "team": "T5M5PLH8U",
        "user_team": "T5M5PLH8U",
        "source_team": "T5M5PLH8U",
        "user_profile": {
            "avatar_hash": "caf9f1375af3",
            "image_72": "https:\/\/avatars.slack-edge.com\/2019-02-12\/549018718117_caf9f1375af3bfa9e7a6_72.jpg",
            "first_name": "Sterling",
            "real_name": "Sterling Cooley",
            "display_name": "Sterling",
            "team": "T5M5PLH8U",
            "name": "percyacct2020",
            "is_restricted": false,
            "is_ultra_restricted": false
        },
        "thread_ts": "1545929948.008000",
        "reply_count": 9,
        "reply_users_count": 2,
        "latest_reply": "1546741054.058400",
        "reply_users": [
            "U5M5PLH9S",
            "UF0SXEJ0M"
        ],
        "replies": [
            {
                "user": "U5M5PLH9S",
                "ts": "1546020567.011100"
            },
            {
                "user": "U5M5PLH9S",
                "ts": "1546020654.011300"
            },
            {
                "user": "UF0SXEJ0M",
                "ts": "1546129212.038000"
            },
            {
                "user": "UF0SXEJ0M",
                "ts": "1546129271.038200"
            },
            {
                "user": "UF0SXEJ0M",
                "ts": "1546129410.038400"
            },
            {
                "user": "UF0SXEJ0M",
                "ts": "1546129433.038600"
            },
            {
                "user": "U5M5PLH9S",
                "ts": "1546208986.042100"
            },
            {
                "user": "UF0SXEJ0M",
                "ts": "1546741044.058100"
            },
            {
                "user": "UF0SXEJ0M",
                "ts": "1546741054.058400"
            }
        ],
        "subscribed": true,
        "last_read": "1546761014.000000"
    },
    {
        "client_msg_id": "745cba59-ee60-4e97-8c95-d58894f64afe",
        "type": "message",
        "text": "Anyways, I'm very experienced building with Microchip Ultrasound, can even show you a few of the many boards I've built. I would like to offer to help contribute. My needs are for building an 8 channel device, and I like your implementation with PySerial and Raspberry Pi. We got as far as implementing an embedded C package to drive 16 channels using an Arduino only.\nBut it is obvious that you've done some great work a lot of areas.",
        "user": "UF0SXEJ0M",
        "ts": "1545930762.011000",
        "team": "T5M5PLH8U",
        "user_team": "T5M5PLH8U",
        "source_team": "T5M5PLH8U",
        "user_profile": {
            "avatar_hash": "caf9f1375af3",
            "image_72": "https:\/\/avatars.slack-edge.com\/2019-02-12\/549018718117_caf9f1375af3bfa9e7a6_72.jpg",
            "first_name": "Sterling",
            "real_name": "Sterling Cooley",
            "display_name": "Sterling",
            "team": "T5M5PLH8U",
            "name": "percyacct2020",
            "is_restricted": false,
            "is_ultra_restricted": false
        },
        "thread_ts": "1545930762.011000",
        "reply_count": 15,
        "reply_users_count": 2,
        "latest_reply": "1546761845.059800",
        "reply_users": [
            "U5M5PLH9S",
            "UF0SXEJ0M"
        ],
        "replies": [
            {
                "user": "U5M5PLH9S",
                "ts": "1546020712.011500"
            },
            {
                "user": "U5M5PLH9S",
                "ts": "1546020781.011700"
            },
            {
                "user": "UF0SXEJ0M",
                "ts": "1546108100.014400"
            },
            {
                "user": "UF0SXEJ0M",
                "ts": "1546108107.014700"
            },
            {
                "user": "UF0SXEJ0M",
                "ts": "1546108135.014900"
            },
            {
                "user": "UF0SXEJ0M",
                "ts": "1546108221.015100"
            },
            {
                "user": "UF0SXEJ0M",
                "ts": "1546108239.015300"
            },
            {
                "user": "U5M5PLH9S",
                "ts": "1546110152.015500"
            },
            {
                "user": "UF0SXEJ0M",
                "ts": "1546741164.058600"
            },
            {
                "user": "UF0SXEJ0M",
                "ts": "1546741221.058800"
            },
            {
                "user": "UF0SXEJ0M",
                "ts": "1546741290.059000"
            },
            {
                "user": "UF0SXEJ0M",
                "ts": "1546741330.059200"
            },
            {
                "user": "UF0SXEJ0M",
                "ts": "1546741486.059400"
            },
            {
                "user": "U5M5PLH9S",
                "ts": "1546761361.059600"
            },
            {
                "user": "U5M5PLH9S",
                "ts": "1546761845.059800"
            }
        ],
        "subscribed": true,
        "last_read": "1546761845.059800"
    }
]