[
    {
        "client_msg_id": "69a83d07-0b9b-4fd7-a90c-02b706c16010",
        "type": "message",
        "text": "Hello, I bring a question again XD\nAfter getting json format data, how can I make 2D ultrasound preprocessed image?",
        "user": "UCMBM5C6L",
        "ts": "1538672664.000100",
        "team": "T5M5PLH8U",
        "user_team": "T5M5PLH8U",
        "source_team": "T5M5PLH8U",
        "user_profile": {
            "avatar_hash": "g44cf2181b23",
            "image_72": "https:\/\/secure.gravatar.com\/avatar\/a44cf2181b23bc20da69fd976d4a2046.jpg?s=72&d=https%3A%2F%2Fa.slack-edge.com%2Fdf10d%2Fimg%2Favatars%2Fava_0001-72.png",
            "first_name": "",
            "real_name": "Taeyoung Lee",
            "display_name": "",
            "team": "T5M5PLH8U",
            "name": "tylee0325",
            "is_restricted": false,
            "is_ultra_restricted": false
        }
    },
    {
        "type": "message",
        "text": "I want to know how to get a image like below :slightly_smiling_face:",
        "files": [
            {
                "id": "FD7K7NCJH",
                "created": 1538674569,
                "timestamp": 1538674569,
                "name": "image.png",
                "title": "Pasted image at 2018-10-05, 2:36 AM",
                "mimetype": "image\/png",
                "filetype": "png",
                "pretty_type": "PNG",
                "user": "UCMBM5C6L",
                "editable": false,
                "size": 150367,
                "mode": "hosted",
                "is_external": false,
                "external_type": "",
                "is_public": true,
                "public_url_shared": false,
                "display_as_bot": false,
                "username": "",
                "url_private": "https:\/\/files.slack.com\/files-pri\/T5M5PLH8U-FD7K7NCJH\/image.png?t=xoxe-191193697300-1501897281926-1505540481365-290cf54ffdfc380367c1af72479de92b",
                "url_private_download": "https:\/\/files.slack.com\/files-pri\/T5M5PLH8U-FD7K7NCJH\/download\/image.png?t=xoxe-191193697300-1501897281926-1505540481365-290cf54ffdfc380367c1af72479de92b",
                "thumb_64": "https:\/\/files.slack.com\/files-tmb\/T5M5PLH8U-FD7K7NCJH-57d8404bf4\/image_64.png?t=xoxe-191193697300-1501897281926-1505540481365-290cf54ffdfc380367c1af72479de92b",
                "thumb_80": "https:\/\/files.slack.com\/files-tmb\/T5M5PLH8U-FD7K7NCJH-57d8404bf4\/image_80.png?t=xoxe-191193697300-1501897281926-1505540481365-290cf54ffdfc380367c1af72479de92b",
                "thumb_360": "https:\/\/files.slack.com\/files-tmb\/T5M5PLH8U-FD7K7NCJH-57d8404bf4\/image_360.png?t=xoxe-191193697300-1501897281926-1505540481365-290cf54ffdfc380367c1af72479de92b",
                "thumb_360_w": 360,
                "thumb_360_h": 235,
                "thumb_480": "https:\/\/files.slack.com\/files-tmb\/T5M5PLH8U-FD7K7NCJH-57d8404bf4\/image_480.png?t=xoxe-191193697300-1501897281926-1505540481365-290cf54ffdfc380367c1af72479de92b",
                "thumb_480_w": 480,
                "thumb_480_h": 313,
                "thumb_160": "https:\/\/files.slack.com\/files-tmb\/T5M5PLH8U-FD7K7NCJH-57d8404bf4\/image_160.png?t=xoxe-191193697300-1501897281926-1505540481365-290cf54ffdfc380367c1af72479de92b",
                "image_exif_rotation": 1,
                "original_w": 601,
                "original_h": 392,
                "permalink": "https:\/\/usdevkit.slack.com\/files\/UCMBM5C6L\/FD7K7NCJH\/image.png",
                "permalink_public": "https:\/\/slack-files.com\/T5M5PLH8U-FD7K7NCJH-78c33fad6e",
                "is_starred": false,
                "has_rich_preview": false
            }
        ],
        "upload": true,
        "user": "UCMBM5C6L",
        "display_as_bot": false,
        "ts": "1538674571.000100"
    },
    {
        "client_msg_id": "021ec66a-b182-4a0b-b84f-775a53c7a100",
        "type": "message",
        "text": "Hello <@UCMBM5C6L> -- please do refer to <https:\/\/github.com\/kelu124\/echomods\/blob\/master\/include\/experiments\/auto\/20180225a.md> (which has a link to the json) - processing was done with <https:\/\/github.com\/kelu124\/echomods\/blob\/master\/matty\/20180225a\/20180225a-Loops.ipynb>",
        "user": "U5M5PLH9S",
        "ts": "1538688780.000100",
        "team": "T5M5PLH8U",
        "user_team": "T5M5PLH8U",
        "source_team": "T5M5PLH8U",
        "user_profile": {
            "avatar_hash": "e4fb6ae9f526",
            "image_72": "https:\/\/avatars.slack-edge.com\/2017-06-01\/191144530514_e4fb6ae9f526531fd41c_72.jpg",
            "first_name": "",
            "real_name": "kelu",
            "display_name": "",
            "team": "T5M5PLH8U",
            "name": "kelu",
            "is_restricted": false,
            "is_ultra_restricted": false
        }
    },
    {
        "client_msg_id": "d9a2592d-677c-4a27-9c39-e419fb7e8de4",
        "type": "message",
        "text": "It's slightly different on more recent acquisitions where the data (the csv file) is now a field within the json.",
        "user": "U5M5PLH9S",
        "ts": "1538688815.000100",
        "team": "T5M5PLH8U",
        "user_team": "T5M5PLH8U",
        "source_team": "T5M5PLH8U",
        "user_profile": {
            "avatar_hash": "e4fb6ae9f526",
            "image_72": "https:\/\/avatars.slack-edge.com\/2017-06-01\/191144530514_e4fb6ae9f526531fd41c_72.jpg",
            "first_name": "",
            "real_name": "kelu",
            "display_name": "",
            "team": "T5M5PLH8U",
            "name": "kelu",
            "is_restricted": false,
            "is_ultra_restricted": false
        }
    },
    {
        "client_msg_id": "23a1f66f-20c5-4aff-85b8-a2ee11421d2d",
        "type": "message",
        "text": "But spirit stays the same (filtering, Enveloppe extraction, mapping)",
        "user": "U5M5PLH9S",
        "ts": "1538688840.000100",
        "team": "T5M5PLH8U",
        "user_team": "T5M5PLH8U",
        "source_team": "T5M5PLH8U",
        "user_profile": {
            "avatar_hash": "e4fb6ae9f526",
            "image_72": "https:\/\/avatars.slack-edge.com\/2017-06-01\/191144530514_e4fb6ae9f526531fd41c_72.jpg",
            "first_name": "",
            "real_name": "kelu",
            "display_name": "",
            "team": "T5M5PLH8U",
            "name": "kelu",
            "is_restricted": false,
            "is_ultra_restricted": false
        }
    },
    {
        "type": "message",
        "text": "As in this line being one example of the above picture.",
        "files": [
            {
                "id": "FD7KHLAEN",
                "created": 1538688882,
                "timestamp": 1538688882,
                "name": "téléchargement (1).png",
                "title": "téléchargement (1).png",
                "mimetype": "image\/png",
                "filetype": "png",
                "pretty_type": "PNG",
                "user": "U5M5PLH9S",
                "editable": false,
                "size": 41839,
                "mode": "hosted",
                "is_external": false,
                "external_type": "",
                "is_public": true,
                "public_url_shared": false,
                "display_as_bot": false,
                "username": "",
                "url_private": "https:\/\/files.slack.com\/files-pri\/T5M5PLH8U-FD7KHLAEN\/t__l__chargement__1_.png?t=xoxe-191193697300-1501897281926-1505540481365-290cf54ffdfc380367c1af72479de92b",
                "url_private_download": "https:\/\/files.slack.com\/files-pri\/T5M5PLH8U-FD7KHLAEN\/download\/t__l__chargement__1_.png?t=xoxe-191193697300-1501897281926-1505540481365-290cf54ffdfc380367c1af72479de92b",
                "thumb_64": "https:\/\/files.slack.com\/files-tmb\/T5M5PLH8U-FD7KHLAEN-669f2a7dbe\/t__l__chargement__1__64.png?t=xoxe-191193697300-1501897281926-1505540481365-290cf54ffdfc380367c1af72479de92b",
                "thumb_80": "https:\/\/files.slack.com\/files-tmb\/T5M5PLH8U-FD7KHLAEN-669f2a7dbe\/t__l__chargement__1__80.png?t=xoxe-191193697300-1501897281926-1505540481365-290cf54ffdfc380367c1af72479de92b",
                "thumb_360": "https:\/\/files.slack.com\/files-tmb\/T5M5PLH8U-FD7KHLAEN-669f2a7dbe\/t__l__chargement__1__360.png?t=xoxe-191193697300-1501897281926-1505540481365-290cf54ffdfc380367c1af72479de92b",
                "thumb_360_w": 360,
                "thumb_360_h": 143,
                "thumb_480": "https:\/\/files.slack.com\/files-tmb\/T5M5PLH8U-FD7KHLAEN-669f2a7dbe\/t__l__chargement__1__480.png?t=xoxe-191193697300-1501897281926-1505540481365-290cf54ffdfc380367c1af72479de92b",
                "thumb_480_w": 480,
                "thumb_480_h": 191,
                "thumb_160": "https:\/\/files.slack.com\/files-tmb\/T5M5PLH8U-FD7KHLAEN-669f2a7dbe\/t__l__chargement__1__160.png?t=xoxe-191193697300-1501897281926-1505540481365-290cf54ffdfc380367c1af72479de92b",
                "thumb_720": "https:\/\/files.slack.com\/files-tmb\/T5M5PLH8U-FD7KHLAEN-669f2a7dbe\/t__l__chargement__1__720.png?t=xoxe-191193697300-1501897281926-1505540481365-290cf54ffdfc380367c1af72479de92b",
                "thumb_720_w": 720,
                "thumb_720_h": 286,
                "thumb_800": "https:\/\/files.slack.com\/files-tmb\/T5M5PLH8U-FD7KHLAEN-669f2a7dbe\/t__l__chargement__1__800.png?t=xoxe-191193697300-1501897281926-1505540481365-290cf54ffdfc380367c1af72479de92b",
                "thumb_800_w": 800,
                "thumb_800_h": 318,
                "image_exif_rotation": 1,
                "original_w": 889,
                "original_h": 353,
                "permalink": "https:\/\/usdevkit.slack.com\/files\/U5M5PLH9S\/FD7KHLAEN\/t__l__chargement__1_.png",
                "permalink_public": "https:\/\/slack-files.com\/T5M5PLH8U-FD7KHLAEN-a103a2e9cc",
                "is_starred": false,
                "has_rich_preview": false
            }
        ],
        "upload": true,
        "user": "U5M5PLH9S",
        "display_as_bot": false,
        "ts": "1538688885.000100",
        "client_msg_id": "cf9f6814-fcce-4065-929b-4c206e51fae0"
    },
    {
        "client_msg_id": "5f3f75f5-f61d-4907-94ef-e244f076e9b7",
        "type": "message",
        "text": "D:smiley: on't hesitate to run the jupyter notebook or some python to retrace the steps ",
        "user": "U5M5PLH9S",
        "ts": "1538688927.000100",
        "team": "T5M5PLH8U",
        "user_team": "T5M5PLH8U",
        "source_team": "T5M5PLH8U",
        "user_profile": {
            "avatar_hash": "e4fb6ae9f526",
            "image_72": "https:\/\/avatars.slack-edge.com\/2017-06-01\/191144530514_e4fb6ae9f526531fd41c_72.jpg",
            "first_name": "",
            "real_name": "kelu",
            "display_name": "",
            "team": "T5M5PLH8U",
            "name": "kelu",
            "is_restricted": false,
            "is_ultra_restricted": false
        }
    },
    {
        "client_msg_id": "72244eb7-aed8-4c69-8d8c-4e0be38cfe83",
        "type": "message",
        "text": "I really want to thank you for your help <@U5M5PLH9S> :slightly_smiling_face:",
        "user": "UCMBM5C6L",
        "ts": "1538701408.000100",
        "team": "T5M5PLH8U",
        "user_team": "T5M5PLH8U",
        "source_team": "T5M5PLH8U",
        "user_profile": {
            "avatar_hash": "g44cf2181b23",
            "image_72": "https:\/\/secure.gravatar.com\/avatar\/a44cf2181b23bc20da69fd976d4a2046.jpg?s=72&d=https%3A%2F%2Fa.slack-edge.com%2Fdf10d%2Fimg%2Favatars%2Fava_0001-72.png",
            "first_name": "",
            "real_name": "Taeyoung Lee",
            "display_name": "",
            "team": "T5M5PLH8U",
            "name": "tylee0325",
            "is_restricted": false,
            "is_ultra_restricted": false
        }
    },
    {
        "client_msg_id": "2ff4540c-ca4a-4be1-94b0-5ce257a1ee82",
        "type": "message",
        "text": "No problem !",
        "user": "U5M5PLH9S",
        "ts": "1538719355.000200",
        "team": "T5M5PLH8U",
        "user_team": "T5M5PLH8U",
        "source_team": "T5M5PLH8U",
        "user_profile": {
            "avatar_hash": "e4fb6ae9f526",
            "image_72": "https:\/\/avatars.slack-edge.com\/2017-06-01\/191144530514_e4fb6ae9f526531fd41c_72.jpg",
            "first_name": "",
            "real_name": "kelu",
            "display_name": "",
            "team": "T5M5PLH8U",
            "name": "kelu",
            "is_restricted": false,
            "is_ultra_restricted": false
        }
    }
]