[
    {
        "client_msg_id": "efbf2360-4eef-4f23-a348-75054cda243d",
        "type": "message",
        "text": "result from ultrasound imaging depend of element probe?",
        "user": "UE3JX8LUT",
        "ts": "1545203856.007100",
        "team": "T5M5PLH8U",
        "user_team": "T5M5PLH8U",
        "source_team": "T5M5PLH8U",
        "user_profile": {
            "avatar_hash": "a9159a929398",
            "image_72": "https:\/\/avatars.slack-edge.com\/2018-11-15\/479026488288_a9159a929398c4006149_72.jpg",
            "first_name": "Fadhli",
            "real_name": "Fadhli",
            "display_name": "Fadhli",
            "team": "T5M5PLH8U",
            "name": "fadhliazinnuddin",
            "is_restricted": false,
            "is_ultra_restricted": false
        },
        "thread_ts": "1543074507.006000",
        "parent_user_id": "U5M5PLH9S"
    }
]