[
    {
        "type": "message",
        "text": "<@U5M5PLH9S> I'm trying to order the motherboard (doj v2.0) through Oshpark, but when I try to upload the \"doj_v2.kicad_pcb\" file, Oshpark says \"we can't process files from Kicad development builds\"",
        "user": "U923YT3B4",
        "ts": "1521599877.000251",
        "team": "T5M5PLH8U",
        "user_team": "T5M5PLH8U",
        "source_team": "T5M5PLH8U",
        "user_profile": {
            "avatar_hash": "6710a205a9be",
            "image_72": "https:\/\/avatars.slack-edge.com\/2018-02-01\/308040121987_6710a205a9beb27d3764_72.jpg",
            "first_name": "Kevin",
            "real_name": "Kevin Bui",
            "display_name": "",
            "team": "T5M5PLH8U",
            "name": "khvbui",
            "is_restricted": false,
            "is_ultra_restricted": false
        }
    },
    {
        "type": "message",
        "text": "Also, your Altium.v2 Gerber files for the goblin can't be uploaded into Oshpark! It says \"cant find a board outline file\".",
        "user": "U923YT3B4",
        "ts": "1521611897.000079",
        "team": "T5M5PLH8U",
        "user_team": "T5M5PLH8U",
        "source_team": "T5M5PLH8U",
        "user_profile": {
            "avatar_hash": "6710a205a9be",
            "image_72": "https:\/\/avatars.slack-edge.com\/2018-02-01\/308040121987_6710a205a9beb27d3764_72.jpg",
            "first_name": "Kevin",
            "real_name": "Kevin Bui",
            "display_name": "",
            "team": "T5M5PLH8U",
            "name": "khvbui",
            "is_restricted": false,
            "is_ultra_restricted": false
        }
    }
]