[
    {
        "client_msg_id": "80e43911-d43e-431b-8955-34a85c0c259f",
        "type": "message",
        "text": "Holy cow, that's amazing!!!",
        "user": "UF0SXEJ0M",
        "ts": "1551651869.000800",
        "team": "T5M5PLH8U",
        "user_team": "T5M5PLH8U",
        "source_team": "T5M5PLH8U",
        "user_profile": {
            "avatar_hash": "caf9f1375af3",
            "image_72": "https:\/\/avatars.slack-edge.com\/2019-02-12\/549018718117_caf9f1375af3bfa9e7a6_72.jpg",
            "first_name": "Sterling",
            "real_name": "Sterling Cooley",
            "display_name": "Sterling",
            "team": "T5M5PLH8U",
            "name": "percyacct2020",
            "is_restricted": false,
            "is_ultra_restricted": false
        },
        "reactions": [
            {
                "name": "+1",
                "users": [
                    "U5M5PLH9S"
                ],
                "count": 1
            }
        ]
    },
    {
        "client_msg_id": "407bc434-4d59-4482-85ee-02f99e6baa06",
        "type": "message",
        "text": "So as cool as this is, it's much better to stay focused. Remember, you are the leader of this project, and I think what you are developing now is much more valuable than this closed source kit from Phillips.\n\nKeep the main thing, the main thing",
        "user": "UF0SXEJ0M",
        "ts": "1551652027.000900",
        "team": "T5M5PLH8U",
        "user_team": "T5M5PLH8U",
        "source_team": "T5M5PLH8U",
        "user_profile": {
            "avatar_hash": "caf9f1375af3",
            "image_72": "https:\/\/avatars.slack-edge.com\/2019-02-12\/549018718117_caf9f1375af3bfa9e7a6_72.jpg",
            "first_name": "Sterling",
            "real_name": "Sterling Cooley",
            "display_name": "Sterling",
            "team": "T5M5PLH8U",
            "name": "percyacct2020",
            "is_restricted": false,
            "is_ultra_restricted": false
        },
        "thread_ts": "1551433770.000100",
        "parent_user_id": "U5M5PLH9S",
        "reactions": [
            {
                "name": "joy",
                "users": [
                    "U5M5PLH9S"
                ],
                "count": 1
            }
        ]
    },
    {
        "client_msg_id": "593dfe9c-2967-414b-af84-5b0edd1d495f",
        "type": "message",
        "text": "I admire that you are determined to create a single channel system that can run very affordably, and while it's always going to be fun to \"play with\" new toys, that's not necessarily going to get the ball down the field where it counts.",
        "user": "UF0SXEJ0M",
        "ts": "1551652092.001100",
        "team": "T5M5PLH8U",
        "user_team": "T5M5PLH8U",
        "source_team": "T5M5PLH8U",
        "user_profile": {
            "avatar_hash": "caf9f1375af3",
            "image_72": "https:\/\/avatars.slack-edge.com\/2019-02-12\/549018718117_caf9f1375af3bfa9e7a6_72.jpg",
            "first_name": "Sterling",
            "real_name": "Sterling Cooley",
            "display_name": "Sterling",
            "team": "T5M5PLH8U",
            "name": "percyacct2020",
            "is_restricted": false,
            "is_ultra_restricted": false
        },
        "thread_ts": "1551433770.000100",
        "parent_user_id": "U5M5PLH9S",
        "reactions": [
            {
                "name": "sweat_smile",
                "users": [
                    "U5M5PLH9S"
                ],
                "count": 1
            },
            {
                "name": "+1",
                "users": [
                    "U5M5PLH9S"
                ],
                "count": 1
            }
        ]
    },
    {
        "client_msg_id": "f7a42053-785a-4e72-83ce-ead396c46e4f",
        "type": "message",
        "text": "This is very cool, I like that you can do beam steering with it. Are these CMUT transducers at wafer scale as yet and are they available for a reasonable price?",
        "user": "UGJ8GJGNR",
        "ts": "1551658604.003800",
        "team": "T5M5PLH8U",
        "user_team": "T5M5PLH8U",
        "source_team": "T5M5PLH8U",
        "user_profile": {
            "avatar_hash": "ga7943669895",
            "image_72": "https:\/\/secure.gravatar.com\/avatar\/4a7943669895590493fa45985c7c746a.jpg?s=72&d=https%3A%2F%2Fa.slack-edge.com%2Fdf10d%2Fimg%2Favatars%2Fava_0024-72.png",
            "first_name": "",
            "real_name": "Jean Rintoul",
            "display_name": "jeantoul",
            "team": "T5M5PLH8U",
            "name": "jean.rintoul",
            "is_restricted": false,
            "is_ultra_restricted": false
        },
        "thread_ts": "1551658604.003800",
        "reply_count": 1,
        "reply_users_count": 1,
        "latest_reply": "1551779440.004400",
        "reply_users": [
            "U5M5PLH9S"
        ],
        "replies": [
            {
                "user": "U5M5PLH9S",
                "ts": "1551779440.004400"
            }
        ],
        "subscribed": true,
        "last_read": "1551779440.004400"
    }
]