[
    {
        "client_msg_id": "616082c8-b5d5-484a-a33c-32327c2a7efb",
        "type": "message",
        "text": "I'm within some \"striking distance\" to acquire a multi-channel ultrasound head cap custom made from china, could theoreticaly pack 64 channels all around the head",
        "user": "UF0SXEJ0M",
        "ts": "1559428558.000900",
        "team": "T5M5PLH8U",
        "user_team": "T5M5PLH8U",
        "source_team": "T5M5PLH8U",
        "user_profile": {
            "avatar_hash": "caf9f1375af3",
            "image_72": "https:\/\/avatars.slack-edge.com\/2019-02-12\/549018718117_caf9f1375af3bfa9e7a6_72.jpg",
            "first_name": "Sterling",
            "real_name": "Sterling Cooley",
            "display_name": "Sterling",
            "team": "T5M5PLH8U",
            "name": "percyacct2020",
            "is_restricted": false,
            "is_ultra_restricted": false
        },
        "reactions": [
            {
                "name": "open_mouth",
                "users": [
                    "U8Z3VB1T2"
                ],
                "count": 1
            },
            {
                "name": "star-struck",
                "users": [
                    "U5M5PLH9S"
                ],
                "count": 1
            }
        ]
    }
]