[
    {
        "type": "message",
        "text": "Hello, we watched the video clip and Jumper Finn. I filmed the progress on video. If you look at the end, the result is zero and it's not running. Is there any way I can get help on this? And can we see what we're doing wrong?",
        "files": [
            {
                "id": "FM6DB3CUE",
                "created": 1565124861,
                "timestamp": 1565124861,
                "name": "KakaoTalk_Video_20190806_2127_16_362.mp4",
                "title": "KakaoTalk_Video_20190806_2127_16_362.mp4",
                "mimetype": "video\/mp4",
                "filetype": "mp4",
                "pretty_type": "MPEG 4 Video",
                "user": "ULYB25AMS",
                "editable": false,
                "size": 52022162,
                "mode": "hosted",
                "is_external": false,
                "external_type": "",
                "is_public": true,
                "public_url_shared": false,
                "display_as_bot": false,
                "username": "",
                "url_private": "https:\/\/files.slack.com\/files-pri\/T5M5PLH8U-FM6DB3CUE\/kakaotalk_video_20190806_2127_16_362.mp4?t=xoxe-191193697300-1501897281926-1505540481365-290cf54ffdfc380367c1af72479de92b",
                "url_private_download": "https:\/\/files.slack.com\/files-pri\/T5M5PLH8U-FM6DB3CUE\/download\/kakaotalk_video_20190806_2127_16_362.mp4?t=xoxe-191193697300-1501897281926-1505540481365-290cf54ffdfc380367c1af72479de92b",
                "permalink": "https:\/\/usdevkit.slack.com\/files\/ULYB25AMS\/FM6DB3CUE\/kakaotalk_video_20190806_2127_16_362.mp4",
                "permalink_public": "https:\/\/slack-files.com\/T5M5PLH8U-FM6DB3CUE-ad0720a021",
                "is_starred": false,
                "has_rich_preview": false
            }
        ],
        "upload": true,
        "user": "ULYB25AMS",
        "display_as_bot": false,
        "ts": "1565124864.005000",
        "client_msg_id": "82ca0142-5cef-41f8-8360-0e1ed1513777",
        "thread_ts": "1564903864.000900",
        "parent_user_id": "ULYB25AMS"
    },
    {
        "type": "message",
        "text": "This is the attached raspberry picture that I requested last time.",
        "files": [
            {
                "id": "FM48JDF6C",
                "created": 1565125100,
                "timestamp": 1565125100,
                "name": "image.png",
                "title": "image.png",
                "mimetype": "image\/png",
                "filetype": "png",
                "pretty_type": "PNG",
                "user": "ULYB25AMS",
                "editable": false,
                "size": 4842653,
                "mode": "hosted",
                "is_external": false,
                "external_type": "",
                "is_public": true,
                "public_url_shared": false,
                "display_as_bot": false,
                "username": "",
                "url_private": "https:\/\/files.slack.com\/files-pri\/T5M5PLH8U-FM48JDF6C\/image.png?t=xoxe-191193697300-1501897281926-1505540481365-290cf54ffdfc380367c1af72479de92b",
                "url_private_download": "https:\/\/files.slack.com\/files-pri\/T5M5PLH8U-FM48JDF6C\/download\/image.png?t=xoxe-191193697300-1501897281926-1505540481365-290cf54ffdfc380367c1af72479de92b",
                "thumb_64": "https:\/\/files.slack.com\/files-tmb\/T5M5PLH8U-FM48JDF6C-0efc2343fe\/image_64.png?t=xoxe-191193697300-1501897281926-1505540481365-290cf54ffdfc380367c1af72479de92b",
                "thumb_80": "https:\/\/files.slack.com\/files-tmb\/T5M5PLH8U-FM48JDF6C-0efc2343fe\/image_80.png?t=xoxe-191193697300-1501897281926-1505540481365-290cf54ffdfc380367c1af72479de92b",
                "thumb_360": "https:\/\/files.slack.com\/files-tmb\/T5M5PLH8U-FM48JDF6C-0efc2343fe\/image_360.png?t=xoxe-191193697300-1501897281926-1505540481365-290cf54ffdfc380367c1af72479de92b",
                "thumb_360_w": 272,
                "thumb_360_h": 360,
                "thumb_480": "https:\/\/files.slack.com\/files-tmb\/T5M5PLH8U-FM48JDF6C-0efc2343fe\/image_480.png?t=xoxe-191193697300-1501897281926-1505540481365-290cf54ffdfc380367c1af72479de92b",
                "thumb_480_w": 362,
                "thumb_480_h": 480,
                "thumb_160": "https:\/\/files.slack.com\/files-tmb\/T5M5PLH8U-FM48JDF6C-0efc2343fe\/image_160.png?t=xoxe-191193697300-1501897281926-1505540481365-290cf54ffdfc380367c1af72479de92b",
                "thumb_720": "https:\/\/files.slack.com\/files-tmb\/T5M5PLH8U-FM48JDF6C-0efc2343fe\/image_720.png?t=xoxe-191193697300-1501897281926-1505540481365-290cf54ffdfc380367c1af72479de92b",
                "thumb_720_w": 543,
                "thumb_720_h": 720,
                "thumb_800": "https:\/\/files.slack.com\/files-tmb\/T5M5PLH8U-FM48JDF6C-0efc2343fe\/image_800.png?t=xoxe-191193697300-1501897281926-1505540481365-290cf54ffdfc380367c1af72479de92b",
                "thumb_800_w": 800,
                "thumb_800_h": 1060,
                "thumb_960": "https:\/\/files.slack.com\/files-tmb\/T5M5PLH8U-FM48JDF6C-0efc2343fe\/image_960.png?t=xoxe-191193697300-1501897281926-1505540481365-290cf54ffdfc380367c1af72479de92b",
                "thumb_960_w": 724,
                "thumb_960_h": 960,
                "thumb_1024": "https:\/\/files.slack.com\/files-tmb\/T5M5PLH8U-FM48JDF6C-0efc2343fe\/image_1024.png?t=xoxe-191193697300-1501897281926-1505540481365-290cf54ffdfc380367c1af72479de92b",
                "thumb_1024_w": 773,
                "thumb_1024_h": 1024,
                "image_exif_rotation": 1,
                "original_w": 2282,
                "original_h": 3024,
                "permalink": "https:\/\/usdevkit.slack.com\/files\/ULYB25AMS\/FM48JDF6C\/image.png",
                "permalink_public": "https:\/\/slack-files.com\/T5M5PLH8U-FM48JDF6C-af57267b8b",
                "is_starred": false,
                "has_rich_preview": false
            }
        ],
        "upload": true,
        "user": "ULYB25AMS",
        "display_as_bot": false,
        "ts": "1565125106.005400",
        "client_msg_id": "131721b3-1acd-4067-a0aa-da1a545e6830",
        "thread_ts": "1564903864.000900",
        "parent_user_id": "ULYB25AMS"
    }
]