[
    {
        "type": "message",
        "subtype": "channel_join",
        "ts": "1562286730.014900",
        "user": "UL4U8LU6Q",
        "text": "<@UL4U8LU6Q> has joined the channel"
    },
    {
        "client_msg_id": "01c1ee4a-f4f7-4c0b-a360-9b02abe17814",
        "type": "message",
        "text": "Hello friends Nice to join, I am trying to build an wearable ultrasound imaging hardware, I AM electronic engineer , but I always worked in software, I have had some problems to understand somethings like raspberry and new technologies, any suggestion or advice is welcome , thanks",
        "user": "UL4U8LU6Q",
        "ts": "1562287102.020200",
        "team": "T5M5PLH8U",
        "user_team": "T5M5PLH8U",
        "source_team": "T5M5PLH8U",
        "user_profile": {
            "avatar_hash": "g6eefafbefe1",
            "image_72": "https:\/\/secure.gravatar.com\/avatar\/36eefafbefe115cec33f1cf2b0ad4f1f.jpg?s=72&d=https%3A%2F%2Fa.slack-edge.com%2Fdf10d%2Fimg%2Favatars%2Fava_0018-72.png",
            "first_name": "",
            "real_name": "Leonardo",
            "display_name": "",
            "team": "T5M5PLH8U",
            "name": "jorjek4",
            "is_restricted": false,
            "is_ultra_restricted": false
        },
        "thread_ts": "1562287102.020200",
        "reply_count": 1,
        "reply_users_count": 1,
        "latest_reply": "1562335186.020300",
        "reply_users": [
            "U5M5PLH9S"
        ],
        "replies": [
            {
                "user": "U5M5PLH9S",
                "ts": "1562335186.020300"
            }
        ],
        "subscribed": true,
        "last_read": "1562335186.020300",
        "reactions": [
            {
                "name": "wave",
                "users": [
                    "U5M5PLH9S"
                ],
                "count": 1
            }
        ]
    }
]