[
    {
        "client_msg_id": "6450ab57-8b55-4472-97c2-913a871b7b0e",
        "type": "message",
        "text": "Thanks <@UP3NUN9LG> for the video <https:\/\/www.youtube.com\/watch?v=S8_0MuVqFJA> reviewing the board :smiley:",
        "user": "U5M5PLH9S",
        "ts": "1571655269.000400",
        "team": "T5M5PLH8U",
        "user_team": "T5M5PLH8U",
        "source_team": "T5M5PLH8U",
        "user_profile": {
            "avatar_hash": "e4fb6ae9f526",
            "image_72": "https:\/\/avatars.slack-edge.com\/2017-06-01\/191144530514_e4fb6ae9f526531fd41c_72.jpg",
            "first_name": "",
            "real_name": "kelu",
            "display_name": "",
            "team": "T5M5PLH8U",
            "name": "kelu",
            "is_restricted": false,
            "is_ultra_restricted": false
        },
        "edited": {
            "user": "U5M5PLH9S",
            "ts": "1571655297.000000"
        }
    }
]