[
    {
        "client_msg_id": "d8c18ac9-3419-4c92-ba92-bd6dbc200d27",
        "type": "message",
        "text": "I don't know link, what is it? This is from Shenzhen, magical land of troves.",
        "user": "U5M5PLH9S",
        "ts": "1562849338.028900",
        "team": "T5M5PLH8U",
        "user_team": "T5M5PLH8U",
        "source_team": "T5M5PLH8U",
        "user_profile": {
            "avatar_hash": "e4fb6ae9f526",
            "image_72": "https:\/\/avatars.slack-edge.com\/2017-06-01\/191144530514_e4fb6ae9f526531fd41c_72.jpg",
            "first_name": "",
            "real_name": "kelu",
            "display_name": "",
            "team": "T5M5PLH8U",
            "name": "kelu",
            "is_restricted": false,
            "is_ultra_restricted": false
        },
        "thread_ts": "1562409983.022700",
        "parent_user_id": "U5M5PLH9S"
    },
    {
        "type": "message",
        "subtype": "thread_broadcast",
        "text": "You, A. Aubry me dit qqchose. Tu as de la literrature sur le sujet?",
        "user": "U5M5PLH9S",
        "ts": "1562849406.029100",
        "thread_ts": "1562463563.026400",
        "root": {
            "client_msg_id": "f39c17ff-b40c-46c3-b5e2-bda5a847a733",
            "type": "message",
            "text": "Hi there,\nThought I'd introduce myself, as I stumbled upon your rather neat community. My name is Julien, and I'm a physicist rather interested in developing an ultra lost cost ultrasound tomography device (I'm rather well acquainted with a whole variety of inversion algorithms for wavefield imaging; I'm mostly lacking the know how to build something from the ground up). I'd be happy to share what I know on the algorithm side of things while I learn the Pi side.\nWonderful initiative you have here.",
            "user": "UKV93F6H1",
            "ts": "1562463563.026400",
            "team": "T5M5PLH8U",
            "thread_ts": "1562463563.026400",
            "reply_count": 28,
            "reply_users_count": 3,
            "latest_reply": "1567538992.014100",
            "reply_users": [
                "U5M5PLH9S",
                "UKV93F6H1",
                "UMEH4EFC3"
            ],
            "subscribed": true,
            "last_read": "1567538992.014100"
        },
        "client_msg_id": "2d9d0bf8-a794-4b22-8435-aeff05cade83"
    },
    {
        "client_msg_id": "8bc0b408-dbd9-4a03-adda-1c61dd244fae",
        "type": "message",
        "text": "Btw, avec la petite carte, tu peux faire du 8 io independant, and given the small cost of the board, you can put a couple of boards in parallel to get raw signals. I'm interested in the papers about this type of work :)",
        "user": "U5M5PLH9S",
        "ts": "1562849855.029400",
        "team": "T5M5PLH8U",
        "user_team": "T5M5PLH8U",
        "source_team": "T5M5PLH8U",
        "user_profile": {
            "avatar_hash": "e4fb6ae9f526",
            "image_72": "https:\/\/avatars.slack-edge.com\/2017-06-01\/191144530514_e4fb6ae9f526531fd41c_72.jpg",
            "first_name": "",
            "real_name": "kelu",
            "display_name": "",
            "team": "T5M5PLH8U",
            "name": "kelu",
            "is_restricted": false,
            "is_ultra_restricted": false
        },
        "thread_ts": "1562463563.026400",
        "parent_user_id": "UKV93F6H1"
    },
    {
        "client_msg_id": "3423003a-2d91-48b5-ae35-96d3675d801c",
        "type": "message",
        "text": "Tu connais Nicolas E. aussi ?",
        "user": "U5M5PLH9S",
        "ts": "1562849939.029600",
        "team": "T5M5PLH8U",
        "user_team": "T5M5PLH8U",
        "source_team": "T5M5PLH8U",
        "user_profile": {
            "avatar_hash": "e4fb6ae9f526",
            "image_72": "https:\/\/avatars.slack-edge.com\/2017-06-01\/191144530514_e4fb6ae9f526531fd41c_72.jpg",
            "first_name": "",
            "real_name": "kelu",
            "display_name": "",
            "team": "T5M5PLH8U",
            "name": "kelu",
            "is_restricted": false,
            "is_ultra_restricted": false
        },
        "thread_ts": "1562463563.026400",
        "parent_user_id": "UKV93F6H1"
    }
]