[
    {
        "client_msg_id": "99b033d0-07d8-4bd5-98f0-fb26a4d8436d",
        "type": "message",
        "text": "Well, I don't have 'your board', I only have the one I built based on your ¿original? boards (goblin\/tobo)",
        "user": "U8DP2NWAD",
        "ts": "1549388200.158400",
        "team": "T5M5PLH8U",
        "user_team": "T5M5PLH8U",
        "source_team": "T5M5PLH8U",
        "user_profile": {
            "avatar_hash": "ge8fe12d48f6",
            "image_72": "https:\/\/secure.gravatar.com\/avatar\/be8fe12d48f65fa83f69d7849035f8c3.jpg?s=72&d=https%3A%2F%2Fa.slack-edge.com%2Fdf10d%2Fimg%2Favatars%2Fava_0024-72.png",
            "first_name": "",
            "real_name": "Tomás Glaría",
            "display_name": "tglaria",
            "team": "T5M5PLH8U",
            "name": "tglaria",
            "is_restricted": false,
            "is_ultra_restricted": false
        },
        "thread_ts": "1548949940.156300",
        "parent_user_id": "U8DP2NWAD"
    },
    {
        "client_msg_id": "c79ce6b9-27a5-478c-8fde-20f418fafae3",
        "type": "message",
        "text": "I wad thinking of the \"propio\" board :smiley:",
        "user": "U5M5PLH9S",
        "ts": "1549388476.158600",
        "team": "T5M5PLH8U",
        "user_team": "T5M5PLH8U",
        "source_team": "T5M5PLH8U",
        "user_profile": {
            "avatar_hash": "e4fb6ae9f526",
            "image_72": "https:\/\/avatars.slack-edge.com\/2017-06-01\/191144530514_e4fb6ae9f526531fd41c_72.jpg",
            "first_name": "",
            "real_name": "kelu",
            "display_name": "",
            "team": "T5M5PLH8U",
            "name": "kelu",
            "is_restricted": false,
            "is_ultra_restricted": false
        },
        "thread_ts": "1548949940.156300",
        "parent_user_id": "U8DP2NWAD"
    }
]