[
    {
        "type": "message",
        "text": "Seems to work, not so big to have both positive and negative HV. haven't tried yet the positive source level through i2c control, on the list. The negative one is fixed at -50V, gets it done.\n\nAnd... as a bonus, a small NSA1166 (a full six 7-segment digit display :wink: ) - which is close enough compatible with existing MAX7219 LED driver.",
        "files": [
            {
                "id": "FN89EAZGW",
                "created": 1568059051,
                "timestamp": 1568059051,
                "name": "P_20190909_202833.jpg",
                "title": "P_20190909_202833.jpg",
                "mimetype": "image\/jpeg",
                "filetype": "jpg",
                "pretty_type": "JPEG",
                "user": "U5M5PLH9S",
                "editable": false,
                "size": 1296326,
                "mode": "hosted",
                "is_external": false,
                "external_type": "",
                "is_public": true,
                "public_url_shared": false,
                "display_as_bot": false,
                "username": "",
                "url_private": "https:\/\/files.slack.com\/files-pri\/T5M5PLH8U-FN89EAZGW\/p_20190909_202833.jpg?t=xoxe-191193697300-1501897281926-1505540481365-290cf54ffdfc380367c1af72479de92b",
                "url_private_download": "https:\/\/files.slack.com\/files-pri\/T5M5PLH8U-FN89EAZGW\/download\/p_20190909_202833.jpg?t=xoxe-191193697300-1501897281926-1505540481365-290cf54ffdfc380367c1af72479de92b",
                "thumb_64": "https:\/\/files.slack.com\/files-tmb\/T5M5PLH8U-FN89EAZGW-f96a64db76\/p_20190909_202833_64.jpg?t=xoxe-191193697300-1501897281926-1505540481365-290cf54ffdfc380367c1af72479de92b",
                "thumb_80": "https:\/\/files.slack.com\/files-tmb\/T5M5PLH8U-FN89EAZGW-f96a64db76\/p_20190909_202833_80.jpg?t=xoxe-191193697300-1501897281926-1505540481365-290cf54ffdfc380367c1af72479de92b",
                "thumb_360": "https:\/\/files.slack.com\/files-tmb\/T5M5PLH8U-FN89EAZGW-f96a64db76\/p_20190909_202833_360.jpg?t=xoxe-191193697300-1501897281926-1505540481365-290cf54ffdfc380367c1af72479de92b",
                "thumb_360_w": 360,
                "thumb_360_h": 270,
                "thumb_480": "https:\/\/files.slack.com\/files-tmb\/T5M5PLH8U-FN89EAZGW-f96a64db76\/p_20190909_202833_480.jpg?t=xoxe-191193697300-1501897281926-1505540481365-290cf54ffdfc380367c1af72479de92b",
                "thumb_480_w": 480,
                "thumb_480_h": 360,
                "thumb_160": "https:\/\/files.slack.com\/files-tmb\/T5M5PLH8U-FN89EAZGW-f96a64db76\/p_20190909_202833_160.jpg?t=xoxe-191193697300-1501897281926-1505540481365-290cf54ffdfc380367c1af72479de92b",
                "thumb_720": "https:\/\/files.slack.com\/files-tmb\/T5M5PLH8U-FN89EAZGW-f96a64db76\/p_20190909_202833_720.jpg?t=xoxe-191193697300-1501897281926-1505540481365-290cf54ffdfc380367c1af72479de92b",
                "thumb_720_w": 720,
                "thumb_720_h": 540,
                "thumb_800": "https:\/\/files.slack.com\/files-tmb\/T5M5PLH8U-FN89EAZGW-f96a64db76\/p_20190909_202833_800.jpg?t=xoxe-191193697300-1501897281926-1505540481365-290cf54ffdfc380367c1af72479de92b",
                "thumb_800_w": 800,
                "thumb_800_h": 600,
                "thumb_960": "https:\/\/files.slack.com\/files-tmb\/T5M5PLH8U-FN89EAZGW-f96a64db76\/p_20190909_202833_960.jpg?t=xoxe-191193697300-1501897281926-1505540481365-290cf54ffdfc380367c1af72479de92b",
                "thumb_960_w": 960,
                "thumb_960_h": 720,
                "thumb_1024": "https:\/\/files.slack.com\/files-tmb\/T5M5PLH8U-FN89EAZGW-f96a64db76\/p_20190909_202833_1024.jpg?t=xoxe-191193697300-1501897281926-1505540481365-290cf54ffdfc380367c1af72479de92b",
                "thumb_1024_w": 1024,
                "thumb_1024_h": 768,
                "image_exif_rotation": 1,
                "original_w": 4160,
                "original_h": 3120,
                "permalink": "https:\/\/usdevkit.slack.com\/files\/U5M5PLH9S\/FN89EAZGW\/p_20190909_202833.jpg",
                "permalink_public": "https:\/\/slack-files.com\/T5M5PLH8U-FN89EAZGW-b9fe9327e6",
                "is_starred": false,
                "has_rich_preview": false
            }
        ],
        "upload": true,
        "user": "U5M5PLH9S",
        "display_as_bot": false,
        "ts": "1568059056.014900",
        "client_msg_id": "e01c9212-3a7f-49da-9b04-27069b5c1201",
        "thread_ts": "1565533358.021200",
        "parent_user_id": "U5M5PLH9S",
        "subtype": "thread_broadcast",
        "root": {
            "client_msg_id": "063fcda0-dc46-4c49-ae6e-fe1ad021d90f",
            "type": "message",
            "text": "As a side note, apart from the HV9150 kit developed by <@UFCS7CKPD> ( <https:\/\/github.com\/kelu124\/HV9150DevKit> ), I'm pushing a design for both HV positive and negative, with HV9150 and MAX1846 ( <https:\/\/github.com\/kelu124\/hvpppn> ). Hope this will be interesting :smiley:",
            "user": "U5M5PLH9S",
            "ts": "1565533358.021200",
            "team": "T5M5PLH8U",
            "edited": {
                "user": "U5M5PLH9S",
                "ts": "1565533370.000000"
            },
            "thread_ts": "1565533358.021200",
            "reply_count": 1,
            "reply_users_count": 1,
            "latest_reply": "1568059056.014900",
            "reply_users": [
                "U5M5PLH9S"
            ],
            "subscribed": true,
            "last_read": "1568059056.014900"
        }
    }
]