[
    {
        "client_msg_id": "a640ab76-a923-4bb8-a9f2-875cd52edeed",
        "type": "message",
        "text": "How to see placement of component which needed on un0rick if using altium designer how to open? ",
        "user": "UE3JX8LUT",
        "ts": "1552665770.017400",
        "team": "T5M5PLH8U",
        "user_team": "T5M5PLH8U",
        "source_team": "T5M5PLH8U",
        "user_profile": {
            "avatar_hash": "a9159a929398",
            "image_72": "https:\/\/avatars.slack-edge.com\/2018-11-15\/479026488288_a9159a929398c4006149_72.jpg",
            "first_name": "Fadhli",
            "real_name": "Fadhli",
            "display_name": "Fadhli",
            "team": "T5M5PLH8U",
            "name": "fadhliazinnuddin",
            "is_restricted": false,
            "is_ultra_restricted": false
        },
        "thread_ts": "1551796412.005200",
        "parent_user_id": "UE3JX8LUT"
    },
    {
        "client_msg_id": "f4db9cee-697d-4ee2-9f8d-9b3cc1505a5b",
        "type": "message",
        "text": "I am not sure you can edit xyrs with altium, though xyrs are an output of altium ",
        "user": "U5M5PLH9S",
        "ts": "1552666639.017600",
        "team": "T5M5PLH8U",
        "user_team": "T5M5PLH8U",
        "source_team": "T5M5PLH8U",
        "user_profile": {
            "avatar_hash": "e4fb6ae9f526",
            "image_72": "https:\/\/avatars.slack-edge.com\/2017-06-01\/191144530514_e4fb6ae9f526531fd41c_72.jpg",
            "first_name": "",
            "real_name": "kelu",
            "display_name": "",
            "team": "T5M5PLH8U",
            "name": "kelu",
            "is_restricted": false,
            "is_ultra_restricted": false
        },
        "thread_ts": "1551796412.005200",
        "parent_user_id": "UE3JX8LUT"
    },
    {
        "client_msg_id": "8e0e726e-63b8-4151-925e-86f2b13b6e1d",
        "type": "message",
        "text": "Designs are available on upverter for edition",
        "user": "U5M5PLH9S",
        "ts": "1552666666.017800",
        "team": "T5M5PLH8U",
        "user_team": "T5M5PLH8U",
        "source_team": "T5M5PLH8U",
        "user_profile": {
            "avatar_hash": "e4fb6ae9f526",
            "image_72": "https:\/\/avatars.slack-edge.com\/2017-06-01\/191144530514_e4fb6ae9f526531fd41c_72.jpg",
            "first_name": "",
            "real_name": "kelu",
            "display_name": "",
            "team": "T5M5PLH8U",
            "name": "kelu",
            "is_restricted": false,
            "is_ultra_restricted": false
        },
        "thread_ts": "1551796412.005200",
        "parent_user_id": "UE3JX8LUT"
    },
    {
        "type": "message",
        "subtype": "channel_join",
        "ts": "1552699460.018100",
        "user": "UGYET3TL0",
        "text": "<@UGYET3TL0> has joined the channel"
    }
]