[
    {
        "type": "message",
        "text": "This is the transducer spec we use.",
        "files": [
            {
                "id": "FMA1QKY73",
                "created": 1566200337,
                "timestamp": 1566200337,
                "name": "Sensor Specification(DS5.0_11mm).pdf",
                "title": "Sensor Specification(DS5.0_11mm).pdf",
                "mimetype": "application\/pdf",
                "filetype": "pdf",
                "pretty_type": "PDF",
                "user": "ULYB25AMS",
                "editable": false,
                "size": 208381,
                "mode": "hosted",
                "is_external": false,
                "external_type": "",
                "is_public": true,
                "public_url_shared": false,
                "display_as_bot": false,
                "username": "",
                "url_private": "https:\/\/files.slack.com\/files-pri\/T5M5PLH8U-FMA1QKY73\/sensor_specification_ds5.0_11mm_.pdf?t=xoxe-191193697300-1501897281926-1505540481365-290cf54ffdfc380367c1af72479de92b",
                "url_private_download": "https:\/\/files.slack.com\/files-pri\/T5M5PLH8U-FMA1QKY73\/download\/sensor_specification_ds5.0_11mm_.pdf?t=xoxe-191193697300-1501897281926-1505540481365-290cf54ffdfc380367c1af72479de92b",
                "thumb_pdf": "https:\/\/files.slack.com\/files-tmb\/T5M5PLH8U-FMA1QKY73-182484b635\/sensor_specification_ds5.0_11mm__thumb_pdf.png?t=xoxe-191193697300-1501897281926-1505540481365-290cf54ffdfc380367c1af72479de92b",
                "thumb_pdf_w": 910,
                "thumb_pdf_h": 1286,
                "permalink": "https:\/\/usdevkit.slack.com\/files\/ULYB25AMS\/FMA1QKY73\/sensor_specification_ds5.0_11mm_.pdf",
                "permalink_public": "https:\/\/slack-files.com\/T5M5PLH8U-FMA1QKY73-a41d0b9cdd",
                "is_starred": false,
                "has_rich_preview": false
            }
        ],
        "upload": true,
        "user": "ULYB25AMS",
        "display_as_bot": false,
        "ts": "1566200338.029300",
        "client_msg_id": "cee19d28-92b9-47d2-88fa-6eea499f9bdf",
        "thread_ts": "1564903864.000900",
        "parent_user_id": "ULYB25AMS"
    },
    {
        "type": "message",
        "text": "And this is what happened in the water.",
        "files": [
            {
                "id": "FMJ903P5M",
                "created": 1566200465,
                "timestamp": 1566200465,
                "name": "프로브 물.JPG",
                "title": "프로브 물.JPG",
                "mimetype": "image\/jpeg",
                "filetype": "jpg",
                "pretty_type": "JPEG",
                "user": "ULYB25AMS",
                "editable": false,
                "size": 105156,
                "mode": "hosted",
                "is_external": false,
                "external_type": "",
                "is_public": true,
                "public_url_shared": false,
                "display_as_bot": false,
                "username": "",
                "url_private": "https:\/\/files.slack.com\/files-pri\/T5M5PLH8U-FMJ903P5M\/_____________.jpg?t=xoxe-191193697300-1501897281926-1505540481365-290cf54ffdfc380367c1af72479de92b",
                "url_private_download": "https:\/\/files.slack.com\/files-pri\/T5M5PLH8U-FMJ903P5M\/download\/_____________.jpg?t=xoxe-191193697300-1501897281926-1505540481365-290cf54ffdfc380367c1af72479de92b",
                "thumb_64": "https:\/\/files.slack.com\/files-tmb\/T5M5PLH8U-FMJ903P5M-1a61449fe4\/______________64.jpg?t=xoxe-191193697300-1501897281926-1505540481365-290cf54ffdfc380367c1af72479de92b",
                "thumb_80": "https:\/\/files.slack.com\/files-tmb\/T5M5PLH8U-FMJ903P5M-1a61449fe4\/______________80.jpg?t=xoxe-191193697300-1501897281926-1505540481365-290cf54ffdfc380367c1af72479de92b",
                "thumb_360": "https:\/\/files.slack.com\/files-tmb\/T5M5PLH8U-FMJ903P5M-1a61449fe4\/______________360.jpg?t=xoxe-191193697300-1501897281926-1505540481365-290cf54ffdfc380367c1af72479de92b",
                "thumb_360_w": 360,
                "thumb_360_h": 304,
                "thumb_480": "https:\/\/files.slack.com\/files-tmb\/T5M5PLH8U-FMJ903P5M-1a61449fe4\/______________480.jpg?t=xoxe-191193697300-1501897281926-1505540481365-290cf54ffdfc380367c1af72479de92b",
                "thumb_480_w": 480,
                "thumb_480_h": 405,
                "thumb_160": "https:\/\/files.slack.com\/files-tmb\/T5M5PLH8U-FMJ903P5M-1a61449fe4\/______________160.jpg?t=xoxe-191193697300-1501897281926-1505540481365-290cf54ffdfc380367c1af72479de92b",
                "thumb_720": "https:\/\/files.slack.com\/files-tmb\/T5M5PLH8U-FMJ903P5M-1a61449fe4\/______________720.jpg?t=xoxe-191193697300-1501897281926-1505540481365-290cf54ffdfc380367c1af72479de92b",
                "thumb_720_w": 720,
                "thumb_720_h": 608,
                "thumb_800": "https:\/\/files.slack.com\/files-tmb\/T5M5PLH8U-FMJ903P5M-1a61449fe4\/______________800.jpg?t=xoxe-191193697300-1501897281926-1505540481365-290cf54ffdfc380367c1af72479de92b",
                "thumb_800_w": 800,
                "thumb_800_h": 675,
                "thumb_960": "https:\/\/files.slack.com\/files-tmb\/T5M5PLH8U-FMJ903P5M-1a61449fe4\/______________960.jpg?t=xoxe-191193697300-1501897281926-1505540481365-290cf54ffdfc380367c1af72479de92b",
                "thumb_960_w": 960,
                "thumb_960_h": 811,
                "thumb_1024": "https:\/\/files.slack.com\/files-tmb\/T5M5PLH8U-FMJ903P5M-1a61449fe4\/______________1024.jpg?t=xoxe-191193697300-1501897281926-1505540481365-290cf54ffdfc380367c1af72479de92b",
                "thumb_1024_w": 1024,
                "thumb_1024_h": 865,
                "image_exif_rotation": 1,
                "original_w": 1368,
                "original_h": 1155,
                "permalink": "https:\/\/usdevkit.slack.com\/files\/ULYB25AMS\/FMJ903P5M\/_____________.jpg",
                "permalink_public": "https:\/\/slack-files.com\/T5M5PLH8U-FMJ903P5M-f24fe801d9",
                "is_starred": false,
                "has_rich_preview": false
            }
        ],
        "upload": true,
        "user": "ULYB25AMS",
        "display_as_bot": false,
        "ts": "1566200468.029700",
        "client_msg_id": "1469c589-b44e-409d-b35e-a93f71067447",
        "thread_ts": "1564903864.000900",
        "parent_user_id": "ULYB25AMS"
    },
    {
        "client_msg_id": "2c353c1e-852d-4af0-a873-e42c9fef1db9",
        "type": "message",
        "text": "Can you send a picture of the setup? How far away did you put the reflector ?\nCan you also share the json? It would look like a 500khz piezo..",
        "user": "U5M5PLH9S",
        "ts": "1566200689.030100",
        "team": "T5M5PLH8U",
        "user_team": "T5M5PLH8U",
        "source_team": "T5M5PLH8U",
        "user_profile": {
            "avatar_hash": "e4fb6ae9f526",
            "image_72": "https:\/\/avatars.slack-edge.com\/2017-06-01\/191144530514_e4fb6ae9f526531fd41c_72.jpg",
            "first_name": "",
            "real_name": "kelu",
            "display_name": "",
            "team": "T5M5PLH8U",
            "name": "kelu",
            "is_restricted": false,
            "is_ultra_restricted": false
        },
        "thread_ts": "1564903864.000900",
        "parent_user_id": "ULYB25AMS"
    },
    {
        "client_msg_id": "e61f01f1-8251-4c00-aa9d-3d8e9d005be5",
        "type": "message",
        "text": "We use a 5MHz probe.\nPlease tell me setting for the probe.",
        "user": "ULYB25AMS",
        "ts": "1566201529.030300",
        "team": "T5M5PLH8U",
        "user_team": "T5M5PLH8U",
        "source_team": "T5M5PLH8U",
        "user_profile": {
            "avatar_hash": "gd49897152a4",
            "image_72": "https:\/\/secure.gravatar.com\/avatar\/bd49897152a4babe660efcb5e4f11c35.jpg?s=72&d=https%3A%2F%2Fa.slack-edge.com%2Fdf10d%2Fimg%2Favatars%2Fava_0002-72.png",
            "first_name": "Kim",
            "real_name": "Kim Jae Sik",
            "display_name": "Kim Jae Sik",
            "team": "T5M5PLH8U",
            "name": "wotlr6427",
            "is_restricted": false,
            "is_ultra_restricted": false
        },
        "thread_ts": "1564903864.000900",
        "parent_user_id": "ULYB25AMS"
    },
    {
        "client_msg_id": "75ca0757-b476-42d1-af4d-8e08b06104a2",
        "type": "message",
        "text": "Please send a picture of the probe in water, as well of the board, and the JSON of the acquisition. Difficult to say without this.\n\nThere is no further setting - the spectrum of the signal shows that the piezo isn't at the right frequency (for reference please check a spectrum of a 5MHz piezo I use : <https:\/\/raw.githubusercontent.com\/kelu124\/echomods\/master\/matty\/20190804a\/images\/20190804a-1-fft.jpg> )  - I would check with the supplier if there's a spec sheet of the piezo  that has been tested. The piezo isn't right from what I read here.\n\nThe sheet has to look something like this : <https:\/\/www.mdpi.com\/sensors\/sensors-18-04079\/article_deploy\/html\/images\/sensors-18-04079-g002.png>",
        "user": "U5M5PLH9S",
        "ts": "1566203868.030500",
        "team": "T5M5PLH8U",
        "user_team": "T5M5PLH8U",
        "source_team": "T5M5PLH8U",
        "user_profile": {
            "avatar_hash": "e4fb6ae9f526",
            "image_72": "https:\/\/avatars.slack-edge.com\/2017-06-01\/191144530514_e4fb6ae9f526531fd41c_72.jpg",
            "first_name": "",
            "real_name": "kelu",
            "display_name": "",
            "team": "T5M5PLH8U",
            "name": "kelu",
            "is_restricted": false,
            "is_ultra_restricted": false
        },
        "attachments": [
            {
                "fallback": "1500x500px image",
                "image_url": "https:\/\/raw.githubusercontent.com\/kelu124\/echomods\/master\/matty\/20190804a\/images\/20190804a-1-fft.jpg",
                "image_width": 1500,
                "image_height": 500,
                "image_bytes": 65059,
                "from_url": "https:\/\/raw.githubusercontent.com\/kelu124\/echomods\/master\/matty\/20190804a\/images\/20190804a-1-fft.jpg",
                "id": 1,
                "original_url": "https:\/\/raw.githubusercontent.com\/kelu124\/echomods\/master\/matty\/20190804a\/images\/20190804a-1-fft.jpg"
            },
            {
                "fallback": "1908x1553px image",
                "image_url": "https:\/\/www.mdpi.com\/sensors\/sensors-18-04079\/article_deploy\/html\/images\/sensors-18-04079-g002.png",
                "image_width": 1908,
                "image_height": 1553,
                "image_bytes": 50378,
                "from_url": "https:\/\/www.mdpi.com\/sensors\/sensors-18-04079\/article_deploy\/html\/images\/sensors-18-04079-g002.png",
                "id": 2,
                "original_url": "https:\/\/www.mdpi.com\/sensors\/sensors-18-04079\/article_deploy\/html\/images\/sensors-18-04079-g002.png"
            }
        ],
        "thread_ts": "1564903864.000900",
        "parent_user_id": "ULYB25AMS"
    },
    {
        "type": "message",
        "text": "This is the JSON file of the image we sent today.",
        "files": [
            {
                "id": "FMGEQBL3A",
                "created": 1566204291,
                "timestamp": 1566204291,
                "name": "20190819a-1.json",
                "title": "20190819a-1.json",
                "mimetype": "text\/plain",
                "filetype": "javascript",
                "pretty_type": "JavaScript\/JSON",
                "user": "ULYB25AMS",
                "editable": true,
                "size": 115595,
                "mode": "snippet",
                "is_external": false,
                "external_type": "",
                "is_public": true,
                "public_url_shared": false,
                "display_as_bot": false,
                "username": "",
                "url_private": "https:\/\/files.slack.com\/files-pri\/T5M5PLH8U-FMGEQBL3A\/20190819a-1.json?t=xoxe-191193697300-1501897281926-1505540481365-290cf54ffdfc380367c1af72479de92b",
                "url_private_download": "https:\/\/files.slack.com\/files-pri\/T5M5PLH8U-FMGEQBL3A\/download\/20190819a-1.json?t=xoxe-191193697300-1501897281926-1505540481365-290cf54ffdfc380367c1af72479de92b",
                "permalink": "https:\/\/usdevkit.slack.com\/files\/ULYB25AMS\/FMGEQBL3A\/20190819a-1.json",
                "permalink_public": "https:\/\/slack-files.com\/T5M5PLH8U-FMGEQBL3A-ebf2e72bb6",
                "edit_link": "https:\/\/usdevkit.slack.com\/files\/ULYB25AMS\/FMGEQBL3A\/20190819a-1.json\/edit",
                "is_starred": false,
                "has_rich_preview": false
            }
        ],
        "upload": true,
        "user": "ULYB25AMS",
        "display_as_bot": false,
        "ts": "1566204292.030800",
        "client_msg_id": "a20031b1-a95f-4262-acf6-f67fc6b22ada",
        "thread_ts": "1564903864.000900",
        "parent_user_id": "ULYB25AMS"
    },
    {
        "type": "message",
        "text": "This is the picture we took when we were doing the experiment.",
        "files": [
            {
                "id": "FM51TQEPL",
                "created": 1566204758,
                "timestamp": 1566204758,
                "name": "image.png",
                "title": "image.png",
                "mimetype": "image\/png",
                "filetype": "png",
                "pretty_type": "PNG",
                "user": "ULYB25AMS",
                "editable": false,
                "size": 12437732,
                "mode": "hosted",
                "is_external": false,
                "external_type": "",
                "is_public": true,
                "public_url_shared": false,
                "display_as_bot": false,
                "username": "",
                "url_private": "https:\/\/files.slack.com\/files-pri\/T5M5PLH8U-FM51TQEPL\/image.png?t=xoxe-191193697300-1501897281926-1505540481365-290cf54ffdfc380367c1af72479de92b",
                "url_private_download": "https:\/\/files.slack.com\/files-pri\/T5M5PLH8U-FM51TQEPL\/download\/image.png?t=xoxe-191193697300-1501897281926-1505540481365-290cf54ffdfc380367c1af72479de92b",
                "thumb_64": "https:\/\/files.slack.com\/files-tmb\/T5M5PLH8U-FM51TQEPL-213ff792ba\/image_64.png?t=xoxe-191193697300-1501897281926-1505540481365-290cf54ffdfc380367c1af72479de92b",
                "thumb_80": "https:\/\/files.slack.com\/files-tmb\/T5M5PLH8U-FM51TQEPL-213ff792ba\/image_80.png?t=xoxe-191193697300-1501897281926-1505540481365-290cf54ffdfc380367c1af72479de92b",
                "thumb_360": "https:\/\/files.slack.com\/files-tmb\/T5M5PLH8U-FM51TQEPL-213ff792ba\/image_360.png?t=xoxe-191193697300-1501897281926-1505540481365-290cf54ffdfc380367c1af72479de92b",
                "thumb_360_w": 360,
                "thumb_360_h": 270,
                "thumb_480": "https:\/\/files.slack.com\/files-tmb\/T5M5PLH8U-FM51TQEPL-213ff792ba\/image_480.png?t=xoxe-191193697300-1501897281926-1505540481365-290cf54ffdfc380367c1af72479de92b",
                "thumb_480_w": 480,
                "thumb_480_h": 360,
                "thumb_160": "https:\/\/files.slack.com\/files-tmb\/T5M5PLH8U-FM51TQEPL-213ff792ba\/image_160.png?t=xoxe-191193697300-1501897281926-1505540481365-290cf54ffdfc380367c1af72479de92b",
                "thumb_720": "https:\/\/files.slack.com\/files-tmb\/T5M5PLH8U-FM51TQEPL-213ff792ba\/image_720.png?t=xoxe-191193697300-1501897281926-1505540481365-290cf54ffdfc380367c1af72479de92b",
                "thumb_720_w": 720,
                "thumb_720_h": 540,
                "thumb_800": "https:\/\/files.slack.com\/files-tmb\/T5M5PLH8U-FM51TQEPL-213ff792ba\/image_800.png?t=xoxe-191193697300-1501897281926-1505540481365-290cf54ffdfc380367c1af72479de92b",
                "thumb_800_w": 800,
                "thumb_800_h": 600,
                "thumb_960": "https:\/\/files.slack.com\/files-tmb\/T5M5PLH8U-FM51TQEPL-213ff792ba\/image_960.png?t=xoxe-191193697300-1501897281926-1505540481365-290cf54ffdfc380367c1af72479de92b",
                "thumb_960_w": 960,
                "thumb_960_h": 720,
                "thumb_1024": "https:\/\/files.slack.com\/files-tmb\/T5M5PLH8U-FM51TQEPL-213ff792ba\/image_1024.png?t=xoxe-191193697300-1501897281926-1505540481365-290cf54ffdfc380367c1af72479de92b",
                "thumb_1024_w": 1024,
                "thumb_1024_h": 768,
                "image_exif_rotation": 1,
                "original_w": 4032,
                "original_h": 3024,
                "permalink": "https:\/\/usdevkit.slack.com\/files\/ULYB25AMS\/FM51TQEPL\/image.png",
                "permalink_public": "https:\/\/slack-files.com\/T5M5PLH8U-FM51TQEPL-0642f3a0e1",
                "is_starred": false,
                "has_rich_preview": false
            }
        ],
        "upload": true,
        "user": "ULYB25AMS",
        "display_as_bot": false,
        "ts": "1566204765.031200",
        "client_msg_id": "6aa03ab2-c94b-4da3-af75-d29a1de8d229",
        "thread_ts": "1564903864.000900",
        "parent_user_id": "ULYB25AMS"
    },
    {
        "client_msg_id": "f008accd-ca47-4498-ba8a-52415cd94a5b",
        "type": "message",
        "text": "Everything looks good. I would search with the piezo fab.\nHowever, please make sure when you look for echoes that the face of your piezo is really parallel to the face of the reflector. It helps having a good echo.",
        "user": "U5M5PLH9S",
        "ts": "1566204906.031600",
        "team": "T5M5PLH8U",
        "user_team": "T5M5PLH8U",
        "source_team": "T5M5PLH8U",
        "user_profile": {
            "avatar_hash": "e4fb6ae9f526",
            "image_72": "https:\/\/avatars.slack-edge.com\/2017-06-01\/191144530514_e4fb6ae9f526531fd41c_72.jpg",
            "first_name": "",
            "real_name": "kelu",
            "display_name": "",
            "team": "T5M5PLH8U",
            "name": "kelu",
            "is_restricted": false,
            "is_ultra_restricted": false
        },
        "thread_ts": "1564903864.000900",
        "parent_user_id": "ULYB25AMS"
    },
    {
        "client_msg_id": "537be4cd-13fb-40ee-a40a-b8e282a2cf6d",
        "type": "message",
        "text": "Have you tried with a common USB charger too ?",
        "user": "U5M5PLH9S",
        "ts": "1566206500.031800",
        "team": "T5M5PLH8U",
        "user_team": "T5M5PLH8U",
        "source_team": "T5M5PLH8U",
        "user_profile": {
            "avatar_hash": "e4fb6ae9f526",
            "image_72": "https:\/\/avatars.slack-edge.com\/2017-06-01\/191144530514_e4fb6ae9f526531fd41c_72.jpg",
            "first_name": "",
            "real_name": "kelu",
            "display_name": "",
            "team": "T5M5PLH8U",
            "name": "kelu",
            "is_restricted": false,
            "is_ultra_restricted": false
        },
        "thread_ts": "1564903864.000900",
        "parent_user_id": "ULYB25AMS"
    },
    {
        "type": "message",
        "text": "Based on your JSON, I see a 150khz piezo..\nYou may want to check your connections..",
        "files": [
            {
                "id": "FM55EP2V9",
                "created": 1566212486,
                "timestamp": 1566212486,
                "name": "FFT.png",
                "title": "FFT.png",
                "mimetype": "image\/png",
                "filetype": "png",
                "pretty_type": "PNG",
                "user": "U5M5PLH9S",
                "editable": false,
                "size": 25008,
                "mode": "hosted",
                "is_external": false,
                "external_type": "",
                "is_public": true,
                "public_url_shared": false,
                "display_as_bot": false,
                "username": "",
                "url_private": "https:\/\/files.slack.com\/files-pri\/T5M5PLH8U-FM55EP2V9\/fft.png?t=xoxe-191193697300-1501897281926-1505540481365-290cf54ffdfc380367c1af72479de92b",
                "url_private_download": "https:\/\/files.slack.com\/files-pri\/T5M5PLH8U-FM55EP2V9\/download\/fft.png?t=xoxe-191193697300-1501897281926-1505540481365-290cf54ffdfc380367c1af72479de92b",
                "thumb_64": "https:\/\/files.slack.com\/files-tmb\/T5M5PLH8U-FM55EP2V9-39d6b75761\/fft_64.png?t=xoxe-191193697300-1501897281926-1505540481365-290cf54ffdfc380367c1af72479de92b",
                "thumb_80": "https:\/\/files.slack.com\/files-tmb\/T5M5PLH8U-FM55EP2V9-39d6b75761\/fft_80.png?t=xoxe-191193697300-1501897281926-1505540481365-290cf54ffdfc380367c1af72479de92b",
                "thumb_360": "https:\/\/files.slack.com\/files-tmb\/T5M5PLH8U-FM55EP2V9-39d6b75761\/fft_360.png?t=xoxe-191193697300-1501897281926-1505540481365-290cf54ffdfc380367c1af72479de92b",
                "thumb_360_w": 360,
                "thumb_360_h": 118,
                "thumb_480": "https:\/\/files.slack.com\/files-tmb\/T5M5PLH8U-FM55EP2V9-39d6b75761\/fft_480.png?t=xoxe-191193697300-1501897281926-1505540481365-290cf54ffdfc380367c1af72479de92b",
                "thumb_480_w": 480,
                "thumb_480_h": 158,
                "thumb_160": "https:\/\/files.slack.com\/files-tmb\/T5M5PLH8U-FM55EP2V9-39d6b75761\/fft_160.png?t=xoxe-191193697300-1501897281926-1505540481365-290cf54ffdfc380367c1af72479de92b",
                "thumb_720": "https:\/\/files.slack.com\/files-tmb\/T5M5PLH8U-FM55EP2V9-39d6b75761\/fft_720.png?t=xoxe-191193697300-1501897281926-1505540481365-290cf54ffdfc380367c1af72479de92b",
                "thumb_720_w": 720,
                "thumb_720_h": 236,
                "thumb_800": "https:\/\/files.slack.com\/files-tmb\/T5M5PLH8U-FM55EP2V9-39d6b75761\/fft_800.png?t=xoxe-191193697300-1501897281926-1505540481365-290cf54ffdfc380367c1af72479de92b",
                "thumb_800_w": 800,
                "thumb_800_h": 263,
                "thumb_960": "https:\/\/files.slack.com\/files-tmb\/T5M5PLH8U-FM55EP2V9-39d6b75761\/fft_960.png?t=xoxe-191193697300-1501897281926-1505540481365-290cf54ffdfc380367c1af72479de92b",
                "thumb_960_w": 960,
                "thumb_960_h": 315,
                "thumb_1024": "https:\/\/files.slack.com\/files-tmb\/T5M5PLH8U-FM55EP2V9-39d6b75761\/fft_1024.png?t=xoxe-191193697300-1501897281926-1505540481365-290cf54ffdfc380367c1af72479de92b",
                "thumb_1024_w": 1024,
                "thumb_1024_h": 336,
                "image_exif_rotation": 1,
                "original_w": 1072,
                "original_h": 352,
                "permalink": "https:\/\/usdevkit.slack.com\/files\/U5M5PLH9S\/FM55EP2V9\/fft.png",
                "permalink_public": "https:\/\/slack-files.com\/T5M5PLH8U-FM55EP2V9-c588536ebf",
                "is_starred": false,
                "has_rich_preview": false
            }
        ],
        "upload": true,
        "user": "U5M5PLH9S",
        "display_as_bot": false,
        "ts": "1566212492.032000",
        "client_msg_id": "17987b28-fa53-4ddf-9ab4-24be9dfe4347",
        "thread_ts": "1564903864.000900",
        "parent_user_id": "ULYB25AMS"
    },
    {
        "client_msg_id": "87b8fd2d-4121-4bf8-8513-4e2ba8db3c5f",
        "type": "message",
        "text": "Je viens de voir ton message sur <http:\/\/RaspberryPi.org|RaspberryPi.org> :wink: Je reste à ton écoute ^^",
        "user": "U5M5PLH9S",
        "ts": "1566215330.032400",
        "team": "T5M5PLH8U",
        "user_team": "T5M5PLH8U",
        "source_team": "T5M5PLH8U",
        "user_profile": {
            "avatar_hash": "e4fb6ae9f526",
            "image_72": "https:\/\/avatars.slack-edge.com\/2017-06-01\/191144530514_e4fb6ae9f526531fd41c_72.jpg",
            "first_name": "",
            "real_name": "kelu",
            "display_name": "",
            "team": "T5M5PLH8U",
            "name": "kelu",
            "is_restricted": false,
            "is_ultra_restricted": false
        },
        "thread_ts": "1562463563.026400",
        "parent_user_id": "UKV93F6H1"
    },
    {
        "client_msg_id": "d0ccbd22-b6f3-464e-968f-9d3d2a912b01",
        "type": "message",
        "text": "To check this, please try to do several lines with the piezo facing parallel to the face of the reflectors, and also in different positions, to see how echoes move on your signal, and also yo check the spectrum of said signal",
        "user": "U5M5PLH9S",
        "ts": "1566283597.032600",
        "team": "T5M5PLH8U",
        "user_team": "T5M5PLH8U",
        "source_team": "T5M5PLH8U",
        "user_profile": {
            "avatar_hash": "e4fb6ae9f526",
            "image_72": "https:\/\/avatars.slack-edge.com\/2017-06-01\/191144530514_e4fb6ae9f526531fd41c_72.jpg",
            "first_name": "",
            "real_name": "kelu",
            "display_name": "",
            "team": "T5M5PLH8U",
            "name": "kelu",
            "is_restricted": false,
            "is_ultra_restricted": false
        },
        "thread_ts": "1564903864.000900",
        "parent_user_id": "ULYB25AMS"
    }
]