[
    {
        "type": "message",
        "subtype": "channel_join",
        "ts": "1560750448.003500",
        "user": "UK9EX624T",
        "text": "<@UK9EX624T> has joined the channel"
    },
    {
        "client_msg_id": "fabf6507-d061-4431-aaf4-6124e7376c7b",
        "type": "message",
        "text": "Hi! I'm a medical student with a keen interest in how the ultrasound works! I just wanted to add that the skull is usually hyperechoic, and it's tough to look inside the head with ultrasounds unless it's on neonates (babies' frontanelles haven't fused, so it's possible to pass soundwaves there).",
        "user": "UK9EX624T",
        "ts": "1560750795.003600",
        "team": "T5M5PLH8U",
        "user_team": "T5M5PLH8U",
        "source_team": "T5M5PLH8U",
        "user_profile": {
            "avatar_hash": "gff188f951c3",
            "image_72": "https:\/\/secure.gravatar.com\/avatar\/2ff188f951c36e171a32df35386122d3.jpg?s=72&d=https%3A%2F%2Fa.slack-edge.com%2Fdf10d%2Fimg%2Favatars%2Fava_0018-72.png",
            "first_name": "",
            "real_name": "Bojing Jia",
            "display_name": "Bojing Jia",
            "team": "T5M5PLH8U",
            "name": "bojingjia",
            "is_restricted": false,
            "is_ultra_restricted": false
        },
        "thread_ts": "1558504012.019200",
        "parent_user_id": "U5M5PLH9S"
    }
]