[
    {
        "client_msg_id": "92c7b9be-cd28-4bee-af7e-81d790e0d69d",
        "type": "message",
        "text": "Hi. As I indicated the sample is steel and the two flaws are air. Hope it helps",
        "user": "UPXTN4XT3",
        "ts": "1573109707.008300",
        "team": "T5M5PLH8U",
        "user_team": "T5M5PLH8U",
        "source_team": "T5M5PLH8U",
        "user_profile": {
            "avatar_hash": "gac067a44fd1",
            "image_72": "https:\/\/secure.gravatar.com\/avatar\/ac067a44fd1951e69fb1fbe512626484.jpg?s=72&d=https%3A%2F%2Fa.slack-edge.com%2Fdf10d%2Fimg%2Favatars%2Fava_0008-72.png",
            "first_name": "",
            "real_name": "Benny LaOr",
            "display_name": "Benny LaOr",
            "team": "T5M5PLH8U",
            "name": "bennylaor",
            "is_restricted": false,
            "is_ultra_restricted": false
        }
    }
]