[
    {
        "client_msg_id": "d5717ec8-0fa7-4053-b6d3-f342642663c2",
        "type": "message",
        "text": "yeah I think so - there is some work at Bin He's lab on MAET(magnetoecoustoelectrical tomography) where both acoustic impedance and electrical impedance are combined to get the better qualities of both.",
        "user": "UGJ8GJGNR",
        "ts": "1558716826.000700",
        "team": "T5M5PLH8U",
        "user_team": "T5M5PLH8U",
        "source_team": "T5M5PLH8U",
        "user_profile": {
            "avatar_hash": "ga7943669895",
            "image_72": "https:\/\/secure.gravatar.com\/avatar\/4a7943669895590493fa45985c7c746a.jpg?s=72&d=https%3A%2F%2Fa.slack-edge.com%2Fdf10d%2Fimg%2Favatars%2Fava_0024-72.png",
            "first_name": "",
            "real_name": "Jean Rintoul",
            "display_name": "jeantoul",
            "team": "T5M5PLH8U",
            "name": "jean.rintoul",
            "is_restricted": false,
            "is_ultra_restricted": false
        }
    },
    {
        "client_msg_id": "1fba9345-65d6-492c-846d-e869d8ee9957",
        "type": "message",
        "text": "I think this would work, though you'd need either a large array of US transducers, or slow time resolution where you rotate the transducer around the body of interest.",
        "user": "UGJ8GJGNR",
        "ts": "1558716881.001000",
        "team": "T5M5PLH8U",
        "user_team": "T5M5PLH8U",
        "source_team": "T5M5PLH8U",
        "user_profile": {
            "avatar_hash": "ga7943669895",
            "image_72": "https:\/\/secure.gravatar.com\/avatar\/4a7943669895590493fa45985c7c746a.jpg?s=72&d=https%3A%2F%2Fa.slack-edge.com%2Fdf10d%2Fimg%2Favatars%2Fava_0024-72.png",
            "first_name": "",
            "real_name": "Jean Rintoul",
            "display_name": "jeantoul",
            "team": "T5M5PLH8U",
            "name": "jean.rintoul",
            "is_restricted": false,
            "is_ultra_restricted": false
        },
        "thread_ts": "1558716881.001000",
        "reply_count": 1,
        "reply_users_count": 1,
        "latest_reply": "1558795691.001100",
        "reply_users": [
            "U5M5PLH9S"
        ],
        "replies": [
            {
                "user": "U5M5PLH9S",
                "ts": "1558795691.001100"
            }
        ],
        "subscribed": true,
        "last_read": "1558795691.001100"
    }
]