[
    {
        "type": "message",
        "text": "Salut <!channel>, I may be able to source some probes heads (motor + piezo in appropriate casing) from shenzen, parts are around 210$ (large head) to 250$ (smaller head) per unit, anyone interested ? I'm hoping for a bulk discount :wink:",
        "files": [
            {
                "id": "FKL627DME",
                "created": 1560591739,
                "timestamp": 1560591739,
                "name": "probes_heads.png",
                "title": "probes_heads.png",
                "mimetype": "image\/png",
                "filetype": "png",
                "pretty_type": "PNG",
                "user": "U5M5PLH9S",
                "editable": false,
                "size": 627126,
                "mode": "hosted",
                "is_external": false,
                "external_type": "",
                "is_public": true,
                "public_url_shared": false,
                "display_as_bot": false,
                "username": "",
                "url_private": "https:\/\/files.slack.com\/files-pri\/T5M5PLH8U-FKL627DME\/probes_heads.png?t=xoxe-191193697300-1501897281926-1505540481365-290cf54ffdfc380367c1af72479de92b",
                "url_private_download": "https:\/\/files.slack.com\/files-pri\/T5M5PLH8U-FKL627DME\/download\/probes_heads.png?t=xoxe-191193697300-1501897281926-1505540481365-290cf54ffdfc380367c1af72479de92b",
                "thumb_64": "https:\/\/files.slack.com\/files-tmb\/T5M5PLH8U-FKL627DME-683653dadb\/probes_heads_64.png?t=xoxe-191193697300-1501897281926-1505540481365-290cf54ffdfc380367c1af72479de92b",
                "thumb_80": "https:\/\/files.slack.com\/files-tmb\/T5M5PLH8U-FKL627DME-683653dadb\/probes_heads_80.png?t=xoxe-191193697300-1501897281926-1505540481365-290cf54ffdfc380367c1af72479de92b",
                "thumb_360": "https:\/\/files.slack.com\/files-tmb\/T5M5PLH8U-FKL627DME-683653dadb\/probes_heads_360.png?t=xoxe-191193697300-1501897281926-1505540481365-290cf54ffdfc380367c1af72479de92b",
                "thumb_360_w": 257,
                "thumb_360_h": 360,
                "thumb_480": "https:\/\/files.slack.com\/files-tmb\/T5M5PLH8U-FKL627DME-683653dadb\/probes_heads_480.png?t=xoxe-191193697300-1501897281926-1505540481365-290cf54ffdfc380367c1af72479de92b",
                "thumb_480_w": 343,
                "thumb_480_h": 480,
                "thumb_160": "https:\/\/files.slack.com\/files-tmb\/T5M5PLH8U-FKL627DME-683653dadb\/probes_heads_160.png?t=xoxe-191193697300-1501897281926-1505540481365-290cf54ffdfc380367c1af72479de92b",
                "thumb_720": "https:\/\/files.slack.com\/files-tmb\/T5M5PLH8U-FKL627DME-683653dadb\/probes_heads_720.png?t=xoxe-191193697300-1501897281926-1505540481365-290cf54ffdfc380367c1af72479de92b",
                "thumb_720_w": 515,
                "thumb_720_h": 720,
                "image_exif_rotation": 1,
                "original_w": 520,
                "original_h": 727,
                "permalink": "https:\/\/usdevkit.slack.com\/files\/U5M5PLH9S\/FKL627DME\/probes_heads.png",
                "permalink_public": "https:\/\/slack-files.com\/T5M5PLH8U-FKL627DME-99fea56132",
                "is_starred": false,
                "has_rich_preview": false
            }
        ],
        "upload": true,
        "user": "U5M5PLH9S",
        "display_as_bot": false,
        "ts": "1560591742.003000",
        "client_msg_id": "a48dfaa8-fa3f-4a25-96d8-6d8e3f6af0a8"
    }
]