[
    {
        "client_msg_id": "dda025dd-12af-4302-a41e-d8915e16ef8e",
        "type": "message",
        "text": "you need this one instead",
        "user": "UGR3ZBDDE",
        "ts": "1555330389.001300",
        "team": "T5M5PLH8U",
        "user_team": "T5M5PLH8U",
        "source_team": "T5M5PLH8U",
        "user_profile": {
            "avatar_hash": "g8483462ea06",
            "image_72": "https:\/\/secure.gravatar.com\/avatar\/e8483462ea06789a525d4b726b82f908.jpg?s=72&d=https%3A%2F%2Fa.slack-edge.com%2Fdf10d%2Fimg%2Favatars%2Fava_0006-72.png",
            "first_name": "Maxime",
            "real_name": "Maxime Benchemoul",
            "display_name": "Maxime",
            "team": "T5M5PLH8U",
            "name": "m.benchemoul",
            "is_restricted": false,
            "is_ultra_restricted": false
        },
        "thread_ts": "1555116959.000600",
        "parent_user_id": "U8Z3VB1T2"
    },
    {
        "client_msg_id": "e1938caa-c0fe-474d-8d0c-08e464e3b5dd",
        "type": "message",
        "text": "<https:\/\/www.mouser.fr\/ProductDetail\/Texas-Instruments\/TSW1400EVM?qs=sGAEpiMZZMu3sxpa5v1qrvqgbl5LguljSCowNXf05%252Bc%3D>",
        "user": "UGR3ZBDDE",
        "ts": "1555330431.002000",
        "team": "T5M5PLH8U",
        "user_team": "T5M5PLH8U",
        "source_team": "T5M5PLH8U",
        "user_profile": {
            "avatar_hash": "g8483462ea06",
            "image_72": "https:\/\/secure.gravatar.com\/avatar\/e8483462ea06789a525d4b726b82f908.jpg?s=72&d=https%3A%2F%2Fa.slack-edge.com%2Fdf10d%2Fimg%2Favatars%2Fava_0006-72.png",
            "first_name": "Maxime",
            "real_name": "Maxime Benchemoul",
            "display_name": "Maxime",
            "team": "T5M5PLH8U",
            "name": "m.benchemoul",
            "is_restricted": false,
            "is_ultra_restricted": false
        },
        "thread_ts": "1555116959.000600",
        "parent_user_id": "U8Z3VB1T2"
    },
    {
        "client_msg_id": "b7c709dc-ac38-4b8a-9124-72f42929e508",
        "type": "message",
        "text": "Wow that FPGA board is expensive!! If it’s only used for reading some LVDS signals, perhaps you could DIY it with a Xilinx FPGA board such as OpalKelly? <https:\/\/opalkelly.com\/>",
        "user": "U8Z3VB1T2",
        "ts": "1555330898.002600",
        "team": "T5M5PLH8U",
        "user_team": "T5M5PLH8U",
        "source_team": "T5M5PLH8U",
        "user_profile": {
            "avatar_hash": "g49ad52d7df8",
            "image_72": "https:\/\/secure.gravatar.com\/avatar\/449ad52d7df89ecbe8ebe0fd87d3f63f.jpg?s=72&d=https%3A%2F%2Fa.slack-edge.com%2Fdf10d%2Fimg%2Favatars%2Fava_0026-72.png",
            "first_name": "",
            "real_name": "William Meng",
            "display_name": "",
            "team": "T5M5PLH8U",
            "name": "wlmeng11",
            "is_restricted": false,
            "is_ultra_restricted": false
        },
        "attachments": [
            {
                "service_name": "Opal Kelly",
                "title": "OpalKelly - Xilinx and Altera FPGA Integration Modules",
                "title_link": "https:\/\/opalkelly.com\/",
                "text": "We provide a range of powerful USB and PCI Express FPGA modules that deliver the critical interconnection between a PC and many electronic devices.",
                "fallback": "Opal Kelly: OpalKelly - Xilinx and Altera FPGA Integration Modules",
                "from_url": "https:\/\/opalkelly.com\/",
                "service_icon": "https:\/\/opalkelly.com\/wp-content\/uploads\/favicon.png",
                "id": 1,
                "original_url": "https:\/\/opalkelly.com\/"
            }
        ],
        "thread_ts": "1555116959.000600",
        "parent_user_id": "U8Z3VB1T2"
    },
    {
        "client_msg_id": "098d4a76-8b49-4499-b6c7-f20383f2363b",
        "type": "message",
        "text": "Probably won’t be able to make an open bitstream for Xilinx, however… :disappointed:",
        "user": "U8Z3VB1T2",
        "ts": "1555330925.002900",
        "team": "T5M5PLH8U",
        "user_team": "T5M5PLH8U",
        "source_team": "T5M5PLH8U",
        "user_profile": {
            "avatar_hash": "g49ad52d7df8",
            "image_72": "https:\/\/secure.gravatar.com\/avatar\/449ad52d7df89ecbe8ebe0fd87d3f63f.jpg?s=72&d=https%3A%2F%2Fa.slack-edge.com%2Fdf10d%2Fimg%2Favatars%2Fava_0026-72.png",
            "first_name": "",
            "real_name": "William Meng",
            "display_name": "",
            "team": "T5M5PLH8U",
            "name": "wlmeng11",
            "is_restricted": false,
            "is_ultra_restricted": false
        },
        "thread_ts": "1555116959.000600",
        "parent_user_id": "U8Z3VB1T2"
    },
    {
        "client_msg_id": "daa15f14-4afa-4810-8ddb-310e641edfbb",
        "type": "message",
        "text": "Let's do one with an ecp5 or for smaller afes, the lattice ice40 series ;)",
        "user": "U5M5PLH9S",
        "ts": "1555333245.003100",
        "team": "T5M5PLH8U",
        "user_team": "T5M5PLH8U",
        "source_team": "T5M5PLH8U",
        "user_profile": {
            "avatar_hash": "e4fb6ae9f526",
            "image_72": "https:\/\/avatars.slack-edge.com\/2017-06-01\/191144530514_e4fb6ae9f526531fd41c_72.jpg",
            "first_name": "",
            "real_name": "kelu",
            "display_name": "",
            "team": "T5M5PLH8U",
            "name": "kelu",
            "is_restricted": false,
            "is_ultra_restricted": false
        },
        "thread_ts": "1555116959.000600",
        "parent_user_id": "U8Z3VB1T2",
        "reactions": [
            {
                "name": "heart_eyes",
                "users": [
                    "U8Z3VB1T2",
                    "UF0SXEJ0M"
                ],
                "count": 2
            }
        ]
    },
    {
        "client_msg_id": "5d10d23a-6d2d-46c5-8d2a-6929daaa29d8",
        "type": "message",
        "text": "btw <@UHQ2RDDD2> <@UGR3ZBDDE> <@UHP9P5JTE> <@UF0SXEJ0M> this is something that could interest you? :wink:\nLet's start with a 8 channel board ^^",
        "user": "U5M5PLH9S",
        "ts": "1555349765.003400",
        "team": "T5M5PLH8U",
        "user_team": "T5M5PLH8U",
        "source_team": "T5M5PLH8U",
        "user_profile": {
            "avatar_hash": "e4fb6ae9f526",
            "image_72": "https:\/\/avatars.slack-edge.com\/2017-06-01\/191144530514_e4fb6ae9f526531fd41c_72.jpg",
            "first_name": "",
            "real_name": "kelu",
            "display_name": "",
            "team": "T5M5PLH8U",
            "name": "kelu",
            "is_restricted": false,
            "is_ultra_restricted": false
        },
        "thread_ts": "1555116959.000600",
        "parent_user_id": "U8Z3VB1T2"
    },
    {
        "client_msg_id": "931517c2-069a-46f2-82ca-5ef282d89187",
        "type": "message",
        "text": "working on a 8-ch board :slightly_smiling_face:",
        "user": "UHP9P5JTE",
        "ts": "1555349919.003900",
        "team": "T5M5PLH8U",
        "user_team": "T5M5PLH8U",
        "source_team": "T5M5PLH8U",
        "user_profile": {
            "avatar_hash": "gf8c332890d2",
            "image_72": "https:\/\/secure.gravatar.com\/avatar\/cf8c332890d2883209ec8b1d38920f5b.jpg?s=72&d=https%3A%2F%2Fa.slack-edge.com%2Fdf10d%2Fimg%2Favatars%2Fava_0013-72.png",
            "first_name": "",
            "real_name": "keshuai",
            "display_name": "keshuai",
            "team": "T5M5PLH8U",
            "name": "urillx",
            "is_restricted": false,
            "is_ultra_restricted": false
        },
        "thread_ts": "1555116959.000600",
        "parent_user_id": "U8Z3VB1T2"
    },
    {
        "client_msg_id": "4ae6c3e2-88fb-4323-9ed4-0e5dd3d29b28",
        "type": "message",
        "text": "Gniii enlighten us with the open-source path :)",
        "user": "U5M5PLH9S",
        "ts": "1555349996.004100",
        "team": "T5M5PLH8U",
        "user_team": "T5M5PLH8U",
        "source_team": "T5M5PLH8U",
        "user_profile": {
            "avatar_hash": "e4fb6ae9f526",
            "image_72": "https:\/\/avatars.slack-edge.com\/2017-06-01\/191144530514_e4fb6ae9f526531fd41c_72.jpg",
            "first_name": "",
            "real_name": "kelu",
            "display_name": "",
            "team": "T5M5PLH8U",
            "name": "kelu",
            "is_restricted": false,
            "is_ultra_restricted": false
        },
        "thread_ts": "1555116959.000600",
        "parent_user_id": "U8Z3VB1T2"
    },
    {
        "client_msg_id": "9b4291aa-3ecd-4b46-8600-e437c3fb6089",
        "type": "message",
        "text": "Okay, i'd just change your fpga to a ice40, but still ^^",
        "user": "U5M5PLH9S",
        "ts": "1555350025.004300",
        "team": "T5M5PLH8U",
        "user_team": "T5M5PLH8U",
        "source_team": "T5M5PLH8U",
        "user_profile": {
            "avatar_hash": "e4fb6ae9f526",
            "image_72": "https:\/\/avatars.slack-edge.com\/2017-06-01\/191144530514_e4fb6ae9f526531fd41c_72.jpg",
            "first_name": "",
            "real_name": "kelu",
            "display_name": "",
            "team": "T5M5PLH8U",
            "name": "kelu",
            "is_restricted": false,
            "is_ultra_restricted": false
        },
        "thread_ts": "1555116959.000600",
        "parent_user_id": "U8Z3VB1T2"
    },
    {
        "client_msg_id": "ea70d7cd-72cf-4170-b31c-0dbb388e2e97",
        "type": "message",
        "text": "Won't use ICE40.. but should be easy to adapt!",
        "user": "UHP9P5JTE",
        "ts": "1555350078.004500",
        "team": "T5M5PLH8U",
        "user_team": "T5M5PLH8U",
        "source_team": "T5M5PLH8U",
        "user_profile": {
            "avatar_hash": "gf8c332890d2",
            "image_72": "https:\/\/secure.gravatar.com\/avatar\/cf8c332890d2883209ec8b1d38920f5b.jpg?s=72&d=https%3A%2F%2Fa.slack-edge.com%2Fdf10d%2Fimg%2Favatars%2Fava_0013-72.png",
            "first_name": "",
            "real_name": "keshuai",
            "display_name": "keshuai",
            "team": "T5M5PLH8U",
            "name": "urillx",
            "is_restricted": false,
            "is_ultra_restricted": false
        },
        "thread_ts": "1555116959.000600",
        "parent_user_id": "U8Z3VB1T2"
    },
    {
        "client_msg_id": "24a9a600-df77-4ea8-9be1-d21fa8a8b4d7",
        "type": "message",
        "text": "Definitely, ios be ios",
        "user": "U5M5PLH9S",
        "ts": "1555350125.004700",
        "team": "T5M5PLH8U",
        "user_team": "T5M5PLH8U",
        "source_team": "T5M5PLH8U",
        "user_profile": {
            "avatar_hash": "e4fb6ae9f526",
            "image_72": "https:\/\/avatars.slack-edge.com\/2017-06-01\/191144530514_e4fb6ae9f526531fd41c_72.jpg",
            "first_name": "",
            "real_name": "kelu",
            "display_name": "",
            "team": "T5M5PLH8U",
            "name": "kelu",
            "is_restricted": false,
            "is_ultra_restricted": false
        },
        "thread_ts": "1555116959.000600",
        "parent_user_id": "U8Z3VB1T2"
    },
    {
        "client_msg_id": "1a3440a4-afd2-47ed-ba6b-7caf30d9b5f4",
        "type": "message",
        "text": "<@U5M5PLH9S> do you envision multiplexing it to image with a commercial array probe?",
        "user": "UHP9P5JTE",
        "ts": "1555350464.004900",
        "team": "T5M5PLH8U",
        "user_team": "T5M5PLH8U",
        "source_team": "T5M5PLH8U",
        "user_profile": {
            "avatar_hash": "gf8c332890d2",
            "image_72": "https:\/\/secure.gravatar.com\/avatar\/cf8c332890d2883209ec8b1d38920f5b.jpg?s=72&d=https%3A%2F%2Fa.slack-edge.com%2Fdf10d%2Fimg%2Favatars%2Fava_0013-72.png",
            "first_name": "",
            "real_name": "keshuai",
            "display_name": "keshuai",
            "team": "T5M5PLH8U",
            "name": "urillx",
            "is_restricted": false,
            "is_ultra_restricted": false
        },
        "thread_ts": "1555116959.000600",
        "parent_user_id": "U8Z3VB1T2"
    },
    {
        "client_msg_id": "6f9aafb0-a458-42c8-8efb-49ae48599552",
        "type": "message",
        "text": "That's a challenge in general but also an elegant solution to the challenge in sourcing transducers: if you have a classical connector, then you'd be able to play with any probe",
        "user": "U5M5PLH9S",
        "ts": "1555350661.005100",
        "team": "T5M5PLH8U",
        "user_team": "T5M5PLH8U",
        "source_team": "T5M5PLH8U",
        "user_profile": {
            "avatar_hash": "e4fb6ae9f526",
            "image_72": "https:\/\/avatars.slack-edge.com\/2017-06-01\/191144530514_e4fb6ae9f526531fd41c_72.jpg",
            "first_name": "",
            "real_name": "kelu",
            "display_name": "",
            "team": "T5M5PLH8U",
            "name": "kelu",
            "is_restricted": false,
            "is_ultra_restricted": false
        },
        "thread_ts": "1555116959.000600",
        "parent_user_id": "U8Z3VB1T2"
    },
    {
        "client_msg_id": "cddc8c76-0a81-4ab4-b73c-3fad24ba1861",
        "type": "message",
        "text": "So that could be interesting, though you wouldn't shave all 256tx by 256rx",
        "user": "U5M5PLH9S",
        "ts": "1555350728.005300",
        "team": "T5M5PLH8U",
        "user_team": "T5M5PLH8U",
        "source_team": "T5M5PLH8U",
        "user_profile": {
            "avatar_hash": "e4fb6ae9f526",
            "image_72": "https:\/\/avatars.slack-edge.com\/2017-06-01\/191144530514_e4fb6ae9f526531fd41c_72.jpg",
            "first_name": "",
            "real_name": "kelu",
            "display_name": "",
            "team": "T5M5PLH8U",
            "name": "kelu",
            "is_restricted": false,
            "is_ultra_restricted": false
        },
        "thread_ts": "1555116959.000600",
        "parent_user_id": "U8Z3VB1T2"
    },
    {
        "client_msg_id": "a4b4e551-edd9-4cca-af1b-ffcc2012c65d",
        "type": "message",
        "text": "We could start with common specs ;)",
        "user": "U5M5PLH9S",
        "ts": "1555350801.005500",
        "team": "T5M5PLH8U",
        "user_team": "T5M5PLH8U",
        "source_team": "T5M5PLH8U",
        "user_profile": {
            "avatar_hash": "e4fb6ae9f526",
            "image_72": "https:\/\/avatars.slack-edge.com\/2017-06-01\/191144530514_e4fb6ae9f526531fd41c_72.jpg",
            "first_name": "",
            "real_name": "kelu",
            "display_name": "",
            "team": "T5M5PLH8U",
            "name": "kelu",
            "is_restricted": false,
            "is_ultra_restricted": false
        },
        "thread_ts": "1555116959.000600",
        "parent_user_id": "U8Z3VB1T2"
    },
    {
        "client_msg_id": "755ab45d-079b-484a-b589-dbf7c093f8ae",
        "type": "message",
        "text": "128-element probes are abundant and affordable on ebay. I have pinout for philips\/atl and ultrasonix.",
        "user": "UHP9P5JTE",
        "ts": "1555351117.005700",
        "team": "T5M5PLH8U",
        "user_team": "T5M5PLH8U",
        "source_team": "T5M5PLH8U",
        "user_profile": {
            "avatar_hash": "gf8c332890d2",
            "image_72": "https:\/\/secure.gravatar.com\/avatar\/cf8c332890d2883209ec8b1d38920f5b.jpg?s=72&d=https%3A%2F%2Fa.slack-edge.com%2Fdf10d%2Fimg%2Favatars%2Fava_0013-72.png",
            "first_name": "",
            "real_name": "keshuai",
            "display_name": "keshuai",
            "team": "T5M5PLH8U",
            "name": "urillx",
            "is_restricted": false,
            "is_ultra_restricted": false
        },
        "thread_ts": "1555116959.000600",
        "parent_user_id": "U8Z3VB1T2"
    },
    {
        "client_msg_id": "f1feef9a-8c68-497b-a594-1352ee6542e9",
        "type": "message",
        "text": "Considering a 8 channel afe unit board, adding muxes and beamformers, what's the most efficient compromise architecture in your opinion?",
        "user": "U5M5PLH9S",
        "ts": "1555351243.005900",
        "team": "T5M5PLH8U",
        "user_team": "T5M5PLH8U",
        "source_team": "T5M5PLH8U",
        "user_profile": {
            "avatar_hash": "e4fb6ae9f526",
            "image_72": "https:\/\/avatars.slack-edge.com\/2017-06-01\/191144530514_e4fb6ae9f526531fd41c_72.jpg",
            "first_name": "",
            "real_name": "kelu",
            "display_name": "",
            "team": "T5M5PLH8U",
            "name": "kelu",
            "is_restricted": false,
            "is_ultra_restricted": false
        },
        "thread_ts": "1555116959.000600",
        "parent_user_id": "U8Z3VB1T2"
    },
    {
        "client_msg_id": "0d20b17b-da14-496a-9223-64bd1ba174dd",
        "type": "message",
        "text": "128tx - 8rx",
        "user": "UHP9P5JTE",
        "ts": "1555351296.006100",
        "team": "T5M5PLH8U",
        "user_team": "T5M5PLH8U",
        "source_team": "T5M5PLH8U",
        "user_profile": {
            "avatar_hash": "gf8c332890d2",
            "image_72": "https:\/\/secure.gravatar.com\/avatar\/cf8c332890d2883209ec8b1d38920f5b.jpg?s=72&d=https%3A%2F%2Fa.slack-edge.com%2Fdf10d%2Fimg%2Favatars%2Fava_0013-72.png",
            "first_name": "",
            "real_name": "keshuai",
            "display_name": "keshuai",
            "team": "T5M5PLH8U",
            "name": "urillx",
            "is_restricted": false,
            "is_ultra_restricted": false
        },
        "thread_ts": "1555116959.000600",
        "parent_user_id": "U8Z3VB1T2"
    },
    {
        "client_msg_id": "76deac5a-3563-4374-b597-484ac777246f",
        "type": "message",
        "text": "128tx for phased array",
        "user": "UHP9P5JTE",
        "ts": "1555351304.006300",
        "team": "T5M5PLH8U",
        "user_team": "T5M5PLH8U",
        "source_team": "T5M5PLH8U",
        "user_profile": {
            "avatar_hash": "gf8c332890d2",
            "image_72": "https:\/\/secure.gravatar.com\/avatar\/cf8c332890d2883209ec8b1d38920f5b.jpg?s=72&d=https%3A%2F%2Fa.slack-edge.com%2Fdf10d%2Fimg%2Favatars%2Fava_0013-72.png",
            "first_name": "",
            "real_name": "keshuai",
            "display_name": "keshuai",
            "team": "T5M5PLH8U",
            "name": "urillx",
            "is_restricted": false,
            "is_ultra_restricted": false
        },
        "thread_ts": "1555116959.000600",
        "parent_user_id": "U8Z3VB1T2"
    },
    {
        "client_msg_id": "49f7d26f-0021-4865-bd76-589d5e618af4",
        "type": "message",
        "text": "if you can sacrifice frame rate you can receive with even 1 channel",
        "user": "UHP9P5JTE",
        "ts": "1555351325.006500",
        "team": "T5M5PLH8U",
        "user_team": "T5M5PLH8U",
        "source_team": "T5M5PLH8U",
        "user_profile": {
            "avatar_hash": "gf8c332890d2",
            "image_72": "https:\/\/secure.gravatar.com\/avatar\/cf8c332890d2883209ec8b1d38920f5b.jpg?s=72&d=https%3A%2F%2Fa.slack-edge.com%2Fdf10d%2Fimg%2Favatars%2Fava_0013-72.png",
            "first_name": "",
            "real_name": "keshuai",
            "display_name": "keshuai",
            "team": "T5M5PLH8U",
            "name": "urillx",
            "is_restricted": false,
            "is_ultra_restricted": false
        },
        "thread_ts": "1555116959.000600",
        "parent_user_id": "U8Z3VB1T2"
    },
    {
        "client_msg_id": "eef94e11-bbd4-454c-bf42-ffdde1181c67",
        "type": "message",
        "text": "4x32 beamformers and 16x8 muxes then? :)",
        "user": "U5M5PLH9S",
        "ts": "1555351891.006700",
        "team": "T5M5PLH8U",
        "user_team": "T5M5PLH8U",
        "source_team": "T5M5PLH8U",
        "user_profile": {
            "avatar_hash": "e4fb6ae9f526",
            "image_72": "https:\/\/avatars.slack-edge.com\/2017-06-01\/191144530514_e4fb6ae9f526531fd41c_72.jpg",
            "first_name": "",
            "real_name": "kelu",
            "display_name": "",
            "team": "T5M5PLH8U",
            "name": "kelu",
            "is_restricted": false,
            "is_ultra_restricted": false
        },
        "thread_ts": "1555116959.000600",
        "parent_user_id": "U8Z3VB1T2"
    },
    {
        "client_msg_id": "d7e3a48e-e35d-42c3-aa4c-73194f6a3e09",
        "type": "message",
        "text": "Or a lit3rick with 1:128 mux on the tx\/rx path ;)",
        "user": "U5M5PLH9S",
        "ts": "1555351935.006900",
        "team": "T5M5PLH8U",
        "user_team": "T5M5PLH8U",
        "source_team": "T5M5PLH8U",
        "user_profile": {
            "avatar_hash": "e4fb6ae9f526",
            "image_72": "https:\/\/avatars.slack-edge.com\/2017-06-01\/191144530514_e4fb6ae9f526531fd41c_72.jpg",
            "first_name": "",
            "real_name": "kelu",
            "display_name": "",
            "team": "T5M5PLH8U",
            "name": "kelu",
            "is_restricted": false,
            "is_ultra_restricted": false
        },
        "thread_ts": "1555116959.000600",
        "parent_user_id": "U8Z3VB1T2",
        "reactions": [
            {
                "name": "joy",
                "users": [
                    "U8Z3VB1T2"
                ],
                "count": 1
            }
        ]
    },
    {
        "client_msg_id": "be5d7bfc-d1d0-4a77-8473-66cff17412b4",
        "type": "message",
        "text": "<@UFCS7CKPD> did an awesome job at designing a devboard around the HV9150 - which he kindly released under an open hardware license ( <https:\/\/github.com\/kelu124\/HV9150DevKit> ), and allowed me to push it. Surely of interest to us :smiley:\nThanks Jorge!",
        "user": "U5M5PLH9S",
        "ts": "1555354950.008400",
        "team": "T5M5PLH8U",
        "user_team": "T5M5PLH8U",
        "source_team": "T5M5PLH8U",
        "user_profile": {
            "avatar_hash": "e4fb6ae9f526",
            "image_72": "https:\/\/avatars.slack-edge.com\/2017-06-01\/191144530514_e4fb6ae9f526531fd41c_72.jpg",
            "first_name": "",
            "real_name": "kelu",
            "display_name": "",
            "team": "T5M5PLH8U",
            "name": "kelu",
            "is_restricted": false,
            "is_ultra_restricted": false
        },
        "reactions": [
            {
                "name": "heart_eyes",
                "users": [
                    "U8Z3VB1T2",
                    "UHP9P5JTE",
                    "U5M5PLH9S"
                ],
                "count": 3
            },
            {
                "name": "raised_hands",
                "users": [
                    "U5M5PLH9S"
                ],
                "count": 1
            }
        ]
    }
]