[
    {
        "type": "message",
        "subtype": "channel_join",
        "ts": "1561754353.008200",
        "user": "UKTGR7B41",
        "text": "<@UKTGR7B41> has joined the channel"
    },
    {
        "client_msg_id": "690cd7ab-1b46-4371-88e0-dff56f6c81a9",
        "type": "message",
        "text": "Hello @all, I'm happy to join you today, I'm doing my PhD in Neuroscience with Bordeaux and Tokyo University, hope we can share and exchange soon :)",
        "user": "UKTGR7B41",
        "ts": "1561754498.010300",
        "team": "T5M5PLH8U",
        "user_team": "T5M5PLH8U",
        "source_team": "T5M5PLH8U",
        "user_profile": {
            "avatar_hash": "g17a91006267",
            "image_72": "https:\/\/secure.gravatar.com\/avatar\/017a91006267c0a439e007df839c7bf3.jpg?s=72&d=https%3A%2F%2Fa.slack-edge.com%2Fdf10d%2Fimg%2Favatars%2Fava_0008-72.png",
            "first_name": "",
            "real_name": "μFaradの術",
            "display_name": "",
            "team": "T5M5PLH8U",
            "name": "farad.khoyratee",
            "is_restricted": false,
            "is_ultra_restricted": false
        },
        "thread_ts": "1561754498.010300",
        "reply_count": 1,
        "reply_users_count": 1,
        "latest_reply": "1561806877.010400",
        "reply_users": [
            "U5M5PLH9S"
        ],
        "replies": [
            {
                "user": "U5M5PLH9S",
                "ts": "1561806877.010400"
            }
        ],
        "subscribed": true,
        "last_read": "1561806877.010400",
        "reactions": [
            {
                "name": "raised_hands",
                "users": [
                    "U5M5PLH9S"
                ],
                "count": 1
            },
            {
                "name": "smirk",
                "users": [
                    "U5M5PLH9S"
                ],
                "count": 1
            }
        ]
    }
]