[
    {
        "type": "message",
        "text": "Thank you for your answer.\nsudo apt-get install libexiv2-dev python-pyexiv2\nThe following error occurs even when installing .\nCan you help me with why?",
        "files": [
            {
                "id": "FQ0FCQ76J",
                "created": 1572405596,
                "timestamp": 1572405596,
                "name": "image.png",
                "title": "image.png",
                "mimetype": "image\/png",
                "filetype": "png",
                "pretty_type": "PNG",
                "user": "ULYB25AMS",
                "editable": false,
                "size": 119658,
                "mode": "hosted",
                "is_external": false,
                "external_type": "",
                "is_public": true,
                "public_url_shared": false,
                "display_as_bot": false,
                "username": "",
                "url_private": "https:\/\/files.slack.com\/files-pri\/T5M5PLH8U-FQ0FCQ76J\/image.png?t=xoxe-191193697300-1501897281926-1505540481365-290cf54ffdfc380367c1af72479de92b",
                "url_private_download": "https:\/\/files.slack.com\/files-pri\/T5M5PLH8U-FQ0FCQ76J\/download\/image.png?t=xoxe-191193697300-1501897281926-1505540481365-290cf54ffdfc380367c1af72479de92b",
                "thumb_64": "https:\/\/files.slack.com\/files-tmb\/T5M5PLH8U-FQ0FCQ76J-24e5371b3b\/image_64.png?t=xoxe-191193697300-1501897281926-1505540481365-290cf54ffdfc380367c1af72479de92b",
                "thumb_80": "https:\/\/files.slack.com\/files-tmb\/T5M5PLH8U-FQ0FCQ76J-24e5371b3b\/image_80.png?t=xoxe-191193697300-1501897281926-1505540481365-290cf54ffdfc380367c1af72479de92b",
                "thumb_360": "https:\/\/files.slack.com\/files-tmb\/T5M5PLH8U-FQ0FCQ76J-24e5371b3b\/image_360.png?t=xoxe-191193697300-1501897281926-1505540481365-290cf54ffdfc380367c1af72479de92b",
                "thumb_360_w": 360,
                "thumb_360_h": 337,
                "thumb_480": "https:\/\/files.slack.com\/files-tmb\/T5M5PLH8U-FQ0FCQ76J-24e5371b3b\/image_480.png?t=xoxe-191193697300-1501897281926-1505540481365-290cf54ffdfc380367c1af72479de92b",
                "thumb_480_w": 480,
                "thumb_480_h": 450,
                "thumb_160": "https:\/\/files.slack.com\/files-tmb\/T5M5PLH8U-FQ0FCQ76J-24e5371b3b\/image_160.png?t=xoxe-191193697300-1501897281926-1505540481365-290cf54ffdfc380367c1af72479de92b",
                "thumb_720": "https:\/\/files.slack.com\/files-tmb\/T5M5PLH8U-FQ0FCQ76J-24e5371b3b\/image_720.png?t=xoxe-191193697300-1501897281926-1505540481365-290cf54ffdfc380367c1af72479de92b",
                "thumb_720_w": 720,
                "thumb_720_h": 675,
                "thumb_800": "https:\/\/files.slack.com\/files-tmb\/T5M5PLH8U-FQ0FCQ76J-24e5371b3b\/image_800.png?t=xoxe-191193697300-1501897281926-1505540481365-290cf54ffdfc380367c1af72479de92b",
                "thumb_800_w": 800,
                "thumb_800_h": 750,
                "thumb_960": "https:\/\/files.slack.com\/files-tmb\/T5M5PLH8U-FQ0FCQ76J-24e5371b3b\/image_960.png?t=xoxe-191193697300-1501897281926-1505540481365-290cf54ffdfc380367c1af72479de92b",
                "thumb_960_w": 960,
                "thumb_960_h": 900,
                "thumb_1024": "https:\/\/files.slack.com\/files-tmb\/T5M5PLH8U-FQ0FCQ76J-24e5371b3b\/image_1024.png?t=xoxe-191193697300-1501897281926-1505540481365-290cf54ffdfc380367c1af72479de92b",
                "thumb_1024_w": 1024,
                "thumb_1024_h": 960,
                "image_exif_rotation": 1,
                "original_w": 1766,
                "original_h": 1655,
                "thumb_tiny": "AwAsADDSYZoxSnpSdKACilooATFGKWigAPSkpT0pDQAUtJS0AFFFFAAelIaWkoAKWkpaACiiigD\/2Q==",
                "permalink": "https:\/\/usdevkit.slack.com\/files\/ULYB25AMS\/FQ0FCQ76J\/image.png",
                "permalink_public": "https:\/\/slack-files.com\/T5M5PLH8U-FQ0FCQ76J-7ea23e7461",
                "is_starred": false,
                "has_rich_preview": false
            }
        ],
        "upload": true,
        "user": "ULYB25AMS",
        "display_as_bot": false,
        "ts": "1572405599.002700",
        "client_msg_id": "6a2e45f0-2496-47fa-8a43-d9c59a5ec482"
    },
    {
        "client_msg_id": "d4da4aa3-3898-4aa0-b453-874073d84eed",
        "type": "message",
        "text": "Thank you for your answer.\nsudo apt-get install libexiv2-dev python-pyexiv2\nThe following error occurs even when installing .\nCan you help me with why?",
        "user": "ULYB25AMS",
        "ts": "1572405623.003000",
        "team": "T5M5PLH8U",
        "user_team": "T5M5PLH8U",
        "source_team": "T5M5PLH8U",
        "user_profile": {
            "avatar_hash": "gd49897152a4",
            "image_72": "https:\/\/secure.gravatar.com\/avatar\/bd49897152a4babe660efcb5e4f11c35.jpg?s=72&d=https%3A%2F%2Fa.slack-edge.com%2Fdf10d%2Fimg%2Favatars%2Fava_0002-72.png",
            "first_name": "Kim",
            "real_name": "Kim Jae Sik",
            "display_name": "Kim Jae Sik",
            "team": "T5M5PLH8U",
            "name": "wotlr6427",
            "is_restricted": false,
            "is_ultra_restricted": false
        },
        "thread_ts": "1564903864.000900",
        "parent_user_id": "ULYB25AMS"
    },
    {
        "type": "message",
        "text": "",
        "files": [
            {
                "id": "FQ0FD5ULE",
                "created": 1572405633,
                "timestamp": 1572405633,
                "name": "image.png",
                "title": "image.png",
                "mimetype": "image\/png",
                "filetype": "png",
                "pretty_type": "PNG",
                "user": "ULYB25AMS",
                "editable": false,
                "size": 119658,
                "mode": "hosted",
                "is_external": false,
                "external_type": "",
                "is_public": true,
                "public_url_shared": false,
                "display_as_bot": false,
                "username": "",
                "url_private": "https:\/\/files.slack.com\/files-pri\/T5M5PLH8U-FQ0FD5ULE\/image.png?t=xoxe-191193697300-1501897281926-1505540481365-290cf54ffdfc380367c1af72479de92b",
                "url_private_download": "https:\/\/files.slack.com\/files-pri\/T5M5PLH8U-FQ0FD5ULE\/download\/image.png?t=xoxe-191193697300-1501897281926-1505540481365-290cf54ffdfc380367c1af72479de92b",
                "thumb_64": "https:\/\/files.slack.com\/files-tmb\/T5M5PLH8U-FQ0FD5ULE-c50546058e\/image_64.png?t=xoxe-191193697300-1501897281926-1505540481365-290cf54ffdfc380367c1af72479de92b",
                "thumb_80": "https:\/\/files.slack.com\/files-tmb\/T5M5PLH8U-FQ0FD5ULE-c50546058e\/image_80.png?t=xoxe-191193697300-1501897281926-1505540481365-290cf54ffdfc380367c1af72479de92b",
                "thumb_360": "https:\/\/files.slack.com\/files-tmb\/T5M5PLH8U-FQ0FD5ULE-c50546058e\/image_360.png?t=xoxe-191193697300-1501897281926-1505540481365-290cf54ffdfc380367c1af72479de92b",
                "thumb_360_w": 360,
                "thumb_360_h": 337,
                "thumb_480": "https:\/\/files.slack.com\/files-tmb\/T5M5PLH8U-FQ0FD5ULE-c50546058e\/image_480.png?t=xoxe-191193697300-1501897281926-1505540481365-290cf54ffdfc380367c1af72479de92b",
                "thumb_480_w": 480,
                "thumb_480_h": 450,
                "thumb_160": "https:\/\/files.slack.com\/files-tmb\/T5M5PLH8U-FQ0FD5ULE-c50546058e\/image_160.png?t=xoxe-191193697300-1501897281926-1505540481365-290cf54ffdfc380367c1af72479de92b",
                "thumb_720": "https:\/\/files.slack.com\/files-tmb\/T5M5PLH8U-FQ0FD5ULE-c50546058e\/image_720.png?t=xoxe-191193697300-1501897281926-1505540481365-290cf54ffdfc380367c1af72479de92b",
                "thumb_720_w": 720,
                "thumb_720_h": 675,
                "thumb_800": "https:\/\/files.slack.com\/files-tmb\/T5M5PLH8U-FQ0FD5ULE-c50546058e\/image_800.png?t=xoxe-191193697300-1501897281926-1505540481365-290cf54ffdfc380367c1af72479de92b",
                "thumb_800_w": 800,
                "thumb_800_h": 750,
                "thumb_960": "https:\/\/files.slack.com\/files-tmb\/T5M5PLH8U-FQ0FD5ULE-c50546058e\/image_960.png?t=xoxe-191193697300-1501897281926-1505540481365-290cf54ffdfc380367c1af72479de92b",
                "thumb_960_w": 960,
                "thumb_960_h": 900,
                "thumb_1024": "https:\/\/files.slack.com\/files-tmb\/T5M5PLH8U-FQ0FD5ULE-c50546058e\/image_1024.png?t=xoxe-191193697300-1501897281926-1505540481365-290cf54ffdfc380367c1af72479de92b",
                "thumb_1024_w": 1024,
                "thumb_1024_h": 960,
                "image_exif_rotation": 1,
                "original_w": 1766,
                "original_h": 1655,
                "thumb_tiny": "AwAsADDSYZoxSnpSdKACilooATFGKWigAPSkpT0pDQAUtJS0AFFFFAAelIaWkoAKWkpaACiiigD\/2Q==",
                "permalink": "https:\/\/usdevkit.slack.com\/files\/ULYB25AMS\/FQ0FD5ULE\/image.png",
                "permalink_public": "https:\/\/slack-files.com\/T5M5PLH8U-FQ0FD5ULE-192fa1b6f7",
                "is_starred": false,
                "has_rich_preview": false
            }
        ],
        "upload": true,
        "user": "ULYB25AMS",
        "display_as_bot": false,
        "ts": "1572405636.003200",
        "client_msg_id": "104e0cdf-bf4c-4757-b9c4-a669ffa88f64",
        "thread_ts": "1564903864.000900",
        "parent_user_id": "ULYB25AMS"
    }
]