[
    {
        "client_msg_id": "a24f57a0-f025-4559-9473-89f2b5b329fe",
        "type": "message",
        "text": "Quelle carte au juste?\nJe ne connais pas Nicolas; mes contacts la bas sons Alex et Mathias Fink. Tu travailles encore ave eux?\nVoici quelques references, avec la toute derniere application pour le volcan.\n<https:\/\/advances.sciencemag.org\/content\/2\/11\/e1600370>\n<https:\/\/aip.scitation.org\/doi\/10.1063\/1.4882421>\n<https:\/\/agupubs.onlinelibrary.wiley.com\/doi\/abs\/10.1029\/2018JB016361>",
        "user": "UKV93F6H1",
        "ts": "1562988838.029900",
        "team": "T5M5PLH8U",
        "user_team": "T5M5PLH8U",
        "source_team": "T5M5PLH8U",
        "user_profile": {
            "avatar_hash": "g6d2c177ce08",
            "image_72": "https:\/\/secure.gravatar.com\/avatar\/f6d2c177ce0816bb3e535fb753f0d9c7.jpg?s=72&d=https%3A%2F%2Fa.slack-edge.com%2Fdf10d%2Fimg%2Favatars%2Fava_0015-72.png",
            "first_name": "",
            "real_name": "Julien Chaput",
            "display_name": "Julien Chaput",
            "team": "T5M5PLH8U",
            "name": "jchaput82",
            "is_restricted": false,
            "is_ultra_restricted": false
        },
        "thread_ts": "1562463563.026400",
        "parent_user_id": "UKV93F6H1"
    },
    {
        "client_msg_id": "7f1b470a-3e63-4c6e-ada6-62ee1b86a57d",
        "type": "message",
        "text": "Top, merci !\nJe pensais à lui:  <https:\/\/www.theses.fr\/2012PA077171>\nTiens avec Amaury aussi, je connais un peu - il est de retour en france.",
        "user": "U5M5PLH9S",
        "ts": "1563000158.030100",
        "team": "T5M5PLH8U",
        "user_team": "T5M5PLH8U",
        "source_team": "T5M5PLH8U",
        "user_profile": {
            "avatar_hash": "e4fb6ae9f526",
            "image_72": "https:\/\/avatars.slack-edge.com\/2017-06-01\/191144530514_e4fb6ae9f526531fd41c_72.jpg",
            "first_name": "",
            "real_name": "kelu",
            "display_name": "",
            "team": "T5M5PLH8U",
            "name": "kelu",
            "is_restricted": false,
            "is_ultra_restricted": false
        },
        "attachments": [
            {
                "service_name": "http:\/\/www.theses.fr\/",
                "title": "Imagerie acoustique à faible nombre de transducteurs au moyen d'une cavité acoustique",
                "title_link": "https:\/\/www.theses.fr\/2012PA077171",
                "text": "Cette thèse traite de l'imagerie acoustique à faible nombre de transducteurs au moyen d'une cavité. Il a été démontré au laboratoire qu'un dispositif d'imagerie pouvait être obtenu avec seulement quelques transducteurs. Il repose sur l'usage d'une cavité mélangeur et la technique d'imagerie par retournement temporel. Une première étude expérimentale est réalisée avec une plaque en Duralumin de géométrie carrée équipée d'un unique transducteur. Le système dans son ensemble agit comme une antenne acoustique à faible profil et autorise la focalisation contrôlée d'une onde acoustique dans l'air. Par la suite, le contraste de focalisation du système est amélioré. Pour cela, la géométrie de la cavité est modifiée afin d'augmenter le nombre de modes. Le contraste de focalisation dépend du nombre de modes excités dans la cavité. Une plaque de géométrie irrégulière est étudiée et utilisée pour effectuer des expériences d'imagerie en mode échographique. Ensuite, un réseau de résonateurs est introduit. Il est montré expérimentalement et numériquement que ceci permet d'augmenter fortement la densité modale dans une faible bande de fréquence et donc d'améliorer le contraste de focalisation. Puis, une étude en fonction du nombre de transducteurs est réalisée et montre que le gain du contraste en fonction du nombre de transducteurs est limité du fait de la dépendance des modes excités. Enfin, pendant cette thèse, les plaques sont caractérisées au moyen d'une technique nouvelle de mesure locale d'épaisseur. Elle repose sur la mesure des vibrations de la plaque sur un cercle et en son centre. La technique autorise la simple écoute de la vibration de la plaque pour en déduire son épaisseur.",
                "fallback": "http:\/\/www.theses.fr\/: Imagerie acoustique à faible nombre de transducteurs au moyen d'une cavité acoustique",
                "image_url": "http:\/\/www.theses.fr\/images\/theses.gif",
                "from_url": "https:\/\/www.theses.fr\/2012PA077171",
                "image_width": 250,
                "image_height": 54,
                "image_bytes": 4123,
                "service_icon": "https:\/\/www.theses.fr\/img\/favicon.png",
                "id": 1,
                "original_url": "https:\/\/www.theses.fr\/2012PA077171"
            }
        ],
        "thread_ts": "1562463563.026400",
        "parent_user_id": "UKV93F6H1"
    }
]