[
    {
        "client_msg_id": "4044d4b6-c099-4f93-bfd4-d4f1618d113e",
        "type": "message",
        "text": "<@UF0SXEJ0M> on this, I trust it could be possible to have a simple mux for the 8 channels with a single acquisition line behind it - and all of this possibly controlled via a RPi 40-pin connector. Need to give it a bit more thought :smiley:",
        "user": "U5M5PLH9S",
        "ts": "1546463440.053800",
        "team": "T5M5PLH8U",
        "user_team": "T5M5PLH8U",
        "source_team": "T5M5PLH8U",
        "user_profile": {
            "avatar_hash": "e4fb6ae9f526",
            "image_72": "https:\/\/avatars.slack-edge.com\/2017-06-01\/191144530514_e4fb6ae9f526531fd41c_72.jpg",
            "first_name": "",
            "real_name": "kelu",
            "display_name": "",
            "team": "T5M5PLH8U",
            "name": "kelu",
            "is_restricted": false,
            "is_ultra_restricted": false
        },
        "thread_ts": "1546112496.026900",
        "parent_user_id": "UF0SXEJ0M"
    },
    {
        "client_msg_id": "50d2369f-5b4b-4759-b15b-e28a8385462a",
        "type": "message",
        "text": "Yeah that would be awesome!\n\nHave you looked at the HV7351? It's SPI controllable Ultrasound, and I have the SPI bitstream completely programmed in C, so could fit all 8 on one chip as well, and in the first iteration could potentially do 4:1 so the board outputs 2 channels, with 4 level shifters, possibly",
        "user": "UF0SXEJ0M",
        "ts": "1546491204.054000",
        "team": "T5M5PLH8U",
        "user_team": "T5M5PLH8U",
        "source_team": "T5M5PLH8U",
        "user_profile": {
            "avatar_hash": "caf9f1375af3",
            "image_72": "https:\/\/avatars.slack-edge.com\/2019-02-12\/549018718117_caf9f1375af3bfa9e7a6_72.jpg",
            "first_name": "Sterling",
            "real_name": "Sterling Cooley",
            "display_name": "Sterling",
            "team": "T5M5PLH8U",
            "name": "percyacct2020",
            "is_restricted": false,
            "is_ultra_restricted": false
        },
        "thread_ts": "1546112496.026900",
        "parent_user_id": "UF0SXEJ0M"
    },
    {
        "client_msg_id": "fe5313e7-a75e-45e9-888d-7d094420201b",
        "type": "message",
        "text": "<https:\/\/www.microchip.com\/wwwproducts\/en\/HV7351>",
        "user": "UF0SXEJ0M",
        "ts": "1546491340.054200",
        "team": "T5M5PLH8U",
        "user_team": "T5M5PLH8U",
        "source_team": "T5M5PLH8U",
        "user_profile": {
            "avatar_hash": "caf9f1375af3",
            "image_72": "https:\/\/avatars.slack-edge.com\/2019-02-12\/549018718117_caf9f1375af3bfa9e7a6_72.jpg",
            "first_name": "Sterling",
            "real_name": "Sterling Cooley",
            "display_name": "Sterling",
            "team": "T5M5PLH8U",
            "name": "percyacct2020",
            "is_restricted": false,
            "is_ultra_restricted": false
        },
        "attachments": [
            {
                "title": "HV7351 - Ultrasound - Ultrasound Transmitter Pulser ICs - Ultrasound",
                "title_link": "https:\/\/www.microchip.com\/wwwproducts\/en\/HV7351",
                "text": "HV7351 8-Channel, +\/-70V, 3A Programmable High-Voltage Ultrasound-Transmit Beamformer",
                "fallback": "HV7351 - Ultrasound - Ultrasound Transmitter Pulser ICs - Ultrasound",
                "from_url": "https:\/\/www.microchip.com\/wwwproducts\/en\/HV7351",
                "service_icon": "https:\/\/www.microchip.com\/favicon.ico",
                "service_name": "microchip.com",
                "id": 1,
                "original_url": "https:\/\/www.microchip.com\/wwwproducts\/en\/HV7351"
            }
        ],
        "thread_ts": "1546112496.026900",
        "parent_user_id": "UF0SXEJ0M"
    },
    {
        "client_msg_id": "53bffecd-b98e-457e-8888-46b791d72496",
        "type": "message",
        "text": "I share simply because this chip has really been a joy to work with out of all the Microchip Ultrasound chips I've used. Also, when it comes to modifying the SPI bitstream, it becomes remarkably easy to change the pulse waveforms, where modifying the ICE40 code to change the waveforms could be more effort-ful (but I am not nearly as good at FPGA stuff as you are.)",
        "user": "UF0SXEJ0M",
        "ts": "1546491449.054500",
        "team": "T5M5PLH8U",
        "user_team": "T5M5PLH8U",
        "source_team": "T5M5PLH8U",
        "user_profile": {
            "avatar_hash": "caf9f1375af3",
            "image_72": "https:\/\/avatars.slack-edge.com\/2019-02-12\/549018718117_caf9f1375af3bfa9e7a6_72.jpg",
            "first_name": "Sterling",
            "real_name": "Sterling Cooley",
            "display_name": "Sterling",
            "team": "T5M5PLH8U",
            "name": "percyacct2020",
            "is_restricted": false,
            "is_ultra_restricted": false
        },
        "thread_ts": "1546112496.026900",
        "parent_user_id": "UF0SXEJ0M"
    }
]