[
    {
        "client_msg_id": "9216AD9A-04E1-4CB9-848E-878976904CDB",
        "type": "message",
        "text": "New high voltage opamp from Analog Devices could be used to drive ultrasound transducers directly <https:\/\/www.analog.com\/en\/products\/adhv4702-1.html?ADICID=SOME_NA_P141463#product-documentation>",
        "user": "U8Z3VB1T2",
        "ts": "1561635764.005800",
        "team": "T5M5PLH8U",
        "user_team": "T5M5PLH8U",
        "source_team": "T5M5PLH8U",
        "user_profile": {
            "avatar_hash": "g49ad52d7df8",
            "image_72": "https:\/\/secure.gravatar.com\/avatar\/449ad52d7df89ecbe8ebe0fd87d3f63f.jpg?s=72&d=https%3A%2F%2Fa.slack-edge.com%2Fdf10d%2Fimg%2Favatars%2Fava_0026-72.png",
            "first_name": "",
            "real_name": "William Meng",
            "display_name": "",
            "team": "T5M5PLH8U",
            "name": "wlmeng11",
            "is_restricted": false,
            "is_ultra_restricted": false
        },
        "edited": {
            "user": "U8Z3VB1T2",
            "ts": "1561884642.000000"
        },
        "reactions": [
            {
                "name": "+1",
                "users": [
                    "U5M5PLH9S"
                ],
                "count": 1
            }
        ]
    },
    {
        "client_msg_id": "015F9141-513A-4B2E-B764-52BC2B8C2AD5",
        "type": "message",
        "text": "But GBW=10MHz so only useful for driving transducers &lt;1MHz if you want a gain &gt;10",
        "user": "U8Z3VB1T2",
        "ts": "1561635866.007600",
        "team": "T5M5PLH8U",
        "user_team": "T5M5PLH8U",
        "source_team": "T5M5PLH8U",
        "user_profile": {
            "avatar_hash": "g49ad52d7df8",
            "image_72": "https:\/\/secure.gravatar.com\/avatar\/449ad52d7df89ecbe8ebe0fd87d3f63f.jpg?s=72&d=https%3A%2F%2Fa.slack-edge.com%2Fdf10d%2Fimg%2Favatars%2Fava_0026-72.png",
            "first_name": "",
            "real_name": "William Meng",
            "display_name": "",
            "team": "T5M5PLH8U",
            "name": "wlmeng11",
            "is_restricted": false,
            "is_ultra_restricted": false
        }
    }
]