[
    {
        "client_msg_id": "10cfa240-f390-4d7c-bbc9-3d6736f3c33f",
        "type": "message",
        "text": "<@U5M5PLH9S> ",
        "user": "UE3JX8LUT",
        "ts": "1554395059.001500",
        "team": "T5M5PLH8U",
        "user_team": "T5M5PLH8U",
        "source_team": "T5M5PLH8U",
        "user_profile": {
            "avatar_hash": "a9159a929398",
            "image_72": "https:\/\/avatars.slack-edge.com\/2018-11-15\/479026488288_a9159a929398c4006149_72.jpg",
            "first_name": "Fadhli",
            "real_name": "Fadhli",
            "display_name": "Fadhli",
            "team": "T5M5PLH8U",
            "name": "fadhliazinnuddin",
            "is_restricted": false,
            "is_ultra_restricted": false
        },
        "thread_ts": "1551796412.005200",
        "parent_user_id": "UE3JX8LUT"
    },
    {
        "client_msg_id": "cbd60631-4d33-4bc5-a956-250b8292867d",
        "type": "message",
        "text": "Short answer is no. It was not designed for this type of frequencies. There are sub-mhz filters on the line. \nLong answer is maybe. It was not tested.",
        "user": "U5M5PLH9S",
        "ts": "1554395514.001700",
        "team": "T5M5PLH8U",
        "user_team": "T5M5PLH8U",
        "source_team": "T5M5PLH8U",
        "user_profile": {
            "avatar_hash": "e4fb6ae9f526",
            "image_72": "https:\/\/avatars.slack-edge.com\/2017-06-01\/191144530514_e4fb6ae9f526531fd41c_72.jpg",
            "first_name": "",
            "real_name": "kelu",
            "display_name": "",
            "team": "T5M5PLH8U",
            "name": "kelu",
            "is_restricted": false,
            "is_ultra_restricted": false
        },
        "thread_ts": "1551796412.005200",
        "parent_user_id": "UE3JX8LUT"
    },
    {
        "type": "message",
        "subtype": "channel_join",
        "ts": "1554443742.002000",
        "user": "UHP9P5JTE",
        "text": "<@UHP9P5JTE> has joined the channel"
    },
    {
        "client_msg_id": "adf9c141-b58e-44d9-b1ed-2312e692746c",
        "type": "message",
        "text": "Where did you find this image? I'm trying to get my hands on some cmut arrays...",
        "user": "UHP9P5JTE",
        "ts": "1554444232.002100",
        "team": "T5M5PLH8U",
        "user_team": "T5M5PLH8U",
        "source_team": "T5M5PLH8U",
        "user_profile": {
            "avatar_hash": "gf8c332890d2",
            "image_72": "https:\/\/secure.gravatar.com\/avatar\/cf8c332890d2883209ec8b1d38920f5b.jpg?s=72&d=https%3A%2F%2Fa.slack-edge.com%2Fdf10d%2Fimg%2Favatars%2Fava_0013-72.png",
            "first_name": "",
            "real_name": "keshuai",
            "display_name": "keshuai",
            "team": "T5M5PLH8U",
            "name": "urillx",
            "is_restricted": false,
            "is_ultra_restricted": false
        },
        "thread_ts": "1551433770.000100",
        "parent_user_id": "U5M5PLH9S"
    },
    {
        "client_msg_id": "8a7a028c-604c-49fb-92da-2a48aafc4c83",
        "type": "message",
        "text": "Confidential sources  B-) Looking for some too, if you have some leads.. I'm all ears and happy to support !",
        "user": "U5M5PLH9S",
        "ts": "1554444487.002300",
        "team": "T5M5PLH8U",
        "user_team": "T5M5PLH8U",
        "source_team": "T5M5PLH8U",
        "user_profile": {
            "avatar_hash": "e4fb6ae9f526",
            "image_72": "https:\/\/avatars.slack-edge.com\/2017-06-01\/191144530514_e4fb6ae9f526531fd41c_72.jpg",
            "first_name": "",
            "real_name": "kelu",
            "display_name": "",
            "team": "T5M5PLH8U",
            "name": "kelu",
            "is_restricted": false,
            "is_ultra_restricted": false
        },
        "thread_ts": "1551433770.000100",
        "parent_user_id": "U5M5PLH9S"
    },
    {
        "client_msg_id": "bf2faa49-689e-45d6-baa7-ebaf9723c5ae",
        "type": "message",
        "text": "Thanks! I'll see if I can find connections to philips",
        "user": "UHP9P5JTE",
        "ts": "1554444624.002500",
        "team": "T5M5PLH8U",
        "user_team": "T5M5PLH8U",
        "source_team": "T5M5PLH8U",
        "user_profile": {
            "avatar_hash": "gf8c332890d2",
            "image_72": "https:\/\/secure.gravatar.com\/avatar\/cf8c332890d2883209ec8b1d38920f5b.jpg?s=72&d=https%3A%2F%2Fa.slack-edge.com%2Fdf10d%2Fimg%2Favatars%2Fava_0013-72.png",
            "first_name": "",
            "real_name": "keshuai",
            "display_name": "keshuai",
            "team": "T5M5PLH8U",
            "name": "urillx",
            "is_restricted": false,
            "is_ultra_restricted": false
        },
        "thread_ts": "1551433770.000100",
        "parent_user_id": "U5M5PLH9S"
    }
]