[
    {
        "client_msg_id": "5456da62-c27d-4bc1-9ccb-d22464b36f2d",
        "type": "message",
        "text": "You are right, with a single channel it wouldn't be much of an image",
        "user": "UF0SXEJ0M",
        "ts": "1550111300.007400",
        "team": "T5M5PLH8U",
        "user_team": "T5M5PLH8U",
        "source_team": "T5M5PLH8U",
        "user_profile": {
            "avatar_hash": "caf9f1375af3",
            "image_72": "https:\/\/avatars.slack-edge.com\/2019-02-12\/549018718117_caf9f1375af3bfa9e7a6_72.jpg",
            "first_name": "Sterling",
            "real_name": "Sterling Cooley",
            "display_name": "Sterling",
            "team": "T5M5PLH8U",
            "name": "percyacct2020",
            "is_restricted": false,
            "is_ultra_restricted": false
        },
        "thread_ts": "1549878875.003000",
        "parent_user_id": "U5M5PLH9S"
    },
    {
        "type": "message",
        "text": "",
        "files": [
            {
                "id": "FG6K845LJ",
                "created": 1550111302,
                "timestamp": 1550111302,
                "name": "image.png",
                "title": "Pasted image at 2019-02-13, 8:28 PM",
                "mimetype": "image\/png",
                "filetype": "png",
                "pretty_type": "PNG",
                "user": "UF0SXEJ0M",
                "editable": false,
                "size": 131827,
                "mode": "hosted",
                "is_external": false,
                "external_type": "",
                "is_public": true,
                "public_url_shared": false,
                "display_as_bot": false,
                "username": "",
                "url_private": "https:\/\/files.slack.com\/files-pri\/T5M5PLH8U-FG6K845LJ\/image.png?t=xoxe-191193697300-1501897281926-1505540481365-290cf54ffdfc380367c1af72479de92b",
                "url_private_download": "https:\/\/files.slack.com\/files-pri\/T5M5PLH8U-FG6K845LJ\/download\/image.png?t=xoxe-191193697300-1501897281926-1505540481365-290cf54ffdfc380367c1af72479de92b",
                "thumb_64": "https:\/\/files.slack.com\/files-tmb\/T5M5PLH8U-FG6K845LJ-1cafca9eec\/image_64.png?t=xoxe-191193697300-1501897281926-1505540481365-290cf54ffdfc380367c1af72479de92b",
                "thumb_80": "https:\/\/files.slack.com\/files-tmb\/T5M5PLH8U-FG6K845LJ-1cafca9eec\/image_80.png?t=xoxe-191193697300-1501897281926-1505540481365-290cf54ffdfc380367c1af72479de92b",
                "thumb_360": "https:\/\/files.slack.com\/files-tmb\/T5M5PLH8U-FG6K845LJ-1cafca9eec\/image_360.png?t=xoxe-191193697300-1501897281926-1505540481365-290cf54ffdfc380367c1af72479de92b",
                "thumb_360_w": 360,
                "thumb_360_h": 151,
                "thumb_480": "https:\/\/files.slack.com\/files-tmb\/T5M5PLH8U-FG6K845LJ-1cafca9eec\/image_480.png?t=xoxe-191193697300-1501897281926-1505540481365-290cf54ffdfc380367c1af72479de92b",
                "thumb_480_w": 480,
                "thumb_480_h": 201,
                "thumb_160": "https:\/\/files.slack.com\/files-tmb\/T5M5PLH8U-FG6K845LJ-1cafca9eec\/image_160.png?t=xoxe-191193697300-1501897281926-1505540481365-290cf54ffdfc380367c1af72479de92b",
                "image_exif_rotation": 1,
                "original_w": 550,
                "original_h": 230,
                "permalink": "https:\/\/usdevkit.slack.com\/files\/UF0SXEJ0M\/FG6K845LJ\/image.png",
                "permalink_public": "https:\/\/slack-files.com\/T5M5PLH8U-FG6K845LJ-c0be51ef09",
                "is_starred": false,
                "has_rich_preview": false
            }
        ],
        "upload": true,
        "user": "UF0SXEJ0M",
        "display_as_bot": false,
        "ts": "1550111305.007600",
        "thread_ts": "1549878875.003000",
        "parent_user_id": "U5M5PLH9S"
    },
    {
        "client_msg_id": "a12dc69e-c5ec-4d60-b92f-909db6fba347",
        "type": "message",
        "text": "I was thinking of a Phased Array NDT system for crack detection, which uses multiple channels and a special type of probe, my apologies",
        "user": "UF0SXEJ0M",
        "ts": "1550111336.008000",
        "team": "T5M5PLH8U",
        "user_team": "T5M5PLH8U",
        "source_team": "T5M5PLH8U",
        "user_profile": {
            "avatar_hash": "caf9f1375af3",
            "image_72": "https:\/\/avatars.slack-edge.com\/2019-02-12\/549018718117_caf9f1375af3bfa9e7a6_72.jpg",
            "first_name": "Sterling",
            "real_name": "Sterling Cooley",
            "display_name": "Sterling",
            "team": "T5M5PLH8U",
            "name": "percyacct2020",
            "is_restricted": false,
            "is_ultra_restricted": false
        },
        "thread_ts": "1549878875.003000",
        "parent_user_id": "U5M5PLH9S"
    },
    {
        "client_msg_id": "9e60d1f9-dbbc-4d9d-935f-029612cea8e8",
        "type": "message",
        "text": "I was excited to share the website mostly :smile: haha",
        "user": "UF0SXEJ0M",
        "ts": "1550111347.008200",
        "team": "T5M5PLH8U",
        "user_team": "T5M5PLH8U",
        "source_team": "T5M5PLH8U",
        "user_profile": {
            "avatar_hash": "caf9f1375af3",
            "image_72": "https:\/\/avatars.slack-edge.com\/2019-02-12\/549018718117_caf9f1375af3bfa9e7a6_72.jpg",
            "first_name": "Sterling",
            "real_name": "Sterling Cooley",
            "display_name": "Sterling",
            "team": "T5M5PLH8U",
            "name": "percyacct2020",
            "is_restricted": false,
            "is_ultra_restricted": false
        },
        "thread_ts": "1549878875.003000",
        "parent_user_id": "U5M5PLH9S"
    }
]