[
    {
        "type": "message",
        "subtype": "channel_join",
        "ts": "1551968378.008800",
        "user": "UGR3ZBDDE",
        "text": "<@UGR3ZBDDE> has joined the channel"
    },
    {
        "client_msg_id": "feed3e43-2225-4f38-85fd-f9383f693a8b",
        "type": "message",
        "text": "The gerbers are basically the images for each layer of interest of your PCB. It is easy to print a single side PCB, but this one has 4 layers, so you definitely can't do this easily at home. That's why you ask a fab to produce it. If you send the gerbers to the fab, it will return PCB. Such a fab is <https:\/\/oshpark.com\/> . I recommend you have a look at <https:\/\/resources.altium.com\/pcb-design-blog\/what-is-a-gerber-file-in-the-pcb-fabrication-process> :smiley:",
        "user": "U5M5PLH9S",
        "ts": "1551973224.009200",
        "team": "T5M5PLH8U",
        "user_team": "T5M5PLH8U",
        "source_team": "T5M5PLH8U",
        "user_profile": {
            "avatar_hash": "e4fb6ae9f526",
            "image_72": "https:\/\/avatars.slack-edge.com\/2017-06-01\/191144530514_e4fb6ae9f526531fd41c_72.jpg",
            "first_name": "",
            "real_name": "kelu",
            "display_name": "",
            "team": "T5M5PLH8U",
            "name": "kelu",
            "is_restricted": false,
            "is_ultra_restricted": false
        },
        "attachments": [
            {
                "title": "What Is a Gerber File in the PCB Fabrication Process?",
                "title_link": "https:\/\/resources.altium.com\/pcb-design-blog\/what-is-a-gerber-file-in-the-pcb-fabrication-process",
                "text": "Let's look at what a Gerber file is, and how is it used to send your design image data to your manufacturer for the PCB fabrication process.",
                "fallback": "What Is a Gerber File in the PCB Fabrication Process?",
                "image_url": "https:\/\/content.cdntwrk.com\/files\/aHViPTY1NjQ2JmNtZD1pdGVtZWRpdG9yaW1hZ2UmZmlsZW5hbWU9aXRlbWVkaXRvcmltYWdlXzVhMzgzYTFhODUyY2MuanBnJnZlcnNpb249MDAwMCZzaWc9MGU1NzA5ZmYyZWRlOThiM2E0ZGQ1NDUxNzdmZDMyYzA%253D",
                "image_width": 460,
                "image_height": 250,
                "from_url": "https:\/\/resources.altium.com\/pcb-design-blog\/what-is-a-gerber-file-in-the-pcb-fabrication-process",
                "image_bytes": 272447,
                "service_icon": "https:\/\/content.cdntwrk.com\/files\/aHViPTY1NjQ2JmNtZD1mYXZpY29uJnZlcnNpb249MTU0NzUyMjE3NiZleHQ9cG5nJnNpemU9NTcmc2lnPWIxYzYzYTRjMzhmOTU2OGU3OGJkYzgxYzBmOWNmNWU2\/favicon.png",
                "service_name": "What Is a Gerber File in the PCB Fabrication Process?",
                "id": 1,
                "original_url": "https:\/\/resources.altium.com\/pcb-design-blog\/what-is-a-gerber-file-in-the-pcb-fabrication-process"
            }
        ],
        "thread_ts": "1551796412.005200",
        "parent_user_id": "UE3JX8LUT"
    },
    {
        "client_msg_id": "8b091217-31a3-4c8d-8438-4d7bdb39927f",
        "type": "message",
        "text": "So depending pcb manufactur, can or cant printed your pcb un0rick with 4 layers?",
        "user": "UE3JX8LUT",
        "ts": "1552006946.009500",
        "team": "T5M5PLH8U",
        "user_team": "T5M5PLH8U",
        "source_team": "T5M5PLH8U",
        "user_profile": {
            "avatar_hash": "a9159a929398",
            "image_72": "https:\/\/avatars.slack-edge.com\/2018-11-15\/479026488288_a9159a929398c4006149_72.jpg",
            "first_name": "Fadhli",
            "real_name": "Fadhli",
            "display_name": "Fadhli",
            "team": "T5M5PLH8U",
            "name": "fadhliazinnuddin",
            "is_restricted": false,
            "is_ultra_restricted": false
        },
        "thread_ts": "1551796412.005200",
        "parent_user_id": "UE3JX8LUT"
    },
    {
        "client_msg_id": "5639c2a8-c64e-4bf9-8e1f-36283e2bfbaa",
        "type": "message",
        "text": "In my city, to printed pcb 4 layer is available",
        "user": "UE3JX8LUT",
        "ts": "1552013639.009700",
        "team": "T5M5PLH8U",
        "user_team": "T5M5PLH8U",
        "source_team": "T5M5PLH8U",
        "user_profile": {
            "avatar_hash": "a9159a929398",
            "image_72": "https:\/\/avatars.slack-edge.com\/2018-11-15\/479026488288_a9159a929398c4006149_72.jpg",
            "first_name": "Fadhli",
            "real_name": "Fadhli",
            "display_name": "Fadhli",
            "team": "T5M5PLH8U",
            "name": "fadhliazinnuddin",
            "is_restricted": false,
            "is_ultra_restricted": false
        },
        "thread_ts": "1551796412.005200",
        "parent_user_id": "UE3JX8LUT"
    },
    {
        "client_msg_id": "3c9a6343-971c-4e95-aa85-f3180599a2f6",
        "type": "message",
        "text": "Yes, you definitely can",
        "user": "U5M5PLH9S",
        "ts": "1552030248.009900",
        "team": "T5M5PLH8U",
        "user_team": "T5M5PLH8U",
        "source_team": "T5M5PLH8U",
        "user_profile": {
            "avatar_hash": "e4fb6ae9f526",
            "image_72": "https:\/\/avatars.slack-edge.com\/2017-06-01\/191144530514_e4fb6ae9f526531fd41c_72.jpg",
            "first_name": "",
            "real_name": "kelu",
            "display_name": "",
            "team": "T5M5PLH8U",
            "name": "kelu",
            "is_restricted": false,
            "is_ultra_restricted": false
        },
        "thread_ts": "1551796412.005200",
        "parent_user_id": "UE3JX8LUT"
    },
    {
        "client_msg_id": "70674c0c-a3ee-47fb-af9f-3ad3c994cbcf",
        "type": "message",
        "text": "So where I can get your un0rick pcb?",
        "user": "UE3JX8LUT",
        "ts": "1552030514.010100",
        "team": "T5M5PLH8U",
        "user_team": "T5M5PLH8U",
        "source_team": "T5M5PLH8U",
        "user_profile": {
            "avatar_hash": "a9159a929398",
            "image_72": "https:\/\/avatars.slack-edge.com\/2018-11-15\/479026488288_a9159a929398c4006149_72.jpg",
            "first_name": "Fadhli",
            "real_name": "Fadhli",
            "display_name": "Fadhli",
            "team": "T5M5PLH8U",
            "name": "fadhliazinnuddin",
            "is_restricted": false,
            "is_ultra_restricted": false
        },
        "thread_ts": "1551796412.005200",
        "parent_user_id": "UE3JX8LUT"
    },
    {
        "client_msg_id": "57a891d2-0243-4a22-80e8-288257c96f27",
        "type": "message",
        "text": "I must download in file github un0rick",
        "user": "UE3JX8LUT",
        "ts": "1552030540.010300",
        "team": "T5M5PLH8U",
        "user_team": "T5M5PLH8U",
        "source_team": "T5M5PLH8U",
        "user_profile": {
            "avatar_hash": "a9159a929398",
            "image_72": "https:\/\/avatars.slack-edge.com\/2018-11-15\/479026488288_a9159a929398c4006149_72.jpg",
            "first_name": "Fadhli",
            "real_name": "Fadhli",
            "display_name": "Fadhli",
            "team": "T5M5PLH8U",
            "name": "fadhliazinnuddin",
            "is_restricted": false,
            "is_ultra_restricted": false
        },
        "thread_ts": "1551796412.005200",
        "parent_user_id": "UE3JX8LUT"
    },
    {
        "client_msg_id": "2e4fc153-d0c3-4ee3-93f5-36aa5061e146",
        "type": "message",
        "text": "Before I must install gerber, so I can open file pcb un0rick",
        "user": "UE3JX8LUT",
        "ts": "1552030592.010500",
        "team": "T5M5PLH8U",
        "user_team": "T5M5PLH8U",
        "source_team": "T5M5PLH8U",
        "user_profile": {
            "avatar_hash": "a9159a929398",
            "image_72": "https:\/\/avatars.slack-edge.com\/2018-11-15\/479026488288_a9159a929398c4006149_72.jpg",
            "first_name": "Fadhli",
            "real_name": "Fadhli",
            "display_name": "Fadhli",
            "team": "T5M5PLH8U",
            "name": "fadhliazinnuddin",
            "is_restricted": false,
            "is_ultra_restricted": false
        },
        "thread_ts": "1551796412.005200",
        "parent_user_id": "UE3JX8LUT"
    },
    {
        "client_msg_id": "97ee3bcf-5c20-45d0-97d9-33dce74d55a1",
        "type": "message",
        "text": "Yes, the files are the Gerber zip archive indicated above",
        "user": "U5M5PLH9S",
        "ts": "1552030600.010700",
        "team": "T5M5PLH8U",
        "user_team": "T5M5PLH8U",
        "source_team": "T5M5PLH8U",
        "user_profile": {
            "avatar_hash": "e4fb6ae9f526",
            "image_72": "https:\/\/avatars.slack-edge.com\/2017-06-01\/191144530514_e4fb6ae9f526531fd41c_72.jpg",
            "first_name": "",
            "real_name": "kelu",
            "display_name": "",
            "team": "T5M5PLH8U",
            "name": "kelu",
            "is_restricted": false,
            "is_ultra_restricted": false
        },
        "thread_ts": "1551796412.005200",
        "parent_user_id": "UE3JX8LUT"
    },
    {
        "client_msg_id": "79c19d7a-7e55-4759-b709-00a88ced5a05",
        "type": "message",
        "text": "Oke thank you very much kelu",
        "user": "UE3JX8LUT",
        "ts": "1552030636.010900",
        "team": "T5M5PLH8U",
        "user_team": "T5M5PLH8U",
        "source_team": "T5M5PLH8U",
        "user_profile": {
            "avatar_hash": "a9159a929398",
            "image_72": "https:\/\/avatars.slack-edge.com\/2018-11-15\/479026488288_a9159a929398c4006149_72.jpg",
            "first_name": "Fadhli",
            "real_name": "Fadhli",
            "display_name": "Fadhli",
            "team": "T5M5PLH8U",
            "name": "fadhliazinnuddin",
            "is_restricted": false,
            "is_ultra_restricted": false
        },
        "thread_ts": "1551796412.005200",
        "parent_user_id": "UE3JX8LUT"
    },
    {
        "client_msg_id": "573095b3-b7e7-4744-874c-968cab344472",
        "type": "message",
        "text": "Because, I am not yet money to buy your project from france",
        "user": "UE3JX8LUT",
        "ts": "1552030677.011100",
        "team": "T5M5PLH8U",
        "user_team": "T5M5PLH8U",
        "source_team": "T5M5PLH8U",
        "user_profile": {
            "avatar_hash": "a9159a929398",
            "image_72": "https:\/\/avatars.slack-edge.com\/2018-11-15\/479026488288_a9159a929398c4006149_72.jpg",
            "first_name": "Fadhli",
            "real_name": "Fadhli",
            "display_name": "Fadhli",
            "team": "T5M5PLH8U",
            "name": "fadhliazinnuddin",
            "is_restricted": false,
            "is_ultra_restricted": false
        },
        "thread_ts": "1551796412.005200",
        "parent_user_id": "UE3JX8LUT"
    },
    {
        "client_msg_id": "6620733f-3440-4561-b3e0-8fde1e7a1e82",
        "type": "message",
        "text": "Where I can know component needed to placement on pcb un0rick?",
        "user": "UE3JX8LUT",
        "ts": "1552030738.011300",
        "team": "T5M5PLH8U",
        "user_team": "T5M5PLH8U",
        "source_team": "T5M5PLH8U",
        "user_profile": {
            "avatar_hash": "a9159a929398",
            "image_72": "https:\/\/avatars.slack-edge.com\/2018-11-15\/479026488288_a9159a929398c4006149_72.jpg",
            "first_name": "Fadhli",
            "real_name": "Fadhli",
            "display_name": "Fadhli",
            "team": "T5M5PLH8U",
            "name": "fadhliazinnuddin",
            "is_restricted": false,
            "is_ultra_restricted": false
        },
        "thread_ts": "1551796412.005200",
        "parent_user_id": "UE3JX8LUT"
    },
    {
        "client_msg_id": "20cec359-d544-47c5-915a-1ecfc04c3460",
        "type": "message",
        "text": "Example : fpga type etc",
        "user": "UE3JX8LUT",
        "ts": "1552030765.011500",
        "team": "T5M5PLH8U",
        "user_team": "T5M5PLH8U",
        "source_team": "T5M5PLH8U",
        "user_profile": {
            "avatar_hash": "a9159a929398",
            "image_72": "https:\/\/avatars.slack-edge.com\/2018-11-15\/479026488288_a9159a929398c4006149_72.jpg",
            "first_name": "Fadhli",
            "real_name": "Fadhli",
            "display_name": "Fadhli",
            "team": "T5M5PLH8U",
            "name": "fadhliazinnuddin",
            "is_restricted": false,
            "is_ultra_restricted": false
        },
        "thread_ts": "1551796412.005200",
        "parent_user_id": "UE3JX8LUT"
    },
    {
        "client_msg_id": "bbdb5357-608c-41be-b12c-25bc0a8be419",
        "type": "message",
        "text": "You have bom and pick and place files in same folder",
        "user": "U5M5PLH9S",
        "ts": "1552030879.011700",
        "team": "T5M5PLH8U",
        "user_team": "T5M5PLH8U",
        "source_team": "T5M5PLH8U",
        "user_profile": {
            "avatar_hash": "e4fb6ae9f526",
            "image_72": "https:\/\/avatars.slack-edge.com\/2017-06-01\/191144530514_e4fb6ae9f526531fd41c_72.jpg",
            "first_name": "",
            "real_name": "kelu",
            "display_name": "",
            "team": "T5M5PLH8U",
            "name": "kelu",
            "is_restricted": false,
            "is_ultra_restricted": false
        },
        "thread_ts": "1551796412.005200",
        "parent_user_id": "UE3JX8LUT"
    },
    {
        "client_msg_id": "4406f85c-82e1-42bb-9d83-faffd831c888",
        "type": "message",
        "text": "Not yet",
        "user": "UE3JX8LUT",
        "ts": "1552031094.011900",
        "team": "T5M5PLH8U",
        "user_team": "T5M5PLH8U",
        "source_team": "T5M5PLH8U",
        "user_profile": {
            "avatar_hash": "a9159a929398",
            "image_72": "https:\/\/avatars.slack-edge.com\/2018-11-15\/479026488288_a9159a929398c4006149_72.jpg",
            "first_name": "Fadhli",
            "real_name": "Fadhli",
            "display_name": "Fadhli",
            "team": "T5M5PLH8U",
            "name": "fadhliazinnuddin",
            "is_restricted": false,
            "is_ultra_restricted": false
        },
        "thread_ts": "1551796412.005200",
        "parent_user_id": "UE3JX8LUT"
    },
    {
        "client_msg_id": "5ac3c9b7-dab9-4f21-86e5-46d02b6cf3fc",
        "type": "message",
        "text": "Yes, in <https:\/\/github.com\/kelu124\/un0rick\/tree\/master\/hardware\/v1.1> folder you have a file called bom, it is the bom. The xyrs is the pick and place",
        "user": "U5M5PLH9S",
        "ts": "1552031243.012100",
        "team": "T5M5PLH8U",
        "user_team": "T5M5PLH8U",
        "source_team": "T5M5PLH8U",
        "user_profile": {
            "avatar_hash": "e4fb6ae9f526",
            "image_72": "https:\/\/avatars.slack-edge.com\/2017-06-01\/191144530514_e4fb6ae9f526531fd41c_72.jpg",
            "first_name": "",
            "real_name": "kelu",
            "display_name": "",
            "team": "T5M5PLH8U",
            "name": "kelu",
            "is_restricted": false,
            "is_ultra_restricted": false
        },
        "thread_ts": "1551796412.005200",
        "parent_user_id": "UE3JX8LUT"
    }
]