[
    {
        "type": "message",
        "text": "Hi <!channel>, been working on a fast 101 documentation of the un0rick board, see attached - would be glad to have some feedback with respect to it being easily understandable or not.\nAs a bonus, this PDF not only has the documentation.. but if you rename it as a zip file, it will become a zip that contains the hardware and software codes, as well as an acquisition example :smiley:",
        "files": [
            {
                "id": "FM8G42UKX",
                "created": 1565434472,
                "timestamp": 1565434472,
                "name": "un0poly.pdf",
                "title": "un0poly.pdf",
                "mimetype": "application\/pdf",
                "filetype": "pdf",
                "pretty_type": "PDF",
                "user": "U5M5PLH9S",
                "editable": false,
                "size": 4441770,
                "mode": "hosted",
                "is_external": false,
                "external_type": "",
                "is_public": true,
                "public_url_shared": false,
                "display_as_bot": false,
                "username": "",
                "url_private": "https:\/\/files.slack.com\/files-pri\/T5M5PLH8U-FM8G42UKX\/un0poly.pdf?t=xoxe-191193697300-1501897281926-1505540481365-290cf54ffdfc380367c1af72479de92b",
                "url_private_download": "https:\/\/files.slack.com\/files-pri\/T5M5PLH8U-FM8G42UKX\/download\/un0poly.pdf?t=xoxe-191193697300-1501897281926-1505540481365-290cf54ffdfc380367c1af72479de92b",
                "thumb_pdf": "https:\/\/files.slack.com\/files-tmb\/T5M5PLH8U-FM8G42UKX-046c73e454\/un0poly_thumb_pdf.png?t=xoxe-191193697300-1501897281926-1505540481365-290cf54ffdfc380367c1af72479de92b",
                "thumb_pdf_w": 935,
                "thumb_pdf_h": 1210,
                "permalink": "https:\/\/usdevkit.slack.com\/files\/U5M5PLH9S\/FM8G42UKX\/un0poly.pdf",
                "permalink_public": "https:\/\/slack-files.com\/T5M5PLH8U-FM8G42UKX-aede312cf3",
                "is_starred": false,
                "has_rich_preview": false
            }
        ],
        "upload": true,
        "user": "U5M5PLH9S",
        "display_as_bot": false,
        "ts": "1565434473.019700",
        "client_msg_id": "168e36bf-8f03-47f7-9e9f-dd175286a5fc",
        "thread_ts": "1565434473.019700",
        "reply_count": 1,
        "reply_users_count": 1,
        "latest_reply": "1565813246.028700",
        "reply_users": [
            "U5M5PLH9S"
        ],
        "replies": [
            {
                "user": "U5M5PLH9S",
                "ts": "1565813246.028700"
            }
        ],
        "subscribed": true,
        "last_read": "1565813246.028700",
        "reactions": [
            {
                "name": "raised_hands",
                "users": [
                    "U8Z3VB1T2"
                ],
                "count": 1
            }
        ]
    }
]