[
    {
        "client_msg_id": "e1e58b69-ff08-4029-89fe-4932844720e8",
        "type": "message",
        "text": "Salut Kelu,\nI am in fact an assistant professor in Texas (pour l'instant, quoi), but I may have plans to come spend next summer in Paris as a visiting professor (a l'institut Langevin). My knowledge of electronics and RPI is very basic, but I'll be vacuuming all the information I can get my hands on.",
        "user": "UKV93F6H1",
        "ts": "1562750326.026900",
        "team": "T5M5PLH8U",
        "user_team": "T5M5PLH8U",
        "source_team": "T5M5PLH8U",
        "user_profile": {
            "avatar_hash": "g6d2c177ce08",
            "image_72": "https:\/\/secure.gravatar.com\/avatar\/f6d2c177ce0816bb3e535fb753f0d9c7.jpg?s=72&d=https%3A%2F%2Fa.slack-edge.com%2Fdf10d%2Fimg%2Favatars%2Fava_0015-72.png",
            "first_name": "",
            "real_name": "Julien Chaput",
            "display_name": "Julien Chaput",
            "team": "T5M5PLH8U",
            "name": "jchaput82",
            "is_restricted": false,
            "is_ultra_restricted": false
        },
        "edited": {
            "user": "UKV93F6H1",
            "ts": "1562750358.000000"
        },
        "thread_ts": "1562463563.026400",
        "parent_user_id": "UKV93F6H1"
    },
    {
        "client_msg_id": "e9d4b652-3e37-45f6-ba9d-a6d096ac807d",
        "type": "message",
        "text": "The first thing I'd like to try, is to simply emit a continuous MHz wave (single frequency) from a piezo and record the raw waveform at another piezo. Then, switch the source and receiver, such that the first now listens and the second records.\nFrom reading here, it seems like eventually I'll be wanting to set up an external multiplexed ADC (since eventually I'll be wanting as many as 1000+ piezos). Any suggestions (de base)?\nA+",
        "user": "UKV93F6H1",
        "ts": "1562750629.027200",
        "team": "T5M5PLH8U",
        "user_team": "T5M5PLH8U",
        "source_team": "T5M5PLH8U",
        "user_profile": {
            "avatar_hash": "g6d2c177ce08",
            "image_72": "https:\/\/secure.gravatar.com\/avatar\/f6d2c177ce0816bb3e535fb753f0d9c7.jpg?s=72&d=https%3A%2F%2Fa.slack-edge.com%2Fdf10d%2Fimg%2Favatars%2Fava_0015-72.png",
            "first_name": "",
            "real_name": "Julien Chaput",
            "display_name": "Julien Chaput",
            "team": "T5M5PLH8U",
            "name": "jchaput82",
            "is_restricted": false,
            "is_ultra_restricted": false
        },
        "edited": {
            "user": "UKV93F6H1",
            "ts": "1562752336.000000"
        },
        "thread_ts": "1562463563.026400",
        "parent_user_id": "UKV93F6H1"
    },
    {
        "client_msg_id": "4604a113-de38-4589-acc9-8a8205858859",
        "type": "message",
        "text": "Hey, I happen to know quite a few at l'institut langevin, I did my studies at l'espci and worked with the ondes et acoustique lab. Happy to chat :)",
        "user": "U5M5PLH9S",
        "ts": "1562754321.027500",
        "team": "T5M5PLH8U",
        "user_team": "T5M5PLH8U",
        "source_team": "T5M5PLH8U",
        "user_profile": {
            "avatar_hash": "e4fb6ae9f526",
            "image_72": "https:\/\/avatars.slack-edge.com\/2017-06-01\/191144530514_e4fb6ae9f526531fd41c_72.jpg",
            "first_name": "",
            "real_name": "kelu",
            "display_name": "",
            "team": "T5M5PLH8U",
            "name": "kelu",
            "is_restricted": false,
            "is_ultra_restricted": false
        },
        "thread_ts": "1562463563.026400",
        "parent_user_id": "UKV93F6H1"
    },
    {
        "client_msg_id": "144174de-28a3-4237-b86b-2a9624303703",
        "type": "message",
        "text": "Hum the board was designed for pulse transmit \/echo receive, not continuous emission. Still, I guess you could tweak the fpga to send a square wave. Since TX and rx are separated, you could try indeed. \nYup, for what you want to try you may want to mux it.",
        "user": "U5M5PLH9S",
        "ts": "1562754454.027700",
        "team": "T5M5PLH8U",
        "user_team": "T5M5PLH8U",
        "source_team": "T5M5PLH8U",
        "user_profile": {
            "avatar_hash": "e4fb6ae9f526",
            "image_72": "https:\/\/avatars.slack-edge.com\/2017-06-01\/191144530514_e4fb6ae9f526531fd41c_72.jpg",
            "first_name": "",
            "real_name": "kelu",
            "display_name": "",
            "team": "T5M5PLH8U",
            "name": "kelu",
            "is_restricted": false,
            "is_ultra_restricted": false
        },
        "thread_ts": "1562463563.026400",
        "parent_user_id": "UKV93F6H1"
    },
    {
        "type": "message",
        "text": "An idea for muxing",
        "files": [
            {
                "id": "FL9F76H7W",
                "created": 1562754857,
                "timestamp": 1562754857,
                "name": "block-diag-max14688.jpg",
                "title": "block-diag-max14688.jpg",
                "mimetype": "image\/jpeg",
                "filetype": "jpg",
                "pretty_type": "JPEG",
                "user": "U5M5PLH9S",
                "editable": false,
                "size": 41836,
                "mode": "hosted",
                "is_external": false,
                "external_type": "",
                "is_public": true,
                "public_url_shared": false,
                "display_as_bot": false,
                "username": "",
                "url_private": "https:\/\/files.slack.com\/files-pri\/T5M5PLH8U-FL9F76H7W\/block-diag-max14688.jpg?t=xoxe-191193697300-1501897281926-1505540481365-290cf54ffdfc380367c1af72479de92b",
                "url_private_download": "https:\/\/files.slack.com\/files-pri\/T5M5PLH8U-FL9F76H7W\/download\/block-diag-max14688.jpg?t=xoxe-191193697300-1501897281926-1505540481365-290cf54ffdfc380367c1af72479de92b",
                "thumb_64": "https:\/\/files.slack.com\/files-tmb\/T5M5PLH8U-FL9F76H7W-b5edfcdf4d\/block-diag-max14688_64.jpg?t=xoxe-191193697300-1501897281926-1505540481365-290cf54ffdfc380367c1af72479de92b",
                "thumb_80": "https:\/\/files.slack.com\/files-tmb\/T5M5PLH8U-FL9F76H7W-b5edfcdf4d\/block-diag-max14688_80.jpg?t=xoxe-191193697300-1501897281926-1505540481365-290cf54ffdfc380367c1af72479de92b",
                "thumb_360": "https:\/\/files.slack.com\/files-tmb\/T5M5PLH8U-FL9F76H7W-b5edfcdf4d\/block-diag-max14688_360.jpg?t=xoxe-191193697300-1501897281926-1505540481365-290cf54ffdfc380367c1af72479de92b",
                "thumb_360_w": 360,
                "thumb_360_h": 203,
                "thumb_480": "https:\/\/files.slack.com\/files-tmb\/T5M5PLH8U-FL9F76H7W-b5edfcdf4d\/block-diag-max14688_480.jpg?t=xoxe-191193697300-1501897281926-1505540481365-290cf54ffdfc380367c1af72479de92b",
                "thumb_480_w": 480,
                "thumb_480_h": 270,
                "thumb_160": "https:\/\/files.slack.com\/files-tmb\/T5M5PLH8U-FL9F76H7W-b5edfcdf4d\/block-diag-max14688_160.jpg?t=xoxe-191193697300-1501897281926-1505540481365-290cf54ffdfc380367c1af72479de92b",
                "thumb_720": "https:\/\/files.slack.com\/files-tmb\/T5M5PLH8U-FL9F76H7W-b5edfcdf4d\/block-diag-max14688_720.jpg?t=xoxe-191193697300-1501897281926-1505540481365-290cf54ffdfc380367c1af72479de92b",
                "thumb_720_w": 720,
                "thumb_720_h": 405,
                "thumb_800": "https:\/\/files.slack.com\/files-tmb\/T5M5PLH8U-FL9F76H7W-b5edfcdf4d\/block-diag-max14688_800.jpg?t=xoxe-191193697300-1501897281926-1505540481365-290cf54ffdfc380367c1af72479de92b",
                "thumb_800_w": 800,
                "thumb_800_h": 450,
                "image_exif_rotation": 1,
                "original_w": 911,
                "original_h": 513,
                "permalink": "https:\/\/usdevkit.slack.com\/files\/U5M5PLH9S\/FL9F76H7W\/block-diag-max14688.jpg",
                "permalink_public": "https:\/\/slack-files.com\/T5M5PLH8U-FL9F76H7W-6caa7de20c",
                "is_starred": false,
                "has_rich_preview": false
            }
        ],
        "upload": true,
        "user": "U5M5PLH9S",
        "display_as_bot": false,
        "ts": "1562754857.027900",
        "client_msg_id": "3017a32f-cc0a-47a6-aab0-7f5581298669",
        "thread_ts": "1562463563.026400",
        "parent_user_id": "UKV93F6H1"
    },
    {
        "client_msg_id": "6072d115-107c-4e05-af6a-4247d991eb6d",
        "type": "message",
        "text": "Ah, super ca! Tu connais Alexandre Aubry? On publie ensemble dans le domaine geophysique, un truc pour vastement ameliorer l'imagerie de la sorte qui t'interesse (c'est a dire, une version fortement modifiee de l'imagerie confocale classique).",
        "user": "UKV93F6H1",
        "ts": "1562804352.028300",
        "team": "T5M5PLH8U",
        "user_team": "T5M5PLH8U",
        "source_team": "T5M5PLH8U",
        "user_profile": {
            "avatar_hash": "g6d2c177ce08",
            "image_72": "https:\/\/secure.gravatar.com\/avatar\/f6d2c177ce0816bb3e535fb753f0d9c7.jpg?s=72&d=https%3A%2F%2Fa.slack-edge.com%2Fdf10d%2Fimg%2Favatars%2Fava_0015-72.png",
            "first_name": "",
            "real_name": "Julien Chaput",
            "display_name": "Julien Chaput",
            "team": "T5M5PLH8U",
            "name": "jchaput82",
            "is_restricted": false,
            "is_ultra_restricted": false
        },
        "thread_ts": "1562463563.026400",
        "parent_user_id": "UKV93F6H1"
    },
    {
        "client_msg_id": "b3a96ee6-a2c2-438c-8568-b5c9f95a9e39",
        "type": "message",
        "text": "Par contre, le processing est completement DSP. Sur un autre point, la phase et l'amplitude de la reception pour ce que j'envisage sont tres importantes, donc le signal brut (sans processing sur le hardware) est ce que je voudrait enrigistrer.",
        "user": "UKV93F6H1",
        "ts": "1562808728.028500",
        "team": "T5M5PLH8U",
        "user_team": "T5M5PLH8U",
        "source_team": "T5M5PLH8U",
        "user_profile": {
            "avatar_hash": "g6d2c177ce08",
            "image_72": "https:\/\/secure.gravatar.com\/avatar\/f6d2c177ce0816bb3e535fb753f0d9c7.jpg?s=72&d=https%3A%2F%2Fa.slack-edge.com%2Fdf10d%2Fimg%2Favatars%2Fava_0015-72.png",
            "first_name": "",
            "real_name": "Julien Chaput",
            "display_name": "Julien Chaput",
            "team": "T5M5PLH8U",
            "name": "jchaput82",
            "is_restricted": false,
            "is_ultra_restricted": false
        },
        "thread_ts": "1562463563.026400",
        "parent_user_id": "UKV93F6H1"
    },
    {
        "client_msg_id": "6521af09-ade7-40df-9026-f2361d0e34be",
        "type": "message",
        "text": "where did you get this probe?? do you know Link??:slightly_smiling_face:",
        "user": "UCN7FCH7A",
        "ts": "1562811422.028700",
        "team": "T5M5PLH8U",
        "user_team": "T5M5PLH8U",
        "source_team": "T5M5PLH8U",
        "user_profile": {
            "avatar_hash": "b2addb4e0275",
            "image_72": "https:\/\/avatars.slack-edge.com\/2018-09-11\/433005054914_b2addb4e0275fc61a63d_72.jpg",
            "first_name": "LimSongHyun",
            "real_name": "LimSongHyun",
            "display_name": "shcup2002",
            "team": "T5M5PLH8U",
            "name": "shcup2002",
            "is_restricted": false,
            "is_ultra_restricted": false
        },
        "thread_ts": "1562409983.022700",
        "parent_user_id": "U5M5PLH9S"
    }
]