[
    {
        "client_msg_id": "f8ee0438-3e1e-4b43-bd8f-d14a30a762a9",
        "type": "message",
        "text": "Just learned what is the TGC is used for, <@U5M5PLH9S> are you planning to replace it?",
        "user": "U019BD4E8LX",
        "ts": "1599574437.001400",
        "team": "T5M5PLH8U",
        "user_team": "T5M5PLH8U",
        "source_team": "T5M5PLH8U",
        "user_profile": {
            "avatar_hash": "g8241a45759c",
            "image_72": "https:\/\/secure.gravatar.com\/avatar\/8241a45759c3d2b9408084591b734e39.jpg?s=72&d=https%3A%2F%2Fa.slack-edge.com%2Fdf10d%2Fimg%2Favatars%2Fava_0007-72.png",
            "first_name": "",
            "real_name": "Carlos Diaz",
            "display_name": "",
            "team": "T5M5PLH8U",
            "name": "carlos.santiago.diaz",
            "is_restricted": false,
            "is_ultra_restricted": false
        },
        "blocks": [
            {
                "type": "rich_text",
                "block_id": "K1P\/d",
                "elements": [
                    {
                        "type": "rich_text_section",
                        "elements": [
                            {
                                "type": "text",
                                "text": "Just learned what is the TGC is used for, "
                            },
                            {
                                "type": "user",
                                "user_id": "U5M5PLH9S"
                            },
                            {
                                "type": "text",
                                "text": " are you planning to replace it?"
                            }
                        ]
                    }
                ]
            }
        ]
    },
    {
        "client_msg_id": "c35c94e8-907b-4f8d-b2df-f0cc5e9c55a3",
        "type": "message",
        "text": "The time gain compensation ? It's part of the necessary amp ahead of the ADC, part if lna,  part is vga,  planning on keeping it, why?",
        "user": "U5M5PLH9S",
        "ts": "1599576266.001500",
        "team": "T5M5PLH8U",
        "user_team": "T5M5PLH8U",
        "source_team": "T5M5PLH8U",
        "user_profile": {
            "avatar_hash": "e4fb6ae9f526",
            "image_72": "https:\/\/avatars.slack-edge.com\/2017-06-01\/191144530514_e4fb6ae9f526531fd41c_72.jpg",
            "first_name": "",
            "real_name": "kelu",
            "display_name": "",
            "team": "T5M5PLH8U",
            "name": "kelu",
            "is_restricted": false,
            "is_ultra_restricted": false
        },
        "blocks": [
            {
                "type": "rich_text",
                "block_id": "=HoyM",
                "elements": [
                    {
                        "type": "rich_text_section",
                        "elements": [
                            {
                                "type": "text",
                                "text": "The time gain compensation ? It's part of the necessary amp ahead of the ADC, part if lna,  part is vga,  planning on keeping it, why?"
                            }
                        ]
                    }
                ]
            }
        ],
        "thread_ts": "1599576266.001500",
        "reply_count": 5,
        "reply_users_count": 2,
        "latest_reply": "1599909019.007700",
        "reply_users": [
            "U019BD4E8LX",
            "U5M5PLH9S"
        ],
        "replies": [
            {
                "user": "U019BD4E8LX",
                "ts": "1599614286.001800"
            },
            {
                "user": "U019BD4E8LX",
                "ts": "1599614431.002000"
            },
            {
                "user": "U019BD4E8LX",
                "ts": "1599614470.002200"
            },
            {
                "user": "U5M5PLH9S",
                "ts": "1599625905.002600"
            },
            {
                "user": "U5M5PLH9S",
                "ts": "1599909019.007700"
            }
        ],
        "subscribed": true,
        "last_read": "1599909019.007700"
    },
    {
        "client_msg_id": "32a2257c-1c42-4cca-8071-0245dbaa2c23",
        "type": "message",
        "text": "Nothing really, I remembered you commented it's an expensive part. I haven't took a look at the adc circuit yet.",
        "user": "U019BD4E8LX",
        "ts": "1599614286.001800",
        "team": "T5M5PLH8U",
        "user_team": "T5M5PLH8U",
        "source_team": "T5M5PLH8U",
        "user_profile": {
            "avatar_hash": "g8241a45759c",
            "image_72": "https:\/\/secure.gravatar.com\/avatar\/8241a45759c3d2b9408084591b734e39.jpg?s=72&d=https%3A%2F%2Fa.slack-edge.com%2Fdf10d%2Fimg%2Favatars%2Fava_0007-72.png",
            "first_name": "",
            "real_name": "Carlos Diaz",
            "display_name": "",
            "team": "T5M5PLH8U",
            "name": "carlos.santiago.diaz",
            "is_restricted": false,
            "is_ultra_restricted": false
        },
        "blocks": [
            {
                "type": "rich_text",
                "block_id": "N7CS",
                "elements": [
                    {
                        "type": "rich_text_section",
                        "elements": [
                            {
                                "type": "text",
                                "text": "Nothing really, I remembered you commented it's an expensive part. I haven't took a look at the adc circuit yet."
                            }
                        ]
                    }
                ]
            }
        ],
        "thread_ts": "1599576266.001500",
        "parent_user_id": "U5M5PLH9S"
    },
    {
        "client_msg_id": "5be30543-a66f-47d6-9905-b061963aa99e",
        "type": "message",
        "text": "On my school's experiment we knew the distance between the two transceivers, so we didn't need the adaptive part, and we were amplifying the received signal with an off the shelf amplifier. The end goal was to somewhat amplify the received signal with the PSoCs internal PGA and opamps.",
        "user": "U019BD4E8LX",
        "ts": "1599614431.002000",
        "team": "T5M5PLH8U",
        "user_team": "T5M5PLH8U",
        "source_team": "T5M5PLH8U",
        "user_profile": {
            "avatar_hash": "g8241a45759c",
            "image_72": "https:\/\/secure.gravatar.com\/avatar\/8241a45759c3d2b9408084591b734e39.jpg?s=72&d=https%3A%2F%2Fa.slack-edge.com%2Fdf10d%2Fimg%2Favatars%2Fava_0007-72.png",
            "first_name": "",
            "real_name": "Carlos Diaz",
            "display_name": "",
            "team": "T5M5PLH8U",
            "name": "carlos.santiago.diaz",
            "is_restricted": false,
            "is_ultra_restricted": false
        },
        "blocks": [
            {
                "type": "rich_text",
                "block_id": "t60b",
                "elements": [
                    {
                        "type": "rich_text_section",
                        "elements": [
                            {
                                "type": "text",
                                "text": "On my school's experiment we knew the distance between the two transceivers, so we didn't need the adaptive part, and we were amplifying the received signal with an off the shelf amplifier. The end goal was to somewhat amplify the received signal with the PSoCs internal PGA and opamps."
                            }
                        ]
                    }
                ]
            }
        ],
        "thread_ts": "1599576266.001500",
        "parent_user_id": "U5M5PLH9S"
    },
    {
        "client_msg_id": "43841887-2cb3-4f78-949f-612f9d3b7495",
        "type": "message",
        "text": "And then to the ADC running at 1MHz, but I never reached that part.",
        "user": "U019BD4E8LX",
        "ts": "1599614470.002200",
        "team": "T5M5PLH8U",
        "user_team": "T5M5PLH8U",
        "source_team": "T5M5PLH8U",
        "user_profile": {
            "avatar_hash": "g8241a45759c",
            "image_72": "https:\/\/secure.gravatar.com\/avatar\/8241a45759c3d2b9408084591b734e39.jpg?s=72&d=https%3A%2F%2Fa.slack-edge.com%2Fdf10d%2Fimg%2Favatars%2Fava_0007-72.png",
            "first_name": "",
            "real_name": "Carlos Diaz",
            "display_name": "",
            "team": "T5M5PLH8U",
            "name": "carlos.santiago.diaz",
            "is_restricted": false,
            "is_ultra_restricted": false
        },
        "blocks": [
            {
                "type": "rich_text",
                "block_id": "wB=V",
                "elements": [
                    {
                        "type": "rich_text_section",
                        "elements": [
                            {
                                "type": "text",
                                "text": "And then to the ADC running at 1MHz, but I never reached that part."
                            }
                        ]
                    }
                ]
            }
        ],
        "thread_ts": "1599576266.001500",
        "parent_user_id": "U5M5PLH9S"
    },
    {
        "type": "message",
        "subtype": "channel_join",
        "ts": "1599616857.002500",
        "user": "U01A7SLF2LD",
        "text": "<@U01A7SLF2LD> has joined the channel"
    },
    {
        "client_msg_id": "c422ce70-8e2f-4143-a8f4-f0b14807612d",
        "type": "message",
        "text": "Ah I see. Indeed, if all you want is a pure signal, then that's it. However, if you want to do analog envelop extraction before going to the MHz ADC, you may still want to put a LNA ahead of the ADC.",
        "user": "U5M5PLH9S",
        "ts": "1599625905.002600",
        "team": "T5M5PLH8U",
        "user_team": "T5M5PLH8U",
        "source_team": "T5M5PLH8U",
        "user_profile": {
            "avatar_hash": "e4fb6ae9f526",
            "image_72": "https:\/\/avatars.slack-edge.com\/2017-06-01\/191144530514_e4fb6ae9f526531fd41c_72.jpg",
            "first_name": "",
            "real_name": "kelu",
            "display_name": "",
            "team": "T5M5PLH8U",
            "name": "kelu",
            "is_restricted": false,
            "is_ultra_restricted": false
        },
        "blocks": [
            {
                "type": "rich_text",
                "block_id": "B2oUK",
                "elements": [
                    {
                        "type": "rich_text_section",
                        "elements": [
                            {
                                "type": "text",
                                "text": "Ah I see. Indeed, if all you want is a pure signal, then that's it. However, if you want to do analog envelop extraction before going to the MHz ADC, you may still want to put a LNA ahead of the ADC."
                            }
                        ]
                    }
                ]
            }
        ],
        "thread_ts": "1599576266.001500",
        "parent_user_id": "U5M5PLH9S"
    }
]