[
    {
        "client_msg_id": "2e85030e-070a-40ac-a033-4dcd7f7a7fdf",
        "type": "message",
        "text": "<@UFPCMHBA6>, I don't have experience with medical uses of ultrasound but, every single thickness measurement device I had in my hands used only negative pulses to excite the transducer. I've tested devices from General Electric, Krautkramer, Mistras, etc... All of this use a negative pulse of -160V to -250V. By the tests done by <@U5M5PLH9S> looks like the results are almost the same, so I'm still a bit confused.",
        "user": "UFCS7CKPD",
        "ts": "1602581011.003800",
        "team": "T5M5PLH8U",
        "user_team": "T5M5PLH8U",
        "source_team": "T5M5PLH8U",
        "user_profile": {
            "avatar_hash": "g1e384a0d103",
            "image_72": "https:\/\/secure.gravatar.com\/avatar\/b1e384a0d10360cda1cbae6e2b35ef69.jpg?s=72&d=https%3A%2F%2Fa.slack-edge.com%2Fdf10d%2Fimg%2Favatars%2Fava_0007-72.png",
            "first_name": "",
            "real_name": "Jorge Arija",
            "display_name": "",
            "team": "T5M5PLH8U",
            "name": "jarija",
            "is_restricted": false,
            "is_ultra_restricted": false
        },
        "blocks": [
            {
                "type": "rich_text",
                "block_id": "GW\/",
                "elements": [
                    {
                        "type": "rich_text_section",
                        "elements": [
                            {
                                "type": "user",
                                "user_id": "UFPCMHBA6"
                            },
                            {
                                "type": "text",
                                "text": ", I don't have experience with medical uses of ultrasound but, every single thickness measurement device I had in my hands used only negative pulses to excite the transducer. I've tested devices from General Electric, Krautkramer, Mistras, etc... All of this use a negative pulse of -160V to -250V. By the tests done by "
                            },
                            {
                                "type": "user",
                                "user_id": "U5M5PLH9S"
                            },
                            {
                                "type": "text",
                                "text": " looks like the results are almost the same, so I'm still a bit confused."
                            }
                        ]
                    }
                ]
            }
        ],
        "reactions": [
            {
                "name": "nerd_face",
                "users": [
                    "U5M5PLH9S"
                ],
                "count": 1
            }
        ]
    }
]