[
    {
        "type": "message",
        "subtype": "channel_join",
        "ts": "1605082201.000400",
        "user": "U01EA0SQTHC",
        "text": "<@U01EA0SQTHC> has joined the channel"
    },
    {
        "client_msg_id": "834d7b56-5d16-4a7f-b8f1-fdd0302668a9",
        "type": "message",
        "text": "Dear all,\nWe are students from <https:\/\/www.frugalscience.org\/|Frugal Science> course conducted by Prof. Manu Prakash. The objective of this course is to make tools frugally. Our team converged on making low cost medical ultrasound (US) for low-resource setting. Our work can be found <https:\/\/www.notion.so\/Team-Swiftlet-f57b65663d6a433180530b387ccb4265|here>.\nOur team consists of students (medical doctor undergrads and biosciene undergrad) and someone working in the healthcare space. Our knowledge around hardware (and software) is very limited. Hence, the questions we are going to ask maybe too basic. I apologize for this.\nOur aim, having researched CMUT-based US and piezoelectric based US, is to try making an US using single-piezo based ultrasound. The aim for us is to understand the different hardware\/software processes involved in making a US. From there, our-objective would be to improve low-cost US for medical applications.\nThis brings me to some of the basic questions\/clarifications I had like to make (again apologies for my ignorance)\n1.      This project offers two methods to make US– modular (get all the different modules and assemble DIY) or a board with all hardware already integrated\n2.      For the integrated method, I see three choices – un0rick, lit3rick and matty. Is this right? What are the differences?\n3.      For the probe, we have two choices – salvage a probe like ATL3 or get piezo material plus a servo to mechanically move the piezo for image acquisition\n4.      What sort of image processing is required? Can they be done using Python? Are there any libraries for this purpose?\n5.      For a decent medical US image – how much is it due to hardware and how much is it due to software?\n6.      For medical imaging, in your experience, where should be focus?\n\nAgain, thanks a lot for your time and apologies for my ignorance.\nAppreciate all feedbacks.\nThanks.\nRegards,",
        "user": "U01E1PT1A8P",
        "ts": "1605151729.000600",
        "team": "T5M5PLH8U",
        "user_team": "T5M5PLH8U",
        "source_team": "T5M5PLH8U",
        "user_profile": {
            "avatar_hash": "ba564e674bd7",
            "image_72": "https:\/\/avatars.slack-edge.com\/2020-11-10\/1498711891252_ba564e674bd70b629b7c_72.png",
            "first_name": "",
            "real_name": "Mohamed Arshath",
            "display_name": "Mohamed Arshath",
            "team": "T5M5PLH8U",
            "name": "marshath",
            "is_restricted": false,
            "is_ultra_restricted": false
        },
        "blocks": [
            {
                "type": "rich_text",
                "block_id": "ySbn",
                "elements": [
                    {
                        "type": "rich_text_section",
                        "elements": [
                            {
                                "type": "text",
                                "text": "Dear all,\nWe are students from "
                            },
                            {
                                "type": "link",
                                "url": "https:\/\/www.frugalscience.org\/",
                                "text": "Frugal Science"
                            },
                            {
                                "type": "text",
                                "text": " course conducted by Prof. Manu Prakash. The objective of this course is to make tools frugally. Our team converged on making low cost medical ultrasound (US) for low-resource setting. Our work can be found "
                            },
                            {
                                "type": "link",
                                "url": "https:\/\/www.notion.so\/Team-Swiftlet-f57b65663d6a433180530b387ccb4265",
                                "text": "here"
                            },
                            {
                                "type": "text",
                                "text": ".\nOur team consists of students (medical doctor undergrads and biosciene undergrad) and someone working in the healthcare space. Our knowledge around hardware (and software) is very limited. Hence, the questions we are going to ask maybe too basic. I apologize for this.\nOur aim, having researched CMUT-based US and piezoelectric based US, is to try making an US using single-piezo based ultrasound. The aim for us is to understand the different hardware\/software processes involved in making a US. From there, our-objective would be to improve low-cost US for medical applications.\nThis brings me to some of the basic questions\/clarifications I had like to make (again apologies for my ignorance)\n1.      This project offers two methods to make US– modular (get all the different modules and assemble DIY) or a board with all hardware already integrated\n2.      For the integrated method, I see three choices – un0rick, lit3rick and matty. Is this right? What are the differences?\n3.      For the probe, we have two choices – salvage a probe like ATL3 or get piezo material plus a servo to mechanically move the piezo for image acquisition\n4.      What sort of image processing is required? Can they be done using Python? Are there any libraries for this purpose?\n5.      For a decent medical US image – how much is it due to hardware and how much is it due to software?\n6.      For medical imaging, in your experience, where should be focus?\n\nAgain, thanks a lot for your time and apologies for my ignorance.\nAppreciate all feedbacks.\nThanks.\nRegards,"
                            }
                        ]
                    }
                ]
            }
        ]
    }
]