[
    {
        "client_msg_id": "992D8C3B-A95A-4609-A42C-B0AAD81F7D1E",
        "type": "message",
        "text": "Really interesting thanks",
        "user": "U6E49CNV6",
        "ts": "1593103767.000600",
        "team": "T5M5PLH8U",
        "user_team": "T5M5PLH8U",
        "source_team": "T5M5PLH8U",
        "user_profile": {
            "avatar_hash": "g080a90c5285",
            "image_72": "https:\/\/secure.gravatar.com\/avatar\/7080a90c528526f8129488e607562782.jpg?s=72&d=https%3A%2F%2Fa.slack-edge.com%2Fdf10d%2Fimg%2Favatars%2Fava_0018-72.png",
            "first_name": "Morgan",
            "real_name": "Morgan Hough",
            "display_name": "mhough",
            "team": "T5M5PLH8U",
            "name": "mhough",
            "is_restricted": false,
            "is_ultra_restricted": false
        },
        "blocks": [
            {
                "type": "rich_text",
                "block_id": "+sa5",
                "elements": [
                    {
                        "type": "rich_text_section",
                        "elements": [
                            {
                                "type": "text",
                                "text": "Really interesting thanks"
                            }
                        ]
                    }
                ]
            }
        ],
        "thread_ts": "1592497859.000500",
        "parent_user_id": "U5M5PLH9S"
    },
    {
        "client_msg_id": "48853E56-A7F8-45E8-BCE9-E5515353F27A",
        "type": "message",
        "text": "An overview of neuromodulatory tFUS <https:\/\/www.sciencemag.org\/news\/2020\/06\/aiming-ultrasound-brain-raises-hope-new-treatments|https:\/\/www.sciencemag.org\/news\/2020\/06\/aiming-ultrasound-brain-raises-hope-new-treatments>",
        "user": "U6E49CNV6",
        "ts": "1593103844.001600",
        "team": "T5M5PLH8U",
        "user_team": "T5M5PLH8U",
        "source_team": "T5M5PLH8U",
        "user_profile": {
            "avatar_hash": "g080a90c5285",
            "image_72": "https:\/\/secure.gravatar.com\/avatar\/7080a90c528526f8129488e607562782.jpg?s=72&d=https%3A%2F%2Fa.slack-edge.com%2Fdf10d%2Fimg%2Favatars%2Fava_0018-72.png",
            "first_name": "Morgan",
            "real_name": "Morgan Hough",
            "display_name": "mhough",
            "team": "T5M5PLH8U",
            "name": "mhough",
            "is_restricted": false,
            "is_ultra_restricted": false
        },
        "attachments": [
            {
                "service_name": "Science | AAAS",
                "title": "Aiming ultrasound at the brain raises hope of new treatments",
                "title_link": "https:\/\/www.sciencemag.org\/news\/2020\/06\/aiming-ultrasound-brain-raises-hope-new-treatments",
                "text": "Approach could lead to new ways to treat epilepsy, depression, and Alzheimer's disease",
                "fallback": "Science | AAAS: Aiming ultrasound at the brain raises hope of new treatments",
                "image_url": "https:\/\/www.sciencemag.org\/sites\/default\/files\/styles\/article_main_large\/public\/ca_0626NID_Ultrasound_online.jpg?itok=kT4QGGd2",
                "image_width": 444,
                "image_height": 250,
                "ts": 1593019800,
                "from_url": "https:\/\/www.sciencemag.org\/news\/2020\/06\/aiming-ultrasound-brain-raises-hope-new-treatments",
                "image_bytes": 198943,
                "service_icon": "https:\/\/www.sciencemag.org\/sites\/default\/files\/favicon.ico",
                "id": 1,
                "original_url": "https:\/\/www.sciencemag.org\/news\/2020\/06\/aiming-ultrasound-brain-raises-hope-new-treatments"
            }
        ],
        "blocks": [
            {
                "type": "rich_text",
                "block_id": "58yU",
                "elements": [
                    {
                        "type": "rich_text_section",
                        "elements": [
                            {
                                "type": "text",
                                "text": "An overview of neuromodulatory tFUS "
                            },
                            {
                                "type": "link",
                                "url": "https:\/\/www.sciencemag.org\/news\/2020\/06\/aiming-ultrasound-brain-raises-hope-new-treatments",
                                "text": "https:\/\/www.sciencemag.org\/news\/2020\/06\/aiming-ultrasound-brain-raises-hope-new-treatments"
                            }
                        ]
                    }
                ]
            }
        ],
        "thread_ts": "1593103844.001600",
        "reply_count": 4,
        "reply_users_count": 2,
        "latest_reply": "1593273131.002300",
        "reply_users": [
            "U5M5PLH9S",
            "U6E49CNV6"
        ],
        "replies": [
            {
                "user": "U5M5PLH9S",
                "ts": "1593174485.000100"
            },
            {
                "user": "U5M5PLH9S",
                "ts": "1593272888.000300"
            },
            {
                "user": "U6E49CNV6",
                "ts": "1593273064.002100"
            },
            {
                "user": "U5M5PLH9S",
                "ts": "1593273131.002300"
            }
        ],
        "subscribed": true,
        "last_read": "1593273131.002300"
    }
]