[
    {
        "type": "message",
        "text": "For information, that's this mix between sqrt and log (taking the best of both works to get even smaller signals) as you see below on a real case. And it's even quicker from a digital perspective compared to the sqrt or log solutions.\n\n( <https:\/\/github.com\/kelu124\/echomods\/tree\/master\/matty\/LawA> )",
        "files": [
            {
                "id": "F0189KFCA7R",
                "created": 1597236994,
                "timestamp": 1597236994,
                "name": "image.png",
                "title": "image.png",
                "mimetype": "image\/png",
                "filetype": "png",
                "pretty_type": "PNG",
                "user": "U5M5PLH9S",
                "editable": false,
                "size": 195976,
                "mode": "hosted",
                "is_external": false,
                "external_type": "",
                "is_public": true,
                "public_url_shared": false,
                "display_as_bot": false,
                "username": "",
                "url_private": "https:\/\/files.slack.com\/files-pri\/T5M5PLH8U-F0189KFCA7R\/image.png?t=xoxe-191193697300-1501897281926-1505540481365-290cf54ffdfc380367c1af72479de92b",
                "url_private_download": "https:\/\/files.slack.com\/files-pri\/T5M5PLH8U-F0189KFCA7R\/download\/image.png?t=xoxe-191193697300-1501897281926-1505540481365-290cf54ffdfc380367c1af72479de92b",
                "thumb_64": "https:\/\/files.slack.com\/files-tmb\/T5M5PLH8U-F0189KFCA7R-93237d42ce\/image_64.png?t=xoxe-191193697300-1501897281926-1505540481365-290cf54ffdfc380367c1af72479de92b",
                "thumb_80": "https:\/\/files.slack.com\/files-tmb\/T5M5PLH8U-F0189KFCA7R-93237d42ce\/image_80.png?t=xoxe-191193697300-1501897281926-1505540481365-290cf54ffdfc380367c1af72479de92b",
                "thumb_360": "https:\/\/files.slack.com\/files-tmb\/T5M5PLH8U-F0189KFCA7R-93237d42ce\/image_360.png?t=xoxe-191193697300-1501897281926-1505540481365-290cf54ffdfc380367c1af72479de92b",
                "thumb_360_w": 360,
                "thumb_360_h": 120,
                "thumb_480": "https:\/\/files.slack.com\/files-tmb\/T5M5PLH8U-F0189KFCA7R-93237d42ce\/image_480.png?t=xoxe-191193697300-1501897281926-1505540481365-290cf54ffdfc380367c1af72479de92b",
                "thumb_480_w": 480,
                "thumb_480_h": 160,
                "thumb_160": "https:\/\/files.slack.com\/files-tmb\/T5M5PLH8U-F0189KFCA7R-93237d42ce\/image_160.png?t=xoxe-191193697300-1501897281926-1505540481365-290cf54ffdfc380367c1af72479de92b",
                "thumb_720": "https:\/\/files.slack.com\/files-tmb\/T5M5PLH8U-F0189KFCA7R-93237d42ce\/image_720.png?t=xoxe-191193697300-1501897281926-1505540481365-290cf54ffdfc380367c1af72479de92b",
                "thumb_720_w": 720,
                "thumb_720_h": 240,
                "thumb_800": "https:\/\/files.slack.com\/files-tmb\/T5M5PLH8U-F0189KFCA7R-93237d42ce\/image_800.png?t=xoxe-191193697300-1501897281926-1505540481365-290cf54ffdfc380367c1af72479de92b",
                "thumb_800_w": 800,
                "thumb_800_h": 267,
                "thumb_960": "https:\/\/files.slack.com\/files-tmb\/T5M5PLH8U-F0189KFCA7R-93237d42ce\/image_960.png?t=xoxe-191193697300-1501897281926-1505540481365-290cf54ffdfc380367c1af72479de92b",
                "thumb_960_w": 960,
                "thumb_960_h": 320,
                "thumb_1024": "https:\/\/files.slack.com\/files-tmb\/T5M5PLH8U-F0189KFCA7R-93237d42ce\/image_1024.png?t=xoxe-191193697300-1501897281926-1505540481365-290cf54ffdfc380367c1af72479de92b",
                "thumb_1024_w": 1024,
                "thumb_1024_h": 341,
                "original_w": 1080,
                "original_h": 360,
                "thumb_tiny": "AwAQADDTNIMHPtSmmhACTigBcUjHaOnelpCMtz0xQAowRkH9aUVHtYDC05AQOaAP\/9k=",
                "permalink": "https:\/\/usdevkit.slack.com\/files\/U5M5PLH9S\/F0189KFCA7R\/image.png",
                "permalink_public": "https:\/\/slack-files.com\/T5M5PLH8U-F0189KFCA7R-5f01ecb17a",
                "is_starred": false,
                "has_rich_preview": false
            }
        ],
        "upload": false,
        "blocks": [
            {
                "type": "rich_text",
                "block_id": "Q5UV",
                "elements": [
                    {
                        "type": "rich_text_section",
                        "elements": [
                            {
                                "type": "text",
                                "text": "For information, that's this mix between sqrt and log (taking the best of both works to get even smaller signals) as you see below on a real case. And it's even quicker from a digital perspective compared to the sqrt or log solutions.\n\n( "
                            },
                            {
                                "type": "link",
                                "url": "https:\/\/github.com\/kelu124\/echomods\/tree\/master\/matty\/LawA"
                            },
                            {
                                "type": "text",
                                "text": " )"
                            }
                        ]
                    }
                ]
            }
        ],
        "user": "U5M5PLH9S",
        "display_as_bot": false,
        "ts": "1597237106.008400",
        "thread_ts": "1597165789.007300",
        "parent_user_id": "U5M5PLH9S"
    },
    {
        "client_msg_id": "59144377-6e9a-47d2-8474-531729e3a637",
        "type": "message",
        "text": "<@U8Z3VB1T2> in theory, having an i2s bus running at 192ksps, 2 channels, 3-byte words mean in practice a bandwidth similar to that of an SDR (though degraded I believe).",
        "user": "U5M5PLH9S",
        "ts": "1597237162.008800",
        "team": "T5M5PLH8U",
        "user_team": "T5M5PLH8U",
        "source_team": "T5M5PLH8U",
        "user_profile": {
            "avatar_hash": "e4fb6ae9f526",
            "image_72": "https:\/\/avatars.slack-edge.com\/2017-06-01\/191144530514_e4fb6ae9f526531fd41c_72.jpg",
            "first_name": "",
            "real_name": "kelu",
            "display_name": "",
            "team": "T5M5PLH8U",
            "name": "kelu",
            "is_restricted": false,
            "is_ultra_restricted": false
        },
        "blocks": [
            {
                "type": "rich_text",
                "block_id": "jsUWl",
                "elements": [
                    {
                        "type": "rich_text_section",
                        "elements": [
                            {
                                "type": "user",
                                "user_id": "U8Z3VB1T2"
                            },
                            {
                                "type": "text",
                                "text": " in theory, having an i2s bus running at 192ksps, 2 channels, 3-byte words mean in practice a bandwidth similar to that of an SDR (though degraded I believe)."
                            }
                        ]
                    }
                ]
            }
        ],
        "thread_ts": "1597165789.007300",
        "parent_user_id": "U5M5PLH9S"
    }
]