[
    {
        "client_msg_id": "5b881219-2dd4-4034-af31-3f954cc4ec39",
        "type": "message",
        "text": "Some interesting read : \"Quality Assessment of the Neural Algorithms on the Example of EIT-UST Hybrid Tomography\" - ping <@UGJ8GJGNR> <https:\/\/www.researchgate.net\/publication\/342135026_Quality_Assessment_of_the_Neural_Algorithms_on_the_Example_of_EIT-UST_Hybrid_Tomography>",
        "user": "U5M5PLH9S",
        "ts": "1592497859.000500",
        "team": "T5M5PLH8U",
        "user_team": "T5M5PLH8U",
        "source_team": "T5M5PLH8U",
        "user_profile": {
            "avatar_hash": "e4fb6ae9f526",
            "image_72": "https:\/\/avatars.slack-edge.com\/2017-06-01\/191144530514_e4fb6ae9f526531fd41c_72.jpg",
            "first_name": "",
            "real_name": "kelu",
            "display_name": "",
            "team": "T5M5PLH8U",
            "name": "kelu",
            "is_restricted": false,
            "is_ultra_restricted": false
        },
        "blocks": [
            {
                "type": "rich_text",
                "block_id": "KFmQz",
                "elements": [
                    {
                        "type": "rich_text_section",
                        "elements": [
                            {
                                "type": "text",
                                "text": "Some interesting read : \"Quality Assessment of the Neural Algorithms on the Example of EIT-UST Hybrid Tomography\" - ping "
                            },
                            {
                                "type": "user",
                                "user_id": "UGJ8GJGNR"
                            },
                            {
                                "type": "text",
                                "text": " "
                            },
                            {
                                "type": "link",
                                "url": "https:\/\/www.researchgate.net\/publication\/342135026_Quality_Assessment_of_the_Neural_Algorithms_on_the_Example_of_EIT-UST_Hybrid_Tomography"
                            }
                        ]
                    }
                ]
            }
        ],
        "thread_ts": "1592497859.000500",
        "reply_count": 2,
        "reply_users_count": 2,
        "latest_reply": "1593103767.000600",
        "reply_users": [
            "UGJ8GJGNR",
            "U6E49CNV6"
        ],
        "replies": [
            {
                "user": "UGJ8GJGNR",
                "ts": "1592544990.001600"
            },
            {
                "user": "U6E49CNV6",
                "ts": "1593103767.000600"
            }
        ],
        "subscribed": true,
        "last_read": "1593108114.000811"
    },
    {
        "client_msg_id": "83FD793F-93C6-40C8-952D-C27F59272E78",
        "type": "message",
        "text": "Go the hybrid modalities. Very interested in relationship between current and ultrasound",
        "user": "UGJ8GJGNR",
        "ts": "1592544990.001600",
        "team": "T5M5PLH8U",
        "user_team": "T5M5PLH8U",
        "source_team": "T5M5PLH8U",
        "user_profile": {
            "avatar_hash": "ga7943669895",
            "image_72": "https:\/\/secure.gravatar.com\/avatar\/4a7943669895590493fa45985c7c746a.jpg?s=72&d=https%3A%2F%2Fa.slack-edge.com%2Fdf10d%2Fimg%2Favatars%2Fava_0024-72.png",
            "first_name": "",
            "real_name": "Jean Rintoul",
            "display_name": "jeantoul",
            "team": "T5M5PLH8U",
            "name": "jean.rintoul",
            "is_restricted": false,
            "is_ultra_restricted": false
        },
        "blocks": [
            {
                "type": "rich_text",
                "block_id": "qj8",
                "elements": [
                    {
                        "type": "rich_text_section",
                        "elements": [
                            {
                                "type": "text",
                                "text": "Go the hybrid modalities. Very interested in relationship between current and ultrasound"
                            }
                        ]
                    }
                ]
            }
        ],
        "thread_ts": "1592497859.000500",
        "parent_user_id": "U5M5PLH9S",
        "reactions": [
            {
                "name": "+1",
                "users": [
                    "U5M5PLH9S",
                    "U8Z3VB1T2"
                ],
                "count": 2
            },
            {
                "name": "man-cartwheeling",
                "users": [
                    "U5M5PLH9S"
                ],
                "count": 1
            },
            {
                "name": "heart",
                "users": [
                    "U6E49CNV6"
                ],
                "count": 1
            }
        ]
    }
]