[
    {
        "client_msg_id": "cf7245d7-21c7-4ac9-b76e-e791e09094c8",
        "type": "message",
        "text": "We also discovered that some NDT piezos seem to be .. somehow.. polarized !",
        "user": "U5M5PLH9S",
        "ts": "1603458544.000400",
        "team": "T5M5PLH8U",
        "user_team": "T5M5PLH8U",
        "source_team": "T5M5PLH8U",
        "user_profile": {
            "avatar_hash": "e4fb6ae9f526",
            "image_72": "https:\/\/avatars.slack-edge.com\/2017-06-01\/191144530514_e4fb6ae9f526531fd41c_72.jpg",
            "first_name": "",
            "real_name": "kelu",
            "display_name": "",
            "team": "T5M5PLH8U",
            "name": "kelu",
            "is_restricted": false,
            "is_ultra_restricted": false
        },
        "blocks": [
            {
                "type": "rich_text",
                "block_id": "VAzP",
                "elements": [
                    {
                        "type": "rich_text_section",
                        "elements": [
                            {
                                "type": "text",
                                "text": "We also discovered that some NDT piezos seem to be .. somehow.. polarized !"
                            }
                        ]
                    }
                ]
            }
        ]
    },
    {
        "type": "message",
        "subtype": "channel_join",
        "ts": "1603459024.000600",
        "user": "U01DD9YA5B6",
        "text": "<@U01DD9YA5B6> has joined the channel"
    },
    {
        "client_msg_id": "48a76704-a69b-40f9-b9d3-c22fa2fd87ed",
        "type": "message",
        "text": "Welcome <@U01DD9YA5B6> :smiley:",
        "user": "U5M5PLH9S",
        "ts": "1603459115.000900",
        "team": "T5M5PLH8U",
        "user_team": "T5M5PLH8U",
        "source_team": "T5M5PLH8U",
        "user_profile": {
            "avatar_hash": "e4fb6ae9f526",
            "image_72": "https:\/\/avatars.slack-edge.com\/2017-06-01\/191144530514_e4fb6ae9f526531fd41c_72.jpg",
            "first_name": "",
            "real_name": "kelu",
            "display_name": "",
            "team": "T5M5PLH8U",
            "name": "kelu",
            "is_restricted": false,
            "is_ultra_restricted": false
        },
        "blocks": [
            {
                "type": "rich_text",
                "block_id": "sZg9P",
                "elements": [
                    {
                        "type": "rich_text_section",
                        "elements": [
                            {
                                "type": "text",
                                "text": "Welcome "
                            },
                            {
                                "type": "user",
                                "user_id": "U01DD9YA5B6"
                            },
                            {
                                "type": "text",
                                "text": " "
                            },
                            {
                                "type": "emoji",
                                "name": "smiley"
                            }
                        ]
                    }
                ]
            }
        ]
    },
    {
        "client_msg_id": "f11ca98d-2f90-42f8-8b24-7d95db8aab04",
        "type": "message",
        "text": "Hi All. Happy to join this discussion. I'm a researcher at National Research Council - Canada. Have been involved with ultrasonics for a while, mostly NDT. Now interested on monitoring applications (permanent sensor\/electronics). Our research is mostly on the sensor side, but we need electronics that is adapted to it. Just starting to test a lit3rick board. Great job Kelu!",
        "user": "U01DD9YA5B6",
        "ts": "1603460378.005700",
        "team": "T5M5PLH8U",
        "user_team": "T5M5PLH8U",
        "source_team": "T5M5PLH8U",
        "user_profile": {
            "avatar_hash": "d725de0fc2d1",
            "image_72": "https:\/\/avatars.slack-edge.com\/2020-10-23\/1449383526547_d725de0fc2d11939436c_72.jpg",
            "first_name": "",
            "real_name": "Silvio Kruger",
            "display_name": "Silvio Kruger",
            "team": "T5M5PLH8U",
            "name": "silvio.e.kruger",
            "is_restricted": false,
            "is_ultra_restricted": false
        },
        "blocks": [
            {
                "type": "rich_text",
                "block_id": "B2uVq",
                "elements": [
                    {
                        "type": "rich_text_section",
                        "elements": [
                            {
                                "type": "text",
                                "text": "Hi All. Happy to join this discussion. I'm a researcher at National Research Council - Canada. Have been involved with ultrasonics for a while, mostly NDT. Now interested on monitoring applications (permanent sensor\/electronics). Our research is mostly on the sensor side, but we need electronics that is adapted to it. Just starting to test a lit3rick board. Great job Kelu!"
                            }
                        ]
                    }
                ]
            }
        ],
        "thread_ts": "1603460378.005700",
        "reply_count": 2,
        "reply_users_count": 1,
        "latest_reply": "1603460543.006100",
        "reply_users": [
            "U5M5PLH9S"
        ],
        "replies": [
            {
                "user": "U5M5PLH9S",
                "ts": "1603460489.005900"
            },
            {
                "user": "U5M5PLH9S",
                "ts": "1603460543.006100"
            }
        ],
        "subscribed": true,
        "last_read": "1603460543.006100",
        "reactions": [
            {
                "name": "raised_hands",
                "users": [
                    "U5M5PLH9S",
                    "U019BD4E8LX"
                ],
                "count": 2
            }
        ]
    },
    {
        "client_msg_id": "df0b1bf9-141d-4109-8015-baefd6f4b8a1",
        "type": "message",
        "text": "Welcome, and happy to have you as an early adopter \/beta tester of the lit3rick series !",
        "user": "U5M5PLH9S",
        "ts": "1603460489.005900",
        "team": "T5M5PLH8U",
        "user_team": "T5M5PLH8U",
        "source_team": "T5M5PLH8U",
        "user_profile": {
            "avatar_hash": "e4fb6ae9f526",
            "image_72": "https:\/\/avatars.slack-edge.com\/2017-06-01\/191144530514_e4fb6ae9f526531fd41c_72.jpg",
            "first_name": "",
            "real_name": "kelu",
            "display_name": "",
            "team": "T5M5PLH8U",
            "name": "kelu",
            "is_restricted": false,
            "is_ultra_restricted": false
        },
        "blocks": [
            {
                "type": "rich_text",
                "block_id": "sLlWO",
                "elements": [
                    {
                        "type": "rich_text_section",
                        "elements": [
                            {
                                "type": "text",
                                "text": "Welcome, and happy to have you as an early adopter \/beta tester of the lit3rick series !"
                            }
                        ]
                    }
                ]
            }
        ],
        "thread_ts": "1603460378.005700",
        "parent_user_id": "U01DD9YA5B6"
    },
    {
        "client_msg_id": "d009818e-5918-4e9f-b165-6005bebaf572",
        "type": "message",
        "text": "I guess most of the first discussions will be in the <#CL0FKPP5K|lit3rick> channel with <@UFCS7CKPD>, but please do feel free to explore around and to ask any question, as needed.",
        "user": "U5M5PLH9S",
        "ts": "1603460543.006100",
        "team": "T5M5PLH8U",
        "user_team": "T5M5PLH8U",
        "source_team": "T5M5PLH8U",
        "user_profile": {
            "avatar_hash": "e4fb6ae9f526",
            "image_72": "https:\/\/avatars.slack-edge.com\/2017-06-01\/191144530514_e4fb6ae9f526531fd41c_72.jpg",
            "first_name": "",
            "real_name": "kelu",
            "display_name": "",
            "team": "T5M5PLH8U",
            "name": "kelu",
            "is_restricted": false,
            "is_ultra_restricted": false
        },
        "blocks": [
            {
                "type": "rich_text",
                "block_id": "q5D",
                "elements": [
                    {
                        "type": "rich_text_section",
                        "elements": [
                            {
                                "type": "text",
                                "text": "I guess most of the first discussions will be in the "
                            },
                            {
                                "type": "channel",
                                "channel_id": "CL0FKPP5K"
                            },
                            {
                                "type": "text",
                                "text": " channel with "
                            },
                            {
                                "type": "user",
                                "user_id": "UFCS7CKPD"
                            },
                            {
                                "type": "text",
                                "text": ", but please do feel free to explore around and to ask any question, as needed."
                            }
                        ]
                    }
                ]
            }
        ],
        "thread_ts": "1603460378.005700",
        "parent_user_id": "U01DD9YA5B6"
    },
    {
        "type": "message",
        "subtype": "channel_join",
        "ts": "1603461930.006400",
        "user": "U01CSGXJTJB",
        "text": "<@U01CSGXJTJB> has joined the channel",
        "reactions": [
            {
                "name": "wave",
                "users": [
                    "U5M5PLH9S"
                ],
                "count": 1
            }
        ]
    }
]