[
    {
        "client_msg_id": "358f1db7-5400-4744-acdd-5fd65339e37a",
        "type": "message",
        "text": "Hi yes I am using the raspberry pi 4 usb c power supply from their website.\n\nI tried multiple usb cables with same result.\n\nI am now using remote desktop from my windows laptop so I do not need mouse\/keyboard plugged into RPi",
        "user": "U01AEE7N8BV",
        "ts": "1599817552.005900",
        "team": "T5M5PLH8U",
        "user_team": "T5M5PLH8U",
        "source_team": "T5M5PLH8U",
        "user_profile": {
            "avatar_hash": "g60b2e269350",
            "image_72": "https:\/\/secure.gravatar.com\/avatar\/60b2e2693508f55426b2a560d064d357.jpg?s=72&d=https%3A%2F%2Fa.slack-edge.com%2Fdf10d%2Fimg%2Favatars%2Fava_0025-72.png",
            "first_name": "",
            "real_name": "Brodie O'Sullivan",
            "display_name": "Brodie O'Sullivan",
            "team": "T5M5PLH8U",
            "name": "b.osullivan",
            "is_restricted": false,
            "is_ultra_restricted": false
        },
        "edited": {
            "user": "U01AEE7N8BV",
            "ts": "1599817595.000000"
        },
        "blocks": [
            {
                "type": "rich_text",
                "block_id": "arYO",
                "elements": [
                    {
                        "type": "rich_text_section",
                        "elements": [
                            {
                                "type": "text",
                                "text": "Hi yes I am using the raspberry pi 4 usb c power supply from their website.\n\nI tried multiple usb cables with same result.\n\nI am now using remote desktop from my windows laptop so I do not need mouse\/keyboard plugged into RPi"
                            }
                        ]
                    }
                ]
            }
        ],
        "thread_ts": "1599735146.002900",
        "parent_user_id": "U01AEE7N8BV"
    },
    {
        "type": "message",
        "text": "Here is the RPi picture",
        "files": [
            {
                "id": "F01AHCKAL91",
                "created": 1599817651,
                "timestamp": 1599817651,
                "name": "rpi.jpg",
                "title": "rpi.jpg",
                "mimetype": "image\/jpeg",
                "filetype": "jpg",
                "pretty_type": "JPEG",
                "user": "U01AEE7N8BV",
                "editable": false,
                "size": 57249,
                "mode": "hosted",
                "is_external": false,
                "external_type": "",
                "is_public": true,
                "public_url_shared": false,
                "display_as_bot": false,
                "username": "",
                "url_private": "https:\/\/files.slack.com\/files-pri\/T5M5PLH8U-F01AHCKAL91\/rpi.jpg?t=xoxe-191193697300-1501897281926-1505540481365-290cf54ffdfc380367c1af72479de92b",
                "url_private_download": "https:\/\/files.slack.com\/files-pri\/T5M5PLH8U-F01AHCKAL91\/download\/rpi.jpg?t=xoxe-191193697300-1501897281926-1505540481365-290cf54ffdfc380367c1af72479de92b",
                "thumb_64": "https:\/\/files.slack.com\/files-tmb\/T5M5PLH8U-F01AHCKAL91-7c39fdb55e\/rpi_64.jpg?t=xoxe-191193697300-1501897281926-1505540481365-290cf54ffdfc380367c1af72479de92b",
                "thumb_80": "https:\/\/files.slack.com\/files-tmb\/T5M5PLH8U-F01AHCKAL91-7c39fdb55e\/rpi_80.jpg?t=xoxe-191193697300-1501897281926-1505540481365-290cf54ffdfc380367c1af72479de92b",
                "thumb_360": "https:\/\/files.slack.com\/files-tmb\/T5M5PLH8U-F01AHCKAL91-7c39fdb55e\/rpi_360.jpg?t=xoxe-191193697300-1501897281926-1505540481365-290cf54ffdfc380367c1af72479de92b",
                "thumb_360_w": 270,
                "thumb_360_h": 360,
                "thumb_480": "https:\/\/files.slack.com\/files-tmb\/T5M5PLH8U-F01AHCKAL91-7c39fdb55e\/rpi_480.jpg?t=xoxe-191193697300-1501897281926-1505540481365-290cf54ffdfc380367c1af72479de92b",
                "thumb_480_w": 360,
                "thumb_480_h": 480,
                "thumb_160": "https:\/\/files.slack.com\/files-tmb\/T5M5PLH8U-F01AHCKAL91-7c39fdb55e\/rpi_160.jpg?t=xoxe-191193697300-1501897281926-1505540481365-290cf54ffdfc380367c1af72479de92b",
                "thumb_720": "https:\/\/files.slack.com\/files-tmb\/T5M5PLH8U-F01AHCKAL91-7c39fdb55e\/rpi_720.jpg?t=xoxe-191193697300-1501897281926-1505540481365-290cf54ffdfc380367c1af72479de92b",
                "thumb_720_w": 540,
                "thumb_720_h": 720,
                "thumb_800": "https:\/\/files.slack.com\/files-tmb\/T5M5PLH8U-F01AHCKAL91-7c39fdb55e\/rpi_800.jpg?t=xoxe-191193697300-1501897281926-1505540481365-290cf54ffdfc380367c1af72479de92b",
                "thumb_800_w": 600,
                "thumb_800_h": 800,
                "thumb_960": "https:\/\/files.slack.com\/files-tmb\/T5M5PLH8U-F01AHCKAL91-7c39fdb55e\/rpi_960.jpg?t=xoxe-191193697300-1501897281926-1505540481365-290cf54ffdfc380367c1af72479de92b",
                "thumb_960_w": 720,
                "thumb_960_h": 960,
                "original_w": 720,
                "original_h": 960,
                "thumb_tiny": "AwAwACS4KcKbmlBoAbP\/AKh\/901GDl4R2C7v0\/8Ar065bbbufaqQuQHU9vLxj3pMZHcNvnY+9Rc0NnNJz70Aakknl4yM5qE3oBI24IqDzZWB8wce4qAnnjpTYjQM4nj2MuM9cGmJHEsg4YnOAD6Uy2VWfDNtAHWp2Q7cryAcZ96lgTGzhJztx9DSfYofQ\/nVgdKWgZmSQsw4xUYtGJ5NW0dXXKnIpwq7CuV0s2P\/AC0\/SrCW7gbTKSuc4xT1NSg1LQDqKKKBn\/\/Z",
                "permalink": "https:\/\/usdevkit.slack.com\/files\/U01AEE7N8BV\/F01AHCKAL91\/rpi.jpg",
                "permalink_public": "https:\/\/slack-files.com\/T5M5PLH8U-F01AHCKAL91-b47060809b",
                "is_starred": false,
                "has_rich_preview": false
            }
        ],
        "upload": false,
        "blocks": [
            {
                "type": "rich_text",
                "block_id": "FFi",
                "elements": [
                    {
                        "type": "rich_text_section",
                        "elements": [
                            {
                                "type": "text",
                                "text": "Here is the RPi picture"
                            }
                        ]
                    }
                ]
            }
        ],
        "user": "U01AEE7N8BV",
        "display_as_bot": false,
        "ts": "1599817672.006200",
        "thread_ts": "1599735146.002900",
        "parent_user_id": "U01AEE7N8BV"
    },
    {
        "client_msg_id": "988dfbe6-bc5c-4fc5-b99a-3d4afc91cca0",
        "type": "message",
        "text": "I mean, a picture of the un0rick board",
        "user": "U5M5PLH9S",
        "ts": "1599818505.006600",
        "team": "T5M5PLH8U",
        "user_team": "T5M5PLH8U",
        "source_team": "T5M5PLH8U",
        "user_profile": {
            "avatar_hash": "e4fb6ae9f526",
            "image_72": "https:\/\/avatars.slack-edge.com\/2017-06-01\/191144530514_e4fb6ae9f526531fd41c_72.jpg",
            "first_name": "",
            "real_name": "kelu",
            "display_name": "",
            "team": "T5M5PLH8U",
            "name": "kelu",
            "is_restricted": false,
            "is_ultra_restricted": false
        },
        "blocks": [
            {
                "type": "rich_text",
                "block_id": "lGPn",
                "elements": [
                    {
                        "type": "rich_text_section",
                        "elements": [
                            {
                                "type": "text",
                                "text": "I mean, a picture of the un0rick board"
                            }
                        ]
                    }
                ]
            }
        ],
        "thread_ts": "1599735146.002900",
        "parent_user_id": "U01AEE7N8BV"
    },
    {
        "client_msg_id": "f3b3a478-a63a-49a4-acda-d642236e7ed9",
        "type": "message",
        "text": "maybe a jumper is set wrong and could cause a short ? (edit: or, alternatively, did you have the chance to check visually if you did some soldering ?)",
        "user": "U5M5PLH9S",
        "ts": "1599818522.006800",
        "team": "T5M5PLH8U",
        "user_team": "T5M5PLH8U",
        "source_team": "T5M5PLH8U",
        "user_profile": {
            "avatar_hash": "e4fb6ae9f526",
            "image_72": "https:\/\/avatars.slack-edge.com\/2017-06-01\/191144530514_e4fb6ae9f526531fd41c_72.jpg",
            "first_name": "",
            "real_name": "kelu",
            "display_name": "",
            "team": "T5M5PLH8U",
            "name": "kelu",
            "is_restricted": false,
            "is_ultra_restricted": false
        },
        "edited": {
            "user": "U5M5PLH9S",
            "ts": "1599819010.000000"
        },
        "blocks": [
            {
                "type": "rich_text",
                "block_id": "kqM",
                "elements": [
                    {
                        "type": "rich_text_section",
                        "elements": [
                            {
                                "type": "text",
                                "text": "maybe a jumper is set wrong and could cause a short ? (edit: or, alternatively, did you have the chance to check visually if you did some soldering ?)"
                            }
                        ]
                    }
                ]
            }
        ],
        "thread_ts": "1599735146.002900",
        "parent_user_id": "U01AEE7N8BV"
    }
]