[
    {
        "client_msg_id": "0132c997-3adb-4705-a987-cc53611d56c3",
        "type": "message",
        "text": "With balanced do you mean bipolar hv rails ? If so, that was the behavior of the circuit we did 3 years ago. I don't remember if the receiver pvdf element also generated a negative signal.\nWith the positive only hv rail are you getting a positive only signal on the receiver? I don't remember if I saw it on your experiment notes.",
        "user": "U019BD4E8LX",
        "ts": "1599313865.000100",
        "team": "T5M5PLH8U",
        "user_team": "T5M5PLH8U",
        "source_team": "T5M5PLH8U",
        "user_profile": {
            "avatar_hash": "g8241a45759c",
            "image_72": "https:\/\/secure.gravatar.com\/avatar\/8241a45759c3d2b9408084591b734e39.jpg?s=72&d=https%3A%2F%2Fa.slack-edge.com%2Fdf10d%2Fimg%2Favatars%2Fava_0007-72.png",
            "first_name": "",
            "real_name": "Carlos Diaz",
            "display_name": "",
            "team": "T5M5PLH8U",
            "name": "carlos.santiago.diaz",
            "is_restricted": false,
            "is_ultra_restricted": false
        },
        "blocks": [
            {
                "type": "rich_text",
                "block_id": "3lDI3",
                "elements": [
                    {
                        "type": "rich_text_section",
                        "elements": [
                            {
                                "type": "text",
                                "text": "With balanced do you mean bipolar hv rails ? If so, that was the behavior of the circuit we did 3 years ago. I don't remember if the receiver pvdf element also generated a negative signal.\nWith the positive only hv rail are you getting a positive only signal on the receiver? I don't remember if I saw it on your experiment notes."
                            }
                        ]
                    }
                ]
            }
        ],
        "thread_ts": "1599065549.004500",
        "parent_user_id": "U5M5PLH9S"
    },
    {
        "client_msg_id": "c1428533-6609-4814-b6d0-a420c5d3f4e8",
        "type": "message",
        "text": "Is the un0rick hdl source available? I think the only place I've seen it is turning the PDF file into a Zip file and the VHDL source is available in there, am I right?",
        "user": "U019BD4E8LX",
        "ts": "1599317105.000100",
        "team": "T5M5PLH8U",
        "user_team": "T5M5PLH8U",
        "source_team": "T5M5PLH8U",
        "user_profile": {
            "avatar_hash": "g8241a45759c",
            "image_72": "https:\/\/secure.gravatar.com\/avatar\/8241a45759c3d2b9408084591b734e39.jpg?s=72&d=https%3A%2F%2Fa.slack-edge.com%2Fdf10d%2Fimg%2Favatars%2Fava_0007-72.png",
            "first_name": "",
            "real_name": "Carlos Diaz",
            "display_name": "",
            "team": "T5M5PLH8U",
            "name": "carlos.santiago.diaz",
            "is_restricted": false,
            "is_ultra_restricted": false
        },
        "blocks": [
            {
                "type": "rich_text",
                "block_id": "4Jg",
                "elements": [
                    {
                        "type": "rich_text_section",
                        "elements": [
                            {
                                "type": "text",
                                "text": "Is the un0rick hdl source available? I think the only place I've seen it is turning the PDF file into a Zip file and the VHDL source is available in there, am I right?"
                            }
                        ]
                    }
                ]
            }
        ],
        "thread_ts": "1599065271.003700",
        "parent_user_id": "U5M5PLH9S"
    }
]