[
    {
        "client_msg_id": "4250438e-5065-4b86-9bcf-39c07a21421b",
        "type": "message",
        "text": "Thanks. I am not exactly sure of the probes yet, but I have asked for some with a water squirter system integrated. Does your system support these two-element sensors?",
        "user": "U019B6Q6YD9",
        "ts": "1598167077.000300",
        "team": "T5M5PLH8U",
        "user_team": "T5M5PLH8U",
        "source_team": "T5M5PLH8U",
        "user_profile": {
            "avatar_hash": "79a2f98003ff",
            "image_72": "https:\/\/avatars.slack-edge.com\/2020-08-22\/1323208606052_79a2f98003ffaebfbd55_72.jpg",
            "first_name": "",
            "real_name": "Tuomas Tiainen",
            "display_name": "Tuomas Tiainen",
            "team": "T5M5PLH8U",
            "name": "tiaintu",
            "is_restricted": false,
            "is_ultra_restricted": false
        },
        "blocks": [
            {
                "type": "rich_text",
                "block_id": "pse",
                "elements": [
                    {
                        "type": "rich_text_section",
                        "elements": [
                            {
                                "type": "text",
                                "text": "Thanks. I am not exactly sure of the probes yet, but I have asked for some with a water squirter system integrated. Does your system support these two-element sensors?"
                            }
                        ]
                    }
                ]
            }
        ],
        "thread_ts": "1598112591.004900",
        "parent_user_id": "U019B6Q6YD9"
    },
    {
        "client_msg_id": "91f5b641-6455-42c4-b304-e7822d6fd701",
        "type": "message",
        "text": "And for the thickness measurement, what kind of signals do I get from the ADC and how should these be processed",
        "user": "U019B6Q6YD9",
        "ts": "1598167120.000500",
        "team": "T5M5PLH8U",
        "user_team": "T5M5PLH8U",
        "source_team": "T5M5PLH8U",
        "user_profile": {
            "avatar_hash": "79a2f98003ff",
            "image_72": "https:\/\/avatars.slack-edge.com\/2020-08-22\/1323208606052_79a2f98003ffaebfbd55_72.jpg",
            "first_name": "",
            "real_name": "Tuomas Tiainen",
            "display_name": "Tuomas Tiainen",
            "team": "T5M5PLH8U",
            "name": "tiaintu",
            "is_restricted": false,
            "is_ultra_restricted": false
        },
        "blocks": [
            {
                "type": "rich_text",
                "block_id": "R2WKM",
                "elements": [
                    {
                        "type": "rich_text_section",
                        "elements": [
                            {
                                "type": "text",
                                "text": "And for the thickness measurement, what kind of signals do I get from the ADC and how should these be processed"
                            }
                        ]
                    }
                ]
            }
        ],
        "thread_ts": "1598112591.004900",
        "parent_user_id": "U019B6Q6YD9"
    },
    {
        "client_msg_id": "f75c76c3-d41b-4441-a755-bfe6943880c8",
        "type": "message",
        "text": "Is these some kind of built in peak detection",
        "user": "U019B6Q6YD9",
        "ts": "1598167129.000700",
        "team": "T5M5PLH8U",
        "user_team": "T5M5PLH8U",
        "source_team": "T5M5PLH8U",
        "user_profile": {
            "avatar_hash": "79a2f98003ff",
            "image_72": "https:\/\/avatars.slack-edge.com\/2020-08-22\/1323208606052_79a2f98003ffaebfbd55_72.jpg",
            "first_name": "",
            "real_name": "Tuomas Tiainen",
            "display_name": "Tuomas Tiainen",
            "team": "T5M5PLH8U",
            "name": "tiaintu",
            "is_restricted": false,
            "is_ultra_restricted": false
        },
        "blocks": [
            {
                "type": "rich_text",
                "block_id": "N8tx6",
                "elements": [
                    {
                        "type": "rich_text_section",
                        "elements": [
                            {
                                "type": "text",
                                "text": "Is these some kind of built in peak detection"
                            }
                        ]
                    }
                ]
            }
        ],
        "thread_ts": "1598112591.004900",
        "parent_user_id": "U019B6Q6YD9"
    },
    {
        "client_msg_id": "6592bbe2-b7bd-4046-8bec-91a71e3c79a7",
        "type": "message",
        "text": "<@U5M5PLH9S> thanks for the link to Keshuai’s work. It seems I was thinking in right direction with doing it with a cheaper open source 3D printer, though I’m a bit surprised there is nothing like this commercially available yet… or there is - I found a professional ultrasound scanning stage for 12000 pounds that looks nice. Having the ability to quantitatively scan both US and E-fields seems like a key thing to be able to do.",
        "user": "UGJ8GJGNR",
        "ts": "1598171917.002400",
        "team": "T5M5PLH8U",
        "user_team": "T5M5PLH8U",
        "source_team": "T5M5PLH8U",
        "user_profile": {
            "avatar_hash": "ga7943669895",
            "image_72": "https:\/\/secure.gravatar.com\/avatar\/4a7943669895590493fa45985c7c746a.jpg?s=72&d=https%3A%2F%2Fa.slack-edge.com%2Fdf10d%2Fimg%2Favatars%2Fava_0024-72.png",
            "first_name": "",
            "real_name": "Jean Rintoul",
            "display_name": "jeantoul",
            "team": "T5M5PLH8U",
            "name": "jean.rintoul",
            "is_restricted": false,
            "is_ultra_restricted": false
        },
        "edited": {
            "user": "UGJ8GJGNR",
            "ts": "1598172087.000000"
        },
        "blocks": [
            {
                "type": "rich_text",
                "block_id": "6FIB",
                "elements": [
                    {
                        "type": "rich_text_section",
                        "elements": [
                            {
                                "type": "user",
                                "user_id": "U5M5PLH9S"
                            },
                            {
                                "type": "text",
                                "text": " thanks for the link to Keshuai’s work. It seems I was thinking in right direction with doing it with a cheaper open source 3D printer, though I’m a bit surprised there is nothing like this commercially available yet… or there is - I found a professional ultrasound scanning stage for 12000 pounds that looks nice. Having the ability to quantitatively scan both US and E-fields seems like a key thing to be able to do."
                            }
                        ]
                    }
                ]
            }
        ],
        "reactions": [
            {
                "name": "+1",
                "users": [
                    "U5M5PLH9S"
                ],
                "count": 1
            }
        ]
    },
    {
        "client_msg_id": "507a0319-3251-448c-9ad5-a3e6eb738cb3",
        "type": "message",
        "text": "You may want to chat with <@UFPCMHBA6> who did something similar, on a xy plane device.\nI had put a few positioning related papers too in our meta paper :)",
        "user": "U5M5PLH9S",
        "ts": "1598173505.004500",
        "team": "T5M5PLH8U",
        "user_team": "T5M5PLH8U",
        "source_team": "T5M5PLH8U",
        "user_profile": {
            "avatar_hash": "e4fb6ae9f526",
            "image_72": "https:\/\/avatars.slack-edge.com\/2017-06-01\/191144530514_e4fb6ae9f526531fd41c_72.jpg",
            "first_name": "",
            "real_name": "kelu",
            "display_name": "",
            "team": "T5M5PLH8U",
            "name": "kelu",
            "is_restricted": false,
            "is_ultra_restricted": false
        },
        "blocks": [
            {
                "type": "rich_text",
                "block_id": "3Sx",
                "elements": [
                    {
                        "type": "rich_text_section",
                        "elements": [
                            {
                                "type": "text",
                                "text": "You may want to chat with "
                            },
                            {
                                "type": "user",
                                "user_id": "UFPCMHBA6"
                            },
                            {
                                "type": "text",
                                "text": " who did something similar, on a xy plane device.\nI had put a few positioning related papers too in our meta paper :)"
                            }
                        ]
                    }
                ]
            }
        ],
        "thread_ts": "1598173505.004500",
        "reply_count": 1,
        "reply_users_count": 1,
        "latest_reply": "1598436780.000700",
        "reply_users": [
            "U5M5PLH9S"
        ],
        "replies": [
            {
                "user": "U5M5PLH9S",
                "ts": "1598436780.000700"
            }
        ],
        "subscribed": true,
        "last_read": "1598436780.000700",
        "reactions": [
            {
                "name": "+1",
                "users": [
                    "UGJ8GJGNR"
                ],
                "count": 1
            }
        ]
    },
    {
        "client_msg_id": "adb1ec6c-244f-429e-ab9e-a95128d43b30",
        "type": "message",
        "text": "Ouch.. tough one. If you need some measurements, let me know :)",
        "user": "U5M5PLH9S",
        "ts": "1598173548.004600",
        "team": "T5M5PLH8U",
        "user_team": "T5M5PLH8U",
        "source_team": "T5M5PLH8U",
        "user_profile": {
            "avatar_hash": "e4fb6ae9f526",
            "image_72": "https:\/\/avatars.slack-edge.com\/2017-06-01\/191144530514_e4fb6ae9f526531fd41c_72.jpg",
            "first_name": "",
            "real_name": "kelu",
            "display_name": "",
            "team": "T5M5PLH8U",
            "name": "kelu",
            "is_restricted": false,
            "is_ultra_restricted": false
        },
        "blocks": [
            {
                "type": "rich_text",
                "block_id": "ATy",
                "elements": [
                    {
                        "type": "rich_text_section",
                        "elements": [
                            {
                                "type": "text",
                                "text": "Ouch.. tough one. If you need some measurements, let me know :)"
                            }
                        ]
                    }
                ]
            }
        ],
        "thread_ts": "1583075540.005700",
        "parent_user_id": "UUB3X49B4"
    },
    {
        "client_msg_id": "46392877-1ebf-4e7e-bcc5-1eacaf592e50",
        "type": "message",
        "text": "Heya, I did a few ndt experiments with dual sensors <https:\/\/github.com\/kelu124\/echomods\/blob\/master\/matty\/20190404a\/20190404a-NDT.ipynb|https:\/\/github.com\/kelu124\/echomods\/blob\/master\/matty\/20190404a\/20190404a-NDT.ipynb>",
        "user": "U5M5PLH9S",
        "ts": "1598174009.004800",
        "team": "T5M5PLH8U",
        "user_team": "T5M5PLH8U",
        "source_team": "T5M5PLH8U",
        "user_profile": {
            "avatar_hash": "e4fb6ae9f526",
            "image_72": "https:\/\/avatars.slack-edge.com\/2017-06-01\/191144530514_e4fb6ae9f526531fd41c_72.jpg",
            "first_name": "",
            "real_name": "kelu",
            "display_name": "",
            "team": "T5M5PLH8U",
            "name": "kelu",
            "is_restricted": false,
            "is_ultra_restricted": false
        },
        "blocks": [
            {
                "type": "rich_text",
                "block_id": "3Qhhn",
                "elements": [
                    {
                        "type": "rich_text_section",
                        "elements": [
                            {
                                "type": "text",
                                "text": "Heya, I did a few ndt experiments with dual sensors "
                            },
                            {
                                "type": "link",
                                "url": "https:\/\/github.com\/kelu124\/echomods\/blob\/master\/matty\/20190404a\/20190404a-NDT.ipynb",
                                "text": "https:\/\/github.com\/kelu124\/echomods\/blob\/master\/matty\/20190404a\/20190404a-NDT.ipynb"
                            }
                        ]
                    }
                ]
            }
        ],
        "thread_ts": "1598112591.004900",
        "parent_user_id": "U019B6Q6YD9"
    },
    {
        "client_msg_id": "5c758fd5-9ef4-4309-b712-1fcb7d24b462",
        "type": "message",
        "text": "You 'll see a few of raw signals.",
        "user": "U5M5PLH9S",
        "ts": "1598174022.005000",
        "team": "T5M5PLH8U",
        "user_team": "T5M5PLH8U",
        "source_team": "T5M5PLH8U",
        "user_profile": {
            "avatar_hash": "e4fb6ae9f526",
            "image_72": "https:\/\/avatars.slack-edge.com\/2017-06-01\/191144530514_e4fb6ae9f526531fd41c_72.jpg",
            "first_name": "",
            "real_name": "kelu",
            "display_name": "",
            "team": "T5M5PLH8U",
            "name": "kelu",
            "is_restricted": false,
            "is_ultra_restricted": false
        },
        "blocks": [
            {
                "type": "rich_text",
                "block_id": "gVdC",
                "elements": [
                    {
                        "type": "rich_text_section",
                        "elements": [
                            {
                                "type": "text",
                                "text": "You 'll see a few of raw signals."
                            }
                        ]
                    }
                ]
            }
        ],
        "thread_ts": "1598112591.004900",
        "parent_user_id": "U019B6Q6YD9"
    },
    {
        "client_msg_id": "c4ec36ca-5a15-45aa-9ea6-663180a42454",
        "type": "message",
        "text": "Hardware supports dual elements - I am doing 1000 acquisitions \/ sec at the moment.",
        "user": "U5M5PLH9S",
        "ts": "1598174068.005200",
        "team": "T5M5PLH8U",
        "user_team": "T5M5PLH8U",
        "source_team": "T5M5PLH8U",
        "user_profile": {
            "avatar_hash": "e4fb6ae9f526",
            "image_72": "https:\/\/avatars.slack-edge.com\/2017-06-01\/191144530514_e4fb6ae9f526531fd41c_72.jpg",
            "first_name": "",
            "real_name": "kelu",
            "display_name": "",
            "team": "T5M5PLH8U",
            "name": "kelu",
            "is_restricted": false,
            "is_ultra_restricted": false
        },
        "blocks": [
            {
                "type": "rich_text",
                "block_id": "Bu3h",
                "elements": [
                    {
                        "type": "rich_text_section",
                        "elements": [
                            {
                                "type": "text",
                                "text": "Hardware supports dual elements - I am doing 1000 acquisitions \/ sec at the moment."
                            }
                        ]
                    }
                ]
            }
        ],
        "thread_ts": "1598112591.004900",
        "parent_user_id": "U019B6Q6YD9"
    },
    {
        "client_msg_id": "96066d6d-eb04-4d9d-a278-58bdabfbbacf",
        "type": "message",
        "text": "Depends on your setup but i guess you can have the same.",
        "user": "U5M5PLH9S",
        "ts": "1598174086.005400",
        "team": "T5M5PLH8U",
        "user_team": "T5M5PLH8U",
        "source_team": "T5M5PLH8U",
        "user_profile": {
            "avatar_hash": "e4fb6ae9f526",
            "image_72": "https:\/\/avatars.slack-edge.com\/2017-06-01\/191144530514_e4fb6ae9f526531fd41c_72.jpg",
            "first_name": "",
            "real_name": "kelu",
            "display_name": "",
            "team": "T5M5PLH8U",
            "name": "kelu",
            "is_restricted": false,
            "is_ultra_restricted": false
        },
        "blocks": [
            {
                "type": "rich_text",
                "block_id": "ropzU",
                "elements": [
                    {
                        "type": "rich_text_section",
                        "elements": [
                            {
                                "type": "text",
                                "text": "Depends on your setup but i guess you can have the same."
                            }
                        ]
                    }
                ]
            }
        ],
        "thread_ts": "1598112591.004900",
        "parent_user_id": "U019B6Q6YD9"
    },
    {
        "client_msg_id": "e6f9df06-bb27-4d92-9f3f-f33c56a16c69",
        "type": "message",
        "text": "Here we have <https:\/\/github.com\/kelu124\/echomods\/blob\/master\/matty\/20190329a\/photos\/P_20190329_214504.jpg|https:\/\/github.com\/kelu124\/echomods\/blob\/master\/matty\/20190329a\/photos\/P_20190329_214504.jpg> as setup",
        "user": "U5M5PLH9S",
        "ts": "1598174234.005600",
        "team": "T5M5PLH8U",
        "user_team": "T5M5PLH8U",
        "source_team": "T5M5PLH8U",
        "user_profile": {
            "avatar_hash": "e4fb6ae9f526",
            "image_72": "https:\/\/avatars.slack-edge.com\/2017-06-01\/191144530514_e4fb6ae9f526531fd41c_72.jpg",
            "first_name": "",
            "real_name": "kelu",
            "display_name": "",
            "team": "T5M5PLH8U",
            "name": "kelu",
            "is_restricted": false,
            "is_ultra_restricted": false
        },
        "blocks": [
            {
                "type": "rich_text",
                "block_id": "\/jXF",
                "elements": [
                    {
                        "type": "rich_text_section",
                        "elements": [
                            {
                                "type": "text",
                                "text": "Here we have "
                            },
                            {
                                "type": "link",
                                "url": "https:\/\/github.com\/kelu124\/echomods\/blob\/master\/matty\/20190329a\/photos\/P_20190329_214504.jpg",
                                "text": "https:\/\/github.com\/kelu124\/echomods\/blob\/master\/matty\/20190329a\/photos\/P_20190329_214504.jpg"
                            },
                            {
                                "type": "text",
                                "text": " as setup"
                            }
                        ]
                    }
                ]
            }
        ],
        "thread_ts": "1598112591.004900",
        "parent_user_id": "U019B6Q6YD9"
    },
    {
        "client_msg_id": "9a63b58d-c56c-4492-a729-95e6f47e96de",
        "type": "message",
        "text": "To go even faster,I guess you can put some filtering preprocessing in the board itself, or on the processing unit (computer), I'd leave that to you. \nYou can also be interested for <#C0194M2FG1L|ndt> (new channel yeay) with <@UFCS7CKPD>\nBtw can you have a look at your ultrasound system to see the brand\/model when you can ? :nerd_face:",
        "user": "U5M5PLH9S",
        "ts": "1598174350.005800",
        "team": "T5M5PLH8U",
        "user_team": "T5M5PLH8U",
        "source_team": "T5M5PLH8U",
        "user_profile": {
            "avatar_hash": "e4fb6ae9f526",
            "image_72": "https:\/\/avatars.slack-edge.com\/2017-06-01\/191144530514_e4fb6ae9f526531fd41c_72.jpg",
            "first_name": "",
            "real_name": "kelu",
            "display_name": "",
            "team": "T5M5PLH8U",
            "name": "kelu",
            "is_restricted": false,
            "is_ultra_restricted": false
        },
        "edited": {
            "user": "U5M5PLH9S",
            "ts": "1598174491.000000"
        },
        "blocks": [
            {
                "type": "rich_text",
                "block_id": "4qbX",
                "elements": [
                    {
                        "type": "rich_text_section",
                        "elements": [
                            {
                                "type": "text",
                                "text": "To go even faster,I guess you can put some filtering preprocessing in the board itself, or on the processing unit (computer), I'd leave that to you. \nYou can also be interested for "
                            },
                            {
                                "type": "channel",
                                "channel_id": "C0194M2FG1L"
                            },
                            {
                                "type": "text",
                                "text": " (new channel yeay) with "
                            },
                            {
                                "type": "user",
                                "user_id": "UFCS7CKPD"
                            },
                            {
                                "type": "text",
                                "text": "\nBtw can you have a look at your ultrasound system to see the brand\/model when you can ? "
                            },
                            {
                                "type": "emoji",
                                "name": "nerd_face"
                            }
                        ]
                    }
                ]
            }
        ],
        "thread_ts": "1598112591.004900",
        "parent_user_id": "U019B6Q6YD9"
    },
    {
        "client_msg_id": "F059BB76-F1A6-41A6-BA9D-5388322CA25C",
        "type": "message",
        "text": "Did you see this paper <https:\/\/pubs.acs.org\/doi\/10.1021\/acsami.0c05615|https:\/\/pubs.acs.org\/doi\/10.1021\/acsami.0c05615>",
        "user": "U6E49CNV6",
        "ts": "1598198871.006500",
        "team": "T5M5PLH8U",
        "user_team": "T5M5PLH8U",
        "source_team": "T5M5PLH8U",
        "user_profile": {
            "avatar_hash": "g080a90c5285",
            "image_72": "https:\/\/secure.gravatar.com\/avatar\/7080a90c528526f8129488e607562782.jpg?s=72&d=https%3A%2F%2Fa.slack-edge.com%2Fdf10d%2Fimg%2Favatars%2Fava_0018-72.png",
            "first_name": "Morgan",
            "real_name": "Morgan Hough",
            "display_name": "mhough",
            "team": "T5M5PLH8U",
            "name": "mhough",
            "is_restricted": false,
            "is_ultra_restricted": false
        },
        "blocks": [
            {
                "type": "rich_text",
                "block_id": "v4E",
                "elements": [
                    {
                        "type": "rich_text_section",
                        "elements": [
                            {
                                "type": "text",
                                "text": "Did you see this paper "
                            },
                            {
                                "type": "link",
                                "url": "https:\/\/pubs.acs.org\/doi\/10.1021\/acsami.0c05615",
                                "text": "https:\/\/pubs.acs.org\/doi\/10.1021\/acsami.0c05615"
                            }
                        ]
                    }
                ]
            }
        ],
        "thread_ts": "1598198871.006500",
        "reply_count": 1,
        "reply_users_count": 1,
        "latest_reply": "1598436910.000900",
        "reply_users": [
            "U5M5PLH9S"
        ],
        "replies": [
            {
                "user": "U5M5PLH9S",
                "ts": "1598436910.000900"
            }
        ],
        "subscribed": true,
        "last_read": "1598436910.000900"
    },
    {
        "client_msg_id": "76a092ac-af9e-48fa-a30d-cd69f79f9484",
        "type": "message",
        "text": "The ultrasound device is Krautkramer UMM 4 which is attached to a ancient computer with an ISA bus",
        "user": "U019B6Q6YD9",
        "ts": "1598208505.006600",
        "team": "T5M5PLH8U",
        "user_team": "T5M5PLH8U",
        "source_team": "T5M5PLH8U",
        "user_profile": {
            "avatar_hash": "79a2f98003ff",
            "image_72": "https:\/\/avatars.slack-edge.com\/2020-08-22\/1323208606052_79a2f98003ffaebfbd55_72.jpg",
            "first_name": "",
            "real_name": "Tuomas Tiainen",
            "display_name": "Tuomas Tiainen",
            "team": "T5M5PLH8U",
            "name": "tiaintu",
            "is_restricted": false,
            "is_ultra_restricted": false
        },
        "blocks": [
            {
                "type": "rich_text",
                "block_id": "ko3",
                "elements": [
                    {
                        "type": "rich_text_section",
                        "elements": [
                            {
                                "type": "text",
                                "text": "The ultrasound device is Krautkramer UMM 4 which is attached to a ancient computer with an ISA bus"
                            }
                        ]
                    }
                ]
            }
        ],
        "thread_ts": "1598112591.004900",
        "parent_user_id": "U019B6Q6YD9"
    },
    {
        "client_msg_id": "1be6e3f8-df9f-40eb-8506-205a85ac417a",
        "type": "message",
        "text": "and the probes Krautkrämer H5KF",
        "user": "U019B6Q6YD9",
        "ts": "1598208524.006800",
        "team": "T5M5PLH8U",
        "user_team": "T5M5PLH8U",
        "source_team": "T5M5PLH8U",
        "user_profile": {
            "avatar_hash": "79a2f98003ff",
            "image_72": "https:\/\/avatars.slack-edge.com\/2020-08-22\/1323208606052_79a2f98003ffaebfbd55_72.jpg",
            "first_name": "",
            "real_name": "Tuomas Tiainen",
            "display_name": "Tuomas Tiainen",
            "team": "T5M5PLH8U",
            "name": "tiaintu",
            "is_restricted": false,
            "is_ultra_restricted": false
        },
        "blocks": [
            {
                "type": "rich_text",
                "block_id": "D2M7f",
                "elements": [
                    {
                        "type": "rich_text_section",
                        "elements": [
                            {
                                "type": "text",
                                "text": "and the probes Krautkrämer H5KF"
                            }
                        ]
                    }
                ]
            }
        ],
        "thread_ts": "1598112591.004900",
        "parent_user_id": "U019B6Q6YD9"
    }
]