[
    {
        "client_msg_id": "806a7038-99bb-499b-af50-2b5a47c03ed4",
        "type": "message",
        "text": "got into using plotply",
        "user": "U5M5PLH9S",
        "ts": "1585470691.000700",
        "team": "T5M5PLH8U",
        "user_team": "T5M5PLH8U",
        "source_team": "T5M5PLH8U",
        "user_profile": {
            "avatar_hash": "e4fb6ae9f526",
            "image_72": "https:\/\/avatars.slack-edge.com\/2017-06-01\/191144530514_e4fb6ae9f526531fd41c_72.jpg",
            "first_name": "",
            "real_name": "kelu",
            "display_name": "",
            "team": "T5M5PLH8U",
            "name": "kelu",
            "is_restricted": false,
            "is_ultra_restricted": false
        },
        "blocks": [
            {
                "type": "rich_text",
                "block_id": "1tlbQ",
                "elements": [
                    {
                        "type": "rich_text_section",
                        "elements": [
                            {
                                "type": "text",
                                "text": "got into using plotply"
                            }
                        ]
                    }
                ]
            }
        ],
        "thread_ts": "1583414620.019400",
        "parent_user_id": "URM2LCMHA"
    },
    {
        "client_msg_id": "ea3a4e5b-7889-4825-8f7b-58bddbd41612",
        "type": "message",
        "text": "quite great to explore details !",
        "user": "U5M5PLH9S",
        "ts": "1585470706.000900",
        "team": "T5M5PLH8U",
        "user_team": "T5M5PLH8U",
        "source_team": "T5M5PLH8U",
        "user_profile": {
            "avatar_hash": "e4fb6ae9f526",
            "image_72": "https:\/\/avatars.slack-edge.com\/2017-06-01\/191144530514_e4fb6ae9f526531fd41c_72.jpg",
            "first_name": "",
            "real_name": "kelu",
            "display_name": "",
            "team": "T5M5PLH8U",
            "name": "kelu",
            "is_restricted": false,
            "is_ultra_restricted": false
        },
        "blocks": [
            {
                "type": "rich_text",
                "block_id": "DiFG",
                "elements": [
                    {
                        "type": "rich_text_section",
                        "elements": [
                            {
                                "type": "text",
                                "text": "quite great to explore details !"
                            }
                        ]
                    }
                ]
            }
        ],
        "thread_ts": "1583414620.019400",
        "parent_user_id": "URM2LCMHA"
    },
    {
        "client_msg_id": "676644cc-75ed-497a-8090-1e9ba8e2edc4",
        "type": "message",
        "text": "<@U8Z3VB1T2> demo at <https:\/\/arcane-chamber-01379.herokuapp.com\/> for testing enveloppe detection systems :wink:",
        "user": "U5M5PLH9S",
        "ts": "1585506705.001200",
        "team": "T5M5PLH8U",
        "user_team": "T5M5PLH8U",
        "source_team": "T5M5PLH8U",
        "user_profile": {
            "avatar_hash": "e4fb6ae9f526",
            "image_72": "https:\/\/avatars.slack-edge.com\/2017-06-01\/191144530514_e4fb6ae9f526531fd41c_72.jpg",
            "first_name": "",
            "real_name": "kelu",
            "display_name": "",
            "team": "T5M5PLH8U",
            "name": "kelu",
            "is_restricted": false,
            "is_ultra_restricted": false
        },
        "edited": {
            "user": "U5M5PLH9S",
            "ts": "1585506749.000000"
        },
        "blocks": [
            {
                "type": "rich_text",
                "block_id": "RZhx",
                "elements": [
                    {
                        "type": "rich_text_section",
                        "elements": [
                            {
                                "type": "user",
                                "user_id": "U8Z3VB1T2"
                            },
                            {
                                "type": "text",
                                "text": " demo at "
                            },
                            {
                                "type": "link",
                                "url": "https:\/\/arcane-chamber-01379.herokuapp.com\/"
                            },
                            {
                                "type": "text",
                                "text": " for testing enveloppe detection systems "
                            },
                            {
                                "type": "emoji",
                                "name": "wink"
                            }
                        ]
                    }
                ]
            }
        ],
        "thread_ts": "1583414620.019400",
        "parent_user_id": "URM2LCMHA"
    }
]