[
    {
        "type": "message",
        "text": "Hey, welcome here <@UUB3X49B4> ! Glad to see you there :smiley: Good question! I guess the first would be to know what you're looking for (single element, array, ... ?), the frequencies and depth of your target ?",
        "user": "U5M5PLH9S",
        "ts": "1583068556.004400",
        "team": "T5M5PLH8U",
        "user_team": "T5M5PLH8U",
        "source_team": "T5M5PLH8U",
        "user_profile": {
            "avatar_hash": "e4fb6ae9f526",
            "image_72": "https:\/\/avatars.slack-edge.com\/2017-06-01\/191144530514_e4fb6ae9f526531fd41c_72.jpg",
            "first_name": "",
            "real_name": "kelu",
            "display_name": "",
            "team": "T5M5PLH8U",
            "name": "kelu",
            "is_restricted": false,
            "is_ultra_restricted": false
        },
        "attachments": [
            {
                "fallback": "[March 1st, 2020 6:58 AM] bjoern: Hi, I'm new to all of this :wave: and I'm wondering what's the smallest possible transducer? I'm planning to visualize muscle movement and the smaller the sensor the better it would be... is there a tradeof or advantage from bigger to smaller transducers?",
                "ts": "1583042321.002200",
                "author_id": "UUB3X49B4",
                "author_subname": "Björn Schmidtke",
                "channel_id": "C7U1PJMK8",
                "channel_name": "transducers",
                "is_msg_unfurl": true,
                "text": "Hi, I'm new to all of this :wave: and I'm wondering what's the smallest possible transducer? I'm planning to visualize muscle movement and the smaller the sensor the better it would be... is there a tradeof or advantage from bigger to smaller transducers?",
                "author_name": "Björn Schmidtke",
                "author_link": "https:\/\/usdevkit.slack.com\/team\/UUB3X49B4",
                "author_icon": "https:\/\/secure.gravatar.com\/avatar\/a43df6e969cfbb6322c60bb4d93aada3.jpg?s=48&d=https%3A%2F%2Fa.slack-edge.com%2Fdf10d%2Fimg%2Favatars%2Fava_0010-48.png",
                "mrkdwn_in": [
                    "text"
                ],
                "color": "D0D0D0",
                "from_url": "https:\/\/usdevkit.slack.com\/archives\/C7U1PJMK8\/p1583042321002200",
                "is_share": true,
                "footer": "Posted in #transducers"
            }
        ],
        "blocks": [
            {
                "type": "rich_text",
                "block_id": "RxBI",
                "elements": [
                    {
                        "type": "rich_text_section",
                        "elements": [
                            {
                                "type": "text",
                                "text": "Hey, welcome here "
                            },
                            {
                                "type": "user",
                                "user_id": "UUB3X49B4"
                            },
                            {
                                "type": "text",
                                "text": " ! Glad to see you there "
                            },
                            {
                                "type": "emoji",
                                "name": "smiley"
                            },
                            {
                                "type": "text",
                                "text": " Good question! I guess the first would be to know what you're looking for (single element, array, ... ?), the frequencies and depth of your target ?"
                            }
                        ]
                    }
                ]
            }
        ]
    },
    {
        "client_msg_id": "2a42fd3c-60ba-49b7-89dd-122ae20fa401",
        "type": "message",
        "text": "Hi there! I'm planning to pass the signal into a convolutional neural network or RNN. First will have to understand what information is contained in the raw signal vs the image. The goal is to predict finger movement to navigate a robo hand.",
        "user": "UUB3X49B4",
        "ts": "1583075540.005700",
        "team": "T5M5PLH8U",
        "user_team": "T5M5PLH8U",
        "source_team": "T5M5PLH8U",
        "user_profile": {
            "avatar_hash": "ga43df6e969c",
            "image_72": "https:\/\/secure.gravatar.com\/avatar\/a43df6e969cfbb6322c60bb4d93aada3.jpg?s=72&d=https%3A%2F%2Fa.slack-edge.com%2Fdf10d%2Fimg%2Favatars%2Fava_0010-72.png",
            "first_name": "",
            "real_name": "Björn Schmidtke",
            "display_name": "Björn Schmidtke",
            "team": "T5M5PLH8U",
            "name": "bjoern",
            "is_restricted": false,
            "is_ultra_restricted": false
        },
        "blocks": [
            {
                "type": "rich_text",
                "block_id": "Q3n2",
                "elements": [
                    {
                        "type": "rich_text_section",
                        "elements": [
                            {
                                "type": "text",
                                "text": "Hi there! I'm planning to pass the signal into a convolutional neural network or RNN. First will have to understand what information is contained in the raw signal vs the image. The goal is to predict finger movement to navigate a robo hand."
                            }
                        ]
                    }
                ]
            }
        ],
        "thread_ts": "1583075540.005700",
        "reply_count": 4,
        "reply_users_count": 2,
        "latest_reply": "1598282632.000300",
        "reply_users": [
            "U5M5PLH9S",
            "UUB3X49B4"
        ],
        "replies": [
            {
                "user": "U5M5PLH9S",
                "ts": "1598121818.001500"
            },
            {
                "user": "UUB3X49B4",
                "ts": "1598122594.000100"
            },
            {
                "user": "U5M5PLH9S",
                "ts": "1598173548.004600"
            },
            {
                "user": "UUB3X49B4",
                "ts": "1598282632.000300"
            }
        ],
        "subscribed": true,
        "last_read": "1598282632.000300"
    },
    {
        "client_msg_id": "e9d670c5-7b21-45d0-9262-96d835c5f147",
        "type": "message",
        "text": "Haha that's brilliant - we're a few with this in mind as well. You should head to <#CRPSP8T4L|prosthesis-transducer> .",
        "user": "U5M5PLH9S",
        "ts": "1583075618.006300",
        "team": "T5M5PLH8U",
        "user_team": "T5M5PLH8U",
        "source_team": "T5M5PLH8U",
        "user_profile": {
            "avatar_hash": "e4fb6ae9f526",
            "image_72": "https:\/\/avatars.slack-edge.com\/2017-06-01\/191144530514_e4fb6ae9f526531fd41c_72.jpg",
            "first_name": "",
            "real_name": "kelu",
            "display_name": "",
            "team": "T5M5PLH8U",
            "name": "kelu",
            "is_restricted": false,
            "is_ultra_restricted": false
        },
        "edited": {
            "user": "U5M5PLH9S",
            "ts": "1583075628.000000"
        },
        "blocks": [
            {
                "type": "rich_text",
                "block_id": "kmzA",
                "elements": [
                    {
                        "type": "rich_text_section",
                        "elements": [
                            {
                                "type": "text",
                                "text": "Haha that's brilliant - we're a few with this in mind as well. You should head to "
                            },
                            {
                                "type": "channel",
                                "channel_id": "CRPSP8T4L"
                            },
                            {
                                "type": "text",
                                "text": " ."
                            }
                        ]
                    }
                ]
            }
        ]
    },
    {
        "client_msg_id": "64ca6097-0f3f-49d5-92d3-18031a2267f3",
        "type": "message",
        "text": "My own take to this would be to use compressed sensing :wink: See <https:\/\/advances.sciencemag.org\/content\/3\/12\/e1701423>",
        "user": "U5M5PLH9S",
        "ts": "1583075678.006900",
        "team": "T5M5PLH8U",
        "user_team": "T5M5PLH8U",
        "source_team": "T5M5PLH8U",
        "user_profile": {
            "avatar_hash": "e4fb6ae9f526",
            "image_72": "https:\/\/avatars.slack-edge.com\/2017-06-01\/191144530514_e4fb6ae9f526531fd41c_72.jpg",
            "first_name": "",
            "real_name": "kelu",
            "display_name": "",
            "team": "T5M5PLH8U",
            "name": "kelu",
            "is_restricted": false,
            "is_ultra_restricted": false
        },
        "blocks": [
            {
                "type": "rich_text",
                "block_id": "VTW1N",
                "elements": [
                    {
                        "type": "rich_text_section",
                        "elements": [
                            {
                                "type": "text",
                                "text": "My own take to this would be to use compressed sensing "
                            },
                            {
                                "type": "emoji",
                                "name": "wink"
                            },
                            {
                                "type": "text",
                                "text": " See "
                            },
                            {
                                "type": "link",
                                "url": "https:\/\/advances.sciencemag.org\/content\/3\/12\/e1701423"
                            }
                        ]
                    }
                ]
            }
        ],
        "thread_ts": "1583075678.006900",
        "reply_count": 1,
        "reply_users_count": 1,
        "latest_reply": "1583076406.009000",
        "reply_users": [
            "UUB3X49B4"
        ],
        "replies": [
            {
                "user": "UUB3X49B4",
                "ts": "1583076406.009000"
            }
        ],
        "subscribed": true,
        "last_read": "1583076406.009000"
    },
    {
        "client_msg_id": "697c5596-d4a3-488f-8698-fef059494078",
        "type": "message",
        "text": "what would be the advantage?",
        "user": "UUB3X49B4",
        "ts": "1583075728.007200",
        "team": "T5M5PLH8U",
        "user_team": "T5M5PLH8U",
        "source_team": "T5M5PLH8U",
        "user_profile": {
            "avatar_hash": "ga43df6e969c",
            "image_72": "https:\/\/secure.gravatar.com\/avatar\/a43df6e969cfbb6322c60bb4d93aada3.jpg?s=72&d=https%3A%2F%2Fa.slack-edge.com%2Fdf10d%2Fimg%2Favatars%2Fava_0010-72.png",
            "first_name": "",
            "real_name": "Björn Schmidtke",
            "display_name": "Björn Schmidtke",
            "team": "T5M5PLH8U",
            "name": "bjoern",
            "is_restricted": false,
            "is_ultra_restricted": false
        },
        "blocks": [
            {
                "type": "rich_text",
                "block_id": "iucm5",
                "elements": [
                    {
                        "type": "rich_text_section",
                        "elements": [
                            {
                                "type": "text",
                                "text": "what would be the advantage?"
                            }
                        ]
                    }
                ]
            }
        ]
    },
    {
        "client_msg_id": "8646c8a9-10ca-41d5-b50c-bb2761e4ede3",
        "type": "message",
        "text": "I've seen the paper on Proprioceptive Sonomyographic Control (<https:\/\/www.biorxiv.org\/content\/10.1101\/387290v1>) and they seem to use a super basic model with success. So I was thinking to train a vision model which would probably be straight forward?",
        "user": "UUB3X49B4",
        "ts": "1583075926.008600",
        "team": "T5M5PLH8U",
        "user_team": "T5M5PLH8U",
        "source_team": "T5M5PLH8U",
        "user_profile": {
            "avatar_hash": "ga43df6e969c",
            "image_72": "https:\/\/secure.gravatar.com\/avatar\/a43df6e969cfbb6322c60bb4d93aada3.jpg?s=72&d=https%3A%2F%2Fa.slack-edge.com%2Fdf10d%2Fimg%2Favatars%2Fava_0010-72.png",
            "first_name": "",
            "real_name": "Björn Schmidtke",
            "display_name": "Björn Schmidtke",
            "team": "T5M5PLH8U",
            "name": "bjoern",
            "is_restricted": false,
            "is_ultra_restricted": false
        },
        "edited": {
            "user": "UUB3X49B4",
            "ts": "1583076389.000000"
        },
        "blocks": [
            {
                "type": "rich_text",
                "block_id": "QVdgp",
                "elements": [
                    {
                        "type": "rich_text_section",
                        "elements": [
                            {
                                "type": "text",
                                "text": "I've seen the paper on Proprioceptive Sonomyographic Control ("
                            },
                            {
                                "type": "link",
                                "url": "https:\/\/www.biorxiv.org\/content\/10.1101\/387290v1"
                            },
                            {
                                "type": "text",
                                "text": ") and they seem to use a super basic model with success. So I was thinking to train a vision model which would probably be straight forward?"
                            }
                        ]
                    }
                ]
            }
        ]
    },
    {
        "client_msg_id": "1c4d06ac-2f4b-4c7b-bb90-1422a8ef1e0d",
        "type": "message",
        "text": "I'm just reading this in detail now and it's super interesting indeed!",
        "user": "UUB3X49B4",
        "ts": "1583076406.009000",
        "team": "T5M5PLH8U",
        "user_team": "T5M5PLH8U",
        "source_team": "T5M5PLH8U",
        "user_profile": {
            "avatar_hash": "ga43df6e969c",
            "image_72": "https:\/\/secure.gravatar.com\/avatar\/a43df6e969cfbb6322c60bb4d93aada3.jpg?s=72&d=https%3A%2F%2Fa.slack-edge.com%2Fdf10d%2Fimg%2Favatars%2Fava_0010-72.png",
            "first_name": "",
            "real_name": "Björn Schmidtke",
            "display_name": "Björn Schmidtke",
            "team": "T5M5PLH8U",
            "name": "bjoern",
            "is_restricted": false,
            "is_ultra_restricted": false
        },
        "blocks": [
            {
                "type": "rich_text",
                "block_id": "5TE",
                "elements": [
                    {
                        "type": "rich_text_section",
                        "elements": [
                            {
                                "type": "text",
                                "text": "I'm just reading this in detail now and it's super interesting indeed!"
                            }
                        ]
                    }
                ]
            }
        ],
        "thread_ts": "1583075678.006900",
        "parent_user_id": "U5M5PLH9S"
    },
    {
        "client_msg_id": "0d7988dc-0267-48c0-89de-b3444b8c71ad",
        "type": "message",
        "text": "Advantage is to have a quasi 3D set of info compared to a \"laser beam\" piezo :smiley:",
        "user": "U5M5PLH9S",
        "ts": "1583077873.009600",
        "team": "T5M5PLH8U",
        "user_team": "T5M5PLH8U",
        "source_team": "T5M5PLH8U",
        "user_profile": {
            "avatar_hash": "e4fb6ae9f526",
            "image_72": "https:\/\/avatars.slack-edge.com\/2017-06-01\/191144530514_e4fb6ae9f526531fd41c_72.jpg",
            "first_name": "",
            "real_name": "kelu",
            "display_name": "",
            "team": "T5M5PLH8U",
            "name": "kelu",
            "is_restricted": false,
            "is_ultra_restricted": false
        },
        "blocks": [
            {
                "type": "rich_text",
                "block_id": "iBY8C",
                "elements": [
                    {
                        "type": "rich_text_section",
                        "elements": [
                            {
                                "type": "text",
                                "text": "Advantage is to have a quasi 3D set of info compared to a \"laser beam\" piezo "
                            },
                            {
                                "type": "emoji",
                                "name": "smiley"
                            }
                        ]
                    }
                ]
            }
        ],
        "thread_ts": "1583077873.009600",
        "reply_count": 4,
        "reply_users_count": 2,
        "latest_reply": "1583085050.015000",
        "reply_users": [
            "UUB3X49B4",
            "U5M5PLH9S"
        ],
        "replies": [
            {
                "user": "UUB3X49B4",
                "ts": "1583080122.011200"
            },
            {
                "user": "UUB3X49B4",
                "ts": "1583080143.011400"
            },
            {
                "user": "U5M5PLH9S",
                "ts": "1583085006.014800"
            },
            {
                "user": "U5M5PLH9S",
                "ts": "1583085050.015000"
            }
        ],
        "subscribed": true,
        "last_read": "1583085050.015000"
    },
    {
        "client_msg_id": "c1b78353-ac29-4d25-bfe3-ec3e0231425b",
        "type": "message",
        "text": "Ok. This is very interesting. :slightly_smiling_face: One question I generally have... there are transducers and probes - and they are not the same right? What's the difference?",
        "user": "UUB3X49B4",
        "ts": "1583079991.010700",
        "team": "T5M5PLH8U",
        "user_team": "T5M5PLH8U",
        "source_team": "T5M5PLH8U",
        "user_profile": {
            "avatar_hash": "ga43df6e969c",
            "image_72": "https:\/\/secure.gravatar.com\/avatar\/a43df6e969cfbb6322c60bb4d93aada3.jpg?s=72&d=https%3A%2F%2Fa.slack-edge.com%2Fdf10d%2Fimg%2Favatars%2Fava_0010-72.png",
            "first_name": "",
            "real_name": "Björn Schmidtke",
            "display_name": "Björn Schmidtke",
            "team": "T5M5PLH8U",
            "name": "bjoern",
            "is_restricted": false,
            "is_ultra_restricted": false
        },
        "blocks": [
            {
                "type": "rich_text",
                "block_id": "ZSy0",
                "elements": [
                    {
                        "type": "rich_text_section",
                        "elements": [
                            {
                                "type": "text",
                                "text": "Ok. This is very interesting. "
                            },
                            {
                                "type": "emoji",
                                "name": "slightly_smiling_face"
                            },
                            {
                                "type": "text",
                                "text": " One question I generally have... there are transducers and probes - and they are not the same right? What's the difference?"
                            }
                        ]
                    }
                ]
            }
        ]
    },
    {
        "client_msg_id": "44929915-7379-48d5-90ff-0f090f53ddb3",
        "type": "message",
        "text": "Can you point me to a good resource to understand that?",
        "user": "UUB3X49B4",
        "ts": "1583080007.011000",
        "team": "T5M5PLH8U",
        "user_team": "T5M5PLH8U",
        "source_team": "T5M5PLH8U",
        "user_profile": {
            "avatar_hash": "ga43df6e969c",
            "image_72": "https:\/\/secure.gravatar.com\/avatar\/a43df6e969cfbb6322c60bb4d93aada3.jpg?s=72&d=https%3A%2F%2Fa.slack-edge.com%2Fdf10d%2Fimg%2Favatars%2Fava_0010-72.png",
            "first_name": "",
            "real_name": "Björn Schmidtke",
            "display_name": "Björn Schmidtke",
            "team": "T5M5PLH8U",
            "name": "bjoern",
            "is_restricted": false,
            "is_ultra_restricted": false
        },
        "blocks": [
            {
                "type": "rich_text",
                "block_id": "6k\/",
                "elements": [
                    {
                        "type": "rich_text_section",
                        "elements": [
                            {
                                "type": "text",
                                "text": "Can you point me to a good resource to understand that?"
                            }
                        ]
                    }
                ]
            }
        ]
    },
    {
        "client_msg_id": "bb0f8135-fd28-444d-929d-f6039bd0bf3c",
        "type": "message",
        "text": "This is esp. interesting as I'd anyway was thinking of working with an Edge TPU to get CNNs on 400 FPS in a Raspberry... and if I understand the paper correctly, you need to digitally substract from the signal the signal that the plastic introduces?",
        "user": "UUB3X49B4",
        "ts": "1583080122.011200",
        "team": "T5M5PLH8U",
        "user_team": "T5M5PLH8U",
        "source_team": "T5M5PLH8U",
        "user_profile": {
            "avatar_hash": "ga43df6e969c",
            "image_72": "https:\/\/secure.gravatar.com\/avatar\/a43df6e969cfbb6322c60bb4d93aada3.jpg?s=72&d=https%3A%2F%2Fa.slack-edge.com%2Fdf10d%2Fimg%2Favatars%2Fava_0010-72.png",
            "first_name": "",
            "real_name": "Björn Schmidtke",
            "display_name": "Björn Schmidtke",
            "team": "T5M5PLH8U",
            "name": "bjoern",
            "is_restricted": false,
            "is_ultra_restricted": false
        },
        "blocks": [
            {
                "type": "rich_text",
                "block_id": "lRwB",
                "elements": [
                    {
                        "type": "rich_text_section",
                        "elements": [
                            {
                                "type": "text",
                                "text": "This is esp. interesting as I'd anyway was thinking of working with an Edge TPU to get CNNs on 400 FPS in a Raspberry... and if I understand the paper correctly, you need to digitally substract from the signal the signal that the plastic introduces?"
                            }
                        ]
                    }
                ]
            }
        ],
        "thread_ts": "1583077873.009600",
        "parent_user_id": "U5M5PLH9S"
    },
    {
        "client_msg_id": "b055c3d6-06d2-45c9-8581-b21c4e943865",
        "type": "message",
        "text": "Why are they turning the plastic mask? do you happen to know?",
        "user": "UUB3X49B4",
        "ts": "1583080143.011400",
        "team": "T5M5PLH8U",
        "user_team": "T5M5PLH8U",
        "source_team": "T5M5PLH8U",
        "user_profile": {
            "avatar_hash": "ga43df6e969c",
            "image_72": "https:\/\/secure.gravatar.com\/avatar\/a43df6e969cfbb6322c60bb4d93aada3.jpg?s=72&d=https%3A%2F%2Fa.slack-edge.com%2Fdf10d%2Fimg%2Favatars%2Fava_0010-72.png",
            "first_name": "",
            "real_name": "Björn Schmidtke",
            "display_name": "Björn Schmidtke",
            "team": "T5M5PLH8U",
            "name": "bjoern",
            "is_restricted": false,
            "is_ultra_restricted": false
        },
        "blocks": [
            {
                "type": "rich_text",
                "block_id": "CnzqN",
                "elements": [
                    {
                        "type": "rich_text_section",
                        "elements": [
                            {
                                "type": "text",
                                "text": "Why are they turning the plastic mask? do you happen to know?"
                            }
                        ]
                    }
                ]
            }
        ],
        "thread_ts": "1583077873.009600",
        "parent_user_id": "U5M5PLH9S"
    },
    {
        "client_msg_id": "5131deeb-b133-4b1b-b12d-beb1b2123bc8",
        "type": "message",
        "text": "Sure! I had sort of a 101 at <https:\/\/kelu124.gitbooks.io\/echomods\/RPI.html> .\nThe idea is that a transducer translates signals from mechanical to electrical and vice versa. For example, a digital camera pixel is a transducer of sorts (though unidirectional).\nHowever, a pixel only gives you .. one pixel, and a single element gives you a laser-beam (A-mode) view of an image. You need to sweep a volume to produce a 2D image in B-mode, and usually you can have either mechanical sweeping or beamforming.\nThat said, let's say a transducer is the constitutive element of a probe, as a sensor, but the probe may need for example a motor or an array of transducers to be able to deliver its imaging function. Others, don't hesitate to correct me if I'm wrong :wink:",
        "user": "U5M5PLH9S",
        "ts": "1583083703.014700",
        "team": "T5M5PLH8U",
        "user_team": "T5M5PLH8U",
        "source_team": "T5M5PLH8U",
        "user_profile": {
            "avatar_hash": "e4fb6ae9f526",
            "image_72": "https:\/\/avatars.slack-edge.com\/2017-06-01\/191144530514_e4fb6ae9f526531fd41c_72.jpg",
            "first_name": "",
            "real_name": "kelu",
            "display_name": "",
            "team": "T5M5PLH8U",
            "name": "kelu",
            "is_restricted": false,
            "is_ultra_restricted": false
        },
        "blocks": [
            {
                "type": "rich_text",
                "block_id": "\/TIdB",
                "elements": [
                    {
                        "type": "rich_text_section",
                        "elements": [
                            {
                                "type": "text",
                                "text": "Sure! I had sort of a 101 at "
                            },
                            {
                                "type": "link",
                                "url": "https:\/\/kelu124.gitbooks.io\/echomods\/RPI.html"
                            },
                            {
                                "type": "text",
                                "text": " .\nThe idea is that a transducer translates signals from mechanical to electrical and vice versa. For example, a digital camera pixel is a transducer of sorts (though unidirectional).\nHowever, a pixel only gives you .. one pixel, and a single element gives you a laser-beam (A-mode) view of an image. You need to sweep a volume to produce a 2D image in B-mode, and usually you can have either mechanical sweeping or beamforming.\nThat said, let's say a transducer is the constitutive element of a probe, as a sensor, but the probe may need for example a motor or an array of transducers to be able to deliver its imaging function. Others, don't hesitate to correct me if I'm wrong "
                            },
                            {
                                "type": "emoji",
                                "name": "wink"
                            }
                        ]
                    }
                ]
            }
        ]
    },
    {
        "client_msg_id": "f8224835-5baa-4822-9620-2ef0618f4809",
        "type": "message",
        "text": "Actually, the mask is acting as a diffuser. Introducing time\/phase delays, it transforms the 1D signal (time) into a series of summed 1D signals, which encodes the space swept by the diffused beam into voxels, that can be reconstructed from the signal that is listened back.",
        "user": "U5M5PLH9S",
        "ts": "1583085006.014800",
        "team": "T5M5PLH8U",
        "user_team": "T5M5PLH8U",
        "source_team": "T5M5PLH8U",
        "user_profile": {
            "avatar_hash": "e4fb6ae9f526",
            "image_72": "https:\/\/avatars.slack-edge.com\/2017-06-01\/191144530514_e4fb6ae9f526531fd41c_72.jpg",
            "first_name": "",
            "real_name": "kelu",
            "display_name": "",
            "team": "T5M5PLH8U",
            "name": "kelu",
            "is_restricted": false,
            "is_ultra_restricted": false
        },
        "blocks": [
            {
                "type": "rich_text",
                "block_id": "cgc",
                "elements": [
                    {
                        "type": "rich_text_section",
                        "elements": [
                            {
                                "type": "text",
                                "text": "Actually, the mask is acting as a diffuser. Introducing time\/phase delays, it transforms the 1D signal (time) into a series of summed 1D signals, which encodes the space swept by the diffused beam into voxels, that can be reconstructed from the signal that is listened back."
                            }
                        ]
                    }
                ]
            }
        ],
        "thread_ts": "1583077873.009600",
        "parent_user_id": "U5M5PLH9S"
    },
    {
        "client_msg_id": "71987bbf-1875-4e45-ba01-daf2c4ac2ddd",
        "type": "message",
        "text": "A similar approached has been developped in optics:  <http:\/\/news.mit.edu\/2017\/faster-single-pixel-camera-lensless-imaging-0330>",
        "user": "U5M5PLH9S",
        "ts": "1583085050.015000",
        "team": "T5M5PLH8U",
        "user_team": "T5M5PLH8U",
        "source_team": "T5M5PLH8U",
        "user_profile": {
            "avatar_hash": "e4fb6ae9f526",
            "image_72": "https:\/\/avatars.slack-edge.com\/2017-06-01\/191144530514_e4fb6ae9f526531fd41c_72.jpg",
            "first_name": "",
            "real_name": "kelu",
            "display_name": "",
            "team": "T5M5PLH8U",
            "name": "kelu",
            "is_restricted": false,
            "is_ultra_restricted": false
        },
        "attachments": [
            {
                "service_name": "MIT News",
                "title": "A faster single-pixel camera",
                "title_link": "http:\/\/news.mit.edu\/2017\/faster-single-pixel-camera-lensless-imaging-0330",
                "text": "New technique greatly reduces the number of exposures necessary for “lensless imaging.”",
                "fallback": "MIT News: A faster single-pixel camera",
                "image_url": "http:\/\/news.mit.edu\/sites\/mit.edu.newsoffice\/files\/styles\/og\/public\/images\/2017\/MIT-Lenseless-Image.jpg",
                "from_url": "http:\/\/news.mit.edu\/2017\/faster-single-pixel-camera-lensless-imaging-0330",
                "image_width": 375,
                "image_height": 250,
                "image_bytes": 104812,
                "service_icon": "http:\/\/news.mit.edu\/sites\/mit.edu.newsoffice\/themes\/mitnews\/favicon.ico",
                "id": 1,
                "original_url": "http:\/\/news.mit.edu\/2017\/faster-single-pixel-camera-lensless-imaging-0330"
            }
        ],
        "blocks": [
            {
                "type": "rich_text",
                "block_id": "A8Jgk",
                "elements": [
                    {
                        "type": "rich_text_section",
                        "elements": [
                            {
                                "type": "text",
                                "text": "A similar approached has been developped in optics:  "
                            },
                            {
                                "type": "link",
                                "url": "http:\/\/news.mit.edu\/2017\/faster-single-pixel-camera-lensless-imaging-0330"
                            }
                        ]
                    }
                ]
            }
        ],
        "thread_ts": "1583077873.009600",
        "parent_user_id": "U5M5PLH9S"
    }
]