[
    {
        "type": "message",
        "text": "A repeat of yesterday's acquisition (with spectrum plot), this time with no metal surface in its path. Probe is submerged with 15mm of water at the bottom of a beaker, sitting on 55mm cardboard (since my desk surface is metal). - oscilloscope is NOT attached to probe signal.",
        "files": [
            {
                "id": "FTLJ48V0R",
                "created": 1581514750,
                "timestamp": 1581514750,
                "name": "20200212a-1.jpg",
                "title": "20200212a-1.jpg",
                "mimetype": "image\/jpeg",
                "filetype": "jpg",
                "pretty_type": "JPEG",
                "user": "URM2LCMHA",
                "editable": false,
                "size": 218839,
                "mode": "hosted",
                "is_external": false,
                "external_type": "",
                "is_public": true,
                "public_url_shared": false,
                "display_as_bot": false,
                "username": "",
                "url_private": "https:\/\/files.slack.com\/files-pri\/T5M5PLH8U-FTLJ48V0R\/20200212a-1.jpg?t=xoxe-191193697300-1501897281926-1505540481365-290cf54ffdfc380367c1af72479de92b",
                "url_private_download": "https:\/\/files.slack.com\/files-pri\/T5M5PLH8U-FTLJ48V0R\/download\/20200212a-1.jpg?t=xoxe-191193697300-1501897281926-1505540481365-290cf54ffdfc380367c1af72479de92b",
                "thumb_64": "https:\/\/files.slack.com\/files-tmb\/T5M5PLH8U-FTLJ48V0R-332f6e67fe\/20200212a-1_64.jpg?t=xoxe-191193697300-1501897281926-1505540481365-290cf54ffdfc380367c1af72479de92b",
                "thumb_80": "https:\/\/files.slack.com\/files-tmb\/T5M5PLH8U-FTLJ48V0R-332f6e67fe\/20200212a-1_80.jpg?t=xoxe-191193697300-1501897281926-1505540481365-290cf54ffdfc380367c1af72479de92b",
                "thumb_360": "https:\/\/files.slack.com\/files-tmb\/T5M5PLH8U-FTLJ48V0R-332f6e67fe\/20200212a-1_360.jpg?t=xoxe-191193697300-1501897281926-1505540481365-290cf54ffdfc380367c1af72479de92b",
                "thumb_360_w": 360,
                "thumb_360_h": 180,
                "thumb_480": "https:\/\/files.slack.com\/files-tmb\/T5M5PLH8U-FTLJ48V0R-332f6e67fe\/20200212a-1_480.jpg?t=xoxe-191193697300-1501897281926-1505540481365-290cf54ffdfc380367c1af72479de92b",
                "thumb_480_w": 480,
                "thumb_480_h": 240,
                "thumb_160": "https:\/\/files.slack.com\/files-tmb\/T5M5PLH8U-FTLJ48V0R-332f6e67fe\/20200212a-1_160.jpg?t=xoxe-191193697300-1501897281926-1505540481365-290cf54ffdfc380367c1af72479de92b",
                "thumb_720": "https:\/\/files.slack.com\/files-tmb\/T5M5PLH8U-FTLJ48V0R-332f6e67fe\/20200212a-1_720.jpg?t=xoxe-191193697300-1501897281926-1505540481365-290cf54ffdfc380367c1af72479de92b",
                "thumb_720_w": 720,
                "thumb_720_h": 360,
                "thumb_800": "https:\/\/files.slack.com\/files-tmb\/T5M5PLH8U-FTLJ48V0R-332f6e67fe\/20200212a-1_800.jpg?t=xoxe-191193697300-1501897281926-1505540481365-290cf54ffdfc380367c1af72479de92b",
                "thumb_800_w": 800,
                "thumb_800_h": 400,
                "thumb_960": "https:\/\/files.slack.com\/files-tmb\/T5M5PLH8U-FTLJ48V0R-332f6e67fe\/20200212a-1_960.jpg?t=xoxe-191193697300-1501897281926-1505540481365-290cf54ffdfc380367c1af72479de92b",
                "thumb_960_w": 960,
                "thumb_960_h": 480,
                "thumb_1024": "https:\/\/files.slack.com\/files-tmb\/T5M5PLH8U-FTLJ48V0R-332f6e67fe\/20200212a-1_1024.jpg?t=xoxe-191193697300-1501897281926-1505540481365-290cf54ffdfc380367c1af72479de92b",
                "thumb_1024_w": 1024,
                "thumb_1024_h": 512,
                "image_exif_rotation": 1,
                "original_w": 2000,
                "original_h": 1000,
                "thumb_tiny": "AwAYADDTopMZpHUFSORkY60AKQD1pPlXv+tJ5aEn5Qc8c0eTH\/cX8qegCNPGvVx+dEUwkJABGPWnBFHRQPwpcY6UaALSGlopAFFB6GgUAFFFFAH\/2Q==",
                "permalink": "https:\/\/usdevkit.slack.com\/files\/URM2LCMHA\/FTLJ48V0R\/20200212a-1.jpg",
                "permalink_public": "https:\/\/slack-files.com\/T5M5PLH8U-FTLJ48V0R-303d1f605d",
                "is_starred": false,
                "has_rich_preview": false
            },
            {
                "id": "FTLJ48VB3",
                "created": 1581514750,
                "timestamp": 1581514750,
                "name": "20200212a-1-fft.jpg",
                "title": "20200212a-1-fft.jpg",
                "mimetype": "image\/jpeg",
                "filetype": "jpg",
                "pretty_type": "JPEG",
                "user": "URM2LCMHA",
                "editable": false,
                "size": 49984,
                "mode": "hosted",
                "is_external": false,
                "external_type": "",
                "is_public": true,
                "public_url_shared": false,
                "display_as_bot": false,
                "username": "",
                "url_private": "https:\/\/files.slack.com\/files-pri\/T5M5PLH8U-FTLJ48VB3\/20200212a-1-fft.jpg?t=xoxe-191193697300-1501897281926-1505540481365-290cf54ffdfc380367c1af72479de92b",
                "url_private_download": "https:\/\/files.slack.com\/files-pri\/T5M5PLH8U-FTLJ48VB3\/download\/20200212a-1-fft.jpg?t=xoxe-191193697300-1501897281926-1505540481365-290cf54ffdfc380367c1af72479de92b",
                "thumb_64": "https:\/\/files.slack.com\/files-tmb\/T5M5PLH8U-FTLJ48VB3-fb0d005cf1\/20200212a-1-fft_64.jpg?t=xoxe-191193697300-1501897281926-1505540481365-290cf54ffdfc380367c1af72479de92b",
                "thumb_80": "https:\/\/files.slack.com\/files-tmb\/T5M5PLH8U-FTLJ48VB3-fb0d005cf1\/20200212a-1-fft_80.jpg?t=xoxe-191193697300-1501897281926-1505540481365-290cf54ffdfc380367c1af72479de92b",
                "thumb_360": "https:\/\/files.slack.com\/files-tmb\/T5M5PLH8U-FTLJ48VB3-fb0d005cf1\/20200212a-1-fft_360.jpg?t=xoxe-191193697300-1501897281926-1505540481365-290cf54ffdfc380367c1af72479de92b",
                "thumb_360_w": 360,
                "thumb_360_h": 120,
                "thumb_480": "https:\/\/files.slack.com\/files-tmb\/T5M5PLH8U-FTLJ48VB3-fb0d005cf1\/20200212a-1-fft_480.jpg?t=xoxe-191193697300-1501897281926-1505540481365-290cf54ffdfc380367c1af72479de92b",
                "thumb_480_w": 480,
                "thumb_480_h": 160,
                "thumb_160": "https:\/\/files.slack.com\/files-tmb\/T5M5PLH8U-FTLJ48VB3-fb0d005cf1\/20200212a-1-fft_160.jpg?t=xoxe-191193697300-1501897281926-1505540481365-290cf54ffdfc380367c1af72479de92b",
                "thumb_720": "https:\/\/files.slack.com\/files-tmb\/T5M5PLH8U-FTLJ48VB3-fb0d005cf1\/20200212a-1-fft_720.jpg?t=xoxe-191193697300-1501897281926-1505540481365-290cf54ffdfc380367c1af72479de92b",
                "thumb_720_w": 720,
                "thumb_720_h": 240,
                "thumb_800": "https:\/\/files.slack.com\/files-tmb\/T5M5PLH8U-FTLJ48VB3-fb0d005cf1\/20200212a-1-fft_800.jpg?t=xoxe-191193697300-1501897281926-1505540481365-290cf54ffdfc380367c1af72479de92b",
                "thumb_800_w": 800,
                "thumb_800_h": 267,
                "thumb_960": "https:\/\/files.slack.com\/files-tmb\/T5M5PLH8U-FTLJ48VB3-fb0d005cf1\/20200212a-1-fft_960.jpg?t=xoxe-191193697300-1501897281926-1505540481365-290cf54ffdfc380367c1af72479de92b",
                "thumb_960_w": 960,
                "thumb_960_h": 320,
                "thumb_1024": "https:\/\/files.slack.com\/files-tmb\/T5M5PLH8U-FTLJ48VB3-fb0d005cf1\/20200212a-1-fft_1024.jpg?t=xoxe-191193697300-1501897281926-1505540481365-290cf54ffdfc380367c1af72479de92b",
                "thumb_1024_w": 1024,
                "thumb_1024_h": 341,
                "image_exif_rotation": 1,
                "original_w": 1500,
                "original_h": 500,
                "thumb_tiny": "AwAQADDSFLTSWDDC5Hc56U7PtQAYFGBRmjNABRRn2ooA\/9k=",
                "permalink": "https:\/\/usdevkit.slack.com\/files\/URM2LCMHA\/FTLJ48VB3\/20200212a-1-fft.jpg",
                "permalink_public": "https:\/\/slack-files.com\/T5M5PLH8U-FTLJ48VB3-20f6a5cb12",
                "is_starred": false,
                "has_rich_preview": false
            }
        ],
        "upload": true,
        "blocks": [
            {
                "type": "rich_text",
                "block_id": "19qI",
                "elements": [
                    {
                        "type": "rich_text_section",
                        "elements": [
                            {
                                "type": "text",
                                "text": "A repeat of yesterday's acquisition (with spectrum plot), this time with no metal surface in its path. Probe is submerged with 15mm of water at the bottom of a beaker, sitting on 55mm cardboard (since my desk surface is metal). - oscilloscope is NOT attached to probe signal."
                            }
                        ]
                    }
                ]
            }
        ],
        "user": "URM2LCMHA",
        "ts": "1581514756.017800",
        "client_msg_id": "c9b6e095-6cb8-4e99-95ea-43da337c9df4",
        "thread_ts": "1581514756.017800",
        "reply_count": 1,
        "reply_users_count": 1,
        "latest_reply": "1581847852.019200",
        "reply_users": [
            "U5M5PLH9S"
        ],
        "replies": [
            {
                "user": "U5M5PLH9S",
                "ts": "1581847852.019200"
            }
        ],
        "subscribed": true,
        "last_read": "1581847852.019200"
    },
    {
        "client_msg_id": "726ff437-f4fa-4ae0-bf17-a1fb5f0e4088",
        "type": "message",
        "text": "What is the probe freq ?",
        "user": "U5M5PLH9S",
        "ts": "1581554436.018700",
        "team": "T5M5PLH8U",
        "user_team": "T5M5PLH8U",
        "source_team": "T5M5PLH8U",
        "user_profile": {
            "avatar_hash": "e4fb6ae9f526",
            "image_72": "https:\/\/avatars.slack-edge.com\/2017-06-01\/191144530514_e4fb6ae9f526531fd41c_72.jpg",
            "first_name": "",
            "real_name": "kelu",
            "display_name": "",
            "team": "T5M5PLH8U",
            "name": "kelu",
            "is_restricted": false,
            "is_ultra_restricted": false
        },
        "blocks": [
            {
                "type": "rich_text",
                "block_id": "wqzC",
                "elements": [
                    {
                        "type": "rich_text_section",
                        "elements": [
                            {
                                "type": "text",
                                "text": "What is the probe freq ?"
                            }
                        ]
                    }
                ]
            }
        ]
    }
]