[
    {
        "client_msg_id": "d7654661-09cf-4d7e-9d0d-5fd2abaede3c",
        "type": "message",
        "text": "Hum I've tried and reproduce the bug, but it seems, that with keyboard and mouse plugged in, I can still flash the board and not glitch the RPi. Weird.",
        "user": "U5M5PLH9S",
        "ts": "1599909019.007700",
        "team": "T5M5PLH8U",
        "user_team": "T5M5PLH8U",
        "source_team": "T5M5PLH8U",
        "user_profile": {
            "avatar_hash": "e4fb6ae9f526",
            "image_72": "https:\/\/avatars.slack-edge.com\/2017-06-01\/191144530514_e4fb6ae9f526531fd41c_72.jpg",
            "first_name": "",
            "real_name": "kelu",
            "display_name": "",
            "team": "T5M5PLH8U",
            "name": "kelu",
            "is_restricted": false,
            "is_ultra_restricted": false
        },
        "blocks": [
            {
                "type": "rich_text",
                "block_id": "BSH",
                "elements": [
                    {
                        "type": "rich_text_section",
                        "elements": [
                            {
                                "type": "text",
                                "text": "Hum I've tried and reproduce the bug, but it seems, that with keyboard and mouse plugged in, I can still flash the board and not glitch the RPi. Weird."
                            }
                        ]
                    }
                ]
            }
        ],
        "thread_ts": "1599576266.001500",
        "parent_user_id": "U5M5PLH9S"
    },
    {
        "client_msg_id": "51c08b7f-3a8d-44a8-9b64-3300f01e75c3",
        "type": "message",
        "text": "Not often that it happens but.. <!channel>, we need you :smiley:\n\nManaged to get some rad images from a RPi Zero ( <https:\/\/github.com\/kelu124\/echomods\/tree\/master\/matty\/20200608a> ) but the same script fails on a Raspberry Pi 4. No idea why.\nGuessing some changes in spidev? In any case, a bit unclear.\n\nSoooo, in your view, from the python contro lib in question ( <https:\/\/raw.githubusercontent.com\/kelu124\/echomods\/master\/matty\/20200608a\/pyUn0.py> ), what's the bug ?",
        "user": "U5M5PLH9S",
        "ts": "1599909209.010100",
        "team": "T5M5PLH8U",
        "user_team": "T5M5PLH8U",
        "source_team": "T5M5PLH8U",
        "user_profile": {
            "avatar_hash": "e4fb6ae9f526",
            "image_72": "https:\/\/avatars.slack-edge.com\/2017-06-01\/191144530514_e4fb6ae9f526531fd41c_72.jpg",
            "first_name": "",
            "real_name": "kelu",
            "display_name": "",
            "team": "T5M5PLH8U",
            "name": "kelu",
            "is_restricted": false,
            "is_ultra_restricted": false
        },
        "blocks": [
            {
                "type": "rich_text",
                "block_id": "mq3vH",
                "elements": [
                    {
                        "type": "rich_text_section",
                        "elements": [
                            {
                                "type": "text",
                                "text": "Not often that it happens but.. "
                            },
                            {
                                "type": "broadcast",
                                "range": "channel"
                            },
                            {
                                "type": "text",
                                "text": ", we need you "
                            },
                            {
                                "type": "emoji",
                                "name": "smiley"
                            },
                            {
                                "type": "text",
                                "text": "\n\nManaged to get some rad images from a RPi Zero ( "
                            },
                            {
                                "type": "link",
                                "url": "https:\/\/github.com\/kelu124\/echomods\/tree\/master\/matty\/20200608a"
                            },
                            {
                                "type": "text",
                                "text": " ) but the same script fails on a Raspberry Pi 4. No idea why.\nGuessing some changes in spidev? In any case, a bit unclear.\n\nSoooo, in your view, from the python contro lib in question ( "
                            },
                            {
                                "type": "link",
                                "url": "https:\/\/raw.githubusercontent.com\/kelu124\/echomods\/master\/matty\/20200608a\/pyUn0.py"
                            },
                            {
                                "type": "text",
                                "text": " ), what's the bug ?"
                            }
                        ]
                    }
                ]
            }
        ],
        "thread_ts": "1599909209.010100",
        "reply_count": 3,
        "reply_users_count": 1,
        "latest_reply": "1603916218.010400",
        "reply_users": [
            "U5M5PLH9S"
        ],
        "replies": [
            {
                "user": "U5M5PLH9S",
                "ts": "1599909550.010300"
            },
            {
                "user": "U5M5PLH9S",
                "ts": "1602258785.008000"
            },
            {
                "user": "U5M5PLH9S",
                "ts": "1603916218.010400"
            }
        ],
        "subscribed": true,
        "last_read": "1603916218.010400",
        "reactions": [
            {
                "name": "sweat_smile",
                "users": [
                    "U5M5PLH9S"
                ],
                "count": 1
            }
        ]
    },
    {
        "client_msg_id": "76f04856-a627-4ac6-bfe4-6ff4304190e3",
        "type": "message",
        "text": "Thinking of something to do with spidev? Don't know :disappointed:",
        "user": "U5M5PLH9S",
        "ts": "1599909550.010300",
        "team": "T5M5PLH8U",
        "user_team": "T5M5PLH8U",
        "source_team": "T5M5PLH8U",
        "user_profile": {
            "avatar_hash": "e4fb6ae9f526",
            "image_72": "https:\/\/avatars.slack-edge.com\/2017-06-01\/191144530514_e4fb6ae9f526531fd41c_72.jpg",
            "first_name": "",
            "real_name": "kelu",
            "display_name": "",
            "team": "T5M5PLH8U",
            "name": "kelu",
            "is_restricted": false,
            "is_ultra_restricted": false
        },
        "blocks": [
            {
                "type": "rich_text",
                "block_id": "\/wQ",
                "elements": [
                    {
                        "type": "rich_text_section",
                        "elements": [
                            {
                                "type": "text",
                                "text": "Thinking of something to do with spidev? Don't know "
                            },
                            {
                                "type": "emoji",
                                "name": "disappointed"
                            }
                        ]
                    }
                ]
            }
        ],
        "thread_ts": "1599909209.010100",
        "parent_user_id": "U5M5PLH9S"
    }
]