[
    {
        "client_msg_id": "31989f51-4655-47c5-a7ee-161509b48671",
        "type": "message",
        "text": "Hi Arshath! Good to read from you, and welcome !\nThere's no such thing as a basic question.\n1. Modular was dropped, it is cheaper and provides a better quality of signal to have all integrated in a board - that's the un0rick one :smiley:\n2. I would suggest un0rick in your case.\n3. That is correct. For the choice of the probe, I had tested with several probes ( <http:\/\/un0rick.cc\/probes> ). If that helps, you may also want to explore a possiblity from Shenzen ( <https:\/\/github.com\/kelu124\/echomods\/tree\/master\/include\/cn_mechprob> ) that contains motor+transducer. You may also want to have the right motor control + 12V source to drive it depending on your choice.\n4. In general, before going in the details, I would suggest going into <https:\/\/kelu124.gitbooks.io\/echomods\/content\/RPI.html> . For the code to go from a RF file to an image, there is an example here :  <https:\/\/github.com\/kelu124\/echomods\/blob\/master\/elmo\/data\/20170715-ProbeTest.ipynb> (corresponding raw data : <https:\/\/github.com\/kelu124\/echomods\/blob\/a479ca0ee76d4f0e91d52c87de530f6b40d69607\/elmo\/data\/rawdata\/probeX.data> ). This way, if you download these files, you can already experiment with existing\/real life datasets.\n5. I'd say it more or less depends on the probe you'll be using, the depth where you want to image, the frequency of your sensor, ....\n6. For medical imaging, I have no claim here. But I would suggest starting with 5MHz frequencies, imaging usually 5-15cm depth, that have nice echoes, easier to catch at first. For higher frequency, you may want to explore ophthalmologic probes, 10-20MHz, still somehow mechanical.\nMore than happy to answer more questions! If that's OK with you, I'd invite you then to the <#CCM3C9449|lowcostimaging> channel.\n<@U01A7SLF2LD>, I trust you may both of you chat about your respective projects. If you do it in the <#CCM3C9449|lowcostimaging> channel, it could benefit to others as well :smiley:\nHappy to find you and discuss there =)",
        "user": "U5M5PLH9S",
        "ts": "1605169241.003200",
        "team": "T5M5PLH8U",
        "user_team": "T5M5PLH8U",
        "source_team": "T5M5PLH8U",
        "user_profile": {
            "avatar_hash": "e4fb6ae9f526",
            "image_72": "https:\/\/avatars.slack-edge.com\/2017-06-01\/191144530514_e4fb6ae9f526531fd41c_72.jpg",
            "first_name": "",
            "real_name": "kelu",
            "display_name": "",
            "team": "T5M5PLH8U",
            "name": "kelu",
            "is_restricted": false,
            "is_ultra_restricted": false
        },
        "edited": {
            "user": "U5M5PLH9S",
            "ts": "1605631653.000000"
        },
        "blocks": [
            {
                "type": "rich_text",
                "block_id": "EBx",
                "elements": [
                    {
                        "type": "rich_text_section",
                        "elements": [
                            {
                                "type": "text",
                                "text": "Hi Arshath! Good to read from you, and welcome !\nThere's no such thing as a basic question.\n"
                            }
                        ]
                    },
                    {
                        "type": "rich_text_list",
                        "elements": [
                            {
                                "type": "rich_text_section",
                                "elements": [
                                    {
                                        "type": "text",
                                        "text": "Modular was dropped, it is cheaper and provides a better quality of signal to have all integrated in a board - that's the un0rick one "
                                    },
                                    {
                                        "type": "emoji",
                                        "name": "smiley"
                                    }
                                ]
                            },
                            {
                                "type": "rich_text_section",
                                "elements": [
                                    {
                                        "type": "text",
                                        "text": "I would suggest un0rick in your case."
                                    }
                                ]
                            },
                            {
                                "type": "rich_text_section",
                                "elements": [
                                    {
                                        "type": "text",
                                        "text": "That is correct. For the choice of the probe, I had tested with several probes ( "
                                    },
                                    {
                                        "type": "link",
                                        "url": "http:\/\/un0rick.cc\/probes"
                                    },
                                    {
                                        "type": "text",
                                        "text": " ). If that helps, you may also want to explore a possiblity from Shenzen ( "
                                    },
                                    {
                                        "type": "link",
                                        "url": "https:\/\/github.com\/kelu124\/echomods\/tree\/master\/include\/cn_mechprob"
                                    },
                                    {
                                        "type": "text",
                                        "text": " ) that contains motor+transducer. You may also want to have the right motor control + 12V source to drive it depending on your choice."
                                    }
                                ]
                            },
                            {
                                "type": "rich_text_section",
                                "elements": [
                                    {
                                        "type": "text",
                                        "text": "In general, before going in the details, I would suggest going into "
                                    },
                                    {
                                        "type": "link",
                                        "url": "https:\/\/kelu124.gitbooks.io\/echomods\/content\/RPI.html"
                                    },
                                    {
                                        "type": "text",
                                        "text": " . For the code to go from a RF file to an image, there is an example here :  "
                                    },
                                    {
                                        "type": "link",
                                        "url": "https:\/\/github.com\/kelu124\/echomods\/blob\/master\/elmo\/data\/20170715-ProbeTest.ipynb"
                                    },
                                    {
                                        "type": "text",
                                        "text": " (corresponding raw data : "
                                    },
                                    {
                                        "type": "link",
                                        "url": "https:\/\/github.com\/kelu124\/echomods\/blob\/a479ca0ee76d4f0e91d52c87de530f6b40d69607\/elmo\/data\/rawdata\/probeX.data"
                                    },
                                    {
                                        "type": "text",
                                        "text": " ). This way, if you download these files, you can already experiment with existing\/real life datasets."
                                    }
                                ]
                            },
                            {
                                "type": "rich_text_section",
                                "elements": [
                                    {
                                        "type": "text",
                                        "text": "I'd say it more or less depends on the probe you'll be using, the depth where you want to image, the frequency of your sensor, ...."
                                    }
                                ]
                            },
                            {
                                "type": "rich_text_section",
                                "elements": [
                                    {
                                        "type": "text",
                                        "text": "For medical imaging, I have no claim here. But I would suggest starting with 5MHz frequencies, imaging usually 5-15cm depth, that have nice echoes, easier to catch at first. For higher frequency, you may want to explore ophthalmologic probes, 10-20MHz, still somehow mechanical."
                                    }
                                ]
                            }
                        ],
                        "style": "ordered",
                        "indent": 0
                    },
                    {
                        "type": "rich_text_section",
                        "elements": [
                            {
                                "type": "text",
                                "text": "More than happy to answer more questions! If that's OK with you, I'd invite you then to the "
                            },
                            {
                                "type": "channel",
                                "channel_id": "CCM3C9449"
                            },
                            {
                                "type": "text",
                                "text": " channel.\n"
                            },
                            {
                                "type": "user",
                                "user_id": "U01A7SLF2LD"
                            },
                            {
                                "type": "text",
                                "text": ", I trust you may both of you chat about your respective projects. If you do it in the "
                            },
                            {
                                "type": "channel",
                                "channel_id": "CCM3C9449"
                            },
                            {
                                "type": "text",
                                "text": " channel, it could benefit to others as well "
                            },
                            {
                                "type": "emoji",
                                "name": "smiley"
                            },
                            {
                                "type": "text",
                                "text": "\nHappy to find you and discuss there =)"
                            }
                        ]
                    }
                ]
            }
        ],
        "reactions": [
            {
                "name": "heart",
                "users": [
                    "U01E1PT1A8P"
                ],
                "count": 1
            },
            {
                "name": "+1",
                "users": [
                    "U01A7SLF2LD"
                ],
                "count": 1
            }
        ]
    },
    {
        "client_msg_id": "4ce4c646-5366-43f6-a247-1befaf01a725",
        "type": "message",
        "text": "<@U5M5PLH9S> this is really helpful. We will digest this info and come back with more questions. hehe. sure, we will discuss this on the <#CCM3C9449|lowcostimaging> channel",
        "user": "U01E1PT1A8P",
        "ts": "1605187835.004700",
        "team": "T5M5PLH8U",
        "user_team": "T5M5PLH8U",
        "source_team": "T5M5PLH8U",
        "user_profile": {
            "avatar_hash": "ba564e674bd7",
            "image_72": "https:\/\/avatars.slack-edge.com\/2020-11-10\/1498711891252_ba564e674bd70b629b7c_72.png",
            "first_name": "",
            "real_name": "Mohamed Arshath",
            "display_name": "Mohamed Arshath",
            "team": "T5M5PLH8U",
            "name": "marshath",
            "is_restricted": false,
            "is_ultra_restricted": false
        },
        "blocks": [
            {
                "type": "rich_text",
                "block_id": "0Ix3",
                "elements": [
                    {
                        "type": "rich_text_section",
                        "elements": [
                            {
                                "type": "user",
                                "user_id": "U5M5PLH9S"
                            },
                            {
                                "type": "text",
                                "text": " this is really helpful. We will digest this info and come back with more questions. hehe. sure, we will discuss this on the "
                            },
                            {
                                "type": "channel",
                                "channel_id": "CCM3C9449"
                            },
                            {
                                "type": "text",
                                "text": " channel"
                            }
                        ]
                    }
                ]
            }
        ],
        "reactions": [
            {
                "name": "+1",
                "users": [
                    "U5M5PLH9S"
                ],
                "count": 1
            }
        ]
    },
    {
        "client_msg_id": "a9144c57-d501-48a5-8cba-89cf4112539d",
        "type": "message",
        "text": "thanks a lot :pray:",
        "user": "U01E1PT1A8P",
        "ts": "1605187877.005000",
        "team": "T5M5PLH8U",
        "user_team": "T5M5PLH8U",
        "source_team": "T5M5PLH8U",
        "user_profile": {
            "avatar_hash": "ba564e674bd7",
            "image_72": "https:\/\/avatars.slack-edge.com\/2020-11-10\/1498711891252_ba564e674bd70b629b7c_72.png",
            "first_name": "",
            "real_name": "Mohamed Arshath",
            "display_name": "Mohamed Arshath",
            "team": "T5M5PLH8U",
            "name": "marshath",
            "is_restricted": false,
            "is_ultra_restricted": false
        },
        "blocks": [
            {
                "type": "rich_text",
                "block_id": "6t=c",
                "elements": [
                    {
                        "type": "rich_text_section",
                        "elements": [
                            {
                                "type": "text",
                                "text": "thanks a lot "
                            },
                            {
                                "type": "emoji",
                                "name": "pray"
                            }
                        ]
                    }
                ]
            }
        ],
        "reactions": [
            {
                "name": "+1",
                "users": [
                    "U5M5PLH9S"
                ],
                "count": 1
            }
        ]
    }
]