[
    {
        "client_msg_id": "f13dd604-5785-43ba-8898-432e130ad5a9",
        "type": "message",
        "text": "Thanks for your recommendation! I've found some Doppler subjects like: <https:\/\/www.alibaba.com\/product-detail\/Portable-Vascular-Doppler-with-8-0_60456955685.html?spm=a2700.galleryofferlist.0.0.1eae9478v3CoDS>",
        "user": "UUDRCJYMN",
        "ts": "1582715473.002500",
        "team": "T5M5PLH8U",
        "user_team": "T5M5PLH8U",
        "source_team": "T5M5PLH8U",
        "user_profile": {
            "avatar_hash": "g8ab8f7d8738",
            "image_72": "https:\/\/secure.gravatar.com\/avatar\/8ab8f7d873899154d2fcee0e8d000f57.jpg?s=72&d=https%3A%2F%2Fa.slack-edge.com%2Fdf10d%2Fimg%2Favatars%2Fava_0003-72.png",
            "first_name": "",
            "real_name": "Tim",
            "display_name": "Tim",
            "team": "T5M5PLH8U",
            "name": "tim.siebeneich",
            "is_restricted": false,
            "is_ultra_restricted": false
        },
        "attachments": [
            {
                "service_name": "www.alibaba.com",
                "title": "Portable Vascular Doppler With 8.0 Mhz Probe Both For Human &amp; Veterinary Msl520 - Buy Portable Vascular Doppler,Handheld Vascular Doppler,Vascular Doppler Ultrasound Product on Alibaba.com",
                "title_link": "https:\/\/www.alibaba.com\/product-detail\/Portable-Vascular-Doppler-with-8-0_60456955685.html?spm=a2700.galleryofferlist.0.0.1eae9478v3CoDS",
                "text": "Portable Vascular Doppler With 8.0 Mhz Probe Both For Human &amp; Veterinary Msl520 , Find Complete Details about Portable Vascular Doppler With 8.0 Mhz Probe Both For Human &amp; Veterinary Msl520,Portable Vascular Doppler,Handheld Vascular Doppler,Vascular Doppler Ultrasound from Medical Ultrasound Instruments Supplier or Manufacturer-Guangzhou Medsinglong Medical Equipment Co., Ltd.",
                "fallback": "www.alibaba.com: Portable Vascular Doppler With 8.0 Mhz Probe Both For Human &amp; Veterinary Msl520 - Buy Portable Vascular Doppler,Handheld Vascular Doppler,Vascular Doppler Ultrasound Product on Alibaba.com",
                "thumb_url": "https:\/\/sc02.alicdn.com\/kf\/HTB1o3sFffNNTKJjSspcq6z4KVXaN.jpg",
                "from_url": "https:\/\/www.alibaba.com\/product-detail\/Portable-Vascular-Doppler-with-8-0_60456955685.html?spm=a2700.galleryofferlist.0.0.1eae9478v3CoDS",
                "thumb_width": 500,
                "thumb_height": 471,
                "service_icon": "http:\/\/is.alicdn.com\/simg\/single\/icon\/favicon.ico",
                "id": 1,
                "original_url": "https:\/\/www.alibaba.com\/product-detail\/Portable-Vascular-Doppler-with-8-0_60456955685.html?spm=a2700.galleryofferlist.0.0.1eae9478v3CoDS"
            }
        ],
        "blocks": [
            {
                "type": "rich_text",
                "block_id": "jyQFt",
                "elements": [
                    {
                        "type": "rich_text_section",
                        "elements": [
                            {
                                "type": "text",
                                "text": "Thanks for your recommendation! I've found some Doppler subjects like: "
                            },
                            {
                                "type": "link",
                                "url": "https:\/\/www.alibaba.com\/product-detail\/Portable-Vascular-Doppler-with-8-0_60456955685.html?spm=a2700.galleryofferlist.0.0.1eae9478v3CoDS"
                            }
                        ]
                    }
                ]
            }
        ],
        "thread_ts": "1582546178.002200",
        "parent_user_id": "U5M5PLH9S"
    },
    {
        "client_msg_id": "7f087675-35ec-4cad-9bf3-7ae4982fdb6e",
        "type": "message",
        "text": "But I wonder if you can design a doppler with the un0rick?",
        "user": "UUDRCJYMN",
        "ts": "1582715597.002800",
        "team": "T5M5PLH8U",
        "user_team": "T5M5PLH8U",
        "source_team": "T5M5PLH8U",
        "user_profile": {
            "avatar_hash": "g8ab8f7d8738",
            "image_72": "https:\/\/secure.gravatar.com\/avatar\/8ab8f7d873899154d2fcee0e8d000f57.jpg?s=72&d=https%3A%2F%2Fa.slack-edge.com%2Fdf10d%2Fimg%2Favatars%2Fava_0003-72.png",
            "first_name": "",
            "real_name": "Tim",
            "display_name": "Tim",
            "team": "T5M5PLH8U",
            "name": "tim.siebeneich",
            "is_restricted": false,
            "is_ultra_restricted": false
        },
        "blocks": [
            {
                "type": "rich_text",
                "block_id": "5wHx",
                "elements": [
                    {
                        "type": "rich_text_section",
                        "elements": [
                            {
                                "type": "text",
                                "text": "But I wonder if you can design a doppler with the un0rick?"
                            }
                        ]
                    }
                ]
            }
        ],
        "thread_ts": "1582546178.002200",
        "parent_user_id": "U5M5PLH9S"
    },
    {
        "client_msg_id": "331d6232-ab87-4ef1-a25d-aedf8399d652",
        "type": "message",
        "text": "First guess is.. yes, but need to update the firmware and attach additional hardware. It is an overkill though. It would recommend starting on these foetal Doppler or implementing the pdf.\nNeed also specific transducers",
        "user": "U5M5PLH9S",
        "ts": "1582716078.003000",
        "team": "T5M5PLH8U",
        "user_team": "T5M5PLH8U",
        "source_team": "T5M5PLH8U",
        "user_profile": {
            "avatar_hash": "e4fb6ae9f526",
            "image_72": "https:\/\/avatars.slack-edge.com\/2017-06-01\/191144530514_e4fb6ae9f526531fd41c_72.jpg",
            "first_name": "",
            "real_name": "kelu",
            "display_name": "",
            "team": "T5M5PLH8U",
            "name": "kelu",
            "is_restricted": false,
            "is_ultra_restricted": false
        },
        "blocks": [
            {
                "type": "rich_text",
                "block_id": "Nt=\/",
                "elements": [
                    {
                        "type": "rich_text_section",
                        "elements": [
                            {
                                "type": "text",
                                "text": "First guess is.. yes, but need to update the firmware and attach additional hardware. It is an overkill though. It would recommend starting on these foetal Doppler or implementing the pdf.\nNeed also specific transducers"
                            }
                        ]
                    }
                ]
            }
        ],
        "thread_ts": "1582546178.002200",
        "parent_user_id": "U5M5PLH9S"
    },
    {
        "client_msg_id": "513c10b1-4a90-4ebf-9af5-315d4b0b2e0e",
        "type": "message",
        "text": "okay so it's not possible for me just take the un0rick and attach required hardware to deign a Doppler?",
        "user": "UUDRCJYMN",
        "ts": "1582717347.003200",
        "team": "T5M5PLH8U",
        "user_team": "T5M5PLH8U",
        "source_team": "T5M5PLH8U",
        "user_profile": {
            "avatar_hash": "g8ab8f7d8738",
            "image_72": "https:\/\/secure.gravatar.com\/avatar\/8ab8f7d873899154d2fcee0e8d000f57.jpg?s=72&d=https%3A%2F%2Fa.slack-edge.com%2Fdf10d%2Fimg%2Favatars%2Fava_0003-72.png",
            "first_name": "",
            "real_name": "Tim",
            "display_name": "Tim",
            "team": "T5M5PLH8U",
            "name": "tim.siebeneich",
            "is_restricted": false,
            "is_ultra_restricted": false
        },
        "blocks": [
            {
                "type": "rich_text",
                "block_id": "\/=rO",
                "elements": [
                    {
                        "type": "rich_text_section",
                        "elements": [
                            {
                                "type": "text",
                                "text": "okay so it's not possible for me just take the un0rick and attach required hardware to deign a Doppler?"
                            }
                        ]
                    }
                ]
            }
        ],
        "thread_ts": "1582546178.002200",
        "parent_user_id": "U5M5PLH9S"
    },
    {
        "client_msg_id": "c3bf9b30-8b4c-40b2-b0e9-1e43efd68621",
        "type": "message",
        "text": "In theory, it is possible. In practice.. you would need to change too many things.",
        "user": "U5M5PLH9S",
        "ts": "1582718708.003400",
        "team": "T5M5PLH8U",
        "user_team": "T5M5PLH8U",
        "source_team": "T5M5PLH8U",
        "user_profile": {
            "avatar_hash": "e4fb6ae9f526",
            "image_72": "https:\/\/avatars.slack-edge.com\/2017-06-01\/191144530514_e4fb6ae9f526531fd41c_72.jpg",
            "first_name": "",
            "real_name": "kelu",
            "display_name": "",
            "team": "T5M5PLH8U",
            "name": "kelu",
            "is_restricted": false,
            "is_ultra_restricted": false
        },
        "blocks": [
            {
                "type": "rich_text",
                "block_id": "0vQxy",
                "elements": [
                    {
                        "type": "rich_text_section",
                        "elements": [
                            {
                                "type": "text",
                                "text": "In theory, it is possible. In practice.. you would need to change too many things."
                            }
                        ]
                    }
                ]
            }
        ],
        "thread_ts": "1582546178.002200",
        "parent_user_id": "U5M5PLH9S"
    },
    {
        "client_msg_id": "54c35109-57cc-4655-9ad3-82bea536d22a",
        "type": "message",
        "text": "The board is for pulse echo really.",
        "user": "U5M5PLH9S",
        "ts": "1582718727.003600",
        "team": "T5M5PLH8U",
        "user_team": "T5M5PLH8U",
        "source_team": "T5M5PLH8U",
        "user_profile": {
            "avatar_hash": "e4fb6ae9f526",
            "image_72": "https:\/\/avatars.slack-edge.com\/2017-06-01\/191144530514_e4fb6ae9f526531fd41c_72.jpg",
            "first_name": "",
            "real_name": "kelu",
            "display_name": "",
            "team": "T5M5PLH8U",
            "name": "kelu",
            "is_restricted": false,
            "is_ultra_restricted": false
        },
        "blocks": [
            {
                "type": "rich_text",
                "block_id": "p08",
                "elements": [
                    {
                        "type": "rich_text_section",
                        "elements": [
                            {
                                "type": "text",
                                "text": "The board is for pulse echo really."
                            }
                        ]
                    }
                ]
            }
        ],
        "thread_ts": "1582546178.002200",
        "parent_user_id": "U5M5PLH9S"
    },
    {
        "client_msg_id": "e23fd614-3fa8-436f-9f06-dada153908f8",
        "type": "message",
        "text": "If you need a Doppler, the design is much simpler :)",
        "user": "U5M5PLH9S",
        "ts": "1582718750.003800",
        "team": "T5M5PLH8U",
        "user_team": "T5M5PLH8U",
        "source_team": "T5M5PLH8U",
        "user_profile": {
            "avatar_hash": "e4fb6ae9f526",
            "image_72": "https:\/\/avatars.slack-edge.com\/2017-06-01\/191144530514_e4fb6ae9f526531fd41c_72.jpg",
            "first_name": "",
            "real_name": "kelu",
            "display_name": "",
            "team": "T5M5PLH8U",
            "name": "kelu",
            "is_restricted": false,
            "is_ultra_restricted": false
        },
        "blocks": [
            {
                "type": "rich_text",
                "block_id": "eig0",
                "elements": [
                    {
                        "type": "rich_text_section",
                        "elements": [
                            {
                                "type": "text",
                                "text": "If you need a Doppler, the design is much simpler :)"
                            }
                        ]
                    }
                ]
            }
        ],
        "thread_ts": "1582546178.002200",
        "parent_user_id": "U5M5PLH9S"
    }
]