[
    {
        "type": "message",
        "subtype": "channel_join",
        "ts": "1587909077.005200",
        "user": "U012XDWPPLH",
        "text": "<@U012XDWPPLH> has joined the channel"
    },
    {
        "client_msg_id": "b95ceaf8-dc94-4564-afec-8ffea5a86560",
        "type": "message",
        "text": "Welcome <@U012XDWPPLH>, thanks for raising the slack link point :smiley:",
        "user": "U5M5PLH9S",
        "ts": "1587909177.005600",
        "team": "T5M5PLH8U",
        "user_team": "T5M5PLH8U",
        "source_team": "T5M5PLH8U",
        "user_profile": {
            "avatar_hash": "e4fb6ae9f526",
            "image_72": "https:\/\/avatars.slack-edge.com\/2017-06-01\/191144530514_e4fb6ae9f526531fd41c_72.jpg",
            "first_name": "",
            "real_name": "kelu",
            "display_name": "",
            "team": "T5M5PLH8U",
            "name": "kelu",
            "is_restricted": false,
            "is_ultra_restricted": false
        },
        "blocks": [
            {
                "type": "rich_text",
                "block_id": "OI3",
                "elements": [
                    {
                        "type": "rich_text_section",
                        "elements": [
                            {
                                "type": "text",
                                "text": "Welcome "
                            },
                            {
                                "type": "user",
                                "user_id": "U012XDWPPLH"
                            },
                            {
                                "type": "text",
                                "text": ", thanks for raising the slack link point "
                            },
                            {
                                "type": "emoji",
                                "name": "smiley"
                            }
                        ]
                    }
                ]
            }
        ]
    },
    {
        "client_msg_id": "8c6fc788-d5c3-4713-b0a7-e3f522da134b",
        "type": "message",
        "text": "Thank you for the invite! :smile:",
        "user": "U012XDWPPLH",
        "ts": "1587909202.006000",
        "team": "T5M5PLH8U",
        "user_team": "T5M5PLH8U",
        "source_team": "T5M5PLH8U",
        "user_profile": {
            "avatar_hash": "g24ee83f44b0",
            "image_72": "https:\/\/secure.gravatar.com\/avatar\/24ee83f44b07a22fc3ac17b81117440b.jpg?s=72&d=https%3A%2F%2Fa.slack-edge.com%2Fdf10d%2Fimg%2Favatars%2Fava_0017-72.png",
            "first_name": "",
            "real_name": "Keerthi Sravan Ravi",
            "display_name": "Keerthi Sravan Ravi",
            "team": "T5M5PLH8U",
            "name": "ks3621",
            "is_restricted": false,
            "is_ultra_restricted": false
        },
        "blocks": [
            {
                "type": "rich_text",
                "block_id": "XCGO",
                "elements": [
                    {
                        "type": "rich_text_section",
                        "elements": [
                            {
                                "type": "text",
                                "text": "Thank you for the invite! "
                            },
                            {
                                "type": "emoji",
                                "name": "smile"
                            }
                        ]
                    }
                ]
            }
        ],
        "thread_ts": "1587909202.006000",
        "reply_count": 1,
        "reply_users_count": 1,
        "latest_reply": "1587909438.006200",
        "reply_users": [
            "U5M5PLH9S"
        ],
        "replies": [
            {
                "user": "U5M5PLH9S",
                "ts": "1587909438.006200"
            }
        ],
        "subscribed": true,
        "last_read": "1587909438.006200"
    },
    {
        "client_msg_id": "f8fbee1e-5143-4eae-878f-8a6aaa3e96fa",
        "type": "message",
        "text": "I'll let you roam around - let me know if you have questions or are looking for something specific.",
        "user": "U5M5PLH9S",
        "ts": "1587909438.006200",
        "team": "T5M5PLH8U",
        "user_team": "T5M5PLH8U",
        "source_team": "T5M5PLH8U",
        "user_profile": {
            "avatar_hash": "e4fb6ae9f526",
            "image_72": "https:\/\/avatars.slack-edge.com\/2017-06-01\/191144530514_e4fb6ae9f526531fd41c_72.jpg",
            "first_name": "",
            "real_name": "kelu",
            "display_name": "",
            "team": "T5M5PLH8U",
            "name": "kelu",
            "is_restricted": false,
            "is_ultra_restricted": false
        },
        "blocks": [
            {
                "type": "rich_text",
                "block_id": "vZf",
                "elements": [
                    {
                        "type": "rich_text_section",
                        "elements": [
                            {
                                "type": "text",
                                "text": "I'll let you roam around - let me know if you have questions or are looking for something specific."
                            }
                        ]
                    }
                ]
            }
        ],
        "thread_ts": "1587909202.006000",
        "parent_user_id": "U012XDWPPLH",
        "reactions": [
            {
                "name": "+1",
                "users": [
                    "U012XDWPPLH"
                ],
                "count": 1
            }
        ]
    }
]