[
    {
        "client_msg_id": "f4f70643-1e0a-45cb-820f-86ae7b61687d",
        "type": "message",
        "text": "Thanks for the script, Will try it soon.I can add more coax, how much delay would you like to add.?",
        "user": "URM2LCMHA",
        "ts": "1583780237.022000",
        "team": "T5M5PLH8U",
        "user_team": "T5M5PLH8U",
        "source_team": "T5M5PLH8U",
        "user_profile": {
            "avatar_hash": "g0727c50e72c",
            "image_72": "https:\/\/secure.gravatar.com\/avatar\/0727c50e72cecd2eb296eadbca46c9b1.jpg?s=72&d=https%3A%2F%2Fa.slack-edge.com%2Fdf10d%2Fimg%2Favatars%2Fava_0018-72.png",
            "first_name": "",
            "real_name": "Richard",
            "display_name": "Richard",
            "team": "T5M5PLH8U",
            "name": "richard.st-pierre",
            "is_restricted": false,
            "is_ultra_restricted": false
        },
        "blocks": [
            {
                "type": "rich_text",
                "block_id": "gKEG",
                "elements": [
                    {
                        "type": "rich_text_section",
                        "elements": [
                            {
                                "type": "text",
                                "text": "Thanks for the script, Will try it soon.I can add more coax, how much delay would you like to add.?"
                            }
                        ]
                    }
                ]
            }
        ],
        "thread_ts": "1583414620.019400",
        "parent_user_id": "URM2LCMHA"
    },
    {
        "client_msg_id": "d0e7a0c0-c05c-44bb-a8e8-2b358221fdab",
        "type": "message",
        "text": "Nope, actually the receiving line of the piezo is weird to me, with this dip..  I can't find why this happens. It seems you have no echo before. Really strange.",
        "user": "U5M5PLH9S",
        "ts": "1583781304.022200",
        "team": "T5M5PLH8U",
        "user_team": "T5M5PLH8U",
        "source_team": "T5M5PLH8U",
        "user_profile": {
            "avatar_hash": "e4fb6ae9f526",
            "image_72": "https:\/\/avatars.slack-edge.com\/2017-06-01\/191144530514_e4fb6ae9f526531fd41c_72.jpg",
            "first_name": "",
            "real_name": "kelu",
            "display_name": "",
            "team": "T5M5PLH8U",
            "name": "kelu",
            "is_restricted": false,
            "is_ultra_restricted": false
        },
        "blocks": [
            {
                "type": "rich_text",
                "block_id": "nUA",
                "elements": [
                    {
                        "type": "rich_text_section",
                        "elements": [
                            {
                                "type": "text",
                                "text": "Nope, actually the receiving line of the piezo is weird to me, with this dip..  I can't find why this happens. It seems you have no echo before. Really strange."
                            }
                        ]
                    }
                ]
            }
        ],
        "thread_ts": "1583414620.019400",
        "parent_user_id": "URM2LCMHA"
    },
    {
        "client_msg_id": "0942f3bd-f3c5-40d7-b725-92bceb3a905f",
        "type": "message",
        "text": "I was wondering if you were already using one.",
        "user": "U5M5PLH9S",
        "ts": "1583781318.022400",
        "team": "T5M5PLH8U",
        "user_team": "T5M5PLH8U",
        "source_team": "T5M5PLH8U",
        "user_profile": {
            "avatar_hash": "e4fb6ae9f526",
            "image_72": "https:\/\/avatars.slack-edge.com\/2017-06-01\/191144530514_e4fb6ae9f526531fd41c_72.jpg",
            "first_name": "",
            "real_name": "kelu",
            "display_name": "",
            "team": "T5M5PLH8U",
            "name": "kelu",
            "is_restricted": false,
            "is_ultra_restricted": false
        },
        "blocks": [
            {
                "type": "rich_text",
                "block_id": "6WT",
                "elements": [
                    {
                        "type": "rich_text_section",
                        "elements": [
                            {
                                "type": "text",
                                "text": "I was wondering if you were already using one."
                            }
                        ]
                    }
                ]
            }
        ],
        "thread_ts": "1583414620.019400",
        "parent_user_id": "URM2LCMHA"
    }
]