[
    {
        "client_msg_id": "2ed5ea66-1ee8-43d8-8927-afc2851a8647",
        "type": "message",
        "text": "yup",
        "user": "U5M5PLH9S",
        "ts": "1599121775.004800",
        "team": "T5M5PLH8U",
        "user_team": "T5M5PLH8U",
        "source_team": "T5M5PLH8U",
        "user_profile": {
            "avatar_hash": "e4fb6ae9f526",
            "image_72": "https:\/\/avatars.slack-edge.com\/2017-06-01\/191144530514_e4fb6ae9f526531fd41c_72.jpg",
            "first_name": "",
            "real_name": "kelu",
            "display_name": "",
            "team": "T5M5PLH8U",
            "name": "kelu",
            "is_restricted": false,
            "is_ultra_restricted": false
        },
        "blocks": [
            {
                "type": "rich_text",
                "block_id": "k8dFX",
                "elements": [
                    {
                        "type": "rich_text_section",
                        "elements": [
                            {
                                "type": "text",
                                "text": "yup"
                            }
                        ]
                    }
                ]
            }
        ],
        "thread_ts": "1599065271.003700",
        "parent_user_id": "U5M5PLH9S"
    },
    {
        "client_msg_id": "9f9154a7-8f1d-4c08-bada-caeb25862ed7",
        "type": "message",
        "text": "here the idea of the smaller (simpler) board is that you could have say 8 on a board to address an 8element array (or 8 sets of elements with muxes), with programmable delays, so that you have full control of individual TX\/RX, including delays, and you can do digital beamforming.",
        "user": "U5M5PLH9S",
        "ts": "1599121839.005000",
        "team": "T5M5PLH8U",
        "user_team": "T5M5PLH8U",
        "source_team": "T5M5PLH8U",
        "user_profile": {
            "avatar_hash": "e4fb6ae9f526",
            "image_72": "https:\/\/avatars.slack-edge.com\/2017-06-01\/191144530514_e4fb6ae9f526531fd41c_72.jpg",
            "first_name": "",
            "real_name": "kelu",
            "display_name": "",
            "team": "T5M5PLH8U",
            "name": "kelu",
            "is_restricted": false,
            "is_ultra_restricted": false
        },
        "blocks": [
            {
                "type": "rich_text",
                "block_id": "+yU",
                "elements": [
                    {
                        "type": "rich_text_section",
                        "elements": [
                            {
                                "type": "text",
                                "text": "here the idea of the smaller (simpler) board is that you could have say 8 on a board to address an 8element array (or 8 sets of elements with muxes), with programmable delays, so that you have full control of individual TX\/RX, including delays, and you can do digital beamforming."
                            }
                        ]
                    }
                ]
            }
        ],
        "thread_ts": "1599065271.003700",
        "parent_user_id": "U5M5PLH9S",
        "reactions": [
            {
                "name": "+1",
                "users": [
                    "U019BD4E8LX"
                ],
                "count": 1
            }
        ]
    },
    {
        "client_msg_id": "9ee27bf1-8d84-45cb-856c-9d7713245166",
        "type": "message",
        "text": "I need to get up to speed with Verilog. Have you seen nMigen?",
        "user": "U019BD4E8LX",
        "ts": "1599149325.005300",
        "team": "T5M5PLH8U",
        "user_team": "T5M5PLH8U",
        "source_team": "T5M5PLH8U",
        "user_profile": {
            "avatar_hash": "g8241a45759c",
            "image_72": "https:\/\/secure.gravatar.com\/avatar\/8241a45759c3d2b9408084591b734e39.jpg?s=72&d=https%3A%2F%2Fa.slack-edge.com%2Fdf10d%2Fimg%2Favatars%2Fava_0007-72.png",
            "first_name": "",
            "real_name": "Carlos Diaz",
            "display_name": "",
            "team": "T5M5PLH8U",
            "name": "carlos.santiago.diaz",
            "is_restricted": false,
            "is_ultra_restricted": false
        },
        "blocks": [
            {
                "type": "rich_text",
                "block_id": "9otQ9",
                "elements": [
                    {
                        "type": "rich_text_section",
                        "elements": [
                            {
                                "type": "text",
                                "text": "I need to get up to speed with Verilog. Have you seen nMigen?"
                            }
                        ]
                    }
                ]
            }
        ],
        "thread_ts": "1599065271.003700",
        "parent_user_id": "U5M5PLH9S"
    },
    {
        "client_msg_id": "d287c81e-7776-48ef-893e-a5eb316c7627",
        "type": "message",
        "text": "I would love to, but my pc is not helping me and I have not a lot of experience in hardware design. But I can help updating the schematics in KiCad tho",
        "user": "U019BD4E8LX",
        "ts": "1599149939.005500",
        "team": "T5M5PLH8U",
        "user_team": "T5M5PLH8U",
        "source_team": "T5M5PLH8U",
        "user_profile": {
            "avatar_hash": "g8241a45759c",
            "image_72": "https:\/\/secure.gravatar.com\/avatar\/8241a45759c3d2b9408084591b734e39.jpg?s=72&d=https%3A%2F%2Fa.slack-edge.com%2Fdf10d%2Fimg%2Favatars%2Fava_0007-72.png",
            "first_name": "",
            "real_name": "Carlos Diaz",
            "display_name": "",
            "team": "T5M5PLH8U",
            "name": "carlos.santiago.diaz",
            "is_restricted": false,
            "is_ultra_restricted": false
        },
        "blocks": [
            {
                "type": "rich_text",
                "block_id": "GLnw",
                "elements": [
                    {
                        "type": "rich_text_section",
                        "elements": [
                            {
                                "type": "text",
                                "text": "I would love to, but my pc is not helping me and I have not a lot of experience in hardware design. But I can help updating the schematics in KiCad tho"
                            }
                        ]
                    }
                ]
            }
        ],
        "thread_ts": "1599065549.004500",
        "parent_user_id": "U5M5PLH9S"
    },
    {
        "client_msg_id": "1bd90423-0a3a-4b79-a48d-099d2e462d89",
        "type": "message",
        "text": "And thanks about parts hunting, I'm actually getting familiar with the DRV2700, but I don't think I will be able to use it on my design.",
        "user": "U019BD4E8LX",
        "ts": "1599181994.005700",
        "team": "T5M5PLH8U",
        "user_team": "T5M5PLH8U",
        "source_team": "T5M5PLH8U",
        "user_profile": {
            "avatar_hash": "g8241a45759c",
            "image_72": "https:\/\/secure.gravatar.com\/avatar\/8241a45759c3d2b9408084591b734e39.jpg?s=72&d=https%3A%2F%2Fa.slack-edge.com%2Fdf10d%2Fimg%2Favatars%2Fava_0007-72.png",
            "first_name": "",
            "real_name": "Carlos Diaz",
            "display_name": "",
            "team": "T5M5PLH8U",
            "name": "carlos.santiago.diaz",
            "is_restricted": false,
            "is_ultra_restricted": false
        },
        "blocks": [
            {
                "type": "rich_text",
                "block_id": "WfCzn",
                "elements": [
                    {
                        "type": "rich_text_section",
                        "elements": [
                            {
                                "type": "text",
                                "text": "And thanks about parts hunting, I'm actually getting familiar with the DRV2700, but I don't think I will be able to use it on my design."
                            }
                        ]
                    }
                ]
            }
        ],
        "thread_ts": "1599065549.004500",
        "parent_user_id": "U5M5PLH9S"
    },
    {
        "client_msg_id": "788de6ed-3142-4f59-b67e-401401c0ac63",
        "type": "message",
        "text": "Sure. Are you aiming for balanced hv rails ?",
        "user": "U5M5PLH9S",
        "ts": "1599199489.005900",
        "team": "T5M5PLH8U",
        "user_team": "T5M5PLH8U",
        "source_team": "T5M5PLH8U",
        "user_profile": {
            "avatar_hash": "e4fb6ae9f526",
            "image_72": "https:\/\/avatars.slack-edge.com\/2017-06-01\/191144530514_e4fb6ae9f526531fd41c_72.jpg",
            "first_name": "",
            "real_name": "kelu",
            "display_name": "",
            "team": "T5M5PLH8U",
            "name": "kelu",
            "is_restricted": false,
            "is_ultra_restricted": false
        },
        "blocks": [
            {
                "type": "rich_text",
                "block_id": "vmb\/",
                "elements": [
                    {
                        "type": "rich_text_section",
                        "elements": [
                            {
                                "type": "text",
                                "text": "Sure. Are you aiming for balanced hv rails ?"
                            }
                        ]
                    }
                ]
            }
        ],
        "thread_ts": "1599065549.004500",
        "parent_user_id": "U5M5PLH9S"
    }
]