[
    {
        "client_msg_id": "cd5aad65-b754-41b7-aa45-be5e0eb865ff",
        "type": "message",
        "text": "Strangely enough, I've been trying this piece of code on a RPi4, I'm not getting multiline. Will open an issue on github here.\nWeird, it seems it does not recognize the command, and the blinky does not work there.\nHowever, when using a PiZero, it works.\nI'm confused - might be worth checking software side.",
        "user": "U5M5PLH9S",
        "ts": "1584821230.000100",
        "team": "T5M5PLH8U",
        "user_team": "T5M5PLH8U",
        "source_team": "T5M5PLH8U",
        "user_profile": {
            "avatar_hash": "e4fb6ae9f526",
            "image_72": "https:\/\/avatars.slack-edge.com\/2017-06-01\/191144530514_e4fb6ae9f526531fd41c_72.jpg",
            "first_name": "",
            "real_name": "kelu",
            "display_name": "",
            "team": "T5M5PLH8U",
            "name": "kelu",
            "is_restricted": false,
            "is_ultra_restricted": false
        },
        "blocks": [
            {
                "type": "rich_text",
                "block_id": "PlapU",
                "elements": [
                    {
                        "type": "rich_text_section",
                        "elements": [
                            {
                                "type": "text",
                                "text": "Strangely enough, I've been trying this piece of code on a RPi4, I'm not getting multiline. Will open an issue on github here.\nWeird, it seems it does not recognize the command, and the blinky does not work there.\nHowever, when using a PiZero, it works.\nI'm confused - might be worth checking software side."
                            }
                        ]
                    }
                ]
            }
        ],
        "thread_ts": "1583414620.019400",
        "parent_user_id": "URM2LCMHA"
    },
    {
        "client_msg_id": "094da383-0263-473a-871e-df20455f2eba",
        "type": "message",
        "text": "if you have any ideas <@U8Z3VB1T2> <@UF90LJWTH> <@UKA33T8N9> I'm all ears.",
        "user": "U5M5PLH9S",
        "ts": "1584821246.000300",
        "team": "T5M5PLH8U",
        "user_team": "T5M5PLH8U",
        "source_team": "T5M5PLH8U",
        "user_profile": {
            "avatar_hash": "e4fb6ae9f526",
            "image_72": "https:\/\/avatars.slack-edge.com\/2017-06-01\/191144530514_e4fb6ae9f526531fd41c_72.jpg",
            "first_name": "",
            "real_name": "kelu",
            "display_name": "",
            "team": "T5M5PLH8U",
            "name": "kelu",
            "is_restricted": false,
            "is_ultra_restricted": false
        },
        "blocks": [
            {
                "type": "rich_text",
                "block_id": "kqY",
                "elements": [
                    {
                        "type": "rich_text_section",
                        "elements": [
                            {
                                "type": "text",
                                "text": "if you have any ideas "
                            },
                            {
                                "type": "user",
                                "user_id": "U8Z3VB1T2"
                            },
                            {
                                "type": "text",
                                "text": " "
                            },
                            {
                                "type": "user",
                                "user_id": "UF90LJWTH"
                            },
                            {
                                "type": "text",
                                "text": " "
                            },
                            {
                                "type": "user",
                                "user_id": "UKA33T8N9"
                            },
                            {
                                "type": "text",
                                "text": " I'm all ears."
                            }
                        ]
                    }
                ]
            }
        ],
        "thread_ts": "1583414620.019400",
        "parent_user_id": "URM2LCMHA"
    },
    {
        "client_msg_id": "4119a6b9-8f39-49de-a171-3e68b9ab765c",
        "type": "message",
        "text": "Are they running the same OS version? If not, maybe an issue with python version or libraries? Otherwise, maybe an issue with 64 vs 32 bit?",
        "user": "U8Z3VB1T2",
        "ts": "1584848185.000500",
        "team": "T5M5PLH8U",
        "user_team": "T5M5PLH8U",
        "source_team": "T5M5PLH8U",
        "user_profile": {
            "avatar_hash": "g49ad52d7df8",
            "image_72": "https:\/\/secure.gravatar.com\/avatar\/449ad52d7df89ecbe8ebe0fd87d3f63f.jpg?s=72&d=https%3A%2F%2Fa.slack-edge.com%2Fdf10d%2Fimg%2Favatars%2Fava_0026-72.png",
            "first_name": "",
            "real_name": "William Meng",
            "display_name": "",
            "team": "T5M5PLH8U",
            "name": "wlmeng11",
            "is_restricted": false,
            "is_ultra_restricted": false
        },
        "blocks": [
            {
                "type": "rich_text",
                "block_id": "X\/XVc",
                "elements": [
                    {
                        "type": "rich_text_section",
                        "elements": [
                            {
                                "type": "text",
                                "text": "Are they running the same OS version? If not, maybe an issue with python version or libraries? Otherwise, maybe an issue with 64 vs 32 bit?"
                            }
                        ]
                    }
                ]
            }
        ],
        "thread_ts": "1583414620.019400",
        "parent_user_id": "URM2LCMHA"
    }
]