[
    {
        "type": "message",
        "text": "Happy to report some progress on verilog !\nHere, I can extract as many line as I want from the board, for 256pts lines of enveloppe extracted acquisitions at 64Msps \/ 12bits, using the i2s bus.\nImage below is a sample, 10 lines of 128us, sampled at 64Msps, enveloppe shows echoes at approx 35us, 70us and 105us. A bit noisy, but original pulse voltage is only 5V :stuck_out_tongue:",
        "files": [
            {
                "id": "F019CBXBT96",
                "created": 1597165644,
                "timestamp": 1597165644,
                "name": "i2s.png",
                "title": "i2s.png",
                "mimetype": "image\/png",
                "filetype": "png",
                "pretty_type": "PNG",
                "user": "U5M5PLH9S",
                "editable": false,
                "size": 67934,
                "mode": "hosted",
                "is_external": false,
                "external_type": "",
                "is_public": true,
                "public_url_shared": false,
                "display_as_bot": false,
                "username": "",
                "url_private": "https:\/\/files.slack.com\/files-pri\/T5M5PLH8U-F019CBXBT96\/i2s.png?t=xoxe-191193697300-1501897281926-1505540481365-290cf54ffdfc380367c1af72479de92b",
                "url_private_download": "https:\/\/files.slack.com\/files-pri\/T5M5PLH8U-F019CBXBT96\/download\/i2s.png?t=xoxe-191193697300-1501897281926-1505540481365-290cf54ffdfc380367c1af72479de92b",
                "thumb_64": "https:\/\/files.slack.com\/files-tmb\/T5M5PLH8U-F019CBXBT96-affe0e5e50\/i2s_64.png?t=xoxe-191193697300-1501897281926-1505540481365-290cf54ffdfc380367c1af72479de92b",
                "thumb_80": "https:\/\/files.slack.com\/files-tmb\/T5M5PLH8U-F019CBXBT96-affe0e5e50\/i2s_80.png?t=xoxe-191193697300-1501897281926-1505540481365-290cf54ffdfc380367c1af72479de92b",
                "thumb_360": "https:\/\/files.slack.com\/files-tmb\/T5M5PLH8U-F019CBXBT96-affe0e5e50\/i2s_360.png?t=xoxe-191193697300-1501897281926-1505540481365-290cf54ffdfc380367c1af72479de92b",
                "thumb_360_w": 360,
                "thumb_360_h": 120,
                "thumb_480": "https:\/\/files.slack.com\/files-tmb\/T5M5PLH8U-F019CBXBT96-affe0e5e50\/i2s_480.png?t=xoxe-191193697300-1501897281926-1505540481365-290cf54ffdfc380367c1af72479de92b",
                "thumb_480_w": 480,
                "thumb_480_h": 160,
                "thumb_160": "https:\/\/files.slack.com\/files-tmb\/T5M5PLH8U-F019CBXBT96-affe0e5e50\/i2s_160.png?t=xoxe-191193697300-1501897281926-1505540481365-290cf54ffdfc380367c1af72479de92b",
                "thumb_720": "https:\/\/files.slack.com\/files-tmb\/T5M5PLH8U-F019CBXBT96-affe0e5e50\/i2s_720.png?t=xoxe-191193697300-1501897281926-1505540481365-290cf54ffdfc380367c1af72479de92b",
                "thumb_720_w": 720,
                "thumb_720_h": 240,
                "thumb_800": "https:\/\/files.slack.com\/files-tmb\/T5M5PLH8U-F019CBXBT96-affe0e5e50\/i2s_800.png?t=xoxe-191193697300-1501897281926-1505540481365-290cf54ffdfc380367c1af72479de92b",
                "thumb_800_w": 800,
                "thumb_800_h": 267,
                "thumb_960": "https:\/\/files.slack.com\/files-tmb\/T5M5PLH8U-F019CBXBT96-affe0e5e50\/i2s_960.png?t=xoxe-191193697300-1501897281926-1505540481365-290cf54ffdfc380367c1af72479de92b",
                "thumb_960_w": 960,
                "thumb_960_h": 320,
                "thumb_1024": "https:\/\/files.slack.com\/files-tmb\/T5M5PLH8U-F019CBXBT96-affe0e5e50\/i2s_1024.png?t=xoxe-191193697300-1501897281926-1505540481365-290cf54ffdfc380367c1af72479de92b",
                "thumb_1024_w": 1024,
                "thumb_1024_h": 341,
                "original_w": 1500,
                "original_h": 500,
                "thumb_tiny": "AwAQADDTNJmlNM+b+7QA6jNN+bP3f1o+b+7+tMQ7NLTPm\/u\/rThyKQz\/2Q==",
                "permalink": "https:\/\/usdevkit.slack.com\/files\/U5M5PLH9S\/F019CBXBT96\/i2s.png",
                "permalink_public": "https:\/\/slack-files.com\/T5M5PLH8U-F019CBXBT96-da6a8a7bb3",
                "is_starred": false,
                "has_rich_preview": false
            }
        ],
        "upload": false,
        "blocks": [
            {
                "type": "rich_text",
                "block_id": "f=Ggz",
                "elements": [
                    {
                        "type": "rich_text_section",
                        "elements": [
                            {
                                "type": "text",
                                "text": "Happy to report some progress on verilog !\nHere, I can extract as many line as I want from the board, for 256pts lines of enveloppe extracted acquisitions at 64Msps \/ 12bits, using the i2s bus.\nImage below is a sample, 10 lines of 128us, sampled at 64Msps, enveloppe shows echoes at approx 35us, 70us and 105us. A bit noisy, but original pulse voltage is only 5V "
                            },
                            {
                                "type": "emoji",
                                "name": "stuck_out_tongue"
                            }
                        ]
                    }
                ]
            }
        ],
        "user": "U5M5PLH9S",
        "display_as_bot": false,
        "ts": "1597165789.007300",
        "thread_ts": "1597165789.007300",
        "reply_count": 4,
        "reply_users_count": 1,
        "latest_reply": "1597237162.008800",
        "reply_users": [
            "U5M5PLH9S"
        ],
        "replies": [
            {
                "user": "U5M5PLH9S",
                "ts": "1597165890.007700"
            },
            {
                "user": "U5M5PLH9S",
                "ts": "1597166147.007900"
            },
            {
                "user": "U5M5PLH9S",
                "ts": "1597237106.008400"
            },
            {
                "user": "U5M5PLH9S",
                "ts": "1597237162.008800"
            }
        ],
        "subscribed": true,
        "last_read": "1597237162.008800",
        "reactions": [
            {
                "name": "raised_hands",
                "users": [
                    "U8Z3VB1T2",
                    "UGJ8GJGNR"
                ],
                "count": 2
            }
        ]
    },
    {
        "client_msg_id": "e2b736b5-db41-40d1-8a19-664f9f138083",
        "type": "message",
        "text": "Signal may seem low, but it has been through a first stage compression already to pack enveloppe on 8bits, out of initial data on 12bits.",
        "user": "U5M5PLH9S",
        "ts": "1597165890.007700",
        "team": "T5M5PLH8U",
        "user_team": "T5M5PLH8U",
        "source_team": "T5M5PLH8U",
        "user_profile": {
            "avatar_hash": "e4fb6ae9f526",
            "image_72": "https:\/\/avatars.slack-edge.com\/2017-06-01\/191144530514_e4fb6ae9f526531fd41c_72.jpg",
            "first_name": "",
            "real_name": "kelu",
            "display_name": "",
            "team": "T5M5PLH8U",
            "name": "kelu",
            "is_restricted": false,
            "is_ultra_restricted": false
        },
        "blocks": [
            {
                "type": "rich_text",
                "block_id": "LWd",
                "elements": [
                    {
                        "type": "rich_text_section",
                        "elements": [
                            {
                                "type": "text",
                                "text": "Signal may seem low, but it has been through a first stage compression already to pack enveloppe on 8bits, out of initial data on 12bits."
                            }
                        ]
                    }
                ]
            }
        ],
        "thread_ts": "1597165789.007300",
        "parent_user_id": "U5M5PLH9S"
    },
    {
        "client_msg_id": "460fbf48-ddda-435c-855b-66ce6f3bc342",
        "type": "message",
        "text": "More or less fits the filter theory - but compression is more aggressive than purely a sqrt: low amplitude signals are more present -&gt; <https:\/\/en.wikipedia.org\/wiki\/G.711>",
        "user": "U5M5PLH9S",
        "ts": "1597166147.007900",
        "team": "T5M5PLH8U",
        "user_team": "T5M5PLH8U",
        "source_team": "T5M5PLH8U",
        "user_profile": {
            "avatar_hash": "e4fb6ae9f526",
            "image_72": "https:\/\/avatars.slack-edge.com\/2017-06-01\/191144530514_e4fb6ae9f526531fd41c_72.jpg",
            "first_name": "",
            "real_name": "kelu",
            "display_name": "",
            "team": "T5M5PLH8U",
            "name": "kelu",
            "is_restricted": false,
            "is_ultra_restricted": false
        },
        "edited": {
            "user": "U5M5PLH9S",
            "ts": "1597166195.000000"
        },
        "blocks": [
            {
                "type": "rich_text",
                "block_id": "Rk4",
                "elements": [
                    {
                        "type": "rich_text_section",
                        "elements": [
                            {
                                "type": "text",
                                "text": "More or less fits the filter theory - but compression is more aggressive than purely a sqrt: low amplitude signals are more present -> "
                            },
                            {
                                "type": "link",
                                "url": "https:\/\/en.wikipedia.org\/wiki\/G.711"
                            }
                        ]
                    }
                ]
            }
        ],
        "thread_ts": "1597165789.007300",
        "parent_user_id": "U5M5PLH9S"
    }
]