[
    {
        "type": "message",
        "text": "Yours views?  Discovering the \"A-Law\", thanks <@UFPCMHBA6> - interesting way to compress signals easily, handled easily by the FPGA, shifting a possible 15-bit value into a single byte, with benefits from both log and sqrt compressions. I guess I'll be using this to compress enveloppe signals from the pHAT into a i2s stream.\nInteresting compression.",
        "files": [
            {
                "id": "F0127G29B0V",
                "created": 1587492424,
                "timestamp": 1587492424,
                "name": "image.png",
                "title": "image.png",
                "mimetype": "image\/png",
                "filetype": "png",
                "pretty_type": "PNG",
                "user": "U5M5PLH9S",
                "editable": false,
                "size": 81171,
                "mode": "hosted",
                "is_external": false,
                "external_type": "",
                "is_public": true,
                "public_url_shared": false,
                "display_as_bot": false,
                "username": "",
                "url_private": "https:\/\/files.slack.com\/files-pri\/T5M5PLH8U-F0127G29B0V\/image.png?t=xoxe-191193697300-1501897281926-1505540481365-290cf54ffdfc380367c1af72479de92b",
                "url_private_download": "https:\/\/files.slack.com\/files-pri\/T5M5PLH8U-F0127G29B0V\/download\/image.png?t=xoxe-191193697300-1501897281926-1505540481365-290cf54ffdfc380367c1af72479de92b",
                "thumb_64": "https:\/\/files.slack.com\/files-tmb\/T5M5PLH8U-F0127G29B0V-f15eb56085\/image_64.png?t=xoxe-191193697300-1501897281926-1505540481365-290cf54ffdfc380367c1af72479de92b",
                "thumb_80": "https:\/\/files.slack.com\/files-tmb\/T5M5PLH8U-F0127G29B0V-f15eb56085\/image_80.png?t=xoxe-191193697300-1501897281926-1505540481365-290cf54ffdfc380367c1af72479de92b",
                "thumb_360": "https:\/\/files.slack.com\/files-tmb\/T5M5PLH8U-F0127G29B0V-f15eb56085\/image_360.png?t=xoxe-191193697300-1501897281926-1505540481365-290cf54ffdfc380367c1af72479de92b",
                "thumb_360_w": 360,
                "thumb_360_h": 137,
                "thumb_480": "https:\/\/files.slack.com\/files-tmb\/T5M5PLH8U-F0127G29B0V-f15eb56085\/image_480.png?t=xoxe-191193697300-1501897281926-1505540481365-290cf54ffdfc380367c1af72479de92b",
                "thumb_480_w": 480,
                "thumb_480_h": 183,
                "thumb_160": "https:\/\/files.slack.com\/files-tmb\/T5M5PLH8U-F0127G29B0V-f15eb56085\/image_160.png?t=xoxe-191193697300-1501897281926-1505540481365-290cf54ffdfc380367c1af72479de92b",
                "thumb_720": "https:\/\/files.slack.com\/files-tmb\/T5M5PLH8U-F0127G29B0V-f15eb56085\/image_720.png?t=xoxe-191193697300-1501897281926-1505540481365-290cf54ffdfc380367c1af72479de92b",
                "thumb_720_w": 720,
                "thumb_720_h": 274,
                "thumb_800": "https:\/\/files.slack.com\/files-tmb\/T5M5PLH8U-F0127G29B0V-f15eb56085\/image_800.png?t=xoxe-191193697300-1501897281926-1505540481365-290cf54ffdfc380367c1af72479de92b",
                "thumb_800_w": 800,
                "thumb_800_h": 304,
                "original_w": 891,
                "original_h": 339,
                "thumb_tiny": "AwASADBLG0hmtt8iknJ71Z\/s22\/un\/vo0zTQTYnB\/iNXFUgYLUAU5tPt0gkZVOQpI+aq1hawzwO8ikkHHXHatK5\/49pef4D\/ACqnpX+oYer\/ANBQBKun2zKDsbn\/AGjQ2nW4UkKf++jVgAqTjOPzprSEgjigDBWR1GFdgPQGl86X\/nq\/\/fRplFADzNIRgyOQf9o0iyOgwrso9jim0UAP86X\/AJ6v\/wB9Gjzpf+ej\/wDfRplFAH\/\/2Q==",
                "permalink": "https:\/\/usdevkit.slack.com\/files\/U5M5PLH9S\/F0127G29B0V\/image.png",
                "permalink_public": "https:\/\/slack-files.com\/T5M5PLH8U-F0127G29B0V-87baf9f0c4",
                "is_starred": false,
                "has_rich_preview": false
            }
        ],
        "upload": true,
        "blocks": [
            {
                "type": "rich_text",
                "block_id": "Oh83i",
                "elements": [
                    {
                        "type": "rich_text_section",
                        "elements": [
                            {
                                "type": "text",
                                "text": "Yours views?  Discovering the \"A-Law\", thanks "
                            },
                            {
                                "type": "user",
                                "user_id": "UFPCMHBA6"
                            },
                            {
                                "type": "text",
                                "text": " - interesting way to compress signals easily, handled easily by the FPGA, shifting a possible 15-bit value into a single byte, with benefits from both log and sqrt compressions. I guess I'll be using this to compress enveloppe signals from the pHAT into a i2s stream.\nInteresting compression."
                            }
                        ]
                    }
                ]
            }
        ],
        "user": "U5M5PLH9S",
        "display_as_bot": false,
        "ts": "1587492426.004000",
        "client_msg_id": "ea4521e6-add4-4118-b64c-67acec1fc839",
        "thread_ts": "1587492426.004000",
        "reply_count": 2,
        "reply_users_count": 1,
        "latest_reply": "1587494348.004700",
        "reply_users": [
            "U5M5PLH9S"
        ],
        "replies": [
            {
                "user": "U5M5PLH9S",
                "ts": "1587493183.004300"
            },
            {
                "user": "U5M5PLH9S",
                "ts": "1587494348.004700"
            }
        ],
        "subscribed": true,
        "last_read": "1587494348.004700"
    },
    {
        "type": "message",
        "text": "Seems to work on the level of noise too \/ clearer images.",
        "files": [
            {
                "id": "F012YPFR5S4",
                "created": 1587493180,
                "timestamp": 1587493180,
                "name": "image.png",
                "title": "image.png",
                "mimetype": "image\/png",
                "filetype": "png",
                "pretty_type": "PNG",
                "user": "U5M5PLH9S",
                "editable": false,
                "size": 301410,
                "mode": "hosted",
                "is_external": false,
                "external_type": "",
                "is_public": true,
                "public_url_shared": false,
                "display_as_bot": false,
                "username": "",
                "url_private": "https:\/\/files.slack.com\/files-pri\/T5M5PLH8U-F012YPFR5S4\/image.png?t=xoxe-191193697300-1501897281926-1505540481365-290cf54ffdfc380367c1af72479de92b",
                "url_private_download": "https:\/\/files.slack.com\/files-pri\/T5M5PLH8U-F012YPFR5S4\/download\/image.png?t=xoxe-191193697300-1501897281926-1505540481365-290cf54ffdfc380367c1af72479de92b",
                "thumb_64": "https:\/\/files.slack.com\/files-tmb\/T5M5PLH8U-F012YPFR5S4-2b1918b7b3\/image_64.png?t=xoxe-191193697300-1501897281926-1505540481365-290cf54ffdfc380367c1af72479de92b",
                "thumb_80": "https:\/\/files.slack.com\/files-tmb\/T5M5PLH8U-F012YPFR5S4-2b1918b7b3\/image_80.png?t=xoxe-191193697300-1501897281926-1505540481365-290cf54ffdfc380367c1af72479de92b",
                "thumb_360": "https:\/\/files.slack.com\/files-tmb\/T5M5PLH8U-F012YPFR5S4-2b1918b7b3\/image_360.png?t=xoxe-191193697300-1501897281926-1505540481365-290cf54ffdfc380367c1af72479de92b",
                "thumb_360_w": 360,
                "thumb_360_h": 230,
                "thumb_480": "https:\/\/files.slack.com\/files-tmb\/T5M5PLH8U-F012YPFR5S4-2b1918b7b3\/image_480.png?t=xoxe-191193697300-1501897281926-1505540481365-290cf54ffdfc380367c1af72479de92b",
                "thumb_480_w": 480,
                "thumb_480_h": 306,
                "thumb_160": "https:\/\/files.slack.com\/files-tmb\/T5M5PLH8U-F012YPFR5S4-2b1918b7b3\/image_160.png?t=xoxe-191193697300-1501897281926-1505540481365-290cf54ffdfc380367c1af72479de92b",
                "thumb_720": "https:\/\/files.slack.com\/files-tmb\/T5M5PLH8U-F012YPFR5S4-2b1918b7b3\/image_720.png?t=xoxe-191193697300-1501897281926-1505540481365-290cf54ffdfc380367c1af72479de92b",
                "thumb_720_w": 720,
                "thumb_720_h": 459,
                "thumb_800": "https:\/\/files.slack.com\/files-tmb\/T5M5PLH8U-F012YPFR5S4-2b1918b7b3\/image_800.png?t=xoxe-191193697300-1501897281926-1505540481365-290cf54ffdfc380367c1af72479de92b",
                "thumb_800_w": 800,
                "thumb_800_h": 510,
                "original_w": 820,
                "original_h": 523,
                "thumb_tiny": "AwAeADDOCZGc0vlj1pVPyjmlyP7wq7IqwgjHqaTy\/epCQehH503I9RRZBoN8v3o8v3p2R60mR60WQWQqKCoJAp21f7oqNXAXGKXzR6UJoQ\/av90flSbV9BSeaD1BpPNHoaLoB21fSgquOlN80elHmD0ougP\/2Q==",
                "permalink": "https:\/\/usdevkit.slack.com\/files\/U5M5PLH9S\/F012YPFR5S4\/image.png",
                "permalink_public": "https:\/\/slack-files.com\/T5M5PLH8U-F012YPFR5S4-8d4b60a0f5",
                "is_starred": false,
                "has_rich_preview": false
            }
        ],
        "upload": true,
        "blocks": [
            {
                "type": "rich_text",
                "block_id": "EE\/",
                "elements": [
                    {
                        "type": "rich_text_section",
                        "elements": [
                            {
                                "type": "text",
                                "text": "Seems to work on the level of noise too \/ clearer images."
                            }
                        ]
                    }
                ]
            }
        ],
        "user": "U5M5PLH9S",
        "display_as_bot": false,
        "ts": "1587493183.004300",
        "client_msg_id": "6a8881ea-515d-4acb-a496-4f6797f7008f",
        "thread_ts": "1587492426.004000",
        "parent_user_id": "U5M5PLH9S"
    },
    {
        "type": "message",
        "text": "Humm legend was wrong, corrected here:",
        "files": [
            {
                "id": "F012F53769J",
                "created": 1587494346,
                "timestamp": 1587494346,
                "name": "image.png",
                "title": "image.png",
                "mimetype": "image\/png",
                "filetype": "png",
                "pretty_type": "PNG",
                "user": "U5M5PLH9S",
                "editable": false,
                "size": 177314,
                "mode": "hosted",
                "is_external": false,
                "external_type": "",
                "is_public": true,
                "public_url_shared": false,
                "display_as_bot": false,
                "username": "",
                "url_private": "https:\/\/files.slack.com\/files-pri\/T5M5PLH8U-F012F53769J\/image.png?t=xoxe-191193697300-1501897281926-1505540481365-290cf54ffdfc380367c1af72479de92b",
                "url_private_download": "https:\/\/files.slack.com\/files-pri\/T5M5PLH8U-F012F53769J\/download\/image.png?t=xoxe-191193697300-1501897281926-1505540481365-290cf54ffdfc380367c1af72479de92b",
                "thumb_64": "https:\/\/files.slack.com\/files-tmb\/T5M5PLH8U-F012F53769J-eccd3cfcd0\/image_64.png?t=xoxe-191193697300-1501897281926-1505540481365-290cf54ffdfc380367c1af72479de92b",
                "thumb_80": "https:\/\/files.slack.com\/files-tmb\/T5M5PLH8U-F012F53769J-eccd3cfcd0\/image_80.png?t=xoxe-191193697300-1501897281926-1505540481365-290cf54ffdfc380367c1af72479de92b",
                "thumb_360": "https:\/\/files.slack.com\/files-tmb\/T5M5PLH8U-F012F53769J-eccd3cfcd0\/image_360.png?t=xoxe-191193697300-1501897281926-1505540481365-290cf54ffdfc380367c1af72479de92b",
                "thumb_360_w": 360,
                "thumb_360_h": 120,
                "thumb_480": "https:\/\/files.slack.com\/files-tmb\/T5M5PLH8U-F012F53769J-eccd3cfcd0\/image_480.png?t=xoxe-191193697300-1501897281926-1505540481365-290cf54ffdfc380367c1af72479de92b",
                "thumb_480_w": 480,
                "thumb_480_h": 160,
                "thumb_160": "https:\/\/files.slack.com\/files-tmb\/T5M5PLH8U-F012F53769J-eccd3cfcd0\/image_160.png?t=xoxe-191193697300-1501897281926-1505540481365-290cf54ffdfc380367c1af72479de92b",
                "thumb_720": "https:\/\/files.slack.com\/files-tmb\/T5M5PLH8U-F012F53769J-eccd3cfcd0\/image_720.png?t=xoxe-191193697300-1501897281926-1505540481365-290cf54ffdfc380367c1af72479de92b",
                "thumb_720_w": 720,
                "thumb_720_h": 240,
                "thumb_800": "https:\/\/files.slack.com\/files-tmb\/T5M5PLH8U-F012F53769J-eccd3cfcd0\/image_800.png?t=xoxe-191193697300-1501897281926-1505540481365-290cf54ffdfc380367c1af72479de92b",
                "thumb_800_w": 800,
                "thumb_800_h": 267,
                "thumb_960": "https:\/\/files.slack.com\/files-tmb\/T5M5PLH8U-F012F53769J-eccd3cfcd0\/image_960.png?t=xoxe-191193697300-1501897281926-1505540481365-290cf54ffdfc380367c1af72479de92b",
                "thumb_960_w": 960,
                "thumb_960_h": 320,
                "thumb_1024": "https:\/\/files.slack.com\/files-tmb\/T5M5PLH8U-F012F53769J-eccd3cfcd0\/image_1024.png?t=xoxe-191193697300-1501897281926-1505540481365-290cf54ffdfc380367c1af72479de92b",
                "thumb_1024_w": 1024,
                "thumb_1024_h": 341,
                "original_w": 1080,
                "original_h": 360,
                "thumb_tiny": "AwAQADDTNIMHPtSmmhACTigBcUjHaOnelpCMtz0xQAowRkH9aUVHtYDC05AQOaAP\/9k=",
                "permalink": "https:\/\/usdevkit.slack.com\/files\/U5M5PLH9S\/F012F53769J\/image.png",
                "permalink_public": "https:\/\/slack-files.com\/T5M5PLH8U-F012F53769J-627606159d",
                "is_starred": false,
                "has_rich_preview": false
            }
        ],
        "upload": true,
        "blocks": [
            {
                "type": "rich_text",
                "block_id": "lkuIz",
                "elements": [
                    {
                        "type": "rich_text_section",
                        "elements": [
                            {
                                "type": "text",
                                "text": "Humm legend was wrong, corrected here:"
                            }
                        ]
                    }
                ]
            }
        ],
        "user": "U5M5PLH9S",
        "display_as_bot": false,
        "ts": "1587494348.004700",
        "client_msg_id": "edf59913-abc9-4fb7-8002-1d33146a44d3",
        "thread_ts": "1587492426.004000",
        "parent_user_id": "U5M5PLH9S"
    }
]