[
    {
        "type": "message",
        "subtype": "channel_join",
        "ts": "1537352305.000200",
        "user": "UA8Q6RNLS",
        "text": "<@UA8Q6RNLS> has joined the channel"
    },
    {
        "type": "message",
        "subtype": "channel_join",
        "ts": "1537394243.000200",
        "user": "U8Z3VB1T2",
        "text": "<@U8Z3VB1T2> has joined the channel"
    },
    {
        "type": "message",
        "subtype": "channel_join",
        "ts": "1537398218.000200",
        "user": "UBE2B272A",
        "text": "<@UBE2B272A> has joined the channel"
    }
]