[
    {
        "type": "message",
        "subtype": "channel_join",
        "ts": "1537447606.000200",
        "user": "U8DP2NWAD",
        "text": "<@U8DP2NWAD> has joined the channel"
    },
    {
        "client_msg_id": "65cc7ade-e41d-4e29-a0a1-3b7d51db19a0",
        "type": "message",
        "text": "wow, lots of info over here.\nI'll start reading when I have the time.",
        "user": "U8DP2NWAD",
        "ts": "1537447648.000100",
        "team": "T5M5PLH8U",
        "user_team": "T5M5PLH8U",
        "source_team": "T5M5PLH8U",
        "user_profile": {
            "avatar_hash": "ge8fe12d48f6",
            "image_72": "https:\/\/secure.gravatar.com\/avatar\/be8fe12d48f65fa83f69d7849035f8c3.jpg?s=72&d=https%3A%2F%2Fa.slack-edge.com%2Fdf10d%2Fimg%2Favatars%2Fava_0024-72.png",
            "first_name": "",
            "real_name": "Tomás Glaría",
            "display_name": "tglaria",
            "team": "T5M5PLH8U",
            "name": "tglaria",
            "is_restricted": false,
            "is_ultra_restricted": false
        },
        "reactions": [
            {
                "name": "+1",
                "users": [
                    "U5M5PLH9S"
                ],
                "count": 1
            }
        ]
    },
    {
        "client_msg_id": "bcb25d33-fe1f-46ac-9536-3148aca3ca3f",
        "type": "message",
        "text": "There's a lot to digest possibly, especially in the full biblio, but it's quite interesting I guess as it covers quite the litterature on the subject",
        "user": "U5M5PLH9S",
        "ts": "1537467523.000100",
        "team": "T5M5PLH8U",
        "user_team": "T5M5PLH8U",
        "source_team": "T5M5PLH8U",
        "user_profile": {
            "avatar_hash": "e4fb6ae9f526",
            "image_72": "https:\/\/avatars.slack-edge.com\/2017-06-01\/191144530514_e4fb6ae9f526531fd41c_72.jpg",
            "first_name": "",
            "real_name": "kelu",
            "display_name": "",
            "team": "T5M5PLH8U",
            "name": "kelu",
            "is_restricted": false,
            "is_ultra_restricted": false
        }
    }
]