[
    {
        "client_msg_id": "56378715-508F-4472-8EE6-DE6501D7E060",
        "type": "message",
        "text": "I think it would be better to try submitting to JOH first... working on some edits today ",
        "user": "U8Z3VB1T2",
        "ts": "1588802436.003500",
        "team": "T5M5PLH8U",
        "user_team": "T5M5PLH8U",
        "source_team": "T5M5PLH8U",
        "user_profile": {
            "avatar_hash": "g49ad52d7df8",
            "image_72": "https:\/\/secure.gravatar.com\/avatar\/449ad52d7df89ecbe8ebe0fd87d3f63f.jpg?s=72&d=https%3A%2F%2Fa.slack-edge.com%2Fdf10d%2Fimg%2Favatars%2Fava_0026-72.png",
            "first_name": "",
            "real_name": "William Meng",
            "display_name": "",
            "team": "T5M5PLH8U",
            "name": "wlmeng11",
            "is_restricted": false,
            "is_ultra_restricted": false
        },
        "blocks": [
            {
                "type": "rich_text",
                "block_id": "4eF4",
                "elements": [
                    {
                        "type": "rich_text_section",
                        "elements": [
                            {
                                "type": "text",
                                "text": "I think it would be better to try submitting to JOH first... working on some edits today "
                            }
                        ]
                    }
                ]
            }
        ]
    },
    {
        "client_msg_id": "6342675b-715a-4a99-ab8a-932542fdb79d",
        "type": "message",
        "text": "yup",
        "user": "U5M5PLH9S",
        "ts": "1588834722.003700",
        "team": "T5M5PLH8U",
        "user_team": "T5M5PLH8U",
        "source_team": "T5M5PLH8U",
        "user_profile": {
            "avatar_hash": "e4fb6ae9f526",
            "image_72": "https:\/\/avatars.slack-edge.com\/2017-06-01\/191144530514_e4fb6ae9f526531fd41c_72.jpg",
            "first_name": "",
            "real_name": "kelu",
            "display_name": "",
            "team": "T5M5PLH8U",
            "name": "kelu",
            "is_restricted": false,
            "is_ultra_restricted": false
        },
        "blocks": [
            {
                "type": "rich_text",
                "block_id": "5I1",
                "elements": [
                    {
                        "type": "rich_text_section",
                        "elements": [
                            {
                                "type": "text",
                                "text": "yup"
                            }
                        ]
                    }
                ]
            }
        ]
    },
    {
        "client_msg_id": "a43526f0-ef9c-4e50-a769-087ecd42cc38",
        "type": "message",
        "text": "JOH seems to have a metapaper structure already ready for such a review ( <https:\/\/openhardware.metajnl.com\/about\/submissions\/> )",
        "user": "U5M5PLH9S",
        "ts": "1588834781.004200",
        "team": "T5M5PLH8U",
        "user_team": "T5M5PLH8U",
        "source_team": "T5M5PLH8U",
        "user_profile": {
            "avatar_hash": "e4fb6ae9f526",
            "image_72": "https:\/\/avatars.slack-edge.com\/2017-06-01\/191144530514_e4fb6ae9f526531fd41c_72.jpg",
            "first_name": "",
            "real_name": "kelu",
            "display_name": "",
            "team": "T5M5PLH8U",
            "name": "kelu",
            "is_restricted": false,
            "is_ultra_restricted": false
        },
        "edited": {
            "user": "U5M5PLH9S",
            "ts": "1588931105.000000"
        },
        "blocks": [
            {
                "type": "rich_text",
                "block_id": "zkt",
                "elements": [
                    {
                        "type": "rich_text_section",
                        "elements": [
                            {
                                "type": "text",
                                "text": "JOH seems to have a metapaper structure already ready for such a review ( "
                            },
                            {
                                "type": "link",
                                "url": "https:\/\/openhardware.metajnl.com\/about\/submissions\/"
                            },
                            {
                                "type": "text",
                                "text": " )"
                            }
                        ]
                    }
                ]
            }
        ]
    }
]