[
    {
        "client_msg_id": "105ee779-4d2b-4503-964c-ff15a417ddd0",
        "type": "message",
        "text": "Heya channel, that took a bit longer than expected, but some great comments, which seem fair enough :smiley:\nThird reviewer comments on the way it seems.",
        "user": "U5M5PLH9S",
        "ts": "1607285304.000800",
        "team": "T5M5PLH8U",
        "user_team": "T5M5PLH8U",
        "source_team": "T5M5PLH8U",
        "user_profile": {
            "avatar_hash": "e4fb6ae9f526",
            "image_72": "https:\/\/avatars.slack-edge.com\/2017-06-01\/191144530514_e4fb6ae9f526531fd41c_72.jpg",
            "first_name": "",
            "real_name": "kelu",
            "display_name": "",
            "team": "T5M5PLH8U",
            "name": "kelu",
            "is_restricted": false,
            "is_ultra_restricted": false
        },
        "blocks": [
            {
                "type": "rich_text",
                "block_id": "+Awd7",
                "elements": [
                    {
                        "type": "rich_text_section",
                        "elements": [
                            {
                                "type": "text",
                                "text": "Heya channel, that took a bit longer than expected, but some great comments, which seem fair enough "
                            },
                            {
                                "type": "emoji",
                                "name": "smiley"
                            },
                            {
                                "type": "text",
                                "text": "\nThird reviewer comments on the way it seems."
                            }
                        ]
                    }
                ]
            }
        ],
        "thread_ts": "1607285304.000800",
        "reply_count": 2,
        "reply_users_count": 1,
        "latest_reply": "1607288782.001100",
        "reply_users": [
            "U5M5PLH9S"
        ],
        "replies": [
            {
                "user": "U5M5PLH9S",
                "ts": "1607285359.000900"
            },
            {
                "user": "U5M5PLH9S",
                "ts": "1607288782.001100"
            }
        ],
        "subscribed": true,
        "last_read": "1607288782.001100"
    },
    {
        "client_msg_id": "d8e48072-10a2-4ff4-96d5-f51b6d91860a",
        "type": "message",
        "text": "I had shut the overleaf account because there's a monthly fee, but happy to reopen it to process these comments and allow a collaborative take on it.",
        "user": "U5M5PLH9S",
        "ts": "1607285359.000900",
        "team": "T5M5PLH8U",
        "user_team": "T5M5PLH8U",
        "source_team": "T5M5PLH8U",
        "user_profile": {
            "avatar_hash": "e4fb6ae9f526",
            "image_72": "https:\/\/avatars.slack-edge.com\/2017-06-01\/191144530514_e4fb6ae9f526531fd41c_72.jpg",
            "first_name": "",
            "real_name": "kelu",
            "display_name": "",
            "team": "T5M5PLH8U",
            "name": "kelu",
            "is_restricted": false,
            "is_ultra_restricted": false
        },
        "blocks": [
            {
                "type": "rich_text",
                "block_id": "RxUx",
                "elements": [
                    {
                        "type": "rich_text_section",
                        "elements": [
                            {
                                "type": "text",
                                "text": "I had shut the overleaf account because there's a monthly fee, but happy to reopen it to process these comments and allow a collaborative take on it."
                            }
                        ]
                    }
                ]
            }
        ],
        "thread_ts": "1607285304.000800",
        "parent_user_id": "U5M5PLH9S"
    },
    {
        "type": "message",
        "subtype": "thread_broadcast",
        "text": "Link for edits is back at : <https:\/\/www.overleaf.com\/project\/5e4afda1f6734e000140c712>",
        "user": "U5M5PLH9S",
        "ts": "1607288782.001100",
        "thread_ts": "1607285304.000800",
        "root": {
            "client_msg_id": "105ee779-4d2b-4503-964c-ff15a417ddd0",
            "type": "message",
            "text": "Heya channel, that took a bit longer than expected, but some great comments, which seem fair enough :smiley:\nThird reviewer comments on the way it seems.",
            "user": "U5M5PLH9S",
            "ts": "1607285304.000800",
            "team": "T5M5PLH8U",
            "blocks": [
                {
                    "type": "rich_text",
                    "block_id": "+Awd7",
                    "elements": [
                        {
                            "type": "rich_text_section",
                            "elements": [
                                {
                                    "type": "text",
                                    "text": "Heya channel, that took a bit longer than expected, but some great comments, which seem fair enough "
                                },
                                {
                                    "type": "emoji",
                                    "name": "smiley"
                                },
                                {
                                    "type": "text",
                                    "text": "\nThird reviewer comments on the way it seems."
                                }
                            ]
                        }
                    ]
                }
            ],
            "thread_ts": "1607285304.000800",
            "reply_count": 2,
            "reply_users_count": 1,
            "latest_reply": "1607288782.001100",
            "reply_users": [
                "U5M5PLH9S"
            ],
            "subscribed": true,
            "last_read": "1607288782.001100"
        },
        "blocks": [
            {
                "type": "rich_text",
                "block_id": "CfNZi",
                "elements": [
                    {
                        "type": "rich_text_section",
                        "elements": [
                            {
                                "type": "text",
                                "text": "Link for edits is back at : "
                            },
                            {
                                "type": "link",
                                "url": "https:\/\/www.overleaf.com\/project\/5e4afda1f6734e000140c712"
                            }
                        ]
                    }
                ]
            }
        ],
        "client_msg_id": "1d5e13b2-4e00-4a43-b73c-04711ec8dc6b"
    }
]