[
    {
        "client_msg_id": "98cd62e6-5094-4e9f-abd8-a9e7a04a904e",
        "type": "message",
        "text": "Made some changes to the section about hardware processing, will continue on other sections for the next few days. Also planning to draw some figures to help with explaining things.",
        "user": "U8Z3VB1T2",
        "ts": "1594190772.000900",
        "team": "T5M5PLH8U",
        "user_team": "T5M5PLH8U",
        "source_team": "T5M5PLH8U",
        "user_profile": {
            "avatar_hash": "g49ad52d7df8",
            "image_72": "https:\/\/secure.gravatar.com\/avatar\/449ad52d7df89ecbe8ebe0fd87d3f63f.jpg?s=72&d=https%3A%2F%2Fa.slack-edge.com%2Fdf10d%2Fimg%2Favatars%2Fava_0026-72.png",
            "first_name": "",
            "real_name": "William Meng",
            "display_name": "",
            "team": "T5M5PLH8U",
            "name": "wlmeng11",
            "is_restricted": false,
            "is_ultra_restricted": false
        },
        "blocks": [
            {
                "type": "rich_text",
                "block_id": "18KfW",
                "elements": [
                    {
                        "type": "rich_text_section",
                        "elements": [
                            {
                                "type": "text",
                                "text": "Made some changes to the section about hardware processing, will continue on other sections for the next few days. Also planning to draw some figures to help with explaining things."
                            }
                        ]
                    }
                ]
            }
        ]
    },
    {
        "client_msg_id": "fff80844-4dc1-4cbf-a099-47f5958735b7",
        "type": "message",
        "text": "I also made a folder on Dropbox to hold snapshots of the article over time, for easy reference: <https:\/\/www.dropbox.com\/sh\/18ceuxjnx77l0jg\/AABmwh-Ham6zwwcGUKh8CkN1a?dl=0>\nLet me know if you would like to be added with write permissions!",
        "user": "U8Z3VB1T2",
        "ts": "1594190833.001900",
        "team": "T5M5PLH8U",
        "user_team": "T5M5PLH8U",
        "source_team": "T5M5PLH8U",
        "user_profile": {
            "avatar_hash": "g49ad52d7df8",
            "image_72": "https:\/\/secure.gravatar.com\/avatar\/449ad52d7df89ecbe8ebe0fd87d3f63f.jpg?s=72&d=https%3A%2F%2Fa.slack-edge.com%2Fdf10d%2Fimg%2Favatars%2Fava_0026-72.png",
            "first_name": "",
            "real_name": "William Meng",
            "display_name": "",
            "team": "T5M5PLH8U",
            "name": "wlmeng11",
            "is_restricted": false,
            "is_ultra_restricted": false
        },
        "edited": {
            "user": "U8Z3VB1T2",
            "ts": "1596474002.000000"
        },
        "blocks": [
            {
                "type": "rich_text",
                "block_id": "GHE6m",
                "elements": [
                    {
                        "type": "rich_text_section",
                        "elements": [
                            {
                                "type": "text",
                                "text": "I also made a folder on Dropbox to hold snapshots of the article over time, for easy reference: "
                            },
                            {
                                "type": "link",
                                "url": "https:\/\/www.dropbox.com\/sh\/18ceuxjnx77l0jg\/AABmwh-Ham6zwwcGUKh8CkN1a?dl=0"
                            },
                            {
                                "type": "text",
                                "text": "\nLet me know if you would like to be added with write permissions!"
                            }
                        ]
                    }
                ]
            }
        ]
    }
]