[
    {
        "client_msg_id": "531e6706-00c5-4f52-ba7d-bce6e49c0037",
        "type": "message",
        "text": "Yeay great ! Thanks - will have a look.",
        "user": "U5M5PLH9S",
        "ts": "1585581718.002400",
        "team": "T5M5PLH8U",
        "user_team": "T5M5PLH8U",
        "source_team": "T5M5PLH8U",
        "user_profile": {
            "avatar_hash": "e4fb6ae9f526",
            "image_72": "https:\/\/avatars.slack-edge.com\/2017-06-01\/191144530514_e4fb6ae9f526531fd41c_72.jpg",
            "first_name": "",
            "real_name": "kelu",
            "display_name": "",
            "team": "T5M5PLH8U",
            "name": "kelu",
            "is_restricted": false,
            "is_ultra_restricted": false
        },
        "blocks": [
            {
                "type": "rich_text",
                "block_id": "Gw3",
                "elements": [
                    {
                        "type": "rich_text_section",
                        "elements": [
                            {
                                "type": "text",
                                "text": "Yeay great ! Thanks - will have a look."
                            }
                        ]
                    }
                ]
            }
        ],
        "thread_ts": "1585323961.001300",
        "parent_user_id": "UGJ8GJGNR"
    },
    {
        "client_msg_id": "7c72b6a6-99c6-4996-a567-0acb35950b9b",
        "type": "message",
        "text": "ping <@U8Z3VB1T2> <@UFCS7CKPD> for your votes ^^",
        "user": "U5M5PLH9S",
        "ts": "1585581773.002700",
        "team": "T5M5PLH8U",
        "user_team": "T5M5PLH8U",
        "source_team": "T5M5PLH8U",
        "user_profile": {
            "avatar_hash": "e4fb6ae9f526",
            "image_72": "https:\/\/avatars.slack-edge.com\/2017-06-01\/191144530514_e4fb6ae9f526531fd41c_72.jpg",
            "first_name": "",
            "real_name": "kelu",
            "display_name": "",
            "team": "T5M5PLH8U",
            "name": "kelu",
            "is_restricted": false,
            "is_ultra_restricted": false
        },
        "blocks": [
            {
                "type": "rich_text",
                "block_id": "ABl+7",
                "elements": [
                    {
                        "type": "rich_text_section",
                        "elements": [
                            {
                                "type": "text",
                                "text": "ping "
                            },
                            {
                                "type": "user",
                                "user_id": "U8Z3VB1T2"
                            },
                            {
                                "type": "text",
                                "text": " "
                            },
                            {
                                "type": "user",
                                "user_id": "UFCS7CKPD"
                            },
                            {
                                "type": "text",
                                "text": " for your votes ^^"
                            }
                        ]
                    }
                ]
            }
        ],
        "thread_ts": "1584300159.002900",
        "reactions": [
            {
                "name": "+1",
                "users": [
                    "U8Z3VB1T2"
                ],
                "count": 1
            }
        ]
    },
    {
        "client_msg_id": "72bb088b-e721-478c-a1d3-d92290ef9f0c",
        "type": "message",
        "text": "Hehe thanks, the JOH seems to be leading :smiley:\nI happen to have published there, and have been in touch with the editors. I'm contacting him to see when is the new batch for publication :smiley:",
        "user": "U5M5PLH9S",
        "ts": "1585600331.003200",
        "team": "T5M5PLH8U",
        "user_team": "T5M5PLH8U",
        "source_team": "T5M5PLH8U",
        "user_profile": {
            "avatar_hash": "e4fb6ae9f526",
            "image_72": "https:\/\/avatars.slack-edge.com\/2017-06-01\/191144530514_e4fb6ae9f526531fd41c_72.jpg",
            "first_name": "",
            "real_name": "kelu",
            "display_name": "",
            "team": "T5M5PLH8U",
            "name": "kelu",
            "is_restricted": false,
            "is_ultra_restricted": false
        },
        "blocks": [
            {
                "type": "rich_text",
                "block_id": "pC41",
                "elements": [
                    {
                        "type": "rich_text_section",
                        "elements": [
                            {
                                "type": "text",
                                "text": "Hehe thanks, the JOH seems to be leading "
                            },
                            {
                                "type": "emoji",
                                "name": "smiley"
                            },
                            {
                                "type": "text",
                                "text": "\nI happen to have published there, and have been in touch with the editors. I'm contacting him to see when is the new batch for publication "
                            },
                            {
                                "type": "emoji",
                                "name": "smiley"
                            }
                        ]
                    }
                ]
            }
        ],
        "thread_ts": "1584300159.002900"
    },
    {
        "client_msg_id": "373555eb-f9a2-46b6-98ed-e6dd5ac2074b",
        "type": "message",
        "text": "Looks great - would be even better if we could have sort of a preliminary tests to do \/ experiments to run =)",
        "user": "U5M5PLH9S",
        "ts": "1585600401.003400",
        "team": "T5M5PLH8U",
        "user_team": "T5M5PLH8U",
        "source_team": "T5M5PLH8U",
        "user_profile": {
            "avatar_hash": "e4fb6ae9f526",
            "image_72": "https:\/\/avatars.slack-edge.com\/2017-06-01\/191144530514_e4fb6ae9f526531fd41c_72.jpg",
            "first_name": "",
            "real_name": "kelu",
            "display_name": "",
            "team": "T5M5PLH8U",
            "name": "kelu",
            "is_restricted": false,
            "is_ultra_restricted": false
        },
        "blocks": [
            {
                "type": "rich_text",
                "block_id": "tnsAe",
                "elements": [
                    {
                        "type": "rich_text_section",
                        "elements": [
                            {
                                "type": "text",
                                "text": "Looks great - would be even better if we could have sort of a preliminary tests to do \/ experiments to run =)"
                            }
                        ]
                    }
                ]
            }
        ],
        "thread_ts": "1585323961.001300",
        "parent_user_id": "UGJ8GJGNR"
    }
]