[
    {
        "client_msg_id": "c2c5c66e-d124-4312-934b-c892a0dc4d33",
        "type": "message",
        "text": "Apologies for the spam some would have received, I was looking for a native speaker to review, unsure how the mails went out (ping <@UGJ8GJGNR>, <@UFCS7CKPD>, et <@U8Z3VB1T2>). I found someone to check english, always better to have an external (impartial ^^) eye to review this before resubmission.",
        "user": "U5M5PLH9S",
        "ts": "1607596202.002600",
        "team": "T5M5PLH8U",
        "user_team": "T5M5PLH8U",
        "source_team": "T5M5PLH8U",
        "user_profile": {
            "avatar_hash": "e4fb6ae9f526",
            "image_72": "https:\/\/avatars.slack-edge.com\/2017-06-01\/191144530514_e4fb6ae9f526531fd41c_72.jpg",
            "first_name": "",
            "real_name": "kelu",
            "display_name": "",
            "team": "T5M5PLH8U",
            "name": "kelu",
            "is_restricted": false,
            "is_ultra_restricted": false
        },
        "blocks": [
            {
                "type": "rich_text",
                "block_id": "KSObb",
                "elements": [
                    {
                        "type": "rich_text_section",
                        "elements": [
                            {
                                "type": "text",
                                "text": "Apologies for the spam some would have received, I was looking for a native speaker to review, unsure how the mails went out (ping "
                            },
                            {
                                "type": "user",
                                "user_id": "UGJ8GJGNR"
                            },
                            {
                                "type": "text",
                                "text": ", "
                            },
                            {
                                "type": "user",
                                "user_id": "UFCS7CKPD"
                            },
                            {
                                "type": "text",
                                "text": ", et "
                            },
                            {
                                "type": "user",
                                "user_id": "U8Z3VB1T2"
                            },
                            {
                                "type": "text",
                                "text": "). I found someone to check english, always better to have an external (impartial ^^) eye to review this before resubmission."
                            }
                        ]
                    }
                ]
            }
        ]
    }
]