[
    {
        "type": "message",
        "text": "The two reviews received on the plateform <-",
        "files": [
            {
                "id": "FU5HZKFUP",
                "created": 1581951233,
                "timestamp": 1581951233,
                "name": "reviews.txt",
                "title": "reviews.txt",
                "mimetype": "text\/plain",
                "filetype": "text",
                "pretty_type": "Plain Text",
                "user": "U5M5PLH9S",
                "editable": false,
                "size": 2187,
                "mode": "hosted",
                "is_external": false,
                "external_type": "",
                "is_public": true,
                "public_url_shared": false,
                "display_as_bot": false,
                "username": "",
                "url_private": "https:\/\/files.slack.com\/files-pri\/T5M5PLH8U-FU5HZKFUP\/reviews.txt?t=xoxe-191193697300-1655641665238-1662624174259-9d4966033b52bec8bbd54ad611c52557",
                "url_private_download": "https:\/\/files.slack.com\/files-pri\/T5M5PLH8U-FU5HZKFUP\/download\/reviews.txt?t=xoxe-191193697300-1655641665238-1662624174259-9d4966033b52bec8bbd54ad611c52557",
                "permalink": "https:\/\/usdevkit.slack.com\/files\/U5M5PLH9S\/FU5HZKFUP\/reviews.txt",
                "permalink_public": "https:\/\/slack-files.com\/T5M5PLH8U-FU5HZKFUP-051125bb4e",
                "is_starred": false,
                "has_rich_preview": false
            }
        ],
        "upload": true,
        "blocks": [
            {
                "type": "rich_text",
                "block_id": "jw4",
                "elements": [
                    {
                        "type": "rich_text_section",
                        "elements": [
                            {
                                "type": "text",
                                "text": "The two reviews received on the plateform <-"
                            }
                        ]
                    }
                ]
            }
        ],
        "user": "U5M5PLH9S",
        "display_as_bot": false,
        "ts": "1581951235.007000",
        "client_msg_id": "33758056-d626-4a69-9cef-a0e429948517"
    },
    {
        "client_msg_id": "eee62f73-c91f-4d5a-9d8d-656f1a67f790",
        "type": "message",
        "text": "Here is my proposed structure for the paper:\n1. Why ultrasound imaging is useful \n2. How ultrasound imaging works\n3. Why commercial ultrasound is inaccessible \n4. How open source improves accessibility\n5. Current limitations of open source ultrasound\n6. Future improvements to open source ultrasound\nWill share some more detailed comments soon.",
        "user": "U8Z3VB1T2",
        "ts": "1581959418.009500",
        "team": "T5M5PLH8U",
        "user_team": "T5M5PLH8U",
        "source_team": "T5M5PLH8U",
        "user_profile": {
            "avatar_hash": "g49ad52d7df8",
            "image_72": "https:\/\/secure.gravatar.com\/avatar\/449ad52d7df89ecbe8ebe0fd87d3f63f.jpg?s=72&d=https%3A%2F%2Fa.slack-edge.com%2Fdf10d%2Fimg%2Favatars%2Fava_0026-72.png",
            "first_name": "",
            "real_name": "William Meng",
            "display_name": "",
            "team": "T5M5PLH8U",
            "name": "wlmeng11",
            "is_restricted": false,
            "is_ultra_restricted": false
        },
        "blocks": [
            {
                "type": "rich_text",
                "block_id": "LHPU",
                "elements": [
                    {
                        "type": "rich_text_section",
                        "elements": [
                            {
                                "type": "text",
                                "text": "Here is my proposed structure for the paper:\n"
                            }
                        ]
                    },
                    {
                        "type": "rich_text_list",
                        "elements": [
                            {
                                "type": "rich_text_section",
                                "elements": [
                                    {
                                        "type": "text",
                                        "text": "Why ultrasound imaging is useful "
                                    }
                                ]
                            },
                            {
                                "type": "rich_text_section",
                                "elements": [
                                    {
                                        "type": "text",
                                        "text": "How ultrasound imaging works"
                                    }
                                ]
                            },
                            {
                                "type": "rich_text_section",
                                "elements": [
                                    {
                                        "type": "text",
                                        "text": "Why commercial ultrasound is inaccessible "
                                    }
                                ]
                            },
                            {
                                "type": "rich_text_section",
                                "elements": [
                                    {
                                        "type": "text",
                                        "text": "How open source improves accessibility"
                                    }
                                ]
                            },
                            {
                                "type": "rich_text_section",
                                "elements": [
                                    {
                                        "type": "text",
                                        "text": "Current limitations of open source ultrasound"
                                    }
                                ]
                            },
                            {
                                "type": "rich_text_section",
                                "elements": [
                                    {
                                        "type": "text",
                                        "text": "Future improvements to open source ultrasound"
                                    }
                                ]
                            }
                        ],
                        "style": "ordered",
                        "indent": 0
                    },
                    {
                        "type": "rich_text_section",
                        "elements": [
                            {
                                "type": "text",
                                "text": "\nWill share some more detailed comments soon."
                            }
                        ]
                    }
                ]
            }
        ]
    },
    {
        "client_msg_id": "2c48fe89-4026-4504-9114-c87d2419a0d5",
        "type": "message",
        "text": "Hum the two positions in the reviews are relatively different - the second wants to get more into the specifics of OSH.",
        "user": "U5M5PLH9S",
        "ts": "1581963742.010200",
        "team": "T5M5PLH8U",
        "user_team": "T5M5PLH8U",
        "source_team": "T5M5PLH8U",
        "user_profile": {
            "avatar_hash": "e4fb6ae9f526",
            "image_72": "https:\/\/avatars.slack-edge.com\/2017-06-01\/191144530514_e4fb6ae9f526531fd41c_72.jpg",
            "first_name": "",
            "real_name": "kelu",
            "display_name": "",
            "team": "T5M5PLH8U",
            "name": "kelu",
            "is_restricted": false,
            "is_ultra_restricted": false
        },
        "blocks": [
            {
                "type": "rich_text",
                "block_id": "J+QXs",
                "elements": [
                    {
                        "type": "rich_text_section",
                        "elements": [
                            {
                                "type": "text",
                                "text": "Hum the two positions in the reviews are relatively different - the second wants to get more into the specifics of OSH."
                            }
                        ]
                    }
                ]
            }
        ]
    },
    {
        "client_msg_id": "eb598c5c-1939-4575-98f8-9c535e85c03e",
        "type": "message",
        "text": "The first is okay with the technical aspects of it.",
        "user": "U5M5PLH9S",
        "ts": "1581963786.010700",
        "team": "T5M5PLH8U",
        "user_team": "T5M5PLH8U",
        "source_team": "T5M5PLH8U",
        "user_profile": {
            "avatar_hash": "e4fb6ae9f526",
            "image_72": "https:\/\/avatars.slack-edge.com\/2017-06-01\/191144530514_e4fb6ae9f526531fd41c_72.jpg",
            "first_name": "",
            "real_name": "kelu",
            "display_name": "",
            "team": "T5M5PLH8U",
            "name": "kelu",
            "is_restricted": false,
            "is_ultra_restricted": false
        },
        "blocks": [
            {
                "type": "rich_text",
                "block_id": "i4ig0",
                "elements": [
                    {
                        "type": "rich_text_section",
                        "elements": [
                            {
                                "type": "text",
                                "text": "The first is okay with the technical aspects of it."
                            }
                        ]
                    }
                ]
            }
        ]
    },
    {
        "client_msg_id": "0e16902a-8e22-4f4f-8a84-9d299b3e9b63",
        "type": "message",
        "text": "I love your proposed first sections, would go as :\n1. Why it's useful\n2. How it works\n3. Limits of commercial US (both medical and NDT)\n4. Then a (shorter - pushing more content as annex - so to avoid it getting lost) section on considerations in hardware design (from specs into blocks, examine what's available), impacts of OS in the different blocks.\n4b. Conclusion on improved accessibility\n5. Improvements ahead",
        "user": "U5M5PLH9S",
        "ts": "1581963991.011700",
        "team": "T5M5PLH8U",
        "user_team": "T5M5PLH8U",
        "source_team": "T5M5PLH8U",
        "user_profile": {
            "avatar_hash": "e4fb6ae9f526",
            "image_72": "https:\/\/avatars.slack-edge.com\/2017-06-01\/191144530514_e4fb6ae9f526531fd41c_72.jpg",
            "first_name": "",
            "real_name": "kelu",
            "display_name": "",
            "team": "T5M5PLH8U",
            "name": "kelu",
            "is_restricted": false,
            "is_ultra_restricted": false
        },
        "edited": {
            "user": "U5M5PLH9S",
            "ts": "1581964347.000000"
        },
        "blocks": [
            {
                "type": "rich_text",
                "block_id": "RO=93",
                "elements": [
                    {
                        "type": "rich_text_section",
                        "elements": [
                            {
                                "type": "text",
                                "text": "I love your proposed first sections, would go as :\n"
                            }
                        ]
                    },
                    {
                        "type": "rich_text_list",
                        "elements": [
                            {
                                "type": "rich_text_section",
                                "elements": [
                                    {
                                        "type": "text",
                                        "text": "Why it's useful"
                                    }
                                ]
                            },
                            {
                                "type": "rich_text_section",
                                "elements": [
                                    {
                                        "type": "text",
                                        "text": "How it works"
                                    }
                                ]
                            },
                            {
                                "type": "rich_text_section",
                                "elements": [
                                    {
                                        "type": "text",
                                        "text": "Limits of commercial US (both medical and NDT)"
                                    }
                                ]
                            }
                        ],
                        "style": "ordered",
                        "indent": 0
                    },
                    {
                        "type": "rich_text_section",
                        "elements": [
                            {
                                "type": "text",
                                "text": "4. Then a (shorter - pushing more content as annex - so to avoid it getting lost) section on considerations in hardware design (from specs into blocks, examine what's available), impacts of OS in the different blocks.\n4b. Conclusion on improved accessibility\n5. Improvements ahead"
                            }
                        ]
                    }
                ]
            }
        ]
    },
    {
        "client_msg_id": "a547a72d-9e97-43ae-8a85-6498d591812c",
        "type": "message",
        "text": "Alternatively, we split the paper into two papers, one for this conf (OSH) another for arxiv (Hardware design).",
        "user": "U5M5PLH9S",
        "ts": "1581964374.012600",
        "team": "T5M5PLH8U",
        "user_team": "T5M5PLH8U",
        "source_team": "T5M5PLH8U",
        "user_profile": {
            "avatar_hash": "e4fb6ae9f526",
            "image_72": "https:\/\/avatars.slack-edge.com\/2017-06-01\/191144530514_e4fb6ae9f526531fd41c_72.jpg",
            "first_name": "",
            "real_name": "kelu",
            "display_name": "",
            "team": "T5M5PLH8U",
            "name": "kelu",
            "is_restricted": false,
            "is_ultra_restricted": false
        },
        "blocks": [
            {
                "type": "rich_text",
                "block_id": "COFk4",
                "elements": [
                    {
                        "type": "rich_text_section",
                        "elements": [
                            {
                                "type": "text",
                                "text": "Alternatively, we split the paper into two papers, one for this conf (OSH) another for arxiv (Hardware design)."
                            }
                        ]
                    }
                ]
            }
        ]
    },
    {
        "type": "message",
        "subtype": "bot_message",
        "text": "<!channel>, what is your choice ?",
        "ts": "1581964444.013500",
        "bot_id": "BFK32LTAA",
        "blocks": [
            {
                "type": "section",
                "block_id": "poll-f8e4273f-6856-49f8-8841-f58fa190c64d-title-and-menu",
                "text": {
                    "type": "mrkdwn",
                    "text": "*<!channel>, what is your choice ?*",
                    "verbatim": false
                },
                "accessory": {
                    "type": "overflow",
                    "action_id": "title-and-menu",
                    "options": [
                        {
                            "text": {
                                "type": "plain_text",
                                "text": ":information_source: View info",
                                "emoji": true
                            },
                            "value": "view_info"
                        },
                        {
                            "text": {
                                "type": "plain_text",
                                "text": ":pushpin: Capture Decision from Poll",
                                "emoji": true
                            },
                            "value": "capture_decision_from_poll"
                        },
                        {
                            "text": {
                                "type": "plain_text",
                                "text": ":x: Delete Poll",
                                "emoji": true
                            },
                            "value": "delete_poll"
                        },
                        {
                            "text": {
                                "type": "plain_text",
                                "text": ":gear: Go to Settings",
                                "emoji": true
                            },
                            "value": "go_to_settings_from_poll",
                            "url": "https:\/\/simplepoll.rocks\/dashboard\/usdevkit\/settings\/"
                        }
                    ]
                }
            },
            {
                "type": "section",
                "block_id": "poll-f8e4273f-6856-49f8-8841-f58fa190c64d-vote-1",
                "text": {
                    "type": "mrkdwn",
                    "text": ":one: One paper, readjusted\n",
                    "verbatim": false
                },
                "accessory": {
                    "type": "button",
                    "action_id": "vote-1",
                    "text": {
                        "type": "plain_text",
                        "text": ":one:",
                        "emoji": true
                    }
                }
            },
            {
                "type": "section",
                "block_id": "poll-f8e4273f-6856-49f8-8841-f58fa190c64d-vote-2",
                "text": {
                    "type": "mrkdwn",
                    "text": ":two: Two papers    `3`\n<@U5M5PLH9S>, <@UKA33T8N9>, <@U8Z3VB1T2>",
                    "verbatim": false
                },
                "accessory": {
                    "type": "button",
                    "action_id": "vote-2",
                    "text": {
                        "type": "plain_text",
                        "text": ":two:",
                        "emoji": true
                    }
                }
            },
            {
                "type": "context",
                "block_id": "QuCC",
                "elements": [
                    {
                        "type": "mrkdwn",
                        "text": "Created by <@U5M5PLH9S> with \/poll",
                        "verbatim": false
                    }
                ]
            }
        ],
        "edited": {
            "user": "BFK32LTAA",
            "ts": "1582052993.000000"
        }
    },
    {
        "client_msg_id": "790ef8d7-5074-455c-80da-37b9371f201a",
        "type": "message",
        "text": "Let's have till tomorrow evening - ping in particular <@UGJ8GJGNR>, <@UFCS7CKPD>, <@U8Z3VB1T2>, <@UKA33T8N9>",
        "user": "U5M5PLH9S",
        "ts": "1581964485.014300",
        "team": "T5M5PLH8U",
        "user_team": "T5M5PLH8U",
        "source_team": "T5M5PLH8U",
        "user_profile": {
            "avatar_hash": "e4fb6ae9f526",
            "image_72": "https:\/\/avatars.slack-edge.com\/2017-06-01\/191144530514_e4fb6ae9f526531fd41c_72.jpg",
            "first_name": "",
            "real_name": "kelu",
            "display_name": "",
            "team": "T5M5PLH8U",
            "name": "kelu",
            "is_restricted": false,
            "is_ultra_restricted": false
        },
        "edited": {
            "user": "U5M5PLH9S",
            "ts": "1581964493.000000"
        },
        "blocks": [
            {
                "type": "rich_text",
                "block_id": "ZY+wC",
                "elements": [
                    {
                        "type": "rich_text_section",
                        "elements": [
                            {
                                "type": "text",
                                "text": "Let's have till tomorrow evening - ping in particular "
                            },
                            {
                                "type": "user",
                                "user_id": "UGJ8GJGNR"
                            },
                            {
                                "type": "text",
                                "text": ", "
                            },
                            {
                                "type": "user",
                                "user_id": "UFCS7CKPD"
                            },
                            {
                                "type": "text",
                                "text": ", "
                            },
                            {
                                "type": "user",
                                "user_id": "U8Z3VB1T2"
                            },
                            {
                                "type": "text",
                                "text": ", "
                            },
                            {
                                "type": "user",
                                "user_id": "UKA33T8N9"
                            }
                        ]
                    }
                ]
            }
        ]
    },
    {
        "client_msg_id": "c74fd19f-2beb-4884-b1e3-17da928fd3fe",
        "type": "message",
        "text": "Disclaimer: voting on #2 ;) William, let me just do a copy of the paper on overleaf before.",
        "user": "U5M5PLH9S",
        "ts": "1581972846.015600",
        "team": "T5M5PLH8U",
        "user_team": "T5M5PLH8U",
        "source_team": "T5M5PLH8U",
        "user_profile": {
            "avatar_hash": "e4fb6ae9f526",
            "image_72": "https:\/\/avatars.slack-edge.com\/2017-06-01\/191144530514_e4fb6ae9f526531fd41c_72.jpg",
            "first_name": "",
            "real_name": "kelu",
            "display_name": "",
            "team": "T5M5PLH8U",
            "name": "kelu",
            "is_restricted": false,
            "is_ultra_restricted": false
        },
        "blocks": [
            {
                "type": "rich_text",
                "block_id": "6nNLB",
                "elements": [
                    {
                        "type": "rich_text_section",
                        "elements": [
                            {
                                "type": "text",
                                "text": "Disclaimer: voting on #2 ;) William, let me just do a copy of the paper on overleaf before."
                            }
                        ]
                    }
                ]
            }
        ]
    }
]