[
    {
        "client_msg_id": "32e2902b-2360-4bae-9cdb-1ef456fa36f8",
        "type": "message",
        "text": "Hi Jean - thanks indeed, I had found those back from the history of changes :smiley:\nThanks !",
        "user": "U5M5PLH9S",
        "ts": "1593861620.000500",
        "team": "T5M5PLH8U",
        "user_team": "T5M5PLH8U",
        "source_team": "T5M5PLH8U",
        "user_profile": {
            "avatar_hash": "e4fb6ae9f526",
            "image_72": "https:\/\/avatars.slack-edge.com\/2017-06-01\/191144530514_e4fb6ae9f526531fd41c_72.jpg",
            "first_name": "",
            "real_name": "kelu",
            "display_name": "",
            "team": "T5M5PLH8U",
            "name": "kelu",
            "is_restricted": false,
            "is_ultra_restricted": false
        },
        "blocks": [
            {
                "type": "rich_text",
                "block_id": "Rm8=9",
                "elements": [
                    {
                        "type": "rich_text_section",
                        "elements": [
                            {
                                "type": "text",
                                "text": "Hi Jean - thanks indeed, I had found those back from the history of changes "
                            },
                            {
                                "type": "emoji",
                                "name": "smiley"
                            },
                            {
                                "type": "text",
                                "text": "\nThanks !"
                            }
                        ]
                    }
                ]
            }
        ]
    },
    {
        "client_msg_id": "e7b94837-e501-420e-b0a9-bdcba869df06",
        "type": "message",
        "text": "Going on some days off, will take the time to do last reviews before submitting.\nLast comments from <@U8Z3VB1T2>, <@UGJ8GJGNR>, <@UFCS7CKPD>, <@UKA33T8N9> are welcomed :smiley:\nAnd possibly <@U6E49CNV6> for proofreading if you have some time.",
        "user": "U5M5PLH9S",
        "ts": "1593861682.001600",
        "team": "T5M5PLH8U",
        "user_team": "T5M5PLH8U",
        "source_team": "T5M5PLH8U",
        "user_profile": {
            "avatar_hash": "e4fb6ae9f526",
            "image_72": "https:\/\/avatars.slack-edge.com\/2017-06-01\/191144530514_e4fb6ae9f526531fd41c_72.jpg",
            "first_name": "",
            "real_name": "kelu",
            "display_name": "",
            "team": "T5M5PLH8U",
            "name": "kelu",
            "is_restricted": false,
            "is_ultra_restricted": false
        },
        "blocks": [
            {
                "type": "rich_text",
                "block_id": "YOU",
                "elements": [
                    {
                        "type": "rich_text_section",
                        "elements": [
                            {
                                "type": "text",
                                "text": "Going on some days off, will take the time to do last reviews before submitting.\nLast comments from "
                            },
                            {
                                "type": "user",
                                "user_id": "U8Z3VB1T2"
                            },
                            {
                                "type": "text",
                                "text": ", "
                            },
                            {
                                "type": "user",
                                "user_id": "UGJ8GJGNR"
                            },
                            {
                                "type": "text",
                                "text": ", "
                            },
                            {
                                "type": "user",
                                "user_id": "UFCS7CKPD"
                            },
                            {
                                "type": "text",
                                "text": ", "
                            },
                            {
                                "type": "user",
                                "user_id": "UKA33T8N9"
                            },
                            {
                                "type": "text",
                                "text": " are welcomed "
                            },
                            {
                                "type": "emoji",
                                "name": "smiley"
                            },
                            {
                                "type": "text",
                                "text": "\nAnd possibly "
                            },
                            {
                                "type": "user",
                                "user_id": "U6E49CNV6"
                            },
                            {
                                "type": "text",
                                "text": " for proofreading if you have some time."
                            }
                        ]
                    }
                ]
            }
        ]
    },
    {
        "type": "message",
        "subtype": "channel_join",
        "ts": "1593861686.001800",
        "user": "U6E49CNV6",
        "text": "<@U6E49CNV6> has joined the channel",
        "inviter": "U5M5PLH9S"
    }
]