[
    {
        "client_msg_id": "4c127095-13b3-4a47-8fcb-7d185890bf3d",
        "type": "message",
        "text": "Salut <!channel> :smiley: Saw some activity from <@U8Z3VB1T2> on the paper ;)\nHope you're doing well. Thanks for having a look a the paper. I couldn't spend as much time as I wanted, but this is a step by step progress. Currently having a systematic review of the body of litterature there ( <https:\/\/github.com\/kelu124\/echomods\/tree\/master\/include\/biblio\/bib> - don't hesitate to have a go at the .bib file if you need, it grows day by day). Systematic in the sense that I'm collecting the articles, and having python help mine the data there (see same link above).\nNow that it's really moved to a review (the rest will go on another paper I fear) the direction is set and helps structure the paper towards its aim: providing references for people who want to work on ultrasound hardware and first signal processing options.\nThe bulk of the documentation is there, there's some heavy editing ongoing, but that should be fine. If you're a native speaker, feel free to correct its english :p\n<@U013REN1D5F> as a newcomer, you are welcome to give your views on the paper, a new eye is welcome !",
        "user": "U5M5PLH9S",
        "ts": "1590329306.002400",
        "team": "T5M5PLH8U",
        "user_team": "T5M5PLH8U",
        "source_team": "T5M5PLH8U",
        "user_profile": {
            "avatar_hash": "e4fb6ae9f526",
            "image_72": "https:\/\/avatars.slack-edge.com\/2017-06-01\/191144530514_e4fb6ae9f526531fd41c_72.jpg",
            "first_name": "",
            "real_name": "kelu",
            "display_name": "",
            "team": "T5M5PLH8U",
            "name": "kelu",
            "is_restricted": false,
            "is_ultra_restricted": false
        },
        "blocks": [
            {
                "type": "rich_text",
                "block_id": "lrBd",
                "elements": [
                    {
                        "type": "rich_text_section",
                        "elements": [
                            {
                                "type": "text",
                                "text": "Salut "
                            },
                            {
                                "type": "broadcast",
                                "range": "channel"
                            },
                            {
                                "type": "text",
                                "text": " "
                            },
                            {
                                "type": "emoji",
                                "name": "smiley"
                            },
                            {
                                "type": "text",
                                "text": " Saw some activity from "
                            },
                            {
                                "type": "user",
                                "user_id": "U8Z3VB1T2"
                            },
                            {
                                "type": "text",
                                "text": " on the paper ;)\nHope you're doing well. Thanks for having a look a the paper. I couldn't spend as much time as I wanted, but this is a step by step progress. Currently having a systematic review of the body of litterature there ( "
                            },
                            {
                                "type": "link",
                                "url": "https:\/\/github.com\/kelu124\/echomods\/tree\/master\/include\/biblio\/bib"
                            },
                            {
                                "type": "text",
                                "text": " - don't hesitate to have a go at the .bib file if you need, it grows day by day). Systematic in the sense that I'm collecting the articles, and having python help mine the data there (see same link above).\nNow that it's really moved to a review (the rest will go on another paper I fear) the direction is set and helps structure the paper towards its aim: providing references for people who want to work on ultrasound hardware and first signal processing options.\nThe bulk of the documentation is there, there's some heavy editing ongoing, but that should be fine. If you're a native speaker, feel free to correct its english :p\n"
                            },
                            {
                                "type": "user",
                                "user_id": "U013REN1D5F"
                            },
                            {
                                "type": "text",
                                "text": " as a newcomer, you are welcome to give your views on the paper, a new eye is welcome !"
                            }
                        ]
                    }
                ]
            }
        ]
    }
]