[
    {
        "client_msg_id": "bd9f645d-845b-4ec6-a5fe-31050faa7cee",
        "type": "message",
        "text": "Thats <@UKA33T8N9> for your inputs :smiley: Will try and complete \/ answer your questions\/remarks saturday",
        "user": "U5M5PLH9S",
        "ts": "1582280055.033400",
        "team": "T5M5PLH8U",
        "user_team": "T5M5PLH8U",
        "source_team": "T5M5PLH8U",
        "user_profile": {
            "avatar_hash": "e4fb6ae9f526",
            "image_72": "https:\/\/avatars.slack-edge.com\/2017-06-01\/191144530514_e4fb6ae9f526531fd41c_72.jpg",
            "first_name": "",
            "real_name": "kelu",
            "display_name": "",
            "team": "T5M5PLH8U",
            "name": "kelu",
            "is_restricted": false,
            "is_ultra_restricted": false
        },
        "blocks": [
            {
                "type": "rich_text",
                "block_id": "qc6",
                "elements": [
                    {
                        "type": "rich_text_section",
                        "elements": [
                            {
                                "type": "text",
                                "text": "Thats "
                            },
                            {
                                "type": "user",
                                "user_id": "UKA33T8N9"
                            },
                            {
                                "type": "text",
                                "text": " for your inputs "
                            },
                            {
                                "type": "emoji",
                                "name": "smiley"
                            },
                            {
                                "type": "text",
                                "text": " Will try and complete \/ answer your questions\/remarks saturday"
                            }
                        ]
                    }
                ]
            }
        ]
    },
    {
        "client_msg_id": "41E84C63-B462-47A9-8528-139C10150475",
        "type": "message",
        "text": "Will do! ",
        "user": "U8Z3VB1T2",
        "ts": "1582298821.033600",
        "team": "T5M5PLH8U",
        "user_team": "T5M5PLH8U",
        "source_team": "T5M5PLH8U",
        "user_profile": {
            "avatar_hash": "g49ad52d7df8",
            "image_72": "https:\/\/secure.gravatar.com\/avatar\/449ad52d7df89ecbe8ebe0fd87d3f63f.jpg?s=72&d=https%3A%2F%2Fa.slack-edge.com%2Fdf10d%2Fimg%2Favatars%2Fava_0026-72.png",
            "first_name": "",
            "real_name": "William Meng",
            "display_name": "",
            "team": "T5M5PLH8U",
            "name": "wlmeng11",
            "is_restricted": false,
            "is_ultra_restricted": false
        },
        "blocks": [
            {
                "type": "rich_text",
                "block_id": "3Try",
                "elements": [
                    {
                        "type": "rich_text_section",
                        "elements": [
                            {
                                "type": "text",
                                "text": "Will do! "
                            }
                        ]
                    }
                ]
            }
        ]
    },
    {
        "type": "message",
        "text": "A first draft of the book of abstract from the conf'.. Based on a the previous version of the article.\nWill make sure they'll be using the latest version !",
        "files": [
            {
                "id": "FTYQ07ZRQ",
                "created": 1582307520,
                "timestamp": 1582307520,
                "name": "Book of Abstracts OPEN v4.pdf",
                "title": "Book of Abstracts OPEN v4.pdf",
                "mimetype": "application\/pdf",
                "filetype": "pdf",
                "pretty_type": "PDF",
                "user": "U5M5PLH9S",
                "editable": false,
                "size": 12035330,
                "mode": "hosted",
                "is_external": false,
                "external_type": "",
                "is_public": true,
                "public_url_shared": false,
                "display_as_bot": false,
                "username": "",
                "url_private": "https:\/\/files.slack.com\/files-pri\/T5M5PLH8U-FTYQ07ZRQ\/book_of_abstracts_open_v4.pdf?t=xoxe-191193697300-1655641665238-1662624174259-9d4966033b52bec8bbd54ad611c52557",
                "url_private_download": "https:\/\/files.slack.com\/files-pri\/T5M5PLH8U-FTYQ07ZRQ\/download\/book_of_abstracts_open_v4.pdf?t=xoxe-191193697300-1655641665238-1662624174259-9d4966033b52bec8bbd54ad611c52557",
                "thumb_pdf": "https:\/\/files.slack.com\/files-tmb\/T5M5PLH8U-FTYQ07ZRQ-0ce0294a01\/book_of_abstracts_open_v4_thumb_pdf.png?t=xoxe-191193697300-1655641665238-1662624174259-9d4966033b52bec8bbd54ad611c52557",
                "thumb_pdf_w": 641,
                "thumb_pdf_h": 909,
                "permalink": "https:\/\/usdevkit.slack.com\/files\/U5M5PLH9S\/FTYQ07ZRQ\/book_of_abstracts_open_v4.pdf",
                "permalink_public": "https:\/\/slack-files.com\/T5M5PLH8U-FTYQ07ZRQ-c37bd81ba4",
                "is_starred": false,
                "has_rich_preview": false
            }
        ],
        "upload": true,
        "blocks": [
            {
                "type": "rich_text",
                "block_id": "=HLy",
                "elements": [
                    {
                        "type": "rich_text_section",
                        "elements": [
                            {
                                "type": "text",
                                "text": "A first draft of the book of abstract from the conf'.. Based on a the previous version of the article.\nWill make sure they'll be using the latest version !"
                            }
                        ]
                    }
                ]
            }
        ],
        "user": "U5M5PLH9S",
        "display_as_bot": false,
        "ts": "1582307524.033700",
        "client_msg_id": "216b7582-49a8-4851-ab51-3d190997c4df",
        "reactions": [
            {
                "name": "+1",
                "users": [
                    "U8Z3VB1T2"
                ],
                "count": 1
            }
        ]
    },
    {
        "client_msg_id": "b6f2abd6-801b-4dcc-b9b6-6edb38b4ee21",
        "type": "message",
        "text": "In the case study version, we would have:\n• <@U8Z3VB1T2>’s fork\n• <@UKA33T8N9>’s use\n• <@UFCS7CKPD>’s contribution to HV\n• <@UGJ8GJGNR>’s prospection in US tomo",
        "user": "U5M5PLH9S",
        "ts": "1582310523.035000",
        "team": "T5M5PLH8U",
        "user_team": "T5M5PLH8U",
        "source_team": "T5M5PLH8U",
        "user_profile": {
            "avatar_hash": "e4fb6ae9f526",
            "image_72": "https:\/\/avatars.slack-edge.com\/2017-06-01\/191144530514_e4fb6ae9f526531fd41c_72.jpg",
            "first_name": "",
            "real_name": "kelu",
            "display_name": "",
            "team": "T5M5PLH8U",
            "name": "kelu",
            "is_restricted": false,
            "is_ultra_restricted": false
        },
        "edited": {
            "user": "U5M5PLH9S",
            "ts": "1582310533.000000"
        },
        "blocks": [
            {
                "type": "rich_text",
                "block_id": "Ikkr",
                "elements": [
                    {
                        "type": "rich_text_section",
                        "elements": [
                            {
                                "type": "text",
                                "text": "In the case study version, we would have:\n"
                            }
                        ]
                    },
                    {
                        "type": "rich_text_list",
                        "elements": [
                            {
                                "type": "rich_text_section",
                                "elements": [
                                    {
                                        "type": "user",
                                        "user_id": "U8Z3VB1T2"
                                    },
                                    {
                                        "type": "text",
                                        "text": "’s fork"
                                    }
                                ]
                            },
                            {
                                "type": "rich_text_section",
                                "elements": [
                                    {
                                        "type": "user",
                                        "user_id": "UKA33T8N9"
                                    },
                                    {
                                        "type": "text",
                                        "text": "’s use"
                                    }
                                ]
                            },
                            {
                                "type": "rich_text_section",
                                "elements": [
                                    {
                                        "type": "user",
                                        "user_id": "UFCS7CKPD"
                                    },
                                    {
                                        "type": "text",
                                        "text": "’s contribution to HV"
                                    }
                                ]
                            },
                            {
                                "type": "rich_text_section",
                                "elements": [
                                    {
                                        "type": "user",
                                        "user_id": "UGJ8GJGNR"
                                    },
                                    {
                                        "type": "text",
                                        "text": "’s prospection in US tomo"
                                    }
                                ]
                            }
                        ],
                        "style": "bullet",
                        "indent": 0
                    }
                ]
            }
        ],
        "reactions": [
            {
                "name": "+1",
                "users": [
                    "U8Z3VB1T2"
                ],
                "count": 1
            }
        ]
    }
]