[
    {
        "client_msg_id": "870bbf4a-59bb-4fe4-8a68-08dd7f13c907",
        "type": "message",
        "text": "Hey <@U8Z3VB1T2> - thanks, that's brilliant. A side note, we have backups possible also through the \"history\" tab upper right hand, so to tag versions \/ DL packages :smiley:",
        "user": "U5M5PLH9S",
        "ts": "1594215013.000900",
        "team": "T5M5PLH8U",
        "user_team": "T5M5PLH8U",
        "source_team": "T5M5PLH8U",
        "user_profile": {
            "avatar_hash": "e4fb6ae9f526",
            "image_72": "https:\/\/avatars.slack-edge.com\/2017-06-01\/191144530514_e4fb6ae9f526531fd41c_72.jpg",
            "first_name": "",
            "real_name": "kelu",
            "display_name": "",
            "team": "T5M5PLH8U",
            "name": "kelu",
            "is_restricted": false,
            "is_ultra_restricted": false
        },
        "blocks": [
            {
                "type": "rich_text",
                "block_id": "uE7",
                "elements": [
                    {
                        "type": "rich_text_section",
                        "elements": [
                            {
                                "type": "text",
                                "text": "Hey "
                            },
                            {
                                "type": "user",
                                "user_id": "U8Z3VB1T2"
                            },
                            {
                                "type": "text",
                                "text": " - thanks, that's brilliant. A side note, we have backups possible also through the \"history\" tab upper right hand, so to tag versions \/ DL packages "
                            },
                            {
                                "type": "emoji",
                                "name": "smiley"
                            }
                        ]
                    }
                ]
            }
        ],
        "reactions": [
            {
                "name": "raised_hands",
                "users": [
                    "U8Z3VB1T2",
                    "UGJ8GJGNR"
                ],
                "count": 2
            }
        ]
    }
]