[
    {
        "client_msg_id": "fb5c8b51-00ee-425e-af7d-64948fea5099",
        "type": "message",
        "text": "Thanks <@UKA33T8N9> too !",
        "user": "U5M5PLH9S",
        "ts": "1582653335.000400",
        "team": "T5M5PLH8U",
        "user_team": "T5M5PLH8U",
        "source_team": "T5M5PLH8U",
        "user_profile": {
            "avatar_hash": "e4fb6ae9f526",
            "image_72": "https:\/\/avatars.slack-edge.com\/2017-06-01\/191144530514_e4fb6ae9f526531fd41c_72.jpg",
            "first_name": "",
            "real_name": "kelu",
            "display_name": "",
            "team": "T5M5PLH8U",
            "name": "kelu",
            "is_restricted": false,
            "is_ultra_restricted": false
        },
        "blocks": [
            {
                "type": "rich_text",
                "block_id": "5=vQ9",
                "elements": [
                    {
                        "type": "rich_text_section",
                        "elements": [
                            {
                                "type": "text",
                                "text": "Thanks "
                            },
                            {
                                "type": "user",
                                "user_id": "UKA33T8N9"
                            },
                            {
                                "type": "text",
                                "text": " too !"
                            }
                        ]
                    }
                ]
            }
        ],
        "reactions": [
            {
                "name": "raised_hands",
                "users": [
                    "UKA33T8N9"
                ],
                "count": 1
            }
        ]
    }
]