[
    {
        "type": "message",
        "subtype": "channel_join",
        "ts": "1609750038.000200",
        "user": "U01HRKXAH53",
        "text": "<@U01HRKXAH53> has joined the channel"
    },
    {
        "client_msg_id": "d846a195-68bc-431b-ba5b-12cf8c1cde95",
        "type": "message",
        "text": "Hi all, would it be possible have a copy of this article or is it intentionally restricted to a limited number of people until it is published? Anyway: very good initiative: thanks!",
        "user": "U01HRKXAH53",
        "ts": "1609750198.001800",
        "team": "T5M5PLH8U",
        "user_team": "T5M5PLH8U",
        "source_team": "T5M5PLH8U",
        "user_profile": {
            "avatar_hash": "gf91f161c512",
            "image_72": "https:\/\/secure.gravatar.com\/avatar\/f91f161c512e639bab1a7afd06dc933e.jpg?s=72&d=https%3A%2F%2Fa.slack-edge.com%2Fdf10d%2Fimg%2Favatars%2Fava_0017-72.png",
            "first_name": "jacques",
            "real_name": "jacques Feldmar",
            "display_name": "Koje",
            "team": "T5M5PLH8U",
            "name": "jfeldmar",
            "is_restricted": false,
            "is_ultra_restricted": false
        },
        "blocks": [
            {
                "type": "rich_text",
                "block_id": "2d=",
                "elements": [
                    {
                        "type": "rich_text_section",
                        "elements": [
                            {
                                "type": "text",
                                "text": "Hi all, would it be possible have a copy of this article or is it intentionally restricted to a limited number of people until it is published? Anyway: very good initiative: thanks!"
                            }
                        ]
                    }
                ]
            }
        ]
    },
    {
        "client_msg_id": "735f2ffa-8f2d-4249-b9ac-05a13ae3e218",
        "type": "message",
        "text": "Salut <@U01HRKXAH53> ! Please do send me an email and I can give you access to this working document. It's not really restricted, it's more that the collaborative feature on overleaf is a paying one.\nHappy to get your comments \/ review on the article once you get access to it.",
        "user": "U5M5PLH9S",
        "ts": "1609756380.003000",
        "team": "T5M5PLH8U",
        "user_team": "T5M5PLH8U",
        "source_team": "T5M5PLH8U",
        "user_profile": {
            "avatar_hash": "e4fb6ae9f526",
            "image_72": "https:\/\/avatars.slack-edge.com\/2017-06-01\/191144530514_e4fb6ae9f526531fd41c_72.jpg",
            "first_name": "",
            "real_name": "kelu",
            "display_name": "",
            "team": "T5M5PLH8U",
            "name": "kelu",
            "is_restricted": false,
            "is_ultra_restricted": false
        },
        "blocks": [
            {
                "type": "rich_text",
                "block_id": "KaY",
                "elements": [
                    {
                        "type": "rich_text_section",
                        "elements": [
                            {
                                "type": "text",
                                "text": "Salut "
                            },
                            {
                                "type": "user",
                                "user_id": "U01HRKXAH53"
                            },
                            {
                                "type": "text",
                                "text": " ! Please do send me an email and I can give you access to this working document. It's not really restricted, it's more that the collaborative feature on overleaf is a paying one.\nHappy to get your comments \/ review on the article once you get access to it."
                            }
                        ]
                    }
                ]
            }
        ]
    }
]