<?xml version="1.0" encoding="UTF-8"?>
<!-- Product Version: Vivado v2019.1 (64-bit)                     -->
<!--                                                              -->
<!-- Copyright 1986-2019 Xilinx, Inc. All Rights Reserved.        -->

<hwsession version="1" minor="2">
  <device name="xczu7_0" gui_info="dashboard1=hw_ila_1[xczu7_0/hw_ila_1/Status=ILA_STATUS_1;xczu7_0/hw_ila_1/Waveform=ILA_WAVE_1;xczu7_0/hw_ila_1/Trigger Setup=ILA_TRIGGER_1;xczu7_0/hw_ila_1/Settings=ILA_SETTINGS_1;],dashboard2=hw_ila_2[xczu7_0/hw_ila_2/Settings=ILA_SETTINGS_1;xczu7_0/hw_ila_2/Trigger Setup=ILA_TRIGGER_1;xczu7_0/hw_ila_2/Status=ILA_STATUS_1;xczu7_0/hw_ila_2/Waveform=ILA_WAVE_1;xczu7_0/hw_ila_2/Capture Setup=ILA_CAPTURE_1;]"/>
  <ObjectList object_type="hw_device" gui_info="">
    <Object name="xczu7_0" gui_info="">
      <Properties Property="FULL_PROBES.FILE" value="$_project_name_.runs/impl_1/edt_zcu106_wrapper.ltx"/>
      <Properties Property="PROBES.FILE" value="$_project_name_.runs/impl_1/edt_zcu106_wrapper.ltx"/>
      <Properties Property="PROGRAM.HW_BITSTREAM" value="$_project_name_.runs/impl_1/edt_zcu106_wrapper.bit"/>
      <Properties Property="SLR.COUNT" value="1"/>
    </Object>
  </ObjectList>
  <ObjectList object_type="hw_ila" gui_info="">
    <Object name="u_ila_0" gui_info="">
      <Properties Property="CONTROL.TRIGGER_CONDITION" value="AND"/>
      <Properties Property="CONTROL.TRIGGER_POSITION" value="512"/>
      <Properties Property="CORE_REFRESH_RATE_MS" value="500"/>
    </Object>
    <Object name="u_ila_1" gui_info="">
      <Properties Property="CONTROL.TRIGGER_CONDITION" value="AND"/>
      <Properties Property="CONTROL.TRIGGER_POSITION" value="256"/>
      <Properties Property="CORE_REFRESH_RATE_MS" value="500"/>
    </Object>
  </ObjectList>
  <ObjectList object_type="hw_probe" gui_info="">
    <Object name="edt_zcu106_i/ad9670_axi4_1/U0/ctrl/enable" gui_info="Trigger Setup=0"/>
    <Object name="tx_trig_in_IBUF[0:0]" gui_info="Trigger Setup=0"/>
    <Object name="u_ila_0_s_dco" gui_info="Trigger Setup=0"/>
  </ObjectList>
  <probeset name="hw project" active="false">
    <probe type="ila" busType="net" source="netlist" spec="ILA_V2_RT">
      <probeOptions Id="DebugProbeParams">
        <Option Id="CAPTURE_COMPARE_VALUE" value="eq1&apos;bX"/>
        <Option Id="COMPARE_VALUE.0" value="eq1&apos;bX"/>
        <Option Id="DISPLAY_AS_ENUM" value="1"/>
        <Option Id="DISPLAY_HINT" value=""/>
        <Option Id="DISPLAY_RADIX" value="HEX"/>
        <Option Id="DISPLAY_VISIBILITY" value=""/>
        <Option Id="HW_ILA" value="hw_ila_1"/>
        <Option Id="LINK_TO_WAVEFORM" value="1"/>
        <Option Id="MAP" value="probe10[0]"/>
        <Option Id="NAME.CUSTOM" value=""/>
        <Option Id="NAME.SELECT" value="Long"/>
        <Option Id="SOURCE" value="netlist"/>
        <Option Id="TRIGGER_COMPARE_VALUE" value="eq1&apos;bX"/>
        <Option Id="WAVEFORM_STYLE" value="Digital"/>
      </probeOptions>
      <nets>
        <net name="edt_zcu106_i/System_Clock_Sources_clk_out3"/>
      </nets>
    </probe>
    <probe type="ila" busType="net" source="netlist" spec="ILA_V2_RT">
      <probeOptions Id="DebugProbeParams">
        <Option Id="CAPTURE_COMPARE_VALUE" value="eq1&apos;bX"/>
        <Option Id="COMPARE_VALUE.0" value="eq1&apos;bX"/>
        <Option Id="DISPLAY_AS_ENUM" value="1"/>
        <Option Id="DISPLAY_HINT" value=""/>
        <Option Id="DISPLAY_RADIX" value="HEX"/>
        <Option Id="DISPLAY_VISIBILITY" value=""/>
        <Option Id="HW_ILA" value="hw_ila_1"/>
        <Option Id="LINK_TO_WAVEFORM" value="1"/>
        <Option Id="MAP" value="probe8[0]"/>
        <Option Id="NAME.CUSTOM" value=""/>
        <Option Id="NAME.SELECT" value="Long"/>
        <Option Id="SOURCE" value="netlist"/>
        <Option Id="TRIGGER_COMPARE_VALUE" value="eq1&apos;bX"/>
        <Option Id="WAVEFORM_STYLE" value="Digital"/>
      </probeOptions>
      <nets>
        <net name="edt_zcu106_i/ad9670_axi4_0/U0/ctrl/s_dco"/>
      </nets>
    </probe>
    <probe type="ila" busType="net" source="netlist" spec="ILA_V2_RT">
      <probeOptions Id="DebugProbeParams">
        <Option Id="CAPTURE_COMPARE_VALUE" value="eq1&apos;bX"/>
        <Option Id="COMPARE_VALUE.0" value="eq1&apos;bR"/>
        <Option Id="DISPLAY_AS_ENUM" value="1"/>
        <Option Id="DISPLAY_HINT" value=""/>
        <Option Id="DISPLAY_RADIX" value="HEX"/>
        <Option Id="DISPLAY_VISIBILITY" value=""/>
        <Option Id="HW_ILA" value="hw_ila_2"/>
        <Option Id="LINK_TO_WAVEFORM" value="1"/>
        <Option Id="MAP" value="probe3[0]"/>
        <Option Id="NAME.CUSTOM" value=""/>
        <Option Id="NAME.SELECT" value="Long"/>
        <Option Id="SOURCE" value="netlist"/>
        <Option Id="TRIGGER_COMPARE_VALUE" value="eq1&apos;bR"/>
        <Option Id="WAVEFORM_STYLE" value="Digital"/>
      </probeOptions>
      <nets>
        <net name="edt_zcu106_i/ad9670_axi4_1/U0/ctrl/enable"/>
      </nets>
    </probe>
    <probe type="ila" busType="net" source="netlist" spec="ILA_V2_RT">
      <probeOptions Id="DebugProbeParams">
        <Option Id="CAPTURE_COMPARE_VALUE" value="eq1&apos;bX"/>
        <Option Id="COMPARE_VALUE.0" value="eq1&apos;bX"/>
        <Option Id="DISPLAY_AS_ENUM" value="1"/>
        <Option Id="DISPLAY_HINT" value=""/>
        <Option Id="DISPLAY_RADIX" value="HEX"/>
        <Option Id="DISPLAY_VISIBILITY" value=""/>
        <Option Id="HW_ILA" value="hw_ila_2"/>
        <Option Id="LINK_TO_WAVEFORM" value="1"/>
        <Option Id="MAP" value="probe4[0]"/>
        <Option Id="NAME.CUSTOM" value=""/>
        <Option Id="NAME.SELECT" value="Long"/>
        <Option Id="SOURCE" value="netlist"/>
        <Option Id="TRIGGER_COMPARE_VALUE" value="eq1&apos;bX"/>
        <Option Id="WAVEFORM_STYLE" value="Digital"/>
      </probeOptions>
      <nets>
        <net name="edt_zcu106_i/ad9670_axi4_1/U0/ctrl/instantiations[0].IBUFDS_inst_n_0"/>
      </nets>
    </probe>
    <probe type="ila" busType="net" source="netlist" spec="ILA_V2_RT">
      <probeOptions Id="DebugProbeParams">
        <Option Id="CAPTURE_COMPARE_VALUE" value="eq1&apos;bX"/>
        <Option Id="COMPARE_VALUE.0" value="eq1&apos;bX"/>
        <Option Id="DISPLAY_AS_ENUM" value="1"/>
        <Option Id="DISPLAY_HINT" value=""/>
        <Option Id="DISPLAY_RADIX" value="HEX"/>
        <Option Id="DISPLAY_VISIBILITY" value=""/>
        <Option Id="HW_ILA" value="hw_ila_1"/>
        <Option Id="LINK_TO_WAVEFORM" value="1"/>
        <Option Id="MAP" value="probe3[0]"/>
        <Option Id="NAME.CUSTOM" value=""/>
        <Option Id="NAME.SELECT" value="Long"/>
        <Option Id="SOURCE" value="netlist"/>
        <Option Id="TRIGGER_COMPARE_VALUE" value="eq1&apos;bX"/>
        <Option Id="WAVEFORM_STYLE" value="Digital"/>
      </probeOptions>
      <nets>
        <net name="edt_zcu106_i/ad9670_axi4_1/U0/ctrl/instantiations[0].deser/D[0]"/>
      </nets>
    </probe>
    <probe type="ila" busType="bus" source="netlist" spec="ILA_V2_RT">
      <probeOptions Id="DebugProbeParams">
        <Option Id="CAPTURE_COMPARE_VALUE" value="eq14&apos;hXXXX"/>
        <Option Id="COMPARE_VALUE.0" value="eq14&apos;hXXXX"/>
        <Option Id="DISPLAY_AS_ENUM" value="1"/>
        <Option Id="DISPLAY_HINT" value=""/>
        <Option Id="DISPLAY_RADIX" value="HEX"/>
        <Option Id="DISPLAY_VISIBILITY" value=""/>
        <Option Id="HW_ILA" value="hw_ila_2"/>
        <Option Id="LINK_TO_WAVEFORM" value="1"/>
        <Option Id="MAP" value="probe0[13:0]"/>
        <Option Id="NAME.CUSTOM" value=""/>
        <Option Id="NAME.SELECT" value="Long"/>
        <Option Id="SOURCE" value="netlist"/>
        <Option Id="TRIGGER_COMPARE_VALUE" value="eq14&apos;hXXXX"/>
        <Option Id="WAVEFORM_STYLE" value="Digital"/>
      </probeOptions>
      <nets>
        <net name="edt_zcu106_i/ad9670_axi4_1/U0/ctrl/instantiations[0].deser/Q[13]"/>
        <net name="edt_zcu106_i/ad9670_axi4_1/U0/ctrl/instantiations[0].deser/Q[12]"/>
        <net name="edt_zcu106_i/ad9670_axi4_1/U0/ctrl/instantiations[0].deser/Q[11]"/>
        <net name="edt_zcu106_i/ad9670_axi4_1/U0/ctrl/instantiations[0].deser/Q[10]"/>
        <net name="edt_zcu106_i/ad9670_axi4_1/U0/ctrl/instantiations[0].deser/Q[9]"/>
        <net name="edt_zcu106_i/ad9670_axi4_1/U0/ctrl/instantiations[0].deser/Q[8]"/>
        <net name="edt_zcu106_i/ad9670_axi4_1/U0/ctrl/instantiations[0].deser/Q[7]"/>
        <net name="edt_zcu106_i/ad9670_axi4_1/U0/ctrl/instantiations[0].deser/Q[6]"/>
        <net name="edt_zcu106_i/ad9670_axi4_1/U0/ctrl/instantiations[0].deser/Q[5]"/>
        <net name="edt_zcu106_i/ad9670_axi4_1/U0/ctrl/instantiations[0].deser/Q[4]"/>
        <net name="edt_zcu106_i/ad9670_axi4_1/U0/ctrl/instantiations[0].deser/Q[3]"/>
        <net name="edt_zcu106_i/ad9670_axi4_1/U0/ctrl/instantiations[0].deser/Q[2]"/>
        <net name="edt_zcu106_i/ad9670_axi4_1/U0/ctrl/instantiations[0].deser/Q[1]"/>
        <net name="edt_zcu106_i/ad9670_axi4_1/U0/ctrl/instantiations[0].deser/Q[0]"/>
      </nets>
    </probe>
    <probe type="ila" busType="net" source="netlist" spec="ILA_V2_RT">
      <probeOptions Id="DebugProbeParams">
        <Option Id="CAPTURE_COMPARE_VALUE" value="eq1&apos;bX"/>
        <Option Id="COMPARE_VALUE.0" value="eq1&apos;bX"/>
        <Option Id="DISPLAY_AS_ENUM" value="1"/>
        <Option Id="DISPLAY_HINT" value=""/>
        <Option Id="DISPLAY_RADIX" value="HEX"/>
        <Option Id="DISPLAY_VISIBILITY" value=""/>
        <Option Id="HW_ILA" value="hw_ila_2"/>
        <Option Id="LINK_TO_WAVEFORM" value="1"/>
        <Option Id="MAP" value="probe5[0]"/>
        <Option Id="NAME.CUSTOM" value=""/>
        <Option Id="NAME.SELECT" value="Long"/>
        <Option Id="SOURCE" value="netlist"/>
        <Option Id="TRIGGER_COMPARE_VALUE" value="eq1&apos;bX"/>
        <Option Id="WAVEFORM_STYLE" value="Digital"/>
      </probeOptions>
      <nets>
        <net name="edt_zcu106_i/ad9670_axi4_1/U0/ctrl/instantiations[1].IBUFDS_inst_n_0"/>
      </nets>
    </probe>
    <probe type="ila" busType="net" source="netlist" spec="ILA_V2_RT">
      <probeOptions Id="DebugProbeParams">
        <Option Id="CAPTURE_COMPARE_VALUE" value="eq1&apos;bX"/>
        <Option Id="COMPARE_VALUE.0" value="eq1&apos;bX"/>
        <Option Id="DISPLAY_AS_ENUM" value="1"/>
        <Option Id="DISPLAY_HINT" value=""/>
        <Option Id="DISPLAY_RADIX" value="HEX"/>
        <Option Id="DISPLAY_VISIBILITY" value=""/>
        <Option Id="HW_ILA" value="hw_ila_1"/>
        <Option Id="LINK_TO_WAVEFORM" value="1"/>
        <Option Id="MAP" value="probe1[0]"/>
        <Option Id="NAME.CUSTOM" value=""/>
        <Option Id="NAME.SELECT" value="Long"/>
        <Option Id="SOURCE" value="netlist"/>
        <Option Id="TRIGGER_COMPARE_VALUE" value="eq1&apos;bX"/>
        <Option Id="WAVEFORM_STYLE" value="Digital"/>
      </probeOptions>
      <nets>
        <net name="edt_zcu106_i/ad9670_axi4_1/U0/ctrl/instantiations[1].deser/D[0]"/>
      </nets>
    </probe>
    <probe type="ila" busType="bus" source="netlist" spec="ILA_V2_RT">
      <probeOptions Id="DebugProbeParams">
        <Option Id="CAPTURE_COMPARE_VALUE" value="eq14&apos;hXXXX"/>
        <Option Id="COMPARE_VALUE.0" value="eq14&apos;hXXXX"/>
        <Option Id="DISPLAY_AS_ENUM" value="1"/>
        <Option Id="DISPLAY_HINT" value=""/>
        <Option Id="DISPLAY_RADIX" value="HEX"/>
        <Option Id="DISPLAY_VISIBILITY" value=""/>
        <Option Id="HW_ILA" value="hw_ila_2"/>
        <Option Id="LINK_TO_WAVEFORM" value="1"/>
        <Option Id="MAP" value="probe1[13:0]"/>
        <Option Id="NAME.CUSTOM" value=""/>
        <Option Id="NAME.SELECT" value="Long"/>
        <Option Id="SOURCE" value="netlist"/>
        <Option Id="TRIGGER_COMPARE_VALUE" value="eq14&apos;hXXXX"/>
        <Option Id="WAVEFORM_STYLE" value="Digital"/>
      </probeOptions>
      <nets>
        <net name="edt_zcu106_i/ad9670_axi4_1/U0/ctrl/instantiations[1].deser/Q[13]"/>
        <net name="edt_zcu106_i/ad9670_axi4_1/U0/ctrl/instantiations[1].deser/Q[12]"/>
        <net name="edt_zcu106_i/ad9670_axi4_1/U0/ctrl/instantiations[1].deser/Q[11]"/>
        <net name="edt_zcu106_i/ad9670_axi4_1/U0/ctrl/instantiations[1].deser/Q[10]"/>
        <net name="edt_zcu106_i/ad9670_axi4_1/U0/ctrl/instantiations[1].deser/Q[9]"/>
        <net name="edt_zcu106_i/ad9670_axi4_1/U0/ctrl/instantiations[1].deser/Q[8]"/>
        <net name="edt_zcu106_i/ad9670_axi4_1/U0/ctrl/instantiations[1].deser/Q[7]"/>
        <net name="edt_zcu106_i/ad9670_axi4_1/U0/ctrl/instantiations[1].deser/Q[6]"/>
        <net name="edt_zcu106_i/ad9670_axi4_1/U0/ctrl/instantiations[1].deser/Q[5]"/>
        <net name="edt_zcu106_i/ad9670_axi4_1/U0/ctrl/instantiations[1].deser/Q[4]"/>
        <net name="edt_zcu106_i/ad9670_axi4_1/U0/ctrl/instantiations[1].deser/Q[3]"/>
        <net name="edt_zcu106_i/ad9670_axi4_1/U0/ctrl/instantiations[1].deser/Q[2]"/>
        <net name="edt_zcu106_i/ad9670_axi4_1/U0/ctrl/instantiations[1].deser/Q[1]"/>
        <net name="edt_zcu106_i/ad9670_axi4_1/U0/ctrl/instantiations[1].deser/Q[0]"/>
      </nets>
    </probe>
    <probe type="ila" busType="net" source="netlist" spec="ILA_V2_RT">
      <probeOptions Id="DebugProbeParams">
        <Option Id="CAPTURE_COMPARE_VALUE" value="eq1&apos;bX"/>
        <Option Id="COMPARE_VALUE.0" value="eq1&apos;bX"/>
        <Option Id="DISPLAY_AS_ENUM" value="1"/>
        <Option Id="DISPLAY_HINT" value=""/>
        <Option Id="DISPLAY_RADIX" value="HEX"/>
        <Option Id="DISPLAY_VISIBILITY" value=""/>
        <Option Id="HW_ILA" value="hw_ila_1"/>
        <Option Id="LINK_TO_WAVEFORM" value="1"/>
        <Option Id="MAP" value="probe8[0]"/>
        <Option Id="NAME.CUSTOM" value=""/>
        <Option Id="NAME.SELECT" value="Long"/>
        <Option Id="SOURCE" value="netlist"/>
        <Option Id="TRIGGER_COMPARE_VALUE" value="eq1&apos;bX"/>
        <Option Id="WAVEFORM_STYLE" value="Digital"/>
      </probeOptions>
      <nets>
        <net name="edt_zcu106_i/ad9670_axi4_1/U0/ctrl/s_dco"/>
      </nets>
    </probe>
    <probe type="ila" busType="net" source="netlist" spec="ILA_V2_RT">
      <probeOptions Id="DebugProbeParams">
        <Option Id="CAPTURE_COMPARE_VALUE" value="eq1&apos;bX"/>
        <Option Id="COMPARE_VALUE.0" value="eq1&apos;bX"/>
        <Option Id="DISPLAY_AS_ENUM" value="1"/>
        <Option Id="DISPLAY_HINT" value=""/>
        <Option Id="DISPLAY_RADIX" value="HEX"/>
        <Option Id="DISPLAY_VISIBILITY" value=""/>
        <Option Id="HW_ILA" value="hw_ila_2"/>
        <Option Id="LINK_TO_WAVEFORM" value="1"/>
        <Option Id="MAP" value="probe7[0]"/>
        <Option Id="NAME.CUSTOM" value=""/>
        <Option Id="NAME.SELECT" value="Long"/>
        <Option Id="SOURCE" value="netlist"/>
        <Option Id="TRIGGER_COMPARE_VALUE" value="eq1&apos;bX"/>
        <Option Id="WAVEFORM_STYLE" value="Digital"/>
      </probeOptions>
      <nets>
        <net name="edt_zcu106_i/ad9670_axi4_1/U0/ctrl/s_fco"/>
      </nets>
    </probe>
    <probe type="ila" busType="bus" source="netlist" spec="ILA_V2_RT">
      <probeOptions Id="DebugProbeParams">
        <Option Id="CAPTURE_COMPARE_VALUE" value="eq128&apos;hXXXX_XXXX_XXXX_XXXX_XXXX_XXXX_XXXX_XXXX"/>
        <Option Id="COMPARE_VALUE.0" value="eq128&apos;hXXXX_XXXX_XXXX_XXXX_XXXX_XXXX_XXXX_XXXX"/>
        <Option Id="DISPLAY_AS_ENUM" value="1"/>
        <Option Id="DISPLAY_HINT" value=""/>
        <Option Id="DISPLAY_RADIX" value="HEX"/>
        <Option Id="DISPLAY_VISIBILITY" value=""/>
        <Option Id="HW_ILA" value="hw_ila_1"/>
        <Option Id="LINK_TO_WAVEFORM" value="1"/>
        <Option Id="MAP" value="probe1[127:0]"/>
        <Option Id="NAME.CUSTOM" value=""/>
        <Option Id="NAME.SELECT" value="Long"/>
        <Option Id="SOURCE" value="netlist"/>
        <Option Id="TRIGGER_COMPARE_VALUE" value="eq128&apos;hXXXX_XXXX_XXXX_XXXX_XXXX_XXXX_XXXX_XXXX"/>
        <Option Id="WAVEFORM_STYLE" value="Digital"/>
      </probeOptions>
      <nets>
        <net name="edt_zcu106_i/ad9670_axi4_1/U0/ctrl/xpm_fifo_axis_inst/m_axis_tdata[127]"/>
        <net name="edt_zcu106_i/ad9670_axi4_1/U0/ctrl/xpm_fifo_axis_inst/m_axis_tdata[126]"/>
        <net name="edt_zcu106_i/ad9670_axi4_1/U0/ctrl/xpm_fifo_axis_inst/m_axis_tdata[125]"/>
        <net name="edt_zcu106_i/ad9670_axi4_1/U0/ctrl/xpm_fifo_axis_inst/m_axis_tdata[124]"/>
        <net name="edt_zcu106_i/ad9670_axi4_1/U0/ctrl/xpm_fifo_axis_inst/m_axis_tdata[123]"/>
        <net name="edt_zcu106_i/ad9670_axi4_1/U0/ctrl/xpm_fifo_axis_inst/m_axis_tdata[122]"/>
        <net name="edt_zcu106_i/ad9670_axi4_1/U0/ctrl/xpm_fifo_axis_inst/m_axis_tdata[121]"/>
        <net name="edt_zcu106_i/ad9670_axi4_1/U0/ctrl/xpm_fifo_axis_inst/m_axis_tdata[120]"/>
        <net name="edt_zcu106_i/ad9670_axi4_1/U0/ctrl/xpm_fifo_axis_inst/m_axis_tdata[119]"/>
        <net name="edt_zcu106_i/ad9670_axi4_1/U0/ctrl/xpm_fifo_axis_inst/m_axis_tdata[118]"/>
        <net name="edt_zcu106_i/ad9670_axi4_1/U0/ctrl/xpm_fifo_axis_inst/m_axis_tdata[117]"/>
        <net name="edt_zcu106_i/ad9670_axi4_1/U0/ctrl/xpm_fifo_axis_inst/m_axis_tdata[116]"/>
        <net name="edt_zcu106_i/ad9670_axi4_1/U0/ctrl/xpm_fifo_axis_inst/m_axis_tdata[115]"/>
        <net name="edt_zcu106_i/ad9670_axi4_1/U0/ctrl/xpm_fifo_axis_inst/m_axis_tdata[114]"/>
        <net name="edt_zcu106_i/ad9670_axi4_1/U0/ctrl/xpm_fifo_axis_inst/m_axis_tdata[113]"/>
        <net name="edt_zcu106_i/ad9670_axi4_1/U0/ctrl/xpm_fifo_axis_inst/m_axis_tdata[112]"/>
        <net name="edt_zcu106_i/ad9670_axi4_1/U0/ctrl/xpm_fifo_axis_inst/m_axis_tdata[111]"/>
        <net name="edt_zcu106_i/ad9670_axi4_1/U0/ctrl/xpm_fifo_axis_inst/m_axis_tdata[110]"/>
        <net name="edt_zcu106_i/ad9670_axi4_1/U0/ctrl/xpm_fifo_axis_inst/m_axis_tdata[109]"/>
        <net name="edt_zcu106_i/ad9670_axi4_1/U0/ctrl/xpm_fifo_axis_inst/m_axis_tdata[108]"/>
        <net name="edt_zcu106_i/ad9670_axi4_1/U0/ctrl/xpm_fifo_axis_inst/m_axis_tdata[107]"/>
        <net name="edt_zcu106_i/ad9670_axi4_1/U0/ctrl/xpm_fifo_axis_inst/m_axis_tdata[106]"/>
        <net name="edt_zcu106_i/ad9670_axi4_1/U0/ctrl/xpm_fifo_axis_inst/m_axis_tdata[105]"/>
        <net name="edt_zcu106_i/ad9670_axi4_1/U0/ctrl/xpm_fifo_axis_inst/m_axis_tdata[104]"/>
        <net name="edt_zcu106_i/ad9670_axi4_1/U0/ctrl/xpm_fifo_axis_inst/m_axis_tdata[103]"/>
        <net name="edt_zcu106_i/ad9670_axi4_1/U0/ctrl/xpm_fifo_axis_inst/m_axis_tdata[102]"/>
        <net name="edt_zcu106_i/ad9670_axi4_1/U0/ctrl/xpm_fifo_axis_inst/m_axis_tdata[101]"/>
        <net name="edt_zcu106_i/ad9670_axi4_1/U0/ctrl/xpm_fifo_axis_inst/m_axis_tdata[100]"/>
        <net name="edt_zcu106_i/ad9670_axi4_1/U0/ctrl/xpm_fifo_axis_inst/m_axis_tdata[99]"/>
        <net name="edt_zcu106_i/ad9670_axi4_1/U0/ctrl/xpm_fifo_axis_inst/m_axis_tdata[98]"/>
        <net name="edt_zcu106_i/ad9670_axi4_1/U0/ctrl/xpm_fifo_axis_inst/m_axis_tdata[97]"/>
        <net name="edt_zcu106_i/ad9670_axi4_1/U0/ctrl/xpm_fifo_axis_inst/m_axis_tdata[96]"/>
        <net name="edt_zcu106_i/ad9670_axi4_1/U0/ctrl/xpm_fifo_axis_inst/m_axis_tdata[95]"/>
        <net name="edt_zcu106_i/ad9670_axi4_1/U0/ctrl/xpm_fifo_axis_inst/m_axis_tdata[94]"/>
        <net name="edt_zcu106_i/ad9670_axi4_1/U0/ctrl/xpm_fifo_axis_inst/m_axis_tdata[93]"/>
        <net name="edt_zcu106_i/ad9670_axi4_1/U0/ctrl/xpm_fifo_axis_inst/m_axis_tdata[92]"/>
        <net name="edt_zcu106_i/ad9670_axi4_1/U0/ctrl/xpm_fifo_axis_inst/m_axis_tdata[91]"/>
        <net name="edt_zcu106_i/ad9670_axi4_1/U0/ctrl/xpm_fifo_axis_inst/m_axis_tdata[90]"/>
        <net name="edt_zcu106_i/ad9670_axi4_1/U0/ctrl/xpm_fifo_axis_inst/m_axis_tdata[89]"/>
        <net name="edt_zcu106_i/ad9670_axi4_1/U0/ctrl/xpm_fifo_axis_inst/m_axis_tdata[88]"/>
        <net name="edt_zcu106_i/ad9670_axi4_1/U0/ctrl/xpm_fifo_axis_inst/m_axis_tdata[87]"/>
        <net name="edt_zcu106_i/ad9670_axi4_1/U0/ctrl/xpm_fifo_axis_inst/m_axis_tdata[86]"/>
        <net name="edt_zcu106_i/ad9670_axi4_1/U0/ctrl/xpm_fifo_axis_inst/m_axis_tdata[85]"/>
        <net name="edt_zcu106_i/ad9670_axi4_1/U0/ctrl/xpm_fifo_axis_inst/m_axis_tdata[84]"/>
        <net name="edt_zcu106_i/ad9670_axi4_1/U0/ctrl/xpm_fifo_axis_inst/m_axis_tdata[83]"/>
        <net name="edt_zcu106_i/ad9670_axi4_1/U0/ctrl/xpm_fifo_axis_inst/m_axis_tdata[82]"/>
        <net name="edt_zcu106_i/ad9670_axi4_1/U0/ctrl/xpm_fifo_axis_inst/m_axis_tdata[81]"/>
        <net name="edt_zcu106_i/ad9670_axi4_1/U0/ctrl/xpm_fifo_axis_inst/m_axis_tdata[80]"/>
        <net name="edt_zcu106_i/ad9670_axi4_1/U0/ctrl/xpm_fifo_axis_inst/m_axis_tdata[79]"/>
        <net name="edt_zcu106_i/ad9670_axi4_1/U0/ctrl/xpm_fifo_axis_inst/m_axis_tdata[78]"/>
        <net name="edt_zcu106_i/ad9670_axi4_1/U0/ctrl/xpm_fifo_axis_inst/m_axis_tdata[77]"/>
        <net name="edt_zcu106_i/ad9670_axi4_1/U0/ctrl/xpm_fifo_axis_inst/m_axis_tdata[76]"/>
        <net name="edt_zcu106_i/ad9670_axi4_1/U0/ctrl/xpm_fifo_axis_inst/m_axis_tdata[75]"/>
        <net name="edt_zcu106_i/ad9670_axi4_1/U0/ctrl/xpm_fifo_axis_inst/m_axis_tdata[74]"/>
        <net name="edt_zcu106_i/ad9670_axi4_1/U0/ctrl/xpm_fifo_axis_inst/m_axis_tdata[73]"/>
        <net name="edt_zcu106_i/ad9670_axi4_1/U0/ctrl/xpm_fifo_axis_inst/m_axis_tdata[72]"/>
        <net name="edt_zcu106_i/ad9670_axi4_1/U0/ctrl/xpm_fifo_axis_inst/m_axis_tdata[71]"/>
        <net name="edt_zcu106_i/ad9670_axi4_1/U0/ctrl/xpm_fifo_axis_inst/m_axis_tdata[70]"/>
        <net name="edt_zcu106_i/ad9670_axi4_1/U0/ctrl/xpm_fifo_axis_inst/m_axis_tdata[69]"/>
        <net name="edt_zcu106_i/ad9670_axi4_1/U0/ctrl/xpm_fifo_axis_inst/m_axis_tdata[68]"/>
        <net name="edt_zcu106_i/ad9670_axi4_1/U0/ctrl/xpm_fifo_axis_inst/m_axis_tdata[67]"/>
        <net name="edt_zcu106_i/ad9670_axi4_1/U0/ctrl/xpm_fifo_axis_inst/m_axis_tdata[66]"/>
        <net name="edt_zcu106_i/ad9670_axi4_1/U0/ctrl/xpm_fifo_axis_inst/m_axis_tdata[65]"/>
        <net name="edt_zcu106_i/ad9670_axi4_1/U0/ctrl/xpm_fifo_axis_inst/m_axis_tdata[64]"/>
        <net name="edt_zcu106_i/ad9670_axi4_1/U0/ctrl/xpm_fifo_axis_inst/m_axis_tdata[63]"/>
        <net name="edt_zcu106_i/ad9670_axi4_1/U0/ctrl/xpm_fifo_axis_inst/m_axis_tdata[62]"/>
        <net name="edt_zcu106_i/ad9670_axi4_1/U0/ctrl/xpm_fifo_axis_inst/m_axis_tdata[61]"/>
        <net name="edt_zcu106_i/ad9670_axi4_1/U0/ctrl/xpm_fifo_axis_inst/m_axis_tdata[60]"/>
        <net name="edt_zcu106_i/ad9670_axi4_1/U0/ctrl/xpm_fifo_axis_inst/m_axis_tdata[59]"/>
        <net name="edt_zcu106_i/ad9670_axi4_1/U0/ctrl/xpm_fifo_axis_inst/m_axis_tdata[58]"/>
        <net name="edt_zcu106_i/ad9670_axi4_1/U0/ctrl/xpm_fifo_axis_inst/m_axis_tdata[57]"/>
        <net name="edt_zcu106_i/ad9670_axi4_1/U0/ctrl/xpm_fifo_axis_inst/m_axis_tdata[56]"/>
        <net name="edt_zcu106_i/ad9670_axi4_1/U0/ctrl/xpm_fifo_axis_inst/m_axis_tdata[55]"/>
        <net name="edt_zcu106_i/ad9670_axi4_1/U0/ctrl/xpm_fifo_axis_inst/m_axis_tdata[54]"/>
        <net name="edt_zcu106_i/ad9670_axi4_1/U0/ctrl/xpm_fifo_axis_inst/m_axis_tdata[53]"/>
        <net name="edt_zcu106_i/ad9670_axi4_1/U0/ctrl/xpm_fifo_axis_inst/m_axis_tdata[52]"/>
        <net name="edt_zcu106_i/ad9670_axi4_1/U0/ctrl/xpm_fifo_axis_inst/m_axis_tdata[51]"/>
        <net name="edt_zcu106_i/ad9670_axi4_1/U0/ctrl/xpm_fifo_axis_inst/m_axis_tdata[50]"/>
        <net name="edt_zcu106_i/ad9670_axi4_1/U0/ctrl/xpm_fifo_axis_inst/m_axis_tdata[49]"/>
        <net name="edt_zcu106_i/ad9670_axi4_1/U0/ctrl/xpm_fifo_axis_inst/m_axis_tdata[48]"/>
        <net name="edt_zcu106_i/ad9670_axi4_1/U0/ctrl/xpm_fifo_axis_inst/m_axis_tdata[47]"/>
        <net name="edt_zcu106_i/ad9670_axi4_1/U0/ctrl/xpm_fifo_axis_inst/m_axis_tdata[46]"/>
        <net name="edt_zcu106_i/ad9670_axi4_1/U0/ctrl/xpm_fifo_axis_inst/m_axis_tdata[45]"/>
        <net name="edt_zcu106_i/ad9670_axi4_1/U0/ctrl/xpm_fifo_axis_inst/m_axis_tdata[44]"/>
        <net name="edt_zcu106_i/ad9670_axi4_1/U0/ctrl/xpm_fifo_axis_inst/m_axis_tdata[43]"/>
        <net name="edt_zcu106_i/ad9670_axi4_1/U0/ctrl/xpm_fifo_axis_inst/m_axis_tdata[42]"/>
        <net name="edt_zcu106_i/ad9670_axi4_1/U0/ctrl/xpm_fifo_axis_inst/m_axis_tdata[41]"/>
        <net name="edt_zcu106_i/ad9670_axi4_1/U0/ctrl/xpm_fifo_axis_inst/m_axis_tdata[40]"/>
        <net name="edt_zcu106_i/ad9670_axi4_1/U0/ctrl/xpm_fifo_axis_inst/m_axis_tdata[39]"/>
        <net name="edt_zcu106_i/ad9670_axi4_1/U0/ctrl/xpm_fifo_axis_inst/m_axis_tdata[38]"/>
        <net name="edt_zcu106_i/ad9670_axi4_1/U0/ctrl/xpm_fifo_axis_inst/m_axis_tdata[37]"/>
        <net name="edt_zcu106_i/ad9670_axi4_1/U0/ctrl/xpm_fifo_axis_inst/m_axis_tdata[36]"/>
        <net name="edt_zcu106_i/ad9670_axi4_1/U0/ctrl/xpm_fifo_axis_inst/m_axis_tdata[35]"/>
        <net name="edt_zcu106_i/ad9670_axi4_1/U0/ctrl/xpm_fifo_axis_inst/m_axis_tdata[34]"/>
        <net name="edt_zcu106_i/ad9670_axi4_1/U0/ctrl/xpm_fifo_axis_inst/m_axis_tdata[33]"/>
        <net name="edt_zcu106_i/ad9670_axi4_1/U0/ctrl/xpm_fifo_axis_inst/m_axis_tdata[32]"/>
        <net name="edt_zcu106_i/ad9670_axi4_1/U0/ctrl/xpm_fifo_axis_inst/m_axis_tdata[31]"/>
        <net name="edt_zcu106_i/ad9670_axi4_1/U0/ctrl/xpm_fifo_axis_inst/m_axis_tdata[30]"/>
        <net name="edt_zcu106_i/ad9670_axi4_1/U0/ctrl/xpm_fifo_axis_inst/m_axis_tdata[29]"/>
        <net name="edt_zcu106_i/ad9670_axi4_1/U0/ctrl/xpm_fifo_axis_inst/m_axis_tdata[28]"/>
        <net name="edt_zcu106_i/ad9670_axi4_1/U0/ctrl/xpm_fifo_axis_inst/m_axis_tdata[27]"/>
        <net name="edt_zcu106_i/ad9670_axi4_1/U0/ctrl/xpm_fifo_axis_inst/m_axis_tdata[26]"/>
        <net name="edt_zcu106_i/ad9670_axi4_1/U0/ctrl/xpm_fifo_axis_inst/m_axis_tdata[25]"/>
        <net name="edt_zcu106_i/ad9670_axi4_1/U0/ctrl/xpm_fifo_axis_inst/m_axis_tdata[24]"/>
        <net name="edt_zcu106_i/ad9670_axi4_1/U0/ctrl/xpm_fifo_axis_inst/m_axis_tdata[23]"/>
        <net name="edt_zcu106_i/ad9670_axi4_1/U0/ctrl/xpm_fifo_axis_inst/m_axis_tdata[22]"/>
        <net name="edt_zcu106_i/ad9670_axi4_1/U0/ctrl/xpm_fifo_axis_inst/m_axis_tdata[21]"/>
        <net name="edt_zcu106_i/ad9670_axi4_1/U0/ctrl/xpm_fifo_axis_inst/m_axis_tdata[20]"/>
        <net name="edt_zcu106_i/ad9670_axi4_1/U0/ctrl/xpm_fifo_axis_inst/m_axis_tdata[19]"/>
        <net name="edt_zcu106_i/ad9670_axi4_1/U0/ctrl/xpm_fifo_axis_inst/m_axis_tdata[18]"/>
        <net name="edt_zcu106_i/ad9670_axi4_1/U0/ctrl/xpm_fifo_axis_inst/m_axis_tdata[17]"/>
        <net name="edt_zcu106_i/ad9670_axi4_1/U0/ctrl/xpm_fifo_axis_inst/m_axis_tdata[16]"/>
        <net name="edt_zcu106_i/ad9670_axi4_1/U0/ctrl/xpm_fifo_axis_inst/m_axis_tdata[15]"/>
        <net name="edt_zcu106_i/ad9670_axi4_1/U0/ctrl/xpm_fifo_axis_inst/m_axis_tdata[14]"/>
        <net name="edt_zcu106_i/ad9670_axi4_1/U0/ctrl/xpm_fifo_axis_inst/m_axis_tdata[13]"/>
        <net name="edt_zcu106_i/ad9670_axi4_1/U0/ctrl/xpm_fifo_axis_inst/m_axis_tdata[12]"/>
        <net name="edt_zcu106_i/ad9670_axi4_1/U0/ctrl/xpm_fifo_axis_inst/m_axis_tdata[11]"/>
        <net name="edt_zcu106_i/ad9670_axi4_1/U0/ctrl/xpm_fifo_axis_inst/m_axis_tdata[10]"/>
        <net name="edt_zcu106_i/ad9670_axi4_1/U0/ctrl/xpm_fifo_axis_inst/m_axis_tdata[9]"/>
        <net name="edt_zcu106_i/ad9670_axi4_1/U0/ctrl/xpm_fifo_axis_inst/m_axis_tdata[8]"/>
        <net name="edt_zcu106_i/ad9670_axi4_1/U0/ctrl/xpm_fifo_axis_inst/m_axis_tdata[7]"/>
        <net name="edt_zcu106_i/ad9670_axi4_1/U0/ctrl/xpm_fifo_axis_inst/m_axis_tdata[6]"/>
        <net name="edt_zcu106_i/ad9670_axi4_1/U0/ctrl/xpm_fifo_axis_inst/m_axis_tdata[5]"/>
        <net name="edt_zcu106_i/ad9670_axi4_1/U0/ctrl/xpm_fifo_axis_inst/m_axis_tdata[4]"/>
        <net name="edt_zcu106_i/ad9670_axi4_1/U0/ctrl/xpm_fifo_axis_inst/m_axis_tdata[3]"/>
        <net name="edt_zcu106_i/ad9670_axi4_1/U0/ctrl/xpm_fifo_axis_inst/m_axis_tdata[2]"/>
        <net name="edt_zcu106_i/ad9670_axi4_1/U0/ctrl/xpm_fifo_axis_inst/m_axis_tdata[1]"/>
        <net name="edt_zcu106_i/ad9670_axi4_1/U0/ctrl/xpm_fifo_axis_inst/m_axis_tdata[0]"/>
      </nets>
    </probe>
    <probe type="ila" busType="net" source="netlist" spec="ILA_V2_RT">
      <probeOptions Id="DebugProbeParams">
        <Option Id="CAPTURE_COMPARE_VALUE" value="eq14&apos;hXXXX"/>
        <Option Id="COMPARE_VALUE.0" value="eq14&apos;hXXXX"/>
        <Option Id="DISPLAY_AS_ENUM" value="1"/>
        <Option Id="DISPLAY_HINT" value=""/>
        <Option Id="DISPLAY_RADIX" value="HEX"/>
        <Option Id="DISPLAY_VISIBILITY" value=""/>
        <Option Id="HW_ILA" value="hw_ila_1"/>
        <Option Id="LINK_TO_WAVEFORM" value="1"/>
        <Option Id="MAP" value="probe2[97:84]"/>
        <Option Id="NAME.CUSTOM" value=""/>
        <Option Id="NAME.SELECT" value="Long"/>
        <Option Id="SOURCE" value="netlist"/>
        <Option Id="TRIGGER_COMPARE_VALUE" value="eq14&apos;hXXXX"/>
        <Option Id="WAVEFORM_STYLE" value="Digital"/>
      </probeOptions>
      <nets>
        <net name="edt_zcu106_i/ad9670_axi4_1/U0/ctrl/xpm_fifo_axis_inst/s_axis_tdata[125]"/>
        <net name="edt_zcu106_i/ad9670_axi4_1/U0/ctrl/xpm_fifo_axis_inst/s_axis_tdata[124]"/>
        <net name="edt_zcu106_i/ad9670_axi4_1/U0/ctrl/xpm_fifo_axis_inst/s_axis_tdata[123]"/>
        <net name="edt_zcu106_i/ad9670_axi4_1/U0/ctrl/xpm_fifo_axis_inst/s_axis_tdata[122]"/>
        <net name="edt_zcu106_i/ad9670_axi4_1/U0/ctrl/xpm_fifo_axis_inst/s_axis_tdata[121]"/>
        <net name="edt_zcu106_i/ad9670_axi4_1/U0/ctrl/xpm_fifo_axis_inst/s_axis_tdata[120]"/>
        <net name="edt_zcu106_i/ad9670_axi4_1/U0/ctrl/xpm_fifo_axis_inst/s_axis_tdata[119]"/>
        <net name="edt_zcu106_i/ad9670_axi4_1/U0/ctrl/xpm_fifo_axis_inst/s_axis_tdata[118]"/>
        <net name="edt_zcu106_i/ad9670_axi4_1/U0/ctrl/xpm_fifo_axis_inst/s_axis_tdata[117]"/>
        <net name="edt_zcu106_i/ad9670_axi4_1/U0/ctrl/xpm_fifo_axis_inst/s_axis_tdata[116]"/>
        <net name="edt_zcu106_i/ad9670_axi4_1/U0/ctrl/xpm_fifo_axis_inst/s_axis_tdata[115]"/>
        <net name="edt_zcu106_i/ad9670_axi4_1/U0/ctrl/xpm_fifo_axis_inst/s_axis_tdata[114]"/>
        <net name="edt_zcu106_i/ad9670_axi4_1/U0/ctrl/xpm_fifo_axis_inst/s_axis_tdata[113]"/>
        <net name="edt_zcu106_i/ad9670_axi4_1/U0/ctrl/xpm_fifo_axis_inst/s_axis_tdata[112]"/>
      </nets>
    </probe>
    <probe type="ila" busType="bus" source="netlist" spec="ILA_V2_RT">
      <probeOptions Id="DebugProbeParams">
        <Option Id="CAPTURE_COMPARE_VALUE" value="eq128&apos;hXXXX_XXXX_XXXX_XXXX_XXXX_XXXX_XXXX_XXXX"/>
        <Option Id="COMPARE_VALUE.0" value="eq128&apos;hXXXX_XXXX_XXXX_XXXX_XXXX_XXXX_XXXX_XXXX"/>
        <Option Id="DISPLAY_AS_ENUM" value="1"/>
        <Option Id="DISPLAY_HINT" value=""/>
        <Option Id="DISPLAY_RADIX" value="HEX"/>
        <Option Id="DISPLAY_VISIBILITY" value=""/>
        <Option Id="HW_ILA" value="hw_ila_2"/>
        <Option Id="LINK_TO_WAVEFORM" value="1"/>
        <Option Id="MAP" value="probe2[127:0]"/>
        <Option Id="NAME.CUSTOM" value=""/>
        <Option Id="NAME.SELECT" value="Long"/>
        <Option Id="SOURCE" value="netlist"/>
        <Option Id="TRIGGER_COMPARE_VALUE" value="eq128&apos;hXXXX_XXXX_XXXX_XXXX_XXXX_XXXX_XXXX_XXXX"/>
        <Option Id="WAVEFORM_STYLE" value="Digital"/>
      </probeOptions>
      <nets>
        <net name="edt_zcu106_i/ad9670_axi4_1/U0/ctrl/xpm_fifo_axis_inst/s_axis_tdata[127]"/>
        <net name="edt_zcu106_i/ad9670_axi4_1/U0/ctrl/xpm_fifo_axis_inst/s_axis_tdata[126]"/>
        <net name="edt_zcu106_i/ad9670_axi4_1/U0/ctrl/xpm_fifo_axis_inst/s_axis_tdata[125]"/>
        <net name="edt_zcu106_i/ad9670_axi4_1/U0/ctrl/xpm_fifo_axis_inst/s_axis_tdata[124]"/>
        <net name="edt_zcu106_i/ad9670_axi4_1/U0/ctrl/xpm_fifo_axis_inst/s_axis_tdata[123]"/>
        <net name="edt_zcu106_i/ad9670_axi4_1/U0/ctrl/xpm_fifo_axis_inst/s_axis_tdata[122]"/>
        <net name="edt_zcu106_i/ad9670_axi4_1/U0/ctrl/xpm_fifo_axis_inst/s_axis_tdata[121]"/>
        <net name="edt_zcu106_i/ad9670_axi4_1/U0/ctrl/xpm_fifo_axis_inst/s_axis_tdata[120]"/>
        <net name="edt_zcu106_i/ad9670_axi4_1/U0/ctrl/xpm_fifo_axis_inst/s_axis_tdata[119]"/>
        <net name="edt_zcu106_i/ad9670_axi4_1/U0/ctrl/xpm_fifo_axis_inst/s_axis_tdata[118]"/>
        <net name="edt_zcu106_i/ad9670_axi4_1/U0/ctrl/xpm_fifo_axis_inst/s_axis_tdata[117]"/>
        <net name="edt_zcu106_i/ad9670_axi4_1/U0/ctrl/xpm_fifo_axis_inst/s_axis_tdata[116]"/>
        <net name="edt_zcu106_i/ad9670_axi4_1/U0/ctrl/xpm_fifo_axis_inst/s_axis_tdata[115]"/>
        <net name="edt_zcu106_i/ad9670_axi4_1/U0/ctrl/xpm_fifo_axis_inst/s_axis_tdata[114]"/>
        <net name="edt_zcu106_i/ad9670_axi4_1/U0/ctrl/xpm_fifo_axis_inst/s_axis_tdata[113]"/>
        <net name="edt_zcu106_i/ad9670_axi4_1/U0/ctrl/xpm_fifo_axis_inst/s_axis_tdata[112]"/>
        <net name="edt_zcu106_i/ad9670_axi4_1/U0/ctrl/xpm_fifo_axis_inst/s_axis_tdata[111]"/>
        <net name="edt_zcu106_i/ad9670_axi4_1/U0/ctrl/xpm_fifo_axis_inst/s_axis_tdata[110]"/>
        <net name="edt_zcu106_i/ad9670_axi4_1/U0/ctrl/xpm_fifo_axis_inst/s_axis_tdata[109]"/>
        <net name="edt_zcu106_i/ad9670_axi4_1/U0/ctrl/xpm_fifo_axis_inst/s_axis_tdata[108]"/>
        <net name="edt_zcu106_i/ad9670_axi4_1/U0/ctrl/xpm_fifo_axis_inst/s_axis_tdata[107]"/>
        <net name="edt_zcu106_i/ad9670_axi4_1/U0/ctrl/xpm_fifo_axis_inst/s_axis_tdata[106]"/>
        <net name="edt_zcu106_i/ad9670_axi4_1/U0/ctrl/xpm_fifo_axis_inst/s_axis_tdata[105]"/>
        <net name="edt_zcu106_i/ad9670_axi4_1/U0/ctrl/xpm_fifo_axis_inst/s_axis_tdata[104]"/>
        <net name="edt_zcu106_i/ad9670_axi4_1/U0/ctrl/xpm_fifo_axis_inst/s_axis_tdata[103]"/>
        <net name="edt_zcu106_i/ad9670_axi4_1/U0/ctrl/xpm_fifo_axis_inst/s_axis_tdata[102]"/>
        <net name="edt_zcu106_i/ad9670_axi4_1/U0/ctrl/xpm_fifo_axis_inst/s_axis_tdata[101]"/>
        <net name="edt_zcu106_i/ad9670_axi4_1/U0/ctrl/xpm_fifo_axis_inst/s_axis_tdata[100]"/>
        <net name="edt_zcu106_i/ad9670_axi4_1/U0/ctrl/xpm_fifo_axis_inst/s_axis_tdata[99]"/>
        <net name="edt_zcu106_i/ad9670_axi4_1/U0/ctrl/xpm_fifo_axis_inst/s_axis_tdata[98]"/>
        <net name="edt_zcu106_i/ad9670_axi4_1/U0/ctrl/xpm_fifo_axis_inst/s_axis_tdata[97]"/>
        <net name="edt_zcu106_i/ad9670_axi4_1/U0/ctrl/xpm_fifo_axis_inst/s_axis_tdata[96]"/>
        <net name="edt_zcu106_i/ad9670_axi4_1/U0/ctrl/xpm_fifo_axis_inst/s_axis_tdata[95]"/>
        <net name="edt_zcu106_i/ad9670_axi4_1/U0/ctrl/xpm_fifo_axis_inst/s_axis_tdata[94]"/>
        <net name="edt_zcu106_i/ad9670_axi4_1/U0/ctrl/xpm_fifo_axis_inst/s_axis_tdata[93]"/>
        <net name="edt_zcu106_i/ad9670_axi4_1/U0/ctrl/xpm_fifo_axis_inst/s_axis_tdata[92]"/>
        <net name="edt_zcu106_i/ad9670_axi4_1/U0/ctrl/xpm_fifo_axis_inst/s_axis_tdata[91]"/>
        <net name="edt_zcu106_i/ad9670_axi4_1/U0/ctrl/xpm_fifo_axis_inst/s_axis_tdata[90]"/>
        <net name="edt_zcu106_i/ad9670_axi4_1/U0/ctrl/xpm_fifo_axis_inst/s_axis_tdata[89]"/>
        <net name="edt_zcu106_i/ad9670_axi4_1/U0/ctrl/xpm_fifo_axis_inst/s_axis_tdata[88]"/>
        <net name="edt_zcu106_i/ad9670_axi4_1/U0/ctrl/xpm_fifo_axis_inst/s_axis_tdata[87]"/>
        <net name="edt_zcu106_i/ad9670_axi4_1/U0/ctrl/xpm_fifo_axis_inst/s_axis_tdata[86]"/>
        <net name="edt_zcu106_i/ad9670_axi4_1/U0/ctrl/xpm_fifo_axis_inst/s_axis_tdata[85]"/>
        <net name="edt_zcu106_i/ad9670_axi4_1/U0/ctrl/xpm_fifo_axis_inst/s_axis_tdata[84]"/>
        <net name="edt_zcu106_i/ad9670_axi4_1/U0/ctrl/xpm_fifo_axis_inst/s_axis_tdata[83]"/>
        <net name="edt_zcu106_i/ad9670_axi4_1/U0/ctrl/xpm_fifo_axis_inst/s_axis_tdata[82]"/>
        <net name="edt_zcu106_i/ad9670_axi4_1/U0/ctrl/xpm_fifo_axis_inst/s_axis_tdata[81]"/>
        <net name="edt_zcu106_i/ad9670_axi4_1/U0/ctrl/xpm_fifo_axis_inst/s_axis_tdata[80]"/>
        <net name="edt_zcu106_i/ad9670_axi4_1/U0/ctrl/xpm_fifo_axis_inst/s_axis_tdata[79]"/>
        <net name="edt_zcu106_i/ad9670_axi4_1/U0/ctrl/xpm_fifo_axis_inst/s_axis_tdata[78]"/>
        <net name="edt_zcu106_i/ad9670_axi4_1/U0/ctrl/xpm_fifo_axis_inst/s_axis_tdata[77]"/>
        <net name="edt_zcu106_i/ad9670_axi4_1/U0/ctrl/xpm_fifo_axis_inst/s_axis_tdata[76]"/>
        <net name="edt_zcu106_i/ad9670_axi4_1/U0/ctrl/xpm_fifo_axis_inst/s_axis_tdata[75]"/>
        <net name="edt_zcu106_i/ad9670_axi4_1/U0/ctrl/xpm_fifo_axis_inst/s_axis_tdata[74]"/>
        <net name="edt_zcu106_i/ad9670_axi4_1/U0/ctrl/xpm_fifo_axis_inst/s_axis_tdata[73]"/>
        <net name="edt_zcu106_i/ad9670_axi4_1/U0/ctrl/xpm_fifo_axis_inst/s_axis_tdata[72]"/>
        <net name="edt_zcu106_i/ad9670_axi4_1/U0/ctrl/xpm_fifo_axis_inst/s_axis_tdata[71]"/>
        <net name="edt_zcu106_i/ad9670_axi4_1/U0/ctrl/xpm_fifo_axis_inst/s_axis_tdata[70]"/>
        <net name="edt_zcu106_i/ad9670_axi4_1/U0/ctrl/xpm_fifo_axis_inst/s_axis_tdata[69]"/>
        <net name="edt_zcu106_i/ad9670_axi4_1/U0/ctrl/xpm_fifo_axis_inst/s_axis_tdata[68]"/>
        <net name="edt_zcu106_i/ad9670_axi4_1/U0/ctrl/xpm_fifo_axis_inst/s_axis_tdata[67]"/>
        <net name="edt_zcu106_i/ad9670_axi4_1/U0/ctrl/xpm_fifo_axis_inst/s_axis_tdata[66]"/>
        <net name="edt_zcu106_i/ad9670_axi4_1/U0/ctrl/xpm_fifo_axis_inst/s_axis_tdata[65]"/>
        <net name="edt_zcu106_i/ad9670_axi4_1/U0/ctrl/xpm_fifo_axis_inst/s_axis_tdata[64]"/>
        <net name="edt_zcu106_i/ad9670_axi4_1/U0/ctrl/xpm_fifo_axis_inst/s_axis_tdata[63]"/>
        <net name="edt_zcu106_i/ad9670_axi4_1/U0/ctrl/xpm_fifo_axis_inst/s_axis_tdata[62]"/>
        <net name="edt_zcu106_i/ad9670_axi4_1/U0/ctrl/xpm_fifo_axis_inst/s_axis_tdata[61]"/>
        <net name="edt_zcu106_i/ad9670_axi4_1/U0/ctrl/xpm_fifo_axis_inst/s_axis_tdata[60]"/>
        <net name="edt_zcu106_i/ad9670_axi4_1/U0/ctrl/xpm_fifo_axis_inst/s_axis_tdata[59]"/>
        <net name="edt_zcu106_i/ad9670_axi4_1/U0/ctrl/xpm_fifo_axis_inst/s_axis_tdata[58]"/>
        <net name="edt_zcu106_i/ad9670_axi4_1/U0/ctrl/xpm_fifo_axis_inst/s_axis_tdata[57]"/>
        <net name="edt_zcu106_i/ad9670_axi4_1/U0/ctrl/xpm_fifo_axis_inst/s_axis_tdata[56]"/>
        <net name="edt_zcu106_i/ad9670_axi4_1/U0/ctrl/xpm_fifo_axis_inst/s_axis_tdata[55]"/>
        <net name="edt_zcu106_i/ad9670_axi4_1/U0/ctrl/xpm_fifo_axis_inst/s_axis_tdata[54]"/>
        <net name="edt_zcu106_i/ad9670_axi4_1/U0/ctrl/xpm_fifo_axis_inst/s_axis_tdata[53]"/>
        <net name="edt_zcu106_i/ad9670_axi4_1/U0/ctrl/xpm_fifo_axis_inst/s_axis_tdata[52]"/>
        <net name="edt_zcu106_i/ad9670_axi4_1/U0/ctrl/xpm_fifo_axis_inst/s_axis_tdata[51]"/>
        <net name="edt_zcu106_i/ad9670_axi4_1/U0/ctrl/xpm_fifo_axis_inst/s_axis_tdata[50]"/>
        <net name="edt_zcu106_i/ad9670_axi4_1/U0/ctrl/xpm_fifo_axis_inst/s_axis_tdata[49]"/>
        <net name="edt_zcu106_i/ad9670_axi4_1/U0/ctrl/xpm_fifo_axis_inst/s_axis_tdata[48]"/>
        <net name="edt_zcu106_i/ad9670_axi4_1/U0/ctrl/xpm_fifo_axis_inst/s_axis_tdata[47]"/>
        <net name="edt_zcu106_i/ad9670_axi4_1/U0/ctrl/xpm_fifo_axis_inst/s_axis_tdata[46]"/>
        <net name="edt_zcu106_i/ad9670_axi4_1/U0/ctrl/xpm_fifo_axis_inst/s_axis_tdata[45]"/>
        <net name="edt_zcu106_i/ad9670_axi4_1/U0/ctrl/xpm_fifo_axis_inst/s_axis_tdata[44]"/>
        <net name="edt_zcu106_i/ad9670_axi4_1/U0/ctrl/xpm_fifo_axis_inst/s_axis_tdata[43]"/>
        <net name="edt_zcu106_i/ad9670_axi4_1/U0/ctrl/xpm_fifo_axis_inst/s_axis_tdata[42]"/>
        <net name="edt_zcu106_i/ad9670_axi4_1/U0/ctrl/xpm_fifo_axis_inst/s_axis_tdata[41]"/>
        <net name="edt_zcu106_i/ad9670_axi4_1/U0/ctrl/xpm_fifo_axis_inst/s_axis_tdata[40]"/>
        <net name="edt_zcu106_i/ad9670_axi4_1/U0/ctrl/xpm_fifo_axis_inst/s_axis_tdata[39]"/>
        <net name="edt_zcu106_i/ad9670_axi4_1/U0/ctrl/xpm_fifo_axis_inst/s_axis_tdata[38]"/>
        <net name="edt_zcu106_i/ad9670_axi4_1/U0/ctrl/xpm_fifo_axis_inst/s_axis_tdata[37]"/>
        <net name="edt_zcu106_i/ad9670_axi4_1/U0/ctrl/xpm_fifo_axis_inst/s_axis_tdata[36]"/>
        <net name="edt_zcu106_i/ad9670_axi4_1/U0/ctrl/xpm_fifo_axis_inst/s_axis_tdata[35]"/>
        <net name="edt_zcu106_i/ad9670_axi4_1/U0/ctrl/xpm_fifo_axis_inst/s_axis_tdata[34]"/>
        <net name="edt_zcu106_i/ad9670_axi4_1/U0/ctrl/xpm_fifo_axis_inst/s_axis_tdata[33]"/>
        <net name="edt_zcu106_i/ad9670_axi4_1/U0/ctrl/xpm_fifo_axis_inst/s_axis_tdata[32]"/>
        <net name="edt_zcu106_i/ad9670_axi4_1/U0/ctrl/xpm_fifo_axis_inst/s_axis_tdata[31]"/>
        <net name="edt_zcu106_i/ad9670_axi4_1/U0/ctrl/xpm_fifo_axis_inst/s_axis_tdata[30]"/>
        <net name="edt_zcu106_i/ad9670_axi4_1/U0/ctrl/xpm_fifo_axis_inst/s_axis_tdata[29]"/>
        <net name="edt_zcu106_i/ad9670_axi4_1/U0/ctrl/xpm_fifo_axis_inst/s_axis_tdata[28]"/>
        <net name="edt_zcu106_i/ad9670_axi4_1/U0/ctrl/xpm_fifo_axis_inst/s_axis_tdata[27]"/>
        <net name="edt_zcu106_i/ad9670_axi4_1/U0/ctrl/xpm_fifo_axis_inst/s_axis_tdata[26]"/>
        <net name="edt_zcu106_i/ad9670_axi4_1/U0/ctrl/xpm_fifo_axis_inst/s_axis_tdata[25]"/>
        <net name="edt_zcu106_i/ad9670_axi4_1/U0/ctrl/xpm_fifo_axis_inst/s_axis_tdata[24]"/>
        <net name="edt_zcu106_i/ad9670_axi4_1/U0/ctrl/xpm_fifo_axis_inst/s_axis_tdata[23]"/>
        <net name="edt_zcu106_i/ad9670_axi4_1/U0/ctrl/xpm_fifo_axis_inst/s_axis_tdata[22]"/>
        <net name="edt_zcu106_i/ad9670_axi4_1/U0/ctrl/xpm_fifo_axis_inst/s_axis_tdata[21]"/>
        <net name="edt_zcu106_i/ad9670_axi4_1/U0/ctrl/xpm_fifo_axis_inst/s_axis_tdata[20]"/>
        <net name="edt_zcu106_i/ad9670_axi4_1/U0/ctrl/xpm_fifo_axis_inst/s_axis_tdata[19]"/>
        <net name="edt_zcu106_i/ad9670_axi4_1/U0/ctrl/xpm_fifo_axis_inst/s_axis_tdata[18]"/>
        <net name="edt_zcu106_i/ad9670_axi4_1/U0/ctrl/xpm_fifo_axis_inst/s_axis_tdata[17]"/>
        <net name="edt_zcu106_i/ad9670_axi4_1/U0/ctrl/xpm_fifo_axis_inst/s_axis_tdata[16]"/>
        <net name="edt_zcu106_i/ad9670_axi4_1/U0/ctrl/xpm_fifo_axis_inst/s_axis_tdata[15]"/>
        <net name="edt_zcu106_i/ad9670_axi4_1/U0/ctrl/xpm_fifo_axis_inst/s_axis_tdata[14]"/>
        <net name="edt_zcu106_i/ad9670_axi4_1/U0/ctrl/xpm_fifo_axis_inst/s_axis_tdata[13]"/>
        <net name="edt_zcu106_i/ad9670_axi4_1/U0/ctrl/xpm_fifo_axis_inst/s_axis_tdata[12]"/>
        <net name="edt_zcu106_i/ad9670_axi4_1/U0/ctrl/xpm_fifo_axis_inst/s_axis_tdata[11]"/>
        <net name="edt_zcu106_i/ad9670_axi4_1/U0/ctrl/xpm_fifo_axis_inst/s_axis_tdata[10]"/>
        <net name="edt_zcu106_i/ad9670_axi4_1/U0/ctrl/xpm_fifo_axis_inst/s_axis_tdata[9]"/>
        <net name="edt_zcu106_i/ad9670_axi4_1/U0/ctrl/xpm_fifo_axis_inst/s_axis_tdata[8]"/>
        <net name="edt_zcu106_i/ad9670_axi4_1/U0/ctrl/xpm_fifo_axis_inst/s_axis_tdata[7]"/>
        <net name="edt_zcu106_i/ad9670_axi4_1/U0/ctrl/xpm_fifo_axis_inst/s_axis_tdata[6]"/>
        <net name="edt_zcu106_i/ad9670_axi4_1/U0/ctrl/xpm_fifo_axis_inst/s_axis_tdata[5]"/>
        <net name="edt_zcu106_i/ad9670_axi4_1/U0/ctrl/xpm_fifo_axis_inst/s_axis_tdata[4]"/>
        <net name="edt_zcu106_i/ad9670_axi4_1/U0/ctrl/xpm_fifo_axis_inst/s_axis_tdata[3]"/>
        <net name="edt_zcu106_i/ad9670_axi4_1/U0/ctrl/xpm_fifo_axis_inst/s_axis_tdata[2]"/>
        <net name="edt_zcu106_i/ad9670_axi4_1/U0/ctrl/xpm_fifo_axis_inst/s_axis_tdata[1]"/>
        <net name="edt_zcu106_i/ad9670_axi4_1/U0/ctrl/xpm_fifo_axis_inst/s_axis_tdata[0]"/>
      </nets>
    </probe>
    <probe type="ila" busType="net" source="netlist" spec="ILA_V2_RT">
      <probeOptions Id="DebugProbeParams">
        <Option Id="CAPTURE_COMPARE_VALUE" value="eq14&apos;hXXXX"/>
        <Option Id="COMPARE_VALUE.0" value="eq14&apos;hXXXX"/>
        <Option Id="DISPLAY_AS_ENUM" value="1"/>
        <Option Id="DISPLAY_HINT" value=""/>
        <Option Id="DISPLAY_RADIX" value="HEX"/>
        <Option Id="DISPLAY_VISIBILITY" value=""/>
        <Option Id="HW_ILA" value="hw_ila_1"/>
        <Option Id="LINK_TO_WAVEFORM" value="1"/>
        <Option Id="MAP" value="probe2[17:4]"/>
        <Option Id="NAME.CUSTOM" value=""/>
        <Option Id="NAME.SELECT" value="Long"/>
        <Option Id="SOURCE" value="netlist"/>
        <Option Id="TRIGGER_COMPARE_VALUE" value="eq14&apos;hXXXX"/>
        <Option Id="WAVEFORM_STYLE" value="Digital"/>
      </probeOptions>
      <nets>
        <net name="edt_zcu106_i/ad9670_axi4_1/U0/ctrl/xpm_fifo_axis_inst/s_axis_tdata_1[45]"/>
        <net name="edt_zcu106_i/ad9670_axi4_1/U0/ctrl/xpm_fifo_axis_inst/s_axis_tdata_1[44]"/>
        <net name="edt_zcu106_i/ad9670_axi4_1/U0/ctrl/xpm_fifo_axis_inst/s_axis_tdata_1[43]"/>
        <net name="edt_zcu106_i/ad9670_axi4_1/U0/ctrl/xpm_fifo_axis_inst/s_axis_tdata_1[42]"/>
        <net name="edt_zcu106_i/ad9670_axi4_1/U0/ctrl/xpm_fifo_axis_inst/s_axis_tdata_1[41]"/>
        <net name="edt_zcu106_i/ad9670_axi4_1/U0/ctrl/xpm_fifo_axis_inst/s_axis_tdata_1[40]"/>
        <net name="edt_zcu106_i/ad9670_axi4_1/U0/ctrl/xpm_fifo_axis_inst/s_axis_tdata_1[39]"/>
        <net name="edt_zcu106_i/ad9670_axi4_1/U0/ctrl/xpm_fifo_axis_inst/s_axis_tdata_1[38]"/>
        <net name="edt_zcu106_i/ad9670_axi4_1/U0/ctrl/xpm_fifo_axis_inst/s_axis_tdata_1[37]"/>
        <net name="edt_zcu106_i/ad9670_axi4_1/U0/ctrl/xpm_fifo_axis_inst/s_axis_tdata_1[36]"/>
        <net name="edt_zcu106_i/ad9670_axi4_1/U0/ctrl/xpm_fifo_axis_inst/s_axis_tdata_1[35]"/>
        <net name="edt_zcu106_i/ad9670_axi4_1/U0/ctrl/xpm_fifo_axis_inst/s_axis_tdata_1[34]"/>
        <net name="edt_zcu106_i/ad9670_axi4_1/U0/ctrl/xpm_fifo_axis_inst/s_axis_tdata_1[33]"/>
        <net name="edt_zcu106_i/ad9670_axi4_1/U0/ctrl/xpm_fifo_axis_inst/s_axis_tdata_1[32]"/>
      </nets>
    </probe>
    <probe type="ila" busType="net" source="netlist" spec="ILA_V2_RT">
      <probeOptions Id="DebugProbeParams">
        <Option Id="CAPTURE_COMPARE_VALUE" value="eq14&apos;hXXXX"/>
        <Option Id="COMPARE_VALUE.0" value="eq14&apos;hXXXX"/>
        <Option Id="DISPLAY_AS_ENUM" value="1"/>
        <Option Id="DISPLAY_HINT" value=""/>
        <Option Id="DISPLAY_RADIX" value="HEX"/>
        <Option Id="DISPLAY_VISIBILITY" value=""/>
        <Option Id="HW_ILA" value="hw_ila_1"/>
        <Option Id="LINK_TO_WAVEFORM" value="1"/>
        <Option Id="MAP" value="probe2[33:20]"/>
        <Option Id="NAME.CUSTOM" value=""/>
        <Option Id="NAME.SELECT" value="Long"/>
        <Option Id="SOURCE" value="netlist"/>
        <Option Id="TRIGGER_COMPARE_VALUE" value="eq14&apos;hXXXX"/>
        <Option Id="WAVEFORM_STYLE" value="Digital"/>
      </probeOptions>
      <nets>
        <net name="edt_zcu106_i/ad9670_axi4_1/U0/ctrl/xpm_fifo_axis_inst/s_axis_tdata_2[61]"/>
        <net name="edt_zcu106_i/ad9670_axi4_1/U0/ctrl/xpm_fifo_axis_inst/s_axis_tdata_2[60]"/>
        <net name="edt_zcu106_i/ad9670_axi4_1/U0/ctrl/xpm_fifo_axis_inst/s_axis_tdata_2[59]"/>
        <net name="edt_zcu106_i/ad9670_axi4_1/U0/ctrl/xpm_fifo_axis_inst/s_axis_tdata_2[58]"/>
        <net name="edt_zcu106_i/ad9670_axi4_1/U0/ctrl/xpm_fifo_axis_inst/s_axis_tdata_2[57]"/>
        <net name="edt_zcu106_i/ad9670_axi4_1/U0/ctrl/xpm_fifo_axis_inst/s_axis_tdata_2[56]"/>
        <net name="edt_zcu106_i/ad9670_axi4_1/U0/ctrl/xpm_fifo_axis_inst/s_axis_tdata_2[55]"/>
        <net name="edt_zcu106_i/ad9670_axi4_1/U0/ctrl/xpm_fifo_axis_inst/s_axis_tdata_2[54]"/>
        <net name="edt_zcu106_i/ad9670_axi4_1/U0/ctrl/xpm_fifo_axis_inst/s_axis_tdata_2[53]"/>
        <net name="edt_zcu106_i/ad9670_axi4_1/U0/ctrl/xpm_fifo_axis_inst/s_axis_tdata_2[52]"/>
        <net name="edt_zcu106_i/ad9670_axi4_1/U0/ctrl/xpm_fifo_axis_inst/s_axis_tdata_2[51]"/>
        <net name="edt_zcu106_i/ad9670_axi4_1/U0/ctrl/xpm_fifo_axis_inst/s_axis_tdata_2[50]"/>
        <net name="edt_zcu106_i/ad9670_axi4_1/U0/ctrl/xpm_fifo_axis_inst/s_axis_tdata_2[49]"/>
        <net name="edt_zcu106_i/ad9670_axi4_1/U0/ctrl/xpm_fifo_axis_inst/s_axis_tdata_2[48]"/>
      </nets>
    </probe>
    <probe type="ila" busType="net" source="netlist" spec="ILA_V2_RT">
      <probeOptions Id="DebugProbeParams">
        <Option Id="CAPTURE_COMPARE_VALUE" value="eq14&apos;hXXXX"/>
        <Option Id="COMPARE_VALUE.0" value="eq14&apos;hXXXX"/>
        <Option Id="DISPLAY_AS_ENUM" value="1"/>
        <Option Id="DISPLAY_HINT" value=""/>
        <Option Id="DISPLAY_RADIX" value="HEX"/>
        <Option Id="DISPLAY_VISIBILITY" value=""/>
        <Option Id="HW_ILA" value="hw_ila_1"/>
        <Option Id="LINK_TO_WAVEFORM" value="1"/>
        <Option Id="MAP" value="probe2[49:36]"/>
        <Option Id="NAME.CUSTOM" value=""/>
        <Option Id="NAME.SELECT" value="Long"/>
        <Option Id="SOURCE" value="netlist"/>
        <Option Id="TRIGGER_COMPARE_VALUE" value="eq14&apos;hXXXX"/>
        <Option Id="WAVEFORM_STYLE" value="Digital"/>
      </probeOptions>
      <nets>
        <net name="edt_zcu106_i/ad9670_axi4_1/U0/ctrl/xpm_fifo_axis_inst/s_axis_tdata_3[77]"/>
        <net name="edt_zcu106_i/ad9670_axi4_1/U0/ctrl/xpm_fifo_axis_inst/s_axis_tdata_3[76]"/>
        <net name="edt_zcu106_i/ad9670_axi4_1/U0/ctrl/xpm_fifo_axis_inst/s_axis_tdata_3[75]"/>
        <net name="edt_zcu106_i/ad9670_axi4_1/U0/ctrl/xpm_fifo_axis_inst/s_axis_tdata_3[74]"/>
        <net name="edt_zcu106_i/ad9670_axi4_1/U0/ctrl/xpm_fifo_axis_inst/s_axis_tdata_3[73]"/>
        <net name="edt_zcu106_i/ad9670_axi4_1/U0/ctrl/xpm_fifo_axis_inst/s_axis_tdata_3[72]"/>
        <net name="edt_zcu106_i/ad9670_axi4_1/U0/ctrl/xpm_fifo_axis_inst/s_axis_tdata_3[71]"/>
        <net name="edt_zcu106_i/ad9670_axi4_1/U0/ctrl/xpm_fifo_axis_inst/s_axis_tdata_3[70]"/>
        <net name="edt_zcu106_i/ad9670_axi4_1/U0/ctrl/xpm_fifo_axis_inst/s_axis_tdata_3[69]"/>
        <net name="edt_zcu106_i/ad9670_axi4_1/U0/ctrl/xpm_fifo_axis_inst/s_axis_tdata_3[68]"/>
        <net name="edt_zcu106_i/ad9670_axi4_1/U0/ctrl/xpm_fifo_axis_inst/s_axis_tdata_3[67]"/>
        <net name="edt_zcu106_i/ad9670_axi4_1/U0/ctrl/xpm_fifo_axis_inst/s_axis_tdata_3[66]"/>
        <net name="edt_zcu106_i/ad9670_axi4_1/U0/ctrl/xpm_fifo_axis_inst/s_axis_tdata_3[65]"/>
        <net name="edt_zcu106_i/ad9670_axi4_1/U0/ctrl/xpm_fifo_axis_inst/s_axis_tdata_3[64]"/>
      </nets>
    </probe>
    <probe type="ila" busType="net" source="netlist" spec="ILA_V2_RT">
      <probeOptions Id="DebugProbeParams">
        <Option Id="CAPTURE_COMPARE_VALUE" value="eq14&apos;hXXXX"/>
        <Option Id="COMPARE_VALUE.0" value="eq14&apos;hXXXX"/>
        <Option Id="DISPLAY_AS_ENUM" value="1"/>
        <Option Id="DISPLAY_HINT" value=""/>
        <Option Id="DISPLAY_RADIX" value="HEX"/>
        <Option Id="DISPLAY_VISIBILITY" value=""/>
        <Option Id="HW_ILA" value="hw_ila_1"/>
        <Option Id="LINK_TO_WAVEFORM" value="1"/>
        <Option Id="MAP" value="probe2[65:52]"/>
        <Option Id="NAME.CUSTOM" value=""/>
        <Option Id="NAME.SELECT" value="Long"/>
        <Option Id="SOURCE" value="netlist"/>
        <Option Id="TRIGGER_COMPARE_VALUE" value="eq14&apos;hXXXX"/>
        <Option Id="WAVEFORM_STYLE" value="Digital"/>
      </probeOptions>
      <nets>
        <net name="edt_zcu106_i/ad9670_axi4_1/U0/ctrl/xpm_fifo_axis_inst/s_axis_tdata_4[93]"/>
        <net name="edt_zcu106_i/ad9670_axi4_1/U0/ctrl/xpm_fifo_axis_inst/s_axis_tdata_4[92]"/>
        <net name="edt_zcu106_i/ad9670_axi4_1/U0/ctrl/xpm_fifo_axis_inst/s_axis_tdata_4[91]"/>
        <net name="edt_zcu106_i/ad9670_axi4_1/U0/ctrl/xpm_fifo_axis_inst/s_axis_tdata_4[90]"/>
        <net name="edt_zcu106_i/ad9670_axi4_1/U0/ctrl/xpm_fifo_axis_inst/s_axis_tdata_4[89]"/>
        <net name="edt_zcu106_i/ad9670_axi4_1/U0/ctrl/xpm_fifo_axis_inst/s_axis_tdata_4[88]"/>
        <net name="edt_zcu106_i/ad9670_axi4_1/U0/ctrl/xpm_fifo_axis_inst/s_axis_tdata_4[87]"/>
        <net name="edt_zcu106_i/ad9670_axi4_1/U0/ctrl/xpm_fifo_axis_inst/s_axis_tdata_4[86]"/>
        <net name="edt_zcu106_i/ad9670_axi4_1/U0/ctrl/xpm_fifo_axis_inst/s_axis_tdata_4[85]"/>
        <net name="edt_zcu106_i/ad9670_axi4_1/U0/ctrl/xpm_fifo_axis_inst/s_axis_tdata_4[84]"/>
        <net name="edt_zcu106_i/ad9670_axi4_1/U0/ctrl/xpm_fifo_axis_inst/s_axis_tdata_4[83]"/>
        <net name="edt_zcu106_i/ad9670_axi4_1/U0/ctrl/xpm_fifo_axis_inst/s_axis_tdata_4[82]"/>
        <net name="edt_zcu106_i/ad9670_axi4_1/U0/ctrl/xpm_fifo_axis_inst/s_axis_tdata_4[81]"/>
        <net name="edt_zcu106_i/ad9670_axi4_1/U0/ctrl/xpm_fifo_axis_inst/s_axis_tdata_4[80]"/>
      </nets>
    </probe>
    <probe type="ila" busType="net" source="netlist" spec="ILA_V2_RT">
      <probeOptions Id="DebugProbeParams">
        <Option Id="CAPTURE_COMPARE_VALUE" value="eq14&apos;hXXXX"/>
        <Option Id="COMPARE_VALUE.0" value="eq14&apos;hXXXX"/>
        <Option Id="DISPLAY_AS_ENUM" value="1"/>
        <Option Id="DISPLAY_HINT" value=""/>
        <Option Id="DISPLAY_RADIX" value="HEX"/>
        <Option Id="DISPLAY_VISIBILITY" value=""/>
        <Option Id="HW_ILA" value="hw_ila_1"/>
        <Option Id="LINK_TO_WAVEFORM" value="1"/>
        <Option Id="MAP" value="probe2[81:68]"/>
        <Option Id="NAME.CUSTOM" value=""/>
        <Option Id="NAME.SELECT" value="Long"/>
        <Option Id="SOURCE" value="netlist"/>
        <Option Id="TRIGGER_COMPARE_VALUE" value="eq14&apos;hXXXX"/>
        <Option Id="WAVEFORM_STYLE" value="Digital"/>
      </probeOptions>
      <nets>
        <net name="edt_zcu106_i/ad9670_axi4_1/U0/ctrl/xpm_fifo_axis_inst/s_axis_tdata_5[109]"/>
        <net name="edt_zcu106_i/ad9670_axi4_1/U0/ctrl/xpm_fifo_axis_inst/s_axis_tdata_5[108]"/>
        <net name="edt_zcu106_i/ad9670_axi4_1/U0/ctrl/xpm_fifo_axis_inst/s_axis_tdata_5[107]"/>
        <net name="edt_zcu106_i/ad9670_axi4_1/U0/ctrl/xpm_fifo_axis_inst/s_axis_tdata_5[106]"/>
        <net name="edt_zcu106_i/ad9670_axi4_1/U0/ctrl/xpm_fifo_axis_inst/s_axis_tdata_5[105]"/>
        <net name="edt_zcu106_i/ad9670_axi4_1/U0/ctrl/xpm_fifo_axis_inst/s_axis_tdata_5[104]"/>
        <net name="edt_zcu106_i/ad9670_axi4_1/U0/ctrl/xpm_fifo_axis_inst/s_axis_tdata_5[103]"/>
        <net name="edt_zcu106_i/ad9670_axi4_1/U0/ctrl/xpm_fifo_axis_inst/s_axis_tdata_5[102]"/>
        <net name="edt_zcu106_i/ad9670_axi4_1/U0/ctrl/xpm_fifo_axis_inst/s_axis_tdata_5[101]"/>
        <net name="edt_zcu106_i/ad9670_axi4_1/U0/ctrl/xpm_fifo_axis_inst/s_axis_tdata_5[100]"/>
        <net name="edt_zcu106_i/ad9670_axi4_1/U0/ctrl/xpm_fifo_axis_inst/s_axis_tdata_5[99]"/>
        <net name="edt_zcu106_i/ad9670_axi4_1/U0/ctrl/xpm_fifo_axis_inst/s_axis_tdata_5[98]"/>
        <net name="edt_zcu106_i/ad9670_axi4_1/U0/ctrl/xpm_fifo_axis_inst/s_axis_tdata_5[97]"/>
        <net name="edt_zcu106_i/ad9670_axi4_1/U0/ctrl/xpm_fifo_axis_inst/s_axis_tdata_5[96]"/>
      </nets>
    </probe>
    <probe type="ila" busType="net" source="netlist" spec="ILA_V2_RT">
      <probeOptions Id="DebugProbeParams">
        <Option Id="CAPTURE_COMPARE_VALUE" value="eq1&apos;bX"/>
        <Option Id="COMPARE_VALUE.0" value="eq1&apos;bX"/>
        <Option Id="DISPLAY_AS_ENUM" value="1"/>
        <Option Id="DISPLAY_HINT" value=""/>
        <Option Id="DISPLAY_RADIX" value="HEX"/>
        <Option Id="DISPLAY_VISIBILITY" value=""/>
        <Option Id="HW_ILA" value="hw_ila_2"/>
        <Option Id="LINK_TO_WAVEFORM" value="1"/>
        <Option Id="MAP" value="probe6[0]"/>
        <Option Id="NAME.CUSTOM" value=""/>
        <Option Id="NAME.SELECT" value="Long"/>
        <Option Id="SOURCE" value="netlist"/>
        <Option Id="TRIGGER_COMPARE_VALUE" value="eq1&apos;bX"/>
        <Option Id="WAVEFORM_STYLE" value="Digital"/>
      </probeOptions>
      <nets>
        <net name="edt_zcu106_i/ad9670_axi4_1/U0/ctrl/xpm_fifo_axis_inst/s_axis_tvalid"/>
      </nets>
    </probe>
    <probe type="ila" busType="net" source="netlist" spec="ILA_V2_RT">
      <probeOptions Id="DebugProbeParams">
        <Option Id="CAPTURE_COMPARE_VALUE" value="eq1&apos;bX"/>
        <Option Id="COMPARE_VALUE.0" value="eq1&apos;bX"/>
        <Option Id="DISPLAY_AS_ENUM" value="1"/>
        <Option Id="DISPLAY_HINT" value=""/>
        <Option Id="DISPLAY_RADIX" value="HEX"/>
        <Option Id="DISPLAY_VISIBILITY" value=""/>
        <Option Id="HW_ILA" value="hw_ila_1"/>
        <Option Id="LINK_TO_WAVEFORM" value="1"/>
        <Option Id="MAP" value="probe2[0]"/>
        <Option Id="NAME.CUSTOM" value=""/>
        <Option Id="NAME.SELECT" value="Long"/>
        <Option Id="SOURCE" value="netlist"/>
        <Option Id="TRIGGER_COMPARE_VALUE" value="eq1&apos;bX"/>
        <Option Id="WAVEFORM_STYLE" value="Digital"/>
      </probeOptions>
      <nets>
        <net name="edt_zcu106_i/ad9670_axi4_1_m_axis_TREADY"/>
      </nets>
    </probe>
    <probe type="ila" busType="net" source="netlist" spec="ILA_V2_RT">
      <probeOptions Id="DebugProbeParams">
        <Option Id="CAPTURE_COMPARE_VALUE" value="eq1&apos;bX"/>
        <Option Id="COMPARE_VALUE.0" value="eq1&apos;bX"/>
        <Option Id="DISPLAY_AS_ENUM" value="1"/>
        <Option Id="DISPLAY_HINT" value=""/>
        <Option Id="DISPLAY_RADIX" value="HEX"/>
        <Option Id="DISPLAY_VISIBILITY" value=""/>
        <Option Id="HW_ILA" value="hw_ila_1"/>
        <Option Id="LINK_TO_WAVEFORM" value="1"/>
        <Option Id="MAP" value="probe3[0]"/>
        <Option Id="NAME.CUSTOM" value=""/>
        <Option Id="NAME.SELECT" value="Long"/>
        <Option Id="SOURCE" value="netlist"/>
        <Option Id="TRIGGER_COMPARE_VALUE" value="eq1&apos;bX"/>
        <Option Id="WAVEFORM_STYLE" value="Digital"/>
      </probeOptions>
      <nets>
        <net name="edt_zcu106_i/ad9670_axi4_1_m_axis_TVALID"/>
      </nets>
    </probe>
    <probe type="ila" busType="bus" source="netlist" spec="ILA_V2_RT">
      <probeOptions Id="DebugProbeParams">
        <Option Id="CAPTURE_COMPARE_VALUE" value="eq1&apos;bX"/>
        <Option Id="COMPARE_VALUE.0" value="eq1&apos;bF"/>
        <Option Id="DISPLAY_AS_ENUM" value="1"/>
        <Option Id="DISPLAY_HINT" value=""/>
        <Option Id="DISPLAY_RADIX" value="HEX"/>
        <Option Id="DISPLAY_VISIBILITY" value=""/>
        <Option Id="HW_ILA" value="hw_ila_1"/>
        <Option Id="LINK_TO_WAVEFORM" value="1"/>
        <Option Id="MAP" value="probe0[0]"/>
        <Option Id="NAME.CUSTOM" value=""/>
        <Option Id="NAME.SELECT" value="Long"/>
        <Option Id="SOURCE" value="netlist"/>
        <Option Id="TRIGGER_COMPARE_VALUE" value="eq1&apos;bF"/>
        <Option Id="WAVEFORM_STYLE" value="Digital"/>
      </probeOptions>
      <nets>
        <net name="tx_trig_in_IBUF[0]"/>
      </nets>
    </probe>
    <probe type="ila" busType="net" source="netlist" spec="ILA_V2_RT">
      <probeOptions Id="DebugProbeParams">
        <Option Id="CAPTURE_COMPARE_VALUE" value="eq1&apos;bX"/>
        <Option Id="COMPARE_VALUE.0" value="eq1&apos;bX"/>
        <Option Id="DISPLAY_AS_ENUM" value="1"/>
        <Option Id="DISPLAY_HINT" value=""/>
        <Option Id="DISPLAY_RADIX" value="HEX"/>
        <Option Id="DISPLAY_VISIBILITY" value=""/>
        <Option Id="HW_ILA" value="hw_ila_1"/>
        <Option Id="LINK_TO_WAVEFORM" value="1"/>
        <Option Id="MAP" value="probe2[99]"/>
        <Option Id="NAME.CUSTOM" value=""/>
        <Option Id="NAME.SELECT" value="Long"/>
        <Option Id="SOURCE" value="netlist"/>
        <Option Id="TRIGGER_COMPARE_VALUE" value="eq1&apos;bX"/>
        <Option Id="WAVEFORM_STYLE" value="Digital"/>
      </probeOptions>
      <nets>
        <net name="u_ila_0_s_axis_tdata[14]"/>
      </nets>
    </probe>
    <probe type="ila" busType="net" source="netlist" spec="ILA_V2_RT">
      <probeOptions Id="DebugProbeParams">
        <Option Id="CAPTURE_COMPARE_VALUE" value="eq1&apos;bX"/>
        <Option Id="COMPARE_VALUE.0" value="eq1&apos;bX"/>
        <Option Id="DISPLAY_AS_ENUM" value="1"/>
        <Option Id="DISPLAY_HINT" value=""/>
        <Option Id="DISPLAY_RADIX" value="HEX"/>
        <Option Id="DISPLAY_VISIBILITY" value=""/>
        <Option Id="HW_ILA" value="hw_ila_1"/>
        <Option Id="LINK_TO_WAVEFORM" value="1"/>
        <Option Id="MAP" value="probe2[0]"/>
        <Option Id="NAME.CUSTOM" value=""/>
        <Option Id="NAME.SELECT" value="Long"/>
        <Option Id="SOURCE" value="netlist"/>
        <Option Id="TRIGGER_COMPARE_VALUE" value="eq1&apos;bX"/>
        <Option Id="WAVEFORM_STYLE" value="Digital"/>
      </probeOptions>
      <nets>
        <net name="u_ila_0_s_axis_tdata[14]_1"/>
      </nets>
    </probe>
    <probe type="ila" busType="net" source="netlist" spec="ILA_V2_RT">
      <probeOptions Id="DebugProbeParams">
        <Option Id="CAPTURE_COMPARE_VALUE" value="eq1&apos;bX"/>
        <Option Id="COMPARE_VALUE.0" value="eq1&apos;bX"/>
        <Option Id="DISPLAY_AS_ENUM" value="1"/>
        <Option Id="DISPLAY_HINT" value=""/>
        <Option Id="DISPLAY_RADIX" value="HEX"/>
        <Option Id="DISPLAY_VISIBILITY" value=""/>
        <Option Id="HW_ILA" value="hw_ila_1"/>
        <Option Id="LINK_TO_WAVEFORM" value="1"/>
        <Option Id="MAP" value="probe2[51]"/>
        <Option Id="NAME.CUSTOM" value=""/>
        <Option Id="NAME.SELECT" value="Long"/>
        <Option Id="SOURCE" value="netlist"/>
        <Option Id="TRIGGER_COMPARE_VALUE" value="eq1&apos;bX"/>
        <Option Id="WAVEFORM_STYLE" value="Digital"/>
      </probeOptions>
      <nets>
        <net name="u_ila_0_s_axis_tdata[14]_10"/>
      </nets>
    </probe>
    <probe type="ila" busType="net" source="netlist" spec="ILA_V2_RT">
      <probeOptions Id="DebugProbeParams">
        <Option Id="CAPTURE_COMPARE_VALUE" value="eq1&apos;bX"/>
        <Option Id="COMPARE_VALUE.0" value="eq1&apos;bX"/>
        <Option Id="DISPLAY_AS_ENUM" value="1"/>
        <Option Id="DISPLAY_HINT" value=""/>
        <Option Id="DISPLAY_RADIX" value="HEX"/>
        <Option Id="DISPLAY_VISIBILITY" value=""/>
        <Option Id="HW_ILA" value="hw_ila_1"/>
        <Option Id="LINK_TO_WAVEFORM" value="1"/>
        <Option Id="MAP" value="probe2[66]"/>
        <Option Id="NAME.CUSTOM" value=""/>
        <Option Id="NAME.SELECT" value="Long"/>
        <Option Id="SOURCE" value="netlist"/>
        <Option Id="TRIGGER_COMPARE_VALUE" value="eq1&apos;bX"/>
        <Option Id="WAVEFORM_STYLE" value="Digital"/>
      </probeOptions>
      <nets>
        <net name="u_ila_0_s_axis_tdata[14]_11"/>
      </nets>
    </probe>
    <probe type="ila" busType="net" source="netlist" spec="ILA_V2_RT">
      <probeOptions Id="DebugProbeParams">
        <Option Id="CAPTURE_COMPARE_VALUE" value="eq1&apos;bX"/>
        <Option Id="COMPARE_VALUE.0" value="eq1&apos;bX"/>
        <Option Id="DISPLAY_AS_ENUM" value="1"/>
        <Option Id="DISPLAY_HINT" value=""/>
        <Option Id="DISPLAY_RADIX" value="HEX"/>
        <Option Id="DISPLAY_VISIBILITY" value=""/>
        <Option Id="HW_ILA" value="hw_ila_1"/>
        <Option Id="LINK_TO_WAVEFORM" value="1"/>
        <Option Id="MAP" value="probe2[67]"/>
        <Option Id="NAME.CUSTOM" value=""/>
        <Option Id="NAME.SELECT" value="Long"/>
        <Option Id="SOURCE" value="netlist"/>
        <Option Id="TRIGGER_COMPARE_VALUE" value="eq1&apos;bX"/>
        <Option Id="WAVEFORM_STYLE" value="Digital"/>
      </probeOptions>
      <nets>
        <net name="u_ila_0_s_axis_tdata[14]_12"/>
      </nets>
    </probe>
    <probe type="ila" busType="net" source="netlist" spec="ILA_V2_RT">
      <probeOptions Id="DebugProbeParams">
        <Option Id="CAPTURE_COMPARE_VALUE" value="eq1&apos;bX"/>
        <Option Id="COMPARE_VALUE.0" value="eq1&apos;bX"/>
        <Option Id="DISPLAY_AS_ENUM" value="1"/>
        <Option Id="DISPLAY_HINT" value=""/>
        <Option Id="DISPLAY_RADIX" value="HEX"/>
        <Option Id="DISPLAY_VISIBILITY" value=""/>
        <Option Id="HW_ILA" value="hw_ila_1"/>
        <Option Id="LINK_TO_WAVEFORM" value="1"/>
        <Option Id="MAP" value="probe2[82]"/>
        <Option Id="NAME.CUSTOM" value=""/>
        <Option Id="NAME.SELECT" value="Long"/>
        <Option Id="SOURCE" value="netlist"/>
        <Option Id="TRIGGER_COMPARE_VALUE" value="eq1&apos;bX"/>
        <Option Id="WAVEFORM_STYLE" value="Digital"/>
      </probeOptions>
      <nets>
        <net name="u_ila_0_s_axis_tdata[14]_13"/>
      </nets>
    </probe>
    <probe type="ila" busType="net" source="netlist" spec="ILA_V2_RT">
      <probeOptions Id="DebugProbeParams">
        <Option Id="CAPTURE_COMPARE_VALUE" value="eq1&apos;bX"/>
        <Option Id="COMPARE_VALUE.0" value="eq1&apos;bX"/>
        <Option Id="DISPLAY_AS_ENUM" value="1"/>
        <Option Id="DISPLAY_HINT" value=""/>
        <Option Id="DISPLAY_RADIX" value="HEX"/>
        <Option Id="DISPLAY_VISIBILITY" value=""/>
        <Option Id="HW_ILA" value="hw_ila_1"/>
        <Option Id="LINK_TO_WAVEFORM" value="1"/>
        <Option Id="MAP" value="probe2[83]"/>
        <Option Id="NAME.CUSTOM" value=""/>
        <Option Id="NAME.SELECT" value="Long"/>
        <Option Id="SOURCE" value="netlist"/>
        <Option Id="TRIGGER_COMPARE_VALUE" value="eq1&apos;bX"/>
        <Option Id="WAVEFORM_STYLE" value="Digital"/>
      </probeOptions>
      <nets>
        <net name="u_ila_0_s_axis_tdata[14]_14"/>
      </nets>
    </probe>
    <probe type="ila" busType="net" source="netlist" spec="ILA_V2_RT">
      <probeOptions Id="DebugProbeParams">
        <Option Id="CAPTURE_COMPARE_VALUE" value="eq1&apos;bX"/>
        <Option Id="COMPARE_VALUE.0" value="eq1&apos;bX"/>
        <Option Id="DISPLAY_AS_ENUM" value="1"/>
        <Option Id="DISPLAY_HINT" value=""/>
        <Option Id="DISPLAY_RADIX" value="HEX"/>
        <Option Id="DISPLAY_VISIBILITY" value=""/>
        <Option Id="HW_ILA" value="hw_ila_1"/>
        <Option Id="LINK_TO_WAVEFORM" value="1"/>
        <Option Id="MAP" value="probe2[98]"/>
        <Option Id="NAME.CUSTOM" value=""/>
        <Option Id="NAME.SELECT" value="Long"/>
        <Option Id="SOURCE" value="netlist"/>
        <Option Id="TRIGGER_COMPARE_VALUE" value="eq1&apos;bX"/>
        <Option Id="WAVEFORM_STYLE" value="Digital"/>
      </probeOptions>
      <nets>
        <net name="u_ila_0_s_axis_tdata[14]_15"/>
      </nets>
    </probe>
    <probe type="ila" busType="net" source="netlist" spec="ILA_V2_RT">
      <probeOptions Id="DebugProbeParams">
        <Option Id="CAPTURE_COMPARE_VALUE" value="eq1&apos;bX"/>
        <Option Id="COMPARE_VALUE.0" value="eq1&apos;bX"/>
        <Option Id="DISPLAY_AS_ENUM" value="1"/>
        <Option Id="DISPLAY_HINT" value=""/>
        <Option Id="DISPLAY_RADIX" value="HEX"/>
        <Option Id="DISPLAY_VISIBILITY" value=""/>
        <Option Id="HW_ILA" value="hw_ila_1"/>
        <Option Id="LINK_TO_WAVEFORM" value="1"/>
        <Option Id="MAP" value="probe2[1]"/>
        <Option Id="NAME.CUSTOM" value=""/>
        <Option Id="NAME.SELECT" value="Long"/>
        <Option Id="SOURCE" value="netlist"/>
        <Option Id="TRIGGER_COMPARE_VALUE" value="eq1&apos;bX"/>
        <Option Id="WAVEFORM_STYLE" value="Digital"/>
      </probeOptions>
      <nets>
        <net name="u_ila_0_s_axis_tdata[14]_2"/>
      </nets>
    </probe>
    <probe type="ila" busType="net" source="netlist" spec="ILA_V2_RT">
      <probeOptions Id="DebugProbeParams">
        <Option Id="CAPTURE_COMPARE_VALUE" value="eq1&apos;bX"/>
        <Option Id="COMPARE_VALUE.0" value="eq1&apos;bX"/>
        <Option Id="DISPLAY_AS_ENUM" value="1"/>
        <Option Id="DISPLAY_HINT" value=""/>
        <Option Id="DISPLAY_RADIX" value="HEX"/>
        <Option Id="DISPLAY_VISIBILITY" value=""/>
        <Option Id="HW_ILA" value="hw_ila_1"/>
        <Option Id="LINK_TO_WAVEFORM" value="1"/>
        <Option Id="MAP" value="probe2[2]"/>
        <Option Id="NAME.CUSTOM" value=""/>
        <Option Id="NAME.SELECT" value="Long"/>
        <Option Id="SOURCE" value="netlist"/>
        <Option Id="TRIGGER_COMPARE_VALUE" value="eq1&apos;bX"/>
        <Option Id="WAVEFORM_STYLE" value="Digital"/>
      </probeOptions>
      <nets>
        <net name="u_ila_0_s_axis_tdata[14]_3"/>
      </nets>
    </probe>
    <probe type="ila" busType="net" source="netlist" spec="ILA_V2_RT">
      <probeOptions Id="DebugProbeParams">
        <Option Id="CAPTURE_COMPARE_VALUE" value="eq1&apos;bX"/>
        <Option Id="COMPARE_VALUE.0" value="eq1&apos;bX"/>
        <Option Id="DISPLAY_AS_ENUM" value="1"/>
        <Option Id="DISPLAY_HINT" value=""/>
        <Option Id="DISPLAY_RADIX" value="HEX"/>
        <Option Id="DISPLAY_VISIBILITY" value=""/>
        <Option Id="HW_ILA" value="hw_ila_1"/>
        <Option Id="LINK_TO_WAVEFORM" value="1"/>
        <Option Id="MAP" value="probe2[3]"/>
        <Option Id="NAME.CUSTOM" value=""/>
        <Option Id="NAME.SELECT" value="Long"/>
        <Option Id="SOURCE" value="netlist"/>
        <Option Id="TRIGGER_COMPARE_VALUE" value="eq1&apos;bX"/>
        <Option Id="WAVEFORM_STYLE" value="Digital"/>
      </probeOptions>
      <nets>
        <net name="u_ila_0_s_axis_tdata[14]_4"/>
      </nets>
    </probe>
    <probe type="ila" busType="net" source="netlist" spec="ILA_V2_RT">
      <probeOptions Id="DebugProbeParams">
        <Option Id="CAPTURE_COMPARE_VALUE" value="eq1&apos;bX"/>
        <Option Id="COMPARE_VALUE.0" value="eq1&apos;bX"/>
        <Option Id="DISPLAY_AS_ENUM" value="1"/>
        <Option Id="DISPLAY_HINT" value=""/>
        <Option Id="DISPLAY_RADIX" value="HEX"/>
        <Option Id="DISPLAY_VISIBILITY" value=""/>
        <Option Id="HW_ILA" value="hw_ila_1"/>
        <Option Id="LINK_TO_WAVEFORM" value="1"/>
        <Option Id="MAP" value="probe2[18]"/>
        <Option Id="NAME.CUSTOM" value=""/>
        <Option Id="NAME.SELECT" value="Long"/>
        <Option Id="SOURCE" value="netlist"/>
        <Option Id="TRIGGER_COMPARE_VALUE" value="eq1&apos;bX"/>
        <Option Id="WAVEFORM_STYLE" value="Digital"/>
      </probeOptions>
      <nets>
        <net name="u_ila_0_s_axis_tdata[14]_5"/>
      </nets>
    </probe>
    <probe type="ila" busType="net" source="netlist" spec="ILA_V2_RT">
      <probeOptions Id="DebugProbeParams">
        <Option Id="CAPTURE_COMPARE_VALUE" value="eq1&apos;bX"/>
        <Option Id="COMPARE_VALUE.0" value="eq1&apos;bX"/>
        <Option Id="DISPLAY_AS_ENUM" value="1"/>
        <Option Id="DISPLAY_HINT" value=""/>
        <Option Id="DISPLAY_RADIX" value="HEX"/>
        <Option Id="DISPLAY_VISIBILITY" value=""/>
        <Option Id="HW_ILA" value="hw_ila_1"/>
        <Option Id="LINK_TO_WAVEFORM" value="1"/>
        <Option Id="MAP" value="probe2[19]"/>
        <Option Id="NAME.CUSTOM" value=""/>
        <Option Id="NAME.SELECT" value="Long"/>
        <Option Id="SOURCE" value="netlist"/>
        <Option Id="TRIGGER_COMPARE_VALUE" value="eq1&apos;bX"/>
        <Option Id="WAVEFORM_STYLE" value="Digital"/>
      </probeOptions>
      <nets>
        <net name="u_ila_0_s_axis_tdata[14]_6"/>
      </nets>
    </probe>
    <probe type="ila" busType="net" source="netlist" spec="ILA_V2_RT">
      <probeOptions Id="DebugProbeParams">
        <Option Id="CAPTURE_COMPARE_VALUE" value="eq1&apos;bX"/>
        <Option Id="COMPARE_VALUE.0" value="eq1&apos;bX"/>
        <Option Id="DISPLAY_AS_ENUM" value="1"/>
        <Option Id="DISPLAY_HINT" value=""/>
        <Option Id="DISPLAY_RADIX" value="HEX"/>
        <Option Id="DISPLAY_VISIBILITY" value=""/>
        <Option Id="HW_ILA" value="hw_ila_1"/>
        <Option Id="LINK_TO_WAVEFORM" value="1"/>
        <Option Id="MAP" value="probe2[34]"/>
        <Option Id="NAME.CUSTOM" value=""/>
        <Option Id="NAME.SELECT" value="Long"/>
        <Option Id="SOURCE" value="netlist"/>
        <Option Id="TRIGGER_COMPARE_VALUE" value="eq1&apos;bX"/>
        <Option Id="WAVEFORM_STYLE" value="Digital"/>
      </probeOptions>
      <nets>
        <net name="u_ila_0_s_axis_tdata[14]_7"/>
      </nets>
    </probe>
    <probe type="ila" busType="net" source="netlist" spec="ILA_V2_RT">
      <probeOptions Id="DebugProbeParams">
        <Option Id="CAPTURE_COMPARE_VALUE" value="eq1&apos;bX"/>
        <Option Id="COMPARE_VALUE.0" value="eq1&apos;bX"/>
        <Option Id="DISPLAY_AS_ENUM" value="1"/>
        <Option Id="DISPLAY_HINT" value=""/>
        <Option Id="DISPLAY_RADIX" value="HEX"/>
        <Option Id="DISPLAY_VISIBILITY" value=""/>
        <Option Id="HW_ILA" value="hw_ila_1"/>
        <Option Id="LINK_TO_WAVEFORM" value="1"/>
        <Option Id="MAP" value="probe2[35]"/>
        <Option Id="NAME.CUSTOM" value=""/>
        <Option Id="NAME.SELECT" value="Long"/>
        <Option Id="SOURCE" value="netlist"/>
        <Option Id="TRIGGER_COMPARE_VALUE" value="eq1&apos;bX"/>
        <Option Id="WAVEFORM_STYLE" value="Digital"/>
      </probeOptions>
      <nets>
        <net name="u_ila_0_s_axis_tdata[14]_8"/>
      </nets>
    </probe>
    <probe type="ila" busType="net" source="netlist" spec="ILA_V2_RT">
      <probeOptions Id="DebugProbeParams">
        <Option Id="CAPTURE_COMPARE_VALUE" value="eq1&apos;bX"/>
        <Option Id="COMPARE_VALUE.0" value="eq1&apos;bX"/>
        <Option Id="DISPLAY_AS_ENUM" value="1"/>
        <Option Id="DISPLAY_HINT" value=""/>
        <Option Id="DISPLAY_RADIX" value="HEX"/>
        <Option Id="DISPLAY_VISIBILITY" value=""/>
        <Option Id="HW_ILA" value="hw_ila_1"/>
        <Option Id="LINK_TO_WAVEFORM" value="1"/>
        <Option Id="MAP" value="probe2[50]"/>
        <Option Id="NAME.CUSTOM" value=""/>
        <Option Id="NAME.SELECT" value="Long"/>
        <Option Id="SOURCE" value="netlist"/>
        <Option Id="TRIGGER_COMPARE_VALUE" value="eq1&apos;bX"/>
        <Option Id="WAVEFORM_STYLE" value="Digital"/>
      </probeOptions>
      <nets>
        <net name="u_ila_0_s_axis_tdata[14]_9"/>
      </nets>
    </probe>
    <probe type="ila" busType="net" source="netlist" spec="ILA_V2_RT">
      <probeOptions Id="DebugProbeParams">
        <Option Id="CAPTURE_COMPARE_VALUE" value="eq1&apos;bX"/>
        <Option Id="COMPARE_VALUE.0" value="eq1&apos;bF"/>
        <Option Id="DISPLAY_AS_ENUM" value="1"/>
        <Option Id="DISPLAY_HINT" value=""/>
        <Option Id="DISPLAY_RADIX" value="HEX"/>
        <Option Id="DISPLAY_VISIBILITY" value=""/>
        <Option Id="HW_ILA" value="hw_ila_2"/>
        <Option Id="LINK_TO_WAVEFORM" value="1"/>
        <Option Id="MAP" value="probe1[0]"/>
        <Option Id="NAME.CUSTOM" value=""/>
        <Option Id="NAME.SELECT" value="Long"/>
        <Option Id="SOURCE" value="netlist"/>
        <Option Id="TRIGGER_COMPARE_VALUE" value="eq1&apos;bF"/>
        <Option Id="WAVEFORM_STYLE" value="Digital"/>
      </probeOptions>
      <nets>
        <net name="u_ila_0_s_dco"/>
      </nets>
    </probe>
  </probeset>
</hwsession>
