[
    {
        "type": "message",
        "text": "<@U8Z3VB1T2>;)",
        "files": [
            {
                "id": "F0208MCGEAW",
                "created": 1619589374,
                "timestamp": 1619589374,
                "name": "image.png",
                "title": "image.png",
                "mimetype": "image\/png",
                "filetype": "png",
                "pretty_type": "PNG",
                "user": "U5M5PLH9S",
                "editable": false,
                "size": 86262,
                "mode": "hosted",
                "is_external": false,
                "external_type": "",
                "is_public": true,
                "public_url_shared": false,
                "display_as_bot": false,
                "username": "",
                "url_private": "https:\/\/files.slack.com\/files-pri\/T5M5PLH8U-F0208MCGEAW\/image.png?t=xoxe-191193697300-2381439834979-2387440767812-d973f70d679d3caabfeb15fb25f95fa2",
                "url_private_download": "https:\/\/files.slack.com\/files-pri\/T5M5PLH8U-F0208MCGEAW\/download\/image.png?t=xoxe-191193697300-2381439834979-2387440767812-d973f70d679d3caabfeb15fb25f95fa2",
                "media_display_type": "unknown",
                "thumb_64": "https:\/\/files.slack.com\/files-tmb\/T5M5PLH8U-F0208MCGEAW-c4de28041b\/image_64.png?t=xoxe-191193697300-2381439834979-2387440767812-d973f70d679d3caabfeb15fb25f95fa2",
                "thumb_80": "https:\/\/files.slack.com\/files-tmb\/T5M5PLH8U-F0208MCGEAW-c4de28041b\/image_80.png?t=xoxe-191193697300-2381439834979-2387440767812-d973f70d679d3caabfeb15fb25f95fa2",
                "thumb_360": "https:\/\/files.slack.com\/files-tmb\/T5M5PLH8U-F0208MCGEAW-c4de28041b\/image_360.png?t=xoxe-191193697300-2381439834979-2387440767812-d973f70d679d3caabfeb15fb25f95fa2",
                "thumb_360_w": 360,
                "thumb_360_h": 158,
                "thumb_480": "https:\/\/files.slack.com\/files-tmb\/T5M5PLH8U-F0208MCGEAW-c4de28041b\/image_480.png?t=xoxe-191193697300-2381439834979-2387440767812-d973f70d679d3caabfeb15fb25f95fa2",
                "thumb_480_w": 480,
                "thumb_480_h": 211,
                "thumb_160": "https:\/\/files.slack.com\/files-tmb\/T5M5PLH8U-F0208MCGEAW-c4de28041b\/image_160.png?t=xoxe-191193697300-2381439834979-2387440767812-d973f70d679d3caabfeb15fb25f95fa2",
                "thumb_720": "https:\/\/files.slack.com\/files-tmb\/T5M5PLH8U-F0208MCGEAW-c4de28041b\/image_720.png?t=xoxe-191193697300-2381439834979-2387440767812-d973f70d679d3caabfeb15fb25f95fa2",
                "thumb_720_w": 720,
                "thumb_720_h": 316,
                "thumb_800": "https:\/\/files.slack.com\/files-tmb\/T5M5PLH8U-F0208MCGEAW-c4de28041b\/image_800.png?t=xoxe-191193697300-2381439834979-2387440767812-d973f70d679d3caabfeb15fb25f95fa2",
                "thumb_800_w": 800,
                "thumb_800_h": 351,
                "original_w": 871,
                "original_h": 382,
                "thumb_tiny": "AwAVADDRAU9v0oOM8\/yoAwe9DDnvQAAjoP5Uufr+VM2+xpQoI5BoAdn6\/lQEAJIHXk0m1fenUAN4B70jZz1NB60P1FADcn1NGTnqfzoPSjuaADJz1P51KOlRelSjoKAP\/9k=",
                "permalink": "https:\/\/usdevkit.slack.com\/files\/U5M5PLH9S\/F0208MCGEAW\/image.png",
                "permalink_public": "https:\/\/slack-files.com\/T5M5PLH8U-F0208MCGEAW-9a85cf5816",
                "is_starred": false,
                "has_rich_preview": false
            }
        ],
        "upload": false,
        "blocks": [
            {
                "type": "rich_text",
                "block_id": "cSDHx",
                "elements": [
                    {
                        "type": "rich_text_section",
                        "elements": [
                            {
                                "type": "user",
                                "user_id": "U8Z3VB1T2"
                            },
                            {
                                "type": "text",
                                "text": ";)"
                            }
                        ]
                    }
                ]
            }
        ],
        "user": "U5M5PLH9S",
        "display_as_bot": false,
        "ts": "1619589376.000300",
        "thread_ts": "1619589376.000300",
        "reply_count": 1,
        "reply_users_count": 1,
        "latest_reply": "1619589407.000700",
        "reply_users": [
            "U8Z3VB1T2"
        ],
        "replies": [
            {
                "user": "U8Z3VB1T2",
                "ts": "1619589407.000700"
            }
        ],
        "is_locked": false,
        "subscribed": true,
        "last_read": "1619589407.000700"
    },
    {
        "client_msg_id": "3b18c1f5-a83b-4261-b638-eeadaf8f78c7",
        "type": "message",
        "text": "oh cool hahaha... not a real publication though XD",
        "user": "U8Z3VB1T2",
        "ts": "1619589407.000700",
        "team": "T5M5PLH8U",
        "user_team": "T5M5PLH8U",
        "source_team": "T5M5PLH8U",
        "user_profile": {
            "avatar_hash": "g49ad52d7df8",
            "image_72": "https:\/\/secure.gravatar.com\/avatar\/449ad52d7df89ecbe8ebe0fd87d3f63f.jpg?s=72&d=https%3A%2F%2Fa.slack-edge.com%2Fdf10d%2Fimg%2Favatars%2Fava_0026-72.png",
            "first_name": "",
            "real_name": "William Meng",
            "display_name": "",
            "team": "T5M5PLH8U",
            "name": "wlmeng11",
            "is_restricted": false,
            "is_ultra_restricted": false
        },
        "blocks": [
            {
                "type": "rich_text",
                "block_id": "NEO",
                "elements": [
                    {
                        "type": "rich_text_section",
                        "elements": [
                            {
                                "type": "text",
                                "text": "oh cool hahaha... not a real publication though XD"
                            }
                        ]
                    }
                ]
            }
        ],
        "thread_ts": "1619589376.000300",
        "parent_user_id": "U5M5PLH9S"
    }
]