[
    {
        "client_msg_id": "be0b639e-d94e-45d6-a040-ffa5a5d9c657",
        "type": "message",
        "text": "Actually it’s Keystone 5019",
        "user": "U8Z3VB1T2",
        "ts": "1537108579.000100",
        "team": "T5M5PLH8U",
        "user_team": "T5M5PLH8U",
        "source_team": "T5M5PLH8U",
        "user_profile": {
            "avatar_hash": "g49ad52d7df8",
            "image_72": "https:\/\/secure.gravatar.com\/avatar\/449ad52d7df89ecbe8ebe0fd87d3f63f.jpg?s=72&d=https%3A%2F%2Fa.slack-edge.com%2Fdf10d%2Fimg%2Favatars%2Fava_0026-72.png",
            "first_name": "",
            "real_name": "William Meng",
            "display_name": "",
            "team": "T5M5PLH8U",
            "name": "wlmeng11",
            "is_restricted": false,
            "is_ultra_restricted": false
        },
        "thread_ts": "1536816252.000100",
        "parent_user_id": "U5M5PLH9S"
    },
    {
        "client_msg_id": "9493b6fb-a733-470d-9812-f7f9e832ea7f",
        "type": "message",
        "text": "hehe thanks",
        "user": "U5M5PLH9S",
        "ts": "1537120338.000100",
        "team": "T5M5PLH8U",
        "user_team": "T5M5PLH8U",
        "source_team": "T5M5PLH8U",
        "user_profile": {
            "avatar_hash": "e4fb6ae9f526",
            "image_72": "https:\/\/avatars.slack-edge.com\/2017-06-01\/191144530514_e4fb6ae9f526531fd41c_72.jpg",
            "first_name": "",
            "real_name": "kelu",
            "display_name": "",
            "team": "T5M5PLH8U",
            "name": "kelu",
            "is_restricted": false,
            "is_ultra_restricted": false
        },
        "thread_ts": "1536816252.000100",
        "parent_user_id": "U5M5PLH9S"
    },
    {
        "client_msg_id": "23a074d6-6cec-41a6-a227-2dda1e104c57",
        "type": "message",
        "text": "Oo William, do you have a measure of how much current a pulse draw?",
        "user": "U5M5PLH9S",
        "ts": "1537120371.000100",
        "team": "T5M5PLH8U",
        "user_team": "T5M5PLH8U",
        "source_team": "T5M5PLH8U",
        "user_profile": {
            "avatar_hash": "e4fb6ae9f526",
            "image_72": "https:\/\/avatars.slack-edge.com\/2017-06-01\/191144530514_e4fb6ae9f526531fd41c_72.jpg",
            "first_name": "",
            "real_name": "kelu",
            "display_name": "",
            "team": "T5M5PLH8U",
            "name": "kelu",
            "is_restricted": false,
            "is_ultra_restricted": false
        },
        "thread_ts": "1536816252.000100",
        "parent_user_id": "U5M5PLH9S"
    }
]