[
    {
        "client_msg_id": "891ac985-61ff-413f-9170-ccd9b0677971",
        "type": "message",
        "text": "Rtl sdr ? ;)",
        "user": "U5M5PLH9S",
        "ts": "1535460477.000200",
        "team": "T5M5PLH8U",
        "user_team": "T5M5PLH8U",
        "source_team": "T5M5PLH8U",
        "user_profile": {
            "avatar_hash": "e4fb6ae9f526",
            "image_72": "https:\/\/avatars.slack-edge.com\/2017-06-01\/191144530514_e4fb6ae9f526531fd41c_72.jpg",
            "first_name": "",
            "real_name": "kelu",
            "display_name": "",
            "team": "T5M5PLH8U",
            "name": "kelu",
            "is_restricted": false,
            "is_ultra_restricted": false
        }
    },
    {
        "client_msg_id": "070a5318-f1cf-4823-ab44-2ced4785670d",
        "type": "message",
        "text": "Oo is a rtl-sdr your adc?",
        "user": "U5M5PLH9S",
        "ts": "1535460510.000200",
        "team": "T5M5PLH8U",
        "user_team": "T5M5PLH8U",
        "source_team": "T5M5PLH8U",
        "user_profile": {
            "avatar_hash": "e4fb6ae9f526",
            "image_72": "https:\/\/avatars.slack-edge.com\/2017-06-01\/191144530514_e4fb6ae9f526531fd41c_72.jpg",
            "first_name": "",
            "real_name": "kelu",
            "display_name": "",
            "team": "T5M5PLH8U",
            "name": "kelu",
            "is_restricted": false,
            "is_ultra_restricted": false
        },
        "thread_ts": "1535460510.000200",
        "reply_count": 2,
        "reply_users_count": 2,
        "latest_reply": "1535526081.000100",
        "reply_users": [
            "U8Z3VB1T2",
            "U5M5PLH9S"
        ],
        "replies": [
            {
                "user": "U8Z3VB1T2",
                "ts": "1535514696.000100"
            },
            {
                "user": "U5M5PLH9S",
                "ts": "1535526081.000100"
            }
        ],
        "subscribed": true,
        "last_read": "1535526081.000100"
    },
    {
        "client_msg_id": "ca3ac1b0-c321-4415-8845-ba077c810970",
        "type": "message",
        "text": "BTW, did you find that the damper system as discussed worked? I guess so, from the image you got :smiley:",
        "user": "U5M5PLH9S",
        "ts": "1535484670.000100",
        "team": "T5M5PLH8U",
        "user_team": "T5M5PLH8U",
        "source_team": "T5M5PLH8U",
        "user_profile": {
            "avatar_hash": "e4fb6ae9f526",
            "image_72": "https:\/\/avatars.slack-edge.com\/2017-06-01\/191144530514_e4fb6ae9f526531fd41c_72.jpg",
            "first_name": "",
            "real_name": "kelu",
            "display_name": "",
            "team": "T5M5PLH8U",
            "name": "kelu",
            "is_restricted": false,
            "is_ultra_restricted": false
        },
        "thread_ts": "1534495049.000100",
        "parent_user_id": "U5M5PLH9S"
    },
    {
        "client_msg_id": "e5f86037-23de-4d8e-b2fc-ce061869fa82",
        "type": "message",
        "text": "It wasn’t working as well as I wanted it to, so I went back to the bleeder resistor for now.",
        "user": "U8Z3VB1T2",
        "ts": "1535514663.000100",
        "team": "T5M5PLH8U",
        "user_team": "T5M5PLH8U",
        "source_team": "T5M5PLH8U",
        "user_profile": {
            "avatar_hash": "g49ad52d7df8",
            "image_72": "https:\/\/secure.gravatar.com\/avatar\/449ad52d7df89ecbe8ebe0fd87d3f63f.jpg?s=72&d=https%3A%2F%2Fa.slack-edge.com%2Fdf10d%2Fimg%2Favatars%2Fava_0026-72.png",
            "first_name": "",
            "real_name": "William Meng",
            "display_name": "",
            "team": "T5M5PLH8U",
            "name": "wlmeng11",
            "is_restricted": false,
            "is_ultra_restricted": false
        },
        "thread_ts": "1534495049.000100",
        "parent_user_id": "U5M5PLH9S"
    },
    {
        "client_msg_id": "bcec7721-edde-4a75-b3cd-2cebbbbe59fa",
        "type": "message",
        "text": "Yes, you guessed right!",
        "user": "U8Z3VB1T2",
        "ts": "1535514696.000100",
        "team": "T5M5PLH8U",
        "user_team": "T5M5PLH8U",
        "source_team": "T5M5PLH8U",
        "user_profile": {
            "avatar_hash": "g49ad52d7df8",
            "image_72": "https:\/\/secure.gravatar.com\/avatar\/449ad52d7df89ecbe8ebe0fd87d3f63f.jpg?s=72&d=https%3A%2F%2Fa.slack-edge.com%2Fdf10d%2Fimg%2Favatars%2Fava_0026-72.png",
            "first_name": "",
            "real_name": "William Meng",
            "display_name": "",
            "team": "T5M5PLH8U",
            "name": "wlmeng11",
            "is_restricted": false,
            "is_ultra_restricted": false
        },
        "thread_ts": "1535460510.000200",
        "parent_user_id": "U5M5PLH9S"
    },
    {
        "client_msg_id": "243f9f83-abb7-4265-91fb-9ad475fcd948",
        "type": "message",
        "text": "<!channel> I’m proud to announce the initial release of *rtl-ultrasound*, which is a python package I wrote to use the RTL-SDR as a data acquisition device for ultrasound imaging!\n\nCurrently, the software and its API should be considered unstable and subject to change, and there’s not much documentation and testing yet, but I figured it’s worth releasing so that other ultrasound developers may start to use it :slightly_smiling_face:\n\n<https:\/\/github.com\/wlmeng11\/rtl-ultrasound>",
        "user": "U8Z3VB1T2",
        "ts": "1535514801.000100",
        "team": "T5M5PLH8U",
        "user_team": "T5M5PLH8U",
        "source_team": "T5M5PLH8U",
        "user_profile": {
            "avatar_hash": "g49ad52d7df8",
            "image_72": "https:\/\/secure.gravatar.com\/avatar\/449ad52d7df89ecbe8ebe0fd87d3f63f.jpg?s=72&d=https%3A%2F%2Fa.slack-edge.com%2Fdf10d%2Fimg%2Favatars%2Fava_0026-72.png",
            "first_name": "",
            "real_name": "William Meng",
            "display_name": "",
            "team": "T5M5PLH8U",
            "name": "wlmeng11",
            "is_restricted": false,
            "is_ultra_restricted": false
        },
        "edited": {
            "user": "U8Z3VB1T2",
            "ts": "1535515231.000000"
        }
    }
]