[
    {
        "type": "message",
        "text": "Update: Finished soldering SimpleRick v1.1! Time for testing and code. Note: the Murata DC-DC boost converter was out-of-stock on Digikey, so I will be using a XL6009 boost converter module instead, connected to the header pins.",
        "files": [
            {
                "id": "FC988C3C0",
                "created": 1534444528,
                "timestamp": 1534444528,
                "name": "image.png",
                "title": "Pasted image at 2018-08-16, 11:35 AM",
                "mimetype": "image\/png",
                "filetype": "png",
                "pretty_type": "PNG",
                "user": "U8Z3VB1T2",
                "editable": false,
                "size": 4996362,
                "mode": "hosted",
                "is_external": false,
                "external_type": "",
                "is_public": true,
                "public_url_shared": false,
                "display_as_bot": false,
                "username": "",
                "url_private": "https:\/\/files.slack.com\/files-pri\/T5M5PLH8U-FC988C3C0\/image.png?t=xoxe-191193697300-1655641665238-1662624174259-9d4966033b52bec8bbd54ad611c52557",
                "url_private_download": "https:\/\/files.slack.com\/files-pri\/T5M5PLH8U-FC988C3C0\/download\/image.png?t=xoxe-191193697300-1655641665238-1662624174259-9d4966033b52bec8bbd54ad611c52557",
                "thumb_64": "https:\/\/files.slack.com\/files-tmb\/T5M5PLH8U-FC988C3C0-ac4f9686b3\/image_64.png?t=xoxe-191193697300-1655641665238-1662624174259-9d4966033b52bec8bbd54ad611c52557",
                "thumb_80": "https:\/\/files.slack.com\/files-tmb\/T5M5PLH8U-FC988C3C0-ac4f9686b3\/image_80.png?t=xoxe-191193697300-1655641665238-1662624174259-9d4966033b52bec8bbd54ad611c52557",
                "thumb_360": "https:\/\/files.slack.com\/files-tmb\/T5M5PLH8U-FC988C3C0-ac4f9686b3\/image_360.png?t=xoxe-191193697300-1655641665238-1662624174259-9d4966033b52bec8bbd54ad611c52557",
                "thumb_360_w": 270,
                "thumb_360_h": 360,
                "thumb_480": "https:\/\/files.slack.com\/files-tmb\/T5M5PLH8U-FC988C3C0-ac4f9686b3\/image_480.png?t=xoxe-191193697300-1655641665238-1662624174259-9d4966033b52bec8bbd54ad611c52557",
                "thumb_480_w": 360,
                "thumb_480_h": 480,
                "thumb_160": "https:\/\/files.slack.com\/files-tmb\/T5M5PLH8U-FC988C3C0-ac4f9686b3\/image_160.png?t=xoxe-191193697300-1655641665238-1662624174259-9d4966033b52bec8bbd54ad611c52557",
                "thumb_720": "https:\/\/files.slack.com\/files-tmb\/T5M5PLH8U-FC988C3C0-ac4f9686b3\/image_720.png?t=xoxe-191193697300-1655641665238-1662624174259-9d4966033b52bec8bbd54ad611c52557",
                "thumb_720_w": 540,
                "thumb_720_h": 720,
                "thumb_800": "https:\/\/files.slack.com\/files-tmb\/T5M5PLH8U-FC988C3C0-ac4f9686b3\/image_800.png?t=xoxe-191193697300-1655641665238-1662624174259-9d4966033b52bec8bbd54ad611c52557",
                "thumb_800_w": 800,
                "thumb_800_h": 1067,
                "thumb_960": "https:\/\/files.slack.com\/files-tmb\/T5M5PLH8U-FC988C3C0-ac4f9686b3\/image_960.png?t=xoxe-191193697300-1655641665238-1662624174259-9d4966033b52bec8bbd54ad611c52557",
                "thumb_960_w": 720,
                "thumb_960_h": 960,
                "thumb_1024": "https:\/\/files.slack.com\/files-tmb\/T5M5PLH8U-FC988C3C0-ac4f9686b3\/image_1024.png?t=xoxe-191193697300-1655641665238-1662624174259-9d4966033b52bec8bbd54ad611c52557",
                "thumb_1024_w": 768,
                "thumb_1024_h": 1024,
                "image_exif_rotation": 1,
                "original_w": 1440,
                "original_h": 1920,
                "permalink": "https:\/\/usdevkit.slack.com\/files\/U8Z3VB1T2\/FC988C3C0\/image.png",
                "permalink_public": "https:\/\/slack-files.com\/T5M5PLH8U-FC988C3C0-763e0a6fab",
                "is_starred": false,
                "has_rich_preview": false
            }
        ],
        "upload": true,
        "user": "U8Z3VB1T2",
        "display_as_bot": false,
        "ts": "1534444536.000100",
        "thread_ts": "1534444536.000100",
        "reply_count": 4,
        "reply_users_count": 2,
        "latest_reply": "1534495839.000100",
        "reply_users": [
            "U5M5PLH9S",
            "U8Z3VB1T2"
        ],
        "replies": [
            {
                "user": "U5M5PLH9S",
                "ts": "1534495274.000100"
            },
            {
                "user": "U5M5PLH9S",
                "ts": "1534495279.000100"
            },
            {
                "user": "U8Z3VB1T2",
                "ts": "1534495808.000100"
            },
            {
                "user": "U8Z3VB1T2",
                "ts": "1534495839.000100"
            }
        ],
        "subscribed": true,
        "last_read": "1534496798.000000"
    },
    {
        "client_msg_id": "02b94ae4-1386-45bd-a05e-8f108cbb5f69",
        "type": "message",
        "text": "Very nice!",
        "user": "U5M5PLH9S",
        "ts": "1534450209.000200",
        "team": "T5M5PLH8U",
        "user_team": "T5M5PLH8U",
        "source_team": "T5M5PLH8U",
        "user_profile": {
            "avatar_hash": "e4fb6ae9f526",
            "image_72": "https:\/\/avatars.slack-edge.com\/2017-06-01\/191144530514_e4fb6ae9f526531fd41c_72.jpg",
            "first_name": "",
            "real_name": "kelu",
            "display_name": "",
            "team": "T5M5PLH8U",
            "name": "kelu",
            "is_restricted": false,
            "is_ultra_restricted": false
        },
        "edited": {
            "user": "U5M5PLH9S",
            "ts": "1534450217.000000"
        }
    },
    {
        "client_msg_id": "417de86b-f641-47e3-8412-a844f50e43d9",
        "type": "message",
        "text": "High voltage has always been an issue for me, I'm curious to know what your results will be :yum:",
        "user": "U5M5PLH9S",
        "ts": "1534450302.000100",
        "team": "T5M5PLH8U",
        "user_team": "T5M5PLH8U",
        "source_team": "T5M5PLH8U",
        "user_profile": {
            "avatar_hash": "e4fb6ae9f526",
            "image_72": "https:\/\/avatars.slack-edge.com\/2017-06-01\/191144530514_e4fb6ae9f526531fd41c_72.jpg",
            "first_name": "",
            "real_name": "kelu",
            "display_name": "",
            "team": "T5M5PLH8U",
            "name": "kelu",
            "is_restricted": false,
            "is_ultra_restricted": false
        },
        "edited": {
            "user": "U5M5PLH9S",
            "ts": "1534450360.000000"
        }
    }
]