[
    {
        "type": "message",
        "subtype": "channel_join",
        "ts": "1534184218.000271",
        "user": "U8Z3VB1T2",
        "text": "<@U8Z3VB1T2> has joined the channel"
    },
    {
        "type": "message",
        "subtype": "channel_purpose",
        "ts": "1534184219.000055",
        "user": "U8Z3VB1T2",
        "text": "<@U8Z3VB1T2> set the channel purpose: Discussion for SimpleRick",
        "purpose": "Discussion for SimpleRick"
    },
    {
        "type": "message",
        "subtype": "channel_join",
        "ts": "1534184219.000146",
        "user": "U5M5PLH9S",
        "text": "<@U5M5PLH9S> has joined the channel",
        "inviter": "U8Z3VB1T2"
    },
    {
        "client_msg_id": "16feabf3-b8c9-44a7-987a-e2be02afea4c",
        "type": "message",
        "text": ":stuck_out_tongue_closed_eyes:",
        "user": "U5M5PLH9S",
        "ts": "1534184236.000037",
        "team": "T5M5PLH8U",
        "user_team": "T5M5PLH8U",
        "source_team": "T5M5PLH8U",
        "user_profile": {
            "avatar_hash": "e4fb6ae9f526",
            "image_72": "https:\/\/avatars.slack-edge.com\/2017-06-01\/191144530514_e4fb6ae9f526531fd41c_72.jpg",
            "first_name": "",
            "real_name": "kelu",
            "display_name": "",
            "team": "T5M5PLH8U",
            "name": "kelu",
            "is_restricted": false,
            "is_ultra_restricted": false
        }
    },
    {
        "client_msg_id": "9a2358ea-ca77-4f21-9304-6d5035e8fd45",
        "type": "message",
        "text": "SimpleRick github: <https:\/\/github.com\/wlmeng11\/SimpleRick\/>\nSimpleRick hackaday: <https:\/\/hackaday.io\/project\/160196-simplerick>\nSimpleRick upverter: <https:\/\/upverter.com\/wlmeng11\/a188e8df0fe636d4\/SimpleRick\/>",
        "user": "U8Z3VB1T2",
        "ts": "1534184377.000243",
        "team": "T5M5PLH8U",
        "user_team": "T5M5PLH8U",
        "source_team": "T5M5PLH8U",
        "user_profile": {
            "avatar_hash": "g49ad52d7df8",
            "image_72": "https:\/\/secure.gravatar.com\/avatar\/449ad52d7df89ecbe8ebe0fd87d3f63f.jpg?s=72&d=https%3A%2F%2Fa.slack-edge.com%2Fdf10d%2Fimg%2Favatars%2Fava_0026-72.png",
            "first_name": "",
            "real_name": "William Meng",
            "display_name": "",
            "team": "T5M5PLH8U",
            "name": "wlmeng11",
            "is_restricted": false,
            "is_ultra_restricted": false
        },
        "attachments": [
            {
                "title": "SimpleRick by wlmeng11 a188e8df0fe636d4 - Upverter",
                "title_link": "https:\/\/upverter.com\/wlmeng11\/a188e8df0fe636d4\/SimpleRick\/",
                "text": "SimpleRick by wlmeng11, Low-cost ultrasound imaging platform, adapted from un0rick by kelu124.",
                "fallback": "SimpleRick by wlmeng11 a188e8df0fe636d4 - Upverter",
                "image_url": "https:\/\/cdn.upverter.com\/static\/images\/common\/logo-only-b95a0505.png",
                "from_url": "https:\/\/upverter.com\/wlmeng11\/a188e8df0fe636d4\/SimpleRick\/",
                "image_width": 250,
                "image_height": 250,
                "image_bytes": 30723,
                "service_icon": "https:\/\/cdn.upverter.com\/static\/images\/touch-af271488.png",
                "service_name": "upverter.com",
                "id": 1,
                "original_url": "https:\/\/upverter.com\/wlmeng11\/a188e8df0fe636d4\/SimpleRick\/"
            }
        ],
        "reactions": [
            {
                "name": "star-struck",
                "users": [
                    "U5M5PLH9S"
                ],
                "count": 1
            }
        ]
    }
]