[
    {
        "client_msg_id": "6d5f5e65-3aae-47d9-94c6-0c2414ddbaaf",
        "type": "message",
        "text": "Hi <@U8Z3VB1T2>,  we were discussing lighter alternatives to #un0rick with <@UCKEJ93DZ>, he'll possibly have questions for you :)",
        "user": "U5M5PLH9S",
        "ts": "1535831819.000100",
        "team": "T5M5PLH8U",
        "user_team": "T5M5PLH8U",
        "source_team": "T5M5PLH8U",
        "user_profile": {
            "avatar_hash": "e4fb6ae9f526",
            "image_72": "https:\/\/avatars.slack-edge.com\/2017-06-01\/191144530514_e4fb6ae9f526531fd41c_72.jpg",
            "first_name": "",
            "real_name": "kelu",
            "display_name": "",
            "team": "T5M5PLH8U",
            "name": "kelu",
            "is_restricted": false,
            "is_ultra_restricted": false
        }
    },
    {
        "type": "message",
        "subtype": "channel_join",
        "ts": "1535831821.000200",
        "user": "UCKEJ93DZ",
        "text": "<@UCKEJ93DZ> has joined the channel",
        "inviter": "U5M5PLH9S"
    },
    {
        "client_msg_id": "0aa5e658-c5a0-4ac4-9680-1600a740d234",
        "type": "message",
        "text": "If I understand well, <@UCKEJ93DZ> is interested on working on the mechanical aspects, possibly to hook up to a <#CC725JEC8|simplerick> ?",
        "user": "U5M5PLH9S",
        "ts": "1535831860.000100",
        "team": "T5M5PLH8U",
        "user_team": "T5M5PLH8U",
        "source_team": "T5M5PLH8U",
        "user_profile": {
            "avatar_hash": "e4fb6ae9f526",
            "image_72": "https:\/\/avatars.slack-edge.com\/2017-06-01\/191144530514_e4fb6ae9f526531fd41c_72.jpg",
            "first_name": "",
            "real_name": "kelu",
            "display_name": "",
            "team": "T5M5PLH8U",
            "name": "kelu",
            "is_restricted": false,
            "is_ultra_restricted": false
        }
    },
    {
        "client_msg_id": "2af2a996-85a2-465d-a5b2-241331f57e4c",
        "type": "message",
        "text": "In any case, such mechanics would help :)",
        "user": "U5M5PLH9S",
        "ts": "1535831873.000100",
        "team": "T5M5PLH8U",
        "user_team": "T5M5PLH8U",
        "source_team": "T5M5PLH8U",
        "user_profile": {
            "avatar_hash": "e4fb6ae9f526",
            "image_72": "https:\/\/avatars.slack-edge.com\/2017-06-01\/191144530514_e4fb6ae9f526531fd41c_72.jpg",
            "first_name": "",
            "real_name": "kelu",
            "display_name": "",
            "team": "T5M5PLH8U",
            "name": "kelu",
            "is_restricted": false,
            "is_ultra_restricted": false
        },
        "thread_ts": "1535831873.000100",
        "reply_count": 1,
        "reply_users_count": 1,
        "latest_reply": "1535855982.000100",
        "reply_users": [
            "U8Z3VB1T2"
        ],
        "replies": [
            {
                "user": "U8Z3VB1T2",
                "ts": "1535855982.000100"
            }
        ],
        "subscribed": true,
        "last_read": "1535874288.000933"
    },
    {
        "client_msg_id": "83186049-2096-4190-BC76-3F0C1A928EF4",
        "type": "message",
        "text": "Hi, hopefully you could could help :sweat_smile:",
        "user": "UCKEJ93DZ",
        "ts": "1535832160.000100",
        "team": "T5M5PLH8U",
        "user_team": "T5M5PLH8U",
        "source_team": "T5M5PLH8U",
        "user_profile": {
            "avatar_hash": "g4534fcd52fe",
            "image_72": "https:\/\/secure.gravatar.com\/avatar\/74534fcd52fe31d4008e03891f0e3d3a.jpg?s=72&d=https%3A%2F%2Fa.slack-edge.com%2Fdf10d%2Fimg%2Favatars%2Fava_0001-72.png",
            "first_name": "",
            "real_name": "Steph",
            "display_name": "Stephp_101",
            "team": "T5M5PLH8U",
            "name": "stephpadron97",
            "is_restricted": false,
            "is_ultra_restricted": false
        },
        "thread_ts": "1535832160.000100",
        "reply_count": 6,
        "reply_users_count": 3,
        "latest_reply": "1535877605.000100",
        "reply_users": [
            "U8Z3VB1T2",
            "UCKEJ93DZ",
            "U5M5PLH9S"
        ],
        "replies": [
            {
                "user": "U8Z3VB1T2",
                "ts": "1535855511.000100"
            },
            {
                "user": "UCKEJ93DZ",
                "ts": "1535857025.000100"
            },
            {
                "user": "UCKEJ93DZ",
                "ts": "1535857266.000100"
            },
            {
                "user": "U8Z3VB1T2",
                "ts": "1535857923.000100"
            },
            {
                "user": "UCKEJ93DZ",
                "ts": "1535858846.000100"
            },
            {
                "user": "U5M5PLH9S",
                "ts": "1535877605.000100"
            }
        ],
        "subscribed": true,
        "last_read": "1535877605.000100",
        "reactions": [
            {
                "name": "stuck_out_tongue_closed_eyes",
                "users": [
                    "U5M5PLH9S"
                ],
                "count": 1
            }
        ]
    },
    {
        "type": "message",
        "subtype": "channel_join",
        "ts": "1535839445.000200",
        "user": "UCLLMJRGF",
        "text": "<@UCLLMJRGF> has joined the channel"
    },
    {
        "client_msg_id": "7909fcf0-5cfb-4994-8f73-96f2032ea472",
        "type": "message",
        "text": "Hi <@UCKEJ93DZ>, I am happy to help! Please let me know if you have any questions. :grinning:",
        "user": "U8Z3VB1T2",
        "ts": "1535855511.000100",
        "team": "T5M5PLH8U",
        "user_team": "T5M5PLH8U",
        "source_team": "T5M5PLH8U",
        "user_profile": {
            "avatar_hash": "g49ad52d7df8",
            "image_72": "https:\/\/secure.gravatar.com\/avatar\/449ad52d7df89ecbe8ebe0fd87d3f63f.jpg?s=72&d=https%3A%2F%2Fa.slack-edge.com%2Fdf10d%2Fimg%2Favatars%2Fava_0026-72.png",
            "first_name": "",
            "real_name": "William Meng",
            "display_name": "",
            "team": "T5M5PLH8U",
            "name": "wlmeng11",
            "is_restricted": false,
            "is_ultra_restricted": false
        },
        "thread_ts": "1535832160.000100",
        "parent_user_id": "UCKEJ93DZ"
    },
    {
        "client_msg_id": "d49a46c8-5a3e-498d-bd10-713505a62e70",
        "type": "message",
        "text": "The SimpleRick v1.1 PCB has some minor errata so I’m not going to do a production run yet. If anyone is interested in getting their hands on the hardware as soon as possible, I can sell some surplus bare PCBs from my prototype run for $15+shipping each. Be warned that you will need to acquire and solder all the components yourself!",
        "user": "U8Z3VB1T2",
        "ts": "1535855716.000100",
        "team": "T5M5PLH8U",
        "user_team": "T5M5PLH8U",
        "source_team": "T5M5PLH8U",
        "user_profile": {
            "avatar_hash": "g49ad52d7df8",
            "image_72": "https:\/\/secure.gravatar.com\/avatar\/449ad52d7df89ecbe8ebe0fd87d3f63f.jpg?s=72&d=https%3A%2F%2Fa.slack-edge.com%2Fdf10d%2Fimg%2Favatars%2Fava_0026-72.png",
            "first_name": "",
            "real_name": "William Meng",
            "display_name": "",
            "team": "T5M5PLH8U",
            "name": "wlmeng11",
            "is_restricted": false,
            "is_ultra_restricted": false
        }
    },
    {
        "client_msg_id": "f251d12c-eae0-4c45-8b03-75ed50795859",
        "type": "message",
        "text": "SimpleRick v1.2 will fix the errata, and the production run will probably be manufactured by Macrofab and sold on Tindie. This should be ready in approximately 2 months.",
        "user": "U8Z3VB1T2",
        "ts": "1535855835.000100",
        "team": "T5M5PLH8U",
        "user_team": "T5M5PLH8U",
        "source_team": "T5M5PLH8U",
        "user_profile": {
            "avatar_hash": "g49ad52d7df8",
            "image_72": "https:\/\/secure.gravatar.com\/avatar\/449ad52d7df89ecbe8ebe0fd87d3f63f.jpg?s=72&d=https%3A%2F%2Fa.slack-edge.com%2Fdf10d%2Fimg%2Favatars%2Fava_0026-72.png",
            "first_name": "",
            "real_name": "William Meng",
            "display_name": "",
            "team": "T5M5PLH8U",
            "name": "wlmeng11",
            "is_restricted": false,
            "is_ultra_restricted": false
        },
        "edited": {
            "user": "U8Z3VB1T2",
            "ts": "1535856050.000000"
        },
        "reactions": [
            {
                "name": "+1",
                "users": [
                    "U5M5PLH9S"
                ],
                "count": 1
            }
        ]
    },
    {
        "client_msg_id": "4920e809-ca52-4dec-9e0c-bc18a40a54f1",
        "type": "message",
        "text": "Yes, a more robust mechanical design would be wonderful :slightly_smiling_face:",
        "user": "U8Z3VB1T2",
        "ts": "1535855982.000100",
        "team": "T5M5PLH8U",
        "user_team": "T5M5PLH8U",
        "source_team": "T5M5PLH8U",
        "user_profile": {
            "avatar_hash": "g49ad52d7df8",
            "image_72": "https:\/\/secure.gravatar.com\/avatar\/449ad52d7df89ecbe8ebe0fd87d3f63f.jpg?s=72&d=https%3A%2F%2Fa.slack-edge.com%2Fdf10d%2Fimg%2Favatars%2Fava_0026-72.png",
            "first_name": "",
            "real_name": "William Meng",
            "display_name": "",
            "team": "T5M5PLH8U",
            "name": "wlmeng11",
            "is_restricted": false,
            "is_ultra_restricted": false
        },
        "thread_ts": "1535831873.000100",
        "parent_user_id": "U5M5PLH9S"
    },
    {
        "client_msg_id": "575C5467-55F0-4F29-8D39-373B6FCA8A37",
        "type": "message",
        "text": "Hi, I’m an engineer student that will be making a project of a prototype i saw. I do want to make a probe a lot smaller and a lot cheaper. Probably around 100-150$ ",
        "user": "UCKEJ93DZ",
        "ts": "1535857025.000100",
        "team": "T5M5PLH8U",
        "user_team": "T5M5PLH8U",
        "source_team": "T5M5PLH8U",
        "user_profile": {
            "avatar_hash": "g4534fcd52fe",
            "image_72": "https:\/\/secure.gravatar.com\/avatar\/74534fcd52fe31d4008e03891f0e3d3a.jpg?s=72&d=https%3A%2F%2Fa.slack-edge.com%2Fdf10d%2Fimg%2Favatars%2Fava_0001-72.png",
            "first_name": "",
            "real_name": "Steph",
            "display_name": "Stephp_101",
            "team": "T5M5PLH8U",
            "name": "stephpadron97",
            "is_restricted": false,
            "is_ultra_restricted": false
        },
        "thread_ts": "1535832160.000100",
        "parent_user_id": "UCKEJ93DZ",
        "reactions": [
            {
                "name": "+1",
                "users": [
                    "U8Z3VB1T2",
                    "U5M5PLH9S"
                ],
                "count": 2
            }
        ]
    },
    {
        "client_msg_id": "5B0DAA3F-4E4C-46AA-BA7E-D8856621AD76",
        "type": "message",
        "text": "I did buy a fetal Doppler but I’m not sure if i could use those parts to create what i want",
        "user": "UCKEJ93DZ",
        "ts": "1535857266.000100",
        "team": "T5M5PLH8U",
        "user_team": "T5M5PLH8U",
        "source_team": "T5M5PLH8U",
        "user_profile": {
            "avatar_hash": "g4534fcd52fe",
            "image_72": "https:\/\/secure.gravatar.com\/avatar\/74534fcd52fe31d4008e03891f0e3d3a.jpg?s=72&d=https%3A%2F%2Fa.slack-edge.com%2Fdf10d%2Fimg%2Favatars%2Fava_0001-72.png",
            "first_name": "",
            "real_name": "Steph",
            "display_name": "Stephp_101",
            "team": "T5M5PLH8U",
            "name": "stephpadron97",
            "is_restricted": false,
            "is_ultra_restricted": false
        },
        "thread_ts": "1535832160.000100",
        "parent_user_id": "UCKEJ93DZ"
    },
    {
        "client_msg_id": "4dfbd805-df31-40ba-8632-525a55a11a6f",
        "type": "message",
        "text": "Neat! <@U5M5PLH9S> has some data about probes in the <#C7U1PJMK8|piezo> channel.",
        "user": "U8Z3VB1T2",
        "ts": "1535857923.000100",
        "team": "T5M5PLH8U",
        "user_team": "T5M5PLH8U",
        "source_team": "T5M5PLH8U",
        "user_profile": {
            "avatar_hash": "g49ad52d7df8",
            "image_72": "https:\/\/secure.gravatar.com\/avatar\/449ad52d7df89ecbe8ebe0fd87d3f63f.jpg?s=72&d=https%3A%2F%2Fa.slack-edge.com%2Fdf10d%2Fimg%2Favatars%2Fava_0026-72.png",
            "first_name": "",
            "real_name": "William Meng",
            "display_name": "",
            "team": "T5M5PLH8U",
            "name": "wlmeng11",
            "is_restricted": false,
            "is_ultra_restricted": false
        },
        "thread_ts": "1535832160.000100",
        "parent_user_id": "UCKEJ93DZ"
    },
    {
        "client_msg_id": "00F42484-E766-45DA-B1EF-FC41700D07E3",
        "type": "message",
        "text": "yes but he referred me to you since i want something smaller :weary:",
        "user": "UCKEJ93DZ",
        "ts": "1535858846.000100",
        "team": "T5M5PLH8U",
        "user_team": "T5M5PLH8U",
        "source_team": "T5M5PLH8U",
        "user_profile": {
            "avatar_hash": "g4534fcd52fe",
            "image_72": "https:\/\/secure.gravatar.com\/avatar\/74534fcd52fe31d4008e03891f0e3d3a.jpg?s=72&d=https%3A%2F%2Fa.slack-edge.com%2Fdf10d%2Fimg%2Favatars%2Fava_0001-72.png",
            "first_name": "",
            "real_name": "Steph",
            "display_name": "Stephp_101",
            "team": "T5M5PLH8U",
            "name": "stephpadron97",
            "is_restricted": false,
            "is_ultra_restricted": false
        },
        "thread_ts": "1535832160.000100",
        "parent_user_id": "UCKEJ93DZ"
    },
    {
        "client_msg_id": "BAD20D47-FC5B-4B4F-B7EB-178DEBEC3F88",
        "type": "message",
        "text": "How much would the simplerick v1.2 go for? ",
        "user": "UCKEJ93DZ",
        "ts": "1535862006.000100",
        "team": "T5M5PLH8U",
        "user_team": "T5M5PLH8U",
        "source_team": "T5M5PLH8U",
        "user_profile": {
            "avatar_hash": "g4534fcd52fe",
            "image_72": "https:\/\/secure.gravatar.com\/avatar\/74534fcd52fe31d4008e03891f0e3d3a.jpg?s=72&d=https%3A%2F%2Fa.slack-edge.com%2Fdf10d%2Fimg%2Favatars%2Fava_0001-72.png",
            "first_name": "",
            "real_name": "Steph",
            "display_name": "Stephp_101",
            "team": "T5M5PLH8U",
            "name": "stephpadron97",
            "is_restricted": false,
            "is_ultra_restricted": false
        }
    }
]