[
    {
        "type": "message",
        "text": "So far so good with the high voltage pulser! Yellow=INA, Pink=pulser output. Here it’s driving a 50 ohm resistive load rather than a piezo, so now oscillations. Power rail is about 21V, so the output actually overshoots a little bit (not surprising given the extremely fast rise time).",
        "files": [
            {
                "id": "FCA3CSEKW",
                "created": 1534494543,
                "timestamp": 1534494543,
                "name": "image.png",
                "title": "Pasted image at 2018-08-17, 1:29 AM",
                "mimetype": "image\/png",
                "filetype": "png",
                "pretty_type": "PNG",
                "user": "U8Z3VB1T2",
                "editable": false,
                "size": 46858,
                "mode": "hosted",
                "is_external": false,
                "external_type": "",
                "is_public": true,
                "public_url_shared": false,
                "display_as_bot": false,
                "username": "",
                "url_private": "https:\/\/files.slack.com\/files-pri\/T5M5PLH8U-FCA3CSEKW\/image.png?t=xoxe-191193697300-1655641665238-1662624174259-9d4966033b52bec8bbd54ad611c52557",
                "url_private_download": "https:\/\/files.slack.com\/files-pri\/T5M5PLH8U-FCA3CSEKW\/download\/image.png?t=xoxe-191193697300-1655641665238-1662624174259-9d4966033b52bec8bbd54ad611c52557",
                "thumb_64": "https:\/\/files.slack.com\/files-tmb\/T5M5PLH8U-FCA3CSEKW-7a95e10d2d\/image_64.png?t=xoxe-191193697300-1655641665238-1662624174259-9d4966033b52bec8bbd54ad611c52557",
                "thumb_80": "https:\/\/files.slack.com\/files-tmb\/T5M5PLH8U-FCA3CSEKW-7a95e10d2d\/image_80.png?t=xoxe-191193697300-1655641665238-1662624174259-9d4966033b52bec8bbd54ad611c52557",
                "thumb_360": "https:\/\/files.slack.com\/files-tmb\/T5M5PLH8U-FCA3CSEKW-7a95e10d2d\/image_360.png?t=xoxe-191193697300-1655641665238-1662624174259-9d4966033b52bec8bbd54ad611c52557",
                "thumb_360_w": 360,
                "thumb_360_h": 216,
                "thumb_480": "https:\/\/files.slack.com\/files-tmb\/T5M5PLH8U-FCA3CSEKW-7a95e10d2d\/image_480.png?t=xoxe-191193697300-1655641665238-1662624174259-9d4966033b52bec8bbd54ad611c52557",
                "thumb_480_w": 480,
                "thumb_480_h": 288,
                "thumb_160": "https:\/\/files.slack.com\/files-tmb\/T5M5PLH8U-FCA3CSEKW-7a95e10d2d\/image_160.png?t=xoxe-191193697300-1655641665238-1662624174259-9d4966033b52bec8bbd54ad611c52557",
                "thumb_720": "https:\/\/files.slack.com\/files-tmb\/T5M5PLH8U-FCA3CSEKW-7a95e10d2d\/image_720.png?t=xoxe-191193697300-1655641665238-1662624174259-9d4966033b52bec8bbd54ad611c52557",
                "thumb_720_w": 720,
                "thumb_720_h": 432,
                "thumb_800": "https:\/\/files.slack.com\/files-tmb\/T5M5PLH8U-FCA3CSEKW-7a95e10d2d\/image_800.png?t=xoxe-191193697300-1655641665238-1662624174259-9d4966033b52bec8bbd54ad611c52557",
                "thumb_800_w": 800,
                "thumb_800_h": 480,
                "image_exif_rotation": 1,
                "original_w": 800,
                "original_h": 480,
                "permalink": "https:\/\/usdevkit.slack.com\/files\/U8Z3VB1T2\/FCA3CSEKW\/image.png",
                "permalink_public": "https:\/\/slack-files.com\/T5M5PLH8U-FCA3CSEKW-1e6a0e1807",
                "is_starred": false,
                "has_rich_preview": false
            }
        ],
        "upload": true,
        "user": "U8Z3VB1T2",
        "display_as_bot": false,
        "ts": "1534494546.000100",
        "thread_ts": "1534494546.000100",
        "reply_count": 3,
        "reply_users_count": 2,
        "latest_reply": "1534495025.000100",
        "reply_users": [
            "U5M5PLH9S",
            "U8Z3VB1T2"
        ],
        "replies": [
            {
                "user": "U5M5PLH9S",
                "ts": "1534494912.000100"
            },
            {
                "user": "U5M5PLH9S",
                "ts": "1534494917.000100"
            },
            {
                "user": "U8Z3VB1T2",
                "ts": "1534495025.000100"
            }
        ],
        "subscribed": true,
        "last_read": "1534495051.000000"
    },
    {
        "type": "message",
        "text": "Now driving a piezo instead of resistor, I saw this issue where the piezo voltage has a large DC bias that slowly decays. I think this is happening because I’m using a unipolar pulser so the piezo accumulates some charge during the pulse due to its capacitance. The piezo has very high resistance, so the capacitor charge decays very slowly.",
        "files": [
            {
                "id": "FC9P8QNJV",
                "created": 1534494837,
                "timestamp": 1534494837,
                "name": "image.png",
                "title": "Pasted image at 2018-08-17, 1:33 AM",
                "mimetype": "image\/png",
                "filetype": "png",
                "pretty_type": "PNG",
                "user": "U8Z3VB1T2",
                "editable": false,
                "size": 77532,
                "mode": "hosted",
                "is_external": false,
                "external_type": "",
                "is_public": true,
                "public_url_shared": false,
                "display_as_bot": false,
                "username": "",
                "url_private": "https:\/\/files.slack.com\/files-pri\/T5M5PLH8U-FC9P8QNJV\/image.png?t=xoxe-191193697300-1655641665238-1662624174259-9d4966033b52bec8bbd54ad611c52557",
                "url_private_download": "https:\/\/files.slack.com\/files-pri\/T5M5PLH8U-FC9P8QNJV\/download\/image.png?t=xoxe-191193697300-1655641665238-1662624174259-9d4966033b52bec8bbd54ad611c52557",
                "thumb_64": "https:\/\/files.slack.com\/files-tmb\/T5M5PLH8U-FC9P8QNJV-b4b167fe76\/image_64.png?t=xoxe-191193697300-1655641665238-1662624174259-9d4966033b52bec8bbd54ad611c52557",
                "thumb_80": "https:\/\/files.slack.com\/files-tmb\/T5M5PLH8U-FC9P8QNJV-b4b167fe76\/image_80.png?t=xoxe-191193697300-1655641665238-1662624174259-9d4966033b52bec8bbd54ad611c52557",
                "thumb_360": "https:\/\/files.slack.com\/files-tmb\/T5M5PLH8U-FC9P8QNJV-b4b167fe76\/image_360.png?t=xoxe-191193697300-1655641665238-1662624174259-9d4966033b52bec8bbd54ad611c52557",
                "thumb_360_w": 360,
                "thumb_360_h": 216,
                "thumb_480": "https:\/\/files.slack.com\/files-tmb\/T5M5PLH8U-FC9P8QNJV-b4b167fe76\/image_480.png?t=xoxe-191193697300-1655641665238-1662624174259-9d4966033b52bec8bbd54ad611c52557",
                "thumb_480_w": 480,
                "thumb_480_h": 288,
                "thumb_160": "https:\/\/files.slack.com\/files-tmb\/T5M5PLH8U-FC9P8QNJV-b4b167fe76\/image_160.png?t=xoxe-191193697300-1655641665238-1662624174259-9d4966033b52bec8bbd54ad611c52557",
                "thumb_720": "https:\/\/files.slack.com\/files-tmb\/T5M5PLH8U-FC9P8QNJV-b4b167fe76\/image_720.png?t=xoxe-191193697300-1655641665238-1662624174259-9d4966033b52bec8bbd54ad611c52557",
                "thumb_720_w": 720,
                "thumb_720_h": 432,
                "thumb_800": "https:\/\/files.slack.com\/files-tmb\/T5M5PLH8U-FC9P8QNJV-b4b167fe76\/image_800.png?t=xoxe-191193697300-1655641665238-1662624174259-9d4966033b52bec8bbd54ad611c52557",
                "thumb_800_w": 800,
                "thumb_800_h": 480,
                "image_exif_rotation": 1,
                "original_w": 800,
                "original_h": 480,
                "permalink": "https:\/\/usdevkit.slack.com\/files\/U8Z3VB1T2\/FC9P8QNJV\/image.png",
                "permalink_public": "https:\/\/slack-files.com\/T5M5PLH8U-FC9P8QNJV-01d8790f3b",
                "is_starred": false,
                "has_rich_preview": false
            }
        ],
        "upload": true,
        "user": "U8Z3VB1T2",
        "display_as_bot": false,
        "ts": "1534494839.000100"
    },
    {
        "client_msg_id": "b41309f0-479f-42ce-abf6-403a90dbd5e7",
        "type": "message",
        "text": "Wow, look good. That's for if I understand well a 25ns pulse",
        "user": "U5M5PLH9S",
        "ts": "1534494912.000100",
        "team": "T5M5PLH8U",
        "user_team": "T5M5PLH8U",
        "source_team": "T5M5PLH8U",
        "user_profile": {
            "avatar_hash": "e4fb6ae9f526",
            "image_72": "https:\/\/avatars.slack-edge.com\/2017-06-01\/191144530514_e4fb6ae9f526531fd41c_72.jpg",
            "first_name": "",
            "real_name": "kelu",
            "display_name": "",
            "team": "T5M5PLH8U",
            "name": "kelu",
            "is_restricted": false,
            "is_ultra_restricted": false
        },
        "thread_ts": "1534494546.000100",
        "parent_user_id": "U8Z3VB1T2"
    },
    {
        "client_msg_id": "0beff368-6b35-4d18-b050-fe513caec227",
        "type": "message",
        "text": "Looks good",
        "user": "U5M5PLH9S",
        "ts": "1534494917.000100",
        "team": "T5M5PLH8U",
        "user_team": "T5M5PLH8U",
        "source_team": "T5M5PLH8U",
        "user_profile": {
            "avatar_hash": "e4fb6ae9f526",
            "image_72": "https:\/\/avatars.slack-edge.com\/2017-06-01\/191144530514_e4fb6ae9f526531fd41c_72.jpg",
            "first_name": "",
            "real_name": "kelu",
            "display_name": "",
            "team": "T5M5PLH8U",
            "name": "kelu",
            "is_restricted": false,
            "is_ultra_restricted": false
        },
        "thread_ts": "1534494546.000100",
        "parent_user_id": "U8Z3VB1T2",
        "reactions": [
            {
                "name": "grin",
                "users": [
                    "U8Z3VB1T2"
                ],
                "count": 1
            }
        ]
    },
    {
        "type": "message",
        "text": "To fix this, I put a 47 ohm “bleeder” resistor in parallel with the piezo to provide a DC discharge path. Result: very fast exponential decay of DC bias, then the signal becomes dominated by the piezo’s resonant frequency as desired.",
        "files": [
            {
                "id": "FC9JM2H5E",
                "created": 1534494945,
                "timestamp": 1534494945,
                "name": "image.png",
                "title": "Pasted image at 2018-08-17, 1:35 AM",
                "mimetype": "image\/png",
                "filetype": "png",
                "pretty_type": "PNG",
                "user": "U8Z3VB1T2",
                "editable": false,
                "size": 51161,
                "mode": "hosted",
                "is_external": false,
                "external_type": "",
                "is_public": true,
                "public_url_shared": false,
                "display_as_bot": false,
                "username": "",
                "url_private": "https:\/\/files.slack.com\/files-pri\/T5M5PLH8U-FC9JM2H5E\/image.png?t=xoxe-191193697300-1655641665238-1662624174259-9d4966033b52bec8bbd54ad611c52557",
                "url_private_download": "https:\/\/files.slack.com\/files-pri\/T5M5PLH8U-FC9JM2H5E\/download\/image.png?t=xoxe-191193697300-1655641665238-1662624174259-9d4966033b52bec8bbd54ad611c52557",
                "thumb_64": "https:\/\/files.slack.com\/files-tmb\/T5M5PLH8U-FC9JM2H5E-5c758360e3\/image_64.png?t=xoxe-191193697300-1655641665238-1662624174259-9d4966033b52bec8bbd54ad611c52557",
                "thumb_80": "https:\/\/files.slack.com\/files-tmb\/T5M5PLH8U-FC9JM2H5E-5c758360e3\/image_80.png?t=xoxe-191193697300-1655641665238-1662624174259-9d4966033b52bec8bbd54ad611c52557",
                "thumb_360": "https:\/\/files.slack.com\/files-tmb\/T5M5PLH8U-FC9JM2H5E-5c758360e3\/image_360.png?t=xoxe-191193697300-1655641665238-1662624174259-9d4966033b52bec8bbd54ad611c52557",
                "thumb_360_w": 360,
                "thumb_360_h": 216,
                "thumb_480": "https:\/\/files.slack.com\/files-tmb\/T5M5PLH8U-FC9JM2H5E-5c758360e3\/image_480.png?t=xoxe-191193697300-1655641665238-1662624174259-9d4966033b52bec8bbd54ad611c52557",
                "thumb_480_w": 480,
                "thumb_480_h": 288,
                "thumb_160": "https:\/\/files.slack.com\/files-tmb\/T5M5PLH8U-FC9JM2H5E-5c758360e3\/image_160.png?t=xoxe-191193697300-1655641665238-1662624174259-9d4966033b52bec8bbd54ad611c52557",
                "thumb_720": "https:\/\/files.slack.com\/files-tmb\/T5M5PLH8U-FC9JM2H5E-5c758360e3\/image_720.png?t=xoxe-191193697300-1655641665238-1662624174259-9d4966033b52bec8bbd54ad611c52557",
                "thumb_720_w": 720,
                "thumb_720_h": 432,
                "thumb_800": "https:\/\/files.slack.com\/files-tmb\/T5M5PLH8U-FC9JM2H5E-5c758360e3\/image_800.png?t=xoxe-191193697300-1655641665238-1662624174259-9d4966033b52bec8bbd54ad611c52557",
                "thumb_800_w": 800,
                "thumb_800_h": 480,
                "image_exif_rotation": 1,
                "original_w": 800,
                "original_h": 480,
                "permalink": "https:\/\/usdevkit.slack.com\/files\/U8Z3VB1T2\/FC9JM2H5E\/image.png",
                "permalink_public": "https:\/\/slack-files.com\/T5M5PLH8U-FC9JM2H5E-4066ef8aef",
                "is_starred": false,
                "has_rich_preview": false
            }
        ],
        "upload": true,
        "user": "U8Z3VB1T2",
        "display_as_bot": false,
        "ts": "1534494947.000100"
    },
    {
        "client_msg_id": "3632f119-f8bf-439c-80b5-ff656d2fab24",
        "type": "message",
        "text": "haha I was suggesting to add a bleeder :smiley:",
        "user": "U5M5PLH9S",
        "ts": "1534494969.000100",
        "team": "T5M5PLH8U",
        "user_team": "T5M5PLH8U",
        "source_team": "T5M5PLH8U",
        "user_profile": {
            "avatar_hash": "e4fb6ae9f526",
            "image_72": "https:\/\/avatars.slack-edge.com\/2017-06-01\/191144530514_e4fb6ae9f526531fd41c_72.jpg",
            "first_name": "",
            "real_name": "kelu",
            "display_name": "",
            "team": "T5M5PLH8U",
            "name": "kelu",
            "is_restricted": false,
            "is_ultra_restricted": false
        }
    },
    {
        "client_msg_id": "7fb516d4-34da-495b-9082-5c6a37f5aa5d",
        "type": "message",
        "text": "you may want to add an impedance matching network between the two",
        "user": "U5M5PLH9S",
        "ts": "1534494999.000100",
        "team": "T5M5PLH8U",
        "user_team": "T5M5PLH8U",
        "source_team": "T5M5PLH8U",
        "user_profile": {
            "avatar_hash": "e4fb6ae9f526",
            "image_72": "https:\/\/avatars.slack-edge.com\/2017-06-01\/191144530514_e4fb6ae9f526531fd41c_72.jpg",
            "first_name": "",
            "real_name": "kelu",
            "display_name": "",
            "team": "T5M5PLH8U",
            "name": "kelu",
            "is_restricted": false,
            "is_ultra_restricted": false
        }
    },
    {
        "client_msg_id": "6e6c0feb-dd9e-4933-81cc-14156f7b0f0a",
        "type": "message",
        "text": "The pulse width is hard to control exactly since I am just using the microcontroller to write the GPIO register as fast as possible with no delay. It usually comes out to be about 20 ns.",
        "user": "U8Z3VB1T2",
        "ts": "1534495025.000100",
        "team": "T5M5PLH8U",
        "user_team": "T5M5PLH8U",
        "source_team": "T5M5PLH8U",
        "user_profile": {
            "avatar_hash": "g49ad52d7df8",
            "image_72": "https:\/\/secure.gravatar.com\/avatar\/449ad52d7df89ecbe8ebe0fd87d3f63f.jpg?s=72&d=https%3A%2F%2Fa.slack-edge.com%2Fdf10d%2Fimg%2Favatars%2Fava_0026-72.png",
            "first_name": "",
            "real_name": "William Meng",
            "display_name": "",
            "team": "T5M5PLH8U",
            "name": "wlmeng11",
            "is_restricted": false,
            "is_ultra_restricted": false
        },
        "thread_ts": "1534494546.000100",
        "parent_user_id": "U8Z3VB1T2"
    },
    {
        "client_msg_id": "8364a2df-87c1-48a0-bdd1-8769af14f24e",
        "type": "message",
        "text": "do you use the \"pulse off\/damper\" feature of the pulser ?",
        "user": "U5M5PLH9S",
        "ts": "1534495049.000100",
        "team": "T5M5PLH8U",
        "user_team": "T5M5PLH8U",
        "source_team": "T5M5PLH8U",
        "user_profile": {
            "avatar_hash": "e4fb6ae9f526",
            "image_72": "https:\/\/avatars.slack-edge.com\/2017-06-01\/191144530514_e4fb6ae9f526531fd41c_72.jpg",
            "first_name": "",
            "real_name": "kelu",
            "display_name": "",
            "team": "T5M5PLH8U",
            "name": "kelu",
            "is_restricted": false,
            "is_ultra_restricted": false
        },
        "thread_ts": "1534495049.000100",
        "reply_count": 18,
        "reply_users_count": 2,
        "latest_reply": "1535514663.000100",
        "reply_users": [
            "U8Z3VB1T2",
            "U5M5PLH9S"
        ],
        "replies": [
            {
                "user": "U8Z3VB1T2",
                "ts": "1534495113.000100"
            },
            {
                "user": "U5M5PLH9S",
                "ts": "1534495150.000100"
            },
            {
                "user": "U5M5PLH9S",
                "ts": "1534495156.000100"
            },
            {
                "user": "U5M5PLH9S",
                "ts": "1534495171.000100"
            },
            {
                "user": "U8Z3VB1T2",
                "ts": "1534495189.000100"
            },
            {
                "user": "U8Z3VB1T2",
                "ts": "1534495217.000100"
            },
            {
                "user": "U5M5PLH9S",
                "ts": "1534495291.000100"
            },
            {
                "user": "U8Z3VB1T2",
                "ts": "1534495309.000100"
            },
            {
                "user": "U5M5PLH9S",
                "ts": "1534495316.000100"
            },
            {
                "user": "U8Z3VB1T2",
                "ts": "1534495765.000100"
            },
            {
                "user": "U5M5PLH9S",
                "ts": "1534495851.000100"
            },
            {
                "user": "U5M5PLH9S",
                "ts": "1534495860.000100"
            },
            {
                "user": "U8Z3VB1T2",
                "ts": "1534495869.000100"
            },
            {
                "user": "U5M5PLH9S",
                "ts": "1534496261.000100"
            },
            {
                "user": "U5M5PLH9S",
                "ts": "1534496308.000100"
            },
            {
                "user": "U8Z3VB1T2",
                "ts": "1534496442.000100"
            },
            {
                "user": "U5M5PLH9S",
                "ts": "1535484670.000100"
            },
            {
                "user": "U8Z3VB1T2",
                "ts": "1535514663.000100"
            }
        ],
        "subscribed": true,
        "last_read": "1535526076.000154"
    },
    {
        "client_msg_id": "1146d6bb-124d-41c2-a313-bd62970b8ec8",
        "type": "message",
        "text": "No, but I was trying to use the INB channel as a discharge path to ground, but couldn’t get it to work.",
        "user": "U8Z3VB1T2",
        "ts": "1534495113.000100",
        "team": "T5M5PLH8U",
        "user_team": "T5M5PLH8U",
        "source_team": "T5M5PLH8U",
        "user_profile": {
            "avatar_hash": "g49ad52d7df8",
            "image_72": "https:\/\/secure.gravatar.com\/avatar\/449ad52d7df89ecbe8ebe0fd87d3f63f.jpg?s=72&d=https%3A%2F%2Fa.slack-edge.com%2Fdf10d%2Fimg%2Favatars%2Fava_0026-72.png",
            "first_name": "",
            "real_name": "William Meng",
            "display_name": "",
            "team": "T5M5PLH8U",
            "name": "wlmeng11",
            "is_restricted": false,
            "is_ultra_restricted": false
        },
        "thread_ts": "1534495049.000100",
        "parent_user_id": "U5M5PLH9S"
    },
    {
        "client_msg_id": "e93f0b4e-740a-434d-bc5e-ce3fa58427da",
        "type": "message",
        "text": "if you used the same ic as un0rick, inB is on when signal is low",
        "user": "U5M5PLH9S",
        "ts": "1534495150.000100",
        "team": "T5M5PLH8U",
        "user_team": "T5M5PLH8U",
        "source_team": "T5M5PLH8U",
        "user_profile": {
            "avatar_hash": "e4fb6ae9f526",
            "image_72": "https:\/\/avatars.slack-edge.com\/2017-06-01\/191144530514_e4fb6ae9f526531fd41c_72.jpg",
            "first_name": "",
            "real_name": "kelu",
            "display_name": "",
            "team": "T5M5PLH8U",
            "name": "kelu",
            "is_restricted": false,
            "is_ultra_restricted": false
        },
        "thread_ts": "1534495049.000100",
        "parent_user_id": "U5M5PLH9S"
    },
    {
        "client_msg_id": "b0eb1816-9f76-4196-968e-9236dca2da3a",
        "type": "message",
        "text": "inverted compared to inA",
        "user": "U5M5PLH9S",
        "ts": "1534495156.000100",
        "team": "T5M5PLH8U",
        "user_team": "T5M5PLH8U",
        "source_team": "T5M5PLH8U",
        "user_profile": {
            "avatar_hash": "e4fb6ae9f526",
            "image_72": "https:\/\/avatars.slack-edge.com\/2017-06-01\/191144530514_e4fb6ae9f526531fd41c_72.jpg",
            "first_name": "",
            "real_name": "kelu",
            "display_name": "",
            "team": "T5M5PLH8U",
            "name": "kelu",
            "is_restricted": false,
            "is_ultra_restricted": false
        },
        "thread_ts": "1534495049.000100",
        "parent_user_id": "U5M5PLH9S"
    },
    {
        "client_msg_id": "2fe4a776-9234-4e32-ad9f-80b7fb3ce528",
        "type": "message",
        "text": "the datashet is unclear, but I found out this",
        "user": "U5M5PLH9S",
        "ts": "1534495171.000100",
        "team": "T5M5PLH8U",
        "user_team": "T5M5PLH8U",
        "source_team": "T5M5PLH8U",
        "user_profile": {
            "avatar_hash": "e4fb6ae9f526",
            "image_72": "https:\/\/avatars.slack-edge.com\/2017-06-01\/191144530514_e4fb6ae9f526531fd41c_72.jpg",
            "first_name": "",
            "real_name": "kelu",
            "display_name": "",
            "team": "T5M5PLH8U",
            "name": "kelu",
            "is_restricted": false,
            "is_ultra_restricted": false
        },
        "thread_ts": "1534495049.000100",
        "parent_user_id": "U5M5PLH9S"
    },
    {
        "client_msg_id": "d7ac68f4-60ad-4e27-ac45-2f73069d6132",
        "type": "message",
        "text": "I see, thanks!",
        "user": "U8Z3VB1T2",
        "ts": "1534495189.000100",
        "team": "T5M5PLH8U",
        "user_team": "T5M5PLH8U",
        "source_team": "T5M5PLH8U",
        "user_profile": {
            "avatar_hash": "g49ad52d7df8",
            "image_72": "https:\/\/secure.gravatar.com\/avatar\/449ad52d7df89ecbe8ebe0fd87d3f63f.jpg?s=72&d=https%3A%2F%2Fa.slack-edge.com%2Fdf10d%2Fimg%2Favatars%2Fava_0026-72.png",
            "first_name": "",
            "real_name": "William Meng",
            "display_name": "",
            "team": "T5M5PLH8U",
            "name": "wlmeng11",
            "is_restricted": false,
            "is_ultra_restricted": false
        },
        "thread_ts": "1534495049.000100",
        "parent_user_id": "U5M5PLH9S"
    },
    {
        "client_msg_id": "c10e551d-56f4-4e86-8b95-30b8148f48b5",
        "type": "message",
        "text": "So the state before sending a pulse should be INA=low, INB=high?",
        "user": "U8Z3VB1T2",
        "ts": "1534495217.000100",
        "team": "T5M5PLH8U",
        "user_team": "T5M5PLH8U",
        "source_team": "T5M5PLH8U",
        "user_profile": {
            "avatar_hash": "g49ad52d7df8",
            "image_72": "https:\/\/secure.gravatar.com\/avatar\/449ad52d7df89ecbe8ebe0fd87d3f63f.jpg?s=72&d=https%3A%2F%2Fa.slack-edge.com%2Fdf10d%2Fimg%2Favatars%2Fava_0026-72.png",
            "first_name": "",
            "real_name": "William Meng",
            "display_name": "",
            "team": "T5M5PLH8U",
            "name": "wlmeng11",
            "is_restricted": false,
            "is_ultra_restricted": false
        },
        "thread_ts": "1534495049.000100",
        "parent_user_id": "U5M5PLH9S"
    },
    {
        "client_msg_id": "835006f5-0c3d-4123-a2f3-ff668d1bc183",
        "type": "message",
        "text": "What is the input you have on XL6009  ?",
        "user": "U5M5PLH9S",
        "ts": "1534495274.000100",
        "team": "T5M5PLH8U",
        "user_team": "T5M5PLH8U",
        "source_team": "T5M5PLH8U",
        "user_profile": {
            "avatar_hash": "e4fb6ae9f526",
            "image_72": "https:\/\/avatars.slack-edge.com\/2017-06-01\/191144530514_e4fb6ae9f526531fd41c_72.jpg",
            "first_name": "",
            "real_name": "kelu",
            "display_name": "",
            "team": "T5M5PLH8U",
            "name": "kelu",
            "is_restricted": false,
            "is_ultra_restricted": false
        },
        "thread_ts": "1534444536.000100",
        "parent_user_id": "U8Z3VB1T2"
    },
    {
        "client_msg_id": "5a0bac42-e84b-48a9-9e32-0d19911e2288",
        "type": "message",
        "text": "and output you said is 21 V?",
        "user": "U5M5PLH9S",
        "ts": "1534495279.000100",
        "team": "T5M5PLH8U",
        "user_team": "T5M5PLH8U",
        "source_team": "T5M5PLH8U",
        "user_profile": {
            "avatar_hash": "e4fb6ae9f526",
            "image_72": "https:\/\/avatars.slack-edge.com\/2017-06-01\/191144530514_e4fb6ae9f526531fd41c_72.jpg",
            "first_name": "",
            "real_name": "kelu",
            "display_name": "",
            "team": "T5M5PLH8U",
            "name": "kelu",
            "is_restricted": false,
            "is_ultra_restricted": false
        },
        "thread_ts": "1534444536.000100",
        "parent_user_id": "U8Z3VB1T2"
    },
    {
        "client_msg_id": "0b8efc77-fa51-4d26-af75-89357ad98ee7",
        "type": "message",
        "text": "yes",
        "user": "U5M5PLH9S",
        "ts": "1534495291.000100",
        "team": "T5M5PLH8U",
        "user_team": "T5M5PLH8U",
        "source_team": "T5M5PLH8U",
        "user_profile": {
            "avatar_hash": "e4fb6ae9f526",
            "image_72": "https:\/\/avatars.slack-edge.com\/2017-06-01\/191144530514_e4fb6ae9f526531fd41c_72.jpg",
            "first_name": "",
            "real_name": "kelu",
            "display_name": "",
            "team": "T5M5PLH8U",
            "name": "kelu",
            "is_restricted": false,
            "is_ultra_restricted": false
        },
        "thread_ts": "1534495049.000100",
        "parent_user_id": "U5M5PLH9S",
        "reactions": [
            {
                "name": "grin",
                "users": [
                    "U8Z3VB1T2"
                ],
                "count": 1
            }
        ]
    },
    {
        "client_msg_id": "3575f400-f806-4e78-8103-d807427edb93",
        "type": "message",
        "text": "awesome :slightly_smiling_face:",
        "user": "U8Z3VB1T2",
        "ts": "1534495309.000100",
        "team": "T5M5PLH8U",
        "user_team": "T5M5PLH8U",
        "source_team": "T5M5PLH8U",
        "user_profile": {
            "avatar_hash": "g49ad52d7df8",
            "image_72": "https:\/\/secure.gravatar.com\/avatar\/449ad52d7df89ecbe8ebe0fd87d3f63f.jpg?s=72&d=https%3A%2F%2Fa.slack-edge.com%2Fdf10d%2Fimg%2Favatars%2Fava_0026-72.png",
            "first_name": "",
            "real_name": "William Meng",
            "display_name": "",
            "team": "T5M5PLH8U",
            "name": "wlmeng11",
            "is_restricted": false,
            "is_ultra_restricted": false
        },
        "thread_ts": "1534495049.000100",
        "parent_user_id": "U5M5PLH9S"
    },
    {
        "client_msg_id": "6972ffe4-1945-4082-bca0-5ccf2b708cfc",
        "type": "message",
        "text": "then inA high for pulse on, then invert both, then both low, then revert",
        "user": "U5M5PLH9S",
        "ts": "1534495316.000100",
        "team": "T5M5PLH8U",
        "user_team": "T5M5PLH8U",
        "source_team": "T5M5PLH8U",
        "user_profile": {
            "avatar_hash": "e4fb6ae9f526",
            "image_72": "https:\/\/avatars.slack-edge.com\/2017-06-01\/191144530514_e4fb6ae9f526531fd41c_72.jpg",
            "first_name": "",
            "real_name": "kelu",
            "display_name": "",
            "team": "T5M5PLH8U",
            "name": "kelu",
            "is_restricted": false,
            "is_ultra_restricted": false
        },
        "thread_ts": "1534495049.000100",
        "parent_user_id": "U5M5PLH9S"
    },
    {
        "type": "message",
        "text": "I put the piezo in a plastic box filled with water and got these echoes (presumably reflected from the plastic walls) :slightly_smiling_face: Blue signal is output of VGA",
        "files": [
            {
                "id": "FCA3LE98C",
                "created": 1534495395,
                "timestamp": 1534495395,
                "name": "image.png",
                "title": "Pasted image at 2018-08-17, 1:43 AM",
                "mimetype": "image\/png",
                "filetype": "png",
                "pretty_type": "PNG",
                "user": "U8Z3VB1T2",
                "editable": false,
                "size": 51800,
                "mode": "hosted",
                "is_external": false,
                "external_type": "",
                "is_public": true,
                "public_url_shared": false,
                "display_as_bot": false,
                "username": "",
                "url_private": "https:\/\/files.slack.com\/files-pri\/T5M5PLH8U-FCA3LE98C\/image.png?t=xoxe-191193697300-1655641665238-1662624174259-9d4966033b52bec8bbd54ad611c52557",
                "url_private_download": "https:\/\/files.slack.com\/files-pri\/T5M5PLH8U-FCA3LE98C\/download\/image.png?t=xoxe-191193697300-1655641665238-1662624174259-9d4966033b52bec8bbd54ad611c52557",
                "thumb_64": "https:\/\/files.slack.com\/files-tmb\/T5M5PLH8U-FCA3LE98C-001e6e0187\/image_64.png?t=xoxe-191193697300-1655641665238-1662624174259-9d4966033b52bec8bbd54ad611c52557",
                "thumb_80": "https:\/\/files.slack.com\/files-tmb\/T5M5PLH8U-FCA3LE98C-001e6e0187\/image_80.png?t=xoxe-191193697300-1655641665238-1662624174259-9d4966033b52bec8bbd54ad611c52557",
                "thumb_360": "https:\/\/files.slack.com\/files-tmb\/T5M5PLH8U-FCA3LE98C-001e6e0187\/image_360.png?t=xoxe-191193697300-1655641665238-1662624174259-9d4966033b52bec8bbd54ad611c52557",
                "thumb_360_w": 360,
                "thumb_360_h": 216,
                "thumb_480": "https:\/\/files.slack.com\/files-tmb\/T5M5PLH8U-FCA3LE98C-001e6e0187\/image_480.png?t=xoxe-191193697300-1655641665238-1662624174259-9d4966033b52bec8bbd54ad611c52557",
                "thumb_480_w": 480,
                "thumb_480_h": 288,
                "thumb_160": "https:\/\/files.slack.com\/files-tmb\/T5M5PLH8U-FCA3LE98C-001e6e0187\/image_160.png?t=xoxe-191193697300-1655641665238-1662624174259-9d4966033b52bec8bbd54ad611c52557",
                "thumb_720": "https:\/\/files.slack.com\/files-tmb\/T5M5PLH8U-FCA3LE98C-001e6e0187\/image_720.png?t=xoxe-191193697300-1655641665238-1662624174259-9d4966033b52bec8bbd54ad611c52557",
                "thumb_720_w": 720,
                "thumb_720_h": 432,
                "thumb_800": "https:\/\/files.slack.com\/files-tmb\/T5M5PLH8U-FCA3LE98C-001e6e0187\/image_800.png?t=xoxe-191193697300-1655641665238-1662624174259-9d4966033b52bec8bbd54ad611c52557",
                "thumb_800_w": 800,
                "thumb_800_h": 480,
                "image_exif_rotation": 1,
                "original_w": 800,
                "original_h": 480,
                "permalink": "https:\/\/usdevkit.slack.com\/files\/U8Z3VB1T2\/FCA3LE98C\/image.png",
                "permalink_public": "https:\/\/slack-files.com\/T5M5PLH8U-FCA3LE98C-8f472b6db0",
                "is_starred": false,
                "has_rich_preview": false
            }
        ],
        "upload": true,
        "user": "U8Z3VB1T2",
        "display_as_bot": false,
        "ts": "1534495398.000100"
    },
    {
        "client_msg_id": "7d074f9c-20fd-4722-8619-e28f3424bece",
        "type": "message",
        "text": "looks clean",
        "user": "U5M5PLH9S",
        "ts": "1534495476.000100",
        "team": "T5M5PLH8U",
        "user_team": "T5M5PLH8U",
        "source_team": "T5M5PLH8U",
        "user_profile": {
            "avatar_hash": "e4fb6ae9f526",
            "image_72": "https:\/\/avatars.slack-edge.com\/2017-06-01\/191144530514_e4fb6ae9f526531fd41c_72.jpg",
            "first_name": "",
            "real_name": "kelu",
            "display_name": "",
            "team": "T5M5PLH8U",
            "name": "kelu",
            "is_restricted": false,
            "is_ultra_restricted": false
        },
        "reactions": [
            {
                "name": "smile",
                "users": [
                    "U8Z3VB1T2"
                ],
                "count": 1
            }
        ]
    },
    {
        "client_msg_id": "042d9a9b-9621-4eac-8dad-905ae2d33f2e",
        "type": "message",
        "text": "130us = 10cm, seems the order of magnitude",
        "user": "U5M5PLH9S",
        "ts": "1534495513.000100",
        "team": "T5M5PLH8U",
        "user_team": "T5M5PLH8U",
        "source_team": "T5M5PLH8U",
        "user_profile": {
            "avatar_hash": "e4fb6ae9f526",
            "image_72": "https:\/\/avatars.slack-edge.com\/2017-06-01\/191144530514_e4fb6ae9f526531fd41c_72.jpg",
            "first_name": "",
            "real_name": "kelu",
            "display_name": "",
            "team": "T5M5PLH8U",
            "name": "kelu",
            "is_restricted": false,
            "is_ultra_restricted": false
        }
    },
    {
        "client_msg_id": "c3765fbd-4f0c-455a-a251-1a1b1331e395",
        "type": "message",
        "text": "to have shorter pulses, yes normally you could use the damper",
        "user": "U5M5PLH9S",
        "ts": "1534495565.000100",
        "team": "T5M5PLH8U",
        "user_team": "T5M5PLH8U",
        "source_team": "T5M5PLH8U",
        "user_profile": {
            "avatar_hash": "e4fb6ae9f526",
            "image_72": "https:\/\/avatars.slack-edge.com\/2017-06-01\/191144530514_e4fb6ae9f526531fd41c_72.jpg",
            "first_name": "",
            "real_name": "kelu",
            "display_name": "",
            "team": "T5M5PLH8U",
            "name": "kelu",
            "is_restricted": false,
            "is_ultra_restricted": false
        }
    },
    {
        "client_msg_id": "fbe4cb1d-9665-4fd5-866f-0440516d8b19",
        "type": "message",
        "text": "just to see if this makes a difference",
        "user": "U5M5PLH9S",
        "ts": "1534495570.000100",
        "team": "T5M5PLH8U",
        "user_team": "T5M5PLH8U",
        "source_team": "T5M5PLH8U",
        "user_profile": {
            "avatar_hash": "e4fb6ae9f526",
            "image_72": "https:\/\/avatars.slack-edge.com\/2017-06-01\/191144530514_e4fb6ae9f526531fd41c_72.jpg",
            "first_name": "",
            "real_name": "kelu",
            "display_name": "",
            "team": "T5M5PLH8U",
            "name": "kelu",
            "is_restricted": false,
            "is_ultra_restricted": false
        }
    },
    {
        "client_msg_id": "f3ef0c6b-9aa1-4564-a3e1-8135522a9b5b",
        "type": "message",
        "text": "but the damper should be applied only for some us, else, you'll lower all signals ^^",
        "user": "U5M5PLH9S",
        "ts": "1534495598.000100",
        "team": "T5M5PLH8U",
        "user_team": "T5M5PLH8U",
        "source_team": "T5M5PLH8U",
        "user_profile": {
            "avatar_hash": "e4fb6ae9f526",
            "image_72": "https:\/\/avatars.slack-edge.com\/2017-06-01\/191144530514_e4fb6ae9f526531fd41c_72.jpg",
            "first_name": "",
            "real_name": "kelu",
            "display_name": "",
            "team": "T5M5PLH8U",
            "name": "kelu",
            "is_restricted": false,
            "is_ultra_restricted": false
        }
    },
    {
        "client_msg_id": "c8c1d9d7-a733-4904-9738-0715889478cb",
        "type": "message",
        "text": "by damper do you refer to INB signal, or something else?",
        "user": "U8Z3VB1T2",
        "ts": "1534495620.000100",
        "team": "T5M5PLH8U",
        "user_team": "T5M5PLH8U",
        "source_team": "T5M5PLH8U",
        "user_profile": {
            "avatar_hash": "g49ad52d7df8",
            "image_72": "https:\/\/secure.gravatar.com\/avatar\/449ad52d7df89ecbe8ebe0fd87d3f63f.jpg?s=72&d=https%3A%2F%2Fa.slack-edge.com%2Fdf10d%2Fimg%2Favatars%2Fava_0026-72.png",
            "first_name": "",
            "real_name": "William Meng",
            "display_name": "",
            "team": "T5M5PLH8U",
            "name": "wlmeng11",
            "is_restricted": false,
            "is_ultra_restricted": false
        }
    },
    {
        "type": "message",
        "text": "I see this in the datasheet, looks like it requires double the chips",
        "files": [
            {
                "id": "FC9JTAE72",
                "created": 1534495651,
                "timestamp": 1534495651,
                "name": "image.png",
                "title": "Pasted image at 2018-08-17, 1:47 AM",
                "mimetype": "image\/png",
                "filetype": "png",
                "pretty_type": "PNG",
                "user": "U8Z3VB1T2",
                "editable": false,
                "size": 184446,
                "mode": "hosted",
                "is_external": false,
                "external_type": "",
                "is_public": true,
                "public_url_shared": false,
                "display_as_bot": false,
                "username": "",
                "url_private": "https:\/\/files.slack.com\/files-pri\/T5M5PLH8U-FC9JTAE72\/image.png?t=xoxe-191193697300-1655641665238-1662624174259-9d4966033b52bec8bbd54ad611c52557",
                "url_private_download": "https:\/\/files.slack.com\/files-pri\/T5M5PLH8U-FC9JTAE72\/download\/image.png?t=xoxe-191193697300-1655641665238-1662624174259-9d4966033b52bec8bbd54ad611c52557",
                "thumb_64": "https:\/\/files.slack.com\/files-tmb\/T5M5PLH8U-FC9JTAE72-ab30686960\/image_64.png?t=xoxe-191193697300-1655641665238-1662624174259-9d4966033b52bec8bbd54ad611c52557",
                "thumb_80": "https:\/\/files.slack.com\/files-tmb\/T5M5PLH8U-FC9JTAE72-ab30686960\/image_80.png?t=xoxe-191193697300-1655641665238-1662624174259-9d4966033b52bec8bbd54ad611c52557",
                "thumb_360": "https:\/\/files.slack.com\/files-tmb\/T5M5PLH8U-FC9JTAE72-ab30686960\/image_360.png?t=xoxe-191193697300-1655641665238-1662624174259-9d4966033b52bec8bbd54ad611c52557",
                "thumb_360_w": 360,
                "thumb_360_h": 239,
                "thumb_480": "https:\/\/files.slack.com\/files-tmb\/T5M5PLH8U-FC9JTAE72-ab30686960\/image_480.png?t=xoxe-191193697300-1655641665238-1662624174259-9d4966033b52bec8bbd54ad611c52557",
                "thumb_480_w": 480,
                "thumb_480_h": 319,
                "thumb_160": "https:\/\/files.slack.com\/files-tmb\/T5M5PLH8U-FC9JTAE72-ab30686960\/image_160.png?t=xoxe-191193697300-1655641665238-1662624174259-9d4966033b52bec8bbd54ad611c52557",
                "thumb_720": "https:\/\/files.slack.com\/files-tmb\/T5M5PLH8U-FC9JTAE72-ab30686960\/image_720.png?t=xoxe-191193697300-1655641665238-1662624174259-9d4966033b52bec8bbd54ad611c52557",
                "thumb_720_w": 720,
                "thumb_720_h": 478,
                "thumb_800": "https:\/\/files.slack.com\/files-tmb\/T5M5PLH8U-FC9JTAE72-ab30686960\/image_800.png?t=xoxe-191193697300-1655641665238-1662624174259-9d4966033b52bec8bbd54ad611c52557",
                "thumb_800_w": 800,
                "thumb_800_h": 532,
                "thumb_960": "https:\/\/files.slack.com\/files-tmb\/T5M5PLH8U-FC9JTAE72-ab30686960\/image_960.png?t=xoxe-191193697300-1655641665238-1662624174259-9d4966033b52bec8bbd54ad611c52557",
                "thumb_960_w": 960,
                "thumb_960_h": 638,
                "thumb_1024": "https:\/\/files.slack.com\/files-tmb\/T5M5PLH8U-FC9JTAE72-ab30686960\/image_1024.png?t=xoxe-191193697300-1655641665238-1662624174259-9d4966033b52bec8bbd54ad611c52557",
                "thumb_1024_w": 1024,
                "thumb_1024_h": 680,
                "image_exif_rotation": 1,
                "original_w": 1508,
                "original_h": 1002,
                "permalink": "https:\/\/usdevkit.slack.com\/files\/U8Z3VB1T2\/FC9JTAE72\/image.png",
                "permalink_public": "https:\/\/slack-files.com\/T5M5PLH8U-FC9JTAE72-d6ae403301",
                "is_starred": false,
                "has_rich_preview": false
            }
        ],
        "upload": true,
        "user": "U8Z3VB1T2",
        "display_as_bot": false,
        "ts": "1534495656.000100"
    },
    {
        "type": "message",
        "text": "is it like the left? or the right?",
        "files": [
            {
                "id": "FCA3PNHKN",
                "created": 1534495760,
                "timestamp": 1534495760,
                "name": "image.png",
                "title": "Pasted image at 2018-08-17, 1:49 AM",
                "mimetype": "image\/png",
                "filetype": "png",
                "pretty_type": "PNG",
                "user": "U8Z3VB1T2",
                "editable": false,
                "size": 741117,
                "mode": "hosted",
                "is_external": false,
                "external_type": "",
                "is_public": true,
                "public_url_shared": false,
                "display_as_bot": false,
                "username": "",
                "url_private": "https:\/\/files.slack.com\/files-pri\/T5M5PLH8U-FCA3PNHKN\/image.png?t=xoxe-191193697300-1655641665238-1662624174259-9d4966033b52bec8bbd54ad611c52557",
                "url_private_download": "https:\/\/files.slack.com\/files-pri\/T5M5PLH8U-FCA3PNHKN\/download\/image.png?t=xoxe-191193697300-1655641665238-1662624174259-9d4966033b52bec8bbd54ad611c52557",
                "thumb_64": "https:\/\/files.slack.com\/files-tmb\/T5M5PLH8U-FCA3PNHKN-70b60df71b\/image_64.png?t=xoxe-191193697300-1655641665238-1662624174259-9d4966033b52bec8bbd54ad611c52557",
                "thumb_80": "https:\/\/files.slack.com\/files-tmb\/T5M5PLH8U-FCA3PNHKN-70b60df71b\/image_80.png?t=xoxe-191193697300-1655641665238-1662624174259-9d4966033b52bec8bbd54ad611c52557",
                "thumb_360": "https:\/\/files.slack.com\/files-tmb\/T5M5PLH8U-FCA3PNHKN-70b60df71b\/image_360.png?t=xoxe-191193697300-1655641665238-1662624174259-9d4966033b52bec8bbd54ad611c52557",
                "thumb_360_w": 360,
                "thumb_360_h": 107,
                "thumb_480": "https:\/\/files.slack.com\/files-tmb\/T5M5PLH8U-FCA3PNHKN-70b60df71b\/image_480.png?t=xoxe-191193697300-1655641665238-1662624174259-9d4966033b52bec8bbd54ad611c52557",
                "thumb_480_w": 480,
                "thumb_480_h": 142,
                "thumb_160": "https:\/\/files.slack.com\/files-tmb\/T5M5PLH8U-FCA3PNHKN-70b60df71b\/image_160.png?t=xoxe-191193697300-1655641665238-1662624174259-9d4966033b52bec8bbd54ad611c52557",
                "thumb_720": "https:\/\/files.slack.com\/files-tmb\/T5M5PLH8U-FCA3PNHKN-70b60df71b\/image_720.png?t=xoxe-191193697300-1655641665238-1662624174259-9d4966033b52bec8bbd54ad611c52557",
                "thumb_720_w": 720,
                "thumb_720_h": 213,
                "thumb_800": "https:\/\/files.slack.com\/files-tmb\/T5M5PLH8U-FCA3PNHKN-70b60df71b\/image_800.png?t=xoxe-191193697300-1655641665238-1662624174259-9d4966033b52bec8bbd54ad611c52557",
                "thumb_800_w": 800,
                "thumb_800_h": 237,
                "thumb_960": "https:\/\/files.slack.com\/files-tmb\/T5M5PLH8U-FCA3PNHKN-70b60df71b\/image_960.png?t=xoxe-191193697300-1655641665238-1662624174259-9d4966033b52bec8bbd54ad611c52557",
                "thumb_960_w": 960,
                "thumb_960_h": 285,
                "thumb_1024": "https:\/\/files.slack.com\/files-tmb\/T5M5PLH8U-FCA3PNHKN-70b60df71b\/image_1024.png?t=xoxe-191193697300-1655641665238-1662624174259-9d4966033b52bec8bbd54ad611c52557",
                "thumb_1024_w": 1024,
                "thumb_1024_h": 303,
                "image_exif_rotation": 1,
                "original_w": 1768,
                "original_h": 524,
                "permalink": "https:\/\/usdevkit.slack.com\/files\/U8Z3VB1T2\/FCA3PNHKN\/image.png",
                "permalink_public": "https:\/\/slack-files.com\/T5M5PLH8U-FCA3PNHKN-125403a7bd",
                "is_starred": false,
                "has_rich_preview": false
            }
        ],
        "upload": true,
        "user": "U8Z3VB1T2",
        "display_as_bot": false,
        "ts": "1534495765.000100",
        "thread_ts": "1534495049.000100",
        "parent_user_id": "U5M5PLH9S"
    },
    {
        "client_msg_id": "6acc2851-e41f-49a7-968e-18ea3fdca921",
        "type": "message",
        "text": "input is 5V. output is adjustable by potentiometer, i set to 21V for now.",
        "user": "U8Z3VB1T2",
        "ts": "1534495808.000100",
        "team": "T5M5PLH8U",
        "user_team": "T5M5PLH8U",
        "source_team": "T5M5PLH8U",
        "user_profile": {
            "avatar_hash": "g49ad52d7df8",
            "image_72": "https:\/\/secure.gravatar.com\/avatar\/449ad52d7df89ecbe8ebe0fd87d3f63f.jpg?s=72&d=https%3A%2F%2Fa.slack-edge.com%2Fdf10d%2Fimg%2Favatars%2Fava_0026-72.png",
            "first_name": "",
            "real_name": "William Meng",
            "display_name": "",
            "team": "T5M5PLH8U",
            "name": "wlmeng11",
            "is_restricted": false,
            "is_ultra_restricted": false
        },
        "thread_ts": "1534444536.000100",
        "parent_user_id": "U8Z3VB1T2"
    },
    {
        "client_msg_id": "0335afaf-daed-4e44-ac3c-d7e909d46f74",
        "type": "message",
        "text": "Yes, double the chip because they want to have a bipolar design: Pulse+, Pulse-, and Damp",
        "user": "U5M5PLH9S",
        "ts": "1534495832.000100",
        "team": "T5M5PLH8U",
        "user_team": "T5M5PLH8U",
        "source_team": "T5M5PLH8U",
        "user_profile": {
            "avatar_hash": "e4fb6ae9f526",
            "image_72": "https:\/\/avatars.slack-edge.com\/2017-06-01\/191144530514_e4fb6ae9f526531fd41c_72.jpg",
            "first_name": "",
            "real_name": "kelu",
            "display_name": "",
            "team": "T5M5PLH8U",
            "name": "kelu",
            "is_restricted": false,
            "is_ultra_restricted": false
        }
    },
    {
        "client_msg_id": "9062327a-be85-4f50-b386-fa95f064e146",
        "type": "message",
        "text": "using this module: <https:\/\/www.amazon.com\/eBoot-Converter-Voltage-Adjustable-Step-up\/dp\/B06XWSV89D\/>",
        "user": "U8Z3VB1T2",
        "ts": "1534495839.000100",
        "team": "T5M5PLH8U",
        "user_team": "T5M5PLH8U",
        "source_team": "T5M5PLH8U",
        "user_profile": {
            "avatar_hash": "g49ad52d7df8",
            "image_72": "https:\/\/secure.gravatar.com\/avatar\/449ad52d7df89ecbe8ebe0fd87d3f63f.jpg?s=72&d=https%3A%2F%2Fa.slack-edge.com%2Fdf10d%2Fimg%2Favatars%2Fava_0026-72.png",
            "first_name": "",
            "real_name": "William Meng",
            "display_name": "",
            "team": "T5M5PLH8U",
            "name": "wlmeng11",
            "is_restricted": false,
            "is_ultra_restricted": false
        },
        "attachments": [
            {
                "title": "eBoot 5 Pack Boost Converter Module XL6009 DC to DC 3.0-30 V to 5-35 V Output Voltage Adjustable Step-up Circuit Board",
                "title_link": "https:\/\/www.amazon.com\/eBoot-Converter-Voltage-Adjustable-Step-up\/dp\/B06XWSV89D\/",
                "text": "eBoot 5 Pack XL6009 DC to DC 3.0-30 V to 5-35 V output voltage adjustable step-up power converter module Good performance DSN6009 is a good-performance 400KHz 4A switch currency step-up boost module. This module XL6009E1 is coming with the 3rd generation high-frequency switch technology as the co...",
                "fallback": "eBoot 5 Pack Boost Converter Module XL6009 DC to DC 3.0-30 V to 5-35 V Output Voltage Adjustable Step-up Circuit Board",
                "image_url": "https:\/\/images-na.ssl-images-amazon.com\/images\/I\/51t40G9E4eL._SR600%2c315_PIWhiteStrip%2cBottomLeft%2c0%2c35_PIAmznPrime%2cBottomLeft%2c0%2c-5_PIStarRatingFOUR%2cBottomLeft%2c360%2c-6_SR600%2c315_ZA(36%20Reviews)%2c445%2c291%2c400%2c400%2carial%2c12%2c4%2c0%2c0%2c5_SCLZZZZZZZ_.jpg",
                "from_url": "https:\/\/www.amazon.com\/eBoot-Converter-Voltage-Adjustable-Step-up\/dp\/B06XWSV89D\/",
                "image_width": 476,
                "image_height": 250,
                "image_bytes": 20962,
                "service_icon": "https:\/\/www.amazon.com\/favicon.ico",
                "service_name": "amazon.com",
                "id": 1,
                "original_url": "https:\/\/www.amazon.com\/eBoot-Converter-Voltage-Adjustable-Step-up\/dp\/B06XWSV89D\/"
            }
        ],
        "thread_ts": "1534444536.000100",
        "parent_user_id": "U8Z3VB1T2"
    },
    {
        "client_msg_id": "13a25664-03b2-4f8b-a340-fcf579ac87bf",
        "type": "message",
        "text": "on the left",
        "user": "U5M5PLH9S",
        "ts": "1534495851.000100",
        "team": "T5M5PLH8U",
        "user_team": "T5M5PLH8U",
        "source_team": "T5M5PLH8U",
        "user_profile": {
            "avatar_hash": "e4fb6ae9f526",
            "image_72": "https:\/\/avatars.slack-edge.com\/2017-06-01\/191144530514_e4fb6ae9f526531fd41c_72.jpg",
            "first_name": "",
            "real_name": "kelu",
            "display_name": "",
            "team": "T5M5PLH8U",
            "name": "kelu",
            "is_restricted": false,
            "is_ultra_restricted": false
        },
        "thread_ts": "1534495049.000100",
        "parent_user_id": "U5M5PLH9S"
    },
    {
        "client_msg_id": "d9a2ad42-a51f-4754-8df3-e0a0ef04b0f7",
        "type": "message",
        "text": "else, you'd damp at the same time you pulse :wink:",
        "user": "U5M5PLH9S",
        "ts": "1534495860.000100",
        "team": "T5M5PLH8U",
        "user_team": "T5M5PLH8U",
        "source_team": "T5M5PLH8U",
        "user_profile": {
            "avatar_hash": "e4fb6ae9f526",
            "image_72": "https:\/\/avatars.slack-edge.com\/2017-06-01\/191144530514_e4fb6ae9f526531fd41c_72.jpg",
            "first_name": "",
            "real_name": "kelu",
            "display_name": "",
            "team": "T5M5PLH8U",
            "name": "kelu",
            "is_restricted": false,
            "is_ultra_restricted": false
        },
        "thread_ts": "1534495049.000100",
        "parent_user_id": "U5M5PLH9S"
    },
    {
        "client_msg_id": "d27ceedc-b5ac-4650-9c76-9a4b1918c0ca",
        "type": "message",
        "text": "i see, thanks!! :smile:",
        "user": "U8Z3VB1T2",
        "ts": "1534495869.000100",
        "team": "T5M5PLH8U",
        "user_team": "T5M5PLH8U",
        "source_team": "T5M5PLH8U",
        "user_profile": {
            "avatar_hash": "g49ad52d7df8",
            "image_72": "https:\/\/secure.gravatar.com\/avatar\/449ad52d7df89ecbe8ebe0fd87d3f63f.jpg?s=72&d=https%3A%2F%2Fa.slack-edge.com%2Fdf10d%2Fimg%2Favatars%2Fava_0026-72.png",
            "first_name": "",
            "real_name": "William Meng",
            "display_name": "",
            "team": "T5M5PLH8U",
            "name": "wlmeng11",
            "is_restricted": false,
            "is_ultra_restricted": false
        },
        "thread_ts": "1534495049.000100",
        "parent_user_id": "U5M5PLH9S"
    },
    {
        "client_msg_id": "b2daaa23-28dc-4ccc-8478-4fcda63fd8ef",
        "type": "message",
        "text": "if you have only one polarity, then it's Pulse+ and Damp",
        "user": "U5M5PLH9S",
        "ts": "1534495874.000100",
        "team": "T5M5PLH8U",
        "user_team": "T5M5PLH8U",
        "source_team": "T5M5PLH8U",
        "user_profile": {
            "avatar_hash": "e4fb6ae9f526",
            "image_72": "https:\/\/avatars.slack-edge.com\/2017-06-01\/191144530514_e4fb6ae9f526531fd41c_72.jpg",
            "first_name": "",
            "real_name": "kelu",
            "display_name": "",
            "team": "T5M5PLH8U",
            "name": "kelu",
            "is_restricted": false,
            "is_ultra_restricted": false
        }
    },
    {
        "client_msg_id": "f76ffef4-9f71-4528-a6ba-93c4ff52a7a2",
        "type": "message",
        "text": "ah, so double chips is only needed for bipolar pulser with damping?",
        "user": "U8Z3VB1T2",
        "ts": "1534495894.000100",
        "team": "T5M5PLH8U",
        "user_team": "T5M5PLH8U",
        "source_team": "T5M5PLH8U",
        "user_profile": {
            "avatar_hash": "g49ad52d7df8",
            "image_72": "https:\/\/secure.gravatar.com\/avatar\/449ad52d7df89ecbe8ebe0fd87d3f63f.jpg?s=72&d=https%3A%2F%2Fa.slack-edge.com%2Fdf10d%2Fimg%2Favatars%2Fava_0026-72.png",
            "first_name": "",
            "real_name": "William Meng",
            "display_name": "",
            "team": "T5M5PLH8U",
            "name": "wlmeng11",
            "is_restricted": false,
            "is_ultra_restricted": false
        }
    },
    {
        "client_msg_id": "55287e4b-8429-4f9d-8640-defd0f254bd9",
        "type": "message",
        "text": "yes",
        "user": "U5M5PLH9S",
        "ts": "1534495899.000100",
        "team": "T5M5PLH8U",
        "user_team": "T5M5PLH8U",
        "source_team": "T5M5PLH8U",
        "user_profile": {
            "avatar_hash": "e4fb6ae9f526",
            "image_72": "https:\/\/avatars.slack-edge.com\/2017-06-01\/191144530514_e4fb6ae9f526531fd41c_72.jpg",
            "first_name": "",
            "real_name": "kelu",
            "display_name": "",
            "team": "T5M5PLH8U",
            "name": "kelu",
            "is_restricted": false,
            "is_ultra_restricted": false
        },
        "reactions": [
            {
                "name": "+1",
                "users": [
                    "U8Z3VB1T2"
                ],
                "count": 1
            }
        ]
    },
    {
        "client_msg_id": "341f25c5-2dbe-42b7-95d1-431dd2d6cb22",
        "type": "message",
        "text": "thanks!!!",
        "user": "U8Z3VB1T2",
        "ts": "1534495911.000100",
        "team": "T5M5PLH8U",
        "user_team": "T5M5PLH8U",
        "source_team": "T5M5PLH8U",
        "user_profile": {
            "avatar_hash": "g49ad52d7df8",
            "image_72": "https:\/\/secure.gravatar.com\/avatar\/449ad52d7df89ecbe8ebe0fd87d3f63f.jpg?s=72&d=https%3A%2F%2Fa.slack-edge.com%2Fdf10d%2Fimg%2Favatars%2Fava_0026-72.png",
            "first_name": "",
            "real_name": "William Meng",
            "display_name": "",
            "team": "T5M5PLH8U",
            "name": "wlmeng11",
            "is_restricted": false,
            "is_ultra_restricted": false
        }
    },
    {
        "client_msg_id": "ea434358-b292-415a-99de-ec8364d26b2d",
        "type": "message",
        "text": "np",
        "user": "U5M5PLH9S",
        "ts": "1534495915.000100",
        "team": "T5M5PLH8U",
        "user_team": "T5M5PLH8U",
        "source_team": "T5M5PLH8U",
        "user_profile": {
            "avatar_hash": "e4fb6ae9f526",
            "image_72": "https:\/\/avatars.slack-edge.com\/2017-06-01\/191144530514_e4fb6ae9f526531fd41c_72.jpg",
            "first_name": "",
            "real_name": "kelu",
            "display_name": "",
            "team": "T5M5PLH8U",
            "name": "kelu",
            "is_restricted": false,
            "is_ultra_restricted": false
        }
    },
    {
        "client_msg_id": "e88a94bc-ae90-4bd5-851a-a2ef23e1d604",
        "type": "message",
        "text": "Here's an example with my small DSO: <https:\/\/github.com\/kelu124\/echomods\/blob\/master\/matty\/images\/hv\/PonPoff_test\/25V_Piezo.png>",
        "user": "U5M5PLH9S",
        "ts": "1534496261.000100",
        "team": "T5M5PLH8U",
        "user_team": "T5M5PLH8U",
        "source_team": "T5M5PLH8U",
        "user_profile": {
            "avatar_hash": "e4fb6ae9f526",
            "image_72": "https:\/\/avatars.slack-edge.com\/2017-06-01\/191144530514_e4fb6ae9f526531fd41c_72.jpg",
            "first_name": "",
            "real_name": "kelu",
            "display_name": "",
            "team": "T5M5PLH8U",
            "name": "kelu",
            "is_restricted": false,
            "is_ultra_restricted": false
        },
        "thread_ts": "1534495049.000100",
        "parent_user_id": "U5M5PLH9S",
        "reactions": [
            {
                "name": "smile",
                "users": [
                    "U8Z3VB1T2"
                ],
                "count": 1
            }
        ]
    },
    {
        "client_msg_id": "5f90d19e-ea9f-482f-ac05-3fb0258620ae",
        "type": "message",
        "text": "leaving the damper on for like 2us",
        "user": "U5M5PLH9S",
        "ts": "1534496308.000100",
        "team": "T5M5PLH8U",
        "user_team": "T5M5PLH8U",
        "source_team": "T5M5PLH8U",
        "user_profile": {
            "avatar_hash": "e4fb6ae9f526",
            "image_72": "https:\/\/avatars.slack-edge.com\/2017-06-01\/191144530514_e4fb6ae9f526531fd41c_72.jpg",
            "first_name": "",
            "real_name": "kelu",
            "display_name": "",
            "team": "T5M5PLH8U",
            "name": "kelu",
            "is_restricted": false,
            "is_ultra_restricted": false
        },
        "thread_ts": "1534495049.000100",
        "parent_user_id": "U5M5PLH9S"
    },
    {
        "client_msg_id": "6536ee51-473e-4b39-8abb-5812f01f7057",
        "type": "message",
        "text": "thanks!! :smile:",
        "user": "U8Z3VB1T2",
        "ts": "1534496442.000100",
        "team": "T5M5PLH8U",
        "user_team": "T5M5PLH8U",
        "source_team": "T5M5PLH8U",
        "user_profile": {
            "avatar_hash": "g49ad52d7df8",
            "image_72": "https:\/\/secure.gravatar.com\/avatar\/449ad52d7df89ecbe8ebe0fd87d3f63f.jpg?s=72&d=https%3A%2F%2Fa.slack-edge.com%2Fdf10d%2Fimg%2Favatars%2Fava_0026-72.png",
            "first_name": "",
            "real_name": "William Meng",
            "display_name": "",
            "team": "T5M5PLH8U",
            "name": "wlmeng11",
            "is_restricted": false,
            "is_ultra_restricted": false
        },
        "thread_ts": "1534495049.000100",
        "parent_user_id": "U5M5PLH9S"
    },
    {
        "type": "message",
        "text": "Result for TGC circuit. It is a Howland integrator followed by comparator. Constructed with LMV722 opamp (low supply voltage, rail to rail, 10 MHz bandwidth :smile: ). Input to integrator is from Teensy’s DAC, so the ramp generator slope can be controlled. Yellow=V_GAIN,  Blue=TGC_TRIG (when V_GAIN reaches 1V -&gt; triggers comparator), Pink=TGC_RESET (sent by Teensy to activate NPN transistor to drain capacitor in integrator).",
        "files": [
            {
                "id": "FCAAW517C",
                "created": 1534496884,
                "timestamp": 1534496884,
                "name": "image.png",
                "title": "Pasted image at 2018-08-17, 2:08 AM",
                "mimetype": "image\/png",
                "filetype": "png",
                "pretty_type": "PNG",
                "user": "U8Z3VB1T2",
                "editable": false,
                "size": 47419,
                "mode": "hosted",
                "is_external": false,
                "external_type": "",
                "is_public": true,
                "public_url_shared": false,
                "display_as_bot": false,
                "username": "",
                "url_private": "https:\/\/files.slack.com\/files-pri\/T5M5PLH8U-FCAAW517C\/image.png?t=xoxe-191193697300-1655641665238-1662624174259-9d4966033b52bec8bbd54ad611c52557",
                "url_private_download": "https:\/\/files.slack.com\/files-pri\/T5M5PLH8U-FCAAW517C\/download\/image.png?t=xoxe-191193697300-1655641665238-1662624174259-9d4966033b52bec8bbd54ad611c52557",
                "thumb_64": "https:\/\/files.slack.com\/files-tmb\/T5M5PLH8U-FCAAW517C-753d287cf7\/image_64.png?t=xoxe-191193697300-1655641665238-1662624174259-9d4966033b52bec8bbd54ad611c52557",
                "thumb_80": "https:\/\/files.slack.com\/files-tmb\/T5M5PLH8U-FCAAW517C-753d287cf7\/image_80.png?t=xoxe-191193697300-1655641665238-1662624174259-9d4966033b52bec8bbd54ad611c52557",
                "thumb_360": "https:\/\/files.slack.com\/files-tmb\/T5M5PLH8U-FCAAW517C-753d287cf7\/image_360.png?t=xoxe-191193697300-1655641665238-1662624174259-9d4966033b52bec8bbd54ad611c52557",
                "thumb_360_w": 360,
                "thumb_360_h": 216,
                "thumb_480": "https:\/\/files.slack.com\/files-tmb\/T5M5PLH8U-FCAAW517C-753d287cf7\/image_480.png?t=xoxe-191193697300-1655641665238-1662624174259-9d4966033b52bec8bbd54ad611c52557",
                "thumb_480_w": 480,
                "thumb_480_h": 288,
                "thumb_160": "https:\/\/files.slack.com\/files-tmb\/T5M5PLH8U-FCAAW517C-753d287cf7\/image_160.png?t=xoxe-191193697300-1655641665238-1662624174259-9d4966033b52bec8bbd54ad611c52557",
                "thumb_720": "https:\/\/files.slack.com\/files-tmb\/T5M5PLH8U-FCAAW517C-753d287cf7\/image_720.png?t=xoxe-191193697300-1655641665238-1662624174259-9d4966033b52bec8bbd54ad611c52557",
                "thumb_720_w": 720,
                "thumb_720_h": 432,
                "thumb_800": "https:\/\/files.slack.com\/files-tmb\/T5M5PLH8U-FCAAW517C-753d287cf7\/image_800.png?t=xoxe-191193697300-1655641665238-1662624174259-9d4966033b52bec8bbd54ad611c52557",
                "thumb_800_w": 800,
                "thumb_800_h": 480,
                "image_exif_rotation": 1,
                "original_w": 800,
                "original_h": 480,
                "permalink": "https:\/\/usdevkit.slack.com\/files\/U8Z3VB1T2\/FCAAW517C\/image.png",
                "permalink_public": "https:\/\/slack-files.com\/T5M5PLH8U-FCAAW517C-05351f019c",
                "is_starred": false,
                "has_rich_preview": false
            }
        ],
        "upload": true,
        "user": "U8Z3VB1T2",
        "display_as_bot": false,
        "ts": "1534496887.000100"
    },
    {
        "client_msg_id": "3452ee09-8f0f-4e40-ac0c-d24d74aa87ad",
        "type": "message",
        "text": "going to sleep now (2am in california :sleeping:), thanks <@U5M5PLH9S> for the help!",
        "user": "U8Z3VB1T2",
        "ts": "1534496930.000100",
        "team": "T5M5PLH8U",
        "user_team": "T5M5PLH8U",
        "source_team": "T5M5PLH8U",
        "user_profile": {
            "avatar_hash": "g49ad52d7df8",
            "image_72": "https:\/\/secure.gravatar.com\/avatar\/449ad52d7df89ecbe8ebe0fd87d3f63f.jpg?s=72&d=https%3A%2F%2Fa.slack-edge.com%2Fdf10d%2Fimg%2Favatars%2Fava_0026-72.png",
            "first_name": "",
            "real_name": "William Meng",
            "display_name": "",
            "team": "T5M5PLH8U",
            "name": "wlmeng11",
            "is_restricted": false,
            "is_ultra_restricted": false
        },
        "reactions": [
            {
                "name": "slightly_smiling_face",
                "users": [
                    "U5M5PLH9S"
                ],
                "count": 1
            }
        ]
    }
]