[
    {
        "client_msg_id": "4a427636-b6c0-4c58-9131-091a4491ec97",
        "type": "message",
        "text": "Haha",
        "user": "U5M5PLH9S",
        "ts": "1535526081.000100",
        "team": "T5M5PLH8U",
        "user_team": "T5M5PLH8U",
        "source_team": "T5M5PLH8U",
        "user_profile": {
            "avatar_hash": "e4fb6ae9f526",
            "image_72": "https:\/\/avatars.slack-edge.com\/2017-06-01\/191144530514_e4fb6ae9f526531fd41c_72.jpg",
            "first_name": "",
            "real_name": "kelu",
            "display_name": "",
            "team": "T5M5PLH8U",
            "name": "kelu",
            "is_restricted": false,
            "is_ultra_restricted": false
        },
        "thread_ts": "1535460510.000200",
        "parent_user_id": "U5M5PLH9S"
    },
    {
        "client_msg_id": "bafe0e3d-8e84-49c6-ba78-1725e66c1094",
        "type": "message",
        "text": "<@U8Z3VB1T2> awesome, great job, great write up!",
        "user": "U5M5PLH9S",
        "ts": "1535526111.000100",
        "team": "T5M5PLH8U",
        "user_team": "T5M5PLH8U",
        "source_team": "T5M5PLH8U",
        "user_profile": {
            "avatar_hash": "e4fb6ae9f526",
            "image_72": "https:\/\/avatars.slack-edge.com\/2017-06-01\/191144530514_e4fb6ae9f526531fd41c_72.jpg",
            "first_name": "",
            "real_name": "kelu",
            "display_name": "",
            "team": "T5M5PLH8U",
            "name": "kelu",
            "is_restricted": false,
            "is_ultra_restricted": false
        }
    },
    {
        "client_msg_id": "dec80584-7b0a-476b-815d-7649574413bc",
        "type": "message",
        "text": "Thanks for sharing :)",
        "user": "U5M5PLH9S",
        "ts": "1535526126.000100",
        "team": "T5M5PLH8U",
        "user_team": "T5M5PLH8U",
        "source_team": "T5M5PLH8U",
        "user_profile": {
            "avatar_hash": "e4fb6ae9f526",
            "image_72": "https:\/\/avatars.slack-edge.com\/2017-06-01\/191144530514_e4fb6ae9f526531fd41c_72.jpg",
            "first_name": "",
            "real_name": "kelu",
            "display_name": "",
            "team": "T5M5PLH8U",
            "name": "kelu",
            "is_restricted": false,
            "is_ultra_restricted": false
        }
    },
    {
        "client_msg_id": "c8727c04-cb6c-4127-a88a-59ca0fcfae63",
        "type": "message",
        "text": "For demo and calibration purposes, I would suggest you to use a wirephantom (eg <https:\/\/github.com\/kelu124\/echomods\/blob\/master\/wirephantom\/Readme.md> ) with thing reflectors (ideally coated in retrodiffusors, like graphite powder, possibly glued to your wires. With a known geometry, it's much easier to interpret your image, as check the geometry",
        "user": "U5M5PLH9S",
        "ts": "1535526259.000100",
        "team": "T5M5PLH8U",
        "user_team": "T5M5PLH8U",
        "source_team": "T5M5PLH8U",
        "user_profile": {
            "avatar_hash": "e4fb6ae9f526",
            "image_72": "https:\/\/avatars.slack-edge.com\/2017-06-01\/191144530514_e4fb6ae9f526531fd41c_72.jpg",
            "first_name": "",
            "real_name": "kelu",
            "display_name": "",
            "team": "T5M5PLH8U",
            "name": "kelu",
            "is_restricted": false,
            "is_ultra_restricted": false
        },
        "thread_ts": "1535526259.000100",
        "reply_count": 1,
        "reply_users_count": 1,
        "latest_reply": "1535585720.000100",
        "reply_users": [
            "U8Z3VB1T2"
        ],
        "replies": [
            {
                "user": "U8Z3VB1T2",
                "ts": "1535585720.000100"
            }
        ],
        "subscribed": true,
        "last_read": "1535649429.000580"
    },
    {
        "client_msg_id": "4aa6af6d-8c9a-4dfd-8135-ee460a8eb9de",
        "type": "message",
        "text": "Going through it.. Amazing. ",
        "user": "U5M5PLH9S",
        "ts": "1535565519.000200",
        "team": "T5M5PLH8U",
        "user_team": "T5M5PLH8U",
        "source_team": "T5M5PLH8U",
        "user_profile": {
            "avatar_hash": "e4fb6ae9f526",
            "image_72": "https:\/\/avatars.slack-edge.com\/2017-06-01\/191144530514_e4fb6ae9f526531fd41c_72.jpg",
            "first_name": "",
            "real_name": "kelu",
            "display_name": "",
            "team": "T5M5PLH8U",
            "name": "kelu",
            "is_restricted": false,
            "is_ultra_restricted": false
        },
        "reactions": [
            {
                "name": "smile",
                "users": [
                    "U8Z3VB1T2"
                ],
                "count": 1
            }
        ]
    },
    {
        "client_msg_id": "f132cd9b-b08b-410e-bfc0-e7173b4c309c",
        "type": "message",
        "text": "If I understand well,  rtl sdr brings the signal closer to 0 to get it within adc range and then samples. 2.56msps iq means in theory that it's 2x2.56 then?",
        "user": "U5M5PLH9S",
        "ts": "1535565572.000100",
        "team": "T5M5PLH8U",
        "user_team": "T5M5PLH8U",
        "source_team": "T5M5PLH8U",
        "user_profile": {
            "avatar_hash": "e4fb6ae9f526",
            "image_72": "https:\/\/avatars.slack-edge.com\/2017-06-01\/191144530514_e4fb6ae9f526531fd41c_72.jpg",
            "first_name": "",
            "real_name": "kelu",
            "display_name": "",
            "team": "T5M5PLH8U",
            "name": "kelu",
            "is_restricted": false,
            "is_ultra_restricted": false
        },
        "thread_ts": "1535565572.000100",
        "reply_count": 8,
        "reply_users_count": 2,
        "latest_reply": "1535893367.000100",
        "reply_users": [
            "U8Z3VB1T2",
            "U5M5PLH9S"
        ],
        "replies": [
            {
                "user": "U8Z3VB1T2",
                "ts": "1535585768.000100"
            },
            {
                "user": "U8Z3VB1T2",
                "ts": "1535585803.000100"
            },
            {
                "user": "U8Z3VB1T2",
                "ts": "1535594153.000100"
            },
            {
                "user": "U8Z3VB1T2",
                "ts": "1535594626.000100"
            },
            {
                "user": "U5M5PLH9S",
                "ts": "1535649482.000100"
            },
            {
                "user": "U8Z3VB1T2",
                "ts": "1535660951.000100"
            },
            {
                "user": "U5M5PLH9S",
                "ts": "1535877901.000100"
            },
            {
                "user": "U8Z3VB1T2",
                "ts": "1535893367.000100"
            }
        ],
        "subscribed": true,
        "last_read": "1535894779.000000"
    },
    {
        "client_msg_id": "5d319103-115b-4f57-b52c-31c5f3b67c5a",
        "type": "message",
        "text": "In your image, there's a Fc at 8MHz, does that mean you're looking at a piezo centered around 8MHz ? Seems high for an unbacked piezo ?",
        "user": "U5M5PLH9S",
        "ts": "1535570743.000100",
        "team": "T5M5PLH8U",
        "user_team": "T5M5PLH8U",
        "source_team": "T5M5PLH8U",
        "user_profile": {
            "avatar_hash": "e4fb6ae9f526",
            "image_72": "https:\/\/avatars.slack-edge.com\/2017-06-01\/191144530514_e4fb6ae9f526531fd41c_72.jpg",
            "first_name": "",
            "real_name": "kelu",
            "display_name": "",
            "team": "T5M5PLH8U",
            "name": "kelu",
            "is_restricted": false,
            "is_ultra_restricted": false
        },
        "thread_ts": "1535570743.000100",
        "reply_count": 1,
        "reply_users_count": 1,
        "latest_reply": "1535586110.000100",
        "reply_users": [
            "U8Z3VB1T2"
        ],
        "replies": [
            {
                "user": "U8Z3VB1T2",
                "ts": "1535586110.000100"
            }
        ],
        "subscribed": true,
        "last_read": "1535649429.000580"
    },
    {
        "client_msg_id": "e8bfdf96-fc7d-446d-8b7c-9c11a7457cc6",
        "type": "message",
        "text": "Thanks, I’ll have to try that out!",
        "user": "U8Z3VB1T2",
        "ts": "1535585720.000100",
        "team": "T5M5PLH8U",
        "user_team": "T5M5PLH8U",
        "source_team": "T5M5PLH8U",
        "user_profile": {
            "avatar_hash": "g49ad52d7df8",
            "image_72": "https:\/\/secure.gravatar.com\/avatar\/449ad52d7df89ecbe8ebe0fd87d3f63f.jpg?s=72&d=https%3A%2F%2Fa.slack-edge.com%2Fdf10d%2Fimg%2Favatars%2Fava_0026-72.png",
            "first_name": "",
            "real_name": "William Meng",
            "display_name": "",
            "team": "T5M5PLH8U",
            "name": "wlmeng11",
            "is_restricted": false,
            "is_ultra_restricted": false
        },
        "thread_ts": "1535526259.000100",
        "parent_user_id": "U5M5PLH9S",
        "reactions": [
            {
                "name": "+1",
                "users": [
                    "U5M5PLH9S"
                ],
                "count": 1
            }
        ]
    },
    {
        "client_msg_id": "2b97123e-2bb8-4041-89cd-2a757db44049",
        "type": "message",
        "text": "Yes, I and Q are both 2.56 Msps, so the overall datarate is twice that (plus overhead of packets)",
        "user": "U8Z3VB1T2",
        "ts": "1535585768.000100",
        "team": "T5M5PLH8U",
        "user_team": "T5M5PLH8U",
        "source_team": "T5M5PLH8U",
        "user_profile": {
            "avatar_hash": "g49ad52d7df8",
            "image_72": "https:\/\/secure.gravatar.com\/avatar\/449ad52d7df89ecbe8ebe0fd87d3f63f.jpg?s=72&d=https%3A%2F%2Fa.slack-edge.com%2Fdf10d%2Fimg%2Favatars%2Fava_0026-72.png",
            "first_name": "",
            "real_name": "William Meng",
            "display_name": "",
            "team": "T5M5PLH8U",
            "name": "wlmeng11",
            "is_restricted": false,
            "is_ultra_restricted": false
        },
        "thread_ts": "1535565572.000100",
        "parent_user_id": "U5M5PLH9S"
    },
    {
        "client_msg_id": "e8be89b2-287c-47e1-b526-15e21b00fade",
        "type": "message",
        "text": "See “Clarification” section here for overview of how the signal is demodulated: <https:\/\/github.com\/kelu124\/rtl-ultrasound\/blob\/master\/experiments\/20180811\/rtlsdr_timedomain_test.ipynb>",
        "user": "U8Z3VB1T2",
        "ts": "1535585803.000100",
        "team": "T5M5PLH8U",
        "user_team": "T5M5PLH8U",
        "source_team": "T5M5PLH8U",
        "user_profile": {
            "avatar_hash": "g49ad52d7df8",
            "image_72": "https:\/\/secure.gravatar.com\/avatar\/449ad52d7df89ecbe8ebe0fd87d3f63f.jpg?s=72&d=https%3A%2F%2Fa.slack-edge.com%2Fdf10d%2Fimg%2Favatars%2Fava_0026-72.png",
            "first_name": "",
            "real_name": "William Meng",
            "display_name": "",
            "team": "T5M5PLH8U",
            "name": "wlmeng11",
            "is_restricted": false,
            "is_ultra_restricted": false
        },
        "thread_ts": "1535565572.000100",
        "parent_user_id": "U5M5PLH9S"
    },
    {
        "client_msg_id": "70935d12-0e85-47d0-aa57-2d5ecdc4ce8f",
        "type": "message",
        "text": "The Aug 12-13 experiments were using your data from matty, transmitted by HackRF, so I set Fc=8MHz.\n\nThe Aug 18 experiment was using 4.25 MHz piezo, but I accidentally set Fc=8MHz. But the IQ data still turned out okay, not sure why.\n\nThe subsequent experiments use Fc=4.25 MHz (default in rtl_to_npz script).",
        "user": "U8Z3VB1T2",
        "ts": "1535586110.000100",
        "team": "T5M5PLH8U",
        "user_team": "T5M5PLH8U",
        "source_team": "T5M5PLH8U",
        "user_profile": {
            "avatar_hash": "g49ad52d7df8",
            "image_72": "https:\/\/secure.gravatar.com\/avatar\/449ad52d7df89ecbe8ebe0fd87d3f63f.jpg?s=72&d=https%3A%2F%2Fa.slack-edge.com%2Fdf10d%2Fimg%2Favatars%2Fava_0026-72.png",
            "first_name": "",
            "real_name": "William Meng",
            "display_name": "",
            "team": "T5M5PLH8U",
            "name": "wlmeng11",
            "is_restricted": false,
            "is_ultra_restricted": false
        },
        "thread_ts": "1535570743.000100",
        "parent_user_id": "U5M5PLH9S"
    },
    {
        "client_msg_id": "cabf2a98-be6f-433d-8c81-8aa6078c45de",
        "type": "message",
        "text": "The ADC is actually fast enough (28.8 Msps) to do direct sampling of ultrasound signals, but USB 2.0 doesn’t have enough bandwidth to reliably transfer that much data. So the solution in RTL-SDR is to do quadrature demodulation of the digital discrete time signal, which produces I and Q at a lower sample rate. With a USB 3.0 SDR (eg. LimeSDR) you could transfer much faster, but that raises the cost a lot.",
        "user": "U8Z3VB1T2",
        "ts": "1535594153.000100",
        "team": "T5M5PLH8U",
        "user_team": "T5M5PLH8U",
        "source_team": "T5M5PLH8U",
        "user_profile": {
            "avatar_hash": "g49ad52d7df8",
            "image_72": "https:\/\/secure.gravatar.com\/avatar\/449ad52d7df89ecbe8ebe0fd87d3f63f.jpg?s=72&d=https%3A%2F%2Fa.slack-edge.com%2Fdf10d%2Fimg%2Favatars%2Fava_0026-72.png",
            "first_name": "",
            "real_name": "William Meng",
            "display_name": "",
            "team": "T5M5PLH8U",
            "name": "wlmeng11",
            "is_restricted": false,
            "is_ultra_restricted": false
        },
        "thread_ts": "1535565572.000100",
        "parent_user_id": "U5M5PLH9S"
    },
    {
        "client_msg_id": "db94e8c8-f37c-43b1-8621-c4f5d12cda61",
        "type": "message",
        "text": "The nice thing about doing quadrature demodulation digitally is you don’t need a PLL and analog mixer. Instead you only need to generate a digital sin &amp; cos and do digital multiplication, which can be done efficiently on an ASIC, which I suspect is what the RTL2832U does.",
        "user": "U8Z3VB1T2",
        "ts": "1535594626.000100",
        "team": "T5M5PLH8U",
        "user_team": "T5M5PLH8U",
        "source_team": "T5M5PLH8U",
        "user_profile": {
            "avatar_hash": "g49ad52d7df8",
            "image_72": "https:\/\/secure.gravatar.com\/avatar\/449ad52d7df89ecbe8ebe0fd87d3f63f.jpg?s=72&d=https%3A%2F%2Fa.slack-edge.com%2Fdf10d%2Fimg%2Favatars%2Fava_0026-72.png",
            "first_name": "",
            "real_name": "William Meng",
            "display_name": "",
            "team": "T5M5PLH8U",
            "name": "wlmeng11",
            "is_restricted": false,
            "is_ultra_restricted": false
        },
        "edited": {
            "user": "U8Z3VB1T2",
            "ts": "1535594638.000000"
        },
        "thread_ts": "1535565572.000100",
        "parent_user_id": "U5M5PLH9S"
    }
]