[
    {
        "client_msg_id": "5011dfa6-ee13-4de4-aa71-cfe2ab16d7ad",
        "type": "message",
        "text": "<!channel> Prototype PCBs of SimpleRick v1.1 are now for sale on Tindie! Currently, I’m only shipping in the US, but if you are outside of the US and would like to buy one, please DM me! <https:\/\/www.tindie.com\/products\/wlmeng11\/simplerick-v11-prototype-pcb\/>",
        "user": "U8Z3VB1T2",
        "ts": "1536800443.000200",
        "team": "T5M5PLH8U",
        "user_team": "T5M5PLH8U",
        "source_team": "T5M5PLH8U",
        "user_profile": {
            "avatar_hash": "g49ad52d7df8",
            "image_72": "https:\/\/secure.gravatar.com\/avatar\/449ad52d7df89ecbe8ebe0fd87d3f63f.jpg?s=72&d=https%3A%2F%2Fa.slack-edge.com%2Fdf10d%2Fimg%2Favatars%2Fava_0026-72.png",
            "first_name": "",
            "real_name": "William Meng",
            "display_name": "",
            "team": "T5M5PLH8U",
            "name": "wlmeng11",
            "is_restricted": false,
            "is_ultra_restricted": false
        },
        "attachments": [
            {
                "service_name": "Tindie",
                "title": "SimpleRick v1.1 prototype PCB by William Meng on Tindie",
                "title_link": "https:\/\/www.tindie.com\/products\/wlmeng11\/simplerick-v11-prototype-pcb\/",
                "text": "Low-cost 2D ultrasound imaging for makers",
                "fallback": "Tindie: SimpleRick v1.1 prototype PCB by William Meng on Tindie",
                "image_url": "https:\/\/cdn.tindiemedia.com\/images\/resize\/1ERGsbXC5h53n3T0BQe916Y-Tg8=\/p\/1200x630\/smart\/i\/59824\/products\/2018-09-03T18%3A38%3A17.494Z-DSCN7921.JPG",
                "from_url": "https:\/\/www.tindie.com\/products\/wlmeng11\/simplerick-v11-prototype-pcb\/",
                "image_width": 476,
                "image_height": 250,
                "image_bytes": 188718,
                "service_icon": "https:\/\/d2ss6ovg47m0r5.cloudfront.net\/ico\/apples-touch-icon-precomposed.png",
                "id": 1,
                "original_url": "https:\/\/www.tindie.com\/products\/wlmeng11\/simplerick-v11-prototype-pcb\/"
            }
        ],
        "reactions": [
            {
                "name": "man-cartwheeling",
                "users": [
                    "U5M5PLH9S"
                ],
                "count": 1
            }
        ]
    },
    {
        "client_msg_id": "95ca8156-14c4-4124-bab0-ee2b27feaeb6",
        "type": "message",
        "text": "Contrats ! Are the plates on the bottom test points?",
        "user": "U5M5PLH9S",
        "ts": "1536816252.000100",
        "team": "T5M5PLH8U",
        "user_team": "T5M5PLH8U",
        "source_team": "T5M5PLH8U",
        "user_profile": {
            "avatar_hash": "e4fb6ae9f526",
            "image_72": "https:\/\/avatars.slack-edge.com\/2017-06-01\/191144530514_e4fb6ae9f526531fd41c_72.jpg",
            "first_name": "",
            "real_name": "kelu",
            "display_name": "",
            "team": "T5M5PLH8U",
            "name": "kelu",
            "is_restricted": false,
            "is_ultra_restricted": false
        },
        "thread_ts": "1536816252.000100",
        "reply_count": 7,
        "reply_users_count": 2,
        "latest_reply": "1537422818.000100",
        "reply_users": [
            "U8Z3VB1T2",
            "U5M5PLH9S"
        ],
        "replies": [
            {
                "user": "U8Z3VB1T2",
                "ts": "1536862275.000100"
            },
            {
                "user": "U8Z3VB1T2",
                "ts": "1537108579.000100"
            },
            {
                "user": "U5M5PLH9S",
                "ts": "1537120338.000100"
            },
            {
                "user": "U5M5PLH9S",
                "ts": "1537120371.000100"
            },
            {
                "user": "U8Z3VB1T2",
                "ts": "1537394230.000100"
            },
            {
                "user": "U5M5PLH9S",
                "ts": "1537422815.000100"
            },
            {
                "user": "U5M5PLH9S",
                "ts": "1537422818.000100"
            }
        ],
        "subscribed": true,
        "last_read": "1537422818.000100"
    }
]