[
    {
        "client_msg_id": "5ce818fd-bc21-4b9b-a40f-7eba15dda515",
        "type": "message",
        "text": "<@U8Z3VB1T2> pcbs are clean, seem quite good. Who is the fab?",
        "user": "U5M5PLH9S",
        "ts": "1536860849.000100",
        "team": "T5M5PLH8U",
        "user_team": "T5M5PLH8U",
        "source_team": "T5M5PLH8U",
        "user_profile": {
            "avatar_hash": "e4fb6ae9f526",
            "image_72": "https:\/\/avatars.slack-edge.com\/2017-06-01\/191144530514_e4fb6ae9f526531fd41c_72.jpg",
            "first_name": "",
            "real_name": "kelu",
            "display_name": "",
            "team": "T5M5PLH8U",
            "name": "kelu",
            "is_restricted": false,
            "is_ultra_restricted": false
        },
        "thread_ts": "1536860849.000100",
        "reply_count": 2,
        "reply_users_count": 2,
        "latest_reply": "1536862796.000100",
        "reply_users": [
            "U8Z3VB1T2",
            "U5M5PLH9S"
        ],
        "replies": [
            {
                "user": "U8Z3VB1T2",
                "ts": "1536862288.000100"
            },
            {
                "user": "U5M5PLH9S",
                "ts": "1536862796.000100"
            }
        ],
        "subscribed": true,
        "last_read": "1536862796.000100"
    },
    {
        "type": "message",
        "text": "Yes! Keystone 6013, if I recall correctly ",
        "user": "U8Z3VB1T2",
        "ts": "1536862275.000100",
        "team": "T5M5PLH8U",
        "user_team": "T5M5PLH8U",
        "source_team": "T5M5PLH8U",
        "user_profile": {
            "avatar_hash": "g49ad52d7df8",
            "image_72": "https:\/\/secure.gravatar.com\/avatar\/449ad52d7df89ecbe8ebe0fd87d3f63f.jpg?s=72&d=https%3A%2F%2Fa.slack-edge.com%2Fdf10d%2Fimg%2Favatars%2Fava_0026-72.png",
            "first_name": "",
            "real_name": "William Meng",
            "display_name": "",
            "team": "T5M5PLH8U",
            "name": "wlmeng11",
            "is_restricted": false,
            "is_ultra_restricted": false
        },
        "thread_ts": "1536816252.000100",
        "parent_user_id": "U5M5PLH9S"
    },
    {
        "type": "message",
        "text": "JLC PCB",
        "user": "U8Z3VB1T2",
        "ts": "1536862288.000100",
        "team": "T5M5PLH8U",
        "user_team": "T5M5PLH8U",
        "source_team": "T5M5PLH8U",
        "user_profile": {
            "avatar_hash": "g49ad52d7df8",
            "image_72": "https:\/\/secure.gravatar.com\/avatar\/449ad52d7df89ecbe8ebe0fd87d3f63f.jpg?s=72&d=https%3A%2F%2Fa.slack-edge.com%2Fdf10d%2Fimg%2Favatars%2Fava_0026-72.png",
            "first_name": "",
            "real_name": "William Meng",
            "display_name": "",
            "team": "T5M5PLH8U",
            "name": "wlmeng11",
            "is_restricted": false,
            "is_ultra_restricted": false
        },
        "thread_ts": "1536860849.000100",
        "parent_user_id": "U5M5PLH9S"
    },
    {
        "client_msg_id": "a962b6c1-1eae-4f68-b82c-6d5118932ac6",
        "type": "message",
        "text": "Excellent ",
        "user": "U5M5PLH9S",
        "ts": "1536862796.000100",
        "team": "T5M5PLH8U",
        "user_team": "T5M5PLH8U",
        "source_team": "T5M5PLH8U",
        "user_profile": {
            "avatar_hash": "e4fb6ae9f526",
            "image_72": "https:\/\/avatars.slack-edge.com\/2017-06-01\/191144530514_e4fb6ae9f526531fd41c_72.jpg",
            "first_name": "",
            "real_name": "kelu",
            "display_name": "",
            "team": "T5M5PLH8U",
            "name": "kelu",
            "is_restricted": false,
            "is_ultra_restricted": false
        },
        "thread_ts": "1536860849.000100",
        "parent_user_id": "U5M5PLH9S"
    }
]