[
    {
        "client_msg_id": "a51a9b4a-a85c-4c34-b303-cde974c06ea9",
        "type": "message",
        "text": "Seems like a great chip. You just pick whatever band of interest to you ",
        "user": "U5M5PLH9S",
        "ts": "1535649482.000100",
        "team": "T5M5PLH8U",
        "user_team": "T5M5PLH8U",
        "source_team": "T5M5PLH8U",
        "user_profile": {
            "avatar_hash": "e4fb6ae9f526",
            "image_72": "https:\/\/avatars.slack-edge.com\/2017-06-01\/191144530514_e4fb6ae9f526531fd41c_72.jpg",
            "first_name": "",
            "real_name": "kelu",
            "display_name": "",
            "team": "T5M5PLH8U",
            "name": "kelu",
            "is_restricted": false,
            "is_ultra_restricted": false
        },
        "thread_ts": "1535565572.000100",
        "parent_user_id": "U5M5PLH9S"
    },
    {
        "client_msg_id": "8d1b34bc-c0e5-4191-9c20-125c89ce1396",
        "type": "message",
        "text": "Exactly :slightly_smiling_face:\nToo bad it’s difficult to buy the chip by itself, and there’s very little documentation about the chip without NDA. But the amateur radio community has done a great job with reverse engineering the software driver.",
        "user": "U8Z3VB1T2",
        "ts": "1535660951.000100",
        "team": "T5M5PLH8U",
        "user_team": "T5M5PLH8U",
        "source_team": "T5M5PLH8U",
        "user_profile": {
            "avatar_hash": "g49ad52d7df8",
            "image_72": "https:\/\/secure.gravatar.com\/avatar\/449ad52d7df89ecbe8ebe0fd87d3f63f.jpg?s=72&d=https%3A%2F%2Fa.slack-edge.com%2Fdf10d%2Fimg%2Favatars%2Fava_0026-72.png",
            "first_name": "",
            "real_name": "William Meng",
            "display_name": "",
            "team": "T5M5PLH8U",
            "name": "wlmeng11",
            "is_restricted": false,
            "is_ultra_restricted": false
        },
        "thread_ts": "1535565572.000100",
        "parent_user_id": "U5M5PLH9S",
        "reactions": [
            {
                "name": "+1",
                "users": [
                    "U5M5PLH9S"
                ],
                "count": 1
            }
        ]
    },
    {
        "client_msg_id": "6448aef8-d60d-49f0-9f58-58e3f3ddfc26",
        "type": "message",
        "text": "Featured on RTL-SDR blog: <https:\/\/www.rtl-sdr.com\/rtl_ultrasound-using-a-piezoelectric-transducer-with-an-rtl-sdr-to-create-an-ultrasound-imager\/>",
        "user": "U8Z3VB1T2",
        "ts": "1535691656.000100",
        "team": "T5M5PLH8U",
        "user_team": "T5M5PLH8U",
        "source_team": "T5M5PLH8U",
        "user_profile": {
            "avatar_hash": "g49ad52d7df8",
            "image_72": "https:\/\/secure.gravatar.com\/avatar\/449ad52d7df89ecbe8ebe0fd87d3f63f.jpg?s=72&d=https%3A%2F%2Fa.slack-edge.com%2Fdf10d%2Fimg%2Favatars%2Fava_0026-72.png",
            "first_name": "",
            "real_name": "William Meng",
            "display_name": "",
            "team": "T5M5PLH8U",
            "name": "wlmeng11",
            "is_restricted": false,
            "is_ultra_restricted": false
        },
        "attachments": [
            {
                "service_name": "rtl-sdr.com",
                "title": "rtl_ultrasound: Using a Piezoelectric Transducer with an RTL-SDR to Create an Ultrasound Imager",
                "title_link": "https:\/\/www.rtl-sdr.com\/rtl_ultrasound-using-a-piezoelectric-transducer-with-an-rtl-sdr-to-create-an-ultrasound-imager\/",
                "text": "Over on GitHub an interesting project that involves using an ultrasound transducer and RTL-SDR to create a low cost 2D ultrasound imager has been uploaded. Ultrasound imagers transmit acoustic sound waves with a transducer at frequencies between 1 - 5 MHz, and then listens for the audio reflections from objects in the audio waves path. This  technique is commonly used in the medical field for imaging inside the body without using damaging ionizing radiation like with x-rays. The project by wlmeng11 is based on the open un0rick hardware, which is an open source ultrasound imager. wlmeng11's idea is to simplify and",
                "fallback": "rtl-sdr.com: rtl_ultrasound: Using a Piezoelectric Transducer with an RTL-SDR to Create an Ultrasound Imager",
                "thumb_url": "https:\/\/www.rtl-sdr.com\/wp-content\/uploads\/2018\/08\/rtl_ultrasound_ControlAnd2Weights.jpg",
                "ts": 1535606230,
                "from_url": "https:\/\/www.rtl-sdr.com\/rtl_ultrasound-using-a-piezoelectric-transducer-with-an-rtl-sdr-to-create-an-ultrasound-imager\/",
                "thumb_width": 1266,
                "thumb_height": 1108,
                "service_icon": "https:\/\/www.rtl-sdr.com\/favicon.ico",
                "id": 1,
                "original_url": "https:\/\/www.rtl-sdr.com\/rtl_ultrasound-using-a-piezoelectric-transducer-with-an-rtl-sdr-to-create-an-ultrasound-imager\/"
            }
        ]
    }
]