[
    {
        "type": "message",
        "subtype": "thread_broadcast",
        "text": "<@U8Z3VB1T2>  is rather on the simpler and less expensive electronics side :) (no ftdi, no ram,..  Already a budget less ^^)",
        "user": "U5M5PLH9S",
        "ts": "1535877605.000100",
        "thread_ts": "1535832160.000100",
        "root": {
            "client_msg_id": "83186049-2096-4190-BC76-3F0C1A928EF4",
            "type": "message",
            "text": "Hi, hopefully you could could help :sweat_smile:",
            "user": "UCKEJ93DZ",
            "ts": "1535832160.000100",
            "team": "T5M5PLH8U",
            "thread_ts": "1535832160.000100",
            "reply_count": 6,
            "reply_users_count": 3,
            "latest_reply": "1535877605.000100",
            "reply_users": [
                "U8Z3VB1T2",
                "UCKEJ93DZ",
                "U5M5PLH9S"
            ],
            "subscribed": true,
            "last_read": "1535877605.000100"
        },
        "client_msg_id": "a6d44c65-ab99-4f8f-9323-504ba6e174d6",
        "edited": {
            "user": "U5M5PLH9S",
            "ts": "1535877659.000000"
        }
    },
    {
        "client_msg_id": "86bf265a-1154-4a8c-8c16-5e61a50388bc",
        "type": "message",
        "text": "Hum the only thing is see missing is the ability to save some digital inputs in this flow - would be nice to have a line tracker or timestamp of sorts, at least to track pulse timings",
        "user": "U5M5PLH9S",
        "ts": "1535877901.000100",
        "team": "T5M5PLH8U",
        "user_team": "T5M5PLH8U",
        "source_team": "T5M5PLH8U",
        "user_profile": {
            "avatar_hash": "e4fb6ae9f526",
            "image_72": "https:\/\/avatars.slack-edge.com\/2017-06-01\/191144530514_e4fb6ae9f526531fd41c_72.jpg",
            "first_name": "",
            "real_name": "kelu",
            "display_name": "",
            "team": "T5M5PLH8U",
            "name": "kelu",
            "is_restricted": false,
            "is_ultra_restricted": false
        },
        "thread_ts": "1535565572.000100",
        "parent_user_id": "U5M5PLH9S"
    },
    {
        "type": "message",
        "text": "Exactly, this complicated the scan line slicing. My workaround was to introduce deadtime and trigger holdoff. ",
        "user": "U8Z3VB1T2",
        "ts": "1535893367.000100",
        "team": "T5M5PLH8U",
        "user_team": "T5M5PLH8U",
        "source_team": "T5M5PLH8U",
        "user_profile": {
            "avatar_hash": "g49ad52d7df8",
            "image_72": "https:\/\/secure.gravatar.com\/avatar\/449ad52d7df89ecbe8ebe0fd87d3f63f.jpg?s=72&d=https%3A%2F%2Fa.slack-edge.com%2Fdf10d%2Fimg%2Favatars%2Fava_0026-72.png",
            "first_name": "",
            "real_name": "William Meng",
            "display_name": "",
            "team": "T5M5PLH8U",
            "name": "wlmeng11",
            "is_restricted": false,
            "is_ultra_restricted": false
        },
        "thread_ts": "1535565572.000100",
        "parent_user_id": "U5M5PLH9S"
    }
]