[
    {
        "type": "message",
        "text": "Nope, don’t have a current probe :\/ ",
        "user": "U8Z3VB1T2",
        "ts": "1537394230.000100",
        "team": "T5M5PLH8U",
        "user_team": "T5M5PLH8U",
        "source_team": "T5M5PLH8U",
        "user_profile": {
            "avatar_hash": "g49ad52d7df8",
            "image_72": "https:\/\/secure.gravatar.com\/avatar\/449ad52d7df89ecbe8ebe0fd87d3f63f.jpg?s=72&d=https%3A%2F%2Fa.slack-edge.com%2Fdf10d%2Fimg%2Favatars%2Fava_0026-72.png",
            "first_name": "",
            "real_name": "William Meng",
            "display_name": "",
            "team": "T5M5PLH8U",
            "name": "wlmeng11",
            "is_restricted": false,
            "is_ultra_restricted": false
        },
        "thread_ts": "1536816252.000100",
        "parent_user_id": "U5M5PLH9S"
    },
    {
        "client_msg_id": "f84067c5-a0fd-46e4-8ea4-a27664b741c0",
        "type": "message",
        "text": "Or idea or energy drawn during a pulse?",
        "user": "U5M5PLH9S",
        "ts": "1537422815.000100",
        "team": "T5M5PLH8U",
        "user_team": "T5M5PLH8U",
        "source_team": "T5M5PLH8U",
        "user_profile": {
            "avatar_hash": "e4fb6ae9f526",
            "image_72": "https:\/\/avatars.slack-edge.com\/2017-06-01\/191144530514_e4fb6ae9f526531fd41c_72.jpg",
            "first_name": "",
            "real_name": "kelu",
            "display_name": "",
            "team": "T5M5PLH8U",
            "name": "kelu",
            "is_restricted": false,
            "is_ultra_restricted": false
        },
        "thread_ts": "1536816252.000100",
        "parent_user_id": "U5M5PLH9S"
    },
    {
        "client_msg_id": "40db20dc-13d3-4622-9e99-63ec5a3deb62",
        "type": "message",
        "text": "Humm",
        "user": "U5M5PLH9S",
        "ts": "1537422818.000100",
        "team": "T5M5PLH8U",
        "user_team": "T5M5PLH8U",
        "source_team": "T5M5PLH8U",
        "user_profile": {
            "avatar_hash": "e4fb6ae9f526",
            "image_72": "https:\/\/avatars.slack-edge.com\/2017-06-01\/191144530514_e4fb6ae9f526531fd41c_72.jpg",
            "first_name": "",
            "real_name": "kelu",
            "display_name": "",
            "team": "T5M5PLH8U",
            "name": "kelu",
            "is_restricted": false,
            "is_ultra_restricted": false
        },
        "thread_ts": "1536816252.000100",
        "parent_user_id": "U5M5PLH9S"
    }
]