[
    {
        "type": "message",
        "subtype": "channel_join",
        "ts": "1566977724.000200",
        "user": "UMEH4EFC3",
        "text": "<@UMEH4EFC3> has joined the channel"
    },
    {
        "client_msg_id": "823F2638-8E1E-44DB-BB26-EB9B9E00A21A",
        "type": "message",
        "text": "Hi William, I was interested in purchasing a couple of your pcbs. Can you deliver to the UK though?",
        "user": "UMEH4EFC3",
        "ts": "1566977972.002200",
        "team": "T5M5PLH8U",
        "user_team": "T5M5PLH8U",
        "source_team": "T5M5PLH8U",
        "user_profile": {
            "avatar_hash": "gdacb5f8fe9b",
            "image_72": "https:\/\/secure.gravatar.com\/avatar\/8dacb5f8fe9bd816a4a59299f4c6680f.jpg?s=72&d=https%3A%2F%2Fa.slack-edge.com%2Fdf10d%2Fimg%2Favatars%2Fava_0011-72.png",
            "first_name": "Dr",
            "real_name": "Dr David Waghorn",
            "display_name": "DrConcern",
            "team": "T5M5PLH8U",
            "name": "davidwaghorn",
            "is_restricted": false,
            "is_ultra_restricted": false
        }
    }
]