[
    {
        "client_msg_id": "62B3546F-F714-4676-8030-311B87111D62",
        "type": "message",
        "text": "I was thinking of using something like this in place of the pulser to get to a high voltage. It’d be in place of an analog transmit amplification stage: <https:\/\/www.amazon.co.uk\/gp\/aw\/d\/B07TJYM8NW\/ref=ox_sc_act_image_1?smid=A249EEO40WNRMY&amp;psc=1|https:\/\/www.amazon.co.uk\/gp\/aw\/d\/B07TJYM8NW\/ref=ox_sc_act_image_1?smid=A249EEO40WNRMY&amp;psc=1>",
        "user": "UGJ8GJGNR",
        "ts": "1609415728.001600",
        "team": "T5M5PLH8U",
        "user_team": "T5M5PLH8U",
        "source_team": "T5M5PLH8U",
        "user_profile": {
            "avatar_hash": "ga7943669895",
            "image_72": "https:\/\/secure.gravatar.com\/avatar\/4a7943669895590493fa45985c7c746a.jpg?s=72&d=https%3A%2F%2Fa.slack-edge.com%2Fdf10d%2Fimg%2Favatars%2Fava_0024-72.png",
            "first_name": "",
            "real_name": "Jean Rintoul",
            "display_name": "jeantoul",
            "team": "T5M5PLH8U",
            "name": "jean.rintoul",
            "is_restricted": false,
            "is_ultra_restricted": false
        },
        "edited": {
            "user": "UGJ8GJGNR",
            "ts": "1609415766.000000"
        },
        "blocks": [
            {
                "type": "rich_text",
                "block_id": "r==",
                "elements": [
                    {
                        "type": "rich_text_section",
                        "elements": [
                            {
                                "type": "text",
                                "text": "I was thinking of using something like this in place of the pulser to get to a high voltage. It’d be in place of an analog transmit amplification stage: "
                            },
                            {
                                "type": "link",
                                "url": "https:\/\/www.amazon.co.uk\/gp\/aw\/d\/B07TJYM8NW\/ref=ox_sc_act_image_1?smid=A249EEO40WNRMY&psc=1",
                                "text": "https:\/\/www.amazon.co.uk\/gp\/aw\/d\/B07TJYM8NW\/ref=ox_sc_act_image_1?smid=A249EEO40WNRMY&psc=1"
                            }
                        ]
                    }
                ]
            }
        ],
        "thread_ts": "1609415728.001600",
        "reply_count": 3,
        "reply_users_count": 2,
        "latest_reply": "1609540421.000900",
        "reply_users": [
            "U5M5PLH9S",
            "U8Z3VB1T2"
        ],
        "replies": [
            {
                "user": "U5M5PLH9S",
                "ts": "1609421822.000100"
            },
            {
                "user": "U8Z3VB1T2",
                "ts": "1609540141.000700"
            },
            {
                "user": "U8Z3VB1T2",
                "ts": "1609540421.000900"
            }
        ],
        "subscribed": true,
        "last_read": "1609540421.000900"
    },
    {
        "client_msg_id": "EC99D461-5892-4D83-ACC2-807C1440747F",
        "type": "message",
        "text": "Wondering if others had done this type of thing already... and if there was some clipping\/power limitation etc or something like that ",
        "user": "UGJ8GJGNR",
        "ts": "1609415742.002100",
        "team": "T5M5PLH8U",
        "user_team": "T5M5PLH8U",
        "source_team": "T5M5PLH8U",
        "user_profile": {
            "avatar_hash": "ga7943669895",
            "image_72": "https:\/\/secure.gravatar.com\/avatar\/4a7943669895590493fa45985c7c746a.jpg?s=72&d=https%3A%2F%2Fa.slack-edge.com%2Fdf10d%2Fimg%2Favatars%2Fava_0024-72.png",
            "first_name": "",
            "real_name": "Jean Rintoul",
            "display_name": "jeantoul",
            "team": "T5M5PLH8U",
            "name": "jean.rintoul",
            "is_restricted": false,
            "is_ultra_restricted": false
        },
        "edited": {
            "user": "UGJ8GJGNR",
            "ts": "1609416148.000000"
        },
        "blocks": [
            {
                "type": "rich_text",
                "block_id": "lc9v\/",
                "elements": [
                    {
                        "type": "rich_text_section",
                        "elements": [
                            {
                                "type": "text",
                                "text": "Wondering if others had done this type of thing already... and if there was some clipping\/power limitation etc or something like that "
                            }
                        ]
                    }
                ]
            }
        ]
    },
    {
        "client_msg_id": "330c645c-486a-4ea2-9f34-e1e25d383ee7",
        "type": "message",
        "text": "That would be only on the receive stage i guess ?\nOn the pulser stage, you need high voltage high current bits, this type of lna would not i assume help (they are 5v powered, so the pulse would not exceed 5v)",
        "user": "U5M5PLH9S",
        "ts": "1609421822.000100",
        "team": "T5M5PLH8U",
        "user_team": "T5M5PLH8U",
        "source_team": "T5M5PLH8U",
        "user_profile": {
            "avatar_hash": "e4fb6ae9f526",
            "image_72": "https:\/\/avatars.slack-edge.com\/2017-06-01\/191144530514_e4fb6ae9f526531fd41c_72.jpg",
            "first_name": "",
            "real_name": "kelu",
            "display_name": "",
            "team": "T5M5PLH8U",
            "name": "kelu",
            "is_restricted": false,
            "is_ultra_restricted": false
        },
        "blocks": [
            {
                "type": "rich_text",
                "block_id": "Dd\/+",
                "elements": [
                    {
                        "type": "rich_text_section",
                        "elements": [
                            {
                                "type": "text",
                                "text": "That would be only on the receive stage i guess ?\nOn the pulser stage, you need high voltage high current bits, this type of lna would not i assume help (they are 5v powered, so the pulse would not exceed 5v)"
                            }
                        ]
                    }
                ]
            }
        ],
        "thread_ts": "1609415728.001600",
        "parent_user_id": "UGJ8GJGNR"
    }
]