[
    {
        "client_msg_id": "b56dff20-0384-45a7-b497-aa045f9dc0e3",
        "type": "message",
        "text": "<@U8Z3VB1T2> I heard that <@UGJ8GJGNR> may be interested in knowing more of your approach with SDR and SimpleRick :smiley:",
        "user": "U5M5PLH9S",
        "ts": "1609324961.000600",
        "team": "T5M5PLH8U",
        "user_team": "T5M5PLH8U",
        "source_team": "T5M5PLH8U",
        "user_profile": {
            "avatar_hash": "e4fb6ae9f526",
            "image_72": "https:\/\/avatars.slack-edge.com\/2017-06-01\/191144530514_e4fb6ae9f526531fd41c_72.jpg",
            "first_name": "",
            "real_name": "kelu",
            "display_name": "",
            "team": "T5M5PLH8U",
            "name": "kelu",
            "is_restricted": false,
            "is_ultra_restricted": false
        },
        "blocks": [
            {
                "type": "rich_text",
                "block_id": "=SqU",
                "elements": [
                    {
                        "type": "rich_text_section",
                        "elements": [
                            {
                                "type": "user",
                                "user_id": "U8Z3VB1T2"
                            },
                            {
                                "type": "text",
                                "text": " I heard that "
                            },
                            {
                                "type": "user",
                                "user_id": "UGJ8GJGNR"
                            },
                            {
                                "type": "text",
                                "text": " may be interested in knowing more of your approach with SDR and SimpleRick "
                            },
                            {
                                "type": "emoji",
                                "name": "smiley"
                            }
                        ]
                    }
                ]
            }
        ]
    },
    {
        "type": "message",
        "subtype": "channel_join",
        "ts": "1609324968.000800",
        "user": "UGJ8GJGNR",
        "text": "<@UGJ8GJGNR> has joined the channel",
        "inviter": "U5M5PLH9S"
    },
    {
        "client_msg_id": "667AB6AA-40E5-41F6-88E1-E3BDDE66DF8B",
        "type": "message",
        "text": "Hi there, I am interested in an SDR implementation- I’m particularly interested in the transmit rf gain stage ",
        "user": "UGJ8GJGNR",
        "ts": "1609327089.001800",
        "team": "T5M5PLH8U",
        "user_team": "T5M5PLH8U",
        "source_team": "T5M5PLH8U",
        "user_profile": {
            "avatar_hash": "ga7943669895",
            "image_72": "https:\/\/secure.gravatar.com\/avatar\/4a7943669895590493fa45985c7c746a.jpg?s=72&d=https%3A%2F%2Fa.slack-edge.com%2Fdf10d%2Fimg%2Favatars%2Fava_0024-72.png",
            "first_name": "",
            "real_name": "Jean Rintoul",
            "display_name": "jeantoul",
            "team": "T5M5PLH8U",
            "name": "jean.rintoul",
            "is_restricted": false,
            "is_ultra_restricted": false
        },
        "blocks": [
            {
                "type": "rich_text",
                "block_id": "QwXve",
                "elements": [
                    {
                        "type": "rich_text_section",
                        "elements": [
                            {
                                "type": "text",
                                "text": "Hi there, I am interested in an SDR implementation- I’m particularly interested in the transmit rf gain stage "
                            }
                        ]
                    }
                ]
            }
        ],
        "reactions": [
            {
                "name": "+1",
                "users": [
                    "U5M5PLH9S"
                ],
                "count": 1
            }
        ]
    },
    {
        "client_msg_id": "19b60c54-0343-42ec-936b-f7511f9e7ed4",
        "type": "message",
        "text": "Hi <@UGJ8GJGNR>, I sent a DM. Glad to answer any other questions you have!",
        "user": "U8Z3VB1T2",
        "ts": "1609400384.000700",
        "team": "T5M5PLH8U",
        "user_team": "T5M5PLH8U",
        "source_team": "T5M5PLH8U",
        "user_profile": {
            "avatar_hash": "g49ad52d7df8",
            "image_72": "https:\/\/secure.gravatar.com\/avatar\/449ad52d7df89ecbe8ebe0fd87d3f63f.jpg?s=72&d=https%3A%2F%2Fa.slack-edge.com%2Fdf10d%2Fimg%2Favatars%2Fava_0026-72.png",
            "first_name": "",
            "real_name": "William Meng",
            "display_name": "",
            "team": "T5M5PLH8U",
            "name": "wlmeng11",
            "is_restricted": false,
            "is_ultra_restricted": false
        },
        "blocks": [
            {
                "type": "rich_text",
                "block_id": "H7E",
                "elements": [
                    {
                        "type": "rich_text_section",
                        "elements": [
                            {
                                "type": "text",
                                "text": "Hi "
                            },
                            {
                                "type": "user",
                                "user_id": "UGJ8GJGNR"
                            },
                            {
                                "type": "text",
                                "text": ", I sent a DM. Glad to answer any other questions you have!"
                            }
                        ]
                    }
                ]
            }
        ],
        "reactions": [
            {
                "name": "+1",
                "users": [
                    "U5M5PLH9S"
                ],
                "count": 1
            }
        ]
    },
    {
        "client_msg_id": "c64d70a3-b72c-4ed5-bee4-05242a3e906e",
        "type": "message",
        "text": "For anything that can be made public, dont hesitate to share in this channel if that can help others with same questions :)",
        "user": "U5M5PLH9S",
        "ts": "1609401241.002600",
        "team": "T5M5PLH8U",
        "user_team": "T5M5PLH8U",
        "source_team": "T5M5PLH8U",
        "user_profile": {
            "avatar_hash": "e4fb6ae9f526",
            "image_72": "https:\/\/avatars.slack-edge.com\/2017-06-01\/191144530514_e4fb6ae9f526531fd41c_72.jpg",
            "first_name": "",
            "real_name": "kelu",
            "display_name": "",
            "team": "T5M5PLH8U",
            "name": "kelu",
            "is_restricted": false,
            "is_ultra_restricted": false
        },
        "blocks": [
            {
                "type": "rich_text",
                "block_id": "YU=",
                "elements": [
                    {
                        "type": "rich_text_section",
                        "elements": [
                            {
                                "type": "text",
                                "text": "For anything that can be made public, dont hesitate to share in this channel if that can help others with same questions :)"
                            }
                        ]
                    }
                ]
            }
        ],
        "thread_ts": "1609401241.002600",
        "reply_count": 1,
        "reply_users_count": 1,
        "latest_reply": "1609539849.000400",
        "reply_users": [
            "U8Z3VB1T2"
        ],
        "replies": [
            {
                "user": "U8Z3VB1T2",
                "ts": "1609539849.000400"
            }
        ],
        "subscribed": true,
        "last_read": "1609539849.000400"
    }
]