[
    {
        "client_msg_id": "daccba58-d1df-44c2-bf36-c8d881f8914d",
        "type": "message",
        "text": "Hey <@U8Z3VB1T2> thought you may be interested in this : <https:\/\/gitlab.com\/librespacefoundation\/sdrmakerspace\/sdreval\/-\/raw\/master\/Report\/pdf\/Evaluation_of_SDR_Boards-1.0.pdf> :slightly_smiling_face:",
        "user": "U5M5PLH9S",
        "ts": "1585748401.000300",
        "team": "T5M5PLH8U",
        "user_team": "T5M5PLH8U",
        "source_team": "T5M5PLH8U",
        "user_profile": {
            "avatar_hash": "e4fb6ae9f526",
            "image_72": "https:\/\/avatars.slack-edge.com\/2017-06-01\/191144530514_e4fb6ae9f526531fd41c_72.jpg",
            "first_name": "",
            "real_name": "kelu",
            "display_name": "",
            "team": "T5M5PLH8U",
            "name": "kelu",
            "is_restricted": false,
            "is_ultra_restricted": false
        },
        "blocks": [
            {
                "type": "rich_text",
                "block_id": "FSCu",
                "elements": [
                    {
                        "type": "rich_text_section",
                        "elements": [
                            {
                                "type": "text",
                                "text": "Hey "
                            },
                            {
                                "type": "user",
                                "user_id": "U8Z3VB1T2"
                            },
                            {
                                "type": "text",
                                "text": " thought you may be interested in this : "
                            },
                            {
                                "type": "link",
                                "url": "https:\/\/gitlab.com\/librespacefoundation\/sdrmakerspace\/sdreval\/-\/raw\/master\/Report\/pdf\/Evaluation_of_SDR_Boards-1.0.pdf"
                            },
                            {
                                "type": "text",
                                "text": " "
                            },
                            {
                                "type": "emoji",
                                "name": "slightly_smiling_face"
                            }
                        ]
                    }
                ]
            }
        ],
        "thread_ts": "1585748401.000300",
        "reply_count": 1,
        "reply_users_count": 1,
        "latest_reply": "1585763563.000500",
        "reply_users": [
            "U8Z3VB1T2"
        ],
        "replies": [
            {
                "user": "U8Z3VB1T2",
                "ts": "1585763563.000500"
            }
        ],
        "subscribed": true,
        "last_read": "1585763563.000500"
    },
    {
        "client_msg_id": "c70009dd-2c6e-4074-81c5-0ea7135ba8cb",
        "type": "message",
        "text": "Ooh very cool, thank you!",
        "user": "U8Z3VB1T2",
        "ts": "1585763563.000500",
        "team": "T5M5PLH8U",
        "user_team": "T5M5PLH8U",
        "source_team": "T5M5PLH8U",
        "user_profile": {
            "avatar_hash": "g49ad52d7df8",
            "image_72": "https:\/\/secure.gravatar.com\/avatar\/449ad52d7df89ecbe8ebe0fd87d3f63f.jpg?s=72&d=https%3A%2F%2Fa.slack-edge.com%2Fdf10d%2Fimg%2Favatars%2Fava_0026-72.png",
            "first_name": "",
            "real_name": "William Meng",
            "display_name": "",
            "team": "T5M5PLH8U",
            "name": "wlmeng11",
            "is_restricted": false,
            "is_ultra_restricted": false
        },
        "blocks": [
            {
                "type": "rich_text",
                "block_id": "yrN2",
                "elements": [
                    {
                        "type": "rich_text_section",
                        "elements": [
                            {
                                "type": "text",
                                "text": "Ooh very cool, thank you!"
                            }
                        ]
                    }
                ]
            }
        ],
        "thread_ts": "1585748401.000300",
        "parent_user_id": "U5M5PLH9S",
        "reactions": [
            {
                "name": "nerd_face",
                "users": [
                    "U5M5PLH9S"
                ],
                "count": 1
            }
        ]
    }
]