[
    {
        "type": "message",
        "subtype": "thread_broadcast",
        "text": "Sure thing! So far discussing using SDR for signal generation:\n\nHi! I haven't written up a paper yet, but I have some documentation of my results on Github here: <https:\/\/github.com\/wlmeng11\/rtl-ultrasound>\n\nI used the SDR for the Rx signal chain only, since the RTL-SDR device I was using doesn't have Tx capabilities. An overview of processing the signal from the RTL-SDR is here: <https:\/\/github.com\/wlmeng11\/rtl-ultrasound\/blob\/master\/experiments\/20180813\/rtlsdr_ultrasound_test.ipynb>\n\nThere are other SDR platforms like HackRF and LimeSDR which also have Tx channels, so they may be better suited for your purpose, depending on what kind of excitation signal you are looking for. For a simple pulse excitation, a high voltage switch would probably be simpler and effective. But for CW or arbitrary waveform excitation, an SDR would be helpful for signal generation, combined with an additional amplifier stage for higher voltage output.\n\nHere is an example of where I used the HackRF Tx channel to emulate a received ultrasound echo signal (ie. feed the signal from HackRF to RTL-SDR, rather than real ultrasound hardware to RTL-SDR): <https:\/\/github.com\/wlmeng11\/SimpleRick\/blob\/master\/experiments\/20180807\/hackrf_ultrasound_simulator.ipynb>\nFor the HackRF, the main consideration is to make sure the signal has the correct sample rate supported by the SDR.\n\nOne limitation in my example is that I used the \"hackrf_transfer\" command line program with a signal of finite length and repeatedly called the program, so there was some delay during each call to the program where no signal was produced. For uninterrupted signal generation, you probably need to use one of the supported APIs like libHackRF, gr-osmosdr, or SoapySDR.",
        "user": "U8Z3VB1T2",
        "ts": "1609539849.000400",
        "thread_ts": "1609401241.002600",
        "root": {
            "client_msg_id": "c64d70a3-b72c-4ed5-bee4-05242a3e906e",
            "type": "message",
            "text": "For anything that can be made public, dont hesitate to share in this channel if that can help others with same questions :)",
            "user": "U5M5PLH9S",
            "ts": "1609401241.002600",
            "team": "T5M5PLH8U",
            "blocks": [
                {
                    "type": "rich_text",
                    "block_id": "YU=",
                    "elements": [
                        {
                            "type": "rich_text_section",
                            "elements": [
                                {
                                    "type": "text",
                                    "text": "For anything that can be made public, dont hesitate to share in this channel if that can help others with same questions :)"
                                }
                            ]
                        }
                    ]
                }
            ],
            "thread_ts": "1609401241.002600",
            "reply_count": 1,
            "reply_users_count": 1,
            "latest_reply": "1609539849.000400",
            "reply_users": [
                "U8Z3VB1T2"
            ],
            "subscribed": true,
            "last_read": "1609539849.000400"
        },
        "blocks": [
            {
                "type": "rich_text",
                "block_id": "PkRo",
                "elements": [
                    {
                        "type": "rich_text_section",
                        "elements": [
                            {
                                "type": "text",
                                "text": "Sure thing! So far discussing using SDR for signal generation:\n\nHi! I haven't written up a paper yet, but I have some documentation of my results on Github here: "
                            },
                            {
                                "type": "link",
                                "url": "https:\/\/github.com\/wlmeng11\/rtl-ultrasound"
                            },
                            {
                                "type": "text",
                                "text": "\n\nI used the SDR for the Rx signal chain only, since the RTL-SDR device I was using doesn't have Tx capabilities. An overview of processing the signal from the RTL-SDR is here: "
                            },
                            {
                                "type": "link",
                                "url": "https:\/\/github.com\/wlmeng11\/rtl-ultrasound\/blob\/master\/experiments\/20180813\/rtlsdr_ultrasound_test.ipynb"
                            },
                            {
                                "type": "text",
                                "text": "\n\nThere are other SDR platforms like HackRF and LimeSDR which also have Tx channels, so they may be better suited for your purpose, depending on what kind of excitation signal you are looking for. For a simple pulse excitation, a high voltage switch would probably be simpler and effective. But for CW or arbitrary waveform excitation, an SDR would be helpful for signal generation, combined with an additional amplifier stage for higher voltage output.\n\nHere is an example of where I used the HackRF Tx channel to emulate a received ultrasound echo signal (ie. feed the signal from HackRF to RTL-SDR, rather than real ultrasound hardware to RTL-SDR): "
                            },
                            {
                                "type": "link",
                                "url": "https:\/\/github.com\/wlmeng11\/SimpleRick\/blob\/master\/experiments\/20180807\/hackrf_ultrasound_simulator.ipynb"
                            },
                            {
                                "type": "text",
                                "text": "\nFor the HackRF, the main consideration is to make sure the signal has the correct sample rate supported by the SDR.\n\nOne limitation in my example is that I used the \"hackrf_transfer\" command line program with a signal of finite length and repeatedly called the program, so there was some delay during each call to the program where no signal was produced. For uninterrupted signal generation, you probably need to use one of the supported APIs like libHackRF, gr-osmosdr, or SoapySDR."
                            }
                        ]
                    }
                ]
            }
        ],
        "client_msg_id": "67e36098-2217-4714-80e6-62aa4bd59a71",
        "reactions": [
            {
                "name": "+1",
                "users": [
                    "U5M5PLH9S",
                    "UGJ8GJGNR"
                ],
                "count": 2
            },
            {
                "name": "nerd_face",
                "users": [
                    "U5M5PLH9S"
                ],
                "count": 1
            }
        ]
    },
    {
        "client_msg_id": "247a7c0c-e1d3-46ed-a0ec-86fbf6e13596",
        "type": "message",
        "text": "LNA is usually low voltage output and therefore better suited for amplifying Rx signals. There might be some RF power amplifier modules with higher voltage output, that may be useful to you. But RF amplifiers are usually designed to drive a 50ohm or 75ohm load, so you might have an issue with impedance mismatch. Perhaps you could use a matching network, transformer, or termination resistor to fix that.",
        "user": "U8Z3VB1T2",
        "ts": "1609540141.000700",
        "team": "T5M5PLH8U",
        "user_team": "T5M5PLH8U",
        "source_team": "T5M5PLH8U",
        "user_profile": {
            "avatar_hash": "g49ad52d7df8",
            "image_72": "https:\/\/secure.gravatar.com\/avatar\/449ad52d7df89ecbe8ebe0fd87d3f63f.jpg?s=72&d=https%3A%2F%2Fa.slack-edge.com%2Fdf10d%2Fimg%2Favatars%2Fava_0026-72.png",
            "first_name": "",
            "real_name": "William Meng",
            "display_name": "",
            "team": "T5M5PLH8U",
            "name": "wlmeng11",
            "is_restricted": false,
            "is_ultra_restricted": false
        },
        "blocks": [
            {
                "type": "rich_text",
                "block_id": "0L8UB",
                "elements": [
                    {
                        "type": "rich_text_section",
                        "elements": [
                            {
                                "type": "text",
                                "text": "LNA is usually low voltage output and therefore better suited for amplifying Rx signals. There might be some RF power amplifier modules with higher voltage output, that may be useful to you. But RF amplifiers are usually designed to drive a 50ohm or 75ohm load, so you might have an issue with impedance mismatch. Perhaps you could use a matching network, transformer, or termination resistor to fix that."
                            }
                        ]
                    }
                ]
            }
        ],
        "thread_ts": "1609415728.001600",
        "parent_user_id": "UGJ8GJGNR"
    },
    {
        "client_msg_id": "c454971b-b4b3-4c71-ba9e-171de011cfbc",
        "type": "message",
        "text": "Ultrasound frequencies (1-30MHz) are on the rather low end of radio frequencies, so the wavelength is quite long, so you can safely ignore transmission line or antenna effects. In terms of finding suitable commercial radio hardware, the relevant radio band is called HF, which spans 3-30MHz.",
        "user": "U8Z3VB1T2",
        "ts": "1609540421.000900",
        "team": "T5M5PLH8U",
        "user_team": "T5M5PLH8U",
        "source_team": "T5M5PLH8U",
        "user_profile": {
            "avatar_hash": "g49ad52d7df8",
            "image_72": "https:\/\/secure.gravatar.com\/avatar\/449ad52d7df89ecbe8ebe0fd87d3f63f.jpg?s=72&d=https%3A%2F%2Fa.slack-edge.com%2Fdf10d%2Fimg%2Favatars%2Fava_0026-72.png",
            "first_name": "",
            "real_name": "William Meng",
            "display_name": "",
            "team": "T5M5PLH8U",
            "name": "wlmeng11",
            "is_restricted": false,
            "is_ultra_restricted": false
        },
        "blocks": [
            {
                "type": "rich_text",
                "block_id": "o3hR6",
                "elements": [
                    {
                        "type": "rich_text_section",
                        "elements": [
                            {
                                "type": "text",
                                "text": "Ultrasound frequencies (1-30MHz) are on the rather low end of radio frequencies, so the wavelength is quite long, so you can safely ignore transmission line or antenna effects. In terms of finding suitable commercial radio hardware, the relevant radio band is called HF, which spans 3-30MHz."
                            }
                        ]
                    }
                ]
            }
        ],
        "thread_ts": "1609415728.001600",
        "parent_user_id": "UGJ8GJGNR",
        "reactions": [
            {
                "name": "+1",
                "users": [
                    "U5M5PLH9S"
                ],
                "count": 1
            }
        ]
    }
]