1044;1014;921;911;655;594;204;174;20;30;10;10;10;10;10;0;10;0;10;10;0;10;10;10;10;20;20;10;0;0;20;20;20;20;40;51;92;102;184;194;204;102;635;614;153;235;30;10;0;0;0;0;30;40;92;102;174;163;174;184;174;194;71;71;0;30;40;20;102;71;51;61;0;51;71;143;174;174;10;0;61;30;122;112;143;153;225;368;665;809;2140;2140;880;696;758;553;553;686;460;491;450;481;471;460;471;368;317;317;256;245;153;215;215;276;327;368;245;225;225;153;184;143;225;215;225;368;174;215;215;184;204;133;286;184;163;266;112;153;133;204;235;194;348;266;133;153;133;92;133;143;163;215;286;307;163;153;163;122;163;122;215;204;174;286;102;122;153;112;163;92;266;163;143;225;102;133;92;143;194;163;297;225;122;122;102;92;112;133;163;194;225;266;112;92;174;133;133;81;143;153;92;204;92;102;174;163;204;133;235;174;30;102;92;102;112;153;174;153;256;235;81;92;102;102;92;112;194;194;194;256;102;92;122;61;133;92;215;204;112;215;30;81;102;92;225;174;225;163;143;194;51;61;92;133;317;
583;583;440;430;276;235;40;30;30;30;10;10;0;10;0;0;10;0;10;10;10;10;10;0;0;10;30;30;40;51;20;20;20;10;30;30;92;92;0;10;245;174;204;399;92;40;0;10;0;10;10;10;20;30;51;61;92;81;112;92;102;112;30;40;10;0;10;10;0;10;10;10;0;30;81;71;30;30;30;10;10;0;163;163;215;235;204;225;573;798;2171;2079;921;747;788;440;583;594;522;522;327;338;430;409;368;389;338;307;245;297;174;163;286;256;194;184;235;235;133;184;174;163;256;235;215;215;204;225;122;112;174;153;225;225;163;174;163;163;112;92;184;163;174;194;143;122;122;174;122;102;225;194;143;153;122;143;61;92;133;122;174;194;163;143;163;163;92;81;153;153;204;204;174;153;122;153;102;81;204;153;143;174;133;122;92;112;163;153;184;204;133;122;143;133;102;133;133;102;133;122;102;92;122;133;133;143;153;143;102;143;92;112;174;174;133;81;153;153;112;153;122;112;81;122;92;92;184;153;122;122;112;102;61;92;174;163;184;174;112;122;71;92;20;20;204;184;143;163;215;266;61;71;81;71;266;
1055;1034;880;870;512;481;174;163;20;20;10;10;10;10;10;20;10;10;10;10;10;10;10;10;10;10;51;61;40;40;0;0;0;0;51;112;61;61;10;0;522;389;297;297;51;10;0;0;20;10;40;30;40;61;61;81;71;92;71;71;112;92;215;163;266;338;194;266;122;112;112;61;245;163;307;317;30;153;30;40;40;10;327;174;307;266;71;163;737;880;2161;2048;604;327;676;368;481;481;379;297;358;307;471;491;327;440;143;204;184;143;215;153;327;338;153;307;102;133;143;71;204;133;317;266;51;143;10;40;102;102;215;174;256;256;30;40;61;20;102;122;194;215;215;276;92;92;112;51;122;61;204;184;122;215;40;92;112;122;194;122;256;235;102;153;61;71;92;102;163;112;225;194;112;122;81;81;112;133;184;184;204;215;112;92;92;71;71;61;143;122;133;194;122;143;133;133;143;92;174;163;102;163;71;112;112;112;194;122;174;133;133;153;102;92;51;71;122;112;225;235;184;194;81;71;71;40;153;102;225;245;92;112;30;10;61;10;184;184;184;245;71;133;92;61;204;122;225;174;245;266;0;61;0;20;194;
481;450;286;276;256;225;92;92;10;10;0;0;0;0;0;0;0;0;0;0;0;0;0;0;0;0;10;10;20;40;30;30;0;10;51;20;30;40;61;81;133;133;204;153;81;10;0;0;20;10;10;20;10;30;40;20;10;10;0;20;81;51;61;81;51;51;133;92;102;143;102;71;61;102;122;61;194;133;30;92;112;40;102;163;112;174;338;297;655;829;2079;2509;1198;297;993;676;430;450;286;338;348;348;297;297;184;174;297;338;153;184;194;245;225;225;163;133;204;225;163;112;153;184;163;194;153;122;112;163;194;153;194;194;133;153;204;184;92;133;204;153;133;143;92;102;122;153;92;81;235;225;122;133;122;81;133;153;112;81;143;225;92;102;143;112;112;133;174;102;122;184;102;153;174;143;92;112;225;163;112;112;61;40;122;133;92;112;174;174;92;102;112;102;133;153;133;122;163;204;40;20;112;71;174;184;153;133;81;133;40;40;143;122;163;163;163;143;51;112;102;81;174;163;153;153;143;133;40;40;143;112;122;133;92;112;133;153;61;40;143;92;163;163;92;92;102;133;40;20;174;122;81;122;143;112;40;
1188;1157;993;983;563;553;266;256;92;71;10;10;10;10;10;10;10;20;10;10;20;10;10;10;10;10;0;0;10;20;0;0;0;0;0;10;10;40;10;40;133;133;358;348;40;20;0;0;0;0;10;10;30;10;40;30;71;51;81;102;133;163;122;163;122;163;71;51;163;122;184;174;215;225;81;153;122;215;215;225;245;184;174;215;81;112;122;122;512;573;460;819;245;809;676;501;194;163;286;235;348;327;133;174;81;112;194;153;204;204;225;256;133;163;71;51;184;122;256;245;174;215;112;163;133;102;215;163;215;215;143;143;92;122;71;61;204;215;174;174;122;133;51;71;133;112;184;225;163;184;153;153;81;81;174;102;143;153;133;153;102;133;92;51;174;143;143;143;122;122;61;92;92;71;153;153;122;102;102;92;20;40;122;122;153;184;122;122;163;143;71;51;92;61;61;112;143;174;92;112;92;40;133;112;92;92;81;112;51;92;51;40;133;112;122;102;112;81;10;71;51;51;112;153;112;112;122;102;61;92;102;81;122;143;163;143;122;133;30;20;92;61;61;61;92;102;112;153;40;0;122;71;122;122;92;
993;993;860;850;583;563;225;215;61;51;10;10;10;10;20;10;10;10;10;10;10;0;10;10;10;10;0;0;10;30;10;10;0;0;10;20;235;215;112;81;102;163;194;194;122;61;0;0;0;0;0;0;40;40;40;51;30;30;40;40;51;81;71;122;0;20;102;81;184;174;225;235;153;204;71;20;102;112;174;92;204;163;163;245;10;30;163;112;215;379;1854;512;256;327;491;594;163;71;215;204;297;276;0;51;0;0;204;153;184;184;235;245;0;40;92;51;235;174;266;245;194;235;10;20;163;81;204;204;266;276;102;204;30;10;184;122;204;194;235;225;30;61;51;10;174;184;184;184;184;215;20;40;92;40;204;184;215;184;143;204;20;10;112;71;163;133;204;215;61;112;40;40;143;102;163;143;174;204;40;81;71;40;153;112;153;163;133;143;40;51;40;40;143;133;133;122;112;153;61;81;71;61;143;112;184;174;102;163;30;20;133;92;133;143;174;163;71;122;30;51;122;92;133;122;184;163;30;81;10;0;143;112;194;163;163;215;40;81;61;30;133;122;235;184;112;163;30;30;61;40;184;163;225;245;81;
624;604;553;542;112;92;20;20;0;0;0;0;0;0;0;0;0;0;0;0;0;0;0;0;0;0;40;40;40;30;0;0;0;0;30;10;10;40;235;204;153;112;184;102;81;81;0;0;10;0;30;20;30;30;40;30;112;92;122;122;30;61;20;20;10;20;143;81;297;317;163;256;0;51;10;61;245;61;399;379;61;122;40;51;51;102;317;194;133;276;2130;2683;932;512;348;0;307;215;122;184;30;81;143;153;81;0;327;256;235;256;30;81;0;51;204;112;327;358;225;286;10;40;30;30;235;133;286;307;153;215;0;20;61;51;327;235;266;286;133;204;30;30;122;40;317;256;204;245;51;102;20;20;133;102;317;297;194;204;20;51;20;0;194;133;256;286;143;163;20;40;40;0;215;163;215;266;102;153;0;10;112;61;256;215;174;204;20;92;0;0;122;61;235;215;133;174;10;102;30;10;184;153;225;256;143;122;20;30;61;40;194;153;235;266;163;204;0;30;81;10;225;163;204;235;102;184;10;0;133;81;245;184;174;225;30;112;30;30;184;122;286;245;184;204;20;30;0;10;122;102;286;317;204;204;30;
1116;1106;983;962;829;778;327;307;40;30;0;0;0;0;0;0;0;0;0;0;0;0;0;0;0;0;20;20;20;0;20;10;10;10;30;40;10;40;122;92;327;235;81;20;163;143;0;0;10;10;20;30;0;0;20;10;51;61;40;40;61;92;40;81;30;10;61;122;10;40;0;40;0;51;133;40;102;163;174;235;235;389;51;61;266;163;163;194;788;563;3318;4056;1976;1003;1679;1423;153;122;81;112;133;102;30;30;225;235;40;71;122;112;112;61;112;20;266;266;92;122;71;133;92;81;215;122;286;256;174;143;61;133;71;112;235;194;215;215;174;153;71;71;92;81;235;215;163;194;122;122;40;51;112;51;194;215;102;143;122;153;61;71;194;122;194;215;133;122;71;133;61;51;225;174;153;184;143;122;40;51;71;71;184;174;133;163;122;122;40;61;112;92;194;194;102;143;112;122;0;10;163;133;184;174;81;81;20;61;0;10;194;112;163;184;71;71;10;71;51;30;184;143;112;143;102;102;20;40;71;30;184;153;122;163;81;102;10;10;102;71;153;143;102;102;71;92;0;20;163;122;102;112;102;112;30;51;10;
276;266;245;235;338;327;184;184;71;71;10;10;10;10;20;20;10;10;10;10;10;10;10;20;10;10;0;0;30;10;0;0;61;51;10;20;10;10;61;153;10;10;194;194;102;61;0;0;10;0;30;20;51;30;81;61;133;133;133;133;184;215;143;194;30;122;71;51;163;143;307;256;307;276;51;153;112;61;286;194;522;665;348;368;317;286;0;0;1905;1802;2509;3318;1352;901;1761;1669;389;399;81;153;0;0;30;51;81;40;92;112;174;112;256;204;122;194;0;0;61;30;194;184;317;286;92;184;71;20;143;92;174;215;297;307;40;122;81;20;163;81;225;163;235;297;0;30;30;61;204;153;266;215;153;225;20;0;30;10;194;194;276;276;81;163;40;10;102;61;204;194;276;286;30;112;0;20;133;71;235;225;194;266;0;61;30;10;194;112;245;245;143;204;10;20;40;51;235;153;235;204;174;266;30;10;71;40;194;163;225;256;71;153;40;10;102;51;184;194;215;256;10;51;0;10;153;81;245;215;122;204;81;71;71;0;256;194;225;225;51;163;20;30;92;51;235;225;184;184;20;133;30;61;143;92;235;225;102;
1444;1413;1137;1106;1249;1157;604;573;174;133;10;10;10;10;10;10;0;10;10;10;10;0;10;10;0;10;10;0;20;0;20;10;0;0;81;61;92;71;71;102;215;194;0;71;30;40;10;20;30;20;30;20;20;10;40;30;40;51;81;51;112;71;133;51;225;184;102;133;51;81;51;71;235;184;368;368;379;286;143;163;81;61;163;112;245;368;30;71;2571;3667;1854;1761;1669;3052;2581;1925;553;471;419;379;266;307;51;40;122;71;102;20;71;51;61;0;215;174;266;266;0;30;0;10;204;153;297;307;184;215;40;51;30;0;184;133;204;256;133;194;81;81;81;61;266;174;215;256;122;174;81;81;122;133;266;215;194;204;71;122;40;40;92;81;256;266;174;174;102;122;51;30;184;122;184;204;153;163;71;92;81;40;215;153;204;215;122;174;81;81;102;81;163;133;194;184;92;133;0;10;102;112;215;215;215;235;61;92;30;0;143;102;225;245;194;235;40;71;71;30;204;174;194;174;143;184;10;51;112;92;266;215;174;163;81;143;40;40;40;40;215;184;225;204;71;102;71;61;51;40;225;256;153;184;102;112;61;0;102;
112;112;225;215;184;184;122;112;51;51;20;10;10;10;10;10;10;0;10;10;0;20;10;10;10;10;30;30;61;71;0;10;20;0;20;40;92;92;133;153;122;409;163;266;10;51;0;0;0;0;10;0;10;10;0;0;30;20;51;51;153;163;133;184;0;20;122;133;40;30;215;143;245;317;174;225;61;133;40;40;594;419;297;348;81;174;122;81;2427;2929;542;1157;717;174;1249;973;297;368;51;20;368;358;338;327;61;30;122;184;307;163;450;491;194;276;61;10;20;81;297;153;389;460;112;245;81;51;92;10;399;286;286;338;30;133;81;92;133;51;348;307;235;266;0;92;61;92;184;92;358;389;163;204;40;0;30;71;245;143;297;368;102;204;71;61;51;30;307;184;235;286;20;122;61;51;71;30;358;266;215;215;51;0;71;102;143;61;256;286;143;204;0;10;0;40;143;92;235;307;163;225;10;20;40;0;225;112;215;266;71;143;30;0;51;0;286;225;215;266;10;81;40;40;81;40;266;266;174;235;30;0;40;71;194;112;225;286;92;153;20;0;20;51;266;174;194;225;71;163;81;61;71;20;286;215;163;
1280;1259;1085;1085;1126;1085;563;532;174;143;10;10;10;0;10;10;0;10;0;0;10;10;10;10;10;10;0;0;92;51;0;0;0;0;51;30;81;112;51;92;338;235;153;215;0;0;20;0;10;10;10;10;0;0;10;30;30;40;51;51;61;61;92;102;133;163;143;122;102;81;102;71;163;112;174;184;225;245;30;20;102;71;245;143;327;276;122;133;1720;2407;993;481;2745;2745;2120;1628;307;399;266;184;51;92;266;215;81;133;20;10;71;61;215;184;297;286;143;215;102;92;61;10;245;184;215;276;112;204;71;81;174;112;307;194;194;235;71;71;51;81;143;133;297;276;204;225;71;102;81;40;184;143;235;235;133;194;40;51;92;81;245;194;225;256;92;133;51;40;133;61;256;204;143;184;30;102;40;61;174;112;245;215;102;81;40;51;71;40;143;143;204;225;133;112;92;71;61;10;194;184;194;256;163;174;61;51;133;71;174;163;204;204;122;163;81;71;133;122;256;225;122;143;92;112;153;153;143;143;256;276;184;163;51;10;163;122;122;143;133;184;112;122;122;102;194;133;174;153;143;184;40;81;133;122;163;112;174;
778;768;604;583;727;696;389;368;174;143;20;20;10;10;10;20;10;20;10;20;10;10;10;10;10;20;0;0;10;20;61;81;0;0;10;40;174;133;92;61;133;215;317;317;61;92;143;112;51;30;51;61;71;71;81;71;122;133;225;153;225;215;266;307;184;225;71;133;133;92;215;184;317;348;163;163;143;225;235;266;471;348;379;389;276;348;112;10;860;788;1884;962;4507;3974;358;389;409;471;215;225;122;81;163;133;40;51;71;92;112;61;256;245;297;215;20;10;51;40;174;92;307;358;245;245;51;40;61;20;276;194;256;276;153;235;40;61;92;51;286;215;225;225;81;163;71;61;133;61;266;245;174;163;61;102;10;0;143;102;194;235;215;204;71;51;61;51;174;81;204;235;163;204;51;40;71;30;215;194;174;174;71;122;30;40;92;51;153;112;194;174;71;112;51;71;92;40;184;204;174;225;71;81;61;51;153;81;153;215;204;215;51;51;61;10;194;153;153;204;92;153;30;51;153;92;235;194;215;163;112;133;0;20;153;133;184;194;102;122;71;122;92;81;276;184;235;286;102;112;0;10;102;81;235;194;174;
1259;1239;1065;1055;1075;1003;481;450;92;71;0;0;0;0;0;0;0;0;0;0;0;10;0;0;0;0;0;10;0;10;0;0;10;10;30;40;0;30;92;51;10;81;225;204;92;92;10;0;0;10;0;10;40;51;92;81;112;102;20;51;143;122;40;92;20;71;0;20;20;0;184;133;204;225;92;133;348;317;798;891;440;225;194;194;122;215;122;204;3708;4660;8860;10345;4640;4128;1188;860;788;870;379;501;122;92;10;40;153;81;153;153;102;20;204;194;286;307;81;30;40;10;204;163;266;235;204;245;20;20;133;81;266;276;297;245;163;215;0;10;174;71;204;215;286;286;71;163;30;51;204;122;225;225;204;245;40;102;10;0;184;153;225;204;184;235;20;40;30;20;174;143;266;225;112;194;40;20;30;20;174;184;245;256;71;102;20;20;102;30;194;122;266;286;61;61;61;20;133;51;204;204;174;225;40;71;10;10;143;81;256;256;153;204;20;51;0;30;174;153;235;256;61;122;51;40;51;0;112;81;81;122;30;92;40;81;102;30;133;143;122;184;20;81;0;0;194;122;215;163;61;143;71;20;40;10;184;194;266;
1147;1147;809;778;778;737;358;348;143;112;10;20;10;10;20;10;10;10;10;10;10;0;10;10;10;10;0;0;10;20;0;0;40;92;0;10;10;0;153;112;30;102;276;286;102;61;10;10;30;30;51;40;20;40;40;51;61;51;102;122;215;215;174;204;30;40;81;20;204;143;235;204;102;194;122;184;204;256;256;225;235;174;81;133;0;61;266;256;5275;5951;7088;9044;3677;3523;1618;1444;737;819;379;430;184;92;256;122;235;235;40;40;122;61;81;112;30;61;92;102;297;245;225;215;143;184;30;51;20;0;297;266;297;317;81;102;40;40;153;51;297;276;235;307;122;133;71;71;235;174;235;204;143;204;20;51;71;61;215;163;204;225;92;143;51;71;92;51;163;194;194;153;51;71;30;20;143;122;174;204;153;194;133;112;92;20;184;143;153;163;81;40;51;61;30;0;133;122;204;153;133;133;71;163;133;143;184;163;153;102;122;143;92;71;112;92;40;40;174;194;81;133;81;92;81;92;153;184;71;143;30;122;112;71;112;40;215;184;133;174;40;92;122;143;194;143;266;215;143;174;51;61;0;10;184;204;286;286;174;
819;809;665;665;727;696;368;358;102;92;10;10;10;10;10;10;10;10;10;10;20;10;20;20;40;30;0;0;0;20;0;0;102;92;30;20;51;61;20;0;122;225;348;266;399;399;40;40;30;40;71;61;71;81;112;122;102;122;92;81;143;143;204;235;276;276;338;307;163;184;194;143;297;327;501;542;1382;1229;717;860;30;30;112;71;245;215;245;184;3032;6289;9352;9495;8194;5869;1854;1587;891;860;717;686;307;276;225;215;61;51;20;20;92;143;61;20;276;225;61;92;174;245;92;71;184;153;245;235;102;153;133;133;174;133;153;143;215;204;122;122;112;92;143;92;143;133;204;204;133;235;81;102;163;143;174;102;225;194;40;92;51;92;92;133;194;174;215;204;133;122;112;71;81;112;174;153;122;174;92;102;92;61;143;102;133;112;184;184;92;122;133;10;163;163;143;225;122;112;61;61;112;92;184;153;266;256;51;61;20;30;61;92;184;204;174;256;30;0;81;20;81;61;122;153;71;204;10;112;40;92;215;215;266;235;112;122;81;112;133;143;143;143;245;184;102;153;71;61;102;81;102;102;112;163;71;112;122;30;153;
1075;1065;932;932;686;635;245;225;10;0;0;0;0;0;0;0;0;0;0;0;0;0;0;0;0;0;10;10;30;40;51;51;0;0;0;20;71;81;30;40;61;153;440;430;20;20;10;10;0;10;0;0;0;10;10;0;61;61;81;61;20;30;20;0;20;30;81;40;102;81;92;143;81;102;10;71;829;839;655;460;51;10;10;10;61;102;440;450;1362;3349;17403;13849;1628;174;2130;1823;809;860;583;583;153;51;297;245;81;204;122;102;10;10;30;81;122;174;0;40;327;256;153;204;194;215;112;143;92;143;307;245;204;256;133;81;102;102;81;102;225;184;184;163;112;92;122;61;122;153;204;204;143;184;112;112;174;102;112;102;153;194;102;112;102;153;184;143;194;143;174;153;112;92;20;92;143;163;184;163;133;112;112;92;51;51;71;81;256;266;215;81;122;133;389;286;133;112;143;143;81;122;71;71;235;184;122;122;61;51;51;61;102;122;215;245;92;102;112;122;40;51;61;112;194;266;174;194;235;266;153;102;194;92;112;92;153;153;71;133;51;81;122;40;133;133;184;184;71;122;0;20;71;40;163;163;122;143;92;
1116;645;542;522;379;358;112;102;10;10;0;0;0;0;0;0;0;0;0;0;0;10;0;0;30;40;51;61;20;30;10;10;10;10;30;40;81;81;102;122;102;40;419;409;102;10;10;0;20;20;10;10;10;10;10;20;20;30;10;20;92;102;40;61;51;71;81;30;133;163;225;235;71;153;338;215;1055;809;1085;880;174;133;71;215;10;51;389;286;2581;3646;4425;8399;2028;665;1782;1423;481;399;61;307;430;573;266;133;30;20;276;338;30;30;122;286;102;143;61;174;256;297;225;256;225;338;133;143;71;0;266;245;317;327;71;174;61;71;81;0;245;133;338;276;20;61;0;0;133;133;266;174;245;276;0;0;61;30;112;133;286;256;122;225;0;20;112;30;143;112;266;266;51;143;20;0;102;71;215;204;276;266;20;71;20;30;194;143;225;235;809;542;122;143;225;143;133;153;215;245;143;225;10;0;163;112;133;122;92;112;0;133;0;0;235;215;163;153;184;256;20;81;92;71;153;61;317;286;102;20;71;71;20;40;153;133;235;184;10;112;20;30;61;10;163;153;256;276;40;122;20;51;71;30;143;133;235;235;51;
1352;1331;1147;1116;1249;1188;635;594;215;174;20;20;10;10;20;20;10;20;10;10;20;10;20;20;10;10;0;0;10;30;0;10;0;10;92;122;245;245;102;112;20;40;102;133;20;10;0;10;20;10;40;51;71;71;92;81;102;102;92;102;92;112;61;71;174;143;215;184;266;286;92;122;20;0;71;40;737;901;1280;1270;20;0;20;0;92;51;471;389;2550;3718;10683;13418;2110;481;1915;1587;686;655;194;358;30;194;348;276;225;143;430;460;215;174;20;92;143;153;40;40;338;440;0;92;153;163;286;204;153;143;245;317;81;133;61;61;215;163;194;102;143;174;102;81;40;81;184;153;276;245;112;122;112;102;143;153;153;143;204;256;92;112;102;61;133;122;194;163;163;245;112;71;163;153;112;92;225;163;184;215;143;102;102;174;92;102;266;266;30;92;901;819;276;225;235;204;266;256;112;143;163;174;71;112;215;215;163;235;30;0;92;122;102;71;297;266;112;174;143;163;112;235;204;153;235;174;327;348;30;10;0;0;81;81;215;184;184;174;122;163;51;122;112;61;225;245;153;174;112;92;10;10;133;92;204;266;163;194;133;
399;409;20;30;235;256;215;194;102;71;10;10;0;0;0;0;10;0;0;0;0;0;0;0;0;0;20;20;30;10;71;61;0;10;40;40;81;92;0;0;133;184;215;112;235;184;0;10;0;0;10;10;0;0;0;0;30;30;20;30;10;0;10;10;20;0;102;112;112;92;81;81;40;10;81;30;245;481;1813;1608;143;143;10;20;153;92;368;419;880;1690;22422;24277;368;81;942;604;440;327;645;471;512;921;174;122;532;542;501;563;0;20;133;317;215;225;102;0;368;307;143;194;112;143;286;235;122;184;317;297;174;215;20;71;276;225;61;112;235;235;92;133;0;71;143;143;174;204;194;225;30;133;133;61;204;153;143;143;112;153;20;20;133;112;204;184;184;133;153;122;10;20;174;143;184;194;143;184;112;122;51;10;133;102;256;338;71;0;133;163;51;10;225;163;204;215;10;51;30;102;51;10;225;194;153;143;0;30;61;0;133;102;245;245;153;174;61;102;0;0;163;133;112;184;266;194;10;112;20;30;174;133;133;102;92;112;0;92;122;61;163;163;184;163;133;153;10;61;92;112;81;92;174;174;102;122;71;
276;276;286;307;327;327;327;307;163;133;0;0;0;0;0;0;0;0;0;0;0;0;71;61;10;10;10;10;20;40;51;30;0;0;20;0;51;30;92;133;143;20;92;10;81;81;20;20;20;40;20;10;40;40;40;40;71;51;30;20;20;51;10;71;0;30;215;143;174;194;194;133;317;389;788;706;696;788;1259;1157;163;71;92;92;30;61;204;153;932;583;18970;20599;7088;5009;1362;952;727;829;512;532;286;798;389;266;235;430;481;512;30;51;194;399;71;174;61;0;317;379;225;163;286;276;235;204;0;40;153;215;235;215;51;71;174;71;102;71;174;153;143;235;30;10;81;40;184;133;163;153;122;153;0;61;133;102;153;133;163;112;40;61;30;30;92;81;163;163;153;122;81;71;61;10;174;143;92;143;112;133;30;61;71;10;225;204;10;194;153;92;102;30;174;133;194;215;10;81;30;71;20;0;133;112;122;194;0;0;0;0;61;10;174;143;30;102;40;81;71;102;163;153;153;174;153;122;71;133;20;92;51;0;133;92;92;40;61;81;51;51;153;143;102;92;92;81;51;71;51;20;20;20;61;112;133;112;40;
112;102;61;40;573;542;389;358;153;112;0;0;10;0;10;10;0;10;0;0;10;0;10;10;10;10;0;0;20;0;20;10;0;0;10;30;40;51;20;30;307;409;133;40;297;215;0;0;30;30;40;20;92;81;133;133;112;163;40;61;61;92;51;102;112;112;245;235;245;297;225;266;112;112;174;122;686;870;1833;1833;122;81;51;81;61;81;256;163;809;1833;21880;24020;3872;1331;1946;1516;747;993;870;911;297;768;450;379;122;286;409;635;133;81;307;501;61;112;122;20;327;338;235;204;307;399;194;194;71;61;256;225;286;215;92;184;204;143;143;112;276;215;215;215;51;10;0;30;204;163;194;225;174;225;20;10;112;30;143;133;143;184;30;153;20;0;133;61;215;184;194;184;0;92;0;20;51;71;194;204;184;194;20;10;0;40;133;174;51;81;768;645;92;133;204;102;102;153;51;10;30;102;81;92;174;102;163;194;10;71;71;0;0;20;204;174;163;174;112;92;0;40;122;30;225;225;276;266;174;235;40;30;51;51;184;163;71;61;0;51;0;10;174;61;225;225;122;153;10;20;20;0;133;81;133;184;143;122;0;
768;758;737;717;81;40;102;112;71;61;10;10;10;10;20;20;10;20;10;10;20;10;20;10;10;10;0;0;10;10;61;92;10;0;0;20;61;30;30;71;0;40;51;122;81;40;10;10;0;0;0;0;0;10;0;20;20;0;51;40;61;71;112;92;163;122;174;122;143;163;204;215;153;143;163;112;860;839;1106;1106;61;40;92;184;163;225;235;194;1085;1997;21419;25557;4035;1895;1649;1362;1003;1024;798;983;92;594;419;389;102;317;30;460;51;0;225;409;256;194;153;51;133;174;184;143;276;379;368;379;40;51;133;92;307;204;92;133;235;276;61;81;174;112;174;153;61;51;51;102;61;122;174;153;174;194;163;143;102;92;51;71;133;163;92;143;133;112;122;81;81;20;163;133;133;174;153;204;133;174;133;71;153;122;61;92;51;71;40;122;286;30;583;471;163;153;194;184;0;30;133;30;81;92;61;40;163;92;61;71;51;61;30;92;122;143;163;143;71;30;81;71;61;51;194;143;143;194;256;81;215;235;174;174;81;71;51;102;40;0;61;81;112;81;92;71;71;40;122;122;61;92;153;143;20;20;61;71;163;153;112;
81;81;20;10;460;450;338;317;122;92;0;0;0;0;0;0;0;0;0;0;0;0;0;10;0;0;10;10;20;30;10;0;0;0;30;10;0;0;112;102;266;286;133;102;297;358;10;10;0;10;20;10;30;10;40;30;51;30;61;40;40;10;51;40;102;112;30;112;122;92;163;122;143;81;194;235;92;194;860;1034;122;102;604;676;798;624;204;143;604;1014;17229;16594;368;430;2315;1946;1249;1229;379;911;635;20;440;368;112;184;348;20;204;92;30;184;194;235;143;143;122;143;276;235;245;266;338;389;51;10;184;133;389;338;204;143;276;266;30;51;204;163;102;153;122;112;81;122;163;112;153;163;112;112;174;204;71;102;102;61;102;122;71;61;133;153;102;102;133;122;122;122;143;92;112;163;133;102;133;81;81;112;122;133;81;51;40;10;635;583;952;758;133;143;235;245;0;71;368;215;143;71;102;122;174;184;71;40;30;10;61;30;174;204;71;61;0;10;51;92;122;0;71;81;40;30;20;92;143;143;276;235;92;51;81;51;20;20;30;51;102;133;10;40;112;61;112;81;61;40;112;174;61;40;51;71;102;81;174;
839;829;819;809;368;317;51;51;20;10;10;10;0;10;10;10;10;10;0;0;10;0;10;10;10;10;10;0;10;10;20;0;0;0;20;20;81;71;20;20;440;419;20;0;235;174;40;51;20;20;20;20;61;51;0;10;10;10;20;20;10;20;10;30;20;51;133;71;204;235;286;256;174;215;61;40;583;450;1311;1096;133;112;92;174;51;30;358;153;51;614;9577;10397;379;0;1280;880;215;338;768;1731;501;143;256;276;20;235;481;92;532;409;51;245;174;133;348;266;122;235;379;286;92;286;163;143;51;51;194;174;532;450;40;51;163;143;112;61;245;194;174;194;61;20;71;61;245;235;184;194;143;184;10;10;112;112;133;163;174;163;61;112;40;20;143;102;143;153;153;153;51;92;51;51;122;51;143;143;102;122;30;61;10;30;92;40;1126;870;676;686;40;20;133;122;81;20;481;440;153;153;61;0;297;225;51;122;245;143;51;71;184;184;245;204;20;20;143;133;225;184;71;61;71;20;0;92;174;184;133;61;61;10;163;174;143;153;112;194;20;30;51;30;92;122;204;194;61;81;51;0;10;40;102;122;174;153;30;
204;215;317;297;225;225;235;215;81;51;10;10;10;10;20;20;10;20;10;10;20;10;20;20;10;10;0;0;10;10;30;20;0;0;10;20;10;40;20;40;30;102;184;266;30;0;40;51;30;40;40;40;71;92;71;92;81;92;92;92;92;133;122;204;81;122;81;51;81;61;276;235;276;307;122;163;163;225;727;829;450;491;245;338;0;133;112;40;30;143;4466;2315;6514;3595;747;553;266;368;522;1157;645;225;81;30;153;102;706;542;696;542;61;297;276;358;143;174;92;102;553;440;307;440;112;215;174;194;194;51;676;594;112;215;30;133;133;194;348;194;276;266;20;71;102;40;30;20;317;266;276;327;10;51;40;61;102;0;276;266;143;225;0;30;40;51;163;92;266;256;122;225;20;10;61;20;204;133;204;215;61;122;81;30;51;40;1178;1085;379;676;338;338;122;30;133;10;532;512;204;266;112;102;143;143;61;10;286;276;102;143;235;215;143;153;61;0;235;245;163;40;71;81;71;30;256;235;184;174;40;30;61;81;122;102;235;204;184;215;92;102;40;0;81;30;256;235;112;143;20;40;71;61;163;143;245;215;153;
758;737;706;706;30;0;153;153;153;122;0;0;0;0;0;0;0;0;0;0;0;0;0;0;0;0;0;81;20;30;10;0;10;10;51;40;71;71;81;92;491;338;51;51;481;409;30;20;0;10;0;10;10;10;20;30;71;51;133;71;20;30;40;20;40;10;20;0;20;20;225;225;204;266;174;215;553;430;686;768;583;450;133;235;92;153;153;112;501;583;7774;9014;14320;10683;686;573;122;20;112;297;932;1024;747;522;143;0;706;819;686;614;256;102;348;409;225;266;286;297;522;409;153;276;112;194;20;30;71;10;614;553;122;194;92;143;61;51;297;204;327;286;143;143;0;40;10;0;235;153;307;338;40;81;51;51;0;10;256;194;153;235;30;92;30;10;61;0;235;204;112;184;10;40;61;51;71;0;245;215;61;92;0;10;20;0;389;389;61;0;184;307;20;51;112;61;163;215;30;133;71;133;112;112;92;51;235;194;20;122;61;92;163;153;30;10;235;266;256;522;153;194;409;952;338;163;235;235;10;0;71;71;133;112;215;102;112;174;61;92;51;81;51;20;215;153;0;81;30;20;20;30;92;61;174;133;61;
850;850;696;676;348;297;81;71;10;10;10;10;10;10;10;20;10;10;10;10;10;10;10;10;10;10;0;0;0;10;0;0;0;0;0;40;61;40;174;153;40;40;0;0;215;215;40;40;40;40;10;20;20;30;71;61;61;51;30;51;20;92;10;51;51;40;153;133;174;174;163;163;61;71;102;174;430;338;819;727;184;215;92;92;163;133;348;286;204;153;2243;5480;17526;13511;860;491;460;338;358;40;706;932;1106;891;10;71;245;501;655;624;327;317;491;460;245;327;215;194;471;460;30;51;235;225;92;51;40;71;327;419;122;112;122;153;71;10;215;204;81;133;153;133;10;71;112;81;133;81;184;163;92;102;40;71;122;133;174;143;122;122;51;81;81;40;102;133;143;153;194;215;112;81;153;122;92;92;122;153;71;122;40;40;112;102;235;215;102;92;225;256;40;30;225;215;112;81;61;71;40;0;61;61;143;122;143;184;20;20;81;81;92;0;102;81;174;317;532;532;174;204;1075;1167;348;194;133;204;92;174;20;0;153;61;184;122;51;61;51;40;51;61;153;143;194;174;61;92;0;0;51;30;174;184;112;174;112;
471;471;409;409;20;20;81;153;71;40;10;20;10;10;20;20;10;20;10;10;20;61;20;20;51;40;0;0;71;61;10;10;0;0;10;20;194;184;153;112;40;20;317;368;553;522;184;174;112;102;92;102;122;133;112;133;102;102;112;92;225;225;276;266;225;256;163;174;235;235;481;522;338;368;286;348;297;163;532;676;655;440;215;348;133;194;266;225;532;655;2130;5480;19073;14853;655;133;594;491;655;430;573;880;1034;870;215;163;266;471;553;512;245;225;450;389;194;194;245;266;399;399;40;153;153;133;122;51;30;0;348;358;40;112;40;102;102;20;245;235;122;92;71;61;0;61;102;112;133;163;153;143;81;51;102;71;122;143;51;102;61;92;61;30;102;30;102;122;51;61;40;81;10;20;204;153;40;10;40;20;0;40;30;40;122;133;92;102;40;30;163;204;174;174;184;256;61;10;92;30;30;0;194;133;71;92;10;51;20;10;92;30;153;143;20;10;61;122;430;338;235;225;1116;1034;92;10;112;133;92;153;81;102;20;20;40;92;20;20;81;92;184;194;30;71;51;30;92;102;102;51;10;10;10;40;61;30;153;
430;430;379;379;655;645;563;532;245;184;10;0;0;0;0;0;0;0;0;0;0;0;0;0;0;0;10;10;20;40;10;0;10;10;30;40;71;92;81;92;204;215;368;338;122;102;10;0;10;10;0;0;10;0;51;30;92;81;112;112;40;30;0;20;0;30;10;20;40;0;112;40;204;143;112;122;20;51;174;112;286;133;225;256;174;184;61;122;430;440;2038;4660;15006;16840;194;61;419;368;583;553;81;409;891;1106;102;0;40;235;379;379;71;133;450;553;143;286;184;297;389;327;204;163;256;245;51;133;30;40;317;317;225;256;163;174;81;51;174;122;163;174;184;225;30;71;10;20;143;102;235;225;163;204;112;153;71;10;122;51;122;112;92;122;0;71;81;51;153;102;184;194;102;122;40;81;92;40;143;153;163;163;40;40;0;10;112;92;81;102;81;194;122;153;61;40;0;0;225;204;92;133;143;215;40;20;102;51;92;112;163;174;92;153;20;10;122;102;317;204;143;61;676;450;10;61;194;245;81;163;112;92;20;81;10;0;61;61;112;102;204;194;71;51;143;92;102;92;61;40;61;0;30;30;40;20;133;
850;839;10;10;409;399;307;276;122;81;0;0;10;10;10;10;0;10;10;0;10;0;10;10;10;10;0;0;0;10;51;30;0;0;20;30;61;92;0;20;184;194;194;122;379;348;40;20;10;10;0;0;0;0;102;102;122;112;51;51;92;92;153;133;153;153;215;204;225;307;153;153;184;143;215;122;245;174;266;419;594;389;286;276;245;174;338;276;604;635;942;624;9188;12845;6986;6166;706;327;522;481;92;215;10;286;194;81;256;204;40;163;133;225;153;153;225;194;51;51;122;194;51;71;297;215;307;245;0;30;81;122;81;81;163;163;348;348;81;153;20;30;71;61;81;122;194;256;20;40;112;51;194;122;215;225;102;215;30;10;20;0;225;112;194;163;40;122;40;30;102;122;266;235;256;235;0;0;0;30;30;30;143;184;143;194;20;51;92;30;20;30;338;358;51;112;71;71;81;40;71;0;153;174;20;51;61;51;30;40;245;194;143;143;61;71;71;30;133;81;174;163;450;215;112;174;174;112;122;122;174;245;10;71;61;30;81;0;112;40;163;204;0;81;0;0;112;92;133;40;20;20;0;71;20;30;143;
850;839;747;758;184;143;40;30;40;30;10;10;10;10;20;10;10;10;10;10;20;10;20;20;20;20;0;0;10;20;0;0;102;102;10;20;112;133;102;51;81;112;358;276;184;153;51;30;20;20;10;0;40;40;51;40;40;40;30;30;40;81;10;51;20;102;122;61;256;204;163;143;143;122;40;71;61;40;184;245;686;614;522;409;71;81;215;102;563;604;2274;1577;11493;15139;10571;11800;624;235;604;594;30;194;624;204;348;368;225;163;235;112;0;81;163;51;133;92;163;143;245;317;184;153;102;61;194;133;20;102;163;225;153;215;40;40;297;215;133;102;143;92;30;102;10;20;235;235;143;102;174;184;92;81;122;61;122;184;81;92;81;81;61;71;92;51;92;92;102;92;153;204;81;81;184;163;92;51;122;122;71;92;30;30;143;163;163;102;163;153;51;30;122;81;143;184;133;92;174;184;10;30;163;112;51;71;81;92;40;71;81;51;163;143;51;0;204;174;0;0;20;0;245;81;20;20;327;317;20;30;122;92;81;61;92;92;61;133;30;0;133;71;92;30;225;194;40;153;40;51;0;20;153;143;143;184;51;
256;245;81;71;624;604;419;389;133;92;0;10;10;10;10;10;0;10;10;10;20;10;10;20;10;10;0;0;10;0;102;92;0;0;10;20;163;153;81;102;71;81;358;450;286;215;102;61;40;40;61;30;30;30;92;71;92;102;92;102;163;194;153;163;143;174;81;71;215;174;245;266;307;256;122;163;10;30;245;235;727;706;542;614;338;450;163;81;522;686;2407;2140;8348;10888;8502;11237;880;440;276;348;153;0;522;235;225;194;122;51;194;112;153;112;0;51;30;10;133;30;194;256;215;235;143;204;51;40;71;20;256;317;204;225;20;81;122;51;143;92;204;163;81;133;71;0;122;92;225;174;194;204;143;174;10;0;92;51;112;133;112;92;61;92;51;61;143;112;153;143;194;194;61;133;71;10;92;61;112;112;81;112;30;0;40;0;153;153;174;174;51;51;30;10;163;112;40;40;153;143;51;61;92;102;122;143;92;71;112;143;122;153;102;71;61;51;71;61;51;10;20;20;153;10;10;0;245;245;102;133;51;81;0;30;71;30;30;51;40;40;20;30;71;40;112;71;102;102;0;20;61;30;204;184;163;133;163;
758;758;676;665;30;61;204;204;163;133;10;10;0;0;0;0;10;0;10;10;0;10;0;0;10;0;20;20;30;40;10;10;20;10;40;51;92;30;174;184;51;10;30;102;307;307;61;10;40;40;61;61;61;71;112;122;174;184;235;235;256;276;143;122;61;40;51;81;102;61;112;122;40;0;81;71;143;112;133;215;389;358;327;501;204;194;215;194;624;686;2704;2745;1772;2857;10458;7846;2704;1915;122;10;256;317;553;594;133;122;0;51;460;389;163;122;61;51;389;327;215;225;40;0;256;225;163;153;225;194;163;133;133;133;143;153;163;174;266;276;174;153;204;184;81;81;102;133;143;194;92;102;143;122;153;102;194;174;153;194;30;61;133;122;143;122;163;102;133;122;40;10;133;143;153;143;174;184;81;112;102;51;71;81;71;71;112;133;61;102;92;71;51;40;133;133;153;143;51;20;133;92;122;71;153;153;51;92;20;20;40;61;112;92;153;174;20;0;0;71;174;184;71;51;174;174;0;10;276;143;71;81;71;71;61;0;30;40;20;40;61;51;92;61;10;20;20;10;61;92;30;10;20;30;0;30;20;20;122;
297;276;163;153;184;184;163;133;40;20;10;10;10;10;10;10;10;10;10;10;10;10;10;10;10;20;0;0;0;40;0;0;0;0;92;71;194;153;81;112;61;40;153;174;20;20;122;92;40;40;71;51;61;71;51;61;61;81;61;51;112;102;184;184;163;184;204;204;40;81;143;102;174;133;215;163;153;204;102;92;215;215;594;512;297;266;215;276;676;798;2550;2540;1536;2079;9813;10130;1516;1034;215;143;0;92;92;174;286;379;143;20;358;379;174;163;174;174;266;368;81;61;51;71;245;204;256;235;184;256;81;61;122;143;225;153;245;225;133;204;102;81;153;174;143;112;143;163;10;61;71;30;163;143;204;225;194;245;30;61;40;20;133;81;143;163;92;143;0;30;81;20;235;204;194;184;71;133;0;0;102;61;122;122;143;122;51;81;40;20;102;112;92;143;133;174;10;71;10;30;112;112;163;153;102;204;10;30;122;20;133;112;163;174;102;174;0;51;92;40;143;133;112;102;163;143;20;10;276;235;133;174;153;163;61;40;51;0;61;71;71;81;92;133;10;20;112;51;112;71;81;92;10;51;10;30;92;61;184;
829;819;737;737;143;122;51;51;51;30;0;10;10;10;20;10;0;10;10;10;10;0;10;20;10;10;0;0;10;20;40;30;20;0;102;81;20;0;327;297;184;215;184;30;92;40;51;30;30;30;51;51;51;40;71;71;40;40;0;20;20;81;81;122;51;174;122;133;215;225;266;276;286;225;122;133;81;10;143;102;256;245;706;706;389;419;184;102;491;655;2653;2653;430;532;6535;10458;4445;4486;491;368;20;51;389;153;81;61;153;163;194;184;112;133;20;51;51;102;245;225;102;112;276;235;10;30;102;71;235;256;153;245;92;163;30;61;245;174;297;286;153;174;0;30;30;61;92;71;184;204;122;153;61;112;112;61;225;194;153;133;81;81;0;30;92;30;184;204;112;122;122;153;112;81;174;153;174;174;92;112;10;10;0;10;133;92;143;143;51;102;0;30;92;81;153;133;61;51;51;20;71;81;122;92;163;163;61;61;0;10;40;81;184;153;92;112;30;61;92;51;71;102;256;184;102;112;133;81;61;61;71;51;51;10;51;40;81;71;30;30;71;61;163;143;163;112;92;71;0;20;10;0;102;143;61;61;122;
71;61;61;61;532;522;389;358;174;133;0;0;0;0;0;0;0;0;0;0;0;0;0;0;20;20;10;10;20;30;10;10;10;0;92;92;92;92;102;112;40;81;81;81;30;61;61;30;10;10;71;61;71;51;30;20;0;0;30;61;71;40;0;0;40;51;163;81;204;286;51;133;102;71;102;81;215;153;102;225;30;0;368;379;399;583;471;348;450;501;2857;2888;901;645;3595;5592;2550;2827;2806;1987;143;266;399;409;81;0;0;61;276;225;184;122;61;40;143;102;276;317;30;10;102;61;40;51;245;174;338;389;10;40;92;51;122;153;358;276;215;286;0;20;71;0;10;0;215;204;133;194;20;10;92;112;133;81;225;256;20;81;0;20;81;81;184;92;133;194;20;30;81;61;61;92;256;204;133;174;40;30;51;0;30;30;184;174;61;133;30;10;0;20;133;71;163;194;0;51;10;20;30;30;194;133;122;215;0;0;20;20;30;71;256;215;40;81;30;30;92;51;51;122;389;225;81;61;30;0;61;40;61;40;71;71;10;40;0;10;20;40;122;71;184;225;30;20;10;0;0;0;112;81;92;163;10;0;51;
993;983;819;819;368;327;61;61;30;20;0;10;10;0;10;10;0;0;0;0;10;0;10;10;10;0;10;0;20;30;122;92;0;0;20;30;102;51;204;153;276;286;450;460;30;40;0;10;0;10;10;10;20;30;51;51;0;20;20;40;10;10;30;40;102;112;174;225;122;215;163;133;133;174;204;92;174;215;40;0;256;297;225;430;419;348;225;266;655;788;2704;2837;1659;1270;2386;2243;6279;5664;1546;1096;20;112;276;266;102;40;81;30;133;143;174;133;184;51;153;215;184;163;92;102;10;30;204;81;163;204;174;174;61;40;10;30;235;204;215;256;225;235;92;92;40;40;174;153;133;153;92;143;0;30;122;40;245;256;174;204;40;51;40;0;184;71;204;204;112;143;40;40;0;10;276;184;204;266;51;71;10;20;30;0;245;194;112;194;61;92;0;30;92;40;266;245;71;102;10;10;0;20;215;112;317;338;71;92;81;40;0;0;276;194;184;276;20;10;10;51;122;81;338;338;297;235;30;0;40;20;133;40;194;215;10;20;0;20;40;10;174;133;153;215;30;51;71;81;71;51;184;153;51;133;20;10;0;10;122;
348;348;286;286;245;245;143;153;92;81;20;10;10;10;10;10;10;10;10;10;20;10;20;20;20;10;0;0;10;20;20;20;0;10;10;20;71;174;102;61;61;81;133;10;235;225;20;20;30;20;10;30;61;61;92;112;133;143;143;174;184;225;215;235;235;256;204;204;204;235;184;153;163;143;133;143;143;163;0;40;276;225;327;297;450;460;409;399;624;747;2642;2806;1669;1372;2489;3114;5982;6924;3718;3441;645;491;204;153;194;235;40;20;174;204;112;92;215;215;112;92;163;92;92;30;122;153;153;153;153;204;112;143;215;174;153;81;143;133;92;143;133;163;102;112;174;122;71;81;102;133;112;143;163;133;215;174;184;143;112;92;51;30;71;122;122;174;174;153;102;71;143;61;133;143;163;174;122;194;40;71;92;81;102;61;81;71;112;163;71;92;122;122;143;143;204;163;61;81;30;0;81;92;102;122;174;184;61;40;133;61;51;102;194;215;174;215;51;0;102;102;215;174;184;235;297;266;51;51;184;143;133;122;194;133;40;20;20;0;81;102;102;102;133;112;61;71;112;61;81;92;81;102;30;61;10;40;40;0;133;
1126;1085;911;901;635;594;112;112;0;0;0;0;0;0;0;0;0;0;0;0;0;0;71;61;10;10;20;10;30;40;10;0;0;10;30;40;20;51;40;71;194;163;20;133;327;235;30;30;20;30;0;0;10;10;30;20;61;61;40;30;20;0;51;71;10;61;184;92;204;286;122;163;122;92;102;112;194;143;112;235;92;102;143;163;204;184;430;327;481;604;2796;2919;1854;1516;2929;3400;2120;2775;2950;2786;2376;2417;20;10;20;133;297;204;61;0;102;61;61;71;122;30;368;338;194;276;10;20;20;0;153;92;327;286;143;204;20;51;0;0;327;235;317;338;40;102;10;10;0;61;276;245;225;307;61;71;30;10;174;81;358;327;143;215;0;0;71;71;174;71;256;297;51;102;10;10;20;0;266;184;184;235;0;40;30;10;30;40;286;266;143;215;30;0;40;40;174;71;256;256;51;92;0;0;20;30;215;133;194;256;0;40;30;20;81;61;276;256;143;215;30;102;122;102;163;122;491;379;153;174;51;61;61;40;143;61;163;163;30;71;30;0;10;10;174;92;225;256;61;71;0;0;0;0;174;122;174;235;81;92;81;
389;358;286;276;430;389;225;215;92;71;10;10;10;10;10;10;10;10;10;10;10;0;10;10;0;10;0;0;10;20;0;0;0;0;10;61;40;40;30;20;71;10;174;71;92;40;0;0;0;0;30;30;81;102;71;102;51;92;81;81;153;133;153;143;112;112;153;102;92;184;174;194;184;184;92;92;61;30;51;10;143;112;194;276;122;286;256;204;553;809;2642;2745;1792;1464;1208;1331;1915;1905;2560;2571;3534;3615;194;215;30;40;112;71;92;92;51;102;61;102;10;0;184;194;276;297;112;225;30;30;40;20;235;153;307;286;61;184;0;10;163;143;327;245;266;276;20;71;10;20;163;153;245;215;184;184;0;10;122;61;184;194;225;256;40;102;0;20;133;61;174;153;143;174;71;92;40;10;184;184;174;163;102;122;30;20;61;30;215;184;194;153;102;122;0;10;143;61;163;163;40;71;51;61;10;20;194;184;133;194;122;112;20;61;92;71;215;194;71;61;102;122;92;122;215;194;379;348;163;143;122;143;40;40;133;81;92;71;81;71;40;30;51;40;163;153;122;163;174;174;143;133;102;81;102;122;81;112;92;92;133;
1126;1116;624;635;635;604;307;297;102;81;10;10;10;10;10;10;10;10;10;0;10;0;10;10;10;10;30;51;61;40;0;10;0;0;20;0;30;0;71;51;10;102;10;81;30;20;10;10;10;0;30;0;20;20;51;51;0;20;0;10;30;30;30;81;163;184;276;235;235;276;266;225;133;92;40;10;112;92;30;102;122;163;256;379;368;430;481;389;235;512;2816;2847;2007;1608;174;204;2335;2294;3093;2509;2458;3759;624;768;10;40;61;20;204;235;174;112;163;153;30;10;215;266;122;204;30;51;30;92;194;112;245;276;163;276;30;51;102;20;327;256;348;307;112;194;71;51;61;0;215;235;235;245;71;112;20;61;235;153;245;276;163;225;10;0;40;40;256;184;174;204;92;153;40;0;112;10;286;256;143;174;40;112;51;30;122;40;225;235;163;163;10;40;10;30;194;163;174;235;61;71;0;0;10;61;225;184;81;143;71;92;0;20;163;122;256;235;71;61;71;102;40;81;225;174;389;368;184;163;81;92;40;20;153;122;122;153;143;102;30;40;81;40;215;174;174;215;163;153;71;81;61;40;184;163;143;194;122;163;30;
1024;1014;522;491;327;286;92;81;10;10;0;0;0;0;0;0;0;0;0;0;0;0;0;0;0;0;20;10;20;40;40;20;10;0;30;40;20;30;0;20;235;143;51;143;20;40;10;10;0;0;0;0;10;0;20;30;10;20;10;0;0;10;20;40;51;40;102;71;112;153;81;163;102;71;102;71;51;10;51;10;40;30;143;163;481;460;501;430;409;542;2847;2991;2017;1608;501;40;2120;2028;3462;3062;1208;860;368;245;71;10;92;133;163;133;20;0;112;61;153;61;194;163;30;61;163;184;133;174;133;92;194;163;143;153;122;153;102;153;235;225;225;184;184;163;92;102;30;61;81;133;174;163;194;133;102;92;133;112;143;204;102;143;112;163;112;92;112;51;112;92;92;81;92;163;112;133;204;174;122;102;133;122;81;92;51;40;133;122;133;133;112;92;92;92;143;122;143;174;92;92;143;143;81;51;143;133;92;112;92;71;102;163;143;153;194;153;92;61;133;133;81;163;133;143;276;256;194;163;184;163;61;71;61;51;92;92;81;102;61;81;71;61;122;92;133;133;143;133;102;153;122;71;71;71;133;153;102;112;92;
1290;1280;1137;1116;1270;1188;635;594;194;153;10;10;0;0;0;0;0;0;0;0;10;0;0;10;0;0;10;0;20;30;133;153;0;0;20;30;40;10;92;92;163;184;153;10;153;153;0;0;0;0;10;10;10;10;20;30;20;10;20;40;71;71;112;163;112;143;245;174;204;225;184;133;163;153;81;92;143;133;51;81;20;0;102;112;266;215;594;594;389;522;2765;2919;1946;1618;686;358;962;1055;3923;4240;5080;5029;1454;1178;286;409;0;112;215;286;112;61;122;61;51;10;256;225;10;0;204;225;51;81;92;81;256;297;153;112;122;163;61;10;225;194;204;256;163;143;61;112;71;20;163;163;102;153;235;215;71;81;174;102;194;204;61;81;81;102;10;0;174;133;163;163;163;112;102;163;81;51;184;174;122;174;153;122;10;51;40;10;163;184;122;143;112;143;40;40;153;92;143;143;92;81;61;102;0;10;174;122;153;163;133;81;81;122;143;133;235;204;133;133;122;102;0;40;81;30;204;256;174;235;163;174;71;81;143;51;112;112;71;122;30;81;0;10;184;122;204;163;143;153;20;71;10;0;112;81;184;204;143;112;102;
1464;1444;1198;1167;1403;1321;737;706;276;225;30;30;10;10;20;20;10;20;10;10;20;10;20;20;10;20;0;0;0;10;61;71;10;10;0;20;153;235;133;81;51;112;256;297;204;143;81;81;30;10;10;10;40;51;40;51;81;81;71;71;81;153;81;122;40;61;102;122;256;256;317;368;235;266;133;71;40;71;71;40;184;184;153;235;204;204;717;676;256;512;2642;2601;1946;1567;788;317;860;717;3892;4046;6023;5992;2816;1956;112;317;256;297;112;163;71;20;71;10;30;71;215;112;215;225;184;256;10;30;71;133;266;194;235;358;122;184;30;61;133;40;379;245;163;245;20;30;20;0;61;10;225;163;153;215;30;20;71;81;194;215;276;286;61;102;20;0;40;20;122;92;174;204;20;92;40;71;163;122;235;194;194;245;51;40;20;10;133;112;235;163;51;143;30;71;92;122;184;143;235;215;133;143;61;20;102;92;122;133;153;184;61;61;112;112;163;174;122;81;174;204;102;133;133;112;184;153;256;204;153;174;81;71;40;61;81;71;194;184;92;122;102;92;71;102;184;163;225;184;112;81;102;102;0;0;92;102;143;184;143;
1403;1372;798;778;1096;1034;594;573;204;174;20;10;10;10;10;10;10;10;10;10;10;10;10;10;10;10;0;0;10;10;133;112;10;10;20;20;51;122;307;266;327;430;163;184;153;71;10;0;0;10;0;10;30;20;122;102;122;163;92;122;163;215;102;133;143;143;204;153;256;245;204;215;61;102;51;30;122;81;92;102;112;143;51;92;133;112;604;522;153;379;2396;2591;1884;1628;819;440;798;809;3872;4712;4804;5685;5285;5224;245;122;10;10;20;112;256;102;266;245;51;71;215;215;81;163;61;225;20;0;102;0;297;286;245;256;0;61;10;0;204;143;317;327;194;256;40;40;20;20;184;133;215;215;153;245;20;0;122;81;225;225;235;245;61;143;20;40;122;71;194;174;194;204;40;51;71;51;163;102;204;225;102;184;40;10;10;0;174;143;215;245;122;163;51;51;133;81;174;122;112;122;20;102;40;30;153;143;194;204;174;133;61;81;81;71;194;163;133;133;153;133;10;40;40;51;256;235;225;245;235;276;71;51;92;40;112;92;143;194;10;81;20;30;102;102;174;143;215;194;61;122;10;20;71;51;215;194;174;143;40;
1393;1362;1096;1075;1147;1075;553;522;143;112;10;10;0;0;10;10;0;10;0;0;0;0;0;10;61;71;10;0;20;30;0;0;0;0;30;30;61;102;112;102;40;133;40;10;10;30;10;0;10;10;10;0;0;0;10;20;0;20;61;30;51;51;112;122;92;81;122;122;51;81;102;61;163;133;81;40;71;81;112;61;0;40;133;153;153;215;491;573;624;717;2407;2632;1741;1454;583;297;655;563;1895;1843;2632;3206;10161;12251;2376;2294;1915;1987;30;40;358;317;215;245;51;10;40;30;92;92;81;102;92;51;153;143;81;143;71;102;102;153;143;102;215;204;143;153;174;194;112;153;143;102;81;143;71;30;174;174;102;143;204;204;133;204;122;71;194;163;61;51;174;153;10;71;112;81;153;153;143;92;184;204;20;40;92;92;112;153;112;71;143;153;40;0;112;122;102;133;184;163;71;102;71;0;143;122;92;92;143;163;20;92;122;30;122;102;163;163;163;194;40;10;133;122;133;153;112;92;153;174;40;20;184;194;112;174;122;112;61;71;71;0;112;122;51;102;133;133;81;81;133;40;133;122;20;51;61;92;40;92;204;122;174;
1393;1362;348;348;676;645;419;399;215;174;20;20;10;10;20;10;10;20;10;10;20;10;20;20;10;20;0;0;30;10;51;40;92;81;10;10;51;20;102;92;276;163;163;235;0;10;51;51;10;10;40;40;81;92;174;194;204;225;256;245;266;256;307;327;225;215;348;286;184;215;297;245;204;225;133;102;163;143;30;20;81;61;102;174;102;102;338;307;389;635;2356;2366;1792;1321;594;286;686;655;901;860;2345;3810;5726;6033;2909;3308;3206;3267;2560;1792;338;327;379;379;174;225;71;40;30;40;10;30;81;71;102;102;163;204;133;122;30;71;10;10;276;235;174;194;194;225;51;81;40;10;174;204;92;92;122;153;10;30;204;133;215;266;122;163;81;102;20;10;245;133;153;194;133;122;81;133;92;51;266;276;153;174;133;92;20;20;102;40;235;286;143;153;143;143;51;51;256;153;194;225;81;81;92;112;81;81;266;215;133;184;112;61;61;71;112;112;266;245;81;81;92;102;61;92;133;133;266;297;102;112;163;163;92;102;133;112;174;194;143;143;112;112;71;71;204;143;133;184;153;163;81;143;51;51;143;122;163;174;122;112;112;
1321;1290;1096;1085;1147;1075;573;542;194;163;20;20;10;10;20;20;10;20;10;10;20;10;20;10;10;10;0;0;40;51;10;20;102;92;10;10;61;61;102;122;399;286;225;256;163;122;0;0;20;10;40;30;30;40;10;10;20;30;61;71;194;194;215;225;153;163;81;81;122;133;225;235;266;256;143;112;20;10;51;61;81;61;184;225;122;143;204;153;358;676;2396;2335;1659;1239;440;10;727;604;624;645;2120;3042;4025;4240;2519;2386;1720;2028;5398;5377;163;245;317;338;338;297;204;235;10;0;81;122;40;10;61;40;71;92;174;184;122;184;92;143;133;102;163;122;245;225;153;184;51;61;61;92;133;112;235;215;163;133;112;143;102;133;153;133;174;163;112;112;102;71;30;61;163;153;163;184;163;163;163;153;122;122;133;122;102;112;81;102;112;112;112;61;133;102;163;163;143;163;71;61;51;20;143;112;153;143;102;112;20;81;81;61;133;174;215;235;163;184;0;0;122;92;143;174;143;194;81;122;20;30;174;184;215;225;133;153;51;30;133;71;184;163;174;163;122;143;51;40;112;92;163;153;143;143;30;51;40;40;174;153;235;
460;450;419;419;839;798;481;460;194;153;0;0;0;0;0;0;0;0;0;0;0;0;0;0;0;0;40;30;20;20;10;0;30;30;30;40;71;81;61;71;92;215;153;122;0;30;10;0;20;0;30;40;92;71;40;71;10;40;71;81;71;81;133;174;10;81;20;10;71;61;122;102;215;245;30;0;10;30;0;20;112;10;215;276;40;81;112;112;583;717;2356;2632;1577;1178;635;286;676;665;604;696;1147;1731;2130;2386;2366;2396;3062;3953;6658;5367;1454;1065;501;522;327;348;71;174;184;71;143;276;102;92;10;40;71;51;379;317;92;245;10;0;133;71;225;163;450;430;71;204;61;61;51;20;184;143;327;379;40;122;40;10;174;112;286;194;225;297;81;40;0;30;143;133;307;225;163;245;20;30;122;81;194;174;307;276;30;133;30;81;122;102;225;184;235;297;51;10;92;40;133;122;184;102;184;256;71;51;81;61;112;112;194;143;71;174;0;20;163;163;122;133;276;256;0;112;20;10;112;112;153;153;256;276;10;81;102;30;122;92;225;174;143;235;51;0;112;51;133;122;235;184;102;184;10;30;71;61;133;143;276;256;92;
1434;1413;1167;1147;1311;1249;676;635;225;184;20;10;10;10;10;10;10;10;10;10;10;10;10;10;10;10;0;0;10;40;10;10;0;0;102;61;112;153;30;61;61;30;71;92;122;122;10;20;20;20;20;40;20;10;20;10;40;40;92;92;20;81;81;102;81;92;235;133;235;256;81;153;51;40;81;30;174;102;133;122;0;10;51;61;163;153;409;409;379;542;2663;2816;1915;1710;604;348;706;706;604;717;706;962;1003;1034;1290;1096;2151;3718;7672;7948;2622;1833;2847;1956;143;51;61;0;51;92;194;92;0;0;143;112;184;163;81;133;10;71;102;122;276;286;194;215;92;122;163;81;112;92;163;174;112;163;40;51;133;112;225;163;225;215;81;153;71;81;102;61;204;133;133;143;51;71;92;81;133;133;276;276;184;184;81;51;51;20;71;81;153;204;163;184;92;102;61;61;194;133;184;163;40;81;30;61;81;71;184;163;174;184;81;71;30;71;174;133;235;225;153;153;61;133;92;92;112;92;194;225;133;174;102;122;122;71;194;184;194;204;163;256;61;81;102;92;174;122;204;215;133;174;61;61;71;61;143;102;174;194;92;102;81;
563;553;379;368;655;614;379;368;163;133;20;20;10;10;20;20;10;20;10;10;20;10;20;20;10;20;0;0;10;20;40;30;0;0;71;51;61;30;204;184;204;327;194;215;10;51;0;0;20;10;30;30;81;81;61;71;92;122;163;194;215;225;245;266;163;184;133;143;215;204;266;204;174;204;10;30;0;10;0;10;143;81;112;194;81;102;174;112;532;768;2673;2857;1823;1557;737;266;635;624;696;686;839;932;604;737;768;635;921;2212;5357;6545;2714;2724;3452;3380;133;194;10;20;112;122;20;81;0;10;20;0;122;112;276;286;81;122;102;102;143;102;215;163;286;286;102;133;0;51;40;20;225;184;184;215;102;92;102;92;61;61;235;225;143;235;40;40;51;20;112;61;204;215;92;184;92;133;133;112;174;92;194;204;61;81;0;10;51;30;225;163;194;225;40;71;92;112;122;81;174;112;112;174;20;0;61;61;61;61;153;163;81;143;153;122;133;102;112;51;194;225;51;102;71;92;81;102;204;153;225;256;71;71;81;81;122;81;235;194;143;204;30;10;71;61;133;81;276;245;71;163;40;40;10;20;143;143;266;286;133;
1249;1229;1034;1024;1003;921;450;430;112;81;0;0;0;0;0;0;0;0;0;0;0;0;0;0;0;0;10;20;30;30;61;81;0;10;20;30;133;102;163;174;379;368;92;81;30;51;0;10;0;10;0;10;10;0;51;51;61;61;10;30;0;20;10;40;20;40;0;10;143;133;61;61;40;61;122;81;10;10;0;20;40;20;92;92;174;215;194;153;583;717;2796;2950;1813;1587;604;235;768;717;686;747;655;583;624;635;635;532;717;1157;993;1557;2212;2560;3380;2898;1167;1106;389;276;30;30;0;61;122;153;51;71;133;184;133;122;71;40;143;174;143;122;163;194;133;153;225;163;71;92;112;61;61;122;102;102;184;143;153;174;174;184;92;92;92;102;133;112;30;51;92;92;61;30;174;174;102;122;143;133;102;122;102;71;102;102;92;92;81;71;81;112;81;71;92;81;122;133;122;81;30;30;102;102;122;112;143;143;61;71;71;20;81;102;133;153;122;163;92;71;81;81;81;112;153;194;102;92;81;112;143;133;184;143;112;102;102;61;112;102;71;122;92;122;81;112;122;71;122;102;122;112;92;102;30;51;153;163;143;102;163;
1044;1024;819;798;1157;1085;635;604;225;184;20;20;10;10;10;20;10;20;10;10;20;0;10;20;10;10;0;0;10;20;0;0;0;0;245;266;10;40;0;30;153;143;112;0;20;30;0;0;10;10;30;20;92;71;112;122;112;153;133;163;143;163;102;112;194;163;204;194;215;245;122;143;102;61;153;102;81;81;0;71;0;0;81;71;163;184;256;204;624;768;2868;2909;1874;1628;594;245;717;635;768;758;758;706;399;501;450;430;409;819;1167;1024;604;1147;4793;4169;962;1300;81;338;30;112;225;0;51;0;81;71;133;133;112;174;0;10;122;133;184;163;256;256;153;184;163;122;102;102;102;102;163;174;81;112;102;40;174;153;153;174;163;215;10;20;102;40;112;40;102;112;51;112;61;71;122;92;184;174;204;184;81;112;0;10;92;92;184;194;174;174;51;92;81;61;194;163;184;194;92;102;10;30;51;20;194;184;122;122;92;102;10;40;215;153;194;204;92;92;61;122;0;30;153;112;163;153;122;102;51;81;81;40;143;174;92;112;163;143;20;40;61;20;133;122;133;112;143;143;10;20;133;102;51;61;102;122;102;133;81;
1434;1413;768;758;1024;952;553;532;204;174;20;20;10;10;20;20;10;20;10;10;20;10;20;20;10;10;51;51;51;30;81;81;10;10;0;0;20;0;389;286;30;92;204;163;92;133;133;122;61;40;92;81;122;153;143;133;102;122;153;143;235;225;143;204;163;194;153;112;307;276;379;348;204;215;133;163;10;40;81;40;174;122;102;133;61;163;194;133;501;696;2704;2816;1833;1567;778;379;604;522;706;809;737;706;307;379;215;235;594;921;1270;1014;932;891;3431;3277;737;491;297;235;10;61;0;10;0;92;20;10;174;174;235;215;20;30;30;0;102;81;194;194;153;194;133;92;0;0;40;61;184;204;122;163;102;61;184;92;163;133;215;235;61;153;40;71;81;10;112;71;174;143;92;133;40;102;153;143;163;174;174;153;61;20;0;0;61;81;133;174;143;194;81;61;133;92;153;122;61;51;71;143;102;92;112;81;102;102;112;51;61;112;163;204;184;174;102;92;184;112;81;102;40;71;81;71;61;81;153;153;112;81;143;102;92;92;102;112;61;122;81;102;102;92;143;92;153;102;112;143;92;92;10;40;153;133;215;153;174;
1014;993;798;778;1014;942;522;501;184;143;10;10;0;0;0;10;0;10;0;0;0;0;0;0;0;0;10;10;20;30;0;0;0;0;20;30;40;10;61;10;368;358;51;40;174;143;0;20;0;0;0;0;0;10;0;30;10;10;51;51;102;71;133;153;81;143;20;20;51;61;92;51;153;143;112;143;20;71;71;51;10;81;225;245;133;194;153;133;727;870;2796;2960;1761;1495;758;307;604;573;563;532;573;460;542;604;286;389;491;614;798;768;1679;1505;1679;1423;1044;460;368;276;245;153;645;768;40;174;71;71;122;122;153;112;204;194;61;122;133;112;163;153;204;133;286;286;40;102;51;122;133;112;174;143;174;184;122;143;71;122;112;92;153;153;133;163;102;30;51;81;112;71;174;204;112;153;163;143;112;133;194;163;122;112;30;40;92;102;102;133;163;133;163;174;143;153;122;143;20;10;143;102;102;133;112;153;40;81;61;0;102;81;153;215;174;143;10;10;71;61;143;163;133;153;122;112;30;20;102;61;143;102;102;112;61;81;30;30;133;112;143;133;81;92;61;71;81;61;143;122;163;215;81;92;51;71;112;71;225;
1393;1362;1167;1147;1362;1311;717;553;235;194;10;10;0;0;10;10;0;10;10;0;10;0;0;10;10;0;0;0;10;0;30;20;0;0;122;81;81;61;71;40;0;81;0;20;71;71;0;0;10;10;20;40;40;51;30;10;40;51;163;122;184;194;143;174;143;225;112;112;235;204;245;204;204;143;51;40;0;40;10;0;30;40;204;235;122;163;194;102;583;798;2857;2960;1864;1536;788;379;563;532;614;563;532;501;430;481;286;379;338;450;604;573;1331;1321;1352;1044;1331;809;338;327;471;450;880;932;122;133;61;40;92;92;112;153;143;174;81;112;163;112;133;71;61;30;204;194;0;40;10;102;112;133;153;102;184;163;153;143;40;92;102;133;163;153;143;163;61;40;30;30;71;71;194;215;133;163;133;71;61;51;133;122;122;112;30;61;92;102;133;92;163;143;143;163;92;112;71;112;51;10;163;122;92;81;81;81;20;81;71;20;122;153;143;184;143;143;30;10;92;112;133;163;71;112;112;112;71;71;174;163;122;133;112;92;102;81;102;61;143;143;51;92;61;71;71;81;184;133;122;133;81;71;10;20;61;122;153;153;184;
1085;1065;839;829;1218;1147;665;645;256;215;20;20;10;10;20;10;10;20;10;10;10;10;10;10;10;10;0;0;10;20;0;0;0;0;0;20;133;102;174;112;133;143;389;460;81;81;10;10;40;30;40;40;71;81;71;71;81;92;112;92;143;122;112;112;92;122;153;122;143;163;184;163;92;81;20;40;81;81;0;30;81;61;71;71;102;112;153;143;635;788;2868;2919;1874;1618;778;450;624;573;563;594;450;501;440;440;297;358;379;399;409;317;655;665;747;594;1126;1014;563;450;184;215;1055;1137;1710;1464;491;481;174;225;133;153;102;81;61;71;174;194;174;235;51;71;235;204;10;20;122;122;71;112;133;163;133;153;153;102;153;143;133;122;92;102;163;174;133;81;81;81;143;122;163;143;143;153;133;153;133;122;215;204;112;92;61;71;102;143;153;133;153;163;133;122;153;153;143;153;81;61;71;81;92;71;184;184;122;112;112;71;51;51;153;184;174;174;81;92;143;122;133;112;153;133;163;174;102;133;133;153;143;112;153;153;133;122;122;133;102;174;112;163;133;122;174;174;112;102;81;112;81;112;92;92;102;122;122;81;184;
1495;1464;839;829;1249;1167;686;655;245;204;10;20;10;10;10;20;10;20;10;10;20;10;10;20;10;10;71;51;71;61;0;0;0;0;10;20;61;102;256;235;163;112;102;81;102;71;30;30;40;30;30;30;30;20;102;92;61;92;92;102;153;153;143;153;112;122;153;133;256;297;256;215;194;215;102;92;51;0;10;71;92;61;102;204;112;102;215;102;614;768;2704;2898;1895;1536;798;409;665;594;645;665;635;563;368;389;266;307;389;460;235;245;696;696;655;471;727;706;635;563;143;143;860;1096;1792;2663;563;624;174;194;163;153;71;215;20;10;174;102;235;266;276;153;297;338;20;0;143;122;143;133;245;184;40;81;92;51;194;184;133;184;194;215;81;71;61;0;71;81;184;133;143;276;30;71;51;20;184;153;307;266;0;143;10;20;112;102;225;225;266;215;30;81;71;51;122;112;133;122;174;184;40;71;122;71;133;133;153;153;153;235;112;112;174;133;143;112;184;184;102;184;61;133;163;153;204;163;235;184;61;102;51;30;133;112;184;184;184;194;20;61;102;81;163;163;235;215;194;225;20;20;10;0;153;143;143;174;194;
1321;1311;1044;1034;1024;952;481;450;143;112;10;0;0;0;0;0;0;0;0;0;0;0;0;0;0;0;10;10;20;10;0;0;0;0;20;30;30;0;81;102;215;112;71;71;235;215;51;30;10;10;10;20;10;20;20;0;51;10;51;40;0;0;51;30;51;71;61;30;81;71;61;92;102;112;40;92;10;20;0;20;40;20;92;71;61;92;112;133;583;747;2816;2919;1874;1597;747;430;604;553;614;645;481;501;348;358;317;327;358;338;307;266;368;358;379;317;563;491;460;348;358;338;880;758;245;1761;778;604;204;143;71;92;61;40;0;61;61;81;307;297;153;194;379;409;10;51;133;71;174;235;71;92;51;71;153;102;307;235;163;235;92;112;40;51;81;20;215;143;133;174;40;40;30;40;204;143;215;266;174;245;51;0;20;10;143;133;184;266;61;92;10;0;163;112;163;163;122;143;20;10;61;61;235;194;153;163;61;51;20;40;92;92;184;245;122;153;40;102;71;40;204;163;256;245;163;174;40;81;71;40;184;153;174;174;143;122;0;40;81;102;184;163;163;163;133;143;51;20;163;153;112;133;163;204;112;122;143;
1454;1423;1208;1188;1464;1393;778;737;215;194;20;20;10;10;20;20;10;20;10;10;20;10;20;20;10;20;20;0;10;0;40;40;0;0;10;20;204;225;92;112;327;317;327;276;81;71;30;20;10;10;0;0;30;30;40;51;102;81;122;174;235;266;204;225;153;174;143;102;245;215;174;194;194;153;92;122;10;0;40;20;30;0;174;174;102;153;92;51;604;758;2816;2939;1813;1557;727;358;522;419;553;583;450;430;419;481;256;348;379;266;215;163;194;92;307;286;153;225;317;215;368;215;368;512;358;645;747;880;92;71;30;61;40;40;71;40;30;71;163;184;102;112;256;379;10;20;92;20;133;184;225;184;81;122;51;61;225;163;81;112;215;215;102;153;20;30;256;215;174;133;194;133;92;81;40;0;184;174;143;133;245;235;20;30;143;92;174;225;174;174;143;163;71;61;102;40;81;112;81;71;61;92;122;153;112;92;163;112;163;143;92;153;143;143;122;122;143;163;163;174;81;112;112;92;143;122;143;143;174;174;81;102;112;51;163;174;112;133;143;174;51;51;163;102;204;194;112;92;112;163;10;0;174;184;174;133;235;
# More details:
#timestamp:20160928-152035
#originalfilename:./phantom_far.data
#description:A slice of zucchino of ~7mm depth. Imaged at around 7cm.
#lines:60
#length:255
#frequency:unknown-feather
#piezofrequency:3500000
#angle:60
#image:0
#anglestep:1
#user:kelu124
#module:croaker-feather
# 
# Data file created: from the echomods project 
# Original log files: ./phantom_far.data
# See the tools at: https://github.com/kelu124/echomods/tree/master/croaker/data/raw_data/
# 
