[
    {
        "type": "message",
        "text": "",
        "user": "U5M5PLH9S",
        "ts": "1611004605.000100",
        "team": "T5M5PLH8U",
        "user_team": "T5M5PLH8U",
        "source_team": "T5M5PLH8U",
        "user_profile": {
            "avatar_hash": "e4fb6ae9f526",
            "image_72": "https:\/\/avatars.slack-edge.com\/2017-06-01\/191144530514_e4fb6ae9f526531fd41c_72.jpg",
            "first_name": "",
            "real_name": "kelu",
            "display_name": "",
            "team": "T5M5PLH8U",
            "name": "kelu",
            "is_restricted": false,
            "is_ultra_restricted": false
        },
        "attachments": [
            {
                "fallback": "[January 18th, 2021 10:16 PM] kelu: And for the curious ones, the <#CL0FKPP5K|lit3rick> running micropython on a riscv soc :) <http:\/\/un0rick.cc\/lit3rick\/upython|http:\/\/un0rick.cc\/lit3rick\/upython>",
                "ts": "1611004568.006700",
                "author_id": "U5M5PLH9S",
                "author_subname": "kelu",
                "channel_id": "C5M71F0DT",
                "channel_name": "general",
                "is_msg_unfurl": true,
                "text": "And for the curious ones, the <#CL0FKPP5K|lit3rick> running micropython on a riscv soc :) <http:\/\/un0rick.cc\/lit3rick\/upython|http:\/\/un0rick.cc\/lit3rick\/upython>",
                "author_name": "kelu",
                "author_link": "https:\/\/usdevkit.slack.com\/team\/U5M5PLH9S",
                "author_icon": "https:\/\/avatars.slack-edge.com\/2017-06-01\/191144530514_e4fb6ae9f526531fd41c_48.jpg",
                "mrkdwn_in": [
                    "text"
                ],
                "color": "D0D0D0",
                "from_url": "https:\/\/usdevkit.slack.com\/archives\/C5M71F0DT\/p1611004568006700",
                "is_share": true,
                "footer": "Posted in #general"
            }
        ],
        "blocks": [
            {
                "type": "rich_text",
                "block_id": "Tp5qC",
                "elements": [
                    {
                        "type": "rich_text_section",
                        "elements": []
                    }
                ]
            }
        ],
        "reactions": [
            {
                "name": "+1",
                "users": [
                    "U01VAH5J744"
                ],
                "count": 1
            }
        ]
    },
    {
        "type": "message",
        "subtype": "channel_join",
        "ts": "1611020389.000300",
        "user": "U01KSKTHJUQ",
        "text": "<@U01KSKTHJUQ> has joined the channel"
    }
]