[
    {
        "client_msg_id": "7a3435f7-351f-4d26-81d3-57f3205bad71",
        "type": "message",
        "text": "heya <@U028M4FEK8Q>! How are you?\nInteresting choice. 2.5MHz looks good. Would you by any chance got some datasheet for these sensors?",
        "user": "U5M5PLH9S",
        "ts": "1628786636.008500",
        "team": "T5M5PLH8U",
        "user_team": "T5M5PLH8U",
        "source_team": "T5M5PLH8U",
        "user_profile": {
            "avatar_hash": "e4fb6ae9f526",
            "image_72": "https:\/\/avatars.slack-edge.com\/2017-06-01\/191144530514_e4fb6ae9f526531fd41c_72.jpg",
            "first_name": "",
            "real_name": "kelu",
            "display_name": "",
            "team": "T5M5PLH8U",
            "name": "kelu",
            "is_restricted": false,
            "is_ultra_restricted": false
        },
        "blocks": [
            {
                "type": "rich_text",
                "block_id": "IUM",
                "elements": [
                    {
                        "type": "rich_text_section",
                        "elements": [
                            {
                                "type": "text",
                                "text": "heya "
                            },
                            {
                                "type": "user",
                                "user_id": "U028M4FEK8Q"
                            },
                            {
                                "type": "text",
                                "text": "! How are you?\nInteresting choice. 2.5MHz looks good. Would you by any chance got some datasheet for these sensors?"
                            }
                        ]
                    }
                ]
            }
        ]
    },
    {
        "client_msg_id": "ac9d8638-9ead-4639-b834-d850e3bc79da",
        "type": "message",
        "text": "Yeah these can take up to 400V, but usually (especially NDT) you don't need that high voltages - not to mention receiving electronics that can cut down higher voltages, but 100V is really what we usually see.\nFor the pulse itself, I would say that for pulse-echo, you just want to transmit energy, ideally for half a period or a full period, to the piezo. Doesn't really matter if it's square or sine (though pure sine will be more efficient) - because in practice the effect is limited by the electrical impedance matching between the piezo and the board.",
        "user": "U5M5PLH9S",
        "ts": "1628786640.008600",
        "team": "T5M5PLH8U",
        "user_team": "T5M5PLH8U",
        "source_team": "T5M5PLH8U",
        "user_profile": {
            "avatar_hash": "e4fb6ae9f526",
            "image_72": "https:\/\/avatars.slack-edge.com\/2017-06-01\/191144530514_e4fb6ae9f526531fd41c_72.jpg",
            "first_name": "",
            "real_name": "kelu",
            "display_name": "",
            "team": "T5M5PLH8U",
            "name": "kelu",
            "is_restricted": false,
            "is_ultra_restricted": false
        },
        "blocks": [
            {
                "type": "rich_text",
                "block_id": "ecZC",
                "elements": [
                    {
                        "type": "rich_text_section",
                        "elements": [
                            {
                                "type": "text",
                                "text": "Yeah these can take up to 400V, but usually (especially NDT) you don't need that high voltages - not to mention receiving electronics that can cut down higher voltages, but 100V is really what we usually see.\nFor the pulse itself, I would say that for pulse-echo, you just want to transmit energy, ideally for half a period or a full period, to the piezo. Doesn't really matter if it's square or sine (though pure sine will be more efficient) - because in practice the effect is limited by the electrical impedance matching between the piezo and the board."
                            }
                        ]
                    }
                ]
            }
        ],
        "thread_ts": "1628741203.002500",
        "parent_user_id": "U028M4FEK8Q"
    },
    {
        "type": "message",
        "text": "You could try, though the topology for the pulser can surely be improved. See for example the MD1213 setup and corresponding circuitry:",
        "files": [
            {
                "id": "F02ALEKMBHD",
                "created": 1628786711,
                "timestamp": 1628786711,
                "name": "image.png",
                "title": "image.png",
                "mimetype": "image\/png",
                "filetype": "png",
                "pretty_type": "PNG",
                "user": "U5M5PLH9S",
                "editable": false,
                "size": 114898,
                "mode": "hosted",
                "is_external": false,
                "external_type": "",
                "is_public": true,
                "public_url_shared": false,
                "display_as_bot": false,
                "username": "",
                "url_private": "https:\/\/files.slack.com\/files-pri\/T5M5PLH8U-F02ALEKMBHD\/image.png?t=xoxe-191193697300-2381439834979-2387440767812-d973f70d679d3caabfeb15fb25f95fa2",
                "url_private_download": "https:\/\/files.slack.com\/files-pri\/T5M5PLH8U-F02ALEKMBHD\/download\/image.png?t=xoxe-191193697300-2381439834979-2387440767812-d973f70d679d3caabfeb15fb25f95fa2",
                "media_display_type": "unknown",
                "thumb_64": "https:\/\/files.slack.com\/files-tmb\/T5M5PLH8U-F02ALEKMBHD-af524a9cef\/image_64.png?t=xoxe-191193697300-2381439834979-2387440767812-d973f70d679d3caabfeb15fb25f95fa2",
                "thumb_80": "https:\/\/files.slack.com\/files-tmb\/T5M5PLH8U-F02ALEKMBHD-af524a9cef\/image_80.png?t=xoxe-191193697300-2381439834979-2387440767812-d973f70d679d3caabfeb15fb25f95fa2",
                "thumb_360": "https:\/\/files.slack.com\/files-tmb\/T5M5PLH8U-F02ALEKMBHD-af524a9cef\/image_360.png?t=xoxe-191193697300-2381439834979-2387440767812-d973f70d679d3caabfeb15fb25f95fa2",
                "thumb_360_w": 360,
                "thumb_360_h": 187,
                "thumb_480": "https:\/\/files.slack.com\/files-tmb\/T5M5PLH8U-F02ALEKMBHD-af524a9cef\/image_480.png?t=xoxe-191193697300-2381439834979-2387440767812-d973f70d679d3caabfeb15fb25f95fa2",
                "thumb_480_w": 480,
                "thumb_480_h": 249,
                "thumb_160": "https:\/\/files.slack.com\/files-tmb\/T5M5PLH8U-F02ALEKMBHD-af524a9cef\/image_160.png?t=xoxe-191193697300-2381439834979-2387440767812-d973f70d679d3caabfeb15fb25f95fa2",
                "original_w": 512,
                "original_h": 266,
                "thumb_tiny": "AwAYADDR2L6UzA3YAGPrUhz2xSAc0AHPGCKFJPejIpF6d6QDty+tLUY7U\/n2xTAWmFSDkAU+igBp3eg\/OkAIPan0h60AG1R2paKKAP\/Z",
                "permalink": "https:\/\/usdevkit.slack.com\/files\/U5M5PLH9S\/F02ALEKMBHD\/image.png",
                "permalink_public": "https:\/\/slack-files.com\/T5M5PLH8U-F02ALEKMBHD-7c3e68f106",
                "is_starred": false,
                "has_rich_preview": false
            }
        ],
        "upload": false,
        "blocks": [
            {
                "type": "rich_text",
                "block_id": "hNnj",
                "elements": [
                    {
                        "type": "rich_text_section",
                        "elements": [
                            {
                                "type": "text",
                                "text": "You could try, though the topology for the pulser can surely be improved. See for example the MD1213 setup and corresponding circuitry:"
                            }
                        ]
                    }
                ]
            }
        ],
        "user": "U5M5PLH9S",
        "display_as_bot": false,
        "ts": "1628786713.008800",
        "thread_ts": "1628741392.004900",
        "parent_user_id": "U028M4FEK8Q"
    },
    {
        "client_msg_id": "62cc979a-e71a-451c-8d35-619bd314f532",
        "type": "message",
        "text": "Remember that you may not want to send a full (ie multi period) square wave, rather a single one.",
        "user": "U5M5PLH9S",
        "ts": "1628786753.009200",
        "team": "T5M5PLH8U",
        "user_team": "T5M5PLH8U",
        "source_team": "T5M5PLH8U",
        "user_profile": {
            "avatar_hash": "e4fb6ae9f526",
            "image_72": "https:\/\/avatars.slack-edge.com\/2017-06-01\/191144530514_e4fb6ae9f526531fd41c_72.jpg",
            "first_name": "",
            "real_name": "kelu",
            "display_name": "",
            "team": "T5M5PLH8U",
            "name": "kelu",
            "is_restricted": false,
            "is_ultra_restricted": false
        },
        "blocks": [
            {
                "type": "rich_text",
                "block_id": "Ckh",
                "elements": [
                    {
                        "type": "rich_text_section",
                        "elements": [
                            {
                                "type": "text",
                                "text": "Remember that you may not want to send a full (ie multi period) square wave, rather a single one."
                            }
                        ]
                    }
                ]
            }
        ],
        "thread_ts": "1628741392.004900",
        "parent_user_id": "U028M4FEK8Q"
    },
    {
        "client_msg_id": "8ab1d7ed-5636-4c46-a5e5-be3104bee794",
        "type": "message",
        "text": "Oh good idea, I'll ask them. I'll check out that MD1213 chip as well. What is the deal with the \"multiperiod\" square wave? Thanks!",
        "user": "U028M4FEK8Q",
        "ts": "1628787360.010300",
        "team": "T5M5PLH8U",
        "user_team": "T5M5PLH8U",
        "source_team": "T5M5PLH8U",
        "user_profile": {
            "avatar_hash": "g3eb78d4d73a",
            "image_72": "https:\/\/secure.gravatar.com\/avatar\/3eb78d4d73a2c15ce0739e7ba141f66c.jpg?s=72&d=https%3A%2F%2Fa.slack-edge.com%2Fdf10d%2Fimg%2Favatars%2Fava_0008-72.png",
            "first_name": "",
            "real_name": "Jesse Adamson",
            "display_name": "Jesse Adamson",
            "team": "T5M5PLH8U",
            "name": "adamsonjesse",
            "is_restricted": false,
            "is_ultra_restricted": false
        },
        "blocks": [
            {
                "type": "rich_text",
                "block_id": "w7boQ",
                "elements": [
                    {
                        "type": "rich_text_section",
                        "elements": [
                            {
                                "type": "text",
                                "text": "Oh good idea, I'll ask them. I'll check out that MD1213 chip as well. What is the deal with the \"multiperiod\" square wave? Thanks!"
                            }
                        ]
                    }
                ]
            }
        ],
        "reactions": [
            {
                "name": "+1",
                "users": [
                    "U5M5PLH9S"
                ],
                "count": 1
            }
        ]
    },
    {
        "client_msg_id": "a3e66bcf-57fb-4ec5-af8b-0a3229535a5c",
        "type": "message",
        "text": "The transducer I got was the 5P14N, so it is 5MHz, just for measuring metal thicknesses I guess, but I figured it would work for testing and learning.",
        "user": "U028M4FEK8Q",
        "ts": "1628787427.011100",
        "team": "T5M5PLH8U",
        "user_team": "T5M5PLH8U",
        "source_team": "T5M5PLH8U",
        "user_profile": {
            "avatar_hash": "g3eb78d4d73a",
            "image_72": "https:\/\/secure.gravatar.com\/avatar\/3eb78d4d73a2c15ce0739e7ba141f66c.jpg?s=72&d=https%3A%2F%2Fa.slack-edge.com%2Fdf10d%2Fimg%2Favatars%2Fava_0008-72.png",
            "first_name": "",
            "real_name": "Jesse Adamson",
            "display_name": "Jesse Adamson",
            "team": "T5M5PLH8U",
            "name": "adamsonjesse",
            "is_restricted": false,
            "is_ultra_restricted": false
        },
        "blocks": [
            {
                "type": "rich_text",
                "block_id": "WVZon",
                "elements": [
                    {
                        "type": "rich_text_section",
                        "elements": [
                            {
                                "type": "text",
                                "text": "The transducer I got was the 5P14N, so it is 5MHz, just for measuring metal thicknesses I guess, but I figured it would work for testing and learning."
                            }
                        ]
                    }
                ]
            }
        ],
        "reactions": [
            {
                "name": "+1",
                "users": [
                    "U5M5PLH9S"
                ],
                "count": 1
            }
        ]
    }
]