[
    {
        "client_msg_id": "d5a025ce-edb0-4095-88e1-71ae4ca0b5c0",
        "type": "message",
        "text": "<@U5M5PLH9S> decided to start learning min viable product style I would get 2 single transducers and try to use 1 to send a signal and 1 to receive it. So I got 2 of these <https:\/\/yushindt.com\/product\/89-cn.html> and I hooked one to a scope and one to a function gen and got no signal. Then I realized you need high voltage, like this company said these could be driven with 400V. I was looking at some of your open source drivers. Looks like you have one that is like 120V or so. When you do ultrasound do you usually use a square wave or a sine wave?",
        "user": "U028M4FEK8Q",
        "ts": "1628741203.002500",
        "team": "T5M5PLH8U",
        "user_team": "T5M5PLH8U",
        "source_team": "T5M5PLH8U",
        "user_profile": {
            "avatar_hash": "g3eb78d4d73a",
            "image_72": "https:\/\/secure.gravatar.com\/avatar\/3eb78d4d73a2c15ce0739e7ba141f66c.jpg?s=72&d=https%3A%2F%2Fa.slack-edge.com%2Fdf10d%2Fimg%2Favatars%2Fava_0008-72.png",
            "first_name": "",
            "real_name": "Jesse Adamson",
            "display_name": "Jesse Adamson",
            "team": "T5M5PLH8U",
            "name": "adamsonjesse",
            "is_restricted": false,
            "is_ultra_restricted": false
        },
        "blocks": [
            {
                "type": "rich_text",
                "block_id": "9uY",
                "elements": [
                    {
                        "type": "rich_text_section",
                        "elements": [
                            {
                                "type": "user",
                                "user_id": "U5M5PLH9S"
                            },
                            {
                                "type": "text",
                                "text": " decided to start learning min viable product style I would get 2 single transducers and try to use 1 to send a signal and 1 to receive it. So I got 2 of these "
                            },
                            {
                                "type": "link",
                                "url": "https:\/\/yushindt.com\/product\/89-cn.html"
                            },
                            {
                                "type": "text",
                                "text": " and I hooked one to a scope and one to a function gen and got no signal. Then I realized you need high voltage, like this company said these could be driven with 400V. I was looking at some of your open source drivers. Looks like you have one that is like 120V or so. When you do ultrasound do you usually use a square wave or a sine wave?"
                            }
                        ]
                    }
                ]
            }
        ],
        "thread_ts": "1628741203.002500",
        "reply_count": 1,
        "reply_users_count": 1,
        "latest_reply": "1628786640.008600",
        "reply_users": [
            "U5M5PLH9S"
        ],
        "replies": [
            {
                "user": "U5M5PLH9S",
                "ts": "1628786640.008600"
            }
        ],
        "is_locked": false,
        "subscribed": true,
        "last_read": "1628786640.008600",
        "reactions": [
            {
                "name": "+1",
                "users": [
                    "U5M5PLH9S"
                ],
                "count": 1
            }
        ]
    },
    {
        "client_msg_id": "95b341a3-6baa-4f7d-9b5c-e1a6c28a6582",
        "type": "message",
        "text": "These say like 5MHz, so I was thinking maybe I could just use my function generator to drive a FET with a 5MHz square wave. So my driver would just be a FET and a high voltage power supply in series with one transducer. Then the other would be hooked to an oscilloscope. What do you think?",
        "user": "U028M4FEK8Q",
        "ts": "1628741392.004900",
        "team": "T5M5PLH8U",
        "user_team": "T5M5PLH8U",
        "source_team": "T5M5PLH8U",
        "user_profile": {
            "avatar_hash": "g3eb78d4d73a",
            "image_72": "https:\/\/secure.gravatar.com\/avatar\/3eb78d4d73a2c15ce0739e7ba141f66c.jpg?s=72&d=https%3A%2F%2Fa.slack-edge.com%2Fdf10d%2Fimg%2Favatars%2Fava_0008-72.png",
            "first_name": "",
            "real_name": "Jesse Adamson",
            "display_name": "Jesse Adamson",
            "team": "T5M5PLH8U",
            "name": "adamsonjesse",
            "is_restricted": false,
            "is_ultra_restricted": false
        },
        "blocks": [
            {
                "type": "rich_text",
                "block_id": "Gpj6k",
                "elements": [
                    {
                        "type": "rich_text_section",
                        "elements": [
                            {
                                "type": "text",
                                "text": "These say like 5MHz, so I was thinking maybe I could just use my function generator to drive a FET with a 5MHz square wave. So my driver would just be a FET and a high voltage power supply in series with one transducer. Then the other would be hooked to an oscilloscope. What do you think?"
                            }
                        ]
                    }
                ]
            }
        ],
        "thread_ts": "1628741392.004900",
        "reply_count": 2,
        "reply_users_count": 1,
        "latest_reply": "1628786753.009200",
        "reply_users": [
            "U5M5PLH9S"
        ],
        "replies": [
            {
                "user": "U5M5PLH9S",
                "ts": "1628786713.008800"
            },
            {
                "user": "U5M5PLH9S",
                "ts": "1628786753.009200"
            }
        ],
        "is_locked": false,
        "subscribed": true,
        "last_read": "1628786753.009200",
        "reactions": [
            {
                "name": "+1",
                "users": [
                    "U5M5PLH9S"
                ],
                "count": 1
            }
        ]
    }
]