[
    {
        "type": "message",
        "subtype": "channel_join",
        "ts": "1560524656.000200",
        "user": "U5M5PLH9S",
        "text": "<@U5M5PLH9S> has joined the channel"
    },
    {
        "client_msg_id": "b920c283-b1b3-4d83-a36c-a0ccd22bd970",
        "type": "message",
        "text": "Some examples of images : <https:\/\/toolbox.google.com\/datasetsearch\/search?query=ultrasound&amp;docid=0A6cWh9q%2F8hCfRvvAAAAAA%3D%3D> --&gt; some raw RF signals",
        "user": "U5M5PLH9S",
        "ts": "1560524680.000700",
        "team": "T5M5PLH8U",
        "user_team": "T5M5PLH8U",
        "source_team": "T5M5PLH8U",
        "user_profile": {
            "avatar_hash": "e4fb6ae9f526",
            "image_72": "https:\/\/avatars.slack-edge.com\/2017-06-01\/191144530514_e4fb6ae9f526531fd41c_72.jpg",
            "first_name": "",
            "real_name": "kelu",
            "display_name": "",
            "team": "T5M5PLH8U",
            "name": "kelu",
            "is_restricted": false,
            "is_ultra_restricted": false
        },
        "thread_ts": "1560524680.000700",
        "reply_count": 1,
        "reply_users_count": 1,
        "latest_reply": "1560524687.000800",
        "reply_users": [
            "U5M5PLH9S"
        ],
        "replies": [
            {
                "user": "U5M5PLH9S",
                "ts": "1560524687.000800"
            }
        ],
        "subscribed": true,
        "last_read": "1560524687.000800"
    },
    {
        "client_msg_id": "ae7abe14-c6d0-4ce1-a929-f5da510441c0",
        "type": "message",
        "text": "ping <@UFPCMHBA6>",
        "user": "U5M5PLH9S",
        "ts": "1560524687.000800",
        "team": "T5M5PLH8U",
        "user_team": "T5M5PLH8U",
        "source_team": "T5M5PLH8U",
        "user_profile": {
            "avatar_hash": "e4fb6ae9f526",
            "image_72": "https:\/\/avatars.slack-edge.com\/2017-06-01\/191144530514_e4fb6ae9f526531fd41c_72.jpg",
            "first_name": "",
            "real_name": "kelu",
            "display_name": "",
            "team": "T5M5PLH8U",
            "name": "kelu",
            "is_restricted": false,
            "is_ultra_restricted": false
        },
        "thread_ts": "1560524680.000700",
        "parent_user_id": "U5M5PLH9S"
    }
]