616;585;1608;1585;101;156;374;499;1147;874;304;257;93;109;101;70;15;23;15;7;281;320;187;163;0;7;93;117;93;109;23;39;54;85;23;39;78;78;109;93;31;46;109;78;7;0;46;54;70;78;78;39;93;109;101;62;62;85;54;31;117;109;101;117;7;7;85;54;31;46;109;101;39;62;54;54;101;117;78;85;85;78;70;93;109;117;109;117;70;70;93;85;117;109;117;101;31;62;70;62;46;62;101;117;101;117;7;23;31;23;31;31;15;0;0;15;7;15;46;39;0;46;15;15;7;31;85;78;109;109;46;15;905;687;343;304;281;85;320;312;109;85;93;93;46;85;15;62;109;70;62;7;109;93;62;62;117;109;31;7;85;109;31;62;46;39;70;78;62;85;54;85;70;62;46;46;117;85;93;93;39;39;39;23;109;93;15;15;85;70;109;93;78;78;62;78;46;31;46;46;85;117;54;46;78;85;109;101;85;54;15;7;7;0;31;7;109;101;101;109;15;46;23;15;70;78;39;15;7;0;78;54;31;70;39;15;23;0;101;171;101;156;31;7;31;7;39;7;15;7;93;85;54;62;70;
741;679;2186;2202;304;351;874;1046;1319;991;367;281;117;109;62;85;31;7;132;132;359;335;171;171;109;117;109;70;85;62;7;23;31;54;70;85;109;109;101;85;93;93;31;46;93;78;78;78;39;15;93;78;54;39;78;62;101;46;101;117;7;39;78;78;70;78;46;78;15;39;46;70;54;31;101;93;70;101;117;117;39;70;70;39;117;93;101;117;7;46;31;23;7;0;54;39;31;39;70;93;39;54;85;78;46;46;15;23;117;101;46;78;85;70;31;54;62;62;7;39;15;15;54;54;62;78;62;85;39;31;7;54;851;663;374;288;171;7;312;273;93;85;101;93;0;62;23;54;101;93;23;23;93;78;93;101;101;109;117;101;101;101;15;15;117;109;78;46;54;7;23;15;109;93;93;109;70;85;62;70;117;109;101;117;93;109;85;46;85;93;0;0;78;70;7;7;54;54;117;101;109;85;109;93;85;101;101;109;7;54;93;93;109;93;15;0;46;70;0;31;39;62;109;109;85;70;62;15;46;39;109;117;31;70;85;117;39;15;124;179;117;140;39;23;15;39;7;39;39;15;117;101;109;85;93;
390;320;1592;1335;304;288;718;890;835;624;203;148;93;101;23;46;7;62;31;31;288;281;218;179;93;101;117;117;23;39;15;23;31;31;0;39;70;78;117;93;70;93;109;117;109;117;62;46;31;0;101;117;85;54;78;93;117;85;23;46;109;117;109;101;93;85;101;101;54;39;62;70;62;78;78;109;39;46;70;31;101;109;7;0;62;62;93;101;93;78;93;78;117;109;62;78;101;62;46;39;7;7;93;85;109;101;15;0;15;31;93;93;23;23;70;62;78;70;109;93;23;7;7;15;7;7;54;85;54;54;7;39;609;468;437;335;312;85;343;320;117;93;15;39;23;15;23;70;70;70;93;78;109;109;46;46;46;62;0;23;93;109;117;93;54;39;39;54;46;31;93;93;15;39;85;70;117;101;93;93;31;46;15;23;93;101;117;117;54;62;78;54;15;0;70;85;117;101;117;85;117;62;101;101;117;109;101;93;70;78;93;85;54;62;23;39;23;0;117;109;78;78;70;54;93;109;101;85;54;54;85;93;23;15;23;46;39;39;132;203;124;140;39;7;23;23;23;23;62;46;70;39;109;109;31;
663;601;2303;2342;351;421;585;694;1546;1061;359;304;70;70;101;93;54;62;39;54;242;273;195;210;15;23;101;117;46;31;31;23;46;46;85;39;70;85;46;62;109;70;85;78;109;101;78;85;15;31;101;93;109;101;78;101;85;93;101;109;54;70;23;23;93;101;85;46;101;117;93;109;31;46;0;15;109;93;78;78;54;70;85;101;101;70;54;46;109;101;70;78;78;78;109;101;85;62;54;39;101;101;85;93;101;101;117;117;31;23;70;39;46;85;109;109;78;54;101;78;54;78;54;39;78;85;85;85;101;101;54;163;23;101;273;367;7;15;62;23;62;62;109;117;117;109;117;23;62;78;109;109;109;93;15;31;117;93;23;23;62;62;93;101;7;23;117;93;93;93;85;70;101;117;117;101;117;117;62;78;109;117;93;70;15;31;117;117;93;0;85;101;93;101;70;78;78;93;46;46;78;93;70;39;109;85;117;117;39;39;85;117;46;23;101;109;93;101;109;93;109;85;15;39;70;117;117;117;7;0;70;62;93;101;15;7;78;101;163;109;15;15;70;70;117;109;23;62;101;85;7;0;54;39;70;
741;655;1631;1397;281;234;718;819;562;421;210;156;54;54;31;132;23;7;7;39;179;163;203;179;85;93;62;85;54;31;78;39;31;0;7;31;39;62;117;109;101;93;109;109;93;78;0;23;54;23;31;46;7;15;54;54;117;109;109;117;62;70;70;85;39;62;117;78;85;93;85;78;78;93;39;70;78;93;23;46;78;109;93;109;93;109;7;39;62;78;62;78;39;54;39;39;39;39;7;39;15;7;23;7;46;78;62;93;78;85;54;7;85;93;93;109;109;117;15;23;101;101;62;15;15;7;101;85;15;23;85;101;85;101;468;515;218;327;117;93;54;78;7;15;101;117;54;7;93;101;70;70;78;31;78;46;70;70;101;101;101;101;85;93;31;39;39;0;70;70;7;7;31;31;70;93;31;23;54;62;101;117;62;54;54;93;78;117;109;109;15;39;78;109;7;0;23;7;93;93;117;117;0;15;109;101;7;31;109;101;117;101;117;109;31;70;70;46;0;31;23;7;7;7;85;70;7;15;62;46;0;15;156;148;70;93;117;93;93;109;101;78;78;39;109;101;54;31;101;109;70;46;85;85;62;
616;538;2084;1624;335;335;843;1007;921;679;273;226;117;109;117;0;7;15;140;124;398;351;156;156;101;101;117;117;101;101;31;46;31;39;15;7;70;62;109;85;117;109;140;117;23;23;78;93;109;93;101;101;93;78;70;54;23;54;109;117;85;85;78;85;93;117;39;101;23;54;78;70;117;93;109;117;117;109;109;62;46;62;109;93;85;46;93;85;117;109;46;15;39;7;39;54;117;109;109;101;85;70;62;93;46;31;117;109;46;15;46;85;78;109;62;15;46;78;93;70;15;7;101;85;101;109;46;62;7;46;101;109;132;70;320;249;195;335;78;93;39;23;70;93;39;0;62;124;31;31;46;39;23;15;46;70;54;23;62;101;62;70;23;7;78;62;70;85;31;46;117;117;70;85;78;70;15;23;7;23;70;93;117;117;93;93;39;15;70;62;54;46;78;70;54;70;117;117;78;62;62;31;15;0;39;31;23;54;78;85;46;15;54;70;54;62;101;109;15;39;78;109;117;101;109;93;46;171;101;62;62;85;242;171;23;54;39;7;109;101;46;23;78;70;117;101;62;93;78;78;70;85;62;31;117;
640;562;2326;2217;406;413;819;976;1155;874;312;265;46;54;7;62;54;46;7;0;343;312;148;132;85;85;117;117;46;70;39;46;62;54;62;15;23;15;15;15;117;101;101;85;117;117;31;31;93;78;117;109;7;31;70;85;31;23;15;7;117;109;54;23;93;85;117;109;117;78;46;39;70;70;101;78;109;93;93;101;101;101;31;7;46;15;39;39;15;0;46;7;101;93;93;93;85;78;93;85;109;78;39;62;70;93;31;7;7;7;7;15;15;23;62;85;93;109;93;70;62;62;31;46;93;85;70;46;54;23;101;78;0;46;171;163;382;570;15;70;7;54;15;0;78;70;78;117;46;39;101;85;0;23;101;117;39;23;85;101;15;7;15;31;23;39;109;117;31;39;101;101;78;70;70;101;7;7;117;117;62;46;15;54;23;31;46;39;39;70;93;85;23;0;101;70;101;93;85;85;46;15;39;31;62;39;54;31;62;85;31;7;78;78;46;31;54;39;39;23;85;85;109;101;85;101;62;140;132;93;93;124;327;257;140;132;31;39;7;7;70;31;109;93;109;78;70;93;109;117;39;39;93;85;109;
468;406;1585;1405;273;273;726;819;741;499;156;109;70;70;85;23;281;273;156;132;203;203;109;85;70;78;7;23;0;7;23;7;156;132;70;70;101;78;39;23;39;7;31;7;109;109;23;70;117;117;78;78;117;117;93;101;31;46;117;117;117;101;109;117;7;31;0;54;85;101;46;62;70;54;62;23;54;62;70;70;7;7;93;93;31;62;62;85;31;23;70;93;62;85;93;117;62;62;46;39;85;85;23;15;62;78;85;93;93;109;93;70;54;39;23;23;23;39;85;117;117;93;31;0;15;23;78;39;101;85;109;85;312;281;484;460;734;765;78;132;343;304;31;46;93;101;101;15;85;85;117;117;78;101;117;117;39;70;117;93;0;7;54;7;117;117;93;93;117;109;0;7;46;54;31;31;85;62;85;85;78;39;101;109;7;31;15;7;117;117;85;117;101;117;85;70;54;54;7;31;70;54;54;54;15;15;78;23;46;46;31;39;46;54;54;31;78;62;54;54;15;31;0;31;39;23;62;39;452;382;39;62;156;171;101;117;109;93;15;54;78;85;85;78;93;62;54;85;93;109;31;39;7;7;7;
866;796;2061;2202;429;460;835;960;1389;1030;335;249;78;101;62;46;31;15;39;7;203;218;171;148;31;31;62;70;85;109;23;0;31;23;54;31;23;62;109;117;109;117;46;54;117;109;109;93;85;85;7;31;109;109;23;39;31;70;23;39;15;31;109;101;109;93;117;93;101;101;78;70;62;78;109;93;101;93;70;54;54;62;78;62;23;54;85;93;93;85;117;117;109;117;117;54;109;101;117;117;85;101;15;15;31;31;109;117;101;85;46;54;54;85;109;117;54;54;93;109;39;85;70;46;117;117;62;62;70;54;85;85;343;296;601;562;655;515;171;124;218;249;62;46;54;54;296;265;187;171;7;23;46;62;0;15;101;101;109;101;93;101;101;93;93;70;31;7;117;109;78;85;101;101;46;46;70;70;39;54;117;109;70;62;39;39;85;117;62;54;85;62;62;85;85;85;46;39;31;39;23;23;46;15;62;85;78;46;93;117;62;70;85;46;93;109;39;78;101;101;85;78;93;54;413;343;140;109;78;187;70;101;46;31;7;7;7;15;62;0;117;117;85;101;117;109;117;101;117;117;101;101;70;78;109;
437;382;1436;1163;265;249;960;1124;718;577;101;70;78;93;124;171;101;117;70;109;124;124;140;85;93;117;85;78;70;62;23;31;70;70;46;39;78;46;117;117;39;0;109;78;78;85;109;117;93;85;117;109;109;109;85;117;85;62;85;85;109;93;31;46;23;39;85;70;109;109;117;109;78;78;93;101;62;39;85;117;93;78;31;62;109;117;54;31;85;62;93;62;101;93;78;78;109;93;101;117;93;62;39;54;101;109;78;62;93;101;62;78;117;117;109;117;78;85;117;117;62;46;117;109;101;117;93;109;117;109;117;85;335;257;429;421;765;773;406;359;124;78;39;31;78;70;968;1624;546;406;70;7;46;62;15;0;23;15;46;78;0;31;93;85;93;93;46;46;62;62;78;70;78;70;54;62;54;70;117;93;39;15;85;70;46;46;78;54;85;101;101;93;93;117;39;15;101;117;101;117;117;85;109;109;23;0;101;109;101;93;117;117;117;117;78;78;46;39;85;109;101;117;101;93;23;23;70;23;23;78;78;78;62;85;39;0;0;0;15;7;109;117;78;78;46;78;117;101;117;109;85;109;39;54;39;
624;554;1991;1967;491;507;1015;1210;1093;897;265;187;23;54;31;46;70;78;7;23;249;265;163;124;85;109;93;101;109;109;0;7;23;31;0;7;31;31;109;117;54;78;62;62;23;39;15;39;62;54;62;78;54;39;62;85;78;62;93;109;54;39;93;93;23;15;70;46;54;85;85;70;101;101;54;70;39;39;46;70;7;23;39;46;78;23;78;93;15;31;117;109;93;85;101;109;101;101;109;85;15;7;93;54;7;31;62;70;85;39;62;46;46;46;109;101;23;7;62;39;78;101;46;39;109;93;54;46;85;62;93;85;273;210;585;577;882;835;351;296;203;171;15;0;39;7;101;281;140;148;93;93;70;93;93;109;398;468;156;70;15;39;0;7;78;70;109;101;62;46;46;62;78;78;78;101;101;109;78;85;93;117;109;109;70;46;70;101;101;117;117;109;93;109;15;46;101;85;15;0;0;46;109;117;62;70;70;109;117;109;109;93;101;93;101;78;101;93;78;109;109;109;7;7;109;117;7;23;140;148;85;117;31;46;31;15;0;15;31;31;15;31;93;109;109;117;85;109;46;15;117;93;46;46;85;
406;327;1624;1553;257;304;570;694;1030;734;156;85;101;117;70;85;70;54;0;23;124;148;187;156;93;101;109;101;39;39;15;15;163;171;39;46;70;85;62;70;78;78;31;23;109;93;39;85;109;93;7;31;7;7;117;109;39;39;46;70;70;78;15;31;78;101;109;117;117;93;70;7;109;117;15;46;23;15;23;23;7;7;23;7;31;31;62;39;39;62;62;85;117;101;70;46;109;93;85;85;570;921;952;960;343;413;351;367;530;530;7;7;93;93;39;62;46;39;78;93;62;85;39;85;109;117;85;54;101;109;117;171;242;203;570;554;890;882;343;312;195;148;31;7;78;23;0;39;23;31;93;78;85;85;23;78;1631;2709;601;507;7;39;117;117;23;31;78;93;117;62;78;54;85;70;23;15;54;70;93;117;85;70;0;23;54;54;93;109;39;54;93;101;85;70;117;93;54;62;109;117;46;70;117;117;101;101;101;70;23;70;70;117;109;117;117;109;93;109;93;93;93;78;117;117;7;0;31;7;62;54;78;117;0;15;31;39;23;23;23;15;62;62;101;101;54;54;85;93;101;93;93;85;70;70;7;
616;515;1842;1553;351;335;897;1093;827;632;265;179;109;101;46;117;31;23;70;62;312;296;234;148;31;7;46;54;101;93;46;39;15;31;93;70;31;23;101;78;62;93;39;39;93;85;62;62;7;23;62;70;15;7;15;39;117;101;109;117;101;101;93;93;62;78;39;23;54;101;78;70;117;117;171;242;320;242;46;39;85;54;23;23;85;78;7;15;226;265;85;62;15;31;93;78;23;7;7;31;3185;4536;5856;5856;1811;1874;2123;1913;741;734;85;54;54;62;7;23;85;70;101;117;101;85;46;39;117;85;46;54;93;78;62;70;367;320;632;624;874;866;195;148;124;85;85;109;7;46;54;0;78;117;31;46;7;7;0;23;843;1038;312;218;70;93;31;39;570;866;195;148;7;7;23;39;46;78;15;31;78;85;85;85;54;39;78;70;109;109;7;15;23;0;7;54;101;93;109;109;7;0;15;31;93;101;85;70;109;101;54;39;23;23;15;31;39;39;85;70;117;109;78;78;15;46;62;85;31;7;46;7;23;70;15;31;101;101;70;62;117;117;0;15;23;31;109;109;70;109;117;109;54;39;117;117;7;7;117;
671;640;1959;1905;210;265;507;663;1218;812;312;234;85;85;70;54;78;78;31;23;195;249;218;171;101;109;85;78;70;62;31;7;23;15;23;7;23;31;70;85;39;46;109;54;39;62;54;85;39;46;109;117;93;101;117;85;109;117;78;62;23;7;46;46;109;117;109;101;15;15;78;62;85;85;234;406;624;546;273;226;421;367;85;85;15;54;31;0;577;515;288;304;445;515;62;46;31;7;31;46;5348;7933;9854;9409;3537;3646;7738;6395;1717;2022;1030;1436;374;265;109;93;39;7;54;85;54;78;54;46;117;101;117;101;54;23;85;85;281;179;593;593;897;866;351;281;62;62;85;85;54;31;31;39;93;78;109;93;62;46;109;117;7;31;39;15;109;117;109;117;663;655;78;31;39;7;7;0;31;7;46;39;7;15;62;78;85;78;0;0;109;117;109;117;62;39;7;31;39;46;109;109;101;117;62;70;31;54;117;62;78;62;31;54;78;93;78;93;7;7;46;15;46;46;39;31;109;109;109;109;46;54;46;7;85;78;62;62;39;46;70;62;78;70;70;54;7;15;101;109;70;78;117;109;7;7;78;62;54;78;54;
765;741;2069;1866;265;296;734;905;1179;835;335;265;78;85;7;46;7;31;15;31;296;320;187;179;117;93;101;78;109;109;31;31;31;7;54;39;31;39;54;39;31;62;109;101;117;117;117;101;117;117;23;39;0;23;62;70;70;46;78;101;70;62;23;23;46;54;54;62;39;70;109;93;93;93;7;23;117;70;23;23;530;562;234;242;78;124;140;124;359;351;203;226;827;1054;538;468;265;226;312;265;5817;6902;3498;3404;3115;2951;20872;17834;5161;5091;4060;4614;812;804;570;515;327;335;85;46;31;15;31;23;0;15;117;93;85;101;78;117;179;132;601;585;687;640;273;265;132;101;85;85;54;78;0;54;78;0;93;117;117;101;109;109;101;101;7;23;117;70;7;39;15;23;85;101;23;7;0;15;23;23;46;62;54;78;31;70;117;117;109;117;46;62;7;7;70;62;54;85;62;39;109;109;15;7;15;31;46;78;109;101;54;54;117;117;93;101;39;78;39;62;15;46;109;78;31;46;7;7;46;31;23;31;15;54;124;124;85;109;31;7;46;31;46;54;54;15;31;46;109;117;85;62;39;39;15;0;85;78;78;78;78;
601;546;2092;2030;203;226;445;570;1147;858;273;218;54;70;109;117;78;70;23;46;156;132;171;140;109;117;117;117;78;46;54;70;31;39;15;46;7;23;31;54;70;117;109;117;117;93;85;85;46;54;70;62;70;78;62;70;117;101;54;54;7;31;39;46;39;23;93;78;117;117;70;62;117;101;109;101;0;23;78;62;1140;1046;296;226;218;234;93;124;195;226;31;23;663;773;562;523;304;304;218;171;3060;3576;1085;913;406;538;18193;15328;5177;4677;3021;2873;819;1046;445;421;507;460;101;23;93;93;101;54;62;62;109;93;0;7;117;117;203;140;570;515;562;585;296;242;124;85;101;93;93;78;23;46;93;117;39;39;15;46;23;46;54;70;85;101;70;117;23;7;15;23;0;7;85;78;78;101;117;117;70;70;78;23;710;671;218;210;140;132;163;171;31;31;54;70;23;0;124;171;15;23;62;70;23;46;62;70;93;109;0;31;93;70;15;23;7;7;39;23;62;62;101;93;23;23;85;85;15;15;109;101;39;23;101;93;39;39;31;54;70;117;101;85;31;7;23;39;39;7;70;117;54;23;54;85;101;93;101;85;109;
718;687;2045;2038;296;335;601;726;1335;960;296;226;117;117;54;39;46;23;15;7;335;327;195;195;78;117;93;93;93;109;23;31;39;46;15;0;101;117;109;101;62;78;117;109;78;70;54;54;31;54;54;62;93;93;15;46;93;117;93;85;101;117;101;109;39;54;0;0;93;101;7;15;117;109;78;62;78;93;39;46;234;140;62;62;62;46;0;15;31;0;234;210;382;390;148;226;31;54;7;7;1304;1264;593;655;523;734;5458;4279;1280;1054;1132;1280;538;523;281;242;117;124;101;85;117;78;39;46;70;85;85;62;117;117;85;54;437;367;663;585;851;804;93;62;0;7;117;62;85;101;39;101;46;62;46;62;85;85;0;7;93;93;78;78;117;117;62;85;70;62;93;70;171;210;101;109;117;93;7;7;101;93;351;445;265;296;273;210;54;46;54;46;46;46;210;156;1296;1225;827;640;70;70;171;156;46;78;70;46;39;54;39;15;46;15;23;31;15;23;15;39;39;15;101;70;62;70;163;195;93;117;93;70;15;15;101;70;46;54;101;101;117;109;23;15;109;117;78;117;54;70;23;46;101;117;85;101;78;109;15;
687;585;1920;1827;335;343;734;851;1116;843;288;242;85;101;101;117;46;39;0;15;296;296;187;156;78;93;46;54;117;93;39;39;7;7;39;46;70;93;101;78;70;62;93;109;101;117;117;93;23;15;31;23;39;46;23;54;62;85;70;85;15;54;93;101;54;54;101;117;117;109;78;70;78;62;109;93;0;15;31;46;46;23;62;54;93;54;70;93;117;109;7;7;62;31;93;93;15;23;85;62;132;132;335;351;148;156;1101;944;288;257;312;281;23;46;62;54;23;70;78;85;117;109;31;23;93;109;54;39;31;54;117;117;452;390;585;515;773;648;163;132;15;15;46;109;218;242;15;46;23;31;117;109;54;70;46;31;62;70;117;93;54;62;78;78;46;70;140;140;195;218;70;54;54;23;15;31;39;31;62;117;249;210;109;93;148;156;117;101;46;70;218;148;2147;1975;1241;976;257;226;1108;952;187;117;257;351;54;0;62;54;23;31;93;78;46;7;15;39;117;70;70;54;70;85;367;421;39;62;109;62;23;15;85;109;62;85;85;78;109;62;46;46;7;15;7;31;101;109;109;117;85;93;101;85;62;46;109;
585;562;1866;1842;288;335;616;773;1132;780;296;218;0;23;78;31;23;31;23;39;296;304;163;124;117;109;85;101;93;78;78;85;54;62;93;78;7;23;70;78;78;101;23;31;117;117;70;109;93;109;62;54;93;101;93;117;70;78;54;70;39;39;23;15;54;62;109;109;70;70;101;93;117;117;78;93;85;101;46;78;46;54;15;7;39;70;39;62;31;15;93;70;0;31;54;46;7;23;62;70;117;117;140;124;101;203;609;562;265;187;0;39;23;7;101;78;70;93;109;93;85;117;70;78;109;101;93;109;109;117;78;70;351;273;585;554;632;476;93;62;7;15;7;7;31;62;7;62;7;7;85;93;93;101;78;31;23;7;78;62;109;117;23;39;93;101;15;31;54;85;31;23;70;54;7;15;343;327;93;93;234;210;124;85;156;140;156;124;101;132;257;234;968;960;905;757;117;117;1866;1522;491;413;3568;4380;858;773;398;507;367;343;203;163;23;7;7;0;78;249;445;359;46;0;406;382;7;0;78;15;101;54;234;320;39;85;85;109;523;491;7;39;39;39;101;101;46;54;54;85;101;117;78;109;70;78;31;
655;655;1702;1764;296;288;484;601;1093;812;288;257;54;62;39;62;101;78;0;15;70;70;179;226;101;109;39;46;93;78;54;62;15;0;46;46;15;31;78;78;39;46;101;93;85;117;117;101;15;23;46;39;117;109;70;78;117;117;93;117;23;46;101;93;15;15;23;0;101;78;78;109;109;109;7;46;15;23;78;101;39;54;85;101;7;7;39;23;31;31;15;7;0;7;85;78;93;78;78;85;23;15;7;7;15;31;210;132;0;7;39;54;179;179;23;46;46;46;85;93;101;117;62;7;265;242;257;265;54;23;62;23;210;187;507;468;1101;2006;2576;2631;1147;1264;1803;2264;835;671;359;210;54;15;101;109;46;39;23;31;93;85;31;7;23;15;15;39;62;62;31;39;85;70;117;93;85;70;23;23;530;538;140;148;54;62;148;171;70;109;374;390;156;187;242;257;242;234;93;54;234;249;874;749;359;335;5481;5309;1241;1140;897;1179;1085;1030;421;445;640;499;179;203;359;890;858;773;195;179;437;437;117;85;54;109;367;320;3014;3076;288;195;117;70;897;734;7;46;31;7;7;7;70;62;46;70;109;117;54;70;54;15;117;
679;663;2248;2326;210;265;593;710;1553;1147;288;234;109;93;78;7;46;7;39;23;132;117;312;296;101;109;117;101;101;93;140;93;85;101;78;70;78;62;70;54;46;70;109;101;85;70;62;85;78;46;93;109;93;109;117;117;15;23;117;101;117;85;54;62;46;93;101;93;117;101;39;46;46;85;78;93;93;85;93;85;124;78;62;23;109;85;7;23;23;23;70;70;93;117;62;31;39;7;117;78;54;78;7;23;46;31;132;93;31;31;281;570;765;655;413;437;897;913;476;507;296;226;23;7;1389;1257;312;265;210;343;663;554;117;31;577;554;4091;6723;9307;9073;3529;3060;11650;14125;3701;3162;1663;1210;367;468;171;109;54;109;85;85;117;85;54;78;23;15;70;46;46;39;23;31;23;7;7;15;39;15;39;39;226;257;179;163;85;124;101;85;7;31;23;15;62;101;343;421;163;179;281;320;124;109;312;320;140;218;1874;1710;1553;1553;577;515;788;663;320;327;476;343;476;390;2061;3201;1499;1225;648;718;812;921;921;757;562;726;546;406;6036;5715;546;359;31;31;85;70;85;46;31;15;93;62;39;15;62;85;117;109;62;31;93;85;93;
897;897;2178;2022;538;609;687;741;1179;788;242;187;46;70;93;78;0;0;101;54;156;171;273;242;78;109;117;109;70;54;15;15;78;62;54;54;78;85;109;78;39;85;31;62;39;54;54;62;46;78;101;70;78;62;23;15;117;117;117;117;70;54;78;39;101;78;117;39;31;54;31;46;70;70;117;109;117;117;39;0;39;54;62;70;85;62;23;0;117;78;15;15;46;46;23;31;62;93;117;117;101;101;7;23;70;93;85;101;109;117;359;679;616;452;171;124;1569;1561;218;140;31;7;46;39;1218;1077;437;421;359;491;1046;812;31;109;226;124;4505;7488;10018;9534;3435;2740;18217;21153;4388;3646;1452;1140;1522;1514;812;655;132;117;7;7;101;101;31;23;62;62;62;39;31;31;7;7;15;23;70;39;15;7;54;46;54;46;78;54;85;109;46;39;39;0;62;70;62;70;530;734;195;156;117;85;54;62;570;445;327;468;187;210;913;905;195;156;171;124;741;843;632;593;507;546;3451;4021;976;835;741;624;554;562;3396;2381;843;1639;413;320;2412;2982;437;335;78;54;93;109;39;31;101;93;109;117;70;101;85;117;31;54;93;101;62;70;23;
538;491;2022;1733;320;335;718;897;976;741;257;195;109;93;109;54;46;15;85;93;203;226;203;163;101;109;54;39;109;101;70;46;23;39;15;15;31;39;46;78;31;31;85;70;101;109;31;23;109;109;46;23;62;93;93;93;62;62;93;117;70;85;109;109;109;101;109;101;46;39;31;54;101;54;85;85;54;62;39;31;15;15;93;101;78;85;62;78;101;62;54;23;54;70;31;7;93;70;85;70;93;93;117;117;78;62;109;117;93;109;15;31;39;23;39;46;1499;1577;195;210;140;109;31;39;148;163;23;46;179;413;913;694;163;132;515;468;46;499;1788;1592;156;203;16546;18045;1608;1288;577;421;897;765;382;296;7;23;7;0;85;70;7;54;54;62;85;39;0;23;31;39;7;70;0;23;93;70;15;15;203;171;179;132;39;31;7;0;226;210;195;163;218;163;171;218;109;132;109;62;288;320;858;757;413;429;156;148;421;374;163;140;132;109;2006;2077;2241;1975;1108;913;1155;1780;663;624;530;445;2178;2537;4052;3131;1686;1889;304;343;242;203;765;780;226;203;31;54;70;54;15;23;117;85;101;101;54;70;93;101;46;39;109;117;62;
788;718;1967;1998;320;327;538;687;1163;812;312;273;15;15;39;23;109;85;85;78;265;265;163;156;7;15;70;78;7;23;46;78;62;54;85;93;39;31;101;93;23;7;62;54;117;117;117;109;85;93;23;23;15;23;62;93;78;117;46;39;101;39;78;93;46;31;85;93;101;101;31;31;23;62;78;109;0;7;46;23;46;62;39;54;78;54;62;62;101;70;101;54;109;109;62;54;46;54;70;62;31;62;93;101;93;62;85;78;39;62;70;78;54;62;78;85;499;609;249;171;54;39;85;93;85;101;23;0;7;54;15;23;304;257;570;523;780;726;117;101;70;70;3310;3326;819;663;0;85;31;15;124;93;23;23;15;54;101;117;62;93;117;117;7;0;0;7;15;23;39;54;117;85;7;0;15;85;562;421;140;85;7;31;78;46;374;343;140;101;31;39;124;124;46;39;7;15;640;718;577;538;398;367;304;281;429;351;140;156;187;413;3615;3014;1889;1663;530;437;1046;1694;694;702;359;343;1491;1795;1897;1671;882;734;234;374;593;452;616;577;46;23;109;109;93;93;93;70;78;54;46;62;70;46;15;31;46;46;93;70;85;
858;827;2772;2889;304;390;585;702;1608;1085;421;327;109;117;78;62;70;101;62;78;124;148;296;273;54;85;93;93;78;62;62;93;70;93;0;31;31;15;46;85;15;46;93;85;117;109;93;15;15;7;62;78;101;85;46;39;78;70;117;93;109;109;109;117;31;23;109;117;109;117;109;109;7;39;117;109;101;54;15;23;109;117;85;39;23;39;117;117;39;46;15;31;109;109;78;46;23;7;78;93;93;85;15;15;15;23;15;15;101;85;101;70;117;101;109;117;499;530;281;281;23;62;78;93;101;117;7;7;78;109;85;109;351;312;554;491;616;491;62;78;93;62;226;179;195;171;62;15;109;62;413;374;39;23;54;31;109;101;23;46;93;101;382;382;132;101;15;0;85;70;46;70;31;39;1085;1475;3326;2990;1288;1210;452;390;288;343;757;655;70;39;101;62;62;39;7;0;249;203;788;804;281;249;140;140;140;140;163;171;140;101;1483;1866;3709;2873;1007;913;609;585;585;679;413;374;70;78;616;694;515;445;70;7;242;273;351;234;101;93;109;117;101;117;39;0;70;54;93;15;70;46;62;78;70;54;117;117;70;93;85;
577;499;1624;1257;413;421;812;952;765;577;163;140;46;62;78;124;78;101;31;31;109;117;132;140;101;62;93;62;85;93;39;39;0;15;109;93;39;70;117;101;54;7;109;101;109;85;117;109;70;54;78;46;70;78;46;46;54;54;78;93;46;31;109;101;39;54;0;39;109;101;85;85;70;62;70;85;78;62;31;39;46;39;70;70;62;78;117;85;93;78;70;78;7;15;62;54;93;109;93;93;62;46;156;195;234;210;78;46;23;39;117;109;78;78;15;23;1913;1569;1257;1304;320;304;78;46;78;70;31;31;70;70;117;85;445;359;429;327;413;429;7;7;62;62;242;203;31;54;7;39;93;281;585;468;179;156;109;93;46;15;148;101;234;203;1280;1335;655;601;288;296;156;132;179;242;460;452;3810;4997;7277;6324;2342;1819;1585;1491;554;655;359;257;109;124;171;171;39;31;15;46;7;15;406;452;171;124;327;312;234;226;374;491;367;327;1249;1413;1811;1663;507;452;523;499;390;452;171;187;140;101;93;70;601;624;265;226;671;562;124;101;46;7;0;23;93;85;23;23;70;54;78;85;93;85;117;109;78;70;85;93;54;62;31;
718;577;2053;1905;359;367;960;1101;804;609;132;70;117;117;7;15;23;23;39;15;117;163;109;101;93;70;62;78;93;117;70;62;15;31;117;101;62;62;101;93;46;39;117;109;62;62;117;93;93;78;0;23;109;117;54;54;85;46;62;62;93;78;101;117;117;117;85;101;31;7;46;62;85;109;39;23;101;117;109;117;54;15;117;101;15;15;93;101;85;70;835;843;210;171;7;54;39;46;7;31;163;140;413;538;374;367;7;0;46;39;31;62;117;109;117;46;12977;10744;2311;2584;1264;1358;773;640;374;296;257;210;93;85;7;54;335;281;351;242;320;312;140;124;0;46;85;31;101;148;39;156;468;437;406;367;132;109;171;179;70;93;226;218;1007;929;671;648;273;265;140;132;203;249;530;609;2529;3162;4607;4958;4349;3904;1881;1897;1124;1233;788;780;351;320;210;179;70;93;187;179;109;101;78;70;46;46;93;117;78;93;351;398;601;632;515;445;609;663;421;343;163;171;335;304;296;296;148;117;23;15;109;132;288;312;70;117;991;851;156;132;117;109;31;7;93;93;39;85;93;85;101;85;117;117;70;62;70;39;109;85;39;31;46;
640;577;1663;1702;210;242;601;671;1108;796;304;242;62;46;85;109;62;70;23;23;249;273;218;226;93;109;46;7;78;101;70;70;78;85;78;62;70;85;101;117;46;62;78;109;109;85;46;7;46;15;78;62;7;39;78;70;109;101;101;101;78;85;93;109;93;117;15;15;101;46;31;39;62;93;78;78;7;7;54;101;93;93;109;62;93;62;62;54;85;93;679;710;163;171;156;195;7;0;54;31;148;148;437;585;624;523;335;437;390;351;7;31;62;23;7;70;13407;12571;2592;2818;1366;1905;913;890;484;382;413;445;46;15;85;62;320;234;3443;3310;0;93;46;23;101;62;15;7;140;156;179;281;242;163;171;187;382;327;195;210;163;242;156;156;976;905;187;210;413;437;163;140;218;281;1842;1795;3154;4966;2077;1686;1639;1717;2592;2014;624;655;374;429;304;374;288;218;163;132;187;187;101;101;7;7;85;70;93;148;367;327;413;437;687;624;148;93;601;538;148;109;23;46;15;0;7;23;39;70;31;23;163;124;257;249;0;46;15;109;85;109;46;39;109;109;93;54;62;15;39;46;93;70;109;109;78;93;124;132;7;0;15;15;85;
718;648;2365;2350;257;288;804;991;1077;773;226;163;101;117;15;46;70;78;0;23;117;117;62;46;54;62;101;117;93;62;101;85;23;15;101;109;46;46;31;7;7;7;78;78;109;109;117;93;39;31;93;109;117;101;70;85;78;62;78;70;46;54;85;70;23;23;7;0;117;109;117;101;85;109;62;70;109;78;109;109;62;85;117;117;109;109;117;101;62;0;312;296;31;62;54;23;117;70;7;7;78;23;101;156;85;39;78;46;671;640;179;85;70;85;140;288;3490;3545;1561;1296;1350;1452;851;702;15;31;39;31;7;31;117;117;281;31;6715;6668;1319;1163;1366;1022;140;85;249;312;140;171;187;117;445;413;312;265;257;234;85;124;265;218;281;281;382;421;320;273;226;195;0;0;1069;1577;1631;1780;2006;2155;4974;4427;2241;1842;1132;1124;421;437;327;343;234;210;242;249;187;210;140;117;78;62;23;46;163;156;406;367;671;679;734;601;1007;874;335;281;429;452;124;78;117;101;23;46;39;15;15;46;54;15;15;39;23;62;109;85;15;7;15;31;31;23;101;109;23;54;31;7;93;101;31;23;93;109;7;23;85;101;101;117;93;117;70;
445;390;1553;937;359;374;890;1038;562;429;101;54;101;109;85;210;15;7;15;15;195;195;148;132;117;101;70;54;101;93;39;62;78;109;109;101;46;46;117;117;46;46;31;39;117;85;109;109;93;101;15;31;31;7;23;31;117;117;93;117;109;117;101;109;93;117;101;78;117;70;70;54;93;85;78;85;15;15;46;70;70;101;62;54;109;93;85;109;109;109;46;54;70;62;70;62;78;62;15;0;7;31;46;46;46;54;93;117;1108;1022;288;234;109;101;54;62;1101;866;398;429;1163;1280;663;523;93;117;7;0;117;124;62;101;7;218;13118;10182;2342;1585;1538;1124;195;156;702;679;460;515;242;124;31;15;46;46;437;351;460;491;460;335;163;163;31;15;23;31;140;148;288;460;6434;7043;3685;4450;2811;2576;851;921;734;671;897;960;437;421;351;327;257;210;249;242;163;156;85;46;140;140;7;31;507;546;843;702;999;937;702;663;187;179;554;648;179;124;109;85;70;62;78;85;7;23;39;85;7;15;15;23;117;117;117;70;31;23;78;62;31;54;62;46;187;226;85;54;109;117;85;78;117;78;23;0;54;62;85;78;85;117;23;
655;593;2053;1998;390;468;694;843;1061;749;203;148;85;109;23;31;39;7;0;0;226;226;7;15;93;85;117;109;117;93;93;117;109;109;46;85;117;109;85;85;23;31;117;93;117;109;117;101;93;117;31;39;93;93;93;101;117;101;46;46;109;109;109;109;78;78;93;109;101;109;109;117;78;117;109;109;117;109;109;85;70;78;70;70;93;78;78;85;85;101;7;0;85;93;101;101;101;62;117;78;39;70;93;93;54;46;54;101;398;359;46;15;117;93;85;31;109;54;226;187;655;624;187;140;39;62;117;101;85;70;31;15;70;78;3787;3248;921;812;85;23;101;31;1694;1663;445;320;234;132;7;15;7;23;710;734;1749;1913;1030;780;398;406;54;70;109;140;413;484;1124;1358;17194;16921;3310;3982;4458;4185;1335;1827;1140;1421;1858;1663;944;944;788;851;546;507;320;249;195;218;210;171;23;0;54;70;968;944;1311;1147;710;593;1171;1022;242;249;819;819;265;242;249;226;85;62;54;54;15;23;93;117;23;15;15;7;62;62;46;0;39;31;23;7;54;23;101;109;281;351;62;93;85;62;70;93;93;101;39;46;39;70;93;109;93;85;15;
765;694;2155;2233;257;312;671;827;1264;897;242;163;85;78;54;23;23;46;23;7;140;156;171;156;93;117;117;117;93;85;15;46;62;39;85;78;101;101;109;109;85;85;117;109;46;39;78;70;117;117;109;109;93;101;117;117;85;101;101;93;117;109;101;101;70;46;93;93;109;117;85;93;54;54;93;117;62;70;93;85;15;39;54;101;117;117;109;109;7;31;93;70;117;117;54;46;93;85;85;85;117;109;101;85;85;93;93;93;85;101;78;54;7;0;93;101;54;46;70;78;54;62;93;85;117;109;109;109;109;117;70;54;320;78;46;93;585;538;163;148;62;140;1717;1499;288;242;85;23;7;15;54;78;226;249;2248;2420;749;648;265;273;101;109;70;78;515;530;2623;3334;19716;17491;5067;4419;4677;4505;2436;2764;1483;1983;2147;1827;726;609;702;757;406;367;327;281;452;468;226;187;46;31;93;124;3326;3006;1132;1030;1694;1546;1522;1171;601;585;507;413;218;179;171;132;78;39;7;23;31;39;117;109;23;23;62;78;70;101;70;31;54;39;54;39;70;23;7;15;187;187;85;109;78;93;54;54;117;93;54;31;39;54;93;85;93;93;62;
702;562;1702;1694;359;367;694;827;718;546;179;124;93;109;70;132;39;31;39;39;62;62;78;62;101;85;109;109;78;93;117;117;109;93;85;85;101;109;101;101;93;101;117;109;62;46;46;46;93;93;109;101;93;93;109;109;109;101;85;70;93;93;117;101;78;101;93;109;93;117;78;70;70;70;93;85;78;62;85;101;78;62;117;117;39;54;62;93;101;70;93;78;117;117;117;109;85;101;117;117;78;78;46;62;109;109;78;93;7;0;54;70;109;93;78;78;15;23;78;93;109;101;54;54;101;117;101;101;46;39;101;70;374;281;406;374;734;710;281;218;874;866;1311;1007;109;85;0;54;15;23;195;179;921;1038;1780;1819;468;452;226;312;343;343;694;702;671;640;8347;10705;13501;10369;2889;2600;3467;3084;2420;2420;1421;1553;1085;1038;499;445;632;562;398;327;406;452;367;327;218;195;140;109;546;1015;4177;4271;835;890;3427;3068;983;843;491;382;296;257;132;93;46;15;54;70;54;78;62;62;62;54;15;7;23;39;93;70;39;7;7;7;109;117;54;39;109;109;15;7;70;39;31;23;23;39;39;39;7;23;23;23;93;101;117;117;117;
734;655;2217;2131;382;468;679;835;991;687;218;148;85;93;70;15;31;46;78;85;101;132;171;132;109;117;109;109;54;54;0;39;46;62;85;93;70;78;109;109;101;93;78;78;117;109;70;70;46;39;70;70;109;117;31;31;54;70;54;46;62;62;101;93;70;54;62;46;62;78;93;93;70;70;70;93;31;46;54;23;7;23;85;85;109;93;109;109;117;93;109;93;117;109;70;85;70;54;93;109;85;85;93;109;15;54;54;62;23;7;15;31;46;39;101;78;109;109;101;117;117;93;93;109;109;101;109;93;374;296;93;109;413;359;476;476;780;741;93;15;1553;1452;234;210;23;15;15;39;78;101;85;70;1038;1304;991;780;249;187;171;226;117;109;554;515;2186;4653;18795;17694;3919;4099;2272;2014;3435;3021;2982;2709;1413;1374;960;1030;749;694;1108;1038;538;515;773;897;335;304;117;85;163;367;2506;3224;2811;2537;1655;2537;4201;3443;679;796;468;374;218;257;210;163;15;23;148;163;31;7;54;31;39;39;39;31;93;93;117;85;117;78;101;39;46;85;296;273;78;117;70;54;62;109;117;109;7;0;39;31;70;85;46;39;0;7;93;78;7;
577;491;1499;1460;249;242;593;710;726;601;203;140;78;70;39;195;31;39;78;85;140;132;85;70;101;109;93;93;109;101;78;54;78;85;54;54;101;93;101;93;78;93;78;78;93;93;54;7;109;109;70;70;70;70;101;101;117;117;70;101;85;93;101;117;39;54;117;101;46;54;85;78;85;62;62;70;70;85;101;117;70;70;62;62;117;109;54;78;109;101;117;101;70;78;117;117;109;93;62;93;109;109;23;46;62;85;101;101;70;54;54;62;85;78;0;23;93;101;62;62;101;109;54;70;54;78;39;46;991;780;7;31;187;46;445;421;749;702;452;741;499;538;46;7;359;335;15;54;140;124;273;273;1499;1350;499;413;734;734;694;648;515;476;1241;1327;9791;13782;10096;7800;2873;2975;4763;4638;3178;3209;2069;1928;2155;1780;913;983;1444;1335;1022;999;890;929;749;694;406;515;163;140;2896;3724;1483;1225;1061;905;4911;4325;1499;1288;1343;1225;390;406;468;546;320;335;117;101;46;62;23;31;15;31;23;39;218;195;124;78;23;46;23;0;242;140;23;31;343;288;132;132;39;15;85;117;15;31;93;85;78;78;7;7;70;93;101;78;70;39;15;
796;687;2475;2365;367;351;937;1093;1288;913;296;203;117;109;31;117;0;15;109;101;109;148;132;109;117;117;101;117;117;85;117;101;101;109;117;117;109;117;85;109;85;85;117;117;101;93;70;46;85;93;85;93;78;78;85;78;117;109;78;54;117;117;117;117;101;85;78;70;62;78;101;85;93;101;109;117;93;85;93;117;62;85;101;117;109;109;93;78;117;93;70;85;93;93;78;54;117;109;101;117;109;78;249;156;93;117;101;117;15;23;46;54;31;46;195;242;101;101;70;93;109;93;7;15;15;23;421;1264;3701;2522;288;265;85;62;406;351;382;273;1389;1725;679;491;117;117;398;351;46;109;234;288;1116;1257;1468;1468;507;390;421;452;226;203;93;163;3693;4427;18256;20708;10260;8402;2405;2522;4927;4208;2194;1913;1179;1335;1671;1428;1405;1366;1030;858;866;897;757;741;343;288;218;210;515;507;5013;6121;1421;1694;1671;1686;1639;1585;585;523;1108;1030;421;343;523;476;85;78;85;109;23;15;15;31;70;85;15;39;148;140;101;62;0;85;39;46;93;117;109;117;195;140;23;31;93;93;101;109;101;85;78;117;78;78;62;78;117;109;101;117;117;93;93;
523;421;1007;773;46;7;780;890;304;242;54;15;78;31;163;273;163;163;15;31;0;15;46;23;93;85;23;15;78;109;15;31;78;54;101;93;117;109;0;15;15;0;93;101;109;117;101;109;31;31;78;70;117;109;117;109;117;109;78;62;101;85;101;101;101;101;101;85;85;101;78;93;70;54;62;85;39;46;70;78;109;109;101;117;62;62;101;117;85;101;109;109;109;117;62;46;85;85;93;85;85;171;288;195;7;7;31;31;23;78;101;101;109;109;734;819;31;7;70;93;62;23;101;109;85;101;2014;3084;5669;3552;640;663;460;304;101;15;374;523;577;452;281;210;179;203;593;624;70;93;54;39;2053;2038;679;694;327;327;218;218;15;46;46;132;10932;14313;14399;11135;4825;3365;1350;1272;976;890;460;476;390;367;609;757;694;616;273;296;741;780;288;242;203;171;195;195;5473;4560;1850;1866;4724;5497;3349;3006;1155;1225;913;749;351;281;312;359;226;210;23;54;7;31;62;23;62;93;0;7;15;7;62;39;70;70;54;93;85;39;62;78;101;70;62;39;62;62;78;78;7;15;15;15;62;62;54;54;62;62;70;93;54;54;70;62;117;
726;624;2373;2108;320;351;1085;1241;1233;897;281;187;117;117;15;203;31;54;23;0;327;343;132;93;109;101;117;117;101;85;93;101;93;85;109;117;117;117;93;93;117;109;117;101;46;78;70;54;109;117;78;93;109;117;117;117;93;101;46;31;85;78;117;117;109;117;117;78;54;54;117;109;46;70;39;31;109;101;7;39;54;62;85;93;54;78;117;117;101;70;101;109;93;78;109;109;54;54;70;54;85;93;109;78;109;109;54;62;23;23;46;31;23;54;288;281;0;39;85;101;70;70;117;93;70;85;616;1147;2920;2740;1108;1101;23;39;171;187;257;679;546;343;117;78;109;101;15;15;140;109;351;390;1913;1741;226;249;101;70;23;39;70;78;62;148;14242;18186;10572;8573;4927;4388;2670;2725;999;937;952;991;788;718;1101;1374;796;624;171;187;757;616;124;101;249;257;234;327;11869;10440;1335;1069;10541;12095;2053;1624;2022;1842;2131;1881;452;374;312;398;70;70;7;23;31;7;23;15;70;93;15;54;0;23;296;429;351;335;109;117;101;85;109;62;31;54;54;15;31;46;109;117;117;93;101;117;85;78;101;117;39;39;109;85;117;101;39;54;46;
335;281;1264;851;117;132;609;702;538;398;117;46;93;93;62;203;54;54;109;78;101;101;85;62;93;78;117;117;85;62;93;117;93;85;93;85;117;117;109;93;78;109;78;78;117;93;101;85;93;93;101;93;117;101;109;85;70;78;109;93;93;109;117;117;109;85;93;78;101;109;101;109;109;117;117;109;109;117;0;7;39;39;93;70;109;117;101;109;46;93;117;109;117;117;109;117;78;62;62;54;46;23;15;7;78;93;117;117;7;7;78;93;7;23;187;156;62;62;85;54;62;70;15;23;31;62;890;1413;1194;1030;273;203;296;257;593;577;726;890;78;101;31;54;62;78;117;109;226;171;1296;1569;1483;1147;179;124;70;46;0;23;15;23;452;726;20419;21005;4958;4677;2061;1733;2553;2451;866;905;913;929;749;694;1749;1905;765;624;944;1155;570;398;101;85;437;390;1264;1952;8651;6770;851;843;13298;13899;1093;1077;2397;2748;1741;1538;320;367;390;335;210;187;23;7;15;39;54;62;101;93;140;140;23;7;679;679;265;304;70;23;54;31;54;54;117;109;62;23;23;54;101;93;7;7;0;0;62;70;85;93;101;85;101;101;101;85;0;7;85;
835;796;2553;2498;491;554;874;991;1600;1101;327;234;93;101;31;210;54;7;31;23;343;351;140;132;62;62;117;109;85;70;85;101;101;117;78;78;117;117;70;93;85;109;15;15;70;78;93;85;117;101;78;70;117;117;70;70;109;101;109;78;101;93;117;109;85;93;85;85;70;70;93;101;109;101;101;93;101;109;15;23;93;54;78;93;117;85;101;117;117;117;85;85;117;117;85;85;117;117;101;101;117;117;39;39;62;101;62;54;39;62;31;31;54;46;78;78;93;70;31;23;54;39;54;54;101;101;23;117;163;101;109;101;398;288;530;367;1592;1561;85;46;85;109;93;78;54;46;452;382;1717;1827;1030;741;288;226;39;39;257;249;195;218;999;2545;23769;23683;2592;2397;2631;2506;2951;2405;1998;2194;1452;1327;734;726;593;460;523;437;1483;1452;367;390;242;288;288;226;9175;12064;1296;1069;1663;1991;6129;4380;1702;1366;4435;4349;577;445;234;242;288;249;179;171;70;85;23;0;7;7;93;46;156;101;148;234;499;554;101;156;124;85;46;101;54;39;62;70;15;7;117;101;46;54;62;23;93;78;93;101;78;109;7;7;62;85;46;39;46;70;93;
507;484;1546;1507;257;312;663;757;991;726;171;101;109;93;0;148;7;15;15;31;140;148;148;148;101;117;85;109;101;101;109;101;117;117;117;117;109;93;109;93;109;93;101;101;85;62;62;46;101;117;62;62;101;93;109;85;101;85;93;85;93;93;70;93;101;85;109;109;117;109;85;78;117;117;46;78;85;62;62;46;31;54;93;117;78;78;85;62;39;46;117;101;109;93;78;85;109;109;117;117;117;109;54;70;62;93;101;117;54;54;15;15;15;31;70;85;54;62;46;31;78;70;31;39;7;0;273;218;54;54;62;93;429;351;273;62;1163;1140;54;46;85;85;15;15;195;163;31;15;1725;1756;1374;1249;679;632;187;179;242;218;93;70;3248;6910;21036;19693;5364;4997;4364;4489;3310;3131;2451;2365;882;905;1093;1101;1007;874;304;257;1054;1101;491;452;312;265;163;296;14898;16210;1366;1054;5216;6785;7808;6332;1179;1101;1928;1819;773;734;694;702;304;359;460;390;210;203;109;85;15;7;1475;1304;234;203;1061;1436;952;827;320;359;648;570;54;109;163;226;7;15;101;117;109;117;54;78;39;23;109;109;62;62;78;78;62;54;62;54;31;23;31;46;156;
819;773;2233;2303;491;538;827;913;1507;1085;382;249;39;46;46;304;15;7;46;31;156;156;203;218;62;85;93;93;101;78;101;101;62;54;109;101;93;109;117;109;101;109;62;70;101;78;70;85;62;78;117;109;117;101;93;78;93;117;109;101;117;109;109;117;70;70;109;109;117;109;101;109;101;93;7;7;46;39;687;562;242;179;109;109;101;93;78;93;101;109;109;101;117;117;117;117;62;78;117;109;70;85;101;117;78;101;54;54;7;7;15;7;101;109;117;117;109;109;85;85;70;70;31;15;39;39;585;460;109;70;78;78;406;359;203;570;538;413;62;39;109;109;93;109;15;15;78;31;2537;2490;1007;905;374;390;382;359;398;374;265;273;12157;16116;17569;16398;5583;5114;4146;4232;1202;1483;1397;1194;679;710;2295;2490;609;804;281;484;1499;1116;452;382;827;835;1069;1881;10416;7324;1155;913;16155;19279;1881;1616;1405;1710;1686;1499;398;367;1343;1171;374;452;429;413;163;109;109;78;148;163;1241;1194;406;327;3006;3607;983;827;413;406;702;648;101;70;976;983;187;93;46;78;85;101;85;85;54;101;93;101;62;70;54;46;70;70;39;39;124;109;70;78;835;
499;452;1881;1663;437;460;874;976;1038;757;203;109;93;101;23;132;54;93;23;23;187;179;156;140;101;109;117;117;62;54;109;101;93;101;78;78;62;78;93;93;85;70;117;101;93;101;78;78;70;78;101;101;101;93;62;70;117;117;109;117;78;85;109;109;39;39;109;117;93;101;117;101;54;39;54;46;62;265;1241;1046;374;296;23;54;54;54;93;85;62;78;93;109;93;85;101;109;78;93;109;78;93;101;93;93;85;62;31;39;70;62;54;31;39;70;70;54;70;54;23;15;54;62;109;78;273;843;913;905;398;296;85;85;312;242;882;1210;109;54;179;179;132;109;62;46;85;93;62;7;2373;2225;585;530;0;0;101;101;31;7;249;226;16897;20638;11423;10096;2514;1913;3193;3139;530;546;710;734;429;351;3115;3139;468;406;937;1428;1116;843;171;187;687;570;2803;5302;9893;6762;843;819;21106;20825;2561;2139;2108;2334;1272;1069;398;327;960;905;421;406;327;335;31;23;163;132;203;265;382;327;93;117;1546;1975;702;570;226;296;437;351;78;46;515;468;117;85;78;93;117;109;78;85;101;93;46;85;124;124;7;7;85;62;7;15;39;46;7;15;640;
679;601;1803;1655;226;257;749;882;1163;858;265;179;101;117;46;132;70;70;23;15;148;117;148;156;117;117;117;85;117;101;78;54;78;70;70;39;109;93;54;54;85;70;93;101;93;93;31;46;54;46;15;0;70;54;93;93;15;39;101;101;15;31;85;70;54;46;31;54;54;15;62;85;109;85;23;7;124;421;2654;2061;374;359;54;15;46;54;85;93;39;54;85;93;101;117;109;109;54;54;101;234;741;640;70;39;117;85;62;70;31;0;46;39;960;983;195;156;187;203;31;15;54;39;62;62;2272;5684;5333;6855;1358;1077;726;609;46;15;562;804;54;39;15;15;62;85;109;101;85;62;23;281;2342;2123;1069;999;624;577;210;203;7;0;23;15;20114;23004;8066;7730;3068;2553;3427;3287;515;413;1030;1054;546;601;3076;2857;616;507;2529;2920;819;663;413;476;562;476;8511;12368;3997;2256;1140;1569;17514;14781;1257;1046;3100;3630;905;819;538;491;320;288;218;163;101;101;218;249;31;23;93;109;15;54;890;843;288;335;273;226;179;132;101;117;93;39;39;31;62;46;7;23;23;39;54;62;15;7;7;0;85;39;93;70;46;54;23;7;62;54;7;23;93;
616;601;2045;2014;327;406;874;1038;1397;991;288;187;117;109;54;187;46;70;85;62;195;203;195;179;109;109;109;117;117;109;78;101;117;101;70;70;109;109;70;78;117;117;31;39;101;78;70;78;117;101;46;46;31;0;101;85;101;93;101;85;101;101;109;101;132;117;117;117;70;54;46;62;117;117;15;15;31;304;3443;2975;687;609;85;93;46;46;78;101;23;31;117;117;109;117;39;7;101;101;281;538;905;866;156;163;54;23;54;54;62;93;93;101;1460;1397;671;648;242;210;70;54;85;109;117;117;4700;8972;10018;11259;4060;3287;1647;1335;234;296;1639;1881;179;70;39;0;101;117;7;31;234;242;257;413;1639;1452;905;858;281;242;171;195;124;117;15;0;19966;23550;8831;7574;4154;3716;2709;2248;1475;1264;929;897;671;851;2428;2061;796;765;2186;2264;460;390;187;171;210;195;14141;16968;1920;1389;1522;2475;12103;9026;1147;1085;2553;2811;1030;897;538;476;281;226;171;148;39;46;296;257;62;31;210;203;23;31;780;796;281;218;249;249;530;413;109;109;54;39;46;62;46;62;39;46;23;31;15;31;31;54;70;93;187;265;327;273;109;85;39;39;78;93;23;54;46;
601;546;1811;1733;242;304;773;897;1093;773;273;179;101;109;54;226;62;62;117;109;70;70;117;93;101;109;109;117;101;85;117;93;117;109;85;78;54;62;109;109;85;62;7;0;62;54;93;62;78;85;39;39;288;281;124;148;93;54;31;0;15;0;78;85;257;249;31;7;117;117;23;23;93;101;54;85;304;702;8800;8394;1944;1936;288;203;62;39;93;62;31;54;70;101;62;62;23;23;117;117;156;382;796;624;429;406;265;203;226;171;85;101;93;70;983;827;413;327;0;46;15;31;117;117;39;46;6621;10908;6356;5520;2615;2623;1366;1288;210;179;937;1140;359;374;23;31;54;31;117;124;288;304;179;304;929;679;382;374;117;124;70;54;7;31;15;23;22379;25190;1866;1866;3709;3412;1944;1608;1304;1272;1507;1319;999;1335;780;780;538;445;1655;1319;171;179;406;507;179;226;18217;16710;1382;1101;4997;8472;2803;2670;663;632;4138;3193;530;460;312;445;398;351;101;117;93;124;382;312;468;523;421;343;46;39;1054;1015;203;140;101;93;437;374;23;23;156;54;93;78;46;46;62;46;31;31;31;46;7;31;23;23;421;484;320;249;54;15;7;15;31;0;23;31;70;
835;827;1811;1788;304;359;874;960;1038;765;273;187;54;70;109;218;31;78;46;31;85;85;93;70;85;93;117;117;85;70;85;62;109;85;93;93;54;78;117;109;101;78;70;70;117;101;46;15;109;117;23;39;429;335;62;70;78;101;101;93;23;0;140;93;179;226;257;210;15;15;117;171;62;78;93;85;1311;2334;15882;14274;4435;4560;499;437;413;320;312;249;85;93;93;70;93;70;78;62;117;117;398;546;85;31;54;54;54;70;93;85;7;46;101;101;484;538;85;85;85;85;7;23;15;7;62;78;5309;8433;2623;1811;780;780;234;203;195;179;1546;1702;523;554;257;218;78;62;70;78;570;577;78;179;1124;960;101;85;195;226;210;179;187;179;101;163;23269;24581;2623;2584;2459;2733;1366;1046;421;554;1764;1436;1132;1366;1389;1382;452;406;2186;2038;468;382;858;944;819;812;19294;17881;2209;2116;10322;14102;2826;1811;1069;1210;5614;4068;476;421;1225;1530;484;499;117;85;117;117;124;179;804;968;312;249;265;343;1163;1007;132;85;819;796;304;242;101;101;109;15;46;54;46;31;23;15;85;101;62;93;85;54;78;70;944;1085;491;398;476;413;109;78;62;156;46;15;62;
632;562;2006;2006;226;296;655;773;1171;812;273;195;117;101;0;85;62;101;101;117;85;70;93;93;78;93;101;109;117;101;101;101;78;85;78;62;78;101;109;101;117;101;46;54;109;93;78;101;78;70;109;148;694;546;413;382;46;46;85;93;0;23;85;101;835;788;296;281;39;0;70;62;54;46;23;15;2795;4817;14235;12064;5793;5809;757;796;609;476;460;406;7;0;78;78;7;7;39;46;109;85;117;140;54;39;46;54;117;109;46;39;46;46;70;93;15;31;54;62;93;93;15;7;85;78;39;0;2045;2561;1671;1358;296;203;109;117;374;312;1147;1140;640;562;273;242;109;93;7;7;62;70;124;359;819;554;163;117;46;70;109;70;117;101;62;70;22199;22558;2319;3006;3295;3716;1030;734;530;640;1054;788;1842;2139;999;929;382;499;2420;2045;101;93;1507;1553;281;429;16476;13516;1975;1842;14898;18662;1686;1671;1483;2053;5364;3506;499;421;2365;2225;413;367;62;54;93;70;85;85;687;655;195;156;234;546;749;624;46;31;476;413;62;39;70;70;62;93;23;7;109;93;39;7;23;15;31;54;39;7;85;78;273;327;335;296;93;78;23;0;7;7;31;39;85;
773;694;1803;1647;398;484;741;874;960;694;265;187;46;62;62;226;23;23;31;23;109;101;163;148;109;101;117;117;46;39;62;85;101;109;93;78;109;109;93;93;93;117;101;101;109;117;109;109;117;117;39;23;117;46;7;23;117;85;117;117;15;15;273;265;570;616;39;62;54;93;23;62;23;39;124;156;3974;5466;8503;6684;4935;4450;991;999;382;382;320;296;15;39;39;39;85;78;7;0;117;117;85;70;85;101;117;109;93;78;78;78;101;78;39;46;93;78;46;70;46;62;117;117;54;46;46;46;351;429;773;804;85;78;93;101;296;257;523;765;687;702;203;163;132;124;54;54;62;187;226;132;671;468;54;46;85;70;132;140;0;7;171;296;13469;16827;2295;1967;3810;3677;1069;921;476;640;1280;1163;1592;1655;890;1015;944;1069;1249;1015;546;460;1132;1038;367;710;12587;9143;2178;1835;17928;20919;1741;1561;1304;1702;3912;2709;406;437;1835;1874;218;140;39;7;54;15;109;117;109;62;7;0;7;0;203;163;54;78;23;39;39;62;0;23;117;62;46;15;54;62;46;54;23;31;15;7;46;7;78;70;15;78;31;7;46;39;23;31;85;109;93;93;101;
796;734;2498;2389;327;413;765;897;1202;843;234;163;109;85;54;187;78;109;46;23;54;85;124;140;117;109;117;117;85;85;78;85;70;70;109;93;93;117;85;93;93;101;54;54;85;101;109;78;62;54;31;171;249;163;23;15;70;93;101;85;46;78;93;54;570;484;0;23;54;62;93;101;101;101;109;93;4653;9136;4739;3373;2834;2436;999;843;203;195;163;132;140;117;46;31;109;109;0;0;117;117;46;70;78;70;70;70;62;70;7;39;93;93;46;31;70;85;117;117;23;31;93;85;46;15;31;15;156;187;195;171;70;70;54;46;351;249;507;679;804;796;304;273;218;179;31;15;31;78;7;93;335;179;70;85;117;101;85;85;62;78;7;148;15320;16593;1218;1038;3248;3498;702;515;117;312;843;648;1694;1905;851;913;585;804;1608;1296;187;132;1007;952;78;312;16358;13001;1530;1264;18084;20802;2529;1756;921;1116;2865;1998;203;179;1507;1639;226;179;93;70;31;78;101;93;117;109;101;78;31;62;101;54;101;85;46;46;109;109;93;117;62;0;23;0;15;7;23;39;62;62;15;23;23;31;15;23;187;156;7;0;46;54;54;31;109;101;101;101;70;
749;702;1811;1616;281;335;515;609;905;655;273;203;31;54;31;226;70;109;62;54;39;39;171;171;117;117;93;101;54;62;46;39;31;39;93;62;46;54;109;117;62;78;85;85;54;39;46;70;109;93;70;163;382;320;39;46;101;109;62;46;39;78;31;70;726;671;124;132;109;85;148;148;163;93;15;7;8964;12735;6363;3271;2459;2006;382;327;15;23;70;54;0;7;62;70;109;93;62;70;101;117;70;39;54;78;46;62;93;101;39;78;70;78;109;93;117;109;46;62;93;93;62;62;62;31;23;23;538;460;374;265;46;62;23;23;406;335;359;273;819;812;452;413;210;179;0;15;46;85;23;54;23;0;62;46;46;46;78;85;117;109;85;257;4411;4724;851;702;2209;2373;687;562;78;187;718;624;1881;2108;484;523;530;827;1452;1140;726;671;991;905;421;788;15937;12798;1054;921;17491;19989;3045;2295;1015;1155;2772;2123;296;210;983;1022;124;117;93;93;46;62;78;70;70;70;117;109;70;54;39;46;109;85;101;93;85;70;7;15;15;31;39;54;0;0;101;117;23;0;39;23;7;23;15;7;46;15;39;78;70;85;39;31;93;117;39;39;62;
757;648;2334;2014;382;413;1069;1280;1077;812;226;140;101;109;101;320;54;78;0;0;109;101;101;70;109;117;85;93;117;101;46;54;85;117;78;85;117;117;109;117;54;93;93;85;109;117;101;109;70;78;179;304;85;85;54;70;101;109;70;70;109;117;101;62;273;234;15;7;78;70;31;31;85;78;101;93;8152;10947;4255;4552;2350;1819;242;203;0;15;15;15;101;85;54;23;54;62;7;46;70;70;101;101;39;54;109;109;109;117;0;7;15;15;39;31;0;31;85;70;7;39;101;117;109;101;46;39;335;320;15;39;93;85;31;31;476;406;374;304;780;773;398;367;249;226;23;31;101;117;31;15;109;101;78;62;70;85;15;0;15;15;31;70;4755;4474;1155;960;1920;2155;609;437;148;187;491;367;1413;1866;484;413;288;616;1671;1257;148;124;632;616;54;156;15695;12517;1218;1061;16327;19271;3100;2670;890;897;3146;2412;359;312;812;897;132;93;93;117;101;117;62;62;109;109;117;109;109;109;62;31;62;85;70;62;101;93;85;70;15;62;117;101;31;15;117;148;15;7;7;7;7;15;46;62;39;54;46;54;70;85;117;117;78;78;101;117;54;
687;585;1569;1436;226;281;616;718;819;562;210;148;78;93;85;234;54;93;15;15;15;15;179;171;93;117;109;109;85;78;85;78;93;93;93;93;109;117;39;46;23;54;109;117;109;85;101;101;31;39;132;210;23;0;101;78;101;109;109;101;54;46;70;78;101;124;7;23;0;0;62;62;70;70;46;7;6028;9073;1733;1749;937;796;156;124;62;62;31;31;109;62;85;101;23;31;109;109;85;78;101;109;78;78;101;117;54;46;31;54;93;78;101;117;117;117;85;78;15;15;78;62;54;31;23;15;70;93;15;46;62;39;7;15;406;335;445;452;827;796;374;343;257;242;101;78;85;70;70;31;78;109;70;62;109;93;70;93;85;78;46;101;3224;2576;601;499;1780;1983;320;249;101;156;413;374;858;1077;944;913;359;429;1468;1280;288;203;452;452;359;530;12478;9674;1218;1069;11455;14430;2334;2069;726;858;1967;1702;249;210;390;390;15;15;93;85;54;70;93;109;109;85;85;109;78;101;54;62;62;54;39;46;117;109;62;54;15;54;78;39;15;23;78;85;62;46;70;54;39;62;70;85;0;23;31;31;70;93;109;101;85;101;101;109;109;
866;749;2241;2053;398;421;1046;1171;1054;765;249;163;109;93;78;249;93;117;7;0;7;46;109;124;117;109;117;117;101;70;93;101;109;93;101;109;85;93;78;70;101;117;109;93;70;62;85;93;101;101;85;109;85;62;109;85;117;109;109;93;78;46;85;78;93;54;85;117;93;78;23;31;62;70;46;39;3420;4966;1741;1592;538;468;54;15;70;62;78;85;62;78;109;93;93;85;46;31;117;109;117;93;101;109;70;70;62;62;54;62;23;23;31;39;15;23;78;93;78;46;101;70;93;70;7;15;101;93;46;62;117;101;39;23;421;343;601;570;921;905;413;359;140;132;15;0;93;109;39;23;7;15;93;93;78;93;93;101;78;85;78;15;1319;1179;195;163;593;632;101;46;15;23;171;132;234;320;374;343;132;156;452;359;23;23;46;54;484;796;4872;4060;1069;999;5184;7074;1491;1288;390;351;944;788;46;7;15;15;117;109;78;70;0;15;39;62;109;117;54;54;70;70;109;109;85;101;62;39;70;78;85;85;54;93;70;54;7;7;31;62;70;62;54;46;15;54;23;15;39;62;70;62;117;101;70;78;85;85;85;109;101;
570;499;1499;1397;210;249;819;937;679;484;210;140;70;85;179;312;62;78;0;39;7;15;93;70;109;93;93;109;117;109;46;62;78;101;109;109;93;117;62;62;31;31;78;85;101;109;31;39;101;93;7;0;39;31;101;117;46;54;46;46;93;85;85;78;39;23;93;93;117;117;117;117;117;109;31;15;1436;1444;1280;1288;265;234;70;85;93;101;109;93;101;93;101;117;93;85;101;109;109;117;85;109;109;117;93;117;85;93;93;109;7;0;31;15;109;117;46;54;70;39;93;62;93;62;7;0;70;70;101;109;62;46;0;0;460;413;687;632;897;882;445;398;226;218;31;7;70;46;78;132;15;31;85;62;117;109;101;78;62;62;85;70;601;593;140;124;179;218;281;187;23;23;54;62;54;70;39;7;93;70;632;593;15;7;54;54;296;413;1967;2139;609;554;1631;2014;2202;1592;288;234;148;148;31;54;54;54;85;85;85;78;85;70;78;85;109;93;93;85;93;85;109;101;109;109;101;101;62;46;85;78;78;109;140;124;39;15;140;156;62;54;7;7;7;7;15;31;46;78;117;109;93;85;78;78;101;109;85;85;93;
749;679;2147;2170;320;374;866;976;1116;796;273;195;78;101;39;132;78;101;62;54;15;23;101;117;93;109;70;54;78;54;23;31;85;93;15;0;31;0;70;78;257;195;23;46;23;7;343;288;70;85;210;288;62;39;62;54;54;78;93;78;109;109;46;62;101;85;109;93;101;93;109;117;85;93;46;78;312;265;937;960;124;101;62;70;117;101;109;109;101;117;23;31;101;85;70;78;117;109;101;109;78;78;117;109;93;93;39;39;7;7;0;7;85;62;7;7;85;78;39;15;7;0;93;101;39;46;15;23;101;85;85;78;406;359;655;624;929;905;398;359;171;117;39;31;0;0;93;124;39;46;109;117;109;117;78;85;78;101;62;70;203;257;54;39;54;62;148;85;101;93;31;15;31;15;171;163;101;70;390;374;70;39;0;15;46;23;1249;2202;804;734;734;835;1897;1522;359;335;117;85;0;23;23;54;62;54;15;7;117;101;54;46;39;23;101;93;70;62;15;23;70;46;54;62;78;78;23;39;46;78;163;148;15;15;62;78;117;85;39;0;15;15;7;31;15;31;78;93;70;62;117;85;101;109;78;85;101;
85;23;812;491;7;15;93;218;452;296;54;23;62;70;7;0;31;0;54;62;179;187;23;0;117;117;117;117;85;93;93;93;85;70;70;46;7;31;109;93;140;101;101;93;78;101;218;179;101;109;54;93;93;85;7;7;78;109;117;101;78;85;117;117;23;7;109;117;109;109;109;78;101;85;109;117;46;54;249;281;7;7;117;117;70;85;109;93;85;46;54;46;54;70;62;46;117;109;70;78;93;101;31;46;85;85;15;23;62;39;46;39;39;78;117;109;78;70;54;46;62;54;31;31;7;0;70;78;70;62;23;31;382;312;663;632;890;835;335;304;163;163;70;46;15;15;117;179;62;46;109;117;101;93;109;93;46;62;101;101;93;85;46;39;62;70;101;101;78;54;62;62;117;117;39;31;31;7;23;31;62;62;78;62;62;39;359;468;343;304;140;117;445;390;148;109;15;23;101;85;109;101;62;62;62;62;93;85;54;85;117;109;78;85;93;93;109;101;117;117;78;78;70;54;39;23;39;93;148;124;23;23;109;117;23;15;46;78;46;15;54;31;31;54;78;78;101;78;62;62;101;101;70;85;93;
390;390;1483;1507;132;179;367;421;734;484;140;85;117;117;46;15;109;93;85;85;117;117;31;23;78;85;109;101;93;78;54;39;7;0;31;62;109;93;93;109;46;46;85;85;62;46;46;46;46;39;101;93;70;85;117;117;46;78;78;93;109;101;93;85;70;78;109;101;109;117;54;62;78;70;109;93;124;140;382;343;85;85;101;78;109;93;78;54;46;54;78;70;23;46;109;93;93;93;78;117;70;85;117;109;93;78;46;31;0;15;23;7;7;23;78;78;15;0;70;62;7;15;7;7;62;54;85;93;93;101;23;23;468;421;726;702;976;937;491;437;257;226;78;78;31;23;85;140;15;23;70;78;62;70;85;78;15;7;109;101;109;109;117;101;85;117;78;85;109;109;117;117;85;93;54;78;15;0;78;85;0;31;109;78;109;117;62;78;780;640;70;31;702;1030;367;288;78;78;15;15;0;39;46;46;31;23;54;54;85;78;54;39;46;70;39;15;23;31;93;117;85;78;78;93;70;54;54;101;195;187;70;54;156;148;124;109;101;85;109;140;54;54;62;93;62;78;93;93;70;39;46;62;31;39;85;
913;819;2412;2280;327;382;687;796;1124;780;234;163;78;101;23;70;78;109;62;70;23;15;148;156;109;109;117;109;93;78;70;70;7;7;93;93;117;117;85;78;101;117;62;70;31;7;93;70;46;54;54;70;109;101;109;117;78;62;54;78;93;93;101;101;70;62;117;93;15;7;93;93;31;23;85;109;390;413;468;398;31;7;70;85;54;93;101;78;78;109;78;93;7;7;93;93;54;46;46;54;54;70;54;70;46;31;23;7;54;54;31;15;46;62;117;117;7;0;31;31;0;0;7;15;39;39;31;54;31;31;62;70;484;406;702;679;976;952;413;382;249;242;124;109;7;7;93;140;85;70;62;78;39;39;15;7;15;15;117;93;54;70;156;210;31;23;117;101;62;62;117;101;109;109;109;210;7;54;117;109;7;7;109;101;46;46;7;7;3240;2576;327;265;1358;1874;367;351;296;234;140;85;62;101;15;31;7;15;7;31;62;78;62;39;109;109;15;23;54;101;23;7;7;7;78;54;62;62;117;156;234;203;124;109;93;93;78;62;23;15;7;31;7;0;23;39;7;7;93;70;62;54;62;93;39;31;7;
819;726;2514;2334;226;273;484;491;1046;694;265;187;78;78;70;78;109;70;31;7;78;62;140;140;85;78;78;85;93;62;62;54;39;31;46;46;109;117;117;117;93;78;7;23;93;70;70;39;46;54;78;93;62;62;39;39;117;117;31;15;78;85;117;117;109;93;15;15;109;109;109;117;62;70;85;70;265;288;343;296;7;15;78;62;78;78;101;117;46;85;39;39;93;93;117;117;54;70;62;85;93;93;109;85;23;15;23;23;78;54;46;31;31;54;15;23;15;7;54;15;31;39;15;7;54;54;62;70;7;23;39;46;507;445;757;726;905;897;523;484;249;203;39;15;7;0;101;171;7;0;46;70;62;39;62;39;31;31;46;54;85;46;93;171;242;218;101;109;46;7;15;23;46;23;273;351;288;249;15;15;46;7;46;62;15;31;7;7;2803;2631;1132;913;304;351;1639;1319;570;523;93;78;62;23;117;93;46;31;31;31;101;93;70;85;93;78;39;31;39;54;101;93;15;39;117;93;78;70;39;93;218;203;78;78;101;117;62;54;0;7;93;109;39;39;54;70;15;0;78;85;70;85;117;109;39;39;54;
765;687;2381;2178;320;359;897;1038;1366;1015;257;210;117;109;85;218;78;117;31;23;15;23;132;117;70;62;101;109;70;70;78;70;117;101;93;93;109;93;117;117;101;85;62;85;23;23;15;15;23;7;93;101;101;101;54;54;31;39;117;93;109;109;93;109;109;117;46;54;31;39;78;62;46;23;54;39;23;39;23;70;0;0;101;117;70;70;93;93;46;85;62;62;39;70;93;101;15;46;23;15;54;46;78;93;109;85;78;70;7;23;0;15;70;78;31;31;23;23;62;31;15;7;62;78;46;7;93;117;78;62;7;31;390;351;694;655;983;960;437;398;273;226;78;54;23;15;171;218;101;93;101;117;101;85;117;117;46;54;46;54;101;85;101;117;468;421;62;101;85;39;46;46;101;62;70;117;335;257;7;0;15;23;39;46;70;39;31;15;1499;2405;1569;1194;312;281;1405;1186;499;507;242;234;70;46;85;93;54;62;31;46;39;15;15;15;46;46;46;46;54;46;46;46;15;7;101;93;46;39;23;15;179;171;62;46;124;148;124;124;46;39;85;109;70;62;23;39;54;31;93;101;101;93;117;109;39;46;93;
# More details:
#timestamp:20161217-222737
#originalfilename:20161217-222737.data
#lines:60
#length:255
#frequency:unknown-feather
#piezofrequency:3500000
#angle:60
#image:0
#anglestep:1
#user:kelu124
#module:croaker-feather
# 
# Data file created: from the echomods project 
# Original log files: 20161217-222737.data
# See the tools at: https://github.com/kelu124/echomods/tree/master/croaker/data/20161217/
# 
