[
    {
        "client_msg_id": "8819a741-d9b7-442c-92e9-fc50a431e01f",
        "type": "message",
        "text": "Awrr!!!! those bosses making bad business decisions!",
        "user": "URQAS7R8V",
        "ts": "1577467781.000500",
        "team": "T5M5PLH8U",
        "user_team": "T5M5PLH8U",
        "source_team": "T5M5PLH8U",
        "user_profile": {
            "avatar_hash": "gce0918c31f8",
            "image_72": "https:\/\/secure.gravatar.com\/avatar\/ce0918c31f884c0041b2e3674a9e477b.jpg?s=72&d=https%3A%2F%2Fa.slack-edge.com%2Fdf10d%2Fimg%2Favatars%2Fava_0024-72.png",
            "first_name": "",
            "real_name": "Rodrigo Savage",
            "display_name": "Rodrigo Savage",
            "team": "T5M5PLH8U",
            "name": "savage",
            "is_restricted": false,
            "is_ultra_restricted": false
        },
        "blocks": [
            {
                "type": "rich_text",
                "block_id": "hB7",
                "elements": [
                    {
                        "type": "rich_text_section",
                        "elements": [
                            {
                                "type": "text",
                                "text": "Awrr!!!! those bosses making bad business decisions!"
                            }
                        ]
                    }
                ]
            }
        ]
    },
    {
        "client_msg_id": "5971a41a-3644-487b-90b9-58e95ae845cc",
        "type": "message",
        "text": "Awesome <@U5M5PLH9S> that you where stared! I am back in Mexico City to work, sorry for my slow response, sick and traveling!",
        "user": "URQAS7R8V",
        "ts": "1577467820.001300",
        "team": "T5M5PLH8U",
        "user_team": "T5M5PLH8U",
        "source_team": "T5M5PLH8U",
        "user_profile": {
            "avatar_hash": "gce0918c31f8",
            "image_72": "https:\/\/secure.gravatar.com\/avatar\/ce0918c31f884c0041b2e3674a9e477b.jpg?s=72&d=https%3A%2F%2Fa.slack-edge.com%2Fdf10d%2Fimg%2Favatars%2Fava_0024-72.png",
            "first_name": "",
            "real_name": "Rodrigo Savage",
            "display_name": "Rodrigo Savage",
            "team": "T5M5PLH8U",
            "name": "savage",
            "is_restricted": false,
            "is_ultra_restricted": false
        },
        "blocks": [
            {
                "type": "rich_text",
                "block_id": "ID4a",
                "elements": [
                    {
                        "type": "rich_text_section",
                        "elements": [
                            {
                                "type": "text",
                                "text": "Awesome "
                            },
                            {
                                "type": "user",
                                "user_id": "U5M5PLH9S"
                            },
                            {
                                "type": "text",
                                "text": " that you where stared! I am back in Mexico City to work, sorry for my slow response, sick and traveling!"
                            }
                        ]
                    }
                ]
            }
        ]
    },
    {
        "client_msg_id": "ed95c341-502a-472a-9e9e-ba030fc9dad4",
        "type": "message",
        "text": "Regarding the probes, any luck with the manufacturers?",
        "user": "URQAS7R8V",
        "ts": "1577467891.001700",
        "team": "T5M5PLH8U",
        "user_team": "T5M5PLH8U",
        "source_team": "T5M5PLH8U",
        "user_profile": {
            "avatar_hash": "gce0918c31f8",
            "image_72": "https:\/\/secure.gravatar.com\/avatar\/ce0918c31f884c0041b2e3674a9e477b.jpg?s=72&d=https%3A%2F%2Fa.slack-edge.com%2Fdf10d%2Fimg%2Favatars%2Fava_0024-72.png",
            "first_name": "",
            "real_name": "Rodrigo Savage",
            "display_name": "Rodrigo Savage",
            "team": "T5M5PLH8U",
            "name": "savage",
            "is_restricted": false,
            "is_ultra_restricted": false
        },
        "blocks": [
            {
                "type": "rich_text",
                "block_id": "IDHAm",
                "elements": [
                    {
                        "type": "rich_text_section",
                        "elements": [
                            {
                                "type": "text",
                                "text": "Regarding the probes, any luck with the manufacturers?"
                            }
                        ]
                    }
                ]
            }
        ]
    },
    {
        "client_msg_id": "019ee768-90e3-4d27-8352-55bc814bd20d",
        "type": "message",
        "text": "Also, how hard would it be to manufacture the probe using piezo electric transducers:\n<https:\/\/www.alibaba.com\/product-detail\/piezo-ultrasonic-piezo-electric-transducer-piezo_62183376501.html?spm=a2700.7724838.0.0.86f340bdNEjidC&amp;s=p>",
        "user": "URQAS7R8V",
        "ts": "1577467962.002600",
        "team": "T5M5PLH8U",
        "user_team": "T5M5PLH8U",
        "source_team": "T5M5PLH8U",
        "user_profile": {
            "avatar_hash": "gce0918c31f8",
            "image_72": "https:\/\/secure.gravatar.com\/avatar\/ce0918c31f884c0041b2e3674a9e477b.jpg?s=72&d=https%3A%2F%2Fa.slack-edge.com%2Fdf10d%2Fimg%2Favatars%2Fava_0024-72.png",
            "first_name": "",
            "real_name": "Rodrigo Savage",
            "display_name": "Rodrigo Savage",
            "team": "T5M5PLH8U",
            "name": "savage",
            "is_restricted": false,
            "is_ultra_restricted": false
        },
        "edited": {
            "user": "URQAS7R8V",
            "ts": "1577643177.000000"
        },
        "blocks": [
            {
                "type": "rich_text",
                "block_id": "SXYk7",
                "elements": [
                    {
                        "type": "rich_text_section",
                        "elements": [
                            {
                                "type": "text",
                                "text": "Also, how hard would it be to manufacture the probe using piezo electric transducers:\n"
                            },
                            {
                                "type": "link",
                                "url": "https:\/\/www.alibaba.com\/product-detail\/piezo-ultrasonic-piezo-electric-transducer-piezo_62183376501.html?spm=a2700.7724838.0.0.86f340bdNEjidC&s=p"
                            }
                        ]
                    }
                ]
            }
        ]
    },
    {
        "client_msg_id": "29e0a992-bf6d-4b0a-b0ee-b66de635ce66",
        "type": "message",
        "text": "As I remember the piezo elecrict that the George Mason Lab is using is 4.75 Mhz, am I right <@URQAL47MW>?",
        "user": "URQAS7R8V",
        "ts": "1577468225.003800",
        "team": "T5M5PLH8U",
        "user_team": "T5M5PLH8U",
        "source_team": "T5M5PLH8U",
        "user_profile": {
            "avatar_hash": "gce0918c31f8",
            "image_72": "https:\/\/secure.gravatar.com\/avatar\/ce0918c31f884c0041b2e3674a9e477b.jpg?s=72&d=https%3A%2F%2Fa.slack-edge.com%2Fdf10d%2Fimg%2Favatars%2Fava_0024-72.png",
            "first_name": "",
            "real_name": "Rodrigo Savage",
            "display_name": "Rodrigo Savage",
            "team": "T5M5PLH8U",
            "name": "savage",
            "is_restricted": false,
            "is_ultra_restricted": false
        },
        "blocks": [
            {
                "type": "rich_text",
                "block_id": "tcO",
                "elements": [
                    {
                        "type": "rich_text_section",
                        "elements": [
                            {
                                "type": "text",
                                "text": "As I remember the piezo elecrict that the George Mason Lab is using is 4.75 Mhz, am I right "
                            },
                            {
                                "type": "user",
                                "user_id": "URQAL47MW"
                            },
                            {
                                "type": "text",
                                "text": "?"
                            }
                        ]
                    }
                ]
            }
        ]
    },
    {
        "client_msg_id": "635d227a-6f51-4030-9158-d1af7aae4744",
        "type": "message",
        "text": "<@URQAS7R8V> I will have to Check the literature",
        "user": "URQAL47MW",
        "ts": "1577470570.004500",
        "team": "T5M5PLH8U",
        "user_team": "T5M5PLH8U",
        "source_team": "T5M5PLH8U",
        "user_profile": {
            "avatar_hash": "g84206b3392e",
            "image_72": "https:\/\/secure.gravatar.com\/avatar\/84206b3392eaf193858cf3347dd69ccb.jpg?s=72&d=https%3A%2F%2Fa.slack-edge.com%2Fdf10d%2Fimg%2Favatars%2Fava_0023-72.png",
            "first_name": "",
            "real_name": "Chad Coarsey",
            "display_name": "",
            "team": "T5M5PLH8U",
            "name": "chad.coarsey.enable",
            "is_restricted": false,
            "is_ultra_restricted": false
        },
        "blocks": [
            {
                "type": "rich_text",
                "block_id": "lMYW6",
                "elements": [
                    {
                        "type": "rich_text_section",
                        "elements": [
                            {
                                "type": "user",
                                "user_id": "URQAS7R8V"
                            },
                            {
                                "type": "text",
                                "text": " I will have to Check the literature"
                            }
                        ]
                    }
                ]
            }
        ]
    }
]