[
    {
        "client_msg_id": "d0f4c1a9-003d-45b4-9aec-e1709c9ca988",
        "type": "message",
        "text": "Fun Fact: those probes are sold white branded by a Ugandan startup that \"designed and developed\"  those ;) <https:\/\/www.mscanug.com\/index.php\/about-us\/|https:\/\/www.mscanug.com\/index.php\/about-us\/>",
        "user": "U5M5PLH9S",
        "ts": "1576654286.001600",
        "team": "T5M5PLH8U",
        "user_team": "T5M5PLH8U",
        "source_team": "T5M5PLH8U",
        "user_profile": {
            "avatar_hash": "e4fb6ae9f526",
            "image_72": "https:\/\/avatars.slack-edge.com\/2017-06-01\/191144530514_e4fb6ae9f526531fd41c_72.jpg",
            "first_name": "",
            "real_name": "kelu",
            "display_name": "",
            "team": "T5M5PLH8U",
            "name": "kelu",
            "is_restricted": false,
            "is_ultra_restricted": false
        },
        "blocks": [
            {
                "type": "rich_text",
                "block_id": "wVS3\/",
                "elements": [
                    {
                        "type": "rich_text_section",
                        "elements": [
                            {
                                "type": "text",
                                "text": "Fun Fact: those probes are sold white branded by a Ugandan startup that \"designed and developed\"  those ;) "
                            },
                            {
                                "type": "link",
                                "url": "https:\/\/www.mscanug.com\/index.php\/about-us\/",
                                "text": "https:\/\/www.mscanug.com\/index.php\/about-us\/"
                            }
                        ]
                    }
                ]
            }
        ]
    }
]