[
    {
        "type": "message",
        "subtype": "channel_join",
        "ts": "1576435629.000200",
        "user": "URQAL47MW",
        "text": "<@URQAL47MW> has joined the channel"
    },
    {
        "type": "message",
        "subtype": "channel_join",
        "ts": "1576435636.000400",
        "user": "URQAS7R8V",
        "text": "<@URQAS7R8V> has joined the channel",
        "inviter": "URQAL47MW"
    },
    {
        "type": "message",
        "subtype": "channel_name",
        "ts": "1576435668.000500",
        "user": "URQAL47MW",
        "text": "<@URQAL47MW> has renamed the channel from \"prosthetics-transducer\" to \"prosthesis-transducer\"",
        "old_name": "prosthetics-transducer",
        "name": "prosthesis-transducer"
    },
    {
        "type": "message",
        "subtype": "channel_topic",
        "ts": "1576435668.000600",
        "user": "URQAL47MW",
        "text": "<@URQAL47MW> cleared channel topic",
        "topic": ""
    },
    {
        "type": "message",
        "subtype": "channel_purpose",
        "ts": "1576435668.000700",
        "user": "URQAL47MW",
        "text": "<@URQAL47MW> cleared channel purpose",
        "purpose": ""
    },
    {
        "client_msg_id": "2eabdef7-bed0-434c-acb7-bafe76d68cac",
        "type": "message",
        "text": "<http:\/\/un0rick.cc\/|http:\/\/un0rick.cc\/>",
        "user": "URQAL47MW",
        "ts": "1576435686.000900",
        "team": "T5M5PLH8U",
        "user_team": "T5M5PLH8U",
        "source_team": "T5M5PLH8U",
        "user_profile": {
            "avatar_hash": "g84206b3392e",
            "image_72": "https:\/\/secure.gravatar.com\/avatar\/84206b3392eaf193858cf3347dd69ccb.jpg?s=72&d=https%3A%2F%2Fa.slack-edge.com%2Fdf10d%2Fimg%2Favatars%2Fava_0023-72.png",
            "first_name": "",
            "real_name": "Chad Coarsey",
            "display_name": "",
            "team": "T5M5PLH8U",
            "name": "chad.coarsey.enable",
            "is_restricted": false,
            "is_ultra_restricted": false
        },
        "edited": {
            "user": "URQAL47MW",
            "ts": "1576442606.000000"
        },
        "blocks": [
            {
                "type": "rich_text",
                "block_id": "MUZ\/",
                "elements": [
                    {
                        "type": "rich_text_section",
                        "elements": [
                            {
                                "type": "link",
                                "url": "http:\/\/un0rick.cc\/",
                                "text": "http:\/\/un0rick.cc\/"
                            }
                        ]
                    }
                ]
            }
        ]
    },
    {
        "client_msg_id": "baa783c5-c83d-46e5-91a1-5d0d6abe8a4a",
        "type": "message",
        "text": "Single transduction ultrasound using a mask \n<https:\/\/advances.sciencemag.org\/content\/3\/12\/e1701423|https:\/\/advances.sciencemag.org\/content\/3\/12\/e1701423>",
        "user": "URQAL47MW",
        "ts": "1576435720.001700",
        "team": "T5M5PLH8U",
        "user_team": "T5M5PLH8U",
        "source_team": "T5M5PLH8U",
        "user_profile": {
            "avatar_hash": "g84206b3392e",
            "image_72": "https:\/\/secure.gravatar.com\/avatar\/84206b3392eaf193858cf3347dd69ccb.jpg?s=72&d=https%3A%2F%2Fa.slack-edge.com%2Fdf10d%2Fimg%2Favatars%2Fava_0023-72.png",
            "first_name": "",
            "real_name": "Chad Coarsey",
            "display_name": "",
            "team": "T5M5PLH8U",
            "name": "chad.coarsey.enable",
            "is_restricted": false,
            "is_ultra_restricted": false
        },
        "blocks": [
            {
                "type": "rich_text",
                "block_id": "5jOQ",
                "elements": [
                    {
                        "type": "rich_text_section",
                        "elements": [
                            {
                                "type": "text",
                                "text": "Single transduction ultrasound using a mask \n"
                            },
                            {
                                "type": "link",
                                "url": "https:\/\/advances.sciencemag.org\/content\/3\/12\/e1701423",
                                "text": "https:\/\/advances.sciencemag.org\/content\/3\/12\/e1701423"
                            }
                        ]
                    }
                ]
            }
        ]
    },
    {
        "type": "message",
        "subtype": "channel_join",
        "ts": "1576436141.001900",
        "user": "U5M5PLH9S",
        "text": "<@U5M5PLH9S> has joined the channel",
        "inviter": "URQAS7R8V"
    },
    {
        "client_msg_id": "0918c8ef-b9c0-4321-8fd7-d856ddeb64fe",
        "type": "message",
        "text": "Hehe, glad to see you're making yourself at home :smiley:",
        "user": "U5M5PLH9S",
        "ts": "1576442505.002300",
        "team": "T5M5PLH8U",
        "user_team": "T5M5PLH8U",
        "source_team": "T5M5PLH8U",
        "user_profile": {
            "avatar_hash": "e4fb6ae9f526",
            "image_72": "https:\/\/avatars.slack-edge.com\/2017-06-01\/191144530514_e4fb6ae9f526531fd41c_72.jpg",
            "first_name": "",
            "real_name": "kelu",
            "display_name": "",
            "team": "T5M5PLH8U",
            "name": "kelu",
            "is_restricted": false,
            "is_ultra_restricted": false
        },
        "blocks": [
            {
                "type": "rich_text",
                "block_id": "1Q89G",
                "elements": [
                    {
                        "type": "rich_text_section",
                        "elements": [
                            {
                                "type": "text",
                                "text": "Hehe, glad to see you're making yourself at home "
                            },
                            {
                                "type": "emoji",
                                "name": "smiley"
                            }
                        ]
                    }
                ]
            }
        ]
    },
    {
        "client_msg_id": "91332a58-9ca4-42ad-bc29-ffbb9e2d93e2",
        "type": "message",
        "text": "ping <@UKA33T8N9> on the compressed sensing aspects :wink:",
        "user": "U5M5PLH9S",
        "ts": "1576442519.002700",
        "team": "T5M5PLH8U",
        "user_team": "T5M5PLH8U",
        "source_team": "T5M5PLH8U",
        "user_profile": {
            "avatar_hash": "e4fb6ae9f526",
            "image_72": "https:\/\/avatars.slack-edge.com\/2017-06-01\/191144530514_e4fb6ae9f526531fd41c_72.jpg",
            "first_name": "",
            "real_name": "kelu",
            "display_name": "",
            "team": "T5M5PLH8U",
            "name": "kelu",
            "is_restricted": false,
            "is_ultra_restricted": false
        },
        "blocks": [
            {
                "type": "rich_text",
                "block_id": "fH5V",
                "elements": [
                    {
                        "type": "rich_text_section",
                        "elements": [
                            {
                                "type": "text",
                                "text": "ping "
                            },
                            {
                                "type": "user",
                                "user_id": "UKA33T8N9"
                            },
                            {
                                "type": "text",
                                "text": " on the compressed sensing aspects "
                            },
                            {
                                "type": "emoji",
                                "name": "wink"
                            }
                        ]
                    }
                ]
            }
        ]
    },
    {
        "type": "message",
        "subtype": "channel_join",
        "ts": "1576442522.002900",
        "user": "UKA33T8N9",
        "text": "<@UKA33T8N9> has joined the channel",
        "inviter": "U5M5PLH9S"
    },
    {
        "client_msg_id": "4da978ef-a11c-4c45-af91-b0da5984c5d5",
        "type": "message",
        "text": "Hum reminds me of an article on the matter - <https:\/\/www.ncbi.nlm.nih.gov\/pubmed\/26737954> - so with tomography I'd also think of <@UGJ8GJGNR>",
        "user": "U5M5PLH9S",
        "ts": "1576442592.003500",
        "team": "T5M5PLH8U",
        "user_team": "T5M5PLH8U",
        "source_team": "T5M5PLH8U",
        "user_profile": {
            "avatar_hash": "e4fb6ae9f526",
            "image_72": "https:\/\/avatars.slack-edge.com\/2017-06-01\/191144530514_e4fb6ae9f526531fd41c_72.jpg",
            "first_name": "",
            "real_name": "kelu",
            "display_name": "",
            "team": "T5M5PLH8U",
            "name": "kelu",
            "is_restricted": false,
            "is_ultra_restricted": false
        },
        "edited": {
            "user": "U5M5PLH9S",
            "ts": "1576442600.000000"
        },
        "blocks": [
            {
                "type": "rich_text",
                "block_id": "tjJ6",
                "elements": [
                    {
                        "type": "rich_text_section",
                        "elements": [
                            {
                                "type": "text",
                                "text": "Hum reminds me of an article on the matter - "
                            },
                            {
                                "type": "link",
                                "url": "https:\/\/www.ncbi.nlm.nih.gov\/pubmed\/26737954"
                            },
                            {
                                "type": "text",
                                "text": " - so with tomography I'd also think of "
                            },
                            {
                                "type": "user",
                                "user_id": "UGJ8GJGNR"
                            }
                        ]
                    }
                ]
            }
        ]
    },
    {
        "type": "message",
        "subtype": "channel_join",
        "ts": "1576442596.003800",
        "user": "UGJ8GJGNR",
        "text": "<@UGJ8GJGNR> has joined the channel",
        "inviter": "U5M5PLH9S"
    }
]