[
    {
        "type": "message",
        "text": "Nice thing here too",
        "files": [
            {
                "id": "FU4HZMTS5",
                "created": 1582573820,
                "timestamp": 1582573820,
                "name": "KONTED Pocket wilreless&USB ultrasound catalog(2).pdf",
                "title": "KONTED Pocket wilreless&amp;USB ultrasound catalog(2).pdf",
                "mimetype": "application\/pdf",
                "filetype": "pdf",
                "pretty_type": "PDF",
                "user": "U5M5PLH9S",
                "editable": false,
                "size": 2219039,
                "mode": "hosted",
                "is_external": false,
                "external_type": "",
                "is_public": true,
                "public_url_shared": false,
                "display_as_bot": false,
                "username": "",
                "url_private": "https:\/\/files.slack.com\/files-pri\/T5M5PLH8U-FU4HZMTS5\/konted_pocket_wilreless_usb_ultrasound_catalog_2_.pdf?t=xoxe-191193697300-1501897281926-1505540481365-290cf54ffdfc380367c1af72479de92b",
                "url_private_download": "https:\/\/files.slack.com\/files-pri\/T5M5PLH8U-FU4HZMTS5\/download\/konted_pocket_wilreless_usb_ultrasound_catalog_2_.pdf?t=xoxe-191193697300-1501897281926-1505540481365-290cf54ffdfc380367c1af72479de92b",
                "thumb_pdf": "https:\/\/files.slack.com\/files-tmb\/T5M5PLH8U-FU4HZMTS5-19889e6f04\/konted_pocket_wilreless_usb_ultrasound_catalog_2__thumb_pdf.png?t=xoxe-191193697300-1501897281926-1505540481365-290cf54ffdfc380367c1af72479de92b",
                "thumb_pdf_w": 909,
                "thumb_pdf_h": 1286,
                "permalink": "https:\/\/usdevkit.slack.com\/files\/U5M5PLH9S\/FU4HZMTS5\/konted_pocket_wilreless_usb_ultrasound_catalog_2_.pdf",
                "permalink_public": "https:\/\/slack-files.com\/T5M5PLH8U-FU4HZMTS5-2f5979fa10",
                "is_starred": false,
                "has_rich_preview": false
            }
        ],
        "upload": true,
        "blocks": [
            {
                "type": "rich_text",
                "block_id": "Kd7",
                "elements": [
                    {
                        "type": "rich_text_section",
                        "elements": [
                            {
                                "type": "text",
                                "text": "Nice thing here too"
                            }
                        ]
                    }
                ]
            }
        ],
        "user": "U5M5PLH9S",
        "display_as_bot": false,
        "ts": "1582573823.000100",
        "client_msg_id": "e9080036-40ab-4014-9bfa-007aa88aae95"
    },
    {
        "client_msg_id": "d97d329a-613e-470e-ad73-a834b961e956",
        "type": "message",
        "text": "Nope for USB reversing, but I guess that we have more software possibilities ( <https:\/\/wiki.wireshark.org\/CaptureSetup\/USB> ).\nAlso, software side, unsure if there's a huge difference between USB-C and USB-2\/3, as they would be using (at least on the CN probes) only the 2 D+\/D- lines .",
        "user": "U5M5PLH9S",
        "ts": "1582573930.001700",
        "team": "T5M5PLH8U",
        "user_team": "T5M5PLH8U",
        "source_team": "T5M5PLH8U",
        "user_profile": {
            "avatar_hash": "e4fb6ae9f526",
            "image_72": "https:\/\/avatars.slack-edge.com\/2017-06-01\/191144530514_e4fb6ae9f526531fd41c_72.jpg",
            "first_name": "",
            "real_name": "kelu",
            "display_name": "",
            "team": "T5M5PLH8U",
            "name": "kelu",
            "is_restricted": false,
            "is_ultra_restricted": false
        },
        "blocks": [
            {
                "type": "rich_text",
                "block_id": "8bjD2",
                "elements": [
                    {
                        "type": "rich_text_section",
                        "elements": [
                            {
                                "type": "text",
                                "text": "Nope for USB reversing, but I guess that we have more software possibilities ( "
                            },
                            {
                                "type": "link",
                                "url": "https:\/\/wiki.wireshark.org\/CaptureSetup\/USB"
                            },
                            {
                                "type": "text",
                                "text": " ).\nAlso, software side, unsure if there's a huge difference between USB-C and USB-2\/3, as they would be using (at least on the CN probes) only the 2 D+\/D- lines ."
                            }
                        ]
                    }
                ]
            }
        ]
    }
]