[
    {
        "type": "message",
        "subtype": "channel_join",
        "ts": "1582307848.000200",
        "user": "UTV9739S6",
        "text": "<@UTV9739S6> has joined the channel"
    },
    {
        "client_msg_id": "f6fe2b9d-8e37-4361-aba8-438fa7acea26",
        "type": "message",
        "text": "Hi <!here>! I'm very interested in the use of ultrasound imaging for prothesis control. I'd be happy to help you all reverse engineer commercial probes, and build the firmware to control them. I'm a firmware developer by trade, and I've done a fair share of reversing (see: <http:\/\/jcjc-dev.com|jcjc-dev.com> ), so let me know if I can help you out with something :slightly_smiling_face:",
        "user": "UTV9739S6",
        "ts": "1582308508.002900",
        "team": "T5M5PLH8U",
        "user_team": "T5M5PLH8U",
        "source_team": "T5M5PLH8U",
        "user_profile": {
            "avatar_hash": "g5d6dac181ac",
            "image_72": "https:\/\/secure.gravatar.com\/avatar\/5d6dac181ac37431ea4809f2bb6f7942.jpg?s=72&d=https%3A%2F%2Fa.slack-edge.com%2Fdf10d%2Fimg%2Favatars%2Fava_0002-72.png",
            "first_name": "",
            "real_name": "JC",
            "display_name": "JC",
            "team": "T5M5PLH8U",
            "name": "jcjc.dev",
            "is_restricted": false,
            "is_ultra_restricted": false
        },
        "blocks": [
            {
                "type": "rich_text",
                "block_id": "stLqE",
                "elements": [
                    {
                        "type": "rich_text_section",
                        "elements": [
                            {
                                "type": "text",
                                "text": "Hi "
                            },
                            {
                                "type": "broadcast",
                                "range": "here"
                            },
                            {
                                "type": "text",
                                "text": "! I'm very interested in the use of ultrasound imaging for prothesis control. I'd be happy to help you all reverse engineer commercial probes, and build the firmware to control them. I'm a firmware developer by trade, and I've done a fair share of reversing (see: "
                            },
                            {
                                "type": "link",
                                "url": "http:\/\/jcjc-dev.com",
                                "text": "jcjc-dev.com"
                            },
                            {
                                "type": "text",
                                "text": " ), so let me know if I can help you out with something "
                            },
                            {
                                "type": "emoji",
                                "name": "slightly_smiling_face"
                            }
                        ]
                    }
                ]
            }
        ]
    },
    {
        "client_msg_id": "3768f8bd-c4c6-4200-96a0-9fc7f18d0475",
        "type": "message",
        "text": "Hi <@UTV9739S6> :smiley: Think <@UTU33MKJ9> could be interested too.\nWe were discussing with <@URQAS7R8V> the possibility to get a USB-C linear probe and in a first time to reverse the communication protocol to get access to the raw images from the probe.",
        "user": "U5M5PLH9S",
        "ts": "1582309866.004100",
        "team": "T5M5PLH8U",
        "user_team": "T5M5PLH8U",
        "source_team": "T5M5PLH8U",
        "user_profile": {
            "avatar_hash": "e4fb6ae9f526",
            "image_72": "https:\/\/avatars.slack-edge.com\/2017-06-01\/191144530514_e4fb6ae9f526531fd41c_72.jpg",
            "first_name": "",
            "real_name": "kelu",
            "display_name": "",
            "team": "T5M5PLH8U",
            "name": "kelu",
            "is_restricted": false,
            "is_ultra_restricted": false
        },
        "blocks": [
            {
                "type": "rich_text",
                "block_id": "BML2o",
                "elements": [
                    {
                        "type": "rich_text_section",
                        "elements": [
                            {
                                "type": "text",
                                "text": "Hi "
                            },
                            {
                                "type": "user",
                                "user_id": "UTV9739S6"
                            },
                            {
                                "type": "text",
                                "text": " "
                            },
                            {
                                "type": "emoji",
                                "name": "smiley"
                            },
                            {
                                "type": "text",
                                "text": " Think "
                            },
                            {
                                "type": "user",
                                "user_id": "UTU33MKJ9"
                            },
                            {
                                "type": "text",
                                "text": " could be interested too.\nWe were discussing with "
                            },
                            {
                                "type": "user",
                                "user_id": "URQAS7R8V"
                            },
                            {
                                "type": "text",
                                "text": " the possibility to get a USB-C linear probe and in a first time to reverse the communication protocol to get access to the raw images from the probe."
                            }
                        ]
                    }
                ]
            }
        ]
    },
    {
        "type": "message",
        "subtype": "channel_join",
        "ts": "1582309923.004300",
        "user": "UTU33MKJ9",
        "text": "<@UTU33MKJ9> has joined the channel",
        "inviter": "U5M5PLH9S"
    },
    {
        "client_msg_id": "fda55dcc-813e-4b56-85ef-849f17a4ee87",
        "type": "message",
        "text": "yes! I also had that in mind. Big fan of that option. Since I'm not familiar with the sensor side of things, i don't know whether it would be worth our time to investigate older probes, and whether there's de-facto standards for the communication protocols.\nWould you say older probes will be cheaper to acquire, or has the sensor design &amp; manufacturing side of things evolved enough to have more modern probes for cheaper?",
        "user": "UTV9739S6",
        "ts": "1582314031.007000",
        "team": "T5M5PLH8U",
        "user_team": "T5M5PLH8U",
        "source_team": "T5M5PLH8U",
        "user_profile": {
            "avatar_hash": "g5d6dac181ac",
            "image_72": "https:\/\/secure.gravatar.com\/avatar\/5d6dac181ac37431ea4809f2bb6f7942.jpg?s=72&d=https%3A%2F%2Fa.slack-edge.com%2Fdf10d%2Fimg%2Favatars%2Fava_0002-72.png",
            "first_name": "",
            "real_name": "JC",
            "display_name": "JC",
            "team": "T5M5PLH8U",
            "name": "jcjc.dev",
            "is_restricted": false,
            "is_ultra_restricted": false
        },
        "edited": {
            "user": "UTV9739S6",
            "ts": "1582314332.000000"
        },
        "blocks": [
            {
                "type": "rich_text",
                "block_id": "3fTs",
                "elements": [
                    {
                        "type": "rich_text_section",
                        "elements": [
                            {
                                "type": "text",
                                "text": "yes! I also had that in mind. Big fan of that option. Since I'm not familiar with the sensor side of things, i don't know whether it would be worth our time to investigate older probes, and whether there's de-facto standards for the communication protocols.\nWould you say older probes will be cheaper to acquire, or has the sensor design & manufacturing side of things evolved enough to have more modern probes for cheaper?"
                            }
                        ]
                    }
                ]
            }
        ]
    },
    {
        "client_msg_id": "8ffef11e-81f6-4762-bbee-a8b9609216e3",
        "type": "message",
        "text": "I guess it would be more efficient, at large, to go for shenzen current linear probes. Most of them have custom-made hardware, and firmware, so I'm not sure of there would be standards.",
        "user": "U5M5PLH9S",
        "ts": "1582314493.008100",
        "team": "T5M5PLH8U",
        "user_team": "T5M5PLH8U",
        "source_team": "T5M5PLH8U",
        "user_profile": {
            "avatar_hash": "e4fb6ae9f526",
            "image_72": "https:\/\/avatars.slack-edge.com\/2017-06-01\/191144530514_e4fb6ae9f526531fd41c_72.jpg",
            "first_name": "",
            "real_name": "kelu",
            "display_name": "",
            "team": "T5M5PLH8U",
            "name": "kelu",
            "is_restricted": false,
            "is_ultra_restricted": false
        },
        "blocks": [
            {
                "type": "rich_text",
                "block_id": "aeu",
                "elements": [
                    {
                        "type": "rich_text_section",
                        "elements": [
                            {
                                "type": "text",
                                "text": "I guess it would be more efficient, at large, to go for shenzen current linear probes. Most of them have custom-made hardware, and firmware, so I'm not sure of there would be standards."
                            }
                        ]
                    }
                ]
            }
        ]
    },
    {
        "client_msg_id": "43a7b231-5598-4a37-be51-d6cb09f8574f",
        "type": "message",
        "text": "In terms of image quality, for medical use, and if you're not into close-to-metal RF torturing, these probes are sending out already assembled images.\nAnd the jackpot would be to have an unglued probe and work on its firmware :wink:",
        "user": "U5M5PLH9S",
        "ts": "1582314565.009400",
        "team": "T5M5PLH8U",
        "user_team": "T5M5PLH8U",
        "source_team": "T5M5PLH8U",
        "user_profile": {
            "avatar_hash": "e4fb6ae9f526",
            "image_72": "https:\/\/avatars.slack-edge.com\/2017-06-01\/191144530514_e4fb6ae9f526531fd41c_72.jpg",
            "first_name": "",
            "real_name": "kelu",
            "display_name": "",
            "team": "T5M5PLH8U",
            "name": "kelu",
            "is_restricted": false,
            "is_ultra_restricted": false
        },
        "blocks": [
            {
                "type": "rich_text",
                "block_id": "P\/kT",
                "elements": [
                    {
                        "type": "rich_text_section",
                        "elements": [
                            {
                                "type": "text",
                                "text": "In terms of image quality, for medical use, and if you're not into close-to-metal RF torturing, these probes are sending out already assembled images.\nAnd the jackpot would be to have an unglued probe and work on its firmware "
                            },
                            {
                                "type": "emoji",
                                "name": "wink"
                            }
                        ]
                    }
                ]
            }
        ]
    },
    {
        "client_msg_id": "5e32a90a-2852-4737-b2b3-dcae590c1643",
        "type": "message",
        "text": "While I agree with that, I'm a little worried about the device manufacturer modifying the image transmission protocol later to screw with our work. Possibly even obfuscating the images to maintain their users in their ecosystem",
        "user": "UTV9739S6",
        "ts": "1582314847.010700",
        "team": "T5M5PLH8U",
        "user_team": "T5M5PLH8U",
        "source_team": "T5M5PLH8U",
        "user_profile": {
            "avatar_hash": "g5d6dac181ac",
            "image_72": "https:\/\/secure.gravatar.com\/avatar\/5d6dac181ac37431ea4809f2bb6f7942.jpg?s=72&d=https%3A%2F%2Fa.slack-edge.com%2Fdf10d%2Fimg%2Favatars%2Fava_0002-72.png",
            "first_name": "",
            "real_name": "JC",
            "display_name": "JC",
            "team": "T5M5PLH8U",
            "name": "jcjc.dev",
            "is_restricted": false,
            "is_ultra_restricted": false
        },
        "blocks": [
            {
                "type": "rich_text",
                "block_id": "=nv",
                "elements": [
                    {
                        "type": "rich_text_section",
                        "elements": [
                            {
                                "type": "text",
                                "text": "While I agree with that, I'm a little worried about the device manufacturer modifying the image transmission protocol later to screw with our work. Possibly even obfuscating the images to maintain their users in their ecosystem"
                            }
                        ]
                    }
                ]
            }
        ]
    },
    {
        "client_msg_id": "6d23a284-2e0b-4233-b0f1-68b4af3e043b",
        "type": "message",
        "text": "That's Shenzen, unsure if they care..",
        "user": "U5M5PLH9S",
        "ts": "1582314864.011500",
        "team": "T5M5PLH8U",
        "user_team": "T5M5PLH8U",
        "source_team": "T5M5PLH8U",
        "user_profile": {
            "avatar_hash": "e4fb6ae9f526",
            "image_72": "https:\/\/avatars.slack-edge.com\/2017-06-01\/191144530514_e4fb6ae9f526531fd41c_72.jpg",
            "first_name": "",
            "real_name": "kelu",
            "display_name": "",
            "team": "T5M5PLH8U",
            "name": "kelu",
            "is_restricted": false,
            "is_ultra_restricted": false
        },
        "blocks": [
            {
                "type": "rich_text",
                "block_id": "I7p",
                "elements": [
                    {
                        "type": "rich_text_section",
                        "elements": [
                            {
                                "type": "text",
                                "text": "That's Shenzen, unsure if they care.."
                            }
                        ]
                    }
                ]
            }
        ]
    },
    {
        "client_msg_id": "cd23a773-de46-4ae6-aa5d-40dfeec34160",
        "type": "message",
        "text": "Plus, if they have a OS-friedly user-friendly lib, that's an asset for them to sell more. Because my guess is that they're into selling hardware, not software and the need to provide SW support to their users.",
        "user": "U5M5PLH9S",
        "ts": "1582314906.012500",
        "team": "T5M5PLH8U",
        "user_team": "T5M5PLH8U",
        "source_team": "T5M5PLH8U",
        "user_profile": {
            "avatar_hash": "e4fb6ae9f526",
            "image_72": "https:\/\/avatars.slack-edge.com\/2017-06-01\/191144530514_e4fb6ae9f526531fd41c_72.jpg",
            "first_name": "",
            "real_name": "kelu",
            "display_name": "",
            "team": "T5M5PLH8U",
            "name": "kelu",
            "is_restricted": false,
            "is_ultra_restricted": false
        },
        "blocks": [
            {
                "type": "rich_text",
                "block_id": "Ob7Q",
                "elements": [
                    {
                        "type": "rich_text_section",
                        "elements": [
                            {
                                "type": "text",
                                "text": "Plus, if they have a OS-friedly user-friendly lib, that's an asset for them to sell more. Because my guess is that they're into selling hardware, not software and the need to provide SW support to their users."
                            }
                        ]
                    }
                ]
            }
        ]
    },
    {
        "client_msg_id": "18bd38ad-3588-4820-a978-b7b210ac4121",
        "type": "message",
        "text": "fair enough, I definitely agree it's a great step forward",
        "user": "UTV9739S6",
        "ts": "1582315018.013600",
        "team": "T5M5PLH8U",
        "user_team": "T5M5PLH8U",
        "source_team": "T5M5PLH8U",
        "user_profile": {
            "avatar_hash": "g5d6dac181ac",
            "image_72": "https:\/\/secure.gravatar.com\/avatar\/5d6dac181ac37431ea4809f2bb6f7942.jpg?s=72&d=https%3A%2F%2Fa.slack-edge.com%2Fdf10d%2Fimg%2Favatars%2Fava_0002-72.png",
            "first_name": "",
            "real_name": "JC",
            "display_name": "JC",
            "team": "T5M5PLH8U",
            "name": "jcjc.dev",
            "is_restricted": false,
            "is_ultra_restricted": false
        },
        "blocks": [
            {
                "type": "rich_text",
                "block_id": "tvljz",
                "elements": [
                    {
                        "type": "rich_text_section",
                        "elements": [
                            {
                                "type": "text",
                                "text": "fair enough, I definitely agree it's a great step forward"
                            }
                        ]
                    }
                ]
            }
        ]
    },
    {
        "client_msg_id": "592d293c-1aa9-465d-a3e3-504769a97602",
        "type": "message",
        "text": "I'm not as hopeful about the manufacturer taking it in good stride, though. As much as I understand the usefulness of opening your hardware to the OS community, most companies seem to have a hard time grasping it and learning how to work in that environment",
        "user": "UTV9739S6",
        "ts": "1582315138.015700",
        "team": "T5M5PLH8U",
        "user_team": "T5M5PLH8U",
        "source_team": "T5M5PLH8U",
        "user_profile": {
            "avatar_hash": "g5d6dac181ac",
            "image_72": "https:\/\/secure.gravatar.com\/avatar\/5d6dac181ac37431ea4809f2bb6f7942.jpg?s=72&d=https%3A%2F%2Fa.slack-edge.com%2Fdf10d%2Fimg%2Favatars%2Fava_0002-72.png",
            "first_name": "",
            "real_name": "JC",
            "display_name": "JC",
            "team": "T5M5PLH8U",
            "name": "jcjc.dev",
            "is_restricted": false,
            "is_ultra_restricted": false
        },
        "blocks": [
            {
                "type": "rich_text",
                "block_id": "qsyn",
                "elements": [
                    {
                        "type": "rich_text_section",
                        "elements": [
                            {
                                "type": "text",
                                "text": "I'm not as hopeful about the manufacturer taking it in good stride, though. As much as I understand the usefulness of opening your hardware to the OS community, most companies seem to have a hard time grasping it and learning how to work in that environment"
                            }
                        ]
                    }
                ]
            }
        ]
    },
    {
        "client_msg_id": "1b792c39-0c16-4f79-a40f-1efe05dea90d",
        "type": "message",
        "text": "but whatever, we can get started and see how they react later on",
        "user": "UTV9739S6",
        "ts": "1582315155.016100",
        "team": "T5M5PLH8U",
        "user_team": "T5M5PLH8U",
        "source_team": "T5M5PLH8U",
        "user_profile": {
            "avatar_hash": "g5d6dac181ac",
            "image_72": "https:\/\/secure.gravatar.com\/avatar\/5d6dac181ac37431ea4809f2bb6f7942.jpg?s=72&d=https%3A%2F%2Fa.slack-edge.com%2Fdf10d%2Fimg%2Favatars%2Fava_0002-72.png",
            "first_name": "",
            "real_name": "JC",
            "display_name": "JC",
            "team": "T5M5PLH8U",
            "name": "jcjc.dev",
            "is_restricted": false,
            "is_ultra_restricted": false
        },
        "blocks": [
            {
                "type": "rich_text",
                "block_id": "MPma3",
                "elements": [
                    {
                        "type": "rich_text_section",
                        "elements": [
                            {
                                "type": "text",
                                "text": "but whatever, we can get started and see how they react later on"
                            }
                        ]
                    }
                ]
            }
        ]
    },
    {
        "client_msg_id": "01ea93f6-05ef-4bc7-a50f-93ae01110519",
        "type": "message",
        "text": "it definitely sounds like the simplest option for us, so I'm happy to help :slightly_smiling_face:",
        "user": "UTV9739S6",
        "ts": "1582315228.016700",
        "team": "T5M5PLH8U",
        "user_team": "T5M5PLH8U",
        "source_team": "T5M5PLH8U",
        "user_profile": {
            "avatar_hash": "g5d6dac181ac",
            "image_72": "https:\/\/secure.gravatar.com\/avatar\/5d6dac181ac37431ea4809f2bb6f7942.jpg?s=72&d=https%3A%2F%2Fa.slack-edge.com%2Fdf10d%2Fimg%2Favatars%2Fava_0002-72.png",
            "first_name": "",
            "real_name": "JC",
            "display_name": "JC",
            "team": "T5M5PLH8U",
            "name": "jcjc.dev",
            "is_restricted": false,
            "is_ultra_restricted": false
        },
        "blocks": [
            {
                "type": "rich_text",
                "block_id": "JyAng",
                "elements": [
                    {
                        "type": "rich_text_section",
                        "elements": [
                            {
                                "type": "text",
                                "text": "it definitely sounds like the simplest option for us, so I'm happy to help "
                            },
                            {
                                "type": "emoji",
                                "name": "slightly_smiling_face"
                            }
                        ]
                    }
                ]
            }
        ]
    },
    {
        "client_msg_id": "cb22b949-90a5-419d-86b0-a30f892ecaad",
        "type": "message",
        "text": "Hey <@UTV9739S6>! Welcome to the channel,\nI have been in contacting several companies through Alibaba, to acquire some piezo transducer. <https:\/\/qxultrasonic.en.alibaba.com\/?spm=a2700.12243863.0.0.30663e5fLfpt6A>\nWe haven't focus that much now on probes, because there a bit expensive, for our purpose.\n<https:\/\/www.alibaba.com\/trade\/search?fsb=y&amp;IndexArea=product_en&amp;CatId=&amp;SearchText=probe+ultrasound>",
        "user": "URQAS7R8V",
        "ts": "1582318656.019200",
        "team": "T5M5PLH8U",
        "user_team": "T5M5PLH8U",
        "source_team": "T5M5PLH8U",
        "user_profile": {
            "avatar_hash": "gce0918c31f8",
            "image_72": "https:\/\/secure.gravatar.com\/avatar\/ce0918c31f884c0041b2e3674a9e477b.jpg?s=72&d=https%3A%2F%2Fa.slack-edge.com%2Fdf10d%2Fimg%2Favatars%2Fava_0024-72.png",
            "first_name": "",
            "real_name": "Rodrigo Savage",
            "display_name": "Rodrigo Savage",
            "team": "T5M5PLH8U",
            "name": "savage",
            "is_restricted": false,
            "is_ultra_restricted": false
        },
        "attachments": [
            {
                "service_name": "Alibaba.com",
                "title": "Beijing Quanxin Ultrasonic Co., Ltd. - Ultrasonic Transducer, Ultrasonic Generator",
                "title_link": "https:\/\/qxultrasonic.en.alibaba.com\/?spm=a2700.12243863.0.0.30663e5fLfpt6A",
                "text": "Beijing Quanxin Ultrasonic Co., Ltd., Experts in Manufacturing and Exporting Ultrasonic Transducer, Ultrasonic Generator and 1111 more Products. A Verified CN Gold Supplier on <http:\/\/Alibaba.com|Alibaba.com>.",
                "fallback": "Alibaba.com: Beijing Quanxin Ultrasonic Co., Ltd. - Ultrasonic Transducer, Ultrasonic Generator",
                "image_url": "https:\/\/sc02.alicdn.com\/kf\/H01a076f1a4c0461f9240e406137b47e77.jpg",
                "from_url": "https:\/\/qxultrasonic.en.alibaba.com\/?spm=a2700.12243863.0.0.30663e5fLfpt6A",
                "image_width": 250,
                "image_height": 250,
                "image_bytes": 44511,
                "service_icon": "http:\/\/is.alicdn.com\/simg\/single\/icon\/favicon.ico",
                "id": 1,
                "original_url": "https:\/\/qxultrasonic.en.alibaba.com\/?spm=a2700.12243863.0.0.30663e5fLfpt6A"
            },
            {
                "title": "Probe Ultrasound-Probe Ultrasound Manufacturers, Suppliers and Exporters on Alibaba.comMedical Ultrasound Instruments",
                "title_link": "https:\/\/www.alibaba.com\/trade\/search?fsb=y&IndexArea=product_en&CatId=&SearchText=probe+ultrasound",
                "text": "Probe Ultrasound Manufacturers &amp; Probe Ultrasound Suppliers Directory - Find a Probe Ultrasound Manufacturer and Supplier. Choose Quality Probe Ultrasound Manufacturers, Suppliers, Exporters at Alibaba.com.Medical Ultrasound Instruments",
                "fallback": "Probe Ultrasound-Probe Ultrasound Manufacturers, Suppliers and Exporters on Alibaba.comMedical Ultrasound Instruments",
                "from_url": "https:\/\/www.alibaba.com\/trade\/search?fsb=y&IndexArea=product_en&CatId=&SearchText=probe+ultrasound",
                "service_icon": "http:\/\/is.alicdn.com\/favicon.ico",
                "service_name": "alibaba.com",
                "id": 2,
                "original_url": "https:\/\/www.alibaba.com\/trade\/search?fsb=y&amp;IndexArea=product_en&amp;CatId=&amp;SearchText=probe+ultrasound"
            }
        ],
        "blocks": [
            {
                "type": "rich_text",
                "block_id": "vwojV",
                "elements": [
                    {
                        "type": "rich_text_section",
                        "elements": [
                            {
                                "type": "text",
                                "text": "Hey "
                            },
                            {
                                "type": "user",
                                "user_id": "UTV9739S6"
                            },
                            {
                                "type": "text",
                                "text": "! Welcome to the channel,\nI have been in contacting several companies through Alibaba, to acquire some piezo transducer. "
                            },
                            {
                                "type": "link",
                                "url": "https:\/\/qxultrasonic.en.alibaba.com\/?spm=a2700.12243863.0.0.30663e5fLfpt6A"
                            },
                            {
                                "type": "text",
                                "text": "\nWe haven't focus that much now on probes, because there a bit expensive, for our purpose.\n"
                            },
                            {
                                "type": "link",
                                "url": "https:\/\/www.alibaba.com\/trade\/search?fsb=y&IndexArea=product_en&CatId=&SearchText=probe+ultrasound"
                            }
                        ]
                    }
                ]
            }
        ]
    },
    {
        "client_msg_id": "c80fc8b4-0b03-443f-b4a6-06a8a2105f13",
        "type": "message",
        "text": "but if you manage to find a well suited usb c  probe, we could also purchase it and reverse engineer it together",
        "user": "URQAS7R8V",
        "ts": "1582318774.020600",
        "team": "T5M5PLH8U",
        "user_team": "T5M5PLH8U",
        "source_team": "T5M5PLH8U",
        "user_profile": {
            "avatar_hash": "gce0918c31f8",
            "image_72": "https:\/\/secure.gravatar.com\/avatar\/ce0918c31f884c0041b2e3674a9e477b.jpg?s=72&d=https%3A%2F%2Fa.slack-edge.com%2Fdf10d%2Fimg%2Favatars%2Fava_0024-72.png",
            "first_name": "",
            "real_name": "Rodrigo Savage",
            "display_name": "Rodrigo Savage",
            "team": "T5M5PLH8U",
            "name": "savage",
            "is_restricted": false,
            "is_ultra_restricted": false
        },
        "blocks": [
            {
                "type": "rich_text",
                "block_id": "EEnV",
                "elements": [
                    {
                        "type": "rich_text_section",
                        "elements": [
                            {
                                "type": "text",
                                "text": "but if you manage to find a well suited usb c  probe, we could also purchase it and reverse engineer it together"
                            }
                        ]
                    }
                ]
            }
        ],
        "reactions": [
            {
                "name": "+1",
                "users": [
                    "U5M5PLH9S",
                    "UTV9739S6"
                ],
                "count": 2
            }
        ]
    },
    {
        "client_msg_id": "aee1b622-3129-410a-b1ea-ee9c335f3b93",
        "type": "message",
        "text": "These ones were too expensive ? <https:\/\/usdevkit.slack.com\/archives\/CRPSP8T4L\/p1576524994000100|https:\/\/usdevkit.slack.com\/archives\/CRPSP8T4L\/p1576524994000100>",
        "user": "U5M5PLH9S",
        "ts": "1582319072.021200",
        "team": "T5M5PLH8U",
        "user_team": "T5M5PLH8U",
        "source_team": "T5M5PLH8U",
        "user_profile": {
            "avatar_hash": "e4fb6ae9f526",
            "image_72": "https:\/\/avatars.slack-edge.com\/2017-06-01\/191144530514_e4fb6ae9f526531fd41c_72.jpg",
            "first_name": "",
            "real_name": "kelu",
            "display_name": "",
            "team": "T5M5PLH8U",
            "name": "kelu",
            "is_restricted": false,
            "is_ultra_restricted": false
        },
        "attachments": [
            {
                "from_url": "https:\/\/usdevkit.slack.com\/archives\/CRPSP8T4L\/p1576524994000100",
                "fallback": "[December 16th, 2019 11:36 AM] kelu: Some (wired) probes I found also, from 830USD to 900USD for linear <@URQAS7R8V> <@URQAL47MW>",
                "ts": "1576524994.000100",
                "author_id": "U5M5PLH9S",
                "author_subname": "kelu",
                "channel_id": "CRPSP8T4L",
                "channel_name": "prosthesis-transducer",
                "is_msg_unfurl": true,
                "text": "Some (wired) probes I found also, from 830USD to 900USD for linear <@URQAS7R8V> <@URQAL47MW>",
                "author_name": "kelu",
                "author_link": "https:\/\/usdevkit.slack.com\/team\/U5M5PLH9S",
                "author_icon": "https:\/\/avatars.slack-edge.com\/2017-06-01\/191144530514_e4fb6ae9f526531fd41c_48.jpg",
                "mrkdwn_in": [
                    "text"
                ],
                "files": [
                    {
                        "id": "FRFEY418R",
                        "created": 1576524993,
                        "timestamp": 1576524993,
                        "name": "830dol_linear.pdf",
                        "title": "830dol_linear.pdf",
                        "mimetype": "application\/pdf",
                        "filetype": "pdf",
                        "pretty_type": "PDF",
                        "user": "U5M5PLH9S",
                        "editable": false,
                        "size": 3486237,
                        "mode": "hosted",
                        "is_external": false,
                        "external_type": "",
                        "is_public": true,
                        "public_url_shared": false,
                        "display_as_bot": false,
                        "username": "",
                        "url_private": "https:\/\/files.slack.com\/files-pri\/T5M5PLH8U-FRFEY418R\/830dol_linear.pdf",
                        "url_private_download": "https:\/\/files.slack.com\/files-pri\/T5M5PLH8U-FRFEY418R\/download\/830dol_linear.pdf",
                        "thumb_pdf": "https:\/\/files.slack.com\/files-tmb\/T5M5PLH8U-FRFEY418R-2bf3d2365a\/830dol_linear_thumb_pdf.png",
                        "thumb_pdf_w": 1234,
                        "thumb_pdf_h": 909,
                        "permalink": "https:\/\/usdevkit.slack.com\/files\/U5M5PLH9S\/FRFEY418R\/830dol_linear.pdf",
                        "permalink_public": "https:\/\/slack-files.com\/T5M5PLH8U-FRFEY418R-5768e9cae0",
                        "has_rich_preview": false
                    },
                    {
                        "id": "FRR97N6J0",
                        "created": 1576524993,
                        "timestamp": 1576524993,
                        "name": "900dol_linear.jpg",
                        "title": "900dol_linear.jpg",
                        "mimetype": "image\/jpeg",
                        "filetype": "jpg",
                        "pretty_type": "JPEG",
                        "user": "U5M5PLH9S",
                        "editable": false,
                        "size": 510766,
                        "mode": "hosted",
                        "is_external": false,
                        "external_type": "",
                        "is_public": true,
                        "public_url_shared": false,
                        "display_as_bot": false,
                        "username": "",
                        "url_private": "https:\/\/files.slack.com\/files-pri\/T5M5PLH8U-FRR97N6J0\/900dol_linear.jpg",
                        "url_private_download": "https:\/\/files.slack.com\/files-pri\/T5M5PLH8U-FRR97N6J0\/download\/900dol_linear.jpg",
                        "thumb_64": "https:\/\/files.slack.com\/files-tmb\/T5M5PLH8U-FRR97N6J0-87317f1bdd\/900dol_linear_64.jpg",
                        "thumb_80": "https:\/\/files.slack.com\/files-tmb\/T5M5PLH8U-FRR97N6J0-87317f1bdd\/900dol_linear_80.jpg",
                        "thumb_360": "https:\/\/files.slack.com\/files-tmb\/T5M5PLH8U-FRR97N6J0-87317f1bdd\/900dol_linear_360.jpg",
                        "thumb_360_w": 360,
                        "thumb_360_h": 293,
                        "thumb_480": "https:\/\/files.slack.com\/files-tmb\/T5M5PLH8U-FRR97N6J0-87317f1bdd\/900dol_linear_480.jpg",
                        "thumb_480_w": 480,
                        "thumb_480_h": 391,
                        "thumb_160": "https:\/\/files.slack.com\/files-tmb\/T5M5PLH8U-FRR97N6J0-87317f1bdd\/900dol_linear_160.jpg",
                        "thumb_720": "https:\/\/files.slack.com\/files-tmb\/T5M5PLH8U-FRR97N6J0-87317f1bdd\/900dol_linear_720.jpg",
                        "thumb_720_w": 720,
                        "thumb_720_h": 587,
                        "thumb_800": "https:\/\/files.slack.com\/files-tmb\/T5M5PLH8U-FRR97N6J0-87317f1bdd\/900dol_linear_800.jpg",
                        "thumb_800_w": 800,
                        "thumb_800_h": 652,
                        "image_exif_rotation": 1,
                        "original_w": 800,
                        "original_h": 652,
                        "thumb_tiny": "AwAnADC\/93gKwpdxHZvyFNdZDKCvQe9Oc84pAxJJBGPmJz6UxJ1c4yQaSQbzw2GAxyMimxwbG3yNnFPQWpNv+v6U4Me4b8qg8yIdZE\/MVMjA9Dn6UFDXjJ3HeRkdjTuwGars5a\/MTAFQuRx7U64AS2Z1Chh0z9aWorImGM55P4U2TPlNxjPQVHbqHhjZ1Xcw5polZrx4DjYBkDH0poGUDYyLncQAO+K0bY8Z9T\/So7uNUt96jnPck1PbqFjXAA3KCfrTAcy\/OWVBux97vS7cx4ZQ3safRUgRqrAqAoVR2oZMSFlQbv73rUlFFgIym6La6hvahQwI4wAKkoosB\/\/Z",
                        "permalink": "https:\/\/usdevkit.slack.com\/files\/U5M5PLH9S\/FRR97N6J0\/900dol_linear.jpg",
                        "permalink_public": "https:\/\/slack-files.com\/T5M5PLH8U-FRR97N6J0-abaf0ebf9b",
                        "has_rich_preview": false
                    },
                    {
                        "id": "FRRNY2PBP",
                        "created": 1576524993,
                        "timestamp": 1576524993,
                        "name": "900dol_linear.pdf",
                        "title": "900dol_linear.pdf",
                        "mimetype": "application\/pdf",
                        "filetype": "pdf",
                        "pretty_type": "PDF",
                        "user": "U5M5PLH9S",
                        "editable": false,
                        "size": 121085,
                        "mode": "hosted",
                        "is_external": false,
                        "external_type": "",
                        "is_public": true,
                        "public_url_shared": false,
                        "display_as_bot": false,
                        "username": "",
                        "url_private": "https:\/\/files.slack.com\/files-pri\/T5M5PLH8U-FRRNY2PBP\/900dol_linear.pdf",
                        "url_private_download": "https:\/\/files.slack.com\/files-pri\/T5M5PLH8U-FRRNY2PBP\/download\/900dol_linear.pdf",
                        "thumb_pdf": "https:\/\/files.slack.com\/files-tmb\/T5M5PLH8U-FRRNY2PBP-9102713d58\/900dol_linear_thumb_pdf.png",
                        "thumb_pdf_w": 909,
                        "thumb_pdf_h": 1286,
                        "permalink": "https:\/\/usdevkit.slack.com\/files\/U5M5PLH9S\/FRRNY2PBP\/900dol_linear.pdf",
                        "permalink_public": "https:\/\/slack-files.com\/T5M5PLH8U-FRRNY2PBP-822813e9c4",
                        "has_rich_preview": false
                    }
                ],
                "id": 1,
                "original_url": "https:\/\/usdevkit.slack.com\/archives\/CRPSP8T4L\/p1576524994000100",
                "footer": "Posted in #prosthesis-transducer"
            }
        ],
        "blocks": [
            {
                "type": "rich_text",
                "block_id": "atRM",
                "elements": [
                    {
                        "type": "rich_text_section",
                        "elements": [
                            {
                                "type": "text",
                                "text": "These ones were too expensive ? "
                            },
                            {
                                "type": "link",
                                "url": "https:\/\/usdevkit.slack.com\/archives\/CRPSP8T4L\/p1576524994000100",
                                "text": "https:\/\/usdevkit.slack.com\/archives\/CRPSP8T4L\/p1576524994000100"
                            }
                        ]
                    }
                ]
            }
        ]
    },
    {
        "client_msg_id": "4da2298a-8e48-4773-91e5-2c687d983bc8",
        "type": "message",
        "text": "That sounds great, Rodrigo",
        "user": "UTV9739S6",
        "ts": "1582319147.022100",
        "team": "T5M5PLH8U",
        "user_team": "T5M5PLH8U",
        "source_team": "T5M5PLH8U",
        "user_profile": {
            "avatar_hash": "g5d6dac181ac",
            "image_72": "https:\/\/secure.gravatar.com\/avatar\/5d6dac181ac37431ea4809f2bb6f7942.jpg?s=72&d=https%3A%2F%2Fa.slack-edge.com%2Fdf10d%2Fimg%2Favatars%2Fava_0002-72.png",
            "first_name": "",
            "real_name": "JC",
            "display_name": "JC",
            "team": "T5M5PLH8U",
            "name": "jcjc.dev",
            "is_restricted": false,
            "is_ultra_restricted": false
        },
        "blocks": [
            {
                "type": "rich_text",
                "block_id": "uTiX",
                "elements": [
                    {
                        "type": "rich_text_section",
                        "elements": [
                            {
                                "type": "text",
                                "text": "That sounds great, Rodrigo"
                            }
                        ]
                    }
                ]
            }
        ]
    },
    {
        "client_msg_id": "6158f581-8e8f-477b-acd3-138ac0bcb9ea",
        "type": "message",
        "text": "Have you run across any SDKs provided by the piezo transducer manufacturers?",
        "user": "UTV9739S6",
        "ts": "1582319170.022800",
        "team": "T5M5PLH8U",
        "user_team": "T5M5PLH8U",
        "source_team": "T5M5PLH8U",
        "user_profile": {
            "avatar_hash": "g5d6dac181ac",
            "image_72": "https:\/\/secure.gravatar.com\/avatar\/5d6dac181ac37431ea4809f2bb6f7942.jpg?s=72&d=https%3A%2F%2Fa.slack-edge.com%2Fdf10d%2Fimg%2Favatars%2Fava_0002-72.png",
            "first_name": "",
            "real_name": "JC",
            "display_name": "JC",
            "team": "T5M5PLH8U",
            "name": "jcjc.dev",
            "is_restricted": false,
            "is_ultra_restricted": false
        },
        "edited": {
            "user": "UTV9739S6",
            "ts": "1582319221.000000"
        },
        "blocks": [
            {
                "type": "rich_text",
                "block_id": "YH0",
                "elements": [
                    {
                        "type": "rich_text_section",
                        "elements": [
                            {
                                "type": "text",
                                "text": "Have you run across any SDKs provided by the piezo transducer manufacturers?"
                            }
                        ]
                    }
                ]
            }
        ]
    },
    {
        "client_msg_id": "2f103499-5584-45e1-a2d3-265c167ec36f",
        "type": "message",
        "text": "Or does the probe manufacturer generally build the full software stack? (seems odd)",
        "user": "UTV9739S6",
        "ts": "1582319191.023300",
        "team": "T5M5PLH8U",
        "user_team": "T5M5PLH8U",
        "source_team": "T5M5PLH8U",
        "user_profile": {
            "avatar_hash": "g5d6dac181ac",
            "image_72": "https:\/\/secure.gravatar.com\/avatar\/5d6dac181ac37431ea4809f2bb6f7942.jpg?s=72&d=https%3A%2F%2Fa.slack-edge.com%2Fdf10d%2Fimg%2Favatars%2Fava_0002-72.png",
            "first_name": "",
            "real_name": "JC",
            "display_name": "JC",
            "team": "T5M5PLH8U",
            "name": "jcjc.dev",
            "is_restricted": false,
            "is_ultra_restricted": false
        },
        "blocks": [
            {
                "type": "rich_text",
                "block_id": "6zX",
                "elements": [
                    {
                        "type": "rich_text_section",
                        "elements": [
                            {
                                "type": "text",
                                "text": "Or does the probe manufacturer generally build the full software stack? (seems odd)"
                            }
                        ]
                    }
                ]
            }
        ]
    },
    {
        "client_msg_id": "c809c008-bf60-40f4-901b-85b2b0923b0a",
        "type": "message",
        "text": "We will probably purchase one of those linear probes, more so to do the machine learning part for detecting muscle movements of the forearm, and then move to a simpler and cheaper probe with way less transducers.",
        "user": "URQAS7R8V",
        "ts": "1582320547.025400",
        "team": "T5M5PLH8U",
        "user_team": "T5M5PLH8U",
        "source_team": "T5M5PLH8U",
        "user_profile": {
            "avatar_hash": "gce0918c31f8",
            "image_72": "https:\/\/secure.gravatar.com\/avatar\/ce0918c31f884c0041b2e3674a9e477b.jpg?s=72&d=https%3A%2F%2Fa.slack-edge.com%2Fdf10d%2Fimg%2Favatars%2Fava_0024-72.png",
            "first_name": "",
            "real_name": "Rodrigo Savage",
            "display_name": "Rodrigo Savage",
            "team": "T5M5PLH8U",
            "name": "savage",
            "is_restricted": false,
            "is_ultra_restricted": false
        },
        "blocks": [
            {
                "type": "rich_text",
                "block_id": "ZBIu",
                "elements": [
                    {
                        "type": "rich_text_section",
                        "elements": [
                            {
                                "type": "text",
                                "text": "We will probably purchase one of those linear probes, more so to do the machine learning part for detecting muscle movements of the forearm, and then move to a simpler and cheaper probe with way less transducers."
                            }
                        ]
                    }
                ]
            }
        ]
    },
    {
        "client_msg_id": "cf6a793c-efe6-4fc7-ae87-2f3fc4ef61dc",
        "type": "message",
        "text": "<@UTV9739S6>, do you wnat to reverse engineer one of those transducers proposed by Kelu?",
        "user": "URQAS7R8V",
        "ts": "1582320586.026200",
        "team": "T5M5PLH8U",
        "user_team": "T5M5PLH8U",
        "source_team": "T5M5PLH8U",
        "user_profile": {
            "avatar_hash": "gce0918c31f8",
            "image_72": "https:\/\/secure.gravatar.com\/avatar\/ce0918c31f884c0041b2e3674a9e477b.jpg?s=72&d=https%3A%2F%2Fa.slack-edge.com%2Fdf10d%2Fimg%2Favatars%2Fava_0024-72.png",
            "first_name": "",
            "real_name": "Rodrigo Savage",
            "display_name": "Rodrigo Savage",
            "team": "T5M5PLH8U",
            "name": "savage",
            "is_restricted": false,
            "is_ultra_restricted": false
        },
        "blocks": [
            {
                "type": "rich_text",
                "block_id": "W+\/",
                "elements": [
                    {
                        "type": "rich_text_section",
                        "elements": [
                            {
                                "type": "user",
                                "user_id": "UTV9739S6"
                            },
                            {
                                "type": "text",
                                "text": ", do you wnat to reverse engineer one of those transducers proposed by Kelu?"
                            }
                        ]
                    }
                ]
            }
        ]
    },
    {
        "client_msg_id": "f4c0b983-5b37-42ae-b256-b5cb81662e1a",
        "type": "message",
        "text": "I think those are very attractive options, but (considering this is still a side project for me), I probably wouldn't reverse their hardware. At least not super extensively",
        "user": "UTV9739S6",
        "ts": "1582320691.027500",
        "team": "T5M5PLH8U",
        "user_team": "T5M5PLH8U",
        "source_team": "T5M5PLH8U",
        "user_profile": {
            "avatar_hash": "g5d6dac181ac",
            "image_72": "https:\/\/secure.gravatar.com\/avatar\/5d6dac181ac37431ea4809f2bb6f7942.jpg?s=72&d=https%3A%2F%2Fa.slack-edge.com%2Fdf10d%2Fimg%2Favatars%2Fava_0002-72.png",
            "first_name": "",
            "real_name": "JC",
            "display_name": "JC",
            "team": "T5M5PLH8U",
            "name": "jcjc.dev",
            "is_restricted": false,
            "is_ultra_restricted": false
        },
        "blocks": [
            {
                "type": "rich_text",
                "block_id": "+y0mP",
                "elements": [
                    {
                        "type": "rich_text_section",
                        "elements": [
                            {
                                "type": "text",
                                "text": "I think those are very attractive options, but (considering this is still a side project for me), I probably wouldn't reverse their hardware. At least not super extensively"
                            }
                        ]
                    }
                ]
            }
        ]
    },
    {
        "client_msg_id": "6f03662e-03cc-4487-b4b6-03720a318845",
        "type": "message",
        "text": "those are great options to reverse the USB protocol used for image transmission. Still, before buying them, I'd probably start by taking a look at the mobile\/PC apps. Those may shed some light on the software used for image transmission (encryption? stream of images? video stream? raw data stream?)",
        "user": "UTV9739S6",
        "ts": "1582320816.029800",
        "team": "T5M5PLH8U",
        "user_team": "T5M5PLH8U",
        "source_team": "T5M5PLH8U",
        "user_profile": {
            "avatar_hash": "g5d6dac181ac",
            "image_72": "https:\/\/secure.gravatar.com\/avatar\/5d6dac181ac37431ea4809f2bb6f7942.jpg?s=72&d=https%3A%2F%2Fa.slack-edge.com%2Fdf10d%2Fimg%2Favatars%2Fava_0002-72.png",
            "first_name": "",
            "real_name": "JC",
            "display_name": "JC",
            "team": "T5M5PLH8U",
            "name": "jcjc.dev",
            "is_restricted": false,
            "is_ultra_restricted": false
        },
        "blocks": [
            {
                "type": "rich_text",
                "block_id": "rgf6",
                "elements": [
                    {
                        "type": "rich_text_section",
                        "elements": [
                            {
                                "type": "text",
                                "text": "those are great options to reverse the USB protocol used for image transmission. Still, before buying them, I'd probably start by taking a look at the mobile\/PC apps. Those may shed some light on the software used for image transmission (encryption? stream of images? video stream? raw data stream?)"
                            }
                        ]
                    }
                ]
            }
        ],
        "reactions": [
            {
                "name": "+1",
                "users": [
                    "U5M5PLH9S",
                    "URQAS7R8V"
                ],
                "count": 2
            }
        ]
    },
    {
        "client_msg_id": "b18ffd5c-bdff-4c38-9d0b-f1148d2addbe",
        "type": "message",
        "text": "any chance that you've already looked into that? Are the applications easily accessible?",
        "user": "UTV9739S6",
        "ts": "1582320872.030700",
        "team": "T5M5PLH8U",
        "user_team": "T5M5PLH8U",
        "source_team": "T5M5PLH8U",
        "user_profile": {
            "avatar_hash": "g5d6dac181ac",
            "image_72": "https:\/\/secure.gravatar.com\/avatar\/5d6dac181ac37431ea4809f2bb6f7942.jpg?s=72&d=https%3A%2F%2Fa.slack-edge.com%2Fdf10d%2Fimg%2Favatars%2Fava_0002-72.png",
            "first_name": "",
            "real_name": "JC",
            "display_name": "JC",
            "team": "T5M5PLH8U",
            "name": "jcjc.dev",
            "is_restricted": false,
            "is_ultra_restricted": false
        },
        "blocks": [
            {
                "type": "rich_text",
                "block_id": "7TP8W",
                "elements": [
                    {
                        "type": "rich_text_section",
                        "elements": [
                            {
                                "type": "text",
                                "text": "any chance that you've already looked into that? Are the applications easily accessible?"
                            }
                        ]
                    }
                ]
            }
        ]
    },
    {
        "client_msg_id": "59d748f8-a005-43bf-bb47-5a77d5e94135",
        "type": "message",
        "text": "oh wait, there's a communications diagram in one of those PDFs. I missed that.. Seems like the images are available over a web server from the device, so 100% an interesting probe",
        "user": "UTV9739S6",
        "ts": "1582320939.031400",
        "team": "T5M5PLH8U",
        "user_team": "T5M5PLH8U",
        "source_team": "T5M5PLH8U",
        "user_profile": {
            "avatar_hash": "g5d6dac181ac",
            "image_72": "https:\/\/secure.gravatar.com\/avatar\/5d6dac181ac37431ea4809f2bb6f7942.jpg?s=72&d=https%3A%2F%2Fa.slack-edge.com%2Fdf10d%2Fimg%2Favatars%2Fava_0002-72.png",
            "first_name": "",
            "real_name": "JC",
            "display_name": "JC",
            "team": "T5M5PLH8U",
            "name": "jcjc.dev",
            "is_restricted": false,
            "is_ultra_restricted": false
        },
        "blocks": [
            {
                "type": "rich_text",
                "block_id": "IK1",
                "elements": [
                    {
                        "type": "rich_text_section",
                        "elements": [
                            {
                                "type": "text",
                                "text": "oh wait, there's a communications diagram in one of those PDFs. I missed that.. Seems like the images are available over a web server from the device, so 100% an interesting probe"
                            }
                        ]
                    }
                ]
            }
        ]
    },
    {
        "client_msg_id": "f10f9d86-7b12-48e7-9de1-b325a2c4a5e4",
        "type": "message",
        "text": "we probably don't even need to reverse the probe or the app. Just the web interface",
        "user": "UTV9739S6",
        "ts": "1582320960.032000",
        "team": "T5M5PLH8U",
        "user_team": "T5M5PLH8U",
        "source_team": "T5M5PLH8U",
        "user_profile": {
            "avatar_hash": "g5d6dac181ac",
            "image_72": "https:\/\/secure.gravatar.com\/avatar\/5d6dac181ac37431ea4809f2bb6f7942.jpg?s=72&d=https%3A%2F%2Fa.slack-edge.com%2Fdf10d%2Fimg%2Favatars%2Fava_0002-72.png",
            "first_name": "",
            "real_name": "JC",
            "display_name": "JC",
            "team": "T5M5PLH8U",
            "name": "jcjc.dev",
            "is_restricted": false,
            "is_ultra_restricted": false
        },
        "blocks": [
            {
                "type": "rich_text",
                "block_id": "6Fn8Z",
                "elements": [
                    {
                        "type": "rich_text_section",
                        "elements": [
                            {
                                "type": "text",
                                "text": "we probably don't even need to reverse the probe or the app. Just the web interface"
                            }
                        ]
                    }
                ]
            }
        ],
        "thread_ts": "1582320960.032000",
        "reply_count": 3,
        "reply_users_count": 2,
        "latest_reply": "1582323261.035900",
        "reply_users": [
            "U5M5PLH9S",
            "UTV9739S6"
        ],
        "replies": [
            {
                "user": "U5M5PLH9S",
                "ts": "1582321837.034800"
            },
            {
                "user": "U5M5PLH9S",
                "ts": "1582321868.035000"
            },
            {
                "user": "UTV9739S6",
                "ts": "1582323261.035900"
            }
        ],
        "subscribed": true,
        "last_read": "1582323261.035900"
    },
    {
        "client_msg_id": "837e8792-7287-4e23-a433-63348a4830ee",
        "type": "message",
        "text": "what's your final goal here? Just get a probe to write your ML software? To build your own probes, as close to commercial ones as possible? Identify or re-use the software used to analyze the transducer's data, for your own hardware? something else?",
        "user": "UTV9739S6",
        "ts": "1582321143.033700",
        "team": "T5M5PLH8U",
        "user_team": "T5M5PLH8U",
        "source_team": "T5M5PLH8U",
        "user_profile": {
            "avatar_hash": "g5d6dac181ac",
            "image_72": "https:\/\/secure.gravatar.com\/avatar\/5d6dac181ac37431ea4809f2bb6f7942.jpg?s=72&d=https%3A%2F%2Fa.slack-edge.com%2Fdf10d%2Fimg%2Favatars%2Fava_0002-72.png",
            "first_name": "",
            "real_name": "JC",
            "display_name": "JC",
            "team": "T5M5PLH8U",
            "name": "jcjc.dev",
            "is_restricted": false,
            "is_ultra_restricted": false
        },
        "blocks": [
            {
                "type": "rich_text",
                "block_id": "Gr=JV",
                "elements": [
                    {
                        "type": "rich_text_section",
                        "elements": [
                            {
                                "type": "text",
                                "text": "what's your final goal here? Just get a probe to write your ML software? To build your own probes, as close to commercial ones as possible? Identify or re-use the software used to analyze the transducer's data, for your own hardware? something else?"
                            }
                        ]
                    }
                ]
            }
        ]
    },
    {
        "client_msg_id": "192bf518-11fa-4ea3-b6cc-0ebccae32332",
        "type": "message",
        "text": "From my end, to give user full control of probes - and let 'em do whatever they want ;)",
        "user": "U5M5PLH9S",
        "ts": "1582321756.034700",
        "team": "T5M5PLH8U",
        "user_team": "T5M5PLH8U",
        "source_team": "T5M5PLH8U",
        "user_profile": {
            "avatar_hash": "e4fb6ae9f526",
            "image_72": "https:\/\/avatars.slack-edge.com\/2017-06-01\/191144530514_e4fb6ae9f526531fd41c_72.jpg",
            "first_name": "",
            "real_name": "kelu",
            "display_name": "",
            "team": "T5M5PLH8U",
            "name": "kelu",
            "is_restricted": false,
            "is_ultra_restricted": false
        },
        "blocks": [
            {
                "type": "rich_text",
                "block_id": "WUO",
                "elements": [
                    {
                        "type": "rich_text_section",
                        "elements": [
                            {
                                "type": "text",
                                "text": "From my end, to give user full control of probes - and let 'em do whatever they want ;)"
                            }
                        ]
                    }
                ]
            }
        ],
        "reactions": [
            {
                "name": "heart",
                "users": [
                    "URQAS7R8V"
                ],
                "count": 1
            },
            {
                "name": "+1",
                "users": [
                    "UTV9739S6"
                ],
                "count": 1
            }
        ]
    },
    {
        "client_msg_id": "fc302555-6f5d-4eeb-a803-8e210a5fe163",
        "type": "message",
        "text": "Did that, seems I was missing packets. <https:\/\/github.com\/kelu124\/pyUProbe1|https:\/\/github.com\/kelu124\/pyUProbe1>",
        "user": "U5M5PLH9S",
        "ts": "1582321837.034800",
        "team": "T5M5PLH8U",
        "user_team": "T5M5PLH8U",
        "source_team": "T5M5PLH8U",
        "user_profile": {
            "avatar_hash": "e4fb6ae9f526",
            "image_72": "https:\/\/avatars.slack-edge.com\/2017-06-01\/191144530514_e4fb6ae9f526531fd41c_72.jpg",
            "first_name": "",
            "real_name": "kelu",
            "display_name": "",
            "team": "T5M5PLH8U",
            "name": "kelu",
            "is_restricted": false,
            "is_ultra_restricted": false
        },
        "blocks": [
            {
                "type": "rich_text",
                "block_id": "04KBc",
                "elements": [
                    {
                        "type": "rich_text_section",
                        "elements": [
                            {
                                "type": "text",
                                "text": "Did that, seems I was missing packets. "
                            },
                            {
                                "type": "link",
                                "url": "https:\/\/github.com\/kelu124\/pyUProbe1",
                                "text": "https:\/\/github.com\/kelu124\/pyUProbe1"
                            }
                        ]
                    }
                ]
            }
        ],
        "thread_ts": "1582320960.032000",
        "parent_user_id": "UTV9739S6"
    },
    {
        "client_msg_id": "d7e57be5-8a52-4b6e-aef0-108b5f22b08d",
        "type": "message",
        "text": "That's the reason for me to go wired. Reliability. And full picture of data exchanged.",
        "user": "U5M5PLH9S",
        "ts": "1582321868.035000",
        "team": "T5M5PLH8U",
        "user_team": "T5M5PLH8U",
        "source_team": "T5M5PLH8U",
        "user_profile": {
            "avatar_hash": "e4fb6ae9f526",
            "image_72": "https:\/\/avatars.slack-edge.com\/2017-06-01\/191144530514_e4fb6ae9f526531fd41c_72.jpg",
            "first_name": "",
            "real_name": "kelu",
            "display_name": "",
            "team": "T5M5PLH8U",
            "name": "kelu",
            "is_restricted": false,
            "is_ultra_restricted": false
        },
        "blocks": [
            {
                "type": "rich_text",
                "block_id": "tws8",
                "elements": [
                    {
                        "type": "rich_text_section",
                        "elements": [
                            {
                                "type": "text",
                                "text": "That's the reason for me to go wired. Reliability. And full picture of data exchanged."
                            }
                        ]
                    }
                ]
            }
        ],
        "thread_ts": "1582320960.032000",
        "parent_user_id": "UTV9739S6"
    },
    {
        "client_msg_id": "a0801e77-8cd0-434c-9174-efa38bec69c1",
        "type": "message",
        "text": "gotcha :thumbsup:  makes sense",
        "user": "UTV9739S6",
        "ts": "1582323261.035900",
        "team": "T5M5PLH8U",
        "user_team": "T5M5PLH8U",
        "source_team": "T5M5PLH8U",
        "user_profile": {
            "avatar_hash": "g5d6dac181ac",
            "image_72": "https:\/\/secure.gravatar.com\/avatar\/5d6dac181ac37431ea4809f2bb6f7942.jpg?s=72&d=https%3A%2F%2Fa.slack-edge.com%2Fdf10d%2Fimg%2Favatars%2Fava_0002-72.png",
            "first_name": "",
            "real_name": "JC",
            "display_name": "JC",
            "team": "T5M5PLH8U",
            "name": "jcjc.dev",
            "is_restricted": false,
            "is_ultra_restricted": false
        },
        "blocks": [
            {
                "type": "rich_text",
                "block_id": "3vqq",
                "elements": [
                    {
                        "type": "rich_text_section",
                        "elements": [
                            {
                                "type": "text",
                                "text": "gotcha "
                            },
                            {
                                "type": "emoji",
                                "name": "thumbsup"
                            },
                            {
                                "type": "text",
                                "text": "  makes sense"
                            }
                        ]
                    }
                ]
            }
        ],
        "thread_ts": "1582320960.032000",
        "parent_user_id": "UTV9739S6"
    },
    {
        "client_msg_id": "ad0e4074-98f5-47e5-b574-12128e80d6d8",
        "type": "message",
        "text": "Sounds good to me :smile: In that case, I'd definitely try to get my hands on the mobile and PC apps. See if anything obviously bad comes up, and if not get started with the reversing",
        "user": "UTV9739S6",
        "ts": "1582323353.037300",
        "team": "T5M5PLH8U",
        "user_team": "T5M5PLH8U",
        "source_team": "T5M5PLH8U",
        "user_profile": {
            "avatar_hash": "g5d6dac181ac",
            "image_72": "https:\/\/secure.gravatar.com\/avatar\/5d6dac181ac37431ea4809f2bb6f7942.jpg?s=72&d=https%3A%2F%2Fa.slack-edge.com%2Fdf10d%2Fimg%2Favatars%2Fava_0002-72.png",
            "first_name": "",
            "real_name": "JC",
            "display_name": "JC",
            "team": "T5M5PLH8U",
            "name": "jcjc.dev",
            "is_restricted": false,
            "is_ultra_restricted": false
        },
        "blocks": [
            {
                "type": "rich_text",
                "block_id": "llXP",
                "elements": [
                    {
                        "type": "rich_text_section",
                        "elements": [
                            {
                                "type": "text",
                                "text": "Sounds good to me "
                            },
                            {
                                "type": "emoji",
                                "name": "smile"
                            },
                            {
                                "type": "text",
                                "text": " In that case, I'd definitely try to get my hands on the mobile and PC apps. See if anything obviously bad comes up, and if not get started with the reversing"
                            }
                        ]
                    }
                ]
            }
        ]
    },
    {
        "client_msg_id": "c92ab292-6934-486e-a56c-5f7cd689ab3d",
        "type": "message",
        "text": "I've never had to reverse a USB protocol, so I'm not sure how big of an effort that would be. Specially considering it's USB-C, so the tools will be fewer and less mature. But I agree it seems like the best course of action :slightly_smiling_face:",
        "user": "UTV9739S6",
        "ts": "1582323438.038900",
        "team": "T5M5PLH8U",
        "user_team": "T5M5PLH8U",
        "source_team": "T5M5PLH8U",
        "user_profile": {
            "avatar_hash": "g5d6dac181ac",
            "image_72": "https:\/\/secure.gravatar.com\/avatar\/5d6dac181ac37431ea4809f2bb6f7942.jpg?s=72&d=https%3A%2F%2Fa.slack-edge.com%2Fdf10d%2Fimg%2Favatars%2Fava_0002-72.png",
            "first_name": "",
            "real_name": "JC",
            "display_name": "JC",
            "team": "T5M5PLH8U",
            "name": "jcjc.dev",
            "is_restricted": false,
            "is_ultra_restricted": false
        },
        "blocks": [
            {
                "type": "rich_text",
                "block_id": "v4+0",
                "elements": [
                    {
                        "type": "rich_text_section",
                        "elements": [
                            {
                                "type": "text",
                                "text": "I've never had to reverse a USB protocol, so I'm not sure how big of an effort that would be. Specially considering it's USB-C, so the tools will be fewer and less mature. But I agree it seems like the best course of action "
                            },
                            {
                                "type": "emoji",
                                "name": "slightly_smiling_face"
                            }
                        ]
                    }
                ]
            }
        ]
    },
    {
        "client_msg_id": "6298e864-23a5-456f-8830-8ea4ed034462",
        "type": "message",
        "text": "Do either of you have any experience with USB reversing?",
        "user": "UTV9739S6",
        "ts": "1582323520.039800",
        "team": "T5M5PLH8U",
        "user_team": "T5M5PLH8U",
        "source_team": "T5M5PLH8U",
        "user_profile": {
            "avatar_hash": "g5d6dac181ac",
            "image_72": "https:\/\/secure.gravatar.com\/avatar\/5d6dac181ac37431ea4809f2bb6f7942.jpg?s=72&d=https%3A%2F%2Fa.slack-edge.com%2Fdf10d%2Fimg%2Favatars%2Fava_0002-72.png",
            "first_name": "",
            "real_name": "JC",
            "display_name": "JC",
            "team": "T5M5PLH8U",
            "name": "jcjc.dev",
            "is_restricted": false,
            "is_ultra_restricted": false
        },
        "blocks": [
            {
                "type": "rich_text",
                "block_id": "M5q",
                "elements": [
                    {
                        "type": "rich_text_section",
                        "elements": [
                            {
                                "type": "text",
                                "text": "Do either of you have any experience with USB reversing?"
                            }
                        ]
                    }
                ]
            }
        ]
    },
    {
        "client_msg_id": "e6138c09-bcd1-45e6-abaa-b5079945acc8",
        "type": "message",
        "text": "And have you found any comparable probes (tech\/price\/features) based on USB 2?",
        "user": "UTV9739S6",
        "ts": "1582323604.040600",
        "team": "T5M5PLH8U",
        "user_team": "T5M5PLH8U",
        "source_team": "T5M5PLH8U",
        "user_profile": {
            "avatar_hash": "g5d6dac181ac",
            "image_72": "https:\/\/secure.gravatar.com\/avatar\/5d6dac181ac37431ea4809f2bb6f7942.jpg?s=72&d=https%3A%2F%2Fa.slack-edge.com%2Fdf10d%2Fimg%2Favatars%2Fava_0002-72.png",
            "first_name": "",
            "real_name": "JC",
            "display_name": "JC",
            "team": "T5M5PLH8U",
            "name": "jcjc.dev",
            "is_restricted": false,
            "is_ultra_restricted": false
        },
        "blocks": [
            {
                "type": "rich_text",
                "block_id": "xOk",
                "elements": [
                    {
                        "type": "rich_text_section",
                        "elements": [
                            {
                                "type": "text",
                                "text": "And have you found any comparable probes (tech\/price\/features) based on USB 2?"
                            }
                        ]
                    }
                ]
            }
        ]
    }
]