[
    {
        "client_msg_id": "9477a210-e06b-4844-b4a6-fa7a4b84133a",
        "type": "message",
        "text": "Awesome! Looks neat :smile:",
        "user": "UTV9739S6",
        "ts": "1582899578.000400",
        "team": "T5M5PLH8U",
        "user_team": "T5M5PLH8U",
        "source_team": "T5M5PLH8U",
        "user_profile": {
            "avatar_hash": "g5d6dac181ac",
            "image_72": "https:\/\/secure.gravatar.com\/avatar\/5d6dac181ac37431ea4809f2bb6f7942.jpg?s=72&d=https%3A%2F%2Fa.slack-edge.com%2Fdf10d%2Fimg%2Favatars%2Fava_0002-72.png",
            "first_name": "",
            "real_name": "JC",
            "display_name": "JC",
            "team": "T5M5PLH8U",
            "name": "jcjc.dev",
            "is_restricted": false,
            "is_ultra_restricted": false
        },
        "blocks": [
            {
                "type": "rich_text",
                "block_id": "hMJaz",
                "elements": [
                    {
                        "type": "rich_text_section",
                        "elements": [
                            {
                                "type": "text",
                                "text": "Awesome! Looks neat "
                            },
                            {
                                "type": "emoji",
                                "name": "smile"
                            }
                        ]
                    }
                ]
            }
        ]
    },
    {
        "client_msg_id": "a9455214-6207-4f59-93b5-34f44b583f91",
        "type": "message",
        "text": "I'd first try to get my hands on one of the mobile apps. Find the device with the most open ecosystem (In order: open APIs and documentation &gt; Openly available mobile apps &gt; No account registration required &gt; everything's closed and we need to go through the manufacturer to get any software or docs)",
        "user": "UTV9739S6",
        "ts": "1582899758.002800",
        "team": "T5M5PLH8U",
        "user_team": "T5M5PLH8U",
        "source_team": "T5M5PLH8U",
        "user_profile": {
            "avatar_hash": "g5d6dac181ac",
            "image_72": "https:\/\/secure.gravatar.com\/avatar\/5d6dac181ac37431ea4809f2bb6f7942.jpg?s=72&d=https%3A%2F%2Fa.slack-edge.com%2Fdf10d%2Fimg%2Favatars%2Fava_0002-72.png",
            "first_name": "",
            "real_name": "JC",
            "display_name": "JC",
            "team": "T5M5PLH8U",
            "name": "jcjc.dev",
            "is_restricted": false,
            "is_ultra_restricted": false
        },
        "blocks": [
            {
                "type": "rich_text",
                "block_id": "3Tj3",
                "elements": [
                    {
                        "type": "rich_text_section",
                        "elements": [
                            {
                                "type": "text",
                                "text": "I'd first try to get my hands on one of the mobile apps. Find the device with the most open ecosystem (In order: open APIs and documentation > Openly available mobile apps > No account registration required > everything's closed and we need to go through the manufacturer to get any software or docs)"
                            }
                        ]
                    }
                ]
            }
        ]
    },
    {
        "client_msg_id": "33435a71-3fd9-4f3d-afda-f1a65e46c8d1",
        "type": "message",
        "text": "There's no point finding the absolute cheapest hardware if that manufacturer is gonna make our life much more difficult",
        "user": "UTV9739S6",
        "ts": "1582899844.004200",
        "team": "T5M5PLH8U",
        "user_team": "T5M5PLH8U",
        "source_team": "T5M5PLH8U",
        "user_profile": {
            "avatar_hash": "g5d6dac181ac",
            "image_72": "https:\/\/secure.gravatar.com\/avatar\/5d6dac181ac37431ea4809f2bb6f7942.jpg?s=72&d=https%3A%2F%2Fa.slack-edge.com%2Fdf10d%2Fimg%2Favatars%2Fava_0002-72.png",
            "first_name": "",
            "real_name": "JC",
            "display_name": "JC",
            "team": "T5M5PLH8U",
            "name": "jcjc.dev",
            "is_restricted": false,
            "is_ultra_restricted": false
        },
        "blocks": [
            {
                "type": "rich_text",
                "block_id": "mig=",
                "elements": [
                    {
                        "type": "rich_text_section",
                        "elements": [
                            {
                                "type": "text",
                                "text": "There's no point finding the absolute cheapest hardware if that manufacturer is gonna make our life much more difficult"
                            }
                        ]
                    }
                ]
            }
        ]
    },
    {
        "client_msg_id": "af0fdbdc-6e84-485d-a2e8-c4833355f3c0",
        "type": "message",
        "text": "I tried to find the software for one of the models you sent earlier, and was unable to find it",
        "user": "UTV9739S6",
        "ts": "1582899952.005400",
        "team": "T5M5PLH8U",
        "user_team": "T5M5PLH8U",
        "source_team": "T5M5PLH8U",
        "user_profile": {
            "avatar_hash": "g5d6dac181ac",
            "image_72": "https:\/\/secure.gravatar.com\/avatar\/5d6dac181ac37431ea4809f2bb6f7942.jpg?s=72&d=https%3A%2F%2Fa.slack-edge.com%2Fdf10d%2Fimg%2Favatars%2Fava_0002-72.png",
            "first_name": "",
            "real_name": "JC",
            "display_name": "JC",
            "team": "T5M5PLH8U",
            "name": "jcjc.dev",
            "is_restricted": false,
            "is_ultra_restricted": false
        },
        "blocks": [
            {
                "type": "rich_text",
                "block_id": "VN=",
                "elements": [
                    {
                        "type": "rich_text_section",
                        "elements": [
                            {
                                "type": "text",
                                "text": "I tried to find the software for one of the models you sent earlier, and was unable to find it"
                            }
                        ]
                    }
                ]
            }
        ]
    }
]