[
    {
        "type": "message",
        "subtype": "channel_join",
        "ts": "1580153840.000200",
        "user": "UST9A6ZPU",
        "text": "<@UST9A6ZPU> has joined the channel"
    },
    {
        "client_msg_id": "af36c9c6-eab4-43d0-bc5c-b7276d859bd5",
        "type": "message",
        "text": "I want to Introduce <@UST9A6ZPU>, graduate student from UNAM, Alberto, is an Electrical Engineer, that has expirience working with piezoelectric sensor. Will be helping us finding and working with the piezos and probe we need.",
        "user": "URQAS7R8V",
        "ts": "1580156612.002700",
        "team": "T5M5PLH8U",
        "user_team": "T5M5PLH8U",
        "source_team": "T5M5PLH8U",
        "user_profile": {
            "avatar_hash": "gce0918c31f8",
            "image_72": "https:\/\/secure.gravatar.com\/avatar\/ce0918c31f884c0041b2e3674a9e477b.jpg?s=72&d=https%3A%2F%2Fa.slack-edge.com%2Fdf10d%2Fimg%2Favatars%2Fava_0024-72.png",
            "first_name": "",
            "real_name": "Rodrigo Savage",
            "display_name": "Rodrigo Savage",
            "team": "T5M5PLH8U",
            "name": "savage",
            "is_restricted": false,
            "is_ultra_restricted": false
        },
        "blocks": [
            {
                "type": "rich_text",
                "block_id": "P00\/s",
                "elements": [
                    {
                        "type": "rich_text_section",
                        "elements": [
                            {
                                "type": "text",
                                "text": "I want to Introduce "
                            },
                            {
                                "type": "user",
                                "user_id": "UST9A6ZPU"
                            },
                            {
                                "type": "text",
                                "text": ", graduate student from UNAM, Alberto, is an Electrical Engineer, that has expirience working with piezoelectric sensor. Will be helping us finding and working with the piezos and probe we need."
                            }
                        ]
                    }
                ]
            }
        ]
    },
    {
        "client_msg_id": "072a7f99-6689-466e-b1cc-ed08490d3e14",
        "type": "message",
        "text": "welcome here <@UST9A6ZPU> !",
        "user": "U5M5PLH9S",
        "ts": "1580159228.003000",
        "team": "T5M5PLH8U",
        "user_team": "T5M5PLH8U",
        "source_team": "T5M5PLH8U",
        "user_profile": {
            "avatar_hash": "e4fb6ae9f526",
            "image_72": "https:\/\/avatars.slack-edge.com\/2017-06-01\/191144530514_e4fb6ae9f526531fd41c_72.jpg",
            "first_name": "",
            "real_name": "kelu",
            "display_name": "",
            "team": "T5M5PLH8U",
            "name": "kelu",
            "is_restricted": false,
            "is_ultra_restricted": false
        },
        "blocks": [
            {
                "type": "rich_text",
                "block_id": "JkEHG",
                "elements": [
                    {
                        "type": "rich_text_section",
                        "elements": [
                            {
                                "type": "text",
                                "text": "welcome here "
                            },
                            {
                                "type": "user",
                                "user_id": "UST9A6ZPU"
                            },
                            {
                                "type": "text",
                                "text": " !"
                            }
                        ]
                    }
                ]
            }
        ]
    },
    {
        "client_msg_id": "e54cddd7-2017-41e1-a0e2-687c233eadec",
        "type": "message",
        "text": "Hi Kelu, thank you. I´m glad to colaborate with Rodrigo and you. I did a project with piezoelectric actuators. I hope i can make something interesting and usefull with you guys.",
        "user": "UST9A6ZPU",
        "ts": "1580161609.005900",
        "team": "T5M5PLH8U",
        "user_team": "T5M5PLH8U",
        "source_team": "T5M5PLH8U",
        "user_profile": {
            "avatar_hash": "g1b679ade1ef",
            "image_72": "https:\/\/secure.gravatar.com\/avatar\/1b679ade1ef4380a0fae78566fb26ea5.jpg?s=72&d=https%3A%2F%2Fa.slack-edge.com%2Fdf10d%2Fimg%2Favatars%2Fava_0021-72.png",
            "first_name": "",
            "real_name": "Alberto",
            "display_name": "Alberto",
            "team": "T5M5PLH8U",
            "name": "alberto",
            "is_restricted": false,
            "is_ultra_restricted": false
        },
        "blocks": [
            {
                "type": "rich_text",
                "block_id": "1pjbL",
                "elements": [
                    {
                        "type": "rich_text_section",
                        "elements": [
                            {
                                "type": "text",
                                "text": "Hi Kelu, thank you. I´m glad to colaborate with Rodrigo and you. I did a project with piezoelectric actuators. I hope i can make something interesting and usefull with you guys."
                            }
                        ]
                    }
                ]
            }
        ]
    },
    {
        "client_msg_id": "8c1821f7-b2c2-4952-a320-199745f78f32",
        "type": "message",
        "text": "Cool !",
        "user": "U5M5PLH9S",
        "ts": "1580162860.006100",
        "team": "T5M5PLH8U",
        "user_team": "T5M5PLH8U",
        "source_team": "T5M5PLH8U",
        "user_profile": {
            "avatar_hash": "e4fb6ae9f526",
            "image_72": "https:\/\/avatars.slack-edge.com\/2017-06-01\/191144530514_e4fb6ae9f526531fd41c_72.jpg",
            "first_name": "",
            "real_name": "kelu",
            "display_name": "",
            "team": "T5M5PLH8U",
            "name": "kelu",
            "is_restricted": false,
            "is_ultra_restricted": false
        },
        "blocks": [
            {
                "type": "rich_text",
                "block_id": "iT2NM",
                "elements": [
                    {
                        "type": "rich_text_section",
                        "elements": [
                            {
                                "type": "text",
                                "text": "Cool !"
                            }
                        ]
                    }
                ]
            }
        ]
    },
    {
        "client_msg_id": "e36fb944-841f-496b-ab48-7a4cd35a3f81",
        "type": "message",
        "text": "In terms of piezo actuators, a first article in the domain was about a piezo probe for eye inspection, that was using a piezo actuator",
        "user": "U5M5PLH9S",
        "ts": "1580162885.006800",
        "team": "T5M5PLH8U",
        "user_team": "T5M5PLH8U",
        "source_team": "T5M5PLH8U",
        "user_profile": {
            "avatar_hash": "e4fb6ae9f526",
            "image_72": "https:\/\/avatars.slack-edge.com\/2017-06-01\/191144530514_e4fb6ae9f526531fd41c_72.jpg",
            "first_name": "",
            "real_name": "kelu",
            "display_name": "",
            "team": "T5M5PLH8U",
            "name": "kelu",
            "is_restricted": false,
            "is_ultra_restricted": false
        },
        "blocks": [
            {
                "type": "rich_text",
                "block_id": "rZvdu",
                "elements": [
                    {
                        "type": "rich_text_section",
                        "elements": [
                            {
                                "type": "text",
                                "text": "In terms of piezo actuators, a first article in the domain was about a piezo probe for eye inspection, that was using a piezo actuator"
                            }
                        ]
                    }
                ]
            }
        ]
    },
    {
        "client_msg_id": "f54a35e3-0bb6-4918-817d-c04e9394e28f",
        "type": "message",
        "text": "Possibly \"Fast scanning probe for ophthalmic echography using an ultrasound motor\"",
        "user": "U5M5PLH9S",
        "ts": "1580163060.007000",
        "team": "T5M5PLH8U",
        "user_team": "T5M5PLH8U",
        "source_team": "T5M5PLH8U",
        "user_profile": {
            "avatar_hash": "e4fb6ae9f526",
            "image_72": "https:\/\/avatars.slack-edge.com\/2017-06-01\/191144530514_e4fb6ae9f526531fd41c_72.jpg",
            "first_name": "",
            "real_name": "kelu",
            "display_name": "",
            "team": "T5M5PLH8U",
            "name": "kelu",
            "is_restricted": false,
            "is_ultra_restricted": false
        },
        "edited": {
            "user": "U5M5PLH9S",
            "ts": "1580163069.000000"
        },
        "blocks": [
            {
                "type": "rich_text",
                "block_id": "YouHZ",
                "elements": [
                    {
                        "type": "rich_text_section",
                        "elements": [
                            {
                                "type": "text",
                                "text": "Possibly \"Fast scanning probe for ophthalmic echography using an ultrasound motor\""
                            }
                        ]
                    }
                ]
            }
        ]
    },
    {
        "type": "message",
        "text": "<@UST9A6ZPU>, Uploaded the paper, Thanks Kelu for sharing!",
        "files": [
            {
                "id": "FSW5XUQFK",
                "created": 1580163764,
                "timestamp": 1580163764,
                "name": "Fast scanning probe for ophthalmic echography using an ultrasound motor.pdf",
                "title": "Fast scanning probe for ophthalmic echography using an ultrasound motor.pdf",
                "mimetype": "application\/pdf",
                "filetype": "pdf",
                "pretty_type": "PDF",
                "user": "URQAS7R8V",
                "editable": false,
                "size": 909607,
                "mode": "hosted",
                "is_external": false,
                "external_type": "",
                "is_public": true,
                "public_url_shared": false,
                "display_as_bot": false,
                "username": "",
                "url_private": "https:\/\/files.slack.com\/files-pri\/T5M5PLH8U-FSW5XUQFK\/fast_scanning_probe_for_ophthalmic_echography_using_an_ultrasound_motor.pdf?t=xoxe-191193697300-1501897281926-1505540481365-290cf54ffdfc380367c1af72479de92b",
                "url_private_download": "https:\/\/files.slack.com\/files-pri\/T5M5PLH8U-FSW5XUQFK\/download\/fast_scanning_probe_for_ophthalmic_echography_using_an_ultrasound_motor.pdf?t=xoxe-191193697300-1501897281926-1505540481365-290cf54ffdfc380367c1af72479de92b",
                "thumb_pdf": "https:\/\/files.slack.com\/files-tmb\/T5M5PLH8U-FSW5XUQFK-ff2e19a5db\/fast_scanning_probe_for_ophthalmic_echography_using_an_ultrasound_motor_thumb_pdf.png?t=xoxe-191193697300-1501897281926-1505540481365-290cf54ffdfc380367c1af72479de92b",
                "thumb_pdf_w": 935,
                "thumb_pdf_h": 1210,
                "permalink": "https:\/\/usdevkit.slack.com\/files\/URQAS7R8V\/FSW5XUQFK\/fast_scanning_probe_for_ophthalmic_echography_using_an_ultrasound_motor.pdf",
                "permalink_public": "https:\/\/slack-files.com\/T5M5PLH8U-FSW5XUQFK-fc4a6b87ce",
                "is_starred": false,
                "has_rich_preview": false
            }
        ],
        "upload": true,
        "blocks": [
            {
                "type": "rich_text",
                "block_id": "MSj",
                "elements": [
                    {
                        "type": "rich_text_section",
                        "elements": [
                            {
                                "type": "user",
                                "user_id": "UST9A6ZPU"
                            },
                            {
                                "type": "text",
                                "text": ", Uploaded the paper, Thanks Kelu for sharing!"
                            }
                        ]
                    }
                ]
            }
        ],
        "user": "URQAS7R8V",
        "display_as_bot": false,
        "ts": "1580163769.007200",
        "client_msg_id": "fb01a5c0-1955-4774-b87b-22f1d9752589"
    },
    {
        "client_msg_id": "a558ebfd-dd30-41eb-9ae6-ee81e1e8a5b8",
        "type": "message",
        "text": "If you want to have a look at a biblio (and why not contribute :wink: ) there's a link of my resources here : <https:\/\/github.com\/kelu124\/echomods\/tree\/master\/include\/biblio\/bib> :wink:",
        "user": "U5M5PLH9S",
        "ts": "1580164026.007900",
        "team": "T5M5PLH8U",
        "user_team": "T5M5PLH8U",
        "source_team": "T5M5PLH8U",
        "user_profile": {
            "avatar_hash": "e4fb6ae9f526",
            "image_72": "https:\/\/avatars.slack-edge.com\/2017-06-01\/191144530514_e4fb6ae9f526531fd41c_72.jpg",
            "first_name": "",
            "real_name": "kelu",
            "display_name": "",
            "team": "T5M5PLH8U",
            "name": "kelu",
            "is_restricted": false,
            "is_ultra_restricted": false
        },
        "blocks": [
            {
                "type": "rich_text",
                "block_id": "r38R3",
                "elements": [
                    {
                        "type": "rich_text_section",
                        "elements": [
                            {
                                "type": "text",
                                "text": "If you want to have a look at a biblio (and why not contribute "
                            },
                            {
                                "type": "emoji",
                                "name": "wink"
                            },
                            {
                                "type": "text",
                                "text": " ) there's a link of my resources here : "
                            },
                            {
                                "type": "link",
                                "url": "https:\/\/github.com\/kelu124\/echomods\/tree\/master\/include\/biblio\/bib"
                            },
                            {
                                "type": "text",
                                "text": " "
                            },
                            {
                                "type": "emoji",
                                "name": "wink"
                            }
                        ]
                    }
                ]
            }
        ],
        "reactions": [
            {
                "name": "100",
                "users": [
                    "URQAL47MW",
                    "URQAS7R8V",
                    "UUB3X49B4"
                ],
                "count": 3
            },
            {
                "name": "+1",
                "users": [
                    "URQAL47MW"
                ],
                "count": 1
            }
        ]
    },
    {
        "client_msg_id": "7b2f1c4d-cd56-4eb9-b885-d891a072547a",
        "type": "message",
        "text": "There's a bit of everything but may be useful",
        "user": "U5M5PLH9S",
        "ts": "1580164042.008200",
        "team": "T5M5PLH8U",
        "user_team": "T5M5PLH8U",
        "source_team": "T5M5PLH8U",
        "user_profile": {
            "avatar_hash": "e4fb6ae9f526",
            "image_72": "https:\/\/avatars.slack-edge.com\/2017-06-01\/191144530514_e4fb6ae9f526531fd41c_72.jpg",
            "first_name": "",
            "real_name": "kelu",
            "display_name": "",
            "team": "T5M5PLH8U",
            "name": "kelu",
            "is_restricted": false,
            "is_ultra_restricted": false
        },
        "blocks": [
            {
                "type": "rich_text",
                "block_id": "rZOyP",
                "elements": [
                    {
                        "type": "rich_text_section",
                        "elements": [
                            {
                                "type": "text",
                                "text": "There's a bit of everything but may be useful"
                            }
                        ]
                    }
                ]
            }
        ]
    },
    {
        "client_msg_id": "0b9f5010-3e29-40f6-8f3b-9fc83505d11d",
        "type": "message",
        "text": "Woow!! so many good papers!! thanks for sharing",
        "user": "URQAS7R8V",
        "ts": "1580166486.008500",
        "team": "T5M5PLH8U",
        "user_team": "T5M5PLH8U",
        "source_team": "T5M5PLH8U",
        "user_profile": {
            "avatar_hash": "gce0918c31f8",
            "image_72": "https:\/\/secure.gravatar.com\/avatar\/ce0918c31f884c0041b2e3674a9e477b.jpg?s=72&d=https%3A%2F%2Fa.slack-edge.com%2Fdf10d%2Fimg%2Favatars%2Fava_0024-72.png",
            "first_name": "",
            "real_name": "Rodrigo Savage",
            "display_name": "Rodrigo Savage",
            "team": "T5M5PLH8U",
            "name": "savage",
            "is_restricted": false,
            "is_ultra_restricted": false
        },
        "blocks": [
            {
                "type": "rich_text",
                "block_id": "EDRR",
                "elements": [
                    {
                        "type": "rich_text_section",
                        "elements": [
                            {
                                "type": "text",
                                "text": "Woow!! so many good papers!! thanks for sharing"
                            }
                        ]
                    }
                ]
            }
        ]
    }
]