[
    {
        "client_msg_id": "0b79c77e-b352-4fa6-8270-2117f51eda96",
        "type": "message",
        "text": ":wave: hi there!",
        "user": "UUB3X49B4",
        "ts": "1583075645.005900",
        "team": "T5M5PLH8U",
        "user_team": "T5M5PLH8U",
        "source_team": "T5M5PLH8U",
        "user_profile": {
            "avatar_hash": "ga43df6e969c",
            "image_72": "https:\/\/secure.gravatar.com\/avatar\/a43df6e969cfbb6322c60bb4d93aada3.jpg?s=72&d=https%3A%2F%2Fa.slack-edge.com%2Fdf10d%2Fimg%2Favatars%2Fava_0010-72.png",
            "first_name": "",
            "real_name": "Björn Schmidtke",
            "display_name": "Björn Schmidtke",
            "team": "T5M5PLH8U",
            "name": "bjoern",
            "is_restricted": false,
            "is_ultra_restricted": false
        },
        "blocks": [
            {
                "type": "rich_text",
                "block_id": "Fj8",
                "elements": [
                    {
                        "type": "rich_text_section",
                        "elements": [
                            {
                                "type": "emoji",
                                "name": "wave"
                            },
                            {
                                "type": "text",
                                "text": " hi there!"
                            }
                        ]
                    }
                ]
            }
        ]
    },
    {
        "client_msg_id": "595c0789-a5b8-4a3d-87bf-5768ba9a7056",
        "type": "message",
        "text": "I'm looking into the possibility to predict finger movment from an ultrasound signal (either raw or the image).",
        "user": "UUB3X49B4",
        "ts": "1583075693.006700",
        "team": "T5M5PLH8U",
        "user_team": "T5M5PLH8U",
        "source_team": "T5M5PLH8U",
        "user_profile": {
            "avatar_hash": "ga43df6e969c",
            "image_72": "https:\/\/secure.gravatar.com\/avatar\/a43df6e969cfbb6322c60bb4d93aada3.jpg?s=72&d=https%3A%2F%2Fa.slack-edge.com%2Fdf10d%2Fimg%2Favatars%2Fava_0010-72.png",
            "first_name": "",
            "real_name": "Björn Schmidtke",
            "display_name": "Björn Schmidtke",
            "team": "T5M5PLH8U",
            "name": "bjoern",
            "is_restricted": false,
            "is_ultra_restricted": false
        },
        "blocks": [
            {
                "type": "rich_text",
                "block_id": "Bcy=",
                "elements": [
                    {
                        "type": "rich_text_section",
                        "elements": [
                            {
                                "type": "text",
                                "text": "I'm looking into the possibility to predict finger movment from an ultrasound signal (either raw or the image)."
                            }
                        ]
                    }
                ]
            }
        ]
    },
    {
        "type": "message",
        "subtype": "channel_join",
        "ts": "1583076262.006900",
        "user": "U8Z3VB1T2",
        "text": "<@U8Z3VB1T2> has joined the channel"
    },
    {
        "type": "message",
        "text": "Indeed, seems like <@URQAL47MW> and team also are looking into this =)",
        "user": "U5M5PLH9S",
        "ts": "1583077818.007000",
        "team": "T5M5PLH8U",
        "user_team": "T5M5PLH8U",
        "source_team": "T5M5PLH8U",
        "user_profile": {
            "avatar_hash": "e4fb6ae9f526",
            "image_72": "https:\/\/avatars.slack-edge.com\/2017-06-01\/191144530514_e4fb6ae9f526531fd41c_72.jpg",
            "first_name": "",
            "real_name": "kelu",
            "display_name": "",
            "team": "T5M5PLH8U",
            "name": "kelu",
            "is_restricted": false,
            "is_ultra_restricted": false
        },
        "attachments": [
            {
                "fallback": "[December 30th, 2019 3:03 PM] chad.coarsey.enable: George Mason University lab paper",
                "ts": "1577714601.000100",
                "author_id": "URQAL47MW",
                "author_subname": "Chad Coarsey",
                "channel_id": "CRPSP8T4L",
                "channel_name": "prosthesis-transducer",
                "is_msg_unfurl": true,
                "text": "George Mason University lab paper",
                "author_name": "Chad Coarsey",
                "author_link": "https:\/\/usdevkit.slack.com\/team\/URQAL47MW",
                "author_icon": "https:\/\/secure.gravatar.com\/avatar\/84206b3392eaf193858cf3347dd69ccb.jpg?s=48&d=https%3A%2F%2Fa.slack-edge.com%2Fdf10d%2Fimg%2Favatars%2Fava_0023-48.png",
                "mrkdwn_in": [
                    "text"
                ],
                "files": [
                    {
                        "id": "FS52UEYD6",
                        "created": 1577714599,
                        "timestamp": 1577714599,
                        "name": "s41598-019-45459-7.pdf",
                        "title": "File from Android",
                        "mimetype": "application\/pdf",
                        "filetype": "pdf",
                        "pretty_type": "PDF",
                        "user": "URQAL47MW",
                        "editable": false,
                        "size": 4676784,
                        "mode": "hosted",
                        "is_external": false,
                        "external_type": "",
                        "is_public": true,
                        "public_url_shared": false,
                        "display_as_bot": false,
                        "username": "",
                        "url_private": "https:\/\/files.slack.com\/files-pri\/T5M5PLH8U-FS52UEYD6\/s41598-019-45459-7.pdf",
                        "url_private_download": "https:\/\/files.slack.com\/files-pri\/T5M5PLH8U-FS52UEYD6\/download\/s41598-019-45459-7.pdf",
                        "thumb_pdf": "https:\/\/files.slack.com\/files-tmb\/T5M5PLH8U-FS52UEYD6-fe8b48b6d2\/s41598-019-45459-7_thumb_pdf.png",
                        "thumb_pdf_w": 909,
                        "thumb_pdf_h": 1195,
                        "permalink": "https:\/\/usdevkit.slack.com\/files\/URQAL47MW\/FS52UEYD6\/s41598-019-45459-7.pdf",
                        "permalink_public": "https:\/\/slack-files.com\/T5M5PLH8U-FS52UEYD6-cb7ebfab4f",
                        "is_starred": false,
                        "has_rich_preview": false
                    }
                ],
                "color": "D0D0D0",
                "from_url": "https:\/\/usdevkit.slack.com\/archives\/CRPSP8T4L\/p1577714601000100",
                "is_share": true,
                "footer": "Posted in #prosthesis-transducer"
            }
        ],
        "blocks": [
            {
                "type": "rich_text",
                "block_id": "QteaI",
                "elements": [
                    {
                        "type": "rich_text_section",
                        "elements": [
                            {
                                "type": "text",
                                "text": "Indeed, seems like "
                            },
                            {
                                "type": "user",
                                "user_id": "URQAL47MW"
                            },
                            {
                                "type": "text",
                                "text": " and team also are looking into this =)"
                            }
                        ]
                    }
                ]
            }
        ],
        "reactions": [
            {
                "name": "+1",
                "users": [
                    "UUB3X49B4"
                ],
                "count": 1
            }
        ]
    }
]