[
    {
        "client_msg_id": "13879356-f382-413b-ab71-af78b9e6d8fe",
        "type": "message",
        "text": "Huh, we might buy one in a couple weeks at our lab in California. Not a really necessary thing, but always fun to have new toys I guess..",
        "user": "UF0SXEJ0M",
        "ts": "1552268488.006000",
        "team": "T5M5PLH8U",
        "user_team": "T5M5PLH8U",
        "source_team": "T5M5PLH8U",
        "user_profile": {
            "avatar_hash": "caf9f1375af3",
            "image_72": "https:\/\/avatars.slack-edge.com\/2019-02-12\/549018718117_caf9f1375af3bfa9e7a6_72.jpg",
            "first_name": "Sterling",
            "real_name": "Sterling Cooley",
            "display_name": "Sterling",
            "team": "T5M5PLH8U",
            "name": "percyacct2020",
            "is_restricted": false,
            "is_ultra_restricted": false
        },
        "thread_ts": "1551712809.004900",
        "parent_user_id": "U5M5PLH9S"
    }
]