[
    {
        "client_msg_id": "af8a9cd0-f169-458a-a056-7df71a036445",
        "type": "message",
        "text": "Essential open source : <https:\/\/www.techapeek.com\/2019\/06\/21\/corona-makes-their-fit-pack-can-innovation-open-source\/>",
        "user": "U5M5PLH9S",
        "ts": "1569233680.000500",
        "team": "T5M5PLH8U",
        "user_team": "T5M5PLH8U",
        "source_team": "T5M5PLH8U",
        "user_profile": {
            "avatar_hash": "e4fb6ae9f526",
            "image_72": "https:\/\/avatars.slack-edge.com\/2017-06-01\/191144530514_e4fb6ae9f526531fd41c_72.jpg",
            "first_name": "",
            "real_name": "kelu",
            "display_name": "",
            "team": "T5M5PLH8U",
            "name": "kelu",
            "is_restricted": false,
            "is_ultra_restricted": false
        },
        "attachments": [
            {
                "service_name": "Tech A Peek",
                "title": "Corona makes their Fit Pack can innovation open source - Tech A Peek",
                "title_link": "https:\/\/www.techapeek.com\/2019\/06\/21\/corona-makes-their-fit-pack-can-innovation-open-source\/",
                "text": "Corona have introduced the Fit Pack – an ingenious innovation which eliminates the need for plastic beer packaging. The Corona Fit Pack is the kind of innovation that we absolutely love. Low tech design that solves the problem of the original poor design, but which the industry now believes to be a given. According to …",
                "fallback": "Tech A Peek: Corona makes their Fit Pack can innovation open source - Tech A Peek",
                "image_url": "https:\/\/www.techapeek.com\/wp-content\/uploads\/2019\/06\/782901848.jpg",
                "image_width": 444,
                "image_height": 250,
                "ts": 1561082993,
                "from_url": "https:\/\/www.techapeek.com\/2019\/06\/21\/corona-makes-their-fit-pack-can-innovation-open-source\/",
                "image_bytes": 124160,
                "service_icon": "https:\/\/www.techapeek.com\/wp-content\/uploads\/2019\/05\/Logo-icon.jpg",
                "id": 1,
                "original_url": "https:\/\/www.techapeek.com\/2019\/06\/21\/corona-makes-their-fit-pack-can-innovation-open-source\/"
            }
        ]
    }
]