[
    {
        "client_msg_id": "7e6ffdf1-5eea-425c-a823-6b029cff54c0",
        "type": "message",
        "text": "<https:\/\/patents.google.com\/patent\/US9895453B1\/en>",
        "user": "UHP9P5JTE",
        "ts": "1561666579.001200",
        "team": "T5M5PLH8U",
        "user_team": "T5M5PLH8U",
        "source_team": "T5M5PLH8U",
        "user_profile": {
            "avatar_hash": "gf8c332890d2",
            "image_72": "https:\/\/secure.gravatar.com\/avatar\/cf8c332890d2883209ec8b1d38920f5b.jpg?s=72&d=https%3A%2F%2Fa.slack-edge.com%2Fdf10d%2Fimg%2Favatars%2Fava_0013-72.png",
            "first_name": "",
            "real_name": "keshuai",
            "display_name": "keshuai",
            "team": "T5M5PLH8U",
            "name": "urillx",
            "is_restricted": false,
            "is_ultra_restricted": false
        },
        "attachments": [
            {
                "title": "US9895453B1 - Shiny ultrasound gel          - Google Patents",
                "title_link": "https:\/\/patents.google.com\/patent\/US9895453B1\/en",
                "text": "An improved ultrasound gel adapted to have a shiny effect by adding glitter to an ultrasound gel, using a silver, reflective label and using a silver, reflective dispenser closure. This improved ultrasound gel is adapted to a pink lavendula lavender color by using the preservatives as coloring agents. Lavender essential oil is used as a perfume and preservative. The reflective glitter, reflective label, and reflective dispenser closure allow the ultrasonographer to better see the ultrasound gel and bottle in a darkened ultrasound room. The ultrasound gel is improved to have an aesthetic effect for the patient and healthcare provider by providing the combination of both a pink lavendula lavender color and a lavender scent.",
                "fallback": "US9895453B1 - Shiny ultrasound gel          - Google Patents",
                "from_url": "https:\/\/patents.google.com\/patent\/US9895453B1\/en",
                "service_icon": "https:\/\/patents.google.com\/favicon.ico",
                "service_name": "patents.google.com",
                "id": 1,
                "original_url": "https:\/\/patents.google.com\/patent\/US9895453B1\/en"
            }
        ],
        "thread_ts": "1561666579.001200",
        "reply_count": 1,
        "reply_users_count": 1,
        "latest_reply": "1561693104.003100",
        "reply_users": [
            "U8Z3VB1T2"
        ],
        "replies": [
            {
                "user": "U8Z3VB1T2",
                "ts": "1561693104.003100"
            }
        ],
        "subscribed": false
    },
    {
        "type": "message",
        "text": "I get to play with a $1700 FPGA board :D",
        "files": [
            {
                "id": "FKZ3Z631B",
                "created": 1561689729,
                "timestamp": 1561689729,
                "name": "Image from iOS.jpg",
                "title": "Image from iOS",
                "mimetype": "image\/jpeg",
                "filetype": "jpg",
                "pretty_type": "JPEG",
                "user": "U8Z3VB1T2",
                "editable": false,
                "size": 861980,
                "mode": "hosted",
                "is_external": false,
                "external_type": "",
                "is_public": true,
                "public_url_shared": false,
                "display_as_bot": false,
                "username": "",
                "url_private": "https:\/\/files.slack.com\/files-pri\/T5M5PLH8U-FKZ3Z631B\/image_from_ios.jpg?t=xoxe-191193697300-1381062880324-1368140560006-96abaf9fa31dffabf8d2ddd7876c6250",
                "url_private_download": "https:\/\/files.slack.com\/files-pri\/T5M5PLH8U-FKZ3Z631B\/download\/image_from_ios.jpg?t=xoxe-191193697300-1381062880324-1368140560006-96abaf9fa31dffabf8d2ddd7876c6250",
                "thumb_64": "https:\/\/files.slack.com\/files-tmb\/T5M5PLH8U-FKZ3Z631B-b1b2b9c2a6\/image_from_ios_64.jpg?t=xoxe-191193697300-1381062880324-1368140560006-96abaf9fa31dffabf8d2ddd7876c6250",
                "thumb_80": "https:\/\/files.slack.com\/files-tmb\/T5M5PLH8U-FKZ3Z631B-b1b2b9c2a6\/image_from_ios_80.jpg?t=xoxe-191193697300-1381062880324-1368140560006-96abaf9fa31dffabf8d2ddd7876c6250",
                "thumb_360": "https:\/\/files.slack.com\/files-tmb\/T5M5PLH8U-FKZ3Z631B-b1b2b9c2a6\/image_from_ios_360.jpg?t=xoxe-191193697300-1381062880324-1368140560006-96abaf9fa31dffabf8d2ddd7876c6250",
                "thumb_360_w": 360,
                "thumb_360_h": 270,
                "thumb_480": "https:\/\/files.slack.com\/files-tmb\/T5M5PLH8U-FKZ3Z631B-b1b2b9c2a6\/image_from_ios_480.jpg?t=xoxe-191193697300-1381062880324-1368140560006-96abaf9fa31dffabf8d2ddd7876c6250",
                "thumb_480_w": 480,
                "thumb_480_h": 360,
                "thumb_160": "https:\/\/files.slack.com\/files-tmb\/T5M5PLH8U-FKZ3Z631B-b1b2b9c2a6\/image_from_ios_160.jpg?t=xoxe-191193697300-1381062880324-1368140560006-96abaf9fa31dffabf8d2ddd7876c6250",
                "thumb_720": "https:\/\/files.slack.com\/files-tmb\/T5M5PLH8U-FKZ3Z631B-b1b2b9c2a6\/image_from_ios_720.jpg?t=xoxe-191193697300-1381062880324-1368140560006-96abaf9fa31dffabf8d2ddd7876c6250",
                "thumb_720_w": 720,
                "thumb_720_h": 540,
                "thumb_800": "https:\/\/files.slack.com\/files-tmb\/T5M5PLH8U-FKZ3Z631B-b1b2b9c2a6\/image_from_ios_800.jpg?t=xoxe-191193697300-1381062880324-1368140560006-96abaf9fa31dffabf8d2ddd7876c6250",
                "thumb_800_w": 800,
                "thumb_800_h": 600,
                "thumb_960": "https:\/\/files.slack.com\/files-tmb\/T5M5PLH8U-FKZ3Z631B-b1b2b9c2a6\/image_from_ios_960.jpg?t=xoxe-191193697300-1381062880324-1368140560006-96abaf9fa31dffabf8d2ddd7876c6250",
                "thumb_960_w": 960,
                "thumb_960_h": 720,
                "thumb_1024": "https:\/\/files.slack.com\/files-tmb\/T5M5PLH8U-FKZ3Z631B-b1b2b9c2a6\/image_from_ios_1024.jpg?t=xoxe-191193697300-1381062880324-1368140560006-96abaf9fa31dffabf8d2ddd7876c6250",
                "thumb_1024_w": 1024,
                "thumb_1024_h": 768,
                "image_exif_rotation": 1,
                "original_w": 4032,
                "original_h": 3024,
                "permalink": "https:\/\/usdevkit.slack.com\/files\/U8Z3VB1T2\/FKZ3Z631B\/image_from_ios.jpg",
                "permalink_public": "https:\/\/slack-files.com\/T5M5PLH8U-FKZ3Z631B-0c0a369a51",
                "is_starred": false,
                "has_rich_preview": false
            }
        ],
        "upload": true,
        "user": "U8Z3VB1T2",
        "display_as_bot": false,
        "ts": "1561689729.002300",
        "client_msg_id": "113EC7EA-9DA6-4E00-9627-F91178E8CAD7",
        "reactions": [
            {
                "name": "heart_eyes",
                "users": [
                    "U5M5PLH9S"
                ],
                "count": 1
            }
        ]
    },
    {
        "type": "message",
        "subtype": "thread_broadcast",
        "text": "Not all inventions have to be complicated I guess :sweat_smile:",
        "user": "U8Z3VB1T2",
        "ts": "1561693104.003100",
        "thread_ts": "1561666579.001200",
        "root": {
            "client_msg_id": "7e6ffdf1-5eea-425c-a823-6b029cff54c0",
            "type": "message",
            "text": "<https:\/\/patents.google.com\/patent\/US9895453B1\/en>",
            "user": "UHP9P5JTE",
            "ts": "1561666579.001200",
            "team": "T5M5PLH8U",
            "attachments": [
                {
                    "title": "US9895453B1 - Shiny ultrasound gel          - Google Patents",
                    "title_link": "https:\/\/patents.google.com\/patent\/US9895453B1\/en",
                    "text": "An improved ultrasound gel adapted to have a shiny effect by adding glitter to an ultrasound gel, using a silver, reflective label and using a silver, reflective dispenser closure. This improved ultrasound gel is adapted to a pink lavendula lavender color by using the preservatives as coloring agents. Lavender essential oil is used as a perfume and preservative. The reflective glitter, reflective label, and reflective dispenser closure allow the ultrasonographer to better see the ultrasound gel and bottle in a darkened ultrasound room. The ultrasound gel is improved to have an aesthetic effect for the patient and healthcare provider by providing the combination of both a pink lavendula lavender color and a lavender scent.",
                    "fallback": "US9895453B1 - Shiny ultrasound gel          - Google Patents",
                    "from_url": "https:\/\/patents.google.com\/patent\/US9895453B1\/en",
                    "service_icon": "https:\/\/patents.google.com\/favicon.ico",
                    "service_name": "patents.google.com",
                    "id": 1,
                    "original_url": "https:\/\/patents.google.com\/patent\/US9895453B1\/en"
                }
            ],
            "thread_ts": "1561666579.001200",
            "reply_count": 1,
            "reply_users_count": 1,
            "latest_reply": "1561693104.003100",
            "reply_users": [
                "U8Z3VB1T2"
            ],
            "subscribed": false
        },
        "client_msg_id": "2772440D-27F2-46C4-97E0-F335C3EF96A6"
    }
]