[
    {
        "client_msg_id": "d2a927e2-d426-459b-9f50-328e364ba8a4",
        "type": "message",
        "text": "These guys seemed to have raised $350M to do a single element MEMS transducer(not open source): <https:\/\/www.butterflynetwork.com\/>",
        "user": "UGJ8GJGNR",
        "ts": "1551659563.000500",
        "team": "T5M5PLH8U",
        "user_team": "T5M5PLH8U",
        "source_team": "T5M5PLH8U",
        "user_profile": {
            "avatar_hash": "ga7943669895",
            "image_72": "https:\/\/secure.gravatar.com\/avatar\/4a7943669895590493fa45985c7c746a.jpg?s=72&d=https%3A%2F%2Fa.slack-edge.com%2Fdf10d%2Fimg%2Favatars%2Fava_0024-72.png",
            "first_name": "",
            "real_name": "Jean Rintoul",
            "display_name": "jeantoul",
            "team": "T5M5PLH8U",
            "name": "jean.rintoul",
            "is_restricted": false,
            "is_ultra_restricted": false
        },
        "attachments": [
            {
                "title": "Butterfly iQ - Personal ultrasound - Butterfly Network",
                "title_link": "https:\/\/www.butterflynetwork.com\/",
                "text": "Medical imaging should be accessible to everyone on the planet. Now, a pocket-sized ultrasound provides a complete window into the human body. Join our mission.",
                "fallback": "Butterfly iQ - Personal ultrasound - Butterfly Network",
                "thumb_url": "https:\/\/uploads-ssl.webflow.com\/5a0cbe08f1138d000147a9d4\/5b64b0a00a480a5a673df285_IndexOG.jpg",
                "from_url": "https:\/\/www.butterflynetwork.com\/",
                "thumb_width": 1200,
                "thumb_height": 630,
                "service_name": "butterflynetwork.com",
                "id": 1,
                "original_url": "https:\/\/www.butterflynetwork.com\/"
            }
        ]
    },
    {
        "client_msg_id": "31ad27a2-c97b-4f1a-b43a-cee98a0ab01f",
        "type": "message",
        "text": "Oh yeah, this company is doing some incredible work, they already have a fully embedded imager on the market",
        "user": "UF0SXEJ0M",
        "ts": "1551676347.001400",
        "team": "T5M5PLH8U",
        "user_team": "T5M5PLH8U",
        "source_team": "T5M5PLH8U",
        "user_profile": {
            "avatar_hash": "caf9f1375af3",
            "image_72": "https:\/\/avatars.slack-edge.com\/2019-02-12\/549018718117_caf9f1375af3bfa9e7a6_72.jpg",
            "first_name": "Sterling",
            "real_name": "Sterling Cooley",
            "display_name": "Sterling",
            "team": "T5M5PLH8U",
            "name": "percyacct2020",
            "is_restricted": false,
            "is_ultra_restricted": false
        }
    },
    {
        "client_msg_id": "067BEEA8-A7DD-4550-9FEC-AA0A86281252",
        "type": "message",
        "text": "Anyone know what type of transducer it is? I’m guessing CMUT? ",
        "user": "U8Z3VB1T2",
        "ts": "1551679809.001900",
        "team": "T5M5PLH8U",
        "user_team": "T5M5PLH8U",
        "source_team": "T5M5PLH8U",
        "user_profile": {
            "avatar_hash": "g49ad52d7df8",
            "image_72": "https:\/\/secure.gravatar.com\/avatar\/449ad52d7df89ecbe8ebe0fd87d3f63f.jpg?s=72&d=https%3A%2F%2Fa.slack-edge.com%2Fdf10d%2Fimg%2Favatars%2Fava_0026-72.png",
            "first_name": "",
            "real_name": "William Meng",
            "display_name": "",
            "team": "T5M5PLH8U",
            "name": "wlmeng11",
            "is_restricted": false,
            "is_ultra_restricted": false
        }
    },
    {
        "client_msg_id": "736d49e5-4c94-4d59-bb67-3feae4605b50",
        "type": "message",
        "text": "Yup",
        "user": "U5M5PLH9S",
        "ts": "1551681424.002100",
        "team": "T5M5PLH8U",
        "user_team": "T5M5PLH8U",
        "source_team": "T5M5PLH8U",
        "user_profile": {
            "avatar_hash": "e4fb6ae9f526",
            "image_72": "https:\/\/avatars.slack-edge.com\/2017-06-01\/191144530514_e4fb6ae9f526531fd41c_72.jpg",
            "first_name": "",
            "real_name": "kelu",
            "display_name": "",
            "team": "T5M5PLH8U",
            "name": "kelu",
            "is_restricted": false,
            "is_ultra_restricted": false
        }
    }
]