[
    {
        "client_msg_id": "99af4e67-9301-4a57-b141-8453a9b99886",
        "type": "message",
        "text": "Uses of AI to improve signals ? <https:\/\/ai.googleblog.com\/2020\/04\/improving-audio-quality-in-duo-with.html> :wink:",
        "user": "U5M5PLH9S",
        "ts": "1585770773.001500",
        "team": "T5M5PLH8U",
        "user_team": "T5M5PLH8U",
        "source_team": "T5M5PLH8U",
        "user_profile": {
            "avatar_hash": "e4fb6ae9f526",
            "image_72": "https:\/\/avatars.slack-edge.com\/2017-06-01\/191144530514_e4fb6ae9f526531fd41c_72.jpg",
            "first_name": "",
            "real_name": "kelu",
            "display_name": "",
            "team": "T5M5PLH8U",
            "name": "kelu",
            "is_restricted": false,
            "is_ultra_restricted": false
        },
        "attachments": [
            {
                "service_name": "Google AI Blog",
                "title": "Improving Audio Quality in Duo with WaveNetEQ",
                "title_link": "https:\/\/ai.googleblog.com\/2020\/04\/improving-audio-quality-in-duo-with.html",
                "text": "Posted by Pablo Barrera, Software Engineer, Google Research and Florian Stimberg, Research Engineer, DeepMind Online calls have become a...",
                "fallback": "Google AI Blog: Improving Audio Quality in Duo with WaveNetEQ",
                "thumb_url": "http:\/\/2.bp.blogspot.com\/-qRz-hnwUdY4\/WulXSQ6Rv4I\/AAAAAAAATvQ\/shk7KsphA0c3E3nUMsDVASqYaH0PhLPNwCK4BGAYYCw\/s1600\/GoogleAI_logo_horizontal_color_rgb.png",
                "from_url": "https:\/\/ai.googleblog.com\/2020\/04\/improving-audio-quality-in-duo-with.html",
                "thumb_width": 1200,
                "thumb_height": 1200,
                "service_icon": "https:\/\/ai.googleblog.com\/favicon.ico",
                "id": 1,
                "original_url": "https:\/\/ai.googleblog.com\/2020\/04\/improving-audio-quality-in-duo-with.html"
            }
        ],
        "blocks": [
            {
                "type": "rich_text",
                "block_id": "OVWFX",
                "elements": [
                    {
                        "type": "rich_text_section",
                        "elements": [
                            {
                                "type": "text",
                                "text": "Uses of AI to improve signals ? "
                            },
                            {
                                "type": "link",
                                "url": "https:\/\/ai.googleblog.com\/2020\/04\/improving-audio-quality-in-duo-with.html"
                            },
                            {
                                "type": "text",
                                "text": " "
                            },
                            {
                                "type": "emoji",
                                "name": "wink"
                            }
                        ]
                    }
                ]
            }
        ]
    }
]