[
    {
        "type": "message",
        "text": "Love it when chinese suppliers send their test brochures..",
        "files": [
            {
                "id": "F010BJ0CLV7",
                "created": 1585038925,
                "timestamp": 1585038925,
                "name": "COVID-19 brochure.pdf",
                "title": "COVID-19 brochure.pdf",
                "mimetype": "application\/pdf",
                "filetype": "pdf",
                "pretty_type": "PDF",
                "user": "U5M5PLH9S",
                "editable": false,
                "size": 183892,
                "mode": "hosted",
                "is_external": false,
                "external_type": "",
                "is_public": true,
                "public_url_shared": false,
                "display_as_bot": false,
                "username": "",
                "url_private": "https:\/\/files.slack.com\/files-pri\/T5M5PLH8U-F010BJ0CLV7\/covid-19_brochure.pdf?t=xoxe-191193697300-1381062880324-1368140560006-96abaf9fa31dffabf8d2ddd7876c6250",
                "url_private_download": "https:\/\/files.slack.com\/files-pri\/T5M5PLH8U-F010BJ0CLV7\/download\/covid-19_brochure.pdf?t=xoxe-191193697300-1381062880324-1368140560006-96abaf9fa31dffabf8d2ddd7876c6250",
                "thumb_pdf": "https:\/\/files.slack.com\/files-tmb\/T5M5PLH8U-F010BJ0CLV7-b471adc902\/covid-19_brochure_thumb_pdf.png?t=xoxe-191193697300-1381062880324-1368140560006-96abaf9fa31dffabf8d2ddd7876c6250",
                "thumb_pdf_w": 909,
                "thumb_pdf_h": 1286,
                "permalink": "https:\/\/usdevkit.slack.com\/files\/U5M5PLH9S\/F010BJ0CLV7\/covid-19_brochure.pdf",
                "permalink_public": "https:\/\/slack-files.com\/T5M5PLH8U-F010BJ0CLV7-63759f6609",
                "is_starred": false,
                "has_rich_preview": false
            }
        ],
        "upload": true,
        "blocks": [
            {
                "type": "rich_text",
                "block_id": "=OnE",
                "elements": [
                    {
                        "type": "rich_text_section",
                        "elements": [
                            {
                                "type": "text",
                                "text": "Love it when chinese suppliers send their test brochures.."
                            }
                        ]
                    }
                ]
            }
        ],
        "user": "U5M5PLH9S",
        "display_as_bot": false,
        "ts": "1585038927.000100",
        "client_msg_id": "99061381-4de6-4a73-ac3e-1e749b2551fa"
    }
]