[
    {
        "client_msg_id": "326f377c-88d0-46ca-9ee3-e2d074a23089",
        "type": "message",
        "text": "found my prefered energy source : <https:\/\/citylabs.net\/products\/>",
        "user": "U5M5PLH9S",
        "ts": "1580935788.000300",
        "team": "T5M5PLH8U",
        "user_team": "T5M5PLH8U",
        "source_team": "T5M5PLH8U",
        "user_profile": {
            "avatar_hash": "e4fb6ae9f526",
            "image_72": "https:\/\/avatars.slack-edge.com\/2017-06-01\/191144530514_e4fb6ae9f526531fd41c_72.jpg",
            "first_name": "",
            "real_name": "kelu",
            "display_name": "",
            "team": "T5M5PLH8U",
            "name": "kelu",
            "is_restricted": false,
            "is_ultra_restricted": false
        },
        "blocks": [
            {
                "type": "rich_text",
                "block_id": "Sa\/l",
                "elements": [
                    {
                        "type": "rich_text_section",
                        "elements": [
                            {
                                "type": "text",
                                "text": "found my prefered energy source : "
                            },
                            {
                                "type": "link",
                                "url": "https:\/\/citylabs.net\/products\/"
                            }
                        ]
                    }
                ]
            }
        ],
        "reactions": [
            {
                "name": "raised_hands",
                "users": [
                    "U8Z3VB1T2"
                ],
                "count": 1
            },
            {
                "name": "+1",
                "users": [
                    "U6E49CNV6"
                ],
                "count": 1
            }
        ]
    },
    {
        "client_msg_id": "c47bdbe2-adc8-4c92-9d3b-742723738793",
        "type": "message",
        "text": "Oooh nice! Perhaps you could use a few of these to power a micro-satellite for deep space",
        "user": "U8Z3VB1T2",
        "ts": "1580937329.001000",
        "team": "T5M5PLH8U",
        "user_team": "T5M5PLH8U",
        "source_team": "T5M5PLH8U",
        "user_profile": {
            "avatar_hash": "g49ad52d7df8",
            "image_72": "https:\/\/secure.gravatar.com\/avatar\/449ad52d7df89ecbe8ebe0fd87d3f63f.jpg?s=72&d=https%3A%2F%2Fa.slack-edge.com%2Fdf10d%2Fimg%2Favatars%2Fava_0026-72.png",
            "first_name": "",
            "real_name": "William Meng",
            "display_name": "",
            "team": "T5M5PLH8U",
            "name": "wlmeng11",
            "is_restricted": false,
            "is_ultra_restricted": false
        },
        "blocks": [
            {
                "type": "rich_text",
                "block_id": "L0Bo0",
                "elements": [
                    {
                        "type": "rich_text_section",
                        "elements": [
                            {
                                "type": "text",
                                "text": "Oooh nice! Perhaps you could use a few of these to power a micro-satellite for deep space"
                            }
                        ]
                    }
                ]
            }
        ]
    }
]